ClassLoader.loadClass;Harness;java.lang.Class.forName0;;jdk.internal.loader.ClassLoaders$AppClassLoader;jdk.internal.loader.ClassLoaders$AppClassLoader
ClassLoader.loadClass;com.sun.org.apache.xerces.internal.jaxp.SAXParserFactoryImpl;java.lang.Class.forName0;;org.dacapo.harness.DacapoClassLoader;BootstrapClassLoader
ClassLoader.loadClass;com.sun.org.apache.xerces.internal.jaxp.datatype.DatatypeFactoryImpl;java.lang.Class.forName0;;java.net.FactoryURLClassLoader;BootstrapClassLoader
ClassLoader.loadClass;java.awt.AlphaComposite;org.apache.batik.bridge.CSSUtilities.<clinit>;587;org.dacapo.harness.DacapoClassLoader;BootstrapClassLoader
ClassLoader.loadClass;java.awt.BasicStroke;org.apache.batik.bridge.PaintServer.convertStroke;649;org.dacapo.harness.DacapoClassLoader;BootstrapClassLoader
ClassLoader.loadClass;java.awt.Color;org.apache.batik.bridge.SVGFilterElementBridge.<clinit>;53;org.dacapo.harness.DacapoClassLoader;BootstrapClassLoader
ClassLoader.loadClass;java.awt.Composite;org.apache.batik.apps.rasterizer.DestinationType.getTranscoder;89;org.dacapo.harness.DacapoClassLoader;BootstrapClassLoader
ClassLoader.loadClass;java.awt.CompositeContext;org.apache.batik.gvt.filter.GraphicsNodeRable8Bit.paintRable;205;org.dacapo.harness.DacapoClassLoader;BootstrapClassLoader
ClassLoader.loadClass;java.awt.Cursor;org.apache.batik.bridge.CursorManager.<clinit>;78;org.dacapo.harness.DacapoClassLoader;BootstrapClassLoader
ClassLoader.loadClass;java.awt.Dimension;org.apache.batik.transcoder.SVGAbstractTranscoder.createUserAgent;139;org.dacapo.harness.DacapoClassLoader;BootstrapClassLoader
ClassLoader.loadClass;java.awt.Graphics2D;org.apache.batik.ext.awt.image.GraphicsUtil.createGraphics;474;org.dacapo.harness.DacapoClassLoader;BootstrapClassLoader
ClassLoader.loadClass;java.awt.Image;org.apache.batik.bridge.BridgeContext.<init>;1162;org.dacapo.harness.DacapoClassLoader;BootstrapClassLoader
ClassLoader.loadClass;java.awt.Paint;org.apache.batik.bridge.SVGBridgeExtension.registerTags;104;org.dacapo.harness.DacapoClassLoader;BootstrapClassLoader
ClassLoader.loadClass;java.awt.PaintContext;org.apache.batik.bridge.SVGLinearGradientElementBridge.buildGradient;159;org.dacapo.harness.DacapoClassLoader;BootstrapClassLoader
ClassLoader.loadClass;java.awt.Point;org.apache.batik.bridge.CursorManager.<clinit>;145;org.dacapo.harness.DacapoClassLoader;BootstrapClassLoader
ClassLoader.loadClass;java.awt.Rectangle;org.apache.batik.bridge.BridgeContext.<init>;1162;org.dacapo.harness.DacapoClassLoader;BootstrapClassLoader
ClassLoader.loadClass;java.awt.RenderingHints$Key;org.apache.batik.ext.awt.image.GraphicsUtil.createGraphics;475;org.dacapo.harness.DacapoClassLoader;BootstrapClassLoader
ClassLoader.loadClass;java.awt.RenderingHints;org.apache.batik.bridge.CSSUtilities.convertColorRendering;522;org.dacapo.harness.DacapoClassLoader;BootstrapClassLoader
ClassLoader.loadClass;java.awt.Shape;org.apache.batik.apps.rasterizer.DestinationType.getTranscoder;89;org.dacapo.harness.DacapoClassLoader;BootstrapClassLoader
ClassLoader.loadClass;java.awt.Stroke;org.apache.batik.bridge.SVGShapeElementBridge.createShapePainter;117;org.dacapo.harness.DacapoClassLoader;BootstrapClassLoader
ClassLoader.loadClass;java.awt.Toolkit;org.apache.batik.bridge.CursorManager.<clinit>;102;org.dacapo.harness.DacapoClassLoader;BootstrapClassLoader
ClassLoader.loadClass;java.awt.color.ColorSpace;org.apache.batik.bridge.SVGShapeElementBridge.createShapePainter;117;org.dacapo.harness.DacapoClassLoader;BootstrapClassLoader
ClassLoader.loadClass;java.awt.font.TextAttribute;org.apache.batik.gvt.text.GVTAttributedCharacterIterator$TextAttribute.<clinit>;375;org.dacapo.harness.DacapoClassLoader;BootstrapClassLoader
ClassLoader.loadClass;java.awt.geom.AffineTransform;org.apache.batik.bridge.ViewBox.getPreserveAspectRatioTransform;334;org.dacapo.harness.DacapoClassLoader;BootstrapClassLoader
ClassLoader.loadClass;java.awt.geom.Arc2D$Double;org.apache.batik.parser.AWTPathProducer.startPath;116;org.dacapo.harness.DacapoClassLoader;BootstrapClassLoader
ClassLoader.loadClass;java.awt.geom.Arc2D;org.apache.batik.parser.AWTPathProducer.startPath;116;org.dacapo.harness.DacapoClassLoader;BootstrapClassLoader
ClassLoader.loadClass;java.awt.geom.Dimension2D;org.apache.batik.transcoder.SVGAbstractTranscoder.createUserAgent;139;org.dacapo.harness.DacapoClassLoader;BootstrapClassLoader
ClassLoader.loadClass;java.awt.geom.GeneralPath;org.apache.batik.bridge.SVGPathElementBridge.<clinit>;52;org.dacapo.harness.DacapoClassLoader;BootstrapClassLoader
ClassLoader.loadClass;java.awt.geom.NoninvertibleTransformException;org.apache.batik.bridge.SVGBridgeExtension.registerTags;134;org.dacapo.harness.DacapoClassLoader;BootstrapClassLoader
ClassLoader.loadClass;java.awt.geom.PathIterator;org.apache.batik.ext.awt.geom.ExtendedGeneralPath.getPathIterator;575;org.dacapo.harness.DacapoClassLoader;BootstrapClassLoader
ClassLoader.loadClass;java.awt.geom.Point2D$Double;org.apache.batik.parser.AWTPathProducer.startPath;116;org.dacapo.harness.DacapoClassLoader;BootstrapClassLoader
ClassLoader.loadClass;java.awt.geom.Point2D$Float;org.apache.batik.bridge.BridgeContext.<init>;1162;org.dacapo.harness.DacapoClassLoader;BootstrapClassLoader
ClassLoader.loadClass;java.awt.geom.Point2D;org.apache.batik.bridge.BridgeContext.<init>;1162;org.dacapo.harness.DacapoClassLoader;BootstrapClassLoader
ClassLoader.loadClass;java.awt.geom.Rectangle2D$Double;org.apache.batik.bridge.SVGDocumentBridge.createGraphicsNode;104;org.dacapo.harness.DacapoClassLoader;BootstrapClassLoader
ClassLoader.loadClass;java.awt.geom.Rectangle2D$Float;org.apache.batik.apps.rasterizer.Main.<clinit>;637;org.dacapo.harness.DacapoClassLoader;BootstrapClassLoader
ClassLoader.loadClass;java.awt.geom.Rectangle2D;org.apache.batik.apps.rasterizer.Main.<clinit>;637;org.dacapo.harness.DacapoClassLoader;BootstrapClassLoader
ClassLoader.loadClass;java.awt.geom.RoundRectangle2D$Float;org.apache.batik.bridge.SVGRectElementBridge.buildShape;115;org.dacapo.harness.DacapoClassLoader;BootstrapClassLoader
ClassLoader.loadClass;java.awt.image.BufferedImage;org.apache.batik.bridge.BridgeContext.<init>;1162;org.dacapo.harness.DacapoClassLoader;BootstrapClassLoader
ClassLoader.loadClass;java.awt.image.ColorModel;org.apache.batik.gvt.filter.GraphicsNodeRable8Bit.createRendering;306;org.dacapo.harness.DacapoClassLoader;BootstrapClassLoader
ClassLoader.loadClass;java.awt.image.ComponentColorModel;org.apache.batik.gvt.filter.GraphicsNodeRable8Bit.createRendering;306;org.dacapo.harness.DacapoClassLoader;BootstrapClassLoader
ClassLoader.loadClass;java.awt.image.DataBuffer;org.apache.batik.gvt.filter.GraphicsNodeRed8Bit.<init>;94;org.dacapo.harness.DacapoClassLoader;BootstrapClassLoader
ClassLoader.loadClass;java.awt.image.DataBufferInt;org.apache.batik.gvt.filter.GraphicsNodeRed8Bit.<init>;94;org.dacapo.harness.DacapoClassLoader;BootstrapClassLoader
ClassLoader.loadClass;java.awt.image.DirectColorModel;org.apache.batik.gvt.filter.GraphicsNodeRed8Bit.createColorModel;153;org.dacapo.harness.DacapoClassLoader;BootstrapClassLoader
ClassLoader.loadClass;java.awt.image.IndexColorModel;org.apache.batik.ext.awt.image.codec.png.PNGEncodeParam.getDefaultEncodeParam;91;org.dacapo.harness.DacapoClassLoader;BootstrapClassLoader
ClassLoader.loadClass;java.awt.image.Raster;org.apache.batik.gvt.filter.GraphicsNodeRable8Bit.createRendering;306;org.dacapo.harness.DacapoClassLoader;BootstrapClassLoader
ClassLoader.loadClass;java.awt.image.RenderedImage;org.apache.batik.apps.rasterizer.DestinationType.getTranscoder;89;org.dacapo.harness.DacapoClassLoader;BootstrapClassLoader
ClassLoader.loadClass;java.awt.image.SampleModel;org.apache.batik.ext.awt.image.rendered.AbstractRed.updateTileGridInfo;347;org.dacapo.harness.DacapoClassLoader;BootstrapClassLoader
ClassLoader.loadClass;java.awt.image.SinglePixelPackedSampleModel;org.apache.batik.ext.awt.image.GraphicsUtil.is_INT_PACK_Data;1361;org.dacapo.harness.DacapoClassLoader;BootstrapClassLoader
ClassLoader.loadClass;java.awt.image.WritableRaster;org.apache.batik.gvt.filter.GraphicsNodeRable8Bit.createRendering;306;org.dacapo.harness.DacapoClassLoader;BootstrapClassLoader
ClassLoader.loadClass;java.awt.image.renderable.RenderContext;org.apache.batik.gvt.renderer.StaticRenderer.renderGNR;477;org.dacapo.harness.DacapoClassLoader;BootstrapClassLoader
ClassLoader.loadClass;java.awt.image.renderable.RenderableImage;java.lang.ClassLoader.defineClass1;;org.dacapo.harness.DacapoClassLoader;BootstrapClassLoader
ClassLoader.loadClass;java.io.BufferedInputStream;org.apache.batik.util.ParsedURLDefaultProtocolHandler.constructParsedURLData;67;org.dacapo.harness.DacapoClassLoader;BootstrapClassLoader
ClassLoader.loadClass;java.io.BufferedInputStream;org.dacapo.harness.TestHarness.main;108;jdk.internal.loader.ClassLoaders$AppClassLoader;BootstrapClassLoader
ClassLoader.loadClass;java.io.BufferedOutputStream;jdk.nio.zipfs.ZipFileSystemProvider.getZipFileSystem;125;jdk.internal.loader.ClassLoaders$PlatformClassLoader;BootstrapClassLoader
ClassLoader.loadClass;java.io.BufferedReader;org.apache.batik.util.Service.providers;102;org.dacapo.harness.DacapoClassLoader;BootstrapClassLoader
ClassLoader.loadClass;java.io.BufferedReader;org.dacapo.harness.Benchmark.getDeps;358;jdk.internal.loader.ClassLoaders$AppClassLoader;BootstrapClassLoader
ClassLoader.loadClass;java.io.BufferedWriter;org.dacapo.harness.TestHarness.main;108;jdk.internal.loader.ClassLoaders$AppClassLoader;BootstrapClassLoader
ClassLoader.loadClass;java.io.ByteArrayInputStream;jdk.nio.zipfs.ZipFileSystemProvider.getZipFileSystem;125;jdk.internal.loader.ClassLoaders$PlatformClassLoader;BootstrapClassLoader
ClassLoader.loadClass;java.io.ByteArrayInputStream;org.apache.batik.anim.dom.SVGDOMImplementation.createElementNS;197;org.dacapo.harness.DacapoClassLoader;BootstrapClassLoader
ClassLoader.loadClass;java.io.ByteArrayOutputStream;org.apache.batik.ext.awt.image.codec.png.PNGImageEncoder.writeIHDR;318;org.dacapo.harness.DacapoClassLoader;BootstrapClassLoader
ClassLoader.loadClass;java.io.DataOutput;java.lang.ClassLoader.defineClass1;;org.dacapo.harness.DacapoClassLoader;BootstrapClassLoader
ClassLoader.loadClass;java.io.DataOutputStream;org.apache.batik.ext.awt.image.codec.png.PNGTranscoderInternalCodecWriteAdapter.writeImage;88;org.dacapo.harness.DacapoClassLoader;BootstrapClassLoader
ClassLoader.loadClass;java.io.File;java.lang.Class.getDeclaredMethods0;;org.dacapo.harness.DacapoClassLoader;BootstrapClassLoader
ClassLoader.loadClass;java.io.FileFilter;java.lang.Class.forName0;;org.dacapo.harness.DacapoClassLoader;BootstrapClassLoader
ClassLoader.loadClass;java.io.FileInputStream;java.lang.Class.getDeclaredMethods0;;jdk.internal.loader.ClassLoaders$AppClassLoader;BootstrapClassLoader
ClassLoader.loadClass;java.io.FileInputStream;org.apache.batik.apps.rasterizer.SVGConverter.computeSources;793;org.dacapo.harness.DacapoClassLoader;BootstrapClassLoader
ClassLoader.loadClass;java.io.FileNotFoundException;java.lang.Class.getDeclaredMethods0;;jdk.internal.loader.ClassLoaders$AppClassLoader;BootstrapClassLoader
ClassLoader.loadClass;java.io.FileNotFoundException;org.apache.batik.apps.rasterizer.Main.execute;894;org.dacapo.harness.DacapoClassLoader;BootstrapClassLoader
ClassLoader.loadClass;java.io.FileOutputStream;org.apache.batik.apps.rasterizer.Main.execute;894;org.dacapo.harness.DacapoClassLoader;BootstrapClassLoader
ClassLoader.loadClass;java.io.FileOutputStream;org.dacapo.harness.TestHarness.main;108;jdk.internal.loader.ClassLoaders$AppClassLoader;BootstrapClassLoader
ClassLoader.loadClass;java.io.FileReader;org.dacapo.harness.TestHarness.main;105;jdk.internal.loader.ClassLoaders$AppClassLoader;BootstrapClassLoader
ClassLoader.loadClass;java.io.FileWriter;org.dacapo.harness.TestHarness.main;105;jdk.internal.loader.ClassLoaders$AppClassLoader;BootstrapClassLoader
ClassLoader.loadClass;java.io.FilterOutputStream;java.lang.ClassLoader.defineClass1;;jdk.internal.loader.ClassLoaders$AppClassLoader;BootstrapClassLoader
ClassLoader.loadClass;java.io.FilterOutputStream;java.lang.ClassLoader.defineClass1;;org.dacapo.harness.DacapoClassLoader;BootstrapClassLoader
ClassLoader.loadClass;java.io.FilterOutputStream;java.lang.ClassLoader.defineClass2;;jdk.internal.loader.ClassLoaders$PlatformClassLoader;BootstrapClassLoader
ClassLoader.loadClass;java.io.IOException;java.lang.Class.getDeclaredMethods0;;jdk.internal.loader.ClassLoaders$PlatformClassLoader;BootstrapClassLoader
ClassLoader.loadClass;java.io.IOException;org.apache.batik.apps.rasterizer.Main.execute;894;org.dacapo.harness.DacapoClassLoader;BootstrapClassLoader
ClassLoader.loadClass;java.io.InputStream;java.lang.Class.getDeclaredMethods0;;jdk.internal.loader.ClassLoaders$AppClassLoader;BootstrapClassLoader
ClassLoader.loadClass;java.io.InputStream;java.lang.Class.getDeclaredMethods0;;jdk.internal.loader.ClassLoaders$PlatformClassLoader;BootstrapClassLoader
ClassLoader.loadClass;java.io.InputStream;org.apache.batik.apps.rasterizer.SVGConverter.computeSources;793;org.dacapo.harness.DacapoClassLoader;BootstrapClassLoader
ClassLoader.loadClass;java.io.InputStreamReader;org.apache.batik.dom.ExtensibleDOMImplementation.getDomExtensions;266;org.dacapo.harness.DacapoClassLoader;BootstrapClassLoader
ClassLoader.loadClass;java.io.InputStreamReader;org.dacapo.harness.TestHarness.main;101;jdk.internal.loader.ClassLoaders$AppClassLoader;BootstrapClassLoader
ClassLoader.loadClass;java.io.InterruptedIOException;org.apache.batik.transcoder.SVGAbstractTranscoder.createDocumentFactory;152;org.dacapo.harness.DacapoClassLoader;BootstrapClassLoader
ClassLoader.loadClass;java.io.OutputStream;java.lang.Class.getDeclaredMethods0;;jdk.internal.loader.ClassLoaders$PlatformClassLoader;BootstrapClassLoader
ClassLoader.loadClass;java.io.OutputStream;org.apache.batik.apps.rasterizer.Main.execute;894;org.dacapo.harness.DacapoClassLoader;BootstrapClassLoader
ClassLoader.loadClass;java.io.OutputStream;org.dacapo.harness.TestHarness.main;108;jdk.internal.loader.ClassLoaders$AppClassLoader;BootstrapClassLoader
ClassLoader.loadClass;java.io.PrintStream;org.apache.batik.apps.rasterizer.Main.proceedWithComputedTask;1032;org.dacapo.harness.DacapoClassLoader;BootstrapClassLoader
ClassLoader.loadClass;java.io.PrintStream;org.dacapo.harness.TestHarness.main;108;jdk.internal.loader.ClassLoaders$AppClassLoader;BootstrapClassLoader
ClassLoader.loadClass;java.io.PushbackInputStream;org.apache.batik.anim.dom.SVGDOMImplementation.createElementNS;197;org.dacapo.harness.DacapoClassLoader;BootstrapClassLoader
ClassLoader.loadClass;java.io.Reader;org.apache.batik.dom.ExtensibleDOMImplementation.getDomExtensions;266;org.dacapo.harness.DacapoClassLoader;BootstrapClassLoader
ClassLoader.loadClass;java.io.Reader;org.dacapo.harness.TestHarness.main;101;jdk.internal.loader.ClassLoaders$AppClassLoader;BootstrapClassLoader
ClassLoader.loadClass;java.io.Serializable;java.lang.ClassLoader.defineClass1;;jdk.internal.loader.ClassLoaders$AppClassLoader;BootstrapClassLoader
ClassLoader.loadClass;java.io.Serializable;java.lang.ClassLoader.defineClass1;;org.dacapo.harness.DacapoClassLoader;BootstrapClassLoader
ClassLoader.loadClass;java.io.StreamCorruptedException;org.apache.batik.bridge.SVGImageElementBridge.<clinit>;1040;org.dacapo.harness.DacapoClassLoader;BootstrapClassLoader
ClassLoader.loadClass;java.io.StringReader;org.apache.batik.transcoder.SVGAbstractTranscoder.createDocumentFactory;152;org.dacapo.harness.DacapoClassLoader;BootstrapClassLoader
ClassLoader.loadClass;java.io.StringWriter;org.apache.batik.anim.dom.SVGDOMImplementation.createElementNS;197;org.dacapo.harness.DacapoClassLoader;BootstrapClassLoader
ClassLoader.loadClass;java.io.UnsupportedEncodingException;org.dacapo.parser.Config.parse;213;jdk.internal.loader.ClassLoaders$AppClassLoader;BootstrapClassLoader
ClassLoader.loadClass;java.io.Writer;org.apache.batik.anim.dom.SVGDOMImplementation.createElementNS;197;org.dacapo.harness.DacapoClassLoader;BootstrapClassLoader
ClassLoader.loadClass;java.io.Writer;org.dacapo.harness.TestHarness.main;105;jdk.internal.loader.ClassLoaders$AppClassLoader;BootstrapClassLoader
ClassLoader.loadClass;java.lang.Appendable;jdk.nio.zipfs.ZipFileSystem.getFileAttributes;550;jdk.internal.loader.ClassLoaders$PlatformClassLoader;BootstrapClassLoader
ClassLoader.loadClass;java.lang.AssertionError;jdk.nio.zipfs.ZipFileSystem.<init>;1646;jdk.internal.loader.ClassLoaders$PlatformClassLoader;BootstrapClassLoader
ClassLoader.loadClass;java.lang.AssertionError;org.dacapo.harness.TestHarness.main;101;jdk.internal.loader.ClassLoaders$AppClassLoader;BootstrapClassLoader
ClassLoader.loadClass;java.lang.Boolean;jdk.nio.zipfs.ZipFileSystem.lambda$static$0;87;jdk.internal.loader.ClassLoaders$PlatformClassLoader;BootstrapClassLoader
ClassLoader.loadClass;java.lang.Boolean;org.apache.batik.transcoder.XMLAbstractTranscoder.<init>;59;org.dacapo.harness.DacapoClassLoader;BootstrapClassLoader
ClassLoader.loadClass;java.lang.Boolean;org.dacapo.harness.Benchmark.getDeps;386;jdk.internal.loader.ClassLoaders$AppClassLoader;BootstrapClassLoader
ClassLoader.loadClass;java.lang.Byte;jdk.nio.zipfs.ZipConstants.SH;184;jdk.internal.loader.ClassLoaders$PlatformClassLoader;BootstrapClassLoader
ClassLoader.loadClass;java.lang.CharSequence;java.lang.Class.getDeclaredMethods0;;jdk.internal.loader.ClassLoaders$AppClassLoader;BootstrapClassLoader
ClassLoader.loadClass;java.lang.CharSequence;jdk.nio.zipfs.ZipFileSystemProvider.getZipFileSystem;125;jdk.internal.loader.ClassLoaders$PlatformClassLoader;BootstrapClassLoader
ClassLoader.loadClass;java.lang.CharSequence;org.apache.batik.anim.dom.SAXSVGDocumentFactory.createDocument;156;org.dacapo.harness.DacapoClassLoader;BootstrapClassLoader
ClassLoader.loadClass;java.lang.Character;org.apache.batik.css.parser.Parser.hexcolor;1446;org.dacapo.harness.DacapoClassLoader;BootstrapClassLoader
ClassLoader.loadClass;java.lang.Character;org.apache.commons.cli.OptionValidator.isValidChar;33;jdk.internal.loader.ClassLoaders$AppClassLoader;BootstrapClassLoader
ClassLoader.loadClass;java.lang.Class;java.lang.Class.getDeclaredMethods0;;jdk.internal.loader.ClassLoaders$PlatformClassLoader;BootstrapClassLoader
ClassLoader.loadClass;java.lang.Class;org.apache.batik.apps.rasterizer.Messages.<clinit>;49;org.dacapo.harness.DacapoClassLoader;BootstrapClassLoader
ClassLoader.loadClass;java.lang.ClassLoader;java.lang.Class.getDeclaredMethods0;;jdk.internal.loader.ClassLoaders$AppClassLoader;BootstrapClassLoader
ClassLoader.loadClass;java.lang.ClassLoader;org.apache.batik.util.Service.providers;87;org.dacapo.harness.DacapoClassLoader;BootstrapClassLoader
ClassLoader.loadClass;java.lang.ClassNotFoundException;java.lang.Class.getDeclaredMethods0;;jdk.internal.loader.ClassLoaders$AppClassLoader;BootstrapClassLoader
ClassLoader.loadClass;java.lang.ClassNotFoundException;org.apache.batik.apps.rasterizer.DestinationType.getTranscoder;89;org.dacapo.harness.DacapoClassLoader;BootstrapClassLoader
ClassLoader.loadClass;java.lang.CloneNotSupportedException;org.apache.batik.parser.AWTPathProducer.startPath;116;org.dacapo.harness.DacapoClassLoader;BootstrapClassLoader
ClassLoader.loadClass;java.lang.CloneNotSupportedException;org.dacapo.harness.CommandLineArgs.makeOption;482;jdk.internal.loader.ClassLoaders$AppClassLoader;BootstrapClassLoader
ClassLoader.loadClass;java.lang.Cloneable;java.lang.ClassLoader.defineClass1;;jdk.internal.loader.ClassLoaders$AppClassLoader;BootstrapClassLoader
ClassLoader.loadClass;java.lang.Cloneable;java.lang.ClassLoader.defineClass1;;org.dacapo.harness.DacapoClassLoader;BootstrapClassLoader
ClassLoader.loadClass;java.lang.Enum;java.lang.ClassLoader.defineClass1;;jdk.internal.loader.ClassLoaders$AppClassLoader;BootstrapClassLoader
ClassLoader.loadClass;java.lang.Error;org.dacapo.parser.Config.parse;213;jdk.internal.loader.ClassLoaders$AppClassLoader;BootstrapClassLoader
ClassLoader.loadClass;java.lang.Exception;java.lang.Class.getDeclaredMethods0;;jdk.internal.loader.ClassLoaders$AppClassLoader;BootstrapClassLoader
ClassLoader.loadClass;java.lang.Exception;java.lang.ClassLoader.defineClass1;;org.dacapo.harness.DacapoClassLoader;BootstrapClassLoader
ClassLoader.loadClass;java.lang.Exception;jdk.nio.zipfs.ZipFileSystemProvider.getZipFileSystem;125;jdk.internal.loader.ClassLoaders$PlatformClassLoader;BootstrapClassLoader
ClassLoader.loadClass;java.lang.Float;org.apache.batik.apps.rasterizer.SVGConverter.computeTranscodingHints;916;org.dacapo.harness.DacapoClassLoader;BootstrapClassLoader
ClassLoader.loadClass;java.lang.IllegalAccessException;java.lang.Class.getDeclaredMethods0;;jdk.internal.loader.ClassLoaders$AppClassLoader;BootstrapClassLoader
ClassLoader.loadClass;java.lang.IllegalAccessException;org.apache.batik.apps.rasterizer.DestinationType.getTranscoder;89;org.dacapo.harness.DacapoClassLoader;BootstrapClassLoader
ClassLoader.loadClass;java.lang.IllegalArgumentException;java.lang.Class.forName0;;org.dacapo.harness.DacapoClassLoader;BootstrapClassLoader
ClassLoader.loadClass;java.lang.IllegalArgumentException;java.lang.Class.getDeclaredMethods0;;jdk.internal.loader.ClassLoaders$PlatformClassLoader;BootstrapClassLoader
ClassLoader.loadClass;java.lang.IllegalArgumentException;org.apache.commons.cli.Option.<init>;387;jdk.internal.loader.ClassLoaders$AppClassLoader;BootstrapClassLoader
ClassLoader.loadClass;java.lang.IllegalStateException;jdk.nio.zipfs.ZipPath.newDirectoryStream;755;jdk.internal.loader.ClassLoaders$PlatformClassLoader;BootstrapClassLoader
ClassLoader.loadClass;java.lang.IllegalStateException;org.apache.batik.bridge.SVGBridgeExtension.registerTags;149;org.dacapo.harness.DacapoClassLoader;BootstrapClassLoader
ClassLoader.loadClass;java.lang.IndexOutOfBoundsException;org.apache.batik.bridge.SVGDocumentBridge.createGraphicsNode;104;org.dacapo.harness.DacapoClassLoader;BootstrapClassLoader
ClassLoader.loadClass;java.lang.InstantiationException;java.lang.Class.getDeclaredMethods0;;jdk.internal.loader.ClassLoaders$AppClassLoader;BootstrapClassLoader
ClassLoader.loadClass;java.lang.InstantiationException;org.apache.batik.apps.rasterizer.DestinationType.getTranscoder;89;org.dacapo.harness.DacapoClassLoader;BootstrapClassLoader
ClassLoader.loadClass;java.lang.Integer;org.apache.batik.gvt.text.GVTAttributedCharacterIterator$TextAttribute.<clinit>;357;org.dacapo.harness.DacapoClassLoader;BootstrapClassLoader
ClassLoader.loadClass;java.lang.Integer;org.dacapo.harness.CommandLineArgs.getIterations;331;jdk.internal.loader.ClassLoaders$AppClassLoader;BootstrapClassLoader
ClassLoader.loadClass;java.lang.InterruptedException;org.apache.batik.util.CleanerThread$SoftReferenceCleared.<init>;68;org.dacapo.harness.DacapoClassLoader;BootstrapClassLoader
ClassLoader.loadClass;java.lang.Iterable;jdk.nio.zipfs.ZipFileSystemProvider.getZipFileSystem;125;jdk.internal.loader.ClassLoaders$PlatformClassLoader;BootstrapClassLoader
ClassLoader.loadClass;java.lang.Iterable;org.dacapo.harness.TestHarness.main;101;jdk.internal.loader.ClassLoaders$AppClassLoader;BootstrapClassLoader
ClassLoader.loadClass;java.lang.LinkageError;org.apache.batik.dom.ExtensibleDOMImplementation.getDomExtensions;266;org.dacapo.harness.DacapoClassLoader;BootstrapClassLoader
ClassLoader.loadClass;java.lang.Long;org.apache.batik.css.parser.Parser.parseTerm;965;org.dacapo.harness.DacapoClassLoader;BootstrapClassLoader
ClassLoader.loadClass;java.lang.Math;org.apache.batik.css.engine.value.LengthManager.<clinit>;42;org.dacapo.harness.DacapoClassLoader;BootstrapClassLoader
ClassLoader.loadClass;java.lang.NoSuchFieldError;org.dacapo.harness.Callback.init;80;jdk.internal.loader.ClassLoaders$AppClassLoader;BootstrapClassLoader
ClassLoader.loadClass;java.lang.NoSuchMethodException;java.lang.Class.getDeclaredMethods0;;jdk.internal.loader.ClassLoaders$AppClassLoader;BootstrapClassLoader
ClassLoader.loadClass;java.lang.NoSuchMethodException;org.apache.batik.apps.rasterizer.DestinationType.getTranscoder;89;org.dacapo.harness.DacapoClassLoader;BootstrapClassLoader
ClassLoader.loadClass;java.lang.NullPointerException;java.lang.Class.getDeclaredMethods0;;jdk.internal.loader.ClassLoaders$PlatformClassLoader;BootstrapClassLoader
ClassLoader.loadClass;java.lang.NullPointerException;org.apache.batik.apps.rasterizer.Main.execute;934;org.dacapo.harness.DacapoClassLoader;BootstrapClassLoader
ClassLoader.loadClass;java.lang.NumberFormatException;jdk.nio.zipfs.ZipFileSystemProvider.getZipFileSystem;125;jdk.internal.loader.ClassLoaders$PlatformClassLoader;BootstrapClassLoader
ClassLoader.loadClass;java.lang.NumberFormatException;org.apache.batik.apps.rasterizer.Messages.<clinit>;48;org.dacapo.harness.DacapoClassLoader;BootstrapClassLoader
ClassLoader.loadClass;java.lang.NumberFormatException;org.dacapo.harness.TestHarness.main;108;jdk.internal.loader.ClassLoaders$AppClassLoader;BootstrapClassLoader
ClassLoader.loadClass;java.lang.Object;java.lang.Class.getDeclaredMethods0;;jdk.internal.loader.ClassLoaders$PlatformClassLoader;BootstrapClassLoader
ClassLoader.loadClass;java.lang.Object;java.lang.ClassLoader.defineClass1;;org.dacapo.harness.DacapoClassLoader;BootstrapClassLoader
ClassLoader.loadClass;java.lang.Package;org.apache.batik.Version.getVersion;73;org.dacapo.harness.DacapoClassLoader;BootstrapClassLoader
ClassLoader.loadClass;java.lang.RuntimeException;java.lang.Class.getDeclaredMethods0;;jdk.internal.loader.ClassLoaders$AppClassLoader;BootstrapClassLoader
ClassLoader.loadClass;java.lang.RuntimeException;org.apache.batik.apps.rasterizer.Main.<clinit>;536;org.dacapo.harness.DacapoClassLoader;BootstrapClassLoader
ClassLoader.loadClass;java.lang.SecurityException;org.apache.batik.apps.rasterizer.Messages.<clinit>;48;org.dacapo.harness.DacapoClassLoader;BootstrapClassLoader
ClassLoader.loadClass;java.lang.SecurityManager;org.apache.batik.apps.rasterizer.Main.execute;934;org.dacapo.harness.DacapoClassLoader;BootstrapClassLoader
ClassLoader.loadClass;java.lang.String;java.lang.Class.getDeclaredMethods0;;jdk.internal.loader.ClassLoaders$PlatformClassLoader;BootstrapClassLoader
ClassLoader.loadClass;java.lang.String;java.lang.Class.getDeclaredMethods0;;org.dacapo.harness.DacapoClassLoader;BootstrapClassLoader
ClassLoader.loadClass;java.lang.StringBuffer;org.apache.batik.dom.util.SAXDocumentFactory.<init>;109;org.dacapo.harness.DacapoClassLoader;BootstrapClassLoader
ClassLoader.loadClass;java.lang.StringBuffer;org.dacapo.harness.Digest.toString;44;jdk.internal.loader.ClassLoaders$AppClassLoader;BootstrapClassLoader
ClassLoader.loadClass;java.lang.StringBuilder;org.apache.batik.i18n.LocalizableSupport.getString;321;org.dacapo.harness.DacapoClassLoader;BootstrapClassLoader
ClassLoader.loadClass;java.lang.StringBuilder;org.dacapo.harness.Data.<clinit>;39;jdk.internal.loader.ClassLoaders$AppClassLoader;BootstrapClassLoader
ClassLoader.loadClass;java.lang.System;Harness.makeHarnessClassLoader;51;jdk.internal.loader.ClassLoaders$AppClassLoader;BootstrapClassLoader
ClassLoader.loadClass;java.lang.System;jdk.nio.zipfs.ZipFileSystem.lambda$static$0;87;jdk.internal.loader.ClassLoaders$PlatformClassLoader;BootstrapClassLoader
ClassLoader.loadClass;java.lang.System;org.apache.batik.util.ApplicationSecurityEnforcer.enforceSecurity;157;org.dacapo.harness.DacapoClassLoader;BootstrapClassLoader
ClassLoader.loadClass;java.lang.Thread;java.lang.ClassLoader.defineClass1;;org.dacapo.harness.DacapoClassLoader;BootstrapClassLoader
ClassLoader.loadClass;java.lang.ThreadDeath;org.apache.batik.util.CleanerThread$SoftReferenceCleared.<init>;68;org.dacapo.harness.DacapoClassLoader;BootstrapClassLoader
ClassLoader.loadClass;java.lang.ThreadLocal;jdk.nio.zipfs.ZipFileSystem$IndexNode.<clinit>;2593;jdk.internal.loader.ClassLoaders$PlatformClassLoader;BootstrapClassLoader
ClassLoader.loadClass;java.lang.Throwable;java.lang.Class.forName0;;org.dacapo.harness.DacapoClassLoader;BootstrapClassLoader
ClassLoader.loadClass;java.lang.Throwable;java.lang.Class.getDeclaredMethods0;;jdk.internal.loader.ClassLoaders$PlatformClassLoader;BootstrapClassLoader
ClassLoader.loadClass;java.lang.UnsupportedOperationException;java.lang.Class.forName0;;org.dacapo.harness.DacapoClassLoader;BootstrapClassLoader
ClassLoader.loadClass;java.lang.UnsupportedOperationException;java.lang.Class.getDeclaredMethods0;;jdk.internal.loader.ClassLoaders$PlatformClassLoader;BootstrapClassLoader
ClassLoader.loadClass;java.lang.UnsupportedOperationException;org.dacapo.harness.CommandLineArgs.makeOption;482;jdk.internal.loader.ClassLoaders$AppClassLoader;BootstrapClassLoader
ClassLoader.loadClass;java.lang.invoke.LambdaMetafactory;jdk.nio.zipfs.ZipFileSystem.<clinit>;86;jdk.internal.loader.ClassLoaders$PlatformClassLoader;BootstrapClassLoader
ClassLoader.loadClass;java.lang.invoke.LambdaMetafactory;org.dacapo.harness.CommandLineArgs.extractBenchmarkSet;291;jdk.internal.loader.ClassLoaders$AppClassLoader;BootstrapClassLoader
ClassLoader.loadClass;java.lang.ref.Reference;org.apache.batik.ext.awt.BufferedImageHintKey.isCompatibleValue;39;org.dacapo.harness.DacapoClassLoader;BootstrapClassLoader
ClassLoader.loadClass;java.lang.ref.ReferenceQueue;org.apache.batik.util.CleanerThread.getReferenceQueue;44;org.dacapo.harness.DacapoClassLoader;BootstrapClassLoader
ClassLoader.loadClass;java.lang.ref.SoftReference;java.lang.ClassLoader.defineClass1;;org.dacapo.harness.DacapoClassLoader;BootstrapClassLoader
ClassLoader.loadClass;java.lang.ref.WeakReference;org.apache.batik.gvt.AbstractGraphicsNode.getGraphicsNodeRable;402;org.dacapo.harness.DacapoClassLoader;BootstrapClassLoader
ClassLoader.loadClass;java.lang.reflect.Constructor;org.apache.batik.util.Service.providers;123;org.dacapo.harness.DacapoClassLoader;BootstrapClassLoader
ClassLoader.loadClass;java.lang.reflect.Constructor;org.dacapo.harness.TestHarness.runBenchmark;218;jdk.internal.loader.ClassLoaders$AppClassLoader;BootstrapClassLoader
ClassLoader.loadClass;java.lang.reflect.InvocationTargetException;java.lang.Class.getDeclaredMethods0;;jdk.internal.loader.ClassLoaders$AppClassLoader;BootstrapClassLoader
ClassLoader.loadClass;java.lang.reflect.InvocationTargetException;org.apache.batik.apps.rasterizer.DestinationType.getTranscoder;89;org.dacapo.harness.DacapoClassLoader;BootstrapClassLoader
ClassLoader.loadClass;java.lang.reflect.Method;Harness.main;39;jdk.internal.loader.ClassLoaders$AppClassLoader;BootstrapClassLoader
ClassLoader.loadClass;java.net.HttpURLConnection;org.apache.batik.util.ParsedURLData.openStreamInternal;523;org.dacapo.harness.DacapoClassLoader;BootstrapClassLoader
ClassLoader.loadClass;java.net.MalformedURLException;org.apache.batik.apps.rasterizer.SVGConverter.computeSources;793;org.dacapo.harness.DacapoClassLoader;BootstrapClassLoader
ClassLoader.loadClass;java.net.URI;java.lang.Class.getDeclaredMethods0;;jdk.internal.loader.ClassLoaders$PlatformClassLoader;BootstrapClassLoader
ClassLoader.loadClass;java.net.URI;org.apache.batik.apps.rasterizer.SVGConverterFileSource.getURI;64;org.dacapo.harness.DacapoClassLoader;BootstrapClassLoader
ClassLoader.loadClass;java.net.URISyntaxException;java.lang.Class.getDeclaredMethods0;;jdk.internal.loader.ClassLoaders$PlatformClassLoader;BootstrapClassLoader
ClassLoader.loadClass;java.net.URL;org.apache.batik.util.Service.providers;97;org.dacapo.harness.DacapoClassLoader;BootstrapClassLoader
ClassLoader.loadClass;java.net.URLClassLoader;java.lang.Class.getDeclaredMethods0;;jdk.internal.loader.ClassLoaders$AppClassLoader;BootstrapClassLoader
ClassLoader.loadClass;java.net.URLConnection;org.apache.batik.util.ParsedURLData.openStreamInternal;554;org.dacapo.harness.DacapoClassLoader;BootstrapClassLoader
ClassLoader.loadClass;java.nio.ByteBuffer;jdk.nio.zipfs.ZipFileSystem.readFullyAt;1233;jdk.internal.loader.ClassLoaders$PlatformClassLoader;BootstrapClassLoader
ClassLoader.loadClass;java.nio.channels.AsynchronousFileChannel;java.lang.Class.getDeclaredMethods0;;jdk.internal.loader.ClassLoaders$PlatformClassLoader;BootstrapClassLoader
ClassLoader.loadClass;java.nio.channels.FileChannel;java.lang.Class.getDeclaredMethods0;;jdk.internal.loader.ClassLoaders$PlatformClassLoader;BootstrapClassLoader
ClassLoader.loadClass;java.nio.channels.SeekableByteChannel;java.lang.Class.getDeclaredMethods0;;jdk.internal.loader.ClassLoaders$PlatformClassLoader;BootstrapClassLoader
ClassLoader.loadClass;java.nio.charset.Charset;jdk.nio.zipfs.ZipCoder.get;72;jdk.internal.loader.ClassLoaders$PlatformClassLoader;BootstrapClassLoader
ClassLoader.loadClass;java.nio.charset.StandardCharsets;jdk.nio.zipfs.ZipCoder$UTF8.<init>;49;jdk.internal.loader.ClassLoaders$PlatformClassLoader;BootstrapClassLoader
ClassLoader.loadClass;java.nio.file.AccessDeniedException;jdk.nio.zipfs.ZipFileSystem.<init>;176;jdk.internal.loader.ClassLoaders$PlatformClassLoader;BootstrapClassLoader
ClassLoader.loadClass;java.nio.file.AccessMode;java.lang.Class.getDeclaredMethods0;;jdk.internal.loader.ClassLoaders$PlatformClassLoader;BootstrapClassLoader
ClassLoader.loadClass;java.nio.file.ClosedDirectoryStreamException;jdk.nio.zipfs.ZipPath.newDirectoryStream;755;jdk.internal.loader.ClassLoaders$PlatformClassLoader;BootstrapClassLoader
ClassLoader.loadClass;java.nio.file.ClosedFileSystemException;jdk.nio.zipfs.ZipFileSystemProvider.getZipFileSystem;125;jdk.internal.loader.ClassLoaders$PlatformClassLoader;BootstrapClassLoader
ClassLoader.loadClass;java.nio.file.CopyOption;java.lang.Class.getDeclaredMethods0;;jdk.internal.loader.ClassLoaders$PlatformClassLoader;BootstrapClassLoader
ClassLoader.loadClass;java.nio.file.DirectoryIteratorException;jdk.nio.zipfs.ZipPath.newDirectoryStream;755;jdk.internal.loader.ClassLoaders$PlatformClassLoader;BootstrapClassLoader
ClassLoader.loadClass;java.nio.file.DirectoryNotEmptyException;jdk.nio.zipfs.ZipFileSystemProvider.getZipFileSystem;125;jdk.internal.loader.ClassLoaders$PlatformClassLoader;BootstrapClassLoader
ClassLoader.loadClass;java.nio.file.DirectoryStream$Filter;java.lang.Class.getDeclaredMethods0;;jdk.internal.loader.ClassLoaders$PlatformClassLoader;BootstrapClassLoader
ClassLoader.loadClass;java.nio.file.DirectoryStream;java.lang.Class.getDeclaredMethods0;;jdk.internal.loader.ClassLoaders$PlatformClassLoader;BootstrapClassLoader
ClassLoader.loadClass;java.nio.file.FileAlreadyExistsException;jdk.nio.zipfs.ZipFileSystemProvider.getZipFileSystem;125;jdk.internal.loader.ClassLoaders$PlatformClassLoader;BootstrapClassLoader
ClassLoader.loadClass;java.nio.file.FileStore;java.lang.Class.getDeclaredMethods0;;jdk.internal.loader.ClassLoaders$PlatformClassLoader;BootstrapClassLoader
ClassLoader.loadClass;java.nio.file.FileSystem;java.lang.Class.getDeclaredMethods0;;jdk.internal.loader.ClassLoaders$PlatformClassLoader;BootstrapClassLoader
ClassLoader.loadClass;java.nio.file.FileSystem;org.dacapo.harness.CommandLineArgs.extractBenchmarkSet;286;jdk.internal.loader.ClassLoaders$AppClassLoader;BootstrapClassLoader
ClassLoader.loadClass;java.nio.file.FileSystemAlreadyExistsException;java.lang.Class.getDeclaredMethods0;;jdk.internal.loader.ClassLoaders$PlatformClassLoader;BootstrapClassLoader
ClassLoader.loadClass;java.nio.file.FileSystemException;jdk.nio.zipfs.ZipFileSystemProvider.getZipFileSystem;125;jdk.internal.loader.ClassLoaders$PlatformClassLoader;BootstrapClassLoader
ClassLoader.loadClass;java.nio.file.FileSystemNotFoundException;java.lang.Class.getDeclaredMethods0;;jdk.internal.loader.ClassLoaders$PlatformClassLoader;BootstrapClassLoader
ClassLoader.loadClass;java.nio.file.FileSystems;org.dacapo.harness.CommandLineArgs.extractBenchmarkSet;285;jdk.internal.loader.ClassLoaders$AppClassLoader;BootstrapClassLoader
ClassLoader.loadClass;java.nio.file.FileVisitOption;org.dacapo.harness.CommandLineArgs.extractBenchmarkSet;291;jdk.internal.loader.ClassLoaders$AppClassLoader;BootstrapClassLoader
ClassLoader.loadClass;java.nio.file.Files;jdk.nio.zipfs.ZipFileSystemProvider.ensureFile;85;jdk.internal.loader.ClassLoaders$PlatformClassLoader;BootstrapClassLoader
ClassLoader.loadClass;java.nio.file.Files;org.dacapo.harness.CommandLineArgs.extractBenchmarkSet;291;jdk.internal.loader.ClassLoaders$AppClassLoader;BootstrapClassLoader
ClassLoader.loadClass;java.nio.file.InvalidPathException;jdk.nio.zipfs.ZipFileSystem.<init>;176;jdk.internal.loader.ClassLoaders$PlatformClassLoader;BootstrapClassLoader
ClassLoader.loadClass;java.nio.file.LinkOption;java.lang.Class.getDeclaredMethods0;;jdk.internal.loader.ClassLoaders$PlatformClassLoader;BootstrapClassLoader
ClassLoader.loadClass;java.nio.file.NoSuchFileException;jdk.nio.zipfs.ZipFileSystemProvider.getZipFileSystem;125;jdk.internal.loader.ClassLoaders$PlatformClassLoader;BootstrapClassLoader
ClassLoader.loadClass;java.nio.file.NotDirectoryException;jdk.nio.zipfs.ZipFileSystemProvider.getZipFileSystem;125;jdk.internal.loader.ClassLoaders$PlatformClassLoader;BootstrapClassLoader
ClassLoader.loadClass;java.nio.file.OpenOption;java.lang.Class.getDeclaredMethods0;;jdk.internal.loader.ClassLoaders$PlatformClassLoader;BootstrapClassLoader
ClassLoader.loadClass;java.nio.file.OpenOption;org.dacapo.harness.Benchmark.getMD5;403;jdk.internal.loader.ClassLoaders$AppClassLoader;BootstrapClassLoader
ClassLoader.loadClass;java.nio.file.Path;java.lang.Class.getDeclaredMethods0;;jdk.internal.loader.ClassLoaders$PlatformClassLoader;BootstrapClassLoader
ClassLoader.loadClass;java.nio.file.Path;org.dacapo.harness.CommandLineArgs.extractBenchmarkSet;291;jdk.internal.loader.ClassLoaders$AppClassLoader;BootstrapClassLoader
ClassLoader.loadClass;java.nio.file.Paths;jdk.nio.zipfs.ZipFileSystemProvider.uriToPath;76;jdk.internal.loader.ClassLoaders$PlatformClassLoader;BootstrapClassLoader
ClassLoader.loadClass;java.nio.file.Paths;org.dacapo.harness.Data.<clinit>;36;jdk.internal.loader.ClassLoaders$AppClassLoader;BootstrapClassLoader
ClassLoader.loadClass;java.nio.file.ProviderMismatchException;java.lang.Class.getDeclaredMethods0;;jdk.internal.loader.ClassLoaders$PlatformClassLoader;BootstrapClassLoader
ClassLoader.loadClass;java.nio.file.ReadOnlyFileSystemException;jdk.nio.zipfs.ZipFileSystemProvider.getZipFileSystem;125;jdk.internal.loader.ClassLoaders$PlatformClassLoader;BootstrapClassLoader
ClassLoader.loadClass;java.nio.file.StandardOpenOption;jdk.nio.zipfs.ZipFileSystem.<init>;177;jdk.internal.loader.ClassLoaders$PlatformClassLoader;BootstrapClassLoader
ClassLoader.loadClass;java.nio.file.attribute.BasicFileAttributeView;java.lang.ClassLoader.defineClass2;;jdk.internal.loader.ClassLoaders$PlatformClassLoader;BootstrapClassLoader
ClassLoader.loadClass;java.nio.file.attribute.BasicFileAttributes;java.lang.Class.getDeclaredMethods0;;jdk.internal.loader.ClassLoaders$PlatformClassLoader;BootstrapClassLoader
ClassLoader.loadClass;java.nio.file.attribute.FileAttribute;java.lang.Class.getDeclaredMethods0;;jdk.internal.loader.ClassLoaders$PlatformClassLoader;BootstrapClassLoader
ClassLoader.loadClass;java.nio.file.attribute.FileAttributeView;java.lang.Class.getDeclaredMethods0;;jdk.internal.loader.ClassLoaders$PlatformClassLoader;BootstrapClassLoader
ClassLoader.loadClass;java.nio.file.attribute.PosixFileAttributeView;java.lang.ClassLoader.defineClass2;;jdk.internal.loader.ClassLoaders$PlatformClassLoader;BootstrapClassLoader
ClassLoader.loadClass;java.nio.file.attribute.PosixFileAttributes;java.lang.ClassLoader.defineClass2;;jdk.internal.loader.ClassLoaders$PlatformClassLoader;BootstrapClassLoader
ClassLoader.loadClass;java.nio.file.attribute.PosixFilePermissions;jdk.nio.zipfs.ZipFileSystem.<clinit>;101;jdk.internal.loader.ClassLoaders$PlatformClassLoader;BootstrapClassLoader
ClassLoader.loadClass;java.nio.file.spi.FileSystemProvider;java.lang.ClassLoader.defineClass2;;jdk.internal.loader.ClassLoaders$PlatformClassLoader;BootstrapClassLoader
ClassLoader.loadClass;java.security.AccessController;jdk.nio.zipfs.ZipFileSystem.<clinit>;86;jdk.internal.loader.ClassLoaders$PlatformClassLoader;BootstrapClassLoader
ClassLoader.loadClass;java.security.BasicPermission;java.lang.ClassLoader.defineClass1;;jdk.internal.loader.ClassLoaders$AppClassLoader;BootstrapClassLoader
ClassLoader.loadClass;java.security.CodeSource;org.dacapo.harness.TestHarness.getManifestAttribute;284;jdk.internal.loader.ClassLoaders$AppClassLoader;BootstrapClassLoader
ClassLoader.loadClass;java.security.MessageDigest;org.dacapo.harness.Benchmark.getMD5;401;jdk.internal.loader.ClassLoaders$AppClassLoader;BootstrapClassLoader
ClassLoader.loadClass;java.security.NoSuchAlgorithmException;org.dacapo.harness.FileDigest.getText;84;jdk.internal.loader.ClassLoaders$AppClassLoader;BootstrapClassLoader
ClassLoader.loadClass;java.security.Permission;org.dacapo.harness.Benchmark.getMD5;409;jdk.internal.loader.ClassLoaders$AppClassLoader;BootstrapClassLoader
ClassLoader.loadClass;java.security.PrivilegedAction;jdk.nio.zipfs.ZipFileSystem.<clinit>;86;jdk.internal.loader.ClassLoaders$PlatformClassLoader;BootstrapClassLoader
ClassLoader.loadClass;java.security.PrivilegedActionException;java.lang.Class.getDeclaredMethods0;;jdk.internal.loader.ClassLoaders$PlatformClassLoader;BootstrapClassLoader
ClassLoader.loadClass;java.security.ProtectionDomain;org.dacapo.harness.TestHarness.getManifestAttribute;284;jdk.internal.loader.ClassLoaders$AppClassLoader;BootstrapClassLoader
ClassLoader.loadClass;java.text.AttributedCharacterIterator$Attribute;org.apache.batik.bridge.SVGBridgeExtension.registerTags;98;org.dacapo.harness.DacapoClassLoader;BootstrapClassLoader
ClassLoader.loadClass;java.text.MessageFormat;org.apache.batik.i18n.LocalizableSupport.formatMessage;214;org.dacapo.harness.DacapoClassLoader;BootstrapClassLoader
ClassLoader.loadClass;java.time.DateTimeException;jdk.nio.zipfs.ZipFileSystem$Entry.readCEN;2798;jdk.internal.loader.ClassLoaders$PlatformClassLoader;BootstrapClassLoader
ClassLoader.loadClass;java.time.LocalDateTime;jdk.nio.zipfs.ZipUtils.dosToJavaTime;216;jdk.internal.loader.ClassLoaders$PlatformClassLoader;BootstrapClassLoader
ClassLoader.loadClass;java.time.ZoneId;jdk.nio.zipfs.ZipUtils.dosToJavaTime;218;jdk.internal.loader.ClassLoaders$PlatformClassLoader;BootstrapClassLoader
ClassLoader.loadClass;java.time.zone.ZoneRules;jdk.nio.zipfs.ZipUtils.dosToJavaTime;218;jdk.internal.loader.ClassLoaders$PlatformClassLoader;BootstrapClassLoader
ClassLoader.loadClass;java.util.ArrayList;jdk.nio.zipfs.ZipFileSystem.<init>;2390;jdk.internal.loader.ClassLoaders$PlatformClassLoader;BootstrapClassLoader
ClassLoader.loadClass;java.util.ArrayList;org.apache.batik.i18n.LocalizableSupport.<init>;110;org.dacapo.harness.DacapoClassLoader;BootstrapClassLoader
ClassLoader.loadClass;java.util.ArrayList;org.apache.commons.cli.Option.<init>;328;jdk.internal.loader.ClassLoaders$AppClassLoader;BootstrapClassLoader
ClassLoader.loadClass;java.util.Arrays;jdk.nio.zipfs.ZipFileSystem$IndexNode.name;2606;jdk.internal.loader.ClassLoaders$PlatformClassLoader;BootstrapClassLoader
ClassLoader.loadClass;java.util.Arrays;org.apache.batik.util.MimeTypeConstants.<clinit>;37;org.dacapo.harness.DacapoClassLoader;BootstrapClassLoader
ClassLoader.loadClass;java.util.Arrays;org.apache.commons.cli.PosixParser.flatten;124;jdk.internal.loader.ClassLoaders$AppClassLoader;BootstrapClassLoader
ClassLoader.loadClass;java.util.Calendar;javax.xml.bind.DatatypeConverter.initConverter;155;jdk.internal.loader.ClassLoaders$AppClassLoader;BootstrapClassLoader
ClassLoader.loadClass;java.util.Collection;jdk.nio.zipfs.ZipFileSystemProvider.getZipFileSystem;125;jdk.internal.loader.ClassLoaders$PlatformClassLoader;BootstrapClassLoader
ClassLoader.loadClass;java.util.Collection;org.apache.batik.anim.dom.SAXSVGDocumentFactory.createDocument;156;org.dacapo.harness.DacapoClassLoader;BootstrapClassLoader
ClassLoader.loadClass;java.util.Collection;org.dacapo.harness.TestHarness.main;101;jdk.internal.loader.ClassLoaders$AppClassLoader;BootstrapClassLoader
ClassLoader.loadClass;java.util.Collections;jdk.nio.zipfs.ZipFileSystem.<init>;1133;jdk.internal.loader.ClassLoaders$PlatformClassLoader;BootstrapClassLoader
ClassLoader.loadClass;java.util.Collections;org.apache.batik.bridge.SVGBridgeExtension.getImplementedExtensions;51;org.dacapo.harness.DacapoClassLoader;BootstrapClassLoader
ClassLoader.loadClass;java.util.Collections;org.apache.commons.cli.Options.getRequiredOptions;269;jdk.internal.loader.ClassLoaders$AppClassLoader;BootstrapClassLoader
ClassLoader.loadClass;java.util.Comparator;org.apache.batik.gvt.renderer.StaticRenderer.repaint;341;org.dacapo.harness.DacapoClassLoader;BootstrapClassLoader
ClassLoader.loadClass;java.util.Enumeration;org.apache.batik.util.Service.providers;92;org.dacapo.harness.DacapoClassLoader;BootstrapClassLoader
ClassLoader.loadClass;java.util.EventObject;java.lang.ClassLoader.defineClass1;;org.dacapo.harness.DacapoClassLoader;BootstrapClassLoader
ClassLoader.loadClass;java.util.GregorianCalendar;javax.xml.bind.DatatypeConverter.initConverter;155;jdk.internal.loader.ClassLoaders$AppClassLoader;BootstrapClassLoader
ClassLoader.loadClass;java.util.HashMap;jdk.nio.zipfs.ZipFileSystemProvider.<init>;55;jdk.internal.loader.ClassLoaders$PlatformClassLoader;BootstrapClassLoader
ClassLoader.loadClass;java.util.HashMap;org.apache.batik.apps.rasterizer.Main.<clinit>;523;org.dacapo.harness.DacapoClassLoader;BootstrapClassLoader
ClassLoader.loadClass;java.util.HashMap;org.dacapo.parser.Config.<init>;255;jdk.internal.loader.ClassLoaders$AppClassLoader;BootstrapClassLoader
ClassLoader.loadClass;java.util.HashSet;jdk.nio.zipfs.ZipFileSystem.<init>;1132;jdk.internal.loader.ClassLoaders$PlatformClassLoader;BootstrapClassLoader
ClassLoader.loadClass;java.util.HashSet;org.apache.batik.bridge.UserAgentAdapter.<init>;47;org.dacapo.harness.DacapoClassLoader;BootstrapClassLoader
ClassLoader.loadClass;java.util.HashSet;org.apache.commons.cli.Options.getOptionGroups;251;jdk.internal.loader.ClassLoaders$AppClassLoader;BootstrapClassLoader
ClassLoader.loadClass;java.util.Iterator;jdk.nio.zipfs.ZipFileSystem.<init>;176;jdk.internal.loader.ClassLoaders$PlatformClassLoader;BootstrapClassLoader
ClassLoader.loadClass;java.util.Iterator;org.apache.batik.apps.rasterizer.Main.expandSources;990;org.dacapo.harness.DacapoClassLoader;BootstrapClassLoader
ClassLoader.loadClass;java.util.Iterator;org.apache.commons.cli.Parser.parse;136;jdk.internal.loader.ClassLoaders$AppClassLoader;BootstrapClassLoader
ClassLoader.loadClass;java.util.LinkedHashMap;jdk.nio.zipfs.ZipFileSystem.initCEN;1557;jdk.internal.loader.ClassLoaders$PlatformClassLoader;BootstrapClassLoader
ClassLoader.loadClass;java.util.LinkedHashMap;org.apache.commons.cli.Options.<init>;44;jdk.internal.loader.ClassLoaders$AppClassLoader;BootstrapClassLoader
ClassLoader.loadClass;java.util.LinkedList;org.apache.batik.dom.ExtensibleDOMImplementation.getDomExtensions;264;org.dacapo.harness.DacapoClassLoader;BootstrapClassLoader
ClassLoader.loadClass;java.util.LinkedList;org.apache.commons.cli.CommandLine.<init>;81;jdk.internal.loader.ClassLoaders$AppClassLoader;BootstrapClassLoader
ClassLoader.loadClass;java.util.List;java.lang.Class.forName0;;org.dacapo.harness.DacapoClassLoader;BootstrapClassLoader
ClassLoader.loadClass;java.util.List;jdk.nio.zipfs.ZipFileSystemProvider.getZipFileSystem;125;jdk.internal.loader.ClassLoaders$PlatformClassLoader;BootstrapClassLoader
ClassLoader.loadClass;java.util.List;org.dacapo.harness.TestHarness.main;101;jdk.internal.loader.ClassLoaders$AppClassLoader;BootstrapClassLoader
ClassLoader.loadClass;java.util.ListIterator;org.apache.batik.dom.ExtensibleDOMImplementation.getDomExtensions;273;org.dacapo.harness.DacapoClassLoader;BootstrapClassLoader
ClassLoader.loadClass;java.util.ListIterator;org.apache.commons.cli.Parser.parse;161;jdk.internal.loader.ClassLoaders$AppClassLoader;BootstrapClassLoader
ClassLoader.loadClass;java.util.Locale;org.apache.batik.i18n.LocalizableSupport.getCurrentLocale;221;org.dacapo.harness.DacapoClassLoader;BootstrapClassLoader
ClassLoader.loadClass;java.util.Locale;org.dacapo.harness.TestHarness.main;80;jdk.internal.loader.ClassLoaders$AppClassLoader;BootstrapClassLoader
ClassLoader.loadClass;java.util.Map;java.lang.Class.forName0;;org.dacapo.harness.DacapoClassLoader;BootstrapClassLoader
ClassLoader.loadClass;java.util.Map;java.lang.Class.getDeclaredMethods0;;jdk.internal.loader.ClassLoaders$PlatformClassLoader;BootstrapClassLoader
ClassLoader.loadClass;java.util.Map;org.dacapo.harness.CommandLineArgs.<clinit>;145;jdk.internal.loader.ClassLoaders$AppClassLoader;BootstrapClassLoader
ClassLoader.loadClass;java.util.MissingResourceException;org.apache.batik.apps.rasterizer.Main.<clinit>;299;org.dacapo.harness.DacapoClassLoader;BootstrapClassLoader
ClassLoader.loadClass;java.util.NoSuchElementException;jdk.nio.zipfs.ZipDirectoryStream.iterator;74;jdk.internal.loader.ClassLoaders$PlatformClassLoader;BootstrapClassLoader
ClassLoader.loadClass;java.util.Objects;jdk.nio.zipfs.ZipFileSystem.getInode;1892;jdk.internal.loader.ClassLoaders$PlatformClassLoader;BootstrapClassLoader
ClassLoader.loadClass;java.util.Properties;org.apache.batik.util.XMLResourceDescriptor.getParserProps;72;org.dacapo.harness.DacapoClassLoader;BootstrapClassLoader
ClassLoader.loadClass;java.util.Properties;org.dacapo.harness.Data.getLocation;58;jdk.internal.loader.ClassLoaders$AppClassLoader;BootstrapClassLoader
ClassLoader.loadClass;java.util.ResourceBundle;org.apache.batik.i18n.LocalizableSupport.lookupResourceBundle;259;org.dacapo.harness.DacapoClassLoader;BootstrapClassLoader
ClassLoader.loadClass;java.util.Set;java.lang.Class.getDeclaredMethods0;;jdk.internal.loader.ClassLoaders$PlatformClassLoader;BootstrapClassLoader
ClassLoader.loadClass;java.util.Set;org.apache.batik.transcoder.SVGAbstractTranscoder.createUserAgent;139;org.dacapo.harness.DacapoClassLoader;BootstrapClassLoader
ClassLoader.loadClass;java.util.Set;org.dacapo.harness.TestHarness.main;108;jdk.internal.loader.ClassLoaders$AppClassLoader;BootstrapClassLoader
ClassLoader.loadClass;java.util.StringTokenizer;org.apache.batik.css.parser.Parser.parseMedia;1745;org.dacapo.harness.DacapoClassLoader;BootstrapClassLoader
ClassLoader.loadClass;java.util.TreeMap;org.dacapo.harness.DacapoClassLoader.sortURLs;38;jdk.internal.loader.ClassLoaders$AppClassLoader;BootstrapClassLoader
ClassLoader.loadClass;java.util.Vector;org.apache.batik.ext.awt.image.renderable.AbstractRable.<init>;63;org.dacapo.harness.DacapoClassLoader;BootstrapClassLoader
ClassLoader.loadClass;java.util.Vector;org.dacapo.parser.ConfigFile.sizeClause;161;jdk.internal.loader.ClassLoaders$AppClassLoader;BootstrapClassLoader
ClassLoader.loadClass;java.util.WeakHashMap;org.apache.batik.bridge.BridgeContext.<init>;128;org.dacapo.harness.DacapoClassLoader;BootstrapClassLoader
ClassLoader.loadClass;java.util.concurrent.ExecutorService;java.lang.Class.getDeclaredMethods0;;jdk.internal.loader.ClassLoaders$PlatformClassLoader;BootstrapClassLoader
ClassLoader.loadClass;java.util.concurrent.TimeUnit;jdk.nio.zipfs.ZipUtils.dosToJavaTime;217;jdk.internal.loader.ClassLoaders$PlatformClassLoader;BootstrapClassLoader
ClassLoader.loadClass;java.util.concurrent.atomic.AtomicInteger;org.dacapo.harness.LatencyReporter.<clinit>;47;jdk.internal.loader.ClassLoaders$AppClassLoader;BootstrapClassLoader
ClassLoader.loadClass;java.util.concurrent.locks.Lock;jdk.nio.zipfs.ZipFileSystem.beginWrite;1186;jdk.internal.loader.ClassLoaders$PlatformClassLoader;BootstrapClassLoader
ClassLoader.loadClass;java.util.concurrent.locks.ReadWriteLock;jdk.nio.zipfs.ZipFileSystemProvider.getZipFileSystem;125;jdk.internal.loader.ClassLoaders$PlatformClassLoader;BootstrapClassLoader
ClassLoader.loadClass;java.util.concurrent.locks.ReentrantReadWriteLock;jdk.nio.zipfs.ZipFileSystem.<init>;1209;jdk.internal.loader.ClassLoaders$PlatformClassLoader;BootstrapClassLoader
ClassLoader.loadClass;java.util.function.BinaryOperator;org.dacapo.harness.Benchmark.getDeps;386;jdk.internal.loader.ClassLoaders$AppClassLoader;BootstrapClassLoader
ClassLoader.loadClass;java.util.function.Function;jdk.nio.zipfs.ZipFileSystem.<init>;132;jdk.internal.loader.ClassLoaders$PlatformClassLoader;BootstrapClassLoader
ClassLoader.loadClass;java.util.function.Function;org.dacapo.harness.CommandLineArgs.extractBenchmarkSet;291;jdk.internal.loader.ClassLoaders$AppClassLoader;BootstrapClassLoader
ClassLoader.loadClass;java.util.function.Predicate;org.dacapo.harness.CommandLineArgs.extractBenchmarkSet;292;jdk.internal.loader.ClassLoaders$AppClassLoader;BootstrapClassLoader
ClassLoader.loadClass;java.util.jar.Attributes$Name;org.dacapo.harness.TestHarness.getManifestAttribute;288;jdk.internal.loader.ClassLoaders$AppClassLoader;BootstrapClassLoader
ClassLoader.loadClass;java.util.jar.Attributes;org.dacapo.harness.TestHarness.getManifestAttribute;288;jdk.internal.loader.ClassLoaders$AppClassLoader;BootstrapClassLoader
ClassLoader.loadClass;java.util.jar.Manifest;org.dacapo.harness.TestHarness.getManifestAttribute;287;jdk.internal.loader.ClassLoaders$AppClassLoader;BootstrapClassLoader
ClassLoader.loadClass;java.util.regex.PatternSyntaxException;jdk.nio.zipfs.ZipFileSystem$Entry.readCEN;2798;jdk.internal.loader.ClassLoaders$PlatformClassLoader;BootstrapClassLoader
ClassLoader.loadClass;java.util.stream.Collectors;org.dacapo.harness.CommandLineArgs.extractBenchmarkSet;295;jdk.internal.loader.ClassLoaders$AppClassLoader;BootstrapClassLoader
ClassLoader.loadClass;java.util.stream.Stream;org.dacapo.harness.CommandLineArgs.extractBenchmarkSet;292;jdk.internal.loader.ClassLoaders$AppClassLoader;BootstrapClassLoader
ClassLoader.loadClass;java.util.zip.Deflater;org.apache.batik.ext.awt.image.codec.png.PNGImageEncoder.writeIDAT;450;org.dacapo.harness.DacapoClassLoader;BootstrapClassLoader
ClassLoader.loadClass;java.util.zip.DeflaterOutputStream;java.lang.ClassLoader.defineClass2;;jdk.internal.loader.ClassLoaders$PlatformClassLoader;BootstrapClassLoader
ClassLoader.loadClass;java.util.zip.DeflaterOutputStream;org.apache.batik.ext.awt.image.codec.png.PNGTranscoderInternalCodecWriteAdapter.writeImage;88;org.dacapo.harness.DacapoClassLoader;BootstrapClassLoader
ClassLoader.loadClass;java.util.zip.GZIPInputStream;org.apache.batik.util.ParsedURLDefaultProtocolHandler.constructParsedURLData;67;org.dacapo.harness.DacapoClassLoader;BootstrapClassLoader
ClassLoader.loadClass;java.util.zip.InflaterInputStream;java.lang.ClassLoader.defineClass2;;jdk.internal.loader.ClassLoaders$PlatformClassLoader;BootstrapClassLoader
ClassLoader.loadClass;java.util.zip.InflaterInputStream;org.apache.batik.util.ParsedURLDefaultProtocolHandler.constructParsedURLData;67;org.dacapo.harness.DacapoClassLoader;BootstrapClassLoader
ClassLoader.loadClass;java.util.zip.ZipException;java.lang.Class.getDeclaredMethods0;;jdk.internal.loader.ClassLoaders$PlatformClassLoader;BootstrapClassLoader
ClassLoader.loadClass;java.util.zip.ZipException;org.apache.batik.util.ParsedURLDefaultProtocolHandler.constructParsedURLData;67;org.dacapo.harness.DacapoClassLoader;BootstrapClassLoader
ClassLoader.loadClass;java.util.zip.ZipInputStream;org.dacapo.harness.TestHarness.main;108;jdk.internal.loader.ClassLoaders$AppClassLoader;BootstrapClassLoader
ClassLoader.loadClass;javax.xml.bind.DatatypeConverter;org.dacapo.harness.Benchmark.getMD5;409;jdk.internal.loader.ClassLoaders$AppClassLoader;jdk.internal.loader.ClassLoaders$AppClassLoader
ClassLoader.loadClass;javax.xml.bind.DatatypeConverterImpl;javax.xml.bind.DatatypeConverter.initConverter;155;jdk.internal.loader.ClassLoaders$AppClassLoader;jdk.internal.loader.ClassLoaders$AppClassLoader
ClassLoader.loadClass;javax.xml.bind.DatatypeConverterInterface;org.dacapo.harness.Benchmark.getMD5;409;jdk.internal.loader.ClassLoaders$AppClassLoader;jdk.internal.loader.ClassLoaders$AppClassLoader
ClassLoader.loadClass;javax.xml.bind.JAXBPermission;org.dacapo.harness.Benchmark.getMD5;409;jdk.internal.loader.ClassLoaders$AppClassLoader;jdk.internal.loader.ClassLoaders$AppClassLoader
ClassLoader.loadClass;javax.xml.datatype.DatatypeConfigurationException;javax.xml.bind.DatatypeConverter.initConverter;155;jdk.internal.loader.ClassLoaders$AppClassLoader;BootstrapClassLoader
ClassLoader.loadClass;javax.xml.datatype.DatatypeFactory;javax.xml.bind.DatatypeConverterImpl.<clinit>;905;jdk.internal.loader.ClassLoaders$AppClassLoader;BootstrapClassLoader
ClassLoader.loadClass;javax.xml.parsers.ParserConfigurationException;org.apache.batik.transcoder.SVGAbstractTranscoder.createDocumentFactory;152;org.dacapo.harness.DacapoClassLoader;BootstrapClassLoader
ClassLoader.loadClass;javax.xml.parsers.SAXParser;org.apache.batik.dom.util.SAXDocumentFactory.createDocument;433;org.dacapo.harness.DacapoClassLoader;BootstrapClassLoader
ClassLoader.loadClass;javax.xml.parsers.SAXParserFactory;org.apache.batik.dom.util.SAXDocumentFactory.<clinit>;401;org.dacapo.harness.DacapoClassLoader;BootstrapClassLoader
ClassLoader.loadClass;jdk.internal.jrtfs.JrtFileSystemProvider;java.lang.Class.forName0;;jdk.internal.loader.ClassLoaders$AppClassLoader;BootstrapClassLoader
ClassLoader.loadClass;jdk.nio.zipfs.ZipCoder$UTF8;jdk.nio.zipfs.ZipFileSystem.<init>;175;jdk.internal.loader.ClassLoaders$PlatformClassLoader;jdk.internal.loader.ClassLoaders$PlatformClassLoader
ClassLoader.loadClass;jdk.nio.zipfs.ZipCoder;jdk.nio.zipfs.ZipFileSystem.<init>;175;jdk.internal.loader.ClassLoaders$PlatformClassLoader;jdk.internal.loader.ClassLoaders$PlatformClassLoader
ClassLoader.loadClass;jdk.nio.zipfs.ZipConstants;jdk.nio.zipfs.ZipFileSystem.findEND;1276;jdk.internal.loader.ClassLoaders$PlatformClassLoader;jdk.internal.loader.ClassLoaders$PlatformClassLoader
ClassLoader.loadClass;jdk.nio.zipfs.ZipDirectoryStream$1;jdk.nio.zipfs.ZipDirectoryStream.iterator;74;jdk.internal.loader.ClassLoaders$PlatformClassLoader;jdk.internal.loader.ClassLoaders$PlatformClassLoader
ClassLoader.loadClass;jdk.nio.zipfs.ZipDirectoryStream;jdk.nio.zipfs.ZipPath.newDirectoryStream;755;jdk.internal.loader.ClassLoaders$PlatformClassLoader;jdk.internal.loader.ClassLoaders$PlatformClassLoader
ClassLoader.loadClass;jdk.nio.zipfs.ZipFileAttributeView;jdk.nio.zipfs.ZipFileSystem.<init>;176;jdk.internal.loader.ClassLoaders$PlatformClassLoader;jdk.internal.loader.ClassLoaders$PlatformClassLoader
ClassLoader.loadClass;jdk.nio.zipfs.ZipFileAttributes;java.lang.ClassLoader.defineClass2;;jdk.internal.loader.ClassLoaders$PlatformClassLoader;jdk.internal.loader.ClassLoaders$PlatformClassLoader
ClassLoader.loadClass;jdk.nio.zipfs.ZipFileStore;jdk.nio.zipfs.ZipFileSystemProvider.getZipFileSystem;125;jdk.internal.loader.ClassLoaders$PlatformClassLoader;jdk.internal.loader.ClassLoaders$PlatformClassLoader
ClassLoader.loadClass;jdk.nio.zipfs.ZipFileSystem$1;jdk.nio.zipfs.ZipFileSystemProvider.getZipFileSystem;125;jdk.internal.loader.ClassLoaders$PlatformClassLoader;jdk.internal.loader.ClassLoaders$PlatformClassLoader
ClassLoader.loadClass;jdk.nio.zipfs.ZipFileSystem$2;jdk.nio.zipfs.ZipFileSystemProvider.getZipFileSystem;125;jdk.internal.loader.ClassLoaders$PlatformClassLoader;jdk.internal.loader.ClassLoaders$PlatformClassLoader
ClassLoader.loadClass;jdk.nio.zipfs.ZipFileSystem$DeflatingEntryOutputStream;jdk.nio.zipfs.ZipFileSystemProvider.getZipFileSystem;125;jdk.internal.loader.ClassLoaders$PlatformClassLoader;jdk.internal.loader.ClassLoaders$PlatformClassLoader
ClassLoader.loadClass;jdk.nio.zipfs.ZipFileSystem$END;jdk.nio.zipfs.ZipFileSystem.findEND;1279;jdk.internal.loader.ClassLoaders$PlatformClassLoader;jdk.internal.loader.ClassLoaders$PlatformClassLoader
ClassLoader.loadClass;jdk.nio.zipfs.ZipFileSystem$Entry;jdk.nio.zipfs.ZipFileSystemProvider.getZipFileSystem;125;jdk.internal.loader.ClassLoaders$PlatformClassLoader;jdk.internal.loader.ClassLoaders$PlatformClassLoader
ClassLoader.loadClass;jdk.nio.zipfs.ZipFileSystem$EntryInputStream;jdk.nio.zipfs.ZipFileSystemProvider.getZipFileSystem;125;jdk.internal.loader.ClassLoaders$PlatformClassLoader;jdk.internal.loader.ClassLoaders$PlatformClassLoader
ClassLoader.loadClass;jdk.nio.zipfs.ZipFileSystem$EntryOutputStream;jdk.nio.zipfs.ZipFileSystemProvider.getZipFileSystem;125;jdk.internal.loader.ClassLoaders$PlatformClassLoader;jdk.internal.loader.ClassLoaders$PlatformClassLoader
ClassLoader.loadClass;jdk.nio.zipfs.ZipFileSystem$EntryOutputStreamCRC32;jdk.nio.zipfs.ZipFileSystemProvider.getZipFileSystem;125;jdk.internal.loader.ClassLoaders$PlatformClassLoader;jdk.internal.loader.ClassLoaders$PlatformClassLoader
ClassLoader.loadClass;jdk.nio.zipfs.ZipFileSystem$EntryOutputStreamDef;jdk.nio.zipfs.ZipFileSystemProvider.getZipFileSystem;125;jdk.internal.loader.ClassLoaders$PlatformClassLoader;jdk.internal.loader.ClassLoaders$PlatformClassLoader
ClassLoader.loadClass;jdk.nio.zipfs.ZipFileSystem$FileRolloverOutputStream;jdk.nio.zipfs.ZipFileSystemProvider.getZipFileSystem;125;jdk.internal.loader.ClassLoaders$PlatformClassLoader;jdk.internal.loader.ClassLoaders$PlatformClassLoader
ClassLoader.loadClass;jdk.nio.zipfs.ZipFileSystem$IndexNode;jdk.nio.zipfs.ZipFileSystemProvider.getZipFileSystem;125;jdk.internal.loader.ClassLoaders$PlatformClassLoader;jdk.internal.loader.ClassLoaders$PlatformClassLoader
ClassLoader.loadClass;jdk.nio.zipfs.ZipFileSystem$ParentLookup;jdk.nio.zipfs.ZipFileSystem.makeParentDirs;1325;jdk.internal.loader.ClassLoaders$PlatformClassLoader;jdk.internal.loader.ClassLoaders$PlatformClassLoader
ClassLoader.loadClass;jdk.nio.zipfs.ZipFileSystem$PosixEntry;jdk.nio.zipfs.ZipFileSystemProvider.getZipFileSystem;125;jdk.internal.loader.ClassLoaders$PlatformClassLoader;jdk.internal.loader.ClassLoaders$PlatformClassLoader
ClassLoader.loadClass;jdk.nio.zipfs.ZipFileSystem;java.lang.Class.getDeclaredMethods0;;jdk.internal.loader.ClassLoaders$PlatformClassLoader;jdk.internal.loader.ClassLoaders$PlatformClassLoader
ClassLoader.loadClass;jdk.nio.zipfs.ZipPath;jdk.nio.zipfs.ZipFileSystem.<init>;176;jdk.internal.loader.ClassLoaders$PlatformClassLoader;jdk.internal.loader.ClassLoaders$PlatformClassLoader
ClassLoader.loadClass;jdk.nio.zipfs.ZipPosixFileAttributeView;jdk.nio.zipfs.ZipFileSystem.<init>;176;jdk.internal.loader.ClassLoaders$PlatformClassLoader;jdk.internal.loader.ClassLoaders$PlatformClassLoader
ClassLoader.loadClass;jdk.nio.zipfs.ZipUtils;jdk.nio.zipfs.ZipFileSystem$Entry.readCEN;2798;jdk.internal.loader.ClassLoaders$PlatformClassLoader;jdk.internal.loader.ClassLoaders$PlatformClassLoader
ClassLoader.loadClass;org.HdrHistogram.AbstractHistogram;java.lang.ClassLoader.defineClass1;;jdk.internal.loader.ClassLoaders$AppClassLoader;jdk.internal.loader.ClassLoaders$AppClassLoader
ClassLoader.loadClass;org.HdrHistogram.AbstractHistogramBase;java.lang.ClassLoader.defineClass1;;jdk.internal.loader.ClassLoaders$AppClassLoader;jdk.internal.loader.ClassLoaders$AppClassLoader
ClassLoader.loadClass;org.HdrHistogram.EncodableHistogram;org.dacapo.harness.Benchmark.run;272;jdk.internal.loader.ClassLoaders$AppClassLoader;jdk.internal.loader.ClassLoaders$AppClassLoader
ClassLoader.loadClass;org.HdrHistogram.Histogram;org.dacapo.harness.Benchmark.run;272;jdk.internal.loader.ClassLoaders$AppClassLoader;jdk.internal.loader.ClassLoaders$AppClassLoader
ClassLoader.loadClass;org.HdrHistogram.ValueRecorder;java.lang.ClassLoader.defineClass1;;jdk.internal.loader.ClassLoaders$AppClassLoader;jdk.internal.loader.ClassLoaders$AppClassLoader
ClassLoader.loadClass;org.apache.batik.Version;org.apache.batik.util.ParsedURL.<clinit>;90;org.dacapo.harness.DacapoClassLoader;org.dacapo.harness.DacapoClassLoader
ClassLoader.loadClass;org.apache.batik.anim.AbstractAnimation;org.apache.batik.bridge.SVGBridgeExtension.registerTags;154;org.dacapo.harness.DacapoClassLoader;org.dacapo.harness.DacapoClassLoader
ClassLoader.loadClass;org.apache.batik.anim.ColorAnimation;org.apache.batik.bridge.SVGBridgeExtension.registerTags;156;org.dacapo.harness.DacapoClassLoader;org.dacapo.harness.DacapoClassLoader
ClassLoader.loadClass;org.apache.batik.anim.InterpolatingAnimation;java.lang.ClassLoader.defineClass1;;org.dacapo.harness.DacapoClassLoader;org.dacapo.harness.DacapoClassLoader
ClassLoader.loadClass;org.apache.batik.anim.MotionAnimation;org.apache.batik.bridge.SVGBridgeExtension.registerTags;158;org.dacapo.harness.DacapoClassLoader;org.dacapo.harness.DacapoClassLoader
ClassLoader.loadClass;org.apache.batik.anim.SetAnimation;org.apache.batik.bridge.SVGBridgeExtension.registerTags;154;org.dacapo.harness.DacapoClassLoader;org.dacapo.harness.DacapoClassLoader
ClassLoader.loadClass;org.apache.batik.anim.SimpleAnimation;org.apache.batik.bridge.SVGBridgeExtension.registerTags;155;org.dacapo.harness.DacapoClassLoader;org.dacapo.harness.DacapoClassLoader
ClassLoader.loadClass;org.apache.batik.anim.TransformAnimation;org.apache.batik.bridge.SVGBridgeExtension.registerTags;157;org.dacapo.harness.DacapoClassLoader;org.dacapo.harness.DacapoClassLoader
ClassLoader.loadClass;org.apache.batik.anim.dom.AbstractElement$ExtendedNamedNodeHashMap;org.apache.batik.anim.dom.AbstractElement.createAttributes;205;org.dacapo.harness.DacapoClassLoader;org.dacapo.harness.DacapoClassLoader
ClassLoader.loadClass;org.apache.batik.anim.dom.AbstractElement;java.lang.ClassLoader.defineClass1;;org.dacapo.harness.DacapoClassLoader;org.dacapo.harness.DacapoClassLoader
ClassLoader.loadClass;org.apache.batik.anim.dom.AbstractSVGAnimatedLength$BaseSVGLength;org.apache.batik.anim.dom.AbstractSVGAnimatedLength.getCheckedValue;149;org.dacapo.harness.DacapoClassLoader;org.dacapo.harness.DacapoClassLoader
ClassLoader.loadClass;org.apache.batik.anim.dom.AbstractSVGAnimatedLength;java.lang.ClassLoader.defineClass1;;org.dacapo.harness.DacapoClassLoader;org.dacapo.harness.DacapoClassLoader
ClassLoader.loadClass;org.apache.batik.anim.dom.AbstractSVGAnimatedValue;java.lang.ClassLoader.defineClass1;;org.dacapo.harness.DacapoClassLoader;org.dacapo.harness.DacapoClassLoader
ClassLoader.loadClass;org.apache.batik.anim.dom.AbstractSVGLength$DefaultContext;org.apache.batik.anim.dom.AbstractSVGLength.<init>;105;org.dacapo.harness.DacapoClassLoader;org.dacapo.harness.DacapoClassLoader
ClassLoader.loadClass;org.apache.batik.anim.dom.AbstractSVGLength;java.lang.ClassLoader.defineClass1;;org.dacapo.harness.DacapoClassLoader;org.dacapo.harness.DacapoClassLoader
ClassLoader.loadClass;org.apache.batik.anim.dom.AnimatableElement;java.lang.ClassLoader.defineClass1;;org.dacapo.harness.DacapoClassLoader;org.dacapo.harness.DacapoClassLoader
ClassLoader.loadClass;org.apache.batik.anim.dom.AnimatedAttributeListener;org.apache.batik.anim.dom.SVGDOMImplementation.createDocument;140;org.dacapo.harness.DacapoClassLoader;org.dacapo.harness.DacapoClassLoader
ClassLoader.loadClass;org.apache.batik.anim.dom.AnimatedLiveAttributeValue;java.lang.ClassLoader.defineClass1;;org.dacapo.harness.DacapoClassLoader;org.dacapo.harness.DacapoClassLoader
ClassLoader.loadClass;org.apache.batik.anim.dom.AnimationTarget;java.lang.ClassLoader.defineClass1;;org.dacapo.harness.DacapoClassLoader;org.dacapo.harness.DacapoClassLoader
ClassLoader.loadClass;org.apache.batik.anim.dom.AttributeInitializer;org.apache.batik.anim.dom.SVGOMSVGElement.<clinit>;117;org.dacapo.harness.DacapoClassLoader;org.dacapo.harness.DacapoClassLoader
ClassLoader.loadClass;org.apache.batik.anim.dom.SAXSVGDocumentFactory;org.apache.batik.transcoder.SVGAbstractTranscoder.createDocumentFactory;152;org.dacapo.harness.DacapoClassLoader;org.dacapo.harness.DacapoClassLoader
ClassLoader.loadClass;org.apache.batik.anim.dom.SVGAnimationTargetContext;java.lang.ClassLoader.defineClass1;;org.dacapo.harness.DacapoClassLoader;org.dacapo.harness.DacapoClassLoader
ClassLoader.loadClass;org.apache.batik.anim.dom.SVGDOMImplementation$AElementFactory;org.apache.batik.anim.dom.SVGDOMImplementation.<clinit>;239;org.dacapo.harness.DacapoClassLoader;org.dacapo.harness.DacapoClassLoader
ClassLoader.loadClass;org.apache.batik.anim.dom.SVGDOMImplementation$AltGlyphDefElementFactory;org.apache.batik.anim.dom.SVGDOMImplementation.<clinit>;245;org.dacapo.harness.DacapoClassLoader;org.dacapo.harness.DacapoClassLoader
ClassLoader.loadClass;org.apache.batik.anim.dom.SVGDOMImplementation$AltGlyphElementFactory;org.apache.batik.anim.dom.SVGDOMImplementation.<clinit>;242;org.dacapo.harness.DacapoClassLoader;org.dacapo.harness.DacapoClassLoader
ClassLoader.loadClass;org.apache.batik.anim.dom.SVGDOMImplementation$AltGlyphItemElementFactory;org.apache.batik.anim.dom.SVGDOMImplementation.<clinit>;248;org.dacapo.harness.DacapoClassLoader;org.dacapo.harness.DacapoClassLoader
ClassLoader.loadClass;org.apache.batik.anim.dom.SVGDOMImplementation$AnimateColorElementFactory;org.apache.batik.anim.dom.SVGDOMImplementation.<clinit>;254;org.dacapo.harness.DacapoClassLoader;org.dacapo.harness.DacapoClassLoader
ClassLoader.loadClass;org.apache.batik.anim.dom.SVGDOMImplementation$AnimateElementFactory;org.apache.batik.anim.dom.SVGDOMImplementation.<clinit>;251;org.dacapo.harness.DacapoClassLoader;org.dacapo.harness.DacapoClassLoader
ClassLoader.loadClass;org.apache.batik.anim.dom.SVGDOMImplementation$AnimateMotionElementFactory;org.apache.batik.anim.dom.SVGDOMImplementation.<clinit>;257;org.dacapo.harness.DacapoClassLoader;org.dacapo.harness.DacapoClassLoader
ClassLoader.loadClass;org.apache.batik.anim.dom.SVGDOMImplementation$AnimateTransformElementFactory;org.apache.batik.anim.dom.SVGDOMImplementation.<clinit>;260;org.dacapo.harness.DacapoClassLoader;org.dacapo.harness.DacapoClassLoader
ClassLoader.loadClass;org.apache.batik.anim.dom.SVGDOMImplementation$CircleElementFactory;org.apache.batik.anim.dom.SVGDOMImplementation.<clinit>;263;org.dacapo.harness.DacapoClassLoader;org.dacapo.harness.DacapoClassLoader
ClassLoader.loadClass;org.apache.batik.anim.dom.SVGDOMImplementation$ClipPathElementFactory;org.apache.batik.anim.dom.SVGDOMImplementation.<clinit>;266;org.dacapo.harness.DacapoClassLoader;org.dacapo.harness.DacapoClassLoader
ClassLoader.loadClass;org.apache.batik.anim.dom.SVGDOMImplementation$ColorProfileElementFactory;org.apache.batik.anim.dom.SVGDOMImplementation.<clinit>;269;org.dacapo.harness.DacapoClassLoader;org.dacapo.harness.DacapoClassLoader
ClassLoader.loadClass;org.apache.batik.anim.dom.SVGDOMImplementation$CursorElementFactory;org.apache.batik.anim.dom.SVGDOMImplementation.<clinit>;272;org.dacapo.harness.DacapoClassLoader;org.dacapo.harness.DacapoClassLoader
ClassLoader.loadClass;org.apache.batik.anim.dom.SVGDOMImplementation$DefinitionSrcElementFactory;org.apache.batik.anim.dom.SVGDOMImplementation.<clinit>;275;org.dacapo.harness.DacapoClassLoader;org.dacapo.harness.DacapoClassLoader
ClassLoader.loadClass;org.apache.batik.anim.dom.SVGDOMImplementation$DefsElementFactory;org.apache.batik.anim.dom.SVGDOMImplementation.<clinit>;278;org.dacapo.harness.DacapoClassLoader;org.dacapo.harness.DacapoClassLoader
ClassLoader.loadClass;org.apache.batik.anim.dom.SVGDOMImplementation$DescElementFactory;org.apache.batik.anim.dom.SVGDOMImplementation.<clinit>;281;org.dacapo.harness.DacapoClassLoader;org.dacapo.harness.DacapoClassLoader
ClassLoader.loadClass;org.apache.batik.anim.dom.SVGDOMImplementation$EllipseElementFactory;org.apache.batik.anim.dom.SVGDOMImplementation.<clinit>;284;org.dacapo.harness.DacapoClassLoader;org.dacapo.harness.DacapoClassLoader
ClassLoader.loadClass;org.apache.batik.anim.dom.SVGDOMImplementation$FeBlendElementFactory;org.apache.batik.anim.dom.SVGDOMImplementation.<clinit>;287;org.dacapo.harness.DacapoClassLoader;org.dacapo.harness.DacapoClassLoader
ClassLoader.loadClass;org.apache.batik.anim.dom.SVGDOMImplementation$FeColorMatrixElementFactory;org.apache.batik.anim.dom.SVGDOMImplementation.<clinit>;290;org.dacapo.harness.DacapoClassLoader;org.dacapo.harness.DacapoClassLoader
ClassLoader.loadClass;org.apache.batik.anim.dom.SVGDOMImplementation$FeComponentTransferElementFactory;org.apache.batik.anim.dom.SVGDOMImplementation.<clinit>;293;org.dacapo.harness.DacapoClassLoader;org.dacapo.harness.DacapoClassLoader
ClassLoader.loadClass;org.apache.batik.anim.dom.SVGDOMImplementation$FeCompositeElementFactory;org.apache.batik.anim.dom.SVGDOMImplementation.<clinit>;296;org.dacapo.harness.DacapoClassLoader;org.dacapo.harness.DacapoClassLoader
ClassLoader.loadClass;org.apache.batik.anim.dom.SVGDOMImplementation$FeConvolveMatrixElementFactory;org.apache.batik.anim.dom.SVGDOMImplementation.<clinit>;299;org.dacapo.harness.DacapoClassLoader;org.dacapo.harness.DacapoClassLoader
ClassLoader.loadClass;org.apache.batik.anim.dom.SVGDOMImplementation$FeDiffuseLightingElementFactory;org.apache.batik.anim.dom.SVGDOMImplementation.<clinit>;302;org.dacapo.harness.DacapoClassLoader;org.dacapo.harness.DacapoClassLoader
ClassLoader.loadClass;org.apache.batik.anim.dom.SVGDOMImplementation$FeDisplacementMapElementFactory;org.apache.batik.anim.dom.SVGDOMImplementation.<clinit>;305;org.dacapo.harness.DacapoClassLoader;org.dacapo.harness.DacapoClassLoader
ClassLoader.loadClass;org.apache.batik.anim.dom.SVGDOMImplementation$FeDistantLightElementFactory;org.apache.batik.anim.dom.SVGDOMImplementation.<clinit>;308;org.dacapo.harness.DacapoClassLoader;org.dacapo.harness.DacapoClassLoader
ClassLoader.loadClass;org.apache.batik.anim.dom.SVGDOMImplementation$FeFloodElementFactory;org.apache.batik.anim.dom.SVGDOMImplementation.<clinit>;311;org.dacapo.harness.DacapoClassLoader;org.dacapo.harness.DacapoClassLoader
ClassLoader.loadClass;org.apache.batik.anim.dom.SVGDOMImplementation$FeFuncAElementFactory;org.apache.batik.anim.dom.SVGDOMImplementation.<clinit>;314;org.dacapo.harness.DacapoClassLoader;org.dacapo.harness.DacapoClassLoader
ClassLoader.loadClass;org.apache.batik.anim.dom.SVGDOMImplementation$FeFuncBElementFactory;org.apache.batik.anim.dom.SVGDOMImplementation.<clinit>;323;org.dacapo.harness.DacapoClassLoader;org.dacapo.harness.DacapoClassLoader
ClassLoader.loadClass;org.apache.batik.anim.dom.SVGDOMImplementation$FeFuncGElementFactory;org.apache.batik.anim.dom.SVGDOMImplementation.<clinit>;320;org.dacapo.harness.DacapoClassLoader;org.dacapo.harness.DacapoClassLoader
ClassLoader.loadClass;org.apache.batik.anim.dom.SVGDOMImplementation$FeFuncRElementFactory;org.apache.batik.anim.dom.SVGDOMImplementation.<clinit>;317;org.dacapo.harness.DacapoClassLoader;org.dacapo.harness.DacapoClassLoader
ClassLoader.loadClass;org.apache.batik.anim.dom.SVGDOMImplementation$FeGaussianBlurElementFactory;org.apache.batik.anim.dom.SVGDOMImplementation.<clinit>;326;org.dacapo.harness.DacapoClassLoader;org.dacapo.harness.DacapoClassLoader
ClassLoader.loadClass;org.apache.batik.anim.dom.SVGDOMImplementation$FeImageElementFactory;org.apache.batik.anim.dom.SVGDOMImplementation.<clinit>;329;org.dacapo.harness.DacapoClassLoader;org.dacapo.harness.DacapoClassLoader
ClassLoader.loadClass;org.apache.batik.anim.dom.SVGDOMImplementation$FeMergeElementFactory;org.apache.batik.anim.dom.SVGDOMImplementation.<clinit>;332;org.dacapo.harness.DacapoClassLoader;org.dacapo.harness.DacapoClassLoader
ClassLoader.loadClass;org.apache.batik.anim.dom.SVGDOMImplementation$FeMergeNodeElementFactory;org.apache.batik.anim.dom.SVGDOMImplementation.<clinit>;335;org.dacapo.harness.DacapoClassLoader;org.dacapo.harness.DacapoClassLoader
ClassLoader.loadClass;org.apache.batik.anim.dom.SVGDOMImplementation$FeMorphologyElementFactory;org.apache.batik.anim.dom.SVGDOMImplementation.<clinit>;338;org.dacapo.harness.DacapoClassLoader;org.dacapo.harness.DacapoClassLoader
ClassLoader.loadClass;org.apache.batik.anim.dom.SVGDOMImplementation$FeOffsetElementFactory;org.apache.batik.anim.dom.SVGDOMImplementation.<clinit>;341;org.dacapo.harness.DacapoClassLoader;org.dacapo.harness.DacapoClassLoader
ClassLoader.loadClass;org.apache.batik.anim.dom.SVGDOMImplementation$FePointLightElementFactory;org.apache.batik.anim.dom.SVGDOMImplementation.<clinit>;344;org.dacapo.harness.DacapoClassLoader;org.dacapo.harness.DacapoClassLoader
ClassLoader.loadClass;org.apache.batik.anim.dom.SVGDOMImplementation$FeSpecularLightingElementFactory;org.apache.batik.anim.dom.SVGDOMImplementation.<clinit>;347;org.dacapo.harness.DacapoClassLoader;org.dacapo.harness.DacapoClassLoader
ClassLoader.loadClass;org.apache.batik.anim.dom.SVGDOMImplementation$FeSpotLightElementFactory;org.apache.batik.anim.dom.SVGDOMImplementation.<clinit>;350;org.dacapo.harness.DacapoClassLoader;org.dacapo.harness.DacapoClassLoader
ClassLoader.loadClass;org.apache.batik.anim.dom.SVGDOMImplementation$FeTileElementFactory;org.apache.batik.anim.dom.SVGDOMImplementation.<clinit>;353;org.dacapo.harness.DacapoClassLoader;org.dacapo.harness.DacapoClassLoader
ClassLoader.loadClass;org.apache.batik.anim.dom.SVGDOMImplementation$FeTurbulenceElementFactory;org.apache.batik.anim.dom.SVGDOMImplementation.<clinit>;356;org.dacapo.harness.DacapoClassLoader;org.dacapo.harness.DacapoClassLoader
ClassLoader.loadClass;org.apache.batik.anim.dom.SVGDOMImplementation$FilterElementFactory;org.apache.batik.anim.dom.SVGDOMImplementation.<clinit>;359;org.dacapo.harness.DacapoClassLoader;org.dacapo.harness.DacapoClassLoader
ClassLoader.loadClass;org.apache.batik.anim.dom.SVGDOMImplementation$FontElementFactory;org.apache.batik.anim.dom.SVGDOMImplementation.<clinit>;362;org.dacapo.harness.DacapoClassLoader;org.dacapo.harness.DacapoClassLoader
ClassLoader.loadClass;org.apache.batik.anim.dom.SVGDOMImplementation$FontFaceElementFactory;org.apache.batik.anim.dom.SVGDOMImplementation.<clinit>;365;org.dacapo.harness.DacapoClassLoader;org.dacapo.harness.DacapoClassLoader
ClassLoader.loadClass;org.apache.batik.anim.dom.SVGDOMImplementation$FontFaceFormatElementFactory;org.apache.batik.anim.dom.SVGDOMImplementation.<clinit>;368;org.dacapo.harness.DacapoClassLoader;org.dacapo.harness.DacapoClassLoader
ClassLoader.loadClass;org.apache.batik.anim.dom.SVGDOMImplementation$FontFaceNameElementFactory;org.apache.batik.anim.dom.SVGDOMImplementation.<clinit>;371;org.dacapo.harness.DacapoClassLoader;org.dacapo.harness.DacapoClassLoader
ClassLoader.loadClass;org.apache.batik.anim.dom.SVGDOMImplementation$FontFaceSrcElementFactory;org.apache.batik.anim.dom.SVGDOMImplementation.<clinit>;374;org.dacapo.harness.DacapoClassLoader;org.dacapo.harness.DacapoClassLoader
ClassLoader.loadClass;org.apache.batik.anim.dom.SVGDOMImplementation$FontFaceUriElementFactory;org.apache.batik.anim.dom.SVGDOMImplementation.<clinit>;377;org.dacapo.harness.DacapoClassLoader;org.dacapo.harness.DacapoClassLoader
ClassLoader.loadClass;org.apache.batik.anim.dom.SVGDOMImplementation$ForeignObjectElementFactory;org.apache.batik.anim.dom.SVGDOMImplementation.<clinit>;380;org.dacapo.harness.DacapoClassLoader;org.dacapo.harness.DacapoClassLoader
ClassLoader.loadClass;org.apache.batik.anim.dom.SVGDOMImplementation$GElementFactory;org.apache.batik.anim.dom.SVGDOMImplementation.<clinit>;383;org.dacapo.harness.DacapoClassLoader;org.dacapo.harness.DacapoClassLoader
ClassLoader.loadClass;org.apache.batik.anim.dom.SVGDOMImplementation$GlyphElementFactory;org.apache.batik.anim.dom.SVGDOMImplementation.<clinit>;386;org.dacapo.harness.DacapoClassLoader;org.dacapo.harness.DacapoClassLoader
ClassLoader.loadClass;org.apache.batik.anim.dom.SVGDOMImplementation$GlyphRefElementFactory;org.apache.batik.anim.dom.SVGDOMImplementation.<clinit>;389;org.dacapo.harness.DacapoClassLoader;org.dacapo.harness.DacapoClassLoader
ClassLoader.loadClass;org.apache.batik.anim.dom.SVGDOMImplementation$HkernElementFactory;org.apache.batik.anim.dom.SVGDOMImplementation.<clinit>;392;org.dacapo.harness.DacapoClassLoader;org.dacapo.harness.DacapoClassLoader
ClassLoader.loadClass;org.apache.batik.anim.dom.SVGDOMImplementation$ImageElementFactory;org.apache.batik.anim.dom.SVGDOMImplementation.<clinit>;395;org.dacapo.harness.DacapoClassLoader;org.dacapo.harness.DacapoClassLoader
ClassLoader.loadClass;org.apache.batik.anim.dom.SVGDOMImplementation$LineElementFactory;org.apache.batik.anim.dom.SVGDOMImplementation.<clinit>;398;org.dacapo.harness.DacapoClassLoader;org.dacapo.harness.DacapoClassLoader
ClassLoader.loadClass;org.apache.batik.anim.dom.SVGDOMImplementation$LinearGradientElementFactory;org.apache.batik.anim.dom.SVGDOMImplementation.<clinit>;401;org.dacapo.harness.DacapoClassLoader;org.dacapo.harness.DacapoClassLoader
ClassLoader.loadClass;org.apache.batik.anim.dom.SVGDOMImplementation$MarkerElementFactory;org.apache.batik.anim.dom.SVGDOMImplementation.<clinit>;404;org.dacapo.harness.DacapoClassLoader;org.dacapo.harness.DacapoClassLoader
ClassLoader.loadClass;org.apache.batik.anim.dom.SVGDOMImplementation$MaskElementFactory;org.apache.batik.anim.dom.SVGDOMImplementation.<clinit>;407;org.dacapo.harness.DacapoClassLoader;org.dacapo.harness.DacapoClassLoader
ClassLoader.loadClass;org.apache.batik.anim.dom.SVGDOMImplementation$MetadataElementFactory;org.apache.batik.anim.dom.SVGDOMImplementation.<clinit>;410;org.dacapo.harness.DacapoClassLoader;org.dacapo.harness.DacapoClassLoader
ClassLoader.loadClass;org.apache.batik.anim.dom.SVGDOMImplementation$MissingGlyphElementFactory;org.apache.batik.anim.dom.SVGDOMImplementation.<clinit>;413;org.dacapo.harness.DacapoClassLoader;org.dacapo.harness.DacapoClassLoader
ClassLoader.loadClass;org.apache.batik.anim.dom.SVGDOMImplementation$MpathElementFactory;org.apache.batik.anim.dom.SVGDOMImplementation.<clinit>;416;org.dacapo.harness.DacapoClassLoader;org.dacapo.harness.DacapoClassLoader
ClassLoader.loadClass;org.apache.batik.anim.dom.SVGDOMImplementation$PathElementFactory;org.apache.batik.anim.dom.SVGDOMImplementation.<clinit>;419;org.dacapo.harness.DacapoClassLoader;org.dacapo.harness.DacapoClassLoader
ClassLoader.loadClass;org.apache.batik.anim.dom.SVGDOMImplementation$PatternElementFactory;org.apache.batik.anim.dom.SVGDOMImplementation.<clinit>;422;org.dacapo.harness.DacapoClassLoader;org.dacapo.harness.DacapoClassLoader
ClassLoader.loadClass;org.apache.batik.anim.dom.SVGDOMImplementation$PolygonElementFactory;org.apache.batik.anim.dom.SVGDOMImplementation.<clinit>;425;org.dacapo.harness.DacapoClassLoader;org.dacapo.harness.DacapoClassLoader
ClassLoader.loadClass;org.apache.batik.anim.dom.SVGDOMImplementation$PolylineElementFactory;org.apache.batik.anim.dom.SVGDOMImplementation.<clinit>;428;org.dacapo.harness.DacapoClassLoader;org.dacapo.harness.DacapoClassLoader
ClassLoader.loadClass;org.apache.batik.anim.dom.SVGDOMImplementation$RadialGradientElementFactory;org.apache.batik.anim.dom.SVGDOMImplementation.<clinit>;431;org.dacapo.harness.DacapoClassLoader;org.dacapo.harness.DacapoClassLoader
ClassLoader.loadClass;org.apache.batik.anim.dom.SVGDOMImplementation$RectElementFactory;org.apache.batik.anim.dom.SVGDOMImplementation.<clinit>;434;org.dacapo.harness.DacapoClassLoader;org.dacapo.harness.DacapoClassLoader
ClassLoader.loadClass;org.apache.batik.anim.dom.SVGDOMImplementation$ScriptElementFactory;org.apache.batik.anim.dom.SVGDOMImplementation.<clinit>;440;org.dacapo.harness.DacapoClassLoader;org.dacapo.harness.DacapoClassLoader
ClassLoader.loadClass;org.apache.batik.anim.dom.SVGDOMImplementation$SetElementFactory;org.apache.batik.anim.dom.SVGDOMImplementation.<clinit>;437;org.dacapo.harness.DacapoClassLoader;org.dacapo.harness.DacapoClassLoader
ClassLoader.loadClass;org.apache.batik.anim.dom.SVGDOMImplementation$StopElementFactory;org.apache.batik.anim.dom.SVGDOMImplementation.<clinit>;443;org.dacapo.harness.DacapoClassLoader;org.dacapo.harness.DacapoClassLoader
ClassLoader.loadClass;org.apache.batik.anim.dom.SVGDOMImplementation$StyleElementFactory;org.apache.batik.anim.dom.SVGDOMImplementation.<clinit>;446;org.dacapo.harness.DacapoClassLoader;org.dacapo.harness.DacapoClassLoader
ClassLoader.loadClass;org.apache.batik.anim.dom.SVGDOMImplementation$SvgElementFactory;org.apache.batik.anim.dom.SVGDOMImplementation.<clinit>;449;org.dacapo.harness.DacapoClassLoader;org.dacapo.harness.DacapoClassLoader
ClassLoader.loadClass;org.apache.batik.anim.dom.SVGDOMImplementation$SwitchElementFactory;org.apache.batik.anim.dom.SVGDOMImplementation.<clinit>;452;org.dacapo.harness.DacapoClassLoader;org.dacapo.harness.DacapoClassLoader
ClassLoader.loadClass;org.apache.batik.anim.dom.SVGDOMImplementation$SymbolElementFactory;org.apache.batik.anim.dom.SVGDOMImplementation.<clinit>;455;org.dacapo.harness.DacapoClassLoader;org.dacapo.harness.DacapoClassLoader
ClassLoader.loadClass;org.apache.batik.anim.dom.SVGDOMImplementation$TextElementFactory;org.apache.batik.anim.dom.SVGDOMImplementation.<clinit>;458;org.dacapo.harness.DacapoClassLoader;org.dacapo.harness.DacapoClassLoader
ClassLoader.loadClass;org.apache.batik.anim.dom.SVGDOMImplementation$TextPathElementFactory;org.apache.batik.anim.dom.SVGDOMImplementation.<clinit>;461;org.dacapo.harness.DacapoClassLoader;org.dacapo.harness.DacapoClassLoader
ClassLoader.loadClass;org.apache.batik.anim.dom.SVGDOMImplementation$TitleElementFactory;org.apache.batik.anim.dom.SVGDOMImplementation.<clinit>;464;org.dacapo.harness.DacapoClassLoader;org.dacapo.harness.DacapoClassLoader
ClassLoader.loadClass;org.apache.batik.anim.dom.SVGDOMImplementation$TrefElementFactory;org.apache.batik.anim.dom.SVGDOMImplementation.<clinit>;467;org.dacapo.harness.DacapoClassLoader;org.dacapo.harness.DacapoClassLoader
ClassLoader.loadClass;org.apache.batik.anim.dom.SVGDOMImplementation$TspanElementFactory;org.apache.batik.anim.dom.SVGDOMImplementation.<clinit>;470;org.dacapo.harness.DacapoClassLoader;org.dacapo.harness.DacapoClassLoader
ClassLoader.loadClass;org.apache.batik.anim.dom.SVGDOMImplementation$UseElementFactory;org.apache.batik.anim.dom.SVGDOMImplementation.<clinit>;473;org.dacapo.harness.DacapoClassLoader;org.dacapo.harness.DacapoClassLoader
ClassLoader.loadClass;org.apache.batik.anim.dom.SVGDOMImplementation$ViewElementFactory;org.apache.batik.anim.dom.SVGDOMImplementation.<clinit>;476;org.dacapo.harness.DacapoClassLoader;org.dacapo.harness.DacapoClassLoader
ClassLoader.loadClass;org.apache.batik.anim.dom.SVGDOMImplementation$VkernElementFactory;org.apache.batik.anim.dom.SVGDOMImplementation.<clinit>;479;org.dacapo.harness.DacapoClassLoader;org.dacapo.harness.DacapoClassLoader
ClassLoader.loadClass;org.apache.batik.anim.dom.SVGDOMImplementation;org.apache.batik.transcoder.SVGAbstractTranscoder.<init>;126;org.dacapo.harness.DacapoClassLoader;org.dacapo.harness.DacapoClassLoader
ClassLoader.loadClass;org.apache.batik.anim.dom.SVGGraphicsElement;java.lang.ClassLoader.defineClass1;;org.dacapo.harness.DacapoClassLoader;org.dacapo.harness.DacapoClassLoader
ClassLoader.loadClass;org.apache.batik.anim.dom.SVGOMAnimatedBoolean;org.apache.batik.anim.dom.SVGOMElement.createLiveAnimatedBoolean;374;org.dacapo.harness.DacapoClassLoader;org.dacapo.harness.DacapoClassLoader
ClassLoader.loadClass;org.apache.batik.anim.dom.SVGOMAnimatedEnumeration;org.apache.batik.anim.dom.SVGOMElement.createLiveAnimatedEnumeration;524;org.dacapo.harness.DacapoClassLoader;org.dacapo.harness.DacapoClassLoader
ClassLoader.loadClass;org.apache.batik.anim.dom.SVGOMAnimatedLength;org.apache.batik.anim.dom.SVGOMElement.createLiveAnimatedLength;538;org.dacapo.harness.DacapoClassLoader;org.dacapo.harness.DacapoClassLoader
ClassLoader.loadClass;org.apache.batik.anim.dom.SVGOMAnimatedNumber;org.apache.batik.anim.dom.SVGOMElement.createLiveAnimatedNumber;453;org.dacapo.harness.DacapoClassLoader;org.dacapo.harness.DacapoClassLoader
ClassLoader.loadClass;org.apache.batik.anim.dom.SVGOMAnimatedPathData$AnimSVGPathSegList;org.apache.batik.anim.dom.SVGOMAnimatedPathData.getAnimatedPathSegList;124;org.dacapo.harness.DacapoClassLoader;org.dacapo.harness.DacapoClassLoader
ClassLoader.loadClass;org.apache.batik.anim.dom.SVGOMAnimatedPathData$BaseSVGPathSegList;org.apache.batik.anim.dom.SVGOMAnimatedPathData.check;178;org.dacapo.harness.DacapoClassLoader;org.dacapo.harness.DacapoClassLoader
ClassLoader.loadClass;org.apache.batik.anim.dom.SVGOMAnimatedPathData;org.apache.batik.anim.dom.SVGOMElement.createLiveAnimatedPathData;430;org.dacapo.harness.DacapoClassLoader;org.dacapo.harness.DacapoClassLoader
ClassLoader.loadClass;org.apache.batik.anim.dom.SVGOMAnimatedPreserveAspectRatio;org.apache.batik.anim.dom.SVGOMElement.createLiveAnimatedPreserveAspectRatio;402;org.dacapo.harness.DacapoClassLoader;org.dacapo.harness.DacapoClassLoader
ClassLoader.loadClass;org.apache.batik.anim.dom.SVGOMAnimatedRect;org.apache.batik.anim.dom.SVGOMElement.createLiveAnimatedRect;552;org.dacapo.harness.DacapoClassLoader;org.dacapo.harness.DacapoClassLoader
ClassLoader.loadClass;org.apache.batik.anim.dom.SVGOMAnimatedString;org.apache.batik.anim.dom.SVGOMElement.createLiveAnimatedString;388;org.dacapo.harness.DacapoClassLoader;org.dacapo.harness.DacapoClassLoader
ClassLoader.loadClass;org.apache.batik.anim.dom.SVGOMAnimatedTransformList$AnimSVGTransformList;org.apache.batik.anim.dom.SVGOMAnimatedTransformList.getAnimVal;100;org.dacapo.harness.DacapoClassLoader;org.dacapo.harness.DacapoClassLoader
ClassLoader.loadClass;org.apache.batik.anim.dom.SVGOMAnimatedTransformList$BaseSVGTransformList;org.apache.batik.anim.dom.SVGOMAnimatedTransformList.check;111;org.dacapo.harness.DacapoClassLoader;org.dacapo.harness.DacapoClassLoader
ClassLoader.loadClass;org.apache.batik.anim.dom.SVGOMAnimatedTransformList;org.apache.batik.anim.dom.SVGOMElement.createLiveAnimatedTransformList;360;org.dacapo.harness.DacapoClassLoader;org.dacapo.harness.DacapoClassLoader
ClassLoader.loadClass;org.apache.batik.anim.dom.SVGOMClipPathElement;org.apache.batik.anim.dom.SVGDOMImplementation$ClipPathElementFactory.create;616;org.dacapo.harness.DacapoClassLoader;org.dacapo.harness.DacapoClassLoader
ClassLoader.loadClass;org.apache.batik.anim.dom.SVGOMDefsElement;org.apache.batik.anim.dom.SVGDOMImplementation$DefsElementFactory.create;671;org.dacapo.harness.DacapoClassLoader;org.dacapo.harness.DacapoClassLoader
ClassLoader.loadClass;org.apache.batik.anim.dom.SVGOMDocument$AnimAttrListener;org.apache.batik.anim.dom.SVGOMDocument.<init>;131;org.dacapo.harness.DacapoClassLoader;org.dacapo.harness.DacapoClassLoader
ClassLoader.loadClass;org.apache.batik.anim.dom.SVGOMDocument;org.apache.batik.anim.dom.SVGDOMImplementation.createDocument;140;org.dacapo.harness.DacapoClassLoader;org.dacapo.harness.DacapoClassLoader
ClassLoader.loadClass;org.apache.batik.anim.dom.SVGOMElement;java.lang.ClassLoader.defineClass1;;org.dacapo.harness.DacapoClassLoader;org.dacapo.harness.DacapoClassLoader
ClassLoader.loadClass;org.apache.batik.anim.dom.SVGOMGElement;org.apache.batik.anim.dom.SVGDOMImplementation$GElementFactory.create;1159;org.dacapo.harness.DacapoClassLoader;org.dacapo.harness.DacapoClassLoader
ClassLoader.loadClass;org.apache.batik.anim.dom.SVGOMGradientElement;java.lang.ClassLoader.defineClass1;;org.dacapo.harness.DacapoClassLoader;org.dacapo.harness.DacapoClassLoader
ClassLoader.loadClass;org.apache.batik.anim.dom.SVGOMLinearGradientElement;org.apache.batik.anim.dom.SVGDOMImplementation$LinearGradientElementFactory.create;1238;org.dacapo.harness.DacapoClassLoader;org.dacapo.harness.DacapoClassLoader
ClassLoader.loadClass;org.apache.batik.anim.dom.SVGOMMetadataElement;org.apache.batik.anim.dom.SVGDOMImplementation$MetadataElementFactory.create;1278;org.dacapo.harness.DacapoClassLoader;org.dacapo.harness.DacapoClassLoader
ClassLoader.loadClass;org.apache.batik.anim.dom.SVGOMPathElement;org.apache.batik.anim.dom.SVGDOMImplementation$PathElementFactory.create;1318;org.dacapo.harness.DacapoClassLoader;org.dacapo.harness.DacapoClassLoader
ClassLoader.loadClass;org.apache.batik.anim.dom.SVGOMRadialGradientElement$1;org.apache.batik.anim.dom.SVGDOMImplementation$RadialGradientElementFactory.create;1371;org.dacapo.harness.DacapoClassLoader;org.dacapo.harness.DacapoClassLoader
ClassLoader.loadClass;org.apache.batik.anim.dom.SVGOMRadialGradientElement$2;org.apache.batik.anim.dom.SVGDOMImplementation$RadialGradientElementFactory.create;1371;org.dacapo.harness.DacapoClassLoader;org.dacapo.harness.DacapoClassLoader
ClassLoader.loadClass;org.apache.batik.anim.dom.SVGOMRadialGradientElement;org.apache.batik.anim.dom.SVGDOMImplementation$RadialGradientElementFactory.create;1371;org.dacapo.harness.DacapoClassLoader;org.dacapo.harness.DacapoClassLoader
ClassLoader.loadClass;org.apache.batik.anim.dom.SVGOMRectElement$1;org.apache.batik.anim.dom.SVGDOMImplementation$RectElementFactory.create;1385;org.dacapo.harness.DacapoClassLoader;org.dacapo.harness.DacapoClassLoader
ClassLoader.loadClass;org.apache.batik.anim.dom.SVGOMRectElement$2;org.apache.batik.anim.dom.SVGDOMImplementation$RectElementFactory.create;1385;org.dacapo.harness.DacapoClassLoader;org.dacapo.harness.DacapoClassLoader
ClassLoader.loadClass;org.apache.batik.anim.dom.SVGOMRectElement;org.apache.batik.anim.dom.SVGDOMImplementation$RectElementFactory.create;1385;org.dacapo.harness.DacapoClassLoader;org.dacapo.harness.DacapoClassLoader
ClassLoader.loadClass;org.apache.batik.anim.dom.SVGOMSVGElement;org.apache.batik.anim.dom.SVGDOMImplementation$SvgElementFactory.create;1450;org.dacapo.harness.DacapoClassLoader;org.dacapo.harness.DacapoClassLoader
ClassLoader.loadClass;org.apache.batik.anim.dom.SVGOMStopElement;org.apache.batik.anim.dom.SVGDOMImplementation$StopElementFactory.create;1424;org.dacapo.harness.DacapoClassLoader;org.dacapo.harness.DacapoClassLoader
ClassLoader.loadClass;org.apache.batik.anim.dom.SVGOMUseElement;org.apache.batik.anim.dom.SVGDOMImplementation$UseElementFactory.create;1554;org.dacapo.harness.DacapoClassLoader;org.dacapo.harness.DacapoClassLoader
ClassLoader.loadClass;org.apache.batik.anim.dom.SVGStylableElement$OverrideStyleDeclaration;org.apache.batik.anim.dom.SVGStylableElement.getOverrideStyle;127;org.dacapo.harness.DacapoClassLoader;org.dacapo.harness.DacapoClassLoader
ClassLoader.loadClass;org.apache.batik.anim.dom.SVGStylableElement;java.lang.ClassLoader.defineClass1;;org.dacapo.harness.DacapoClassLoader;org.dacapo.harness.DacapoClassLoader
ClassLoader.loadClass;org.apache.batik.anim.dom.SVGURIReferenceGraphicsElement;java.lang.ClassLoader.defineClass1;;org.dacapo.harness.DacapoClassLoader;org.dacapo.harness.DacapoClassLoader
ClassLoader.loadClass;org.apache.batik.anim.dom.TraitInformation;org.apache.batik.anim.dom.SVGOMElement.<clinit>;72;org.dacapo.harness.DacapoClassLoader;org.dacapo.harness.DacapoClassLoader
ClassLoader.loadClass;org.apache.batik.anim.timing.TimedElement;org.apache.batik.bridge.SVGBridgeExtension.registerTags;154;org.dacapo.harness.DacapoClassLoader;org.dacapo.harness.DacapoClassLoader
ClassLoader.loadClass;org.apache.batik.anim.values.AnimatableBooleanValue;org.apache.batik.anim.dom.SVGOMElement.createLiveAnimatedBoolean;374;org.dacapo.harness.DacapoClassLoader;org.dacapo.harness.DacapoClassLoader
ClassLoader.loadClass;org.apache.batik.anim.values.AnimatableLengthValue;org.apache.batik.anim.dom.SVGOMElement.createLiveAnimatedLength;538;org.dacapo.harness.DacapoClassLoader;org.dacapo.harness.DacapoClassLoader
ClassLoader.loadClass;org.apache.batik.anim.values.AnimatableMotionPointValue;org.apache.batik.bridge.SVGBridgeExtension.registerTags;158;org.dacapo.harness.DacapoClassLoader;org.dacapo.harness.DacapoClassLoader
ClassLoader.loadClass;org.apache.batik.anim.values.AnimatableNumberOptionalNumberValue;org.apache.batik.anim.dom.SVGDOMImplementation$SvgElementFactory.create;1450;org.dacapo.harness.DacapoClassLoader;org.dacapo.harness.DacapoClassLoader
ClassLoader.loadClass;org.apache.batik.anim.values.AnimatableNumberValue;org.apache.batik.anim.dom.SVGOMElement.createLiveAnimatedNumber;453;org.dacapo.harness.DacapoClassLoader;org.dacapo.harness.DacapoClassLoader
ClassLoader.loadClass;org.apache.batik.anim.values.AnimatablePathDataValue;org.apache.batik.anim.dom.SVGOMElement.createLiveAnimatedPathData;430;org.dacapo.harness.DacapoClassLoader;org.dacapo.harness.DacapoClassLoader
ClassLoader.loadClass;org.apache.batik.anim.values.AnimatablePreserveAspectRatioValue;org.apache.batik.anim.dom.SVGOMElement.createLiveAnimatedPreserveAspectRatio;402;org.dacapo.harness.DacapoClassLoader;org.dacapo.harness.DacapoClassLoader
ClassLoader.loadClass;org.apache.batik.anim.values.AnimatableRectValue;org.apache.batik.anim.dom.SVGOMElement.createLiveAnimatedRect;552;org.dacapo.harness.DacapoClassLoader;org.dacapo.harness.DacapoClassLoader
ClassLoader.loadClass;org.apache.batik.anim.values.AnimatableStringValue;org.apache.batik.anim.dom.SVGOMElement.createLiveAnimatedString;388;org.dacapo.harness.DacapoClassLoader;org.dacapo.harness.DacapoClassLoader
ClassLoader.loadClass;org.apache.batik.anim.values.AnimatableTransformListValue;org.apache.batik.anim.dom.SVGOMElement.createLiveAnimatedTransformList;360;org.dacapo.harness.DacapoClassLoader;org.dacapo.harness.DacapoClassLoader
ClassLoader.loadClass;org.apache.batik.anim.values.AnimatableValue;org.apache.batik.anim.dom.SVGDOMImplementation$SvgElementFactory.create;1450;org.dacapo.harness.DacapoClassLoader;org.dacapo.harness.DacapoClassLoader
ClassLoader.loadClass;org.apache.batik.apps.rasterizer.DestinationType;org.apache.batik.apps.rasterizer.Main.<clinit>;536;org.dacapo.harness.DacapoClassLoader;org.dacapo.harness.DacapoClassLoader
ClassLoader.loadClass;org.apache.batik.apps.rasterizer.Main$10;org.apache.batik.apps.rasterizer.Main.<clinit>;673;org.dacapo.harness.DacapoClassLoader;org.dacapo.harness.DacapoClassLoader
ClassLoader.loadClass;org.apache.batik.apps.rasterizer.Main$11;org.apache.batik.apps.rasterizer.Main.<clinit>;685;org.dacapo.harness.DacapoClassLoader;org.dacapo.harness.DacapoClassLoader
ClassLoader.loadClass;org.apache.batik.apps.rasterizer.Main$12;org.apache.batik.apps.rasterizer.Main.<clinit>;697;org.dacapo.harness.DacapoClassLoader;org.dacapo.harness.DacapoClassLoader
ClassLoader.loadClass;org.apache.batik.apps.rasterizer.Main$13;org.apache.batik.apps.rasterizer.Main.<clinit>;709;org.dacapo.harness.DacapoClassLoader;org.dacapo.harness.DacapoClassLoader
ClassLoader.loadClass;org.apache.batik.apps.rasterizer.Main$14;org.apache.batik.apps.rasterizer.Main.<clinit>;721;org.dacapo.harness.DacapoClassLoader;org.dacapo.harness.DacapoClassLoader
ClassLoader.loadClass;org.apache.batik.apps.rasterizer.Main$15;org.apache.batik.apps.rasterizer.Main.<clinit>;738;org.dacapo.harness.DacapoClassLoader;org.dacapo.harness.DacapoClassLoader
ClassLoader.loadClass;org.apache.batik.apps.rasterizer.Main$16;org.apache.batik.apps.rasterizer.Main.<clinit>;754;org.dacapo.harness.DacapoClassLoader;org.dacapo.harness.DacapoClassLoader
ClassLoader.loadClass;org.apache.batik.apps.rasterizer.Main$17;org.apache.batik.apps.rasterizer.Main.<clinit>;771;org.dacapo.harness.DacapoClassLoader;org.dacapo.harness.DacapoClassLoader
ClassLoader.loadClass;org.apache.batik.apps.rasterizer.Main$18;org.apache.batik.apps.rasterizer.Main.<clinit>;781;org.dacapo.harness.DacapoClassLoader;org.dacapo.harness.DacapoClassLoader
ClassLoader.loadClass;org.apache.batik.apps.rasterizer.Main$19;org.apache.batik.apps.rasterizer.Main.<clinit>;792;org.dacapo.harness.DacapoClassLoader;org.dacapo.harness.DacapoClassLoader
ClassLoader.loadClass;org.apache.batik.apps.rasterizer.Main$1;org.apache.batik.apps.rasterizer.Main.<clinit>;543;org.dacapo.harness.DacapoClassLoader;org.dacapo.harness.DacapoClassLoader
ClassLoader.loadClass;org.apache.batik.apps.rasterizer.Main$20;org.apache.batik.apps.rasterizer.Main.<clinit>;805;org.dacapo.harness.DacapoClassLoader;org.dacapo.harness.DacapoClassLoader
ClassLoader.loadClass;org.apache.batik.apps.rasterizer.Main$21;org.apache.batik.apps.rasterizer.Main.<clinit>;817;org.dacapo.harness.DacapoClassLoader;org.dacapo.harness.DacapoClassLoader
ClassLoader.loadClass;org.apache.batik.apps.rasterizer.Main$22;org.apache.batik.apps.rasterizer.Main.<clinit>;828;org.dacapo.harness.DacapoClassLoader;org.dacapo.harness.DacapoClassLoader
ClassLoader.loadClass;org.apache.batik.apps.rasterizer.Main$23;org.apache.batik.apps.rasterizer.Main.<clinit>;839;org.dacapo.harness.DacapoClassLoader;org.dacapo.harness.DacapoClassLoader
ClassLoader.loadClass;org.apache.batik.apps.rasterizer.Main$2;org.apache.batik.apps.rasterizer.Main.<clinit>;554;org.dacapo.harness.DacapoClassLoader;org.dacapo.harness.DacapoClassLoader
ClassLoader.loadClass;org.apache.batik.apps.rasterizer.Main$3;org.apache.batik.apps.rasterizer.Main.<clinit>;573;org.dacapo.harness.DacapoClassLoader;org.dacapo.harness.DacapoClassLoader
ClassLoader.loadClass;org.apache.batik.apps.rasterizer.Main$4;org.apache.batik.apps.rasterizer.Main.<clinit>;589;org.dacapo.harness.DacapoClassLoader;org.dacapo.harness.DacapoClassLoader
ClassLoader.loadClass;org.apache.batik.apps.rasterizer.Main$5;org.apache.batik.apps.rasterizer.Main.<clinit>;605;org.dacapo.harness.DacapoClassLoader;org.dacapo.harness.DacapoClassLoader
ClassLoader.loadClass;org.apache.batik.apps.rasterizer.Main$6;org.apache.batik.apps.rasterizer.Main.<clinit>;621;org.dacapo.harness.DacapoClassLoader;org.dacapo.harness.DacapoClassLoader
ClassLoader.loadClass;org.apache.batik.apps.rasterizer.Main$7;org.apache.batik.apps.rasterizer.Main.<clinit>;637;org.dacapo.harness.DacapoClassLoader;org.dacapo.harness.DacapoClassLoader
ClassLoader.loadClass;org.apache.batik.apps.rasterizer.Main$8;org.apache.batik.apps.rasterizer.Main.<clinit>;649;org.dacapo.harness.DacapoClassLoader;org.dacapo.harness.DacapoClassLoader
ClassLoader.loadClass;org.apache.batik.apps.rasterizer.Main$9;org.apache.batik.apps.rasterizer.Main.<clinit>;661;org.dacapo.harness.DacapoClassLoader;org.dacapo.harness.DacapoClassLoader
ClassLoader.loadClass;org.apache.batik.apps.rasterizer.Main$AbstractOptionHandler;java.lang.ClassLoader.defineClass1;;org.dacapo.harness.DacapoClassLoader;org.dacapo.harness.DacapoClassLoader
ClassLoader.loadClass;org.apache.batik.apps.rasterizer.Main$ColorOptionHandler;java.lang.ClassLoader.defineClass1;;org.dacapo.harness.DacapoClassLoader;org.dacapo.harness.DacapoClassLoader
ClassLoader.loadClass;org.apache.batik.apps.rasterizer.Main$FloatOptionHandler;java.lang.ClassLoader.defineClass1;;org.dacapo.harness.DacapoClassLoader;org.dacapo.harness.DacapoClassLoader
ClassLoader.loadClass;org.apache.batik.apps.rasterizer.Main$NoValueOptionHandler;java.lang.ClassLoader.defineClass1;;org.dacapo.harness.DacapoClassLoader;org.dacapo.harness.DacapoClassLoader
ClassLoader.loadClass;org.apache.batik.apps.rasterizer.Main$OptionHandler;java.lang.ClassLoader.defineClass1;;org.dacapo.harness.DacapoClassLoader;org.dacapo.harness.DacapoClassLoader
ClassLoader.loadClass;org.apache.batik.apps.rasterizer.Main$RectangleOptionHandler;java.lang.ClassLoader.defineClass1;;org.dacapo.harness.DacapoClassLoader;org.dacapo.harness.DacapoClassLoader
ClassLoader.loadClass;org.apache.batik.apps.rasterizer.Main$SingleValueOptionHandler;java.lang.ClassLoader.defineClass1;;org.dacapo.harness.DacapoClassLoader;org.dacapo.harness.DacapoClassLoader
ClassLoader.loadClass;org.apache.batik.apps.rasterizer.Main$TimeOptionHandler;java.lang.ClassLoader.defineClass1;;org.dacapo.harness.DacapoClassLoader;org.dacapo.harness.DacapoClassLoader
ClassLoader.loadClass;org.apache.batik.apps.rasterizer.Main;java.lang.Class.forName0;;org.dacapo.harness.DacapoClassLoader;org.dacapo.harness.DacapoClassLoader
ClassLoader.loadClass;org.apache.batik.apps.rasterizer.Messages;org.apache.batik.apps.rasterizer.Main.<clinit>;299;org.dacapo.harness.DacapoClassLoader;org.dacapo.harness.DacapoClassLoader
ClassLoader.loadClass;org.apache.batik.apps.rasterizer.SVGConverter;java.lang.Class.getDeclaredMethods0;;org.dacapo.harness.DacapoClassLoader;org.dacapo.harness.DacapoClassLoader
ClassLoader.loadClass;org.apache.batik.apps.rasterizer.SVGConverterController;java.lang.ClassLoader.defineClass1;;org.dacapo.harness.DacapoClassLoader;org.dacapo.harness.DacapoClassLoader
ClassLoader.loadClass;org.apache.batik.apps.rasterizer.SVGConverterException;java.lang.Class.forName0;;org.dacapo.harness.DacapoClassLoader;org.dacapo.harness.DacapoClassLoader
ClassLoader.loadClass;org.apache.batik.apps.rasterizer.SVGConverterFileSource;org.apache.batik.apps.rasterizer.SVGConverter.computeSources;793;org.dacapo.harness.DacapoClassLoader;org.dacapo.harness.DacapoClassLoader
ClassLoader.loadClass;org.apache.batik.apps.rasterizer.SVGConverterSource;java.lang.Class.getDeclaredMethods0;;org.dacapo.harness.DacapoClassLoader;org.dacapo.harness.DacapoClassLoader
ClassLoader.loadClass;org.apache.batik.bridge.AbstractGraphicsNodeBridge;java.lang.ClassLoader.defineClass1;;org.dacapo.harness.DacapoClassLoader;org.dacapo.harness.DacapoClassLoader
ClassLoader.loadClass;org.apache.batik.bridge.AbstractSVGBridge;java.lang.ClassLoader.defineClass1;;org.dacapo.harness.DacapoClassLoader;org.dacapo.harness.DacapoClassLoader
ClassLoader.loadClass;org.apache.batik.bridge.AbstractSVGFilterPrimitiveElementBridge;java.lang.ClassLoader.defineClass1;;org.dacapo.harness.DacapoClassLoader;org.dacapo.harness.DacapoClassLoader
ClassLoader.loadClass;org.apache.batik.bridge.AbstractSVGGradientElementBridge$SVGStopElementBridge;org.apache.batik.bridge.SVGBridgeExtension.registerTags;146;org.dacapo.harness.DacapoClassLoader;org.dacapo.harness.DacapoClassLoader
ClassLoader.loadClass;org.apache.batik.bridge.AbstractSVGGradientElementBridge$Stop;org.apache.batik.bridge.AbstractSVGGradientElementBridge$SVGStopElementBridge.createStop;331;org.dacapo.harness.DacapoClassLoader;org.dacapo.harness.DacapoClassLoader
ClassLoader.loadClass;org.apache.batik.bridge.AbstractSVGGradientElementBridge;java.lang.ClassLoader.defineClass1;;org.dacapo.harness.DacapoClassLoader;org.dacapo.harness.DacapoClassLoader
ClassLoader.loadClass;org.apache.batik.bridge.AbstractSVGLightingElementBridge$AbstractSVGLightElementBridge;java.lang.ClassLoader.defineClass1;;org.dacapo.harness.DacapoClassLoader;org.dacapo.harness.DacapoClassLoader
ClassLoader.loadClass;org.apache.batik.bridge.AbstractSVGLightingElementBridge$SVGFeDistantLightElementBridge;org.apache.batik.bridge.SVGBridgeExtension.registerTags;115;org.dacapo.harness.DacapoClassLoader;org.dacapo.harness.DacapoClassLoader
ClassLoader.loadClass;org.apache.batik.bridge.AbstractSVGLightingElementBridge$SVGFePointLightElementBridge;org.apache.batik.bridge.SVGBridgeExtension.registerTags;123;org.dacapo.harness.DacapoClassLoader;org.dacapo.harness.DacapoClassLoader
ClassLoader.loadClass;org.apache.batik.bridge.AbstractSVGLightingElementBridge$SVGFeSpotLightElementBridge;org.apache.batik.bridge.SVGBridgeExtension.registerTags;125;org.dacapo.harness.DacapoClassLoader;org.dacapo.harness.DacapoClassLoader
ClassLoader.loadClass;org.apache.batik.bridge.AbstractSVGLightingElementBridge;java.lang.ClassLoader.defineClass1;;org.dacapo.harness.DacapoClassLoader;org.dacapo.harness.DacapoClassLoader
ClassLoader.loadClass;org.apache.batik.bridge.AnimatableGenericSVGBridge;java.lang.ClassLoader.defineClass1;;org.dacapo.harness.DacapoClassLoader;org.dacapo.harness.DacapoClassLoader
ClassLoader.loadClass;org.apache.batik.bridge.AnimatableSVGBridge;java.lang.ClassLoader.defineClass1;;org.dacapo.harness.DacapoClassLoader;org.dacapo.harness.DacapoClassLoader
ClassLoader.loadClass;org.apache.batik.bridge.Bridge;java.lang.ClassLoader.defineClass1;;org.dacapo.harness.DacapoClassLoader;org.dacapo.harness.DacapoClassLoader
ClassLoader.loadClass;org.apache.batik.bridge.BridgeContext$CSSEngineUserAgentWrapper;org.apache.batik.bridge.BridgeContext.initializeDocument;382;org.dacapo.harness.DacapoClassLoader;org.dacapo.harness.DacapoClassLoader
ClassLoader.loadClass;org.apache.batik.bridge.BridgeContext;org.apache.batik.apps.rasterizer.DestinationType.getTranscoder;89;org.dacapo.harness.DacapoClassLoader;org.dacapo.harness.DacapoClassLoader
ClassLoader.loadClass;org.apache.batik.bridge.BridgeException;org.apache.batik.apps.rasterizer.DestinationType.getTranscoder;89;org.dacapo.harness.DacapoClassLoader;org.dacapo.harness.DacapoClassLoader
ClassLoader.loadClass;org.apache.batik.bridge.BridgeExtension;org.apache.batik.transcoder.SVGAbstractTranscoder.createBridgeContext;338;org.dacapo.harness.DacapoClassLoader;org.dacapo.harness.DacapoClassLoader
ClassLoader.loadClass;org.apache.batik.bridge.BridgeUpdateHandler;java.lang.ClassLoader.defineClass1;;org.dacapo.harness.DacapoClassLoader;org.dacapo.harness.DacapoClassLoader
ClassLoader.loadClass;org.apache.batik.bridge.CSSUtilities;org.apache.batik.bridge.SVGSVGElementBridge.createGraphicsNode;141;org.dacapo.harness.DacapoClassLoader;org.dacapo.harness.DacapoClassLoader
ClassLoader.loadClass;org.apache.batik.bridge.ClipBridge;java.lang.ClassLoader.defineClass1;;org.dacapo.harness.DacapoClassLoader;org.dacapo.harness.DacapoClassLoader
ClassLoader.loadClass;org.apache.batik.bridge.CursorManager$CursorCache;org.apache.batik.bridge.CursorManager.<init>;161;org.dacapo.harness.DacapoClassLoader;org.dacapo.harness.DacapoClassLoader
ClassLoader.loadClass;org.apache.batik.bridge.CursorManager;org.apache.batik.bridge.BridgeContext.<init>;1162;org.dacapo.harness.DacapoClassLoader;org.dacapo.harness.DacapoClassLoader
ClassLoader.loadClass;org.apache.batik.bridge.DocumentBridge;org.apache.batik.transcoder.SVGAbstractTranscoder.createBridgeContext;338;org.dacapo.harness.DacapoClassLoader;org.dacapo.harness.DacapoClassLoader
ClassLoader.loadClass;org.apache.batik.bridge.DocumentLoader;org.apache.batik.bridge.BridgeContext.<init>;292;org.dacapo.harness.DacapoClassLoader;org.dacapo.harness.DacapoClassLoader
ClassLoader.loadClass;org.apache.batik.bridge.ErrorConstants;java.lang.ClassLoader.defineClass1;;org.dacapo.harness.DacapoClassLoader;org.dacapo.harness.DacapoClassLoader
ClassLoader.loadClass;org.apache.batik.bridge.ExternalResourceSecurity;org.apache.batik.transcoder.SVGAbstractTranscoder.createUserAgent;139;org.dacapo.harness.DacapoClassLoader;org.dacapo.harness.DacapoClassLoader
ClassLoader.loadClass;org.apache.batik.bridge.FilterBridge;java.lang.ClassLoader.defineClass1;;org.dacapo.harness.DacapoClassLoader;org.dacapo.harness.DacapoClassLoader
ClassLoader.loadClass;org.apache.batik.bridge.FilterPrimitiveBridge;java.lang.ClassLoader.defineClass1;;org.dacapo.harness.DacapoClassLoader;org.dacapo.harness.DacapoClassLoader
ClassLoader.loadClass;org.apache.batik.bridge.FontFace;java.lang.ClassLoader.defineClass1;;org.dacapo.harness.DacapoClassLoader;org.dacapo.harness.DacapoClassLoader
ClassLoader.loadClass;org.apache.batik.bridge.FontFamilyResolver;org.apache.batik.transcoder.SVGAbstractTranscoder.createUserAgent;139;org.dacapo.harness.DacapoClassLoader;org.dacapo.harness.DacapoClassLoader
ClassLoader.loadClass;org.apache.batik.bridge.GVTBuilder;org.apache.batik.transcoder.SVGAbstractTranscoder.transcode;199;org.dacapo.harness.DacapoClassLoader;org.dacapo.harness.DacapoClassLoader
ClassLoader.loadClass;org.apache.batik.bridge.GenericBridge;java.lang.ClassLoader.defineClass1;;org.dacapo.harness.DacapoClassLoader;org.dacapo.harness.DacapoClassLoader
ClassLoader.loadClass;org.apache.batik.bridge.GraphicsNodeBridge;java.lang.ClassLoader.defineClass1;;org.dacapo.harness.DacapoClassLoader;org.dacapo.harness.DacapoClassLoader
ClassLoader.loadClass;org.apache.batik.bridge.InterruptedBridgeException;org.apache.batik.transcoder.SVGAbstractTranscoder.createBridgeContext;338;org.dacapo.harness.DacapoClassLoader;org.dacapo.harness.DacapoClassLoader
ClassLoader.loadClass;org.apache.batik.bridge.MarkerBridge;java.lang.ClassLoader.defineClass1;;org.dacapo.harness.DacapoClassLoader;org.dacapo.harness.DacapoClassLoader
ClassLoader.loadClass;org.apache.batik.bridge.MaskBridge;java.lang.ClassLoader.defineClass1;;org.dacapo.harness.DacapoClassLoader;org.dacapo.harness.DacapoClassLoader
ClassLoader.loadClass;org.apache.batik.bridge.PaintBridge;java.lang.ClassLoader.defineClass1;;org.dacapo.harness.DacapoClassLoader;org.dacapo.harness.DacapoClassLoader
ClassLoader.loadClass;org.apache.batik.bridge.PaintServer;org.apache.batik.bridge.SVGShapeElementBridge.createShapePainter;117;org.dacapo.harness.DacapoClassLoader;org.dacapo.harness.DacapoClassLoader
ClassLoader.loadClass;org.apache.batik.bridge.RhinoInterpreterFactory;org.apache.batik.util.Service.providers;123;org.dacapo.harness.DacapoClassLoader;org.dacapo.harness.DacapoClassLoader
ClassLoader.loadClass;org.apache.batik.bridge.SVGAElementBridge;org.apache.batik.bridge.SVGBridgeExtension.registerTags;97;org.dacapo.harness.DacapoClassLoader;org.dacapo.harness.DacapoClassLoader
ClassLoader.loadClass;org.apache.batik.bridge.SVGAltGlyphElementBridge;org.apache.batik.bridge.SVGBridgeExtension.registerTags;98;org.dacapo.harness.DacapoClassLoader;org.dacapo.harness.DacapoClassLoader
ClassLoader.loadClass;org.apache.batik.bridge.SVGAnimateColorElementBridge;org.apache.batik.bridge.SVGBridgeExtension.registerTags;156;org.dacapo.harness.DacapoClassLoader;org.dacapo.harness.DacapoClassLoader
ClassLoader.loadClass;org.apache.batik.bridge.SVGAnimateElementBridge;org.apache.batik.bridge.SVGBridgeExtension.registerTags;155;org.dacapo.harness.DacapoClassLoader;org.dacapo.harness.DacapoClassLoader
ClassLoader.loadClass;org.apache.batik.bridge.SVGAnimateMotionElementBridge;org.apache.batik.bridge.SVGBridgeExtension.registerTags;158;org.dacapo.harness.DacapoClassLoader;org.dacapo.harness.DacapoClassLoader
ClassLoader.loadClass;org.apache.batik.bridge.SVGAnimateTransformElementBridge;org.apache.batik.bridge.SVGBridgeExtension.registerTags;157;org.dacapo.harness.DacapoClassLoader;org.dacapo.harness.DacapoClassLoader
ClassLoader.loadClass;org.apache.batik.bridge.SVGAnimationElementBridge$SVGTimedElement;org.apache.batik.bridge.SVGBridgeExtension.registerTags;154;org.dacapo.harness.DacapoClassLoader;org.dacapo.harness.DacapoClassLoader
ClassLoader.loadClass;org.apache.batik.bridge.SVGAnimationElementBridge;java.lang.ClassLoader.defineClass1;;org.dacapo.harness.DacapoClassLoader;org.dacapo.harness.DacapoClassLoader
ClassLoader.loadClass;org.apache.batik.bridge.SVGBridgeExtension;org.apache.batik.bridge.BridgeContext.getBridgeExtensions;2059;org.dacapo.harness.DacapoClassLoader;org.dacapo.harness.DacapoClassLoader
ClassLoader.loadClass;org.apache.batik.bridge.SVGBrokenLinkProvider;org.apache.batik.bridge.SVGBridgeExtension.registerTags;134;org.dacapo.harness.DacapoClassLoader;org.dacapo.harness.DacapoClassLoader
ClassLoader.loadClass;org.apache.batik.bridge.SVGCircleElementBridge;org.apache.batik.bridge.SVGBridgeExtension.registerTags;99;org.dacapo.harness.DacapoClassLoader;org.dacapo.harness.DacapoClassLoader
ClassLoader.loadClass;org.apache.batik.bridge.SVGClipPathElementBridge;org.apache.batik.bridge.SVGBridgeExtension.registerTags;100;org.dacapo.harness.DacapoClassLoader;org.dacapo.harness.DacapoClassLoader
ClassLoader.loadClass;org.apache.batik.bridge.SVGColorProfileElementBridge;org.apache.batik.bridge.SVGBridgeExtension.registerTags;101;org.dacapo.harness.DacapoClassLoader;org.dacapo.harness.DacapoClassLoader
ClassLoader.loadClass;org.apache.batik.bridge.SVGDecoratedShapeElementBridge;java.lang.ClassLoader.defineClass1;;org.dacapo.harness.DacapoClassLoader;org.dacapo.harness.DacapoClassLoader
ClassLoader.loadClass;org.apache.batik.bridge.SVGDescElementBridge;org.apache.batik.bridge.SVGBridgeExtension.registerTags;102;org.dacapo.harness.DacapoClassLoader;org.dacapo.harness.DacapoClassLoader
ClassLoader.loadClass;org.apache.batik.bridge.SVGDescriptiveElementBridge;java.lang.ClassLoader.defineClass1;;org.dacapo.harness.DacapoClassLoader;org.dacapo.harness.DacapoClassLoader
ClassLoader.loadClass;org.apache.batik.bridge.SVGDocumentBridge;org.apache.batik.bridge.BridgeContext.getDocumentBridge;970;org.dacapo.harness.DacapoClassLoader;org.dacapo.harness.DacapoClassLoader
ClassLoader.loadClass;org.apache.batik.bridge.SVGEllipseElementBridge;org.apache.batik.bridge.SVGBridgeExtension.registerTags;103;org.dacapo.harness.DacapoClassLoader;org.dacapo.harness.DacapoClassLoader
ClassLoader.loadClass;org.apache.batik.bridge.SVGFeBlendElementBridge;org.apache.batik.bridge.SVGBridgeExtension.registerTags;104;org.dacapo.harness.DacapoClassLoader;org.dacapo.harness.DacapoClassLoader
ClassLoader.loadClass;org.apache.batik.bridge.SVGFeColorMatrixElementBridge;org.apache.batik.bridge.SVGBridgeExtension.registerTags;105;org.dacapo.harness.DacapoClassLoader;org.dacapo.harness.DacapoClassLoader
ClassLoader.loadClass;org.apache.batik.bridge.SVGFeComponentTransferElementBridge$SVGFeFuncAElementBridge;org.apache.batik.bridge.SVGBridgeExtension.registerTags;108;org.dacapo.harness.DacapoClassLoader;org.dacapo.harness.DacapoClassLoader
ClassLoader.loadClass;org.apache.batik.bridge.SVGFeComponentTransferElementBridge$SVGFeFuncBElementBridge;org.apache.batik.bridge.SVGBridgeExtension.registerTags;111;org.dacapo.harness.DacapoClassLoader;org.dacapo.harness.DacapoClassLoader
ClassLoader.loadClass;org.apache.batik.bridge.SVGFeComponentTransferElementBridge$SVGFeFuncElementBridge;java.lang.ClassLoader.defineClass1;;org.dacapo.harness.DacapoClassLoader;org.dacapo.harness.DacapoClassLoader
ClassLoader.loadClass;org.apache.batik.bridge.SVGFeComponentTransferElementBridge$SVGFeFuncGElementBridge;org.apache.batik.bridge.SVGBridgeExtension.registerTags;110;org.dacapo.harness.DacapoClassLoader;org.dacapo.harness.DacapoClassLoader
ClassLoader.loadClass;org.apache.batik.bridge.SVGFeComponentTransferElementBridge$SVGFeFuncRElementBridge;org.apache.batik.bridge.SVGBridgeExtension.registerTags;109;org.dacapo.harness.DacapoClassLoader;org.dacapo.harness.DacapoClassLoader
ClassLoader.loadClass;org.apache.batik.bridge.SVGFeComponentTransferElementBridge;org.apache.batik.bridge.SVGBridgeExtension.registerTags;106;org.dacapo.harness.DacapoClassLoader;org.dacapo.harness.DacapoClassLoader
ClassLoader.loadClass;org.apache.batik.bridge.SVGFeCompositeElementBridge;org.apache.batik.bridge.SVGBridgeExtension.registerTags;107;org.dacapo.harness.DacapoClassLoader;org.dacapo.harness.DacapoClassLoader
ClassLoader.loadClass;org.apache.batik.bridge.SVGFeConvolveMatrixElementBridge;org.apache.batik.bridge.SVGBridgeExtension.registerTags;112;org.dacapo.harness.DacapoClassLoader;org.dacapo.harness.DacapoClassLoader
ClassLoader.loadClass;org.apache.batik.bridge.SVGFeDiffuseLightingElementBridge;org.apache.batik.bridge.SVGBridgeExtension.registerTags;113;org.dacapo.harness.DacapoClassLoader;org.dacapo.harness.DacapoClassLoader
ClassLoader.loadClass;org.apache.batik.bridge.SVGFeDisplacementMapElementBridge;org.apache.batik.bridge.SVGBridgeExtension.registerTags;114;org.dacapo.harness.DacapoClassLoader;org.dacapo.harness.DacapoClassLoader
ClassLoader.loadClass;org.apache.batik.bridge.SVGFeFloodElementBridge;org.apache.batik.bridge.SVGBridgeExtension.registerTags;116;org.dacapo.harness.DacapoClassLoader;org.dacapo.harness.DacapoClassLoader
ClassLoader.loadClass;org.apache.batik.bridge.SVGFeGaussianBlurElementBridge;org.apache.batik.bridge.SVGBridgeExtension.registerTags;117;org.dacapo.harness.DacapoClassLoader;org.dacapo.harness.DacapoClassLoader
ClassLoader.loadClass;org.apache.batik.bridge.SVGFeImageElementBridge;org.apache.batik.bridge.SVGBridgeExtension.registerTags;118;org.dacapo.harness.DacapoClassLoader;org.dacapo.harness.DacapoClassLoader
ClassLoader.loadClass;org.apache.batik.bridge.SVGFeMergeElementBridge$SVGFeMergeNodeElementBridge;org.apache.batik.bridge.SVGBridgeExtension.registerTags;120;org.dacapo.harness.DacapoClassLoader;org.dacapo.harness.DacapoClassLoader
ClassLoader.loadClass;org.apache.batik.bridge.SVGFeMergeElementBridge;org.apache.batik.bridge.SVGBridgeExtension.registerTags;119;org.dacapo.harness.DacapoClassLoader;org.dacapo.harness.DacapoClassLoader
ClassLoader.loadClass;org.apache.batik.bridge.SVGFeMorphologyElementBridge;org.apache.batik.bridge.SVGBridgeExtension.registerTags;121;org.dacapo.harness.DacapoClassLoader;org.dacapo.harness.DacapoClassLoader
ClassLoader.loadClass;org.apache.batik.bridge.SVGFeOffsetElementBridge;org.apache.batik.bridge.SVGBridgeExtension.registerTags;122;org.dacapo.harness.DacapoClassLoader;org.dacapo.harness.DacapoClassLoader
ClassLoader.loadClass;org.apache.batik.bridge.SVGFeSpecularLightingElementBridge;org.apache.batik.bridge.SVGBridgeExtension.registerTags;124;org.dacapo.harness.DacapoClassLoader;org.dacapo.harness.DacapoClassLoader
ClassLoader.loadClass;org.apache.batik.bridge.SVGFeTileElementBridge;org.apache.batik.bridge.SVGBridgeExtension.registerTags;126;org.dacapo.harness.DacapoClassLoader;org.dacapo.harness.DacapoClassLoader
ClassLoader.loadClass;org.apache.batik.bridge.SVGFeTurbulenceElementBridge;org.apache.batik.bridge.SVGBridgeExtension.registerTags;127;org.dacapo.harness.DacapoClassLoader;org.dacapo.harness.DacapoClassLoader
ClassLoader.loadClass;org.apache.batik.bridge.SVGFilterElementBridge;org.apache.batik.bridge.SVGBridgeExtension.registerTags;130;org.dacapo.harness.DacapoClassLoader;org.dacapo.harness.DacapoClassLoader
ClassLoader.loadClass;org.apache.batik.bridge.SVGFontElementBridge;org.apache.batik.bridge.SVGBridgeExtension.registerTags;128;org.dacapo.harness.DacapoClassLoader;org.dacapo.harness.DacapoClassLoader
ClassLoader.loadClass;org.apache.batik.bridge.SVGFontFace;org.apache.batik.bridge.SVGBridgeExtension.registerTags;98;org.dacapo.harness.DacapoClassLoader;org.dacapo.harness.DacapoClassLoader
ClassLoader.loadClass;org.apache.batik.bridge.SVGFontFaceElementBridge;org.apache.batik.bridge.SVGBridgeExtension.registerTags;129;org.dacapo.harness.DacapoClassLoader;org.dacapo.harness.DacapoClassLoader
ClassLoader.loadClass;org.apache.batik.bridge.SVGGElementBridge;java.lang.ClassLoader.defineClass1;;org.dacapo.harness.DacapoClassLoader;org.dacapo.harness.DacapoClassLoader
ClassLoader.loadClass;org.apache.batik.bridge.SVGGlyphElementBridge;org.apache.batik.bridge.SVGBridgeExtension.registerTags;132;org.dacapo.harness.DacapoClassLoader;org.dacapo.harness.DacapoClassLoader
ClassLoader.loadClass;org.apache.batik.bridge.SVGHKernElementBridge;org.apache.batik.bridge.SVGBridgeExtension.registerTags;133;org.dacapo.harness.DacapoClassLoader;org.dacapo.harness.DacapoClassLoader
ClassLoader.loadClass;org.apache.batik.bridge.SVGImageElementBridge$ProtectedStream;org.apache.batik.bridge.SVGBridgeExtension.registerTags;134;org.dacapo.harness.DacapoClassLoader;org.dacapo.harness.DacapoClassLoader
ClassLoader.loadClass;org.apache.batik.bridge.SVGImageElementBridge;org.apache.batik.bridge.SVGBridgeExtension.registerTags;134;org.dacapo.harness.DacapoClassLoader;org.dacapo.harness.DacapoClassLoader
ClassLoader.loadClass;org.apache.batik.bridge.SVGKernElementBridge;java.lang.ClassLoader.defineClass1;;org.dacapo.harness.DacapoClassLoader;org.dacapo.harness.DacapoClassLoader
ClassLoader.loadClass;org.apache.batik.bridge.SVGLineElementBridge;org.apache.batik.bridge.SVGBridgeExtension.registerTags;135;org.dacapo.harness.DacapoClassLoader;org.dacapo.harness.DacapoClassLoader
ClassLoader.loadClass;org.apache.batik.bridge.SVGLinearGradientElementBridge;org.apache.batik.bridge.SVGBridgeExtension.registerTags;136;org.dacapo.harness.DacapoClassLoader;org.dacapo.harness.DacapoClassLoader
ClassLoader.loadClass;org.apache.batik.bridge.SVGMarkerElementBridge;org.apache.batik.bridge.SVGBridgeExtension.registerTags;137;org.dacapo.harness.DacapoClassLoader;org.dacapo.harness.DacapoClassLoader
ClassLoader.loadClass;org.apache.batik.bridge.SVGMaskElementBridge;org.apache.batik.bridge.SVGBridgeExtension.registerTags;138;org.dacapo.harness.DacapoClassLoader;org.dacapo.harness.DacapoClassLoader
ClassLoader.loadClass;org.apache.batik.bridge.SVGMissingGlyphElementBridge;org.apache.batik.bridge.SVGBridgeExtension.registerTags;139;org.dacapo.harness.DacapoClassLoader;org.dacapo.harness.DacapoClassLoader
ClassLoader.loadClass;org.apache.batik.bridge.SVGPathElementBridge;org.apache.batik.bridge.SVGBridgeExtension.registerTags;140;org.dacapo.harness.DacapoClassLoader;org.dacapo.harness.DacapoClassLoader
ClassLoader.loadClass;org.apache.batik.bridge.SVGPatternElementBridge;org.apache.batik.bridge.SVGBridgeExtension.registerTags;141;org.dacapo.harness.DacapoClassLoader;org.dacapo.harness.DacapoClassLoader
ClassLoader.loadClass;org.apache.batik.bridge.SVGPolygonElementBridge;org.apache.batik.bridge.SVGBridgeExtension.registerTags;143;org.dacapo.harness.DacapoClassLoader;org.dacapo.harness.DacapoClassLoader
ClassLoader.loadClass;org.apache.batik.bridge.SVGPolylineElementBridge;org.apache.batik.bridge.SVGBridgeExtension.registerTags;142;org.dacapo.harness.DacapoClassLoader;org.dacapo.harness.DacapoClassLoader
ClassLoader.loadClass;org.apache.batik.bridge.SVGRadialGradientElementBridge;org.apache.batik.bridge.SVGBridgeExtension.registerTags;144;org.dacapo.harness.DacapoClassLoader;org.dacapo.harness.DacapoClassLoader
ClassLoader.loadClass;org.apache.batik.bridge.SVGRectElementBridge;org.apache.batik.bridge.SVGBridgeExtension.registerTags;145;org.dacapo.harness.DacapoClassLoader;org.dacapo.harness.DacapoClassLoader
ClassLoader.loadClass;org.apache.batik.bridge.SVGSVGElementBridge$1;org.apache.batik.bridge.SVGBridgeExtension.registerTags;147;org.dacapo.harness.DacapoClassLoader;org.dacapo.harness.DacapoClassLoader
ClassLoader.loadClass;org.apache.batik.bridge.SVGSVGElementBridge$SVGSVGElementViewport;org.apache.batik.bridge.SVGSVGElementBridge.createGraphicsNode;228;org.dacapo.harness.DacapoClassLoader;org.dacapo.harness.DacapoClassLoader
ClassLoader.loadClass;org.apache.batik.bridge.SVGSVGElementBridge;org.apache.batik.bridge.SVGBridgeExtension.registerTags;147;org.dacapo.harness.DacapoClassLoader;org.dacapo.harness.DacapoClassLoader
ClassLoader.loadClass;org.apache.batik.bridge.SVGSetElementBridge;org.apache.batik.bridge.SVGBridgeExtension.registerTags;154;org.dacapo.harness.DacapoClassLoader;org.dacapo.harness.DacapoClassLoader
ClassLoader.loadClass;org.apache.batik.bridge.SVGShapeElementBridge;java.lang.ClassLoader.defineClass1;;org.dacapo.harness.DacapoClassLoader;org.dacapo.harness.DacapoClassLoader
ClassLoader.loadClass;org.apache.batik.bridge.SVGSwitchElementBridge;org.apache.batik.bridge.SVGBridgeExtension.registerTags;148;org.dacapo.harness.DacapoClassLoader;org.dacapo.harness.DacapoClassLoader
ClassLoader.loadClass;org.apache.batik.bridge.SVGTextElementBridge;org.apache.batik.bridge.SVGBridgeExtension.registerTags;149;org.dacapo.harness.DacapoClassLoader;org.dacapo.harness.DacapoClassLoader
ClassLoader.loadClass;org.apache.batik.bridge.SVGTextPathElementBridge;org.apache.batik.bridge.SVGBridgeExtension.registerTags;150;org.dacapo.harness.DacapoClassLoader;org.dacapo.harness.DacapoClassLoader
ClassLoader.loadClass;org.apache.batik.bridge.SVGTitleElementBridge;org.apache.batik.bridge.SVGBridgeExtension.registerTags;151;org.dacapo.harness.DacapoClassLoader;org.dacapo.harness.DacapoClassLoader
ClassLoader.loadClass;org.apache.batik.bridge.SVGUseElementBridge;org.apache.batik.bridge.SVGBridgeExtension.registerTags;152;org.dacapo.harness.DacapoClassLoader;org.dacapo.harness.DacapoClassLoader
ClassLoader.loadClass;org.apache.batik.bridge.SVGUtilities;org.apache.batik.bridge.SVGSVGElementBridge.createGraphicsNode;98;org.dacapo.harness.DacapoClassLoader;org.dacapo.harness.DacapoClassLoader
ClassLoader.loadClass;org.apache.batik.bridge.SVGVKernElementBridge;org.apache.batik.bridge.SVGBridgeExtension.registerTags;153;org.dacapo.harness.DacapoClassLoader;org.dacapo.harness.DacapoClassLoader
ClassLoader.loadClass;org.apache.batik.bridge.ScriptSecurity;org.apache.batik.transcoder.SVGAbstractTranscoder.createUserAgent;139;org.dacapo.harness.DacapoClassLoader;org.dacapo.harness.DacapoClassLoader
ClassLoader.loadClass;org.apache.batik.bridge.URIResolver;org.apache.batik.bridge.BridgeContext.createURIResolver;746;org.dacapo.harness.DacapoClassLoader;org.dacapo.harness.DacapoClassLoader
ClassLoader.loadClass;org.apache.batik.bridge.UnitProcessor$DefaultContext;org.apache.batik.bridge.UnitProcessor.createContext;44;org.dacapo.harness.DacapoClassLoader;org.dacapo.harness.DacapoClassLoader
ClassLoader.loadClass;org.apache.batik.bridge.UnitProcessor;org.apache.batik.bridge.AbstractGraphicsNodeBridge.associateSVGContext;214;org.dacapo.harness.DacapoClassLoader;org.dacapo.harness.DacapoClassLoader
ClassLoader.loadClass;org.apache.batik.bridge.UserAgent;org.apache.batik.apps.rasterizer.DestinationType.getTranscoder;89;org.dacapo.harness.DacapoClassLoader;org.dacapo.harness.DacapoClassLoader
ClassLoader.loadClass;org.apache.batik.bridge.UserAgentAdapter;java.lang.ClassLoader.defineClass1;;org.dacapo.harness.DacapoClassLoader;org.dacapo.harness.DacapoClassLoader
ClassLoader.loadClass;org.apache.batik.bridge.UserAgentViewport;org.apache.batik.bridge.BridgeContext.<init>;317;org.dacapo.harness.DacapoClassLoader;org.dacapo.harness.DacapoClassLoader
ClassLoader.loadClass;org.apache.batik.bridge.ViewBox;org.apache.batik.bridge.SVGSVGElementBridge.createGraphicsNode;147;org.dacapo.harness.DacapoClassLoader;org.dacapo.harness.DacapoClassLoader
ClassLoader.loadClass;org.apache.batik.bridge.Viewport;java.lang.ClassLoader.defineClass1;;org.dacapo.harness.DacapoClassLoader;org.dacapo.harness.DacapoClassLoader
ClassLoader.loadClass;org.apache.batik.bridge.svg12.SVG12BridgeContext;org.apache.batik.apps.rasterizer.DestinationType.getTranscoder;89;org.dacapo.harness.DacapoClassLoader;org.dacapo.harness.DacapoClassLoader
ClassLoader.loadClass;org.apache.batik.constants.XMLConstants;java.lang.ClassLoader.defineClass1;;org.dacapo.harness.DacapoClassLoader;org.dacapo.harness.DacapoClassLoader
ClassLoader.loadClass;org.apache.batik.css.dom.CSSOMSVGStyleDeclaration;java.lang.ClassLoader.defineClass1;;org.dacapo.harness.DacapoClassLoader;org.dacapo.harness.DacapoClassLoader
ClassLoader.loadClass;org.apache.batik.css.dom.CSSOMStoredStyleDeclaration;java.lang.ClassLoader.defineClass1;;org.dacapo.harness.DacapoClassLoader;org.dacapo.harness.DacapoClassLoader
ClassLoader.loadClass;org.apache.batik.css.dom.CSSOMStyleDeclaration$ModificationHandler;java.lang.ClassLoader.defineClass1;;org.dacapo.harness.DacapoClassLoader;org.dacapo.harness.DacapoClassLoader
ClassLoader.loadClass;org.apache.batik.css.dom.CSSOMStyleDeclaration$ValueProvider;java.lang.ClassLoader.defineClass1;;org.dacapo.harness.DacapoClassLoader;org.dacapo.harness.DacapoClassLoader
ClassLoader.loadClass;org.apache.batik.css.dom.CSSOMStyleDeclaration;java.lang.ClassLoader.defineClass1;;org.dacapo.harness.DacapoClassLoader;org.dacapo.harness.DacapoClassLoader
ClassLoader.loadClass;org.apache.batik.css.engine.CSSContext;java.lang.ClassLoader.defineClass1;;org.dacapo.harness.DacapoClassLoader;org.dacapo.harness.DacapoClassLoader
ClassLoader.loadClass;org.apache.batik.css.engine.CSSEngine$1;org.apache.batik.css.engine.CSSEngine.getCascadedStyleMap;736;org.dacapo.harness.DacapoClassLoader;org.dacapo.harness.DacapoClassLoader
ClassLoader.loadClass;org.apache.batik.css.engine.CSSEngine$DocumentAdapter;java.lang.ClassLoader.defineClass1;;org.dacapo.harness.DacapoClassLoader;org.dacapo.harness.DacapoClassLoader
ClassLoader.loadClass;org.apache.batik.css.engine.CSSEngine$StyleDeclarationBuilder;org.apache.batik.css.engine.CSSEngine.<init>;268;org.dacapo.harness.DacapoClassLoader;org.dacapo.harness.DacapoClassLoader
ClassLoader.loadClass;org.apache.batik.css.engine.CSSEngine$StyleDeclarationDocumentHandler;org.apache.batik.css.engine.CSSEngine.<init>;250;org.dacapo.harness.DacapoClassLoader;org.dacapo.harness.DacapoClassLoader
ClassLoader.loadClass;org.apache.batik.css.engine.CSSEngine$StyleSheetDocumentHandler;org.apache.batik.css.engine.CSSEngine.<init>;261;org.dacapo.harness.DacapoClassLoader;org.dacapo.harness.DacapoClassLoader
ClassLoader.loadClass;org.apache.batik.css.engine.CSSEngine;org.apache.batik.transcoder.SVGAbstractTranscoder.<init>;126;org.dacapo.harness.DacapoClassLoader;org.dacapo.harness.DacapoClassLoader
ClassLoader.loadClass;org.apache.batik.css.engine.CSSEngineListener;org.apache.batik.transcoder.SVGAbstractTranscoder.createBridgeContext;338;org.dacapo.harness.DacapoClassLoader;org.dacapo.harness.DacapoClassLoader
ClassLoader.loadClass;org.apache.batik.css.engine.CSSEngineUserAgent;org.apache.batik.transcoder.SVGAbstractTranscoder.createBridgeContext;338;org.dacapo.harness.DacapoClassLoader;org.dacapo.harness.DacapoClassLoader
ClassLoader.loadClass;org.apache.batik.css.engine.CSSNavigableDocument;java.lang.ClassLoader.defineClass1;;org.dacapo.harness.DacapoClassLoader;org.dacapo.harness.DacapoClassLoader
ClassLoader.loadClass;org.apache.batik.css.engine.CSSNavigableDocumentListener;org.apache.batik.anim.dom.SVGDOMImplementation.createCSSEngine;112;org.dacapo.harness.DacapoClassLoader;org.dacapo.harness.DacapoClassLoader
ClassLoader.loadClass;org.apache.batik.css.engine.CSSNavigableNode;java.lang.ClassLoader.defineClass1;;org.dacapo.harness.DacapoClassLoader;org.dacapo.harness.DacapoClassLoader
ClassLoader.loadClass;org.apache.batik.css.engine.CSSStylableElement;java.lang.ClassLoader.defineClass1;;org.dacapo.harness.DacapoClassLoader;org.dacapo.harness.DacapoClassLoader
ClassLoader.loadClass;org.apache.batik.css.engine.CSSStyleSheetNode;org.apache.batik.css.engine.CSSEngine.findStyleSheetNodes;936;org.dacapo.harness.DacapoClassLoader;org.dacapo.harness.DacapoClassLoader
ClassLoader.loadClass;org.apache.batik.css.engine.ImportRule;org.apache.batik.anim.dom.SVGDOMImplementation.createCSSEngine;112;org.dacapo.harness.DacapoClassLoader;org.dacapo.harness.DacapoClassLoader
ClassLoader.loadClass;org.apache.batik.css.engine.MediaRule;java.lang.ClassLoader.defineClass1;;org.dacapo.harness.DacapoClassLoader;org.dacapo.harness.DacapoClassLoader
ClassLoader.loadClass;org.apache.batik.css.engine.Rule;java.lang.ClassLoader.defineClass1;;org.dacapo.harness.DacapoClassLoader;org.dacapo.harness.DacapoClassLoader
ClassLoader.loadClass;org.apache.batik.css.engine.SVGCSSEngine;org.apache.batik.transcoder.SVGAbstractTranscoder.<init>;126;org.dacapo.harness.DacapoClassLoader;org.dacapo.harness.DacapoClassLoader
ClassLoader.loadClass;org.apache.batik.css.engine.StringIntMap$Entry;org.apache.batik.css.engine.StringIntMap.<init>;46;org.dacapo.harness.DacapoClassLoader;org.dacapo.harness.DacapoClassLoader
ClassLoader.loadClass;org.apache.batik.css.engine.StringIntMap;org.apache.batik.css.engine.CSSEngine.<init>;393;org.dacapo.harness.DacapoClassLoader;org.dacapo.harness.DacapoClassLoader
ClassLoader.loadClass;org.apache.batik.css.engine.StyleDeclaration;org.apache.batik.css.engine.CSSEngine$StyleSheetDocumentHandler.startSelector;1629;org.dacapo.harness.DacapoClassLoader;org.dacapo.harness.DacapoClassLoader
ClassLoader.loadClass;org.apache.batik.css.engine.StyleDeclarationProvider;java.lang.ClassLoader.defineClass1;;org.dacapo.harness.DacapoClassLoader;org.dacapo.harness.DacapoClassLoader
ClassLoader.loadClass;org.apache.batik.css.engine.StyleMap;org.apache.batik.css.engine.CSSEngine.getCascadedStyleMap;716;org.dacapo.harness.DacapoClassLoader;org.dacapo.harness.DacapoClassLoader
ClassLoader.loadClass;org.apache.batik.css.engine.StyleRule;org.apache.batik.css.engine.CSSEngine$StyleSheetDocumentHandler.startSelector;1627;org.dacapo.harness.DacapoClassLoader;org.dacapo.harness.DacapoClassLoader
ClassLoader.loadClass;org.apache.batik.css.engine.StyleSheet;org.apache.batik.anim.dom.SVGDOMImplementation.createCSSEngine;112;org.dacapo.harness.DacapoClassLoader;org.dacapo.harness.DacapoClassLoader
ClassLoader.loadClass;org.apache.batik.css.engine.sac.AbstractElementSelector;java.lang.ClassLoader.defineClass1;;org.dacapo.harness.DacapoClassLoader;org.dacapo.harness.DacapoClassLoader
ClassLoader.loadClass;org.apache.batik.css.engine.sac.CSSConditionFactory;org.apache.batik.css.engine.CSSEngine.<init>;390;org.dacapo.harness.DacapoClassLoader;org.dacapo.harness.DacapoClassLoader
ClassLoader.loadClass;org.apache.batik.css.engine.sac.CSSElementSelector;org.apache.batik.css.engine.sac.CSSSelectorFactory.createElementSelector;96;org.dacapo.harness.DacapoClassLoader;org.dacapo.harness.DacapoClassLoader
ClassLoader.loadClass;org.apache.batik.css.engine.sac.CSSSelectorFactory;org.apache.batik.css.engine.CSSEngine.parseStyleSheet;1239;org.dacapo.harness.DacapoClassLoader;org.dacapo.harness.DacapoClassLoader
ClassLoader.loadClass;org.apache.batik.css.engine.sac.ExtendedSelector;java.lang.ClassLoader.defineClass1;;org.dacapo.harness.DacapoClassLoader;org.dacapo.harness.DacapoClassLoader
ClassLoader.loadClass;org.apache.batik.css.engine.value.AbstractColorManager;java.lang.ClassLoader.defineClass1;;org.dacapo.harness.DacapoClassLoader;org.dacapo.harness.DacapoClassLoader
ClassLoader.loadClass;org.apache.batik.css.engine.value.AbstractValue;java.lang.ClassLoader.defineClass1;;org.dacapo.harness.DacapoClassLoader;org.dacapo.harness.DacapoClassLoader
ClassLoader.loadClass;org.apache.batik.css.engine.value.AbstractValueFactory;java.lang.ClassLoader.defineClass1;;org.dacapo.harness.DacapoClassLoader;org.dacapo.harness.DacapoClassLoader
ClassLoader.loadClass;org.apache.batik.css.engine.value.AbstractValueManager;java.lang.ClassLoader.defineClass1;;org.dacapo.harness.DacapoClassLoader;org.dacapo.harness.DacapoClassLoader
ClassLoader.loadClass;org.apache.batik.css.engine.value.ComputedValue;org.apache.batik.css.engine.CSSEngine.getComputedStyle;899;org.dacapo.harness.DacapoClassLoader;org.dacapo.harness.DacapoClassLoader
ClassLoader.loadClass;org.apache.batik.css.engine.value.FloatValue;org.apache.batik.css.engine.value.svg.SVGValueConstants.<clinit>;40;org.dacapo.harness.DacapoClassLoader;org.dacapo.harness.DacapoClassLoader
ClassLoader.loadClass;org.apache.batik.css.engine.value.IdentifierManager;java.lang.ClassLoader.defineClass1;;org.dacapo.harness.DacapoClassLoader;org.dacapo.harness.DacapoClassLoader
ClassLoader.loadClass;org.apache.batik.css.engine.value.InheritValue;org.apache.batik.css.engine.value.ValueConstants.<clinit>;100;org.dacapo.harness.DacapoClassLoader;org.dacapo.harness.DacapoClassLoader
ClassLoader.loadClass;org.apache.batik.css.engine.value.LengthManager;java.lang.ClassLoader.defineClass1;;org.dacapo.harness.DacapoClassLoader;org.dacapo.harness.DacapoClassLoader
ClassLoader.loadClass;org.apache.batik.css.engine.value.ListValue;org.apache.batik.css.engine.value.css2.FontFamilyManager.<clinit>;50;org.dacapo.harness.DacapoClassLoader;org.dacapo.harness.DacapoClassLoader
ClassLoader.loadClass;org.apache.batik.css.engine.value.RGBColorValue;org.apache.batik.css.engine.value.svg.SVGValueConstants.<clinit>;1956;org.dacapo.harness.DacapoClassLoader;org.dacapo.harness.DacapoClassLoader
ClassLoader.loadClass;org.apache.batik.css.engine.value.RectManager;java.lang.ClassLoader.defineClass1;;org.dacapo.harness.DacapoClassLoader;org.dacapo.harness.DacapoClassLoader
ClassLoader.loadClass;org.apache.batik.css.engine.value.ShorthandManager$PropertyHandler;org.apache.batik.anim.dom.SVGDOMImplementation.createCSSEngine;112;org.dacapo.harness.DacapoClassLoader;org.dacapo.harness.DacapoClassLoader
ClassLoader.loadClass;org.apache.batik.css.engine.value.ShorthandManager;org.apache.batik.dom.ExtensibleDOMImplementation.createCSSEngine;165;org.dacapo.harness.DacapoClassLoader;org.dacapo.harness.DacapoClassLoader
ClassLoader.loadClass;org.apache.batik.css.engine.value.StringMap$Entry;org.apache.batik.css.engine.value.StringMap.<init>;49;org.dacapo.harness.DacapoClassLoader;org.dacapo.harness.DacapoClassLoader
ClassLoader.loadClass;org.apache.batik.css.engine.value.StringMap;org.apache.batik.css.engine.value.svg.AlignmentBaselineManager.<clinit>;39;org.dacapo.harness.DacapoClassLoader;org.dacapo.harness.DacapoClassLoader
ClassLoader.loadClass;org.apache.batik.css.engine.value.StringValue;org.apache.batik.css.engine.value.svg.SVGValueConstants.<clinit>;696;org.dacapo.harness.DacapoClassLoader;org.dacapo.harness.DacapoClassLoader
ClassLoader.loadClass;org.apache.batik.css.engine.value.URIValue;org.apache.batik.css.engine.value.svg.SVGPaintManager.createValue;108;org.dacapo.harness.DacapoClassLoader;org.dacapo.harness.DacapoClassLoader
ClassLoader.loadClass;org.apache.batik.css.engine.value.Value;org.apache.batik.anim.dom.SVGDOMImplementation.createCSSEngine;112;org.dacapo.harness.DacapoClassLoader;org.dacapo.harness.DacapoClassLoader
ClassLoader.loadClass;org.apache.batik.css.engine.value.ValueConstants;java.lang.ClassLoader.defineClass1;;org.dacapo.harness.DacapoClassLoader;org.dacapo.harness.DacapoClassLoader
ClassLoader.loadClass;org.apache.batik.css.engine.value.ValueManager;org.apache.batik.dom.ExtensibleDOMImplementation.createCSSEngine;153;org.dacapo.harness.DacapoClassLoader;org.dacapo.harness.DacapoClassLoader
ClassLoader.loadClass;org.apache.batik.css.engine.value.css2.ClipManager;org.apache.batik.css.engine.SVGCSSEngine.<clinit>;194;org.dacapo.harness.DacapoClassLoader;org.dacapo.harness.DacapoClassLoader
ClassLoader.loadClass;org.apache.batik.css.engine.value.css2.CursorManager;org.apache.batik.css.engine.SVGCSSEngine.<clinit>;194;org.dacapo.harness.DacapoClassLoader;org.dacapo.harness.DacapoClassLoader
ClassLoader.loadClass;org.apache.batik.css.engine.value.css2.DirectionManager;org.apache.batik.css.engine.SVGCSSEngine.<clinit>;194;org.dacapo.harness.DacapoClassLoader;org.dacapo.harness.DacapoClassLoader
ClassLoader.loadClass;org.apache.batik.css.engine.value.css2.DisplayManager;org.apache.batik.css.engine.SVGCSSEngine.<clinit>;194;org.dacapo.harness.DacapoClassLoader;org.dacapo.harness.DacapoClassLoader
ClassLoader.loadClass;org.apache.batik.css.engine.value.css2.FontFamilyManager;org.apache.batik.css.engine.SVGCSSEngine.<clinit>;194;org.dacapo.harness.DacapoClassLoader;org.dacapo.harness.DacapoClassLoader
ClassLoader.loadClass;org.apache.batik.css.engine.value.css2.FontShorthandManager;org.apache.batik.css.engine.SVGCSSEngine.<clinit>;273;org.dacapo.harness.DacapoClassLoader;org.dacapo.harness.DacapoClassLoader
ClassLoader.loadClass;org.apache.batik.css.engine.value.css2.FontSizeAdjustManager;org.apache.batik.css.engine.SVGCSSEngine.<clinit>;194;org.dacapo.harness.DacapoClassLoader;org.dacapo.harness.DacapoClassLoader
ClassLoader.loadClass;org.apache.batik.css.engine.value.css2.FontSizeManager;org.apache.batik.css.engine.SVGCSSEngine.<clinit>;194;org.dacapo.harness.DacapoClassLoader;org.dacapo.harness.DacapoClassLoader
ClassLoader.loadClass;org.apache.batik.css.engine.value.css2.FontStretchManager;org.apache.batik.css.engine.SVGCSSEngine.<clinit>;194;org.dacapo.harness.DacapoClassLoader;org.dacapo.harness.DacapoClassLoader
ClassLoader.loadClass;org.apache.batik.css.engine.value.css2.FontStyleManager;org.apache.batik.css.engine.SVGCSSEngine.<clinit>;194;org.dacapo.harness.DacapoClassLoader;org.dacapo.harness.DacapoClassLoader
ClassLoader.loadClass;org.apache.batik.css.engine.value.css2.FontVariantManager;org.apache.batik.css.engine.SVGCSSEngine.<clinit>;194;org.dacapo.harness.DacapoClassLoader;org.dacapo.harness.DacapoClassLoader
ClassLoader.loadClass;org.apache.batik.css.engine.value.css2.FontWeightManager;org.apache.batik.css.engine.SVGCSSEngine.<clinit>;194;org.dacapo.harness.DacapoClassLoader;org.dacapo.harness.DacapoClassLoader
ClassLoader.loadClass;org.apache.batik.css.engine.value.css2.OverflowManager;org.apache.batik.css.engine.SVGCSSEngine.<clinit>;194;org.dacapo.harness.DacapoClassLoader;org.dacapo.harness.DacapoClassLoader
ClassLoader.loadClass;org.apache.batik.css.engine.value.css2.SrcManager;org.apache.batik.css.engine.SVGCSSEngine.<clinit>;194;org.dacapo.harness.DacapoClassLoader;org.dacapo.harness.DacapoClassLoader
ClassLoader.loadClass;org.apache.batik.css.engine.value.css2.TextDecorationManager;org.apache.batik.css.engine.SVGCSSEngine.<clinit>;194;org.dacapo.harness.DacapoClassLoader;org.dacapo.harness.DacapoClassLoader
ClassLoader.loadClass;org.apache.batik.css.engine.value.css2.UnicodeBidiManager;org.apache.batik.css.engine.SVGCSSEngine.<clinit>;194;org.dacapo.harness.DacapoClassLoader;org.dacapo.harness.DacapoClassLoader
ClassLoader.loadClass;org.apache.batik.css.engine.value.css2.VisibilityManager;org.apache.batik.css.engine.SVGCSSEngine.<clinit>;194;org.dacapo.harness.DacapoClassLoader;org.dacapo.harness.DacapoClassLoader
ClassLoader.loadClass;org.apache.batik.css.engine.value.svg.AlignmentBaselineManager;org.apache.batik.css.engine.SVGCSSEngine.<clinit>;194;org.dacapo.harness.DacapoClassLoader;org.dacapo.harness.DacapoClassLoader
ClassLoader.loadClass;org.apache.batik.css.engine.value.svg.BaselineShiftManager;org.apache.batik.css.engine.SVGCSSEngine.<clinit>;194;org.dacapo.harness.DacapoClassLoader;org.dacapo.harness.DacapoClassLoader
ClassLoader.loadClass;org.apache.batik.css.engine.value.svg.ClipPathManager;org.apache.batik.css.engine.SVGCSSEngine.<clinit>;194;org.dacapo.harness.DacapoClassLoader;org.dacapo.harness.DacapoClassLoader
ClassLoader.loadClass;org.apache.batik.css.engine.value.svg.ClipRuleManager;org.apache.batik.css.engine.SVGCSSEngine.<clinit>;194;org.dacapo.harness.DacapoClassLoader;org.dacapo.harness.DacapoClassLoader
ClassLoader.loadClass;org.apache.batik.css.engine.value.svg.ColorInterpolationFiltersManager;org.apache.batik.css.engine.SVGCSSEngine.<clinit>;194;org.dacapo.harness.DacapoClassLoader;org.dacapo.harness.DacapoClassLoader
ClassLoader.loadClass;org.apache.batik.css.engine.value.svg.ColorInterpolationManager;org.apache.batik.css.engine.SVGCSSEngine.<clinit>;194;org.dacapo.harness.DacapoClassLoader;org.dacapo.harness.DacapoClassLoader
ClassLoader.loadClass;org.apache.batik.css.engine.value.svg.ColorManager;org.apache.batik.css.engine.SVGCSSEngine.<clinit>;194;org.dacapo.harness.DacapoClassLoader;org.dacapo.harness.DacapoClassLoader
ClassLoader.loadClass;org.apache.batik.css.engine.value.svg.ColorProfileManager;org.apache.batik.css.engine.SVGCSSEngine.<clinit>;194;org.dacapo.harness.DacapoClassLoader;org.dacapo.harness.DacapoClassLoader
ClassLoader.loadClass;org.apache.batik.css.engine.value.svg.ColorRenderingManager;org.apache.batik.css.engine.SVGCSSEngine.<clinit>;194;org.dacapo.harness.DacapoClassLoader;org.dacapo.harness.DacapoClassLoader
ClassLoader.loadClass;org.apache.batik.css.engine.value.svg.DominantBaselineManager;org.apache.batik.css.engine.SVGCSSEngine.<clinit>;194;org.dacapo.harness.DacapoClassLoader;org.dacapo.harness.DacapoClassLoader
ClassLoader.loadClass;org.apache.batik.css.engine.value.svg.EnableBackgroundManager;org.apache.batik.css.engine.SVGCSSEngine.<clinit>;194;org.dacapo.harness.DacapoClassLoader;org.dacapo.harness.DacapoClassLoader
ClassLoader.loadClass;org.apache.batik.css.engine.value.svg.FillRuleManager;org.apache.batik.css.engine.SVGCSSEngine.<clinit>;194;org.dacapo.harness.DacapoClassLoader;org.dacapo.harness.DacapoClassLoader
ClassLoader.loadClass;org.apache.batik.css.engine.value.svg.FilterManager;org.apache.batik.css.engine.SVGCSSEngine.<clinit>;194;org.dacapo.harness.DacapoClassLoader;org.dacapo.harness.DacapoClassLoader
ClassLoader.loadClass;org.apache.batik.css.engine.value.svg.GlyphOrientationHorizontalManager;org.apache.batik.css.engine.SVGCSSEngine.<clinit>;194;org.dacapo.harness.DacapoClassLoader;org.dacapo.harness.DacapoClassLoader
ClassLoader.loadClass;org.apache.batik.css.engine.value.svg.GlyphOrientationManager;java.lang.ClassLoader.defineClass1;;org.dacapo.harness.DacapoClassLoader;org.dacapo.harness.DacapoClassLoader
ClassLoader.loadClass;org.apache.batik.css.engine.value.svg.GlyphOrientationVerticalManager;org.apache.batik.css.engine.SVGCSSEngine.<clinit>;194;org.dacapo.harness.DacapoClassLoader;org.dacapo.harness.DacapoClassLoader
ClassLoader.loadClass;org.apache.batik.css.engine.value.svg.ImageRenderingManager;org.apache.batik.css.engine.SVGCSSEngine.<clinit>;194;org.dacapo.harness.DacapoClassLoader;org.dacapo.harness.DacapoClassLoader
ClassLoader.loadClass;org.apache.batik.css.engine.value.svg.KerningManager;org.apache.batik.css.engine.SVGCSSEngine.<clinit>;194;org.dacapo.harness.DacapoClassLoader;org.dacapo.harness.DacapoClassLoader
ClassLoader.loadClass;org.apache.batik.css.engine.value.svg.MarkerManager;org.apache.batik.css.engine.SVGCSSEngine.<clinit>;194;org.dacapo.harness.DacapoClassLoader;org.dacapo.harness.DacapoClassLoader
ClassLoader.loadClass;org.apache.batik.css.engine.value.svg.MarkerShorthandManager;org.apache.batik.css.engine.SVGCSSEngine.<clinit>;273;org.dacapo.harness.DacapoClassLoader;org.dacapo.harness.DacapoClassLoader
ClassLoader.loadClass;org.apache.batik.css.engine.value.svg.MaskManager;org.apache.batik.css.engine.SVGCSSEngine.<clinit>;194;org.dacapo.harness.DacapoClassLoader;org.dacapo.harness.DacapoClassLoader
ClassLoader.loadClass;org.apache.batik.css.engine.value.svg.OpacityManager;org.apache.batik.css.engine.SVGCSSEngine.<clinit>;194;org.dacapo.harness.DacapoClassLoader;org.dacapo.harness.DacapoClassLoader
ClassLoader.loadClass;org.apache.batik.css.engine.value.svg.PointerEventsManager;org.apache.batik.css.engine.SVGCSSEngine.<clinit>;194;org.dacapo.harness.DacapoClassLoader;org.dacapo.harness.DacapoClassLoader
ClassLoader.loadClass;org.apache.batik.css.engine.value.svg.SVGColorManager;java.lang.ClassLoader.defineClass1;;org.dacapo.harness.DacapoClassLoader;org.dacapo.harness.DacapoClassLoader
ClassLoader.loadClass;org.apache.batik.css.engine.value.svg.SVGPaintManager;org.apache.batik.css.engine.SVGCSSEngine.<clinit>;194;org.dacapo.harness.DacapoClassLoader;org.dacapo.harness.DacapoClassLoader
ClassLoader.loadClass;org.apache.batik.css.engine.value.svg.SVGValueConstants;org.apache.batik.css.engine.value.svg.AlignmentBaselineManager.<clinit>;41;org.dacapo.harness.DacapoClassLoader;org.dacapo.harness.DacapoClassLoader
ClassLoader.loadClass;org.apache.batik.css.engine.value.svg.ShapeRenderingManager;org.apache.batik.css.engine.SVGCSSEngine.<clinit>;194;org.dacapo.harness.DacapoClassLoader;org.dacapo.harness.DacapoClassLoader
ClassLoader.loadClass;org.apache.batik.css.engine.value.svg.SpacingManager;org.apache.batik.css.engine.SVGCSSEngine.<clinit>;194;org.dacapo.harness.DacapoClassLoader;org.dacapo.harness.DacapoClassLoader
ClassLoader.loadClass;org.apache.batik.css.engine.value.svg.StrokeDasharrayManager;org.apache.batik.css.engine.SVGCSSEngine.<clinit>;194;org.dacapo.harness.DacapoClassLoader;org.dacapo.harness.DacapoClassLoader
ClassLoader.loadClass;org.apache.batik.css.engine.value.svg.StrokeDashoffsetManager;org.apache.batik.css.engine.SVGCSSEngine.<clinit>;194;org.dacapo.harness.DacapoClassLoader;org.dacapo.harness.DacapoClassLoader
ClassLoader.loadClass;org.apache.batik.css.engine.value.svg.StrokeLinecapManager;org.apache.batik.css.engine.SVGCSSEngine.<clinit>;194;org.dacapo.harness.DacapoClassLoader;org.dacapo.harness.DacapoClassLoader
ClassLoader.loadClass;org.apache.batik.css.engine.value.svg.StrokeLinejoinManager;org.apache.batik.css.engine.SVGCSSEngine.<clinit>;194;org.dacapo.harness.DacapoClassLoader;org.dacapo.harness.DacapoClassLoader
ClassLoader.loadClass;org.apache.batik.css.engine.value.svg.StrokeMiterlimitManager;org.apache.batik.css.engine.SVGCSSEngine.<clinit>;194;org.dacapo.harness.DacapoClassLoader;org.dacapo.harness.DacapoClassLoader
ClassLoader.loadClass;org.apache.batik.css.engine.value.svg.StrokeWidthManager;org.apache.batik.css.engine.SVGCSSEngine.<clinit>;194;org.dacapo.harness.DacapoClassLoader;org.dacapo.harness.DacapoClassLoader
ClassLoader.loadClass;org.apache.batik.css.engine.value.svg.TextAnchorManager;org.apache.batik.css.engine.SVGCSSEngine.<clinit>;194;org.dacapo.harness.DacapoClassLoader;org.dacapo.harness.DacapoClassLoader
ClassLoader.loadClass;org.apache.batik.css.engine.value.svg.TextRenderingManager;org.apache.batik.css.engine.SVGCSSEngine.<clinit>;194;org.dacapo.harness.DacapoClassLoader;org.dacapo.harness.DacapoClassLoader
ClassLoader.loadClass;org.apache.batik.css.engine.value.svg.WritingModeManager;org.apache.batik.css.engine.SVGCSSEngine.<clinit>;194;org.dacapo.harness.DacapoClassLoader;org.dacapo.harness.DacapoClassLoader
ClassLoader.loadClass;org.apache.batik.css.parser.CSSLexicalUnit$DimensionLexicalUnit;org.apache.batik.css.engine.value.css2.FontShorthandManager.<clinit>;81;org.dacapo.harness.DacapoClassLoader;org.dacapo.harness.DacapoClassLoader
ClassLoader.loadClass;org.apache.batik.css.parser.CSSLexicalUnit$FloatLexicalUnit;org.apache.batik.css.engine.value.css2.FontShorthandManager.<clinit>;81;org.dacapo.harness.DacapoClassLoader;org.dacapo.harness.DacapoClassLoader
ClassLoader.loadClass;org.apache.batik.css.parser.CSSLexicalUnit$FunctionLexicalUnit;org.apache.batik.css.engine.value.css2.FontShorthandManager.<clinit>;81;org.dacapo.harness.DacapoClassLoader;org.dacapo.harness.DacapoClassLoader
ClassLoader.loadClass;org.apache.batik.css.parser.CSSLexicalUnit$IntegerLexicalUnit;org.apache.batik.css.engine.value.css2.FontShorthandManager.<clinit>;81;org.dacapo.harness.DacapoClassLoader;org.dacapo.harness.DacapoClassLoader
ClassLoader.loadClass;org.apache.batik.css.parser.CSSLexicalUnit$PredefinedFunctionLexicalUnit;org.apache.batik.css.engine.value.css2.FontShorthandManager.<clinit>;81;org.dacapo.harness.DacapoClassLoader;org.dacapo.harness.DacapoClassLoader
ClassLoader.loadClass;org.apache.batik.css.parser.CSSLexicalUnit$SimpleLexicalUnit;org.apache.batik.css.engine.value.css2.FontShorthandManager.<clinit>;81;org.dacapo.harness.DacapoClassLoader;org.dacapo.harness.DacapoClassLoader
ClassLoader.loadClass;org.apache.batik.css.parser.CSSLexicalUnit$StringLexicalUnit;org.apache.batik.css.engine.value.css2.FontShorthandManager.<clinit>;81;org.dacapo.harness.DacapoClassLoader;org.dacapo.harness.DacapoClassLoader
ClassLoader.loadClass;org.apache.batik.css.parser.CSSLexicalUnit;org.apache.batik.css.engine.value.css2.FontShorthandManager.<clinit>;81;org.dacapo.harness.DacapoClassLoader;org.dacapo.harness.DacapoClassLoader
ClassLoader.loadClass;org.apache.batik.css.parser.CSSSACMediaList;org.apache.batik.css.parser.Parser.parseMedia;1743;org.dacapo.harness.DacapoClassLoader;org.dacapo.harness.DacapoClassLoader
ClassLoader.loadClass;org.apache.batik.css.parser.CSSSelectorList;org.apache.batik.css.parser.Parser.parseSelectorList;624;org.dacapo.harness.DacapoClassLoader;org.dacapo.harness.DacapoClassLoader
ClassLoader.loadClass;org.apache.batik.css.parser.DefaultConditionFactory;org.apache.batik.css.parser.Parser.<init>;92;org.dacapo.harness.DacapoClassLoader;org.dacapo.harness.DacapoClassLoader
ClassLoader.loadClass;org.apache.batik.css.parser.DefaultDocumentHandler;org.apache.batik.css.parser.Parser.<init>;80;org.dacapo.harness.DacapoClassLoader;org.dacapo.harness.DacapoClassLoader
ClassLoader.loadClass;org.apache.batik.css.parser.DefaultErrorHandler;org.apache.batik.css.parser.Parser.<init>;98;org.dacapo.harness.DacapoClassLoader;org.dacapo.harness.DacapoClassLoader
ClassLoader.loadClass;org.apache.batik.css.parser.DefaultSelectorFactory;org.apache.batik.css.parser.Parser.<init>;86;org.dacapo.harness.DacapoClassLoader;org.dacapo.harness.DacapoClassLoader
ClassLoader.loadClass;org.apache.batik.css.parser.ExtendedParser;java.lang.ClassLoader.defineClass1;;org.dacapo.harness.DacapoClassLoader;org.dacapo.harness.DacapoClassLoader
ClassLoader.loadClass;org.apache.batik.css.parser.ExtendedParserWrapper;org.apache.batik.dom.ExtensibleDOMImplementation.createCSSEngine;149;org.dacapo.harness.DacapoClassLoader;org.dacapo.harness.DacapoClassLoader
ClassLoader.loadClass;org.apache.batik.css.parser.ParseException;java.lang.Class.forName0;;org.dacapo.harness.DacapoClassLoader;org.dacapo.harness.DacapoClassLoader
ClassLoader.loadClass;org.apache.batik.css.parser.Parser;java.lang.Class.forName0;;org.dacapo.harness.DacapoClassLoader;org.dacapo.harness.DacapoClassLoader
ClassLoader.loadClass;org.apache.batik.css.parser.Scanner;org.apache.batik.css.parser.Parser.createScanner;1512;org.dacapo.harness.DacapoClassLoader;org.dacapo.harness.DacapoClassLoader
ClassLoader.loadClass;org.apache.batik.css.parser.ScannerUtilities;org.apache.batik.css.parser.Scanner.nextToken;342;org.dacapo.harness.DacapoClassLoader;org.dacapo.harness.DacapoClassLoader
ClassLoader.loadClass;org.apache.batik.dom.AbstractAttr;org.apache.batik.anim.dom.SVGDOMImplementation.createDocument;140;org.dacapo.harness.DacapoClassLoader;org.dacapo.harness.DacapoClassLoader
ClassLoader.loadClass;org.apache.batik.dom.AbstractAttrNS;java.lang.ClassLoader.defineClass1;;org.dacapo.harness.DacapoClassLoader;org.dacapo.harness.DacapoClassLoader
ClassLoader.loadClass;org.apache.batik.dom.AbstractCharacterData;java.lang.ClassLoader.defineClass1;;org.dacapo.harness.DacapoClassLoader;org.dacapo.harness.DacapoClassLoader
ClassLoader.loadClass;org.apache.batik.dom.AbstractChildNode;java.lang.ClassLoader.defineClass1;;org.dacapo.harness.DacapoClassLoader;org.dacapo.harness.DacapoClassLoader
ClassLoader.loadClass;org.apache.batik.dom.AbstractComment;java.lang.ClassLoader.defineClass1;;org.dacapo.harness.DacapoClassLoader;org.dacapo.harness.DacapoClassLoader
ClassLoader.loadClass;org.apache.batik.dom.AbstractDOMImplementation;java.lang.ClassLoader.defineClass1;;org.dacapo.harness.DacapoClassLoader;org.dacapo.harness.DacapoClassLoader
ClassLoader.loadClass;org.apache.batik.dom.AbstractDocument$IdSoftRef;org.apache.batik.dom.AbstractDocument.addIdEntry;582;org.dacapo.harness.DacapoClassLoader;org.dacapo.harness.DacapoClassLoader
ClassLoader.loadClass;org.apache.batik.dom.AbstractDocument;java.lang.ClassLoader.defineClass1;;org.dacapo.harness.DacapoClassLoader;org.dacapo.harness.DacapoClassLoader
ClassLoader.loadClass;org.apache.batik.dom.AbstractDocumentFragment;java.lang.ClassLoader.defineClass1;;org.dacapo.harness.DacapoClassLoader;org.dacapo.harness.DacapoClassLoader
ClassLoader.loadClass;org.apache.batik.dom.AbstractElement$Entry;org.apache.batik.dom.AbstractElement$NamedNodeHashMap.<init>;776;org.dacapo.harness.DacapoClassLoader;org.dacapo.harness.DacapoClassLoader
ClassLoader.loadClass;org.apache.batik.dom.AbstractElement$NamedNodeHashMap;java.lang.ClassLoader.defineClass1;;org.dacapo.harness.DacapoClassLoader;org.dacapo.harness.DacapoClassLoader
ClassLoader.loadClass;org.apache.batik.dom.AbstractElement;org.apache.batik.anim.dom.SVGDOMImplementation.createDocument;140;org.dacapo.harness.DacapoClassLoader;org.dacapo.harness.DacapoClassLoader
ClassLoader.loadClass;org.apache.batik.dom.AbstractElementNS;java.lang.ClassLoader.defineClass1;;org.dacapo.harness.DacapoClassLoader;org.dacapo.harness.DacapoClassLoader
ClassLoader.loadClass;org.apache.batik.dom.AbstractNode$1;org.apache.batik.dom.AbstractNode.<clinit>;65;org.dacapo.harness.DacapoClassLoader;org.dacapo.harness.DacapoClassLoader
ClassLoader.loadClass;org.apache.batik.dom.AbstractNode;java.lang.ClassLoader.defineClass1;;org.dacapo.harness.DacapoClassLoader;org.dacapo.harness.DacapoClassLoader
ClassLoader.loadClass;org.apache.batik.dom.AbstractParentChildNode;java.lang.ClassLoader.defineClass1;;org.dacapo.harness.DacapoClassLoader;org.dacapo.harness.DacapoClassLoader
ClassLoader.loadClass;org.apache.batik.dom.AbstractParentNode$ChildNodes;org.apache.batik.dom.AbstractParentNode.appendChild;215;org.dacapo.harness.DacapoClassLoader;org.dacapo.harness.DacapoClassLoader
ClassLoader.loadClass;org.apache.batik.dom.AbstractParentNode$ElementsByTagName;org.apache.batik.dom.AbstractDocument.getElementsByTagName;631;org.dacapo.harness.DacapoClassLoader;org.dacapo.harness.DacapoClassLoader
ClassLoader.loadClass;org.apache.batik.dom.AbstractParentNode$ElementsByTagNameNS;org.apache.batik.dom.AbstractDocument.getElementsByTagNameNS;663;org.dacapo.harness.DacapoClassLoader;org.dacapo.harness.DacapoClassLoader
ClassLoader.loadClass;org.apache.batik.dom.AbstractParentNode;java.lang.ClassLoader.defineClass1;;org.dacapo.harness.DacapoClassLoader;org.dacapo.harness.DacapoClassLoader
ClassLoader.loadClass;org.apache.batik.dom.AbstractStylableDocument;java.lang.ClassLoader.defineClass1;;org.dacapo.harness.DacapoClassLoader;org.dacapo.harness.DacapoClassLoader
ClassLoader.loadClass;org.apache.batik.dom.AbstractText;java.lang.ClassLoader.defineClass1;;org.dacapo.harness.DacapoClassLoader;org.dacapo.harness.DacapoClassLoader
ClassLoader.loadClass;org.apache.batik.dom.DomExtension;org.apache.batik.dom.ExtensibleDOMImplementation.getDomExtensions;266;org.dacapo.harness.DacapoClassLoader;org.dacapo.harness.DacapoClassLoader
ClassLoader.loadClass;org.apache.batik.dom.ExtendedNode;java.lang.ClassLoader.defineClass1;;org.dacapo.harness.DacapoClassLoader;org.dacapo.harness.DacapoClassLoader
ClassLoader.loadClass;org.apache.batik.dom.ExtensibleDOMImplementation$ElementFactory;java.lang.ClassLoader.defineClass1;;org.dacapo.harness.DacapoClassLoader;org.dacapo.harness.DacapoClassLoader
ClassLoader.loadClass;org.apache.batik.dom.ExtensibleDOMImplementation;java.lang.ClassLoader.defineClass1;;org.dacapo.harness.DacapoClassLoader;org.dacapo.harness.DacapoClassLoader
ClassLoader.loadClass;org.apache.batik.dom.GenericAttr;org.apache.batik.anim.dom.SVGOMDocument.createAttributeNS;359;org.dacapo.harness.DacapoClassLoader;org.dacapo.harness.DacapoClassLoader
ClassLoader.loadClass;org.apache.batik.dom.GenericAttrNS;org.apache.batik.anim.dom.SVGOMDocument.createAttributeNS;361;org.dacapo.harness.DacapoClassLoader;org.dacapo.harness.DacapoClassLoader
ClassLoader.loadClass;org.apache.batik.dom.GenericComment;org.apache.batik.anim.dom.SVGOMDocument.createComment;312;org.dacapo.harness.DacapoClassLoader;org.dacapo.harness.DacapoClassLoader
ClassLoader.loadClass;org.apache.batik.dom.GenericElementNS;org.apache.batik.dom.ExtensibleDOMImplementation.createElementNS;213;org.dacapo.harness.DacapoClassLoader;org.dacapo.harness.DacapoClassLoader
ClassLoader.loadClass;org.apache.batik.dom.GenericText;org.apache.batik.anim.dom.SVGOMDocument.createTextNode;305;org.dacapo.harness.DacapoClassLoader;org.dacapo.harness.DacapoClassLoader
ClassLoader.loadClass;org.apache.batik.dom.StyleSheetFactory;java.lang.ClassLoader.defineClass1;;org.dacapo.harness.DacapoClassLoader;org.dacapo.harness.DacapoClassLoader
ClassLoader.loadClass;org.apache.batik.dom.events.DocumentEventSupport$EventFactory;org.apache.batik.transcoder.SVGAbstractTranscoder.<init>;126;org.dacapo.harness.DacapoClassLoader;org.dacapo.harness.DacapoClassLoader
ClassLoader.loadClass;org.apache.batik.dom.events.NodeEventTarget;java.lang.ClassLoader.defineClass1;;org.dacapo.harness.DacapoClassLoader;org.dacapo.harness.DacapoClassLoader
ClassLoader.loadClass;org.apache.batik.dom.svg.AbstractSVGItem;java.lang.ClassLoader.defineClass1;;org.dacapo.harness.DacapoClassLoader;org.dacapo.harness.DacapoClassLoader
ClassLoader.loadClass;org.apache.batik.dom.svg.AbstractSVGList;java.lang.ClassLoader.defineClass1;;org.dacapo.harness.DacapoClassLoader;org.dacapo.harness.DacapoClassLoader
ClassLoader.loadClass;org.apache.batik.dom.svg.AbstractSVGMatrix;java.lang.ClassLoader.defineClass1;;org.dacapo.harness.DacapoClassLoader;org.dacapo.harness.DacapoClassLoader
ClassLoader.loadClass;org.apache.batik.dom.svg.AbstractSVGPathSegList$PathSegListBuilder;org.apache.batik.dom.svg.AbstractSVGPathSegList.doParse;157;org.dacapo.harness.DacapoClassLoader;org.dacapo.harness.DacapoClassLoader
ClassLoader.loadClass;org.apache.batik.dom.svg.AbstractSVGPathSegList$SVGPathSegArcItem;org.apache.batik.anim.dom.SVGOMAnimatedPathData.check;178;org.dacapo.harness.DacapoClassLoader;org.dacapo.harness.DacapoClassLoader
ClassLoader.loadClass;org.apache.batik.dom.svg.AbstractSVGPathSegList$SVGPathSegCurvetoCubicItem;org.apache.batik.anim.dom.SVGOMAnimatedPathData.check;178;org.dacapo.harness.DacapoClassLoader;org.dacapo.harness.DacapoClassLoader
ClassLoader.loadClass;org.apache.batik.dom.svg.AbstractSVGPathSegList$SVGPathSegCurvetoCubicSmoothItem;org.apache.batik.anim.dom.SVGOMAnimatedPathData.check;178;org.dacapo.harness.DacapoClassLoader;org.dacapo.harness.DacapoClassLoader
ClassLoader.loadClass;org.apache.batik.dom.svg.AbstractSVGPathSegList$SVGPathSegCurvetoQuadraticItem;org.apache.batik.anim.dom.SVGOMAnimatedPathData.check;178;org.dacapo.harness.DacapoClassLoader;org.dacapo.harness.DacapoClassLoader
ClassLoader.loadClass;org.apache.batik.dom.svg.AbstractSVGPathSegList$SVGPathSegCurvetoQuadraticSmoothItem;org.apache.batik.anim.dom.SVGOMAnimatedPathData.check;178;org.dacapo.harness.DacapoClassLoader;org.dacapo.harness.DacapoClassLoader
ClassLoader.loadClass;org.apache.batik.dom.svg.AbstractSVGPathSegList$SVGPathSegLinetoHorizontalItem;org.apache.batik.anim.dom.SVGOMAnimatedPathData.check;178;org.dacapo.harness.DacapoClassLoader;org.dacapo.harness.DacapoClassLoader
ClassLoader.loadClass;org.apache.batik.dom.svg.AbstractSVGPathSegList$SVGPathSegLinetoVerticalItem;org.apache.batik.anim.dom.SVGOMAnimatedPathData.check;178;org.dacapo.harness.DacapoClassLoader;org.dacapo.harness.DacapoClassLoader
ClassLoader.loadClass;org.apache.batik.dom.svg.AbstractSVGPathSegList$SVGPathSegMovetoLinetoItem;org.apache.batik.anim.dom.SVGOMAnimatedPathData.check;178;org.dacapo.harness.DacapoClassLoader;org.dacapo.harness.DacapoClassLoader
ClassLoader.loadClass;org.apache.batik.dom.svg.AbstractSVGPathSegList;java.lang.ClassLoader.defineClass1;;org.dacapo.harness.DacapoClassLoader;org.dacapo.harness.DacapoClassLoader
ClassLoader.loadClass;org.apache.batik.dom.svg.AbstractSVGTransform;org.apache.batik.bridge.SVGBridgeExtension.registerTags;157;org.dacapo.harness.DacapoClassLoader;org.dacapo.harness.DacapoClassLoader
ClassLoader.loadClass;org.apache.batik.dom.svg.AbstractSVGTransformList$SVGTransformItem;org.apache.batik.dom.svg.AbstractSVGTransformList$TransformListBuilder.translate;570;org.dacapo.harness.DacapoClassLoader;org.dacapo.harness.DacapoClassLoader
ClassLoader.loadClass;org.apache.batik.dom.svg.AbstractSVGTransformList$TransformListBuilder;org.apache.batik.dom.svg.AbstractSVGTransformList.doParse;177;org.dacapo.harness.DacapoClassLoader;org.dacapo.harness.DacapoClassLoader
ClassLoader.loadClass;org.apache.batik.dom.svg.AbstractSVGTransformList;java.lang.ClassLoader.defineClass1;;org.dacapo.harness.DacapoClassLoader;org.dacapo.harness.DacapoClassLoader
ClassLoader.loadClass;org.apache.batik.dom.svg.ExtendedTraitAccess;java.lang.ClassLoader.defineClass1;;org.dacapo.harness.DacapoClassLoader;org.dacapo.harness.DacapoClassLoader
ClassLoader.loadClass;org.apache.batik.dom.svg.IdContainer;java.lang.ClassLoader.defineClass1;;org.dacapo.harness.DacapoClassLoader;org.dacapo.harness.DacapoClassLoader
ClassLoader.loadClass;org.apache.batik.dom.svg.ListBuilder;org.apache.batik.anim.dom.SVGOMAnimatedTransformList$BaseSVGTransformList.revalidate;291;org.dacapo.harness.DacapoClassLoader;org.dacapo.harness.DacapoClassLoader
ClassLoader.loadClass;org.apache.batik.dom.svg.ListHandler;org.apache.batik.anim.dom.SVGOMAnimatedTransformList.check;111;org.dacapo.harness.DacapoClassLoader;org.dacapo.harness.DacapoClassLoader
ClassLoader.loadClass;org.apache.batik.dom.svg.LiveAttributeException;org.apache.batik.anim.dom.SVGOMElement.createLiveAnimatedLength;538;org.dacapo.harness.DacapoClassLoader;org.dacapo.harness.DacapoClassLoader
ClassLoader.loadClass;org.apache.batik.dom.svg.LiveAttributeValue;org.apache.batik.anim.dom.SVGDOMImplementation$SvgElementFactory.create;1450;org.dacapo.harness.DacapoClassLoader;org.dacapo.harness.DacapoClassLoader
ClassLoader.loadClass;org.apache.batik.dom.svg.SVGAnimatedPathDataSupport;org.apache.batik.bridge.SVGPathElementBridge.buildShape;92;org.dacapo.harness.DacapoClassLoader;org.dacapo.harness.DacapoClassLoader
ClassLoader.loadClass;org.apache.batik.dom.svg.SVGAnimationContext;java.lang.ClassLoader.defineClass1;;org.dacapo.harness.DacapoClassLoader;org.dacapo.harness.DacapoClassLoader
ClassLoader.loadClass;org.apache.batik.dom.svg.SVGContext;java.lang.ClassLoader.defineClass1;;org.dacapo.harness.DacapoClassLoader;org.dacapo.harness.DacapoClassLoader
ClassLoader.loadClass;org.apache.batik.dom.svg.SVGDocumentFactory;java.lang.ClassLoader.defineClass1;;org.dacapo.harness.DacapoClassLoader;org.dacapo.harness.DacapoClassLoader
ClassLoader.loadClass;org.apache.batik.dom.svg.SVGItem;org.apache.batik.anim.dom.SVGOMAnimatedTransformList.check;111;org.dacapo.harness.DacapoClassLoader;org.dacapo.harness.DacapoClassLoader
ClassLoader.loadClass;org.apache.batik.dom.svg.SVGMotionAnimatableElement;java.lang.ClassLoader.defineClass1;;org.dacapo.harness.DacapoClassLoader;org.dacapo.harness.DacapoClassLoader
ClassLoader.loadClass;org.apache.batik.dom.svg.SVGOMException;org.apache.batik.anim.dom.SVGDOMImplementation$SvgElementFactory.create;1450;org.dacapo.harness.DacapoClassLoader;org.dacapo.harness.DacapoClassLoader
ClassLoader.loadClass;org.apache.batik.dom.svg.SVGOMMatrix;org.apache.batik.dom.svg.AbstractSVGTransformList$SVGTransformItem.matrix;346;org.dacapo.harness.DacapoClassLoader;org.dacapo.harness.DacapoClassLoader
ClassLoader.loadClass;org.apache.batik.dom.svg.SVGOMTransform;org.apache.batik.bridge.SVGBridgeExtension.registerTags;157;org.dacapo.harness.DacapoClassLoader;org.dacapo.harness.DacapoClassLoader
ClassLoader.loadClass;org.apache.batik.dom.svg.SVGOMUseShadowRoot;org.apache.batik.bridge.SVGUseElementBridge.buildCompositeGraphicsNode;192;org.dacapo.harness.DacapoClassLoader;org.dacapo.harness.DacapoClassLoader
ClassLoader.loadClass;org.apache.batik.dom.svg.SVGPathContext;java.lang.ClassLoader.defineClass1;;org.dacapo.harness.DacapoClassLoader;org.dacapo.harness.DacapoClassLoader
ClassLoader.loadClass;org.apache.batik.dom.svg.SVGPathSegConstants;java.lang.ClassLoader.defineClass1;;org.dacapo.harness.DacapoClassLoader;org.dacapo.harness.DacapoClassLoader
ClassLoader.loadClass;org.apache.batik.dom.svg.SVGPathSegItem;org.apache.batik.anim.dom.SVGOMAnimatedPathData.check;178;org.dacapo.harness.DacapoClassLoader;org.dacapo.harness.DacapoClassLoader
ClassLoader.loadClass;org.apache.batik.dom.svg.SVGSVGContext;java.lang.ClassLoader.defineClass1;;org.dacapo.harness.DacapoClassLoader;org.dacapo.harness.DacapoClassLoader
ClassLoader.loadClass;org.apache.batik.dom.svg.SVGTextContent;java.lang.ClassLoader.defineClass1;;org.dacapo.harness.DacapoClassLoader;org.dacapo.harness.DacapoClassLoader
ClassLoader.loadClass;org.apache.batik.dom.svg.TraitAccess;java.lang.ClassLoader.defineClass1;;org.dacapo.harness.DacapoClassLoader;org.dacapo.harness.DacapoClassLoader
ClassLoader.loadClass;org.apache.batik.dom.util.CSSStyleDeclarationFactory;java.lang.ClassLoader.defineClass1;;org.dacapo.harness.DacapoClassLoader;org.dacapo.harness.DacapoClassLoader
ClassLoader.loadClass;org.apache.batik.dom.util.DOMUtilities;org.apache.batik.anim.dom.SVGDOMImplementation.createElementNS;197;org.dacapo.harness.DacapoClassLoader;org.dacapo.harness.DacapoClassLoader
ClassLoader.loadClass;org.apache.batik.dom.util.DocumentFactory;org.apache.batik.apps.rasterizer.DestinationType.getTranscoder;89;org.dacapo.harness.DacapoClassLoader;org.dacapo.harness.DacapoClassLoader
ClassLoader.loadClass;org.apache.batik.dom.util.HashTableStack$Link;org.apache.batik.dom.util.HashTableStack.<init>;33;org.dacapo.harness.DacapoClassLoader;org.dacapo.harness.DacapoClassLoader
ClassLoader.loadClass;org.apache.batik.dom.util.HashTableStack;org.apache.batik.dom.util.SAXDocumentFactory.startDocument;547;org.dacapo.harness.DacapoClassLoader;org.dacapo.harness.DacapoClassLoader
ClassLoader.loadClass;org.apache.batik.dom.util.SAXDocumentFactory$CommentInfo;org.apache.batik.dom.util.SAXDocumentFactory.comment;814;org.dacapo.harness.DacapoClassLoader;org.dacapo.harness.DacapoClassLoader
ClassLoader.loadClass;org.apache.batik.dom.util.SAXDocumentFactory$PreInfo;java.lang.ClassLoader.defineClass1;;org.dacapo.harness.DacapoClassLoader;org.dacapo.harness.DacapoClassLoader
ClassLoader.loadClass;org.apache.batik.dom.util.SAXDocumentFactory;java.lang.ClassLoader.defineClass1;;org.dacapo.harness.DacapoClassLoader;org.dacapo.harness.DacapoClassLoader
ClassLoader.loadClass;org.apache.batik.dom.util.SAXIOException;org.apache.batik.transcoder.SVGAbstractTranscoder.createDocumentFactory;152;org.dacapo.harness.DacapoClassLoader;org.dacapo.harness.DacapoClassLoader
ClassLoader.loadClass;org.apache.batik.dom.util.XLinkSupport;org.apache.batik.bridge.AbstractSVGGradientElementBridge.extractStop;192;org.dacapo.harness.DacapoClassLoader;org.dacapo.harness.DacapoClassLoader
ClassLoader.loadClass;org.apache.batik.dom.xbl.GenericXBLManager;org.apache.batik.dom.AbstractDocument.<init>;178;org.dacapo.harness.DacapoClassLoader;org.dacapo.harness.DacapoClassLoader
ClassLoader.loadClass;org.apache.batik.dom.xbl.NodeXBL;java.lang.ClassLoader.defineClass1;;org.dacapo.harness.DacapoClassLoader;org.dacapo.harness.DacapoClassLoader
ClassLoader.loadClass;org.apache.batik.dom.xbl.XBLManager;org.apache.batik.anim.dom.SVGDOMImplementation.createDocument;140;org.dacapo.harness.DacapoClassLoader;org.dacapo.harness.DacapoClassLoader
ClassLoader.loadClass;org.apache.batik.dom.xbl.XBLManagerData;java.lang.ClassLoader.defineClass1;;org.dacapo.harness.DacapoClassLoader;org.dacapo.harness.DacapoClassLoader
ClassLoader.loadClass;org.apache.batik.ext.awt.AreaOfInterestHintKey;org.apache.batik.ext.awt.image.GraphicsUtil.createGraphics;475;org.dacapo.harness.DacapoClassLoader;org.dacapo.harness.DacapoClassLoader
ClassLoader.loadClass;org.apache.batik.ext.awt.AvoidTilingHintKey;org.apache.batik.ext.awt.image.GraphicsUtil.createGraphics;475;org.dacapo.harness.DacapoClassLoader;org.dacapo.harness.DacapoClassLoader
ClassLoader.loadClass;org.apache.batik.ext.awt.BufferedImageHintKey;org.apache.batik.ext.awt.image.GraphicsUtil.createGraphics;475;org.dacapo.harness.DacapoClassLoader;org.dacapo.harness.DacapoClassLoader
ClassLoader.loadClass;org.apache.batik.ext.awt.ColorSpaceHintKey;org.apache.batik.ext.awt.image.GraphicsUtil.createGraphics;475;org.dacapo.harness.DacapoClassLoader;org.dacapo.harness.DacapoClassLoader
ClassLoader.loadClass;org.apache.batik.ext.awt.LinearGradientPaint;org.apache.batik.bridge.SVGLinearGradientElementBridge.buildGradient;159;org.dacapo.harness.DacapoClassLoader;org.dacapo.harness.DacapoClassLoader
ClassLoader.loadClass;org.apache.batik.ext.awt.LinearGradientPaintContext;org.apache.batik.ext.awt.LinearGradientPaint.createContext;321;org.dacapo.harness.DacapoClassLoader;org.dacapo.harness.DacapoClassLoader
ClassLoader.loadClass;org.apache.batik.ext.awt.MultipleGradientPaint$ColorSpaceEnum;org.apache.batik.ext.awt.MultipleGradientPaint.<clinit>;82;org.dacapo.harness.DacapoClassLoader;org.dacapo.harness.DacapoClassLoader
ClassLoader.loadClass;org.apache.batik.ext.awt.MultipleGradientPaint$CycleMethodEnum;org.apache.batik.ext.awt.MultipleGradientPaint.<clinit>;65;org.dacapo.harness.DacapoClassLoader;org.dacapo.harness.DacapoClassLoader
ClassLoader.loadClass;org.apache.batik.ext.awt.MultipleGradientPaint;org.apache.batik.bridge.AbstractSVGGradientElementBridge.createPaint;89;org.dacapo.harness.DacapoClassLoader;org.dacapo.harness.DacapoClassLoader
ClassLoader.loadClass;org.apache.batik.ext.awt.MultipleGradientPaintContext;java.lang.ClassLoader.defineClass1;;org.dacapo.harness.DacapoClassLoader;org.dacapo.harness.DacapoClassLoader
ClassLoader.loadClass;org.apache.batik.ext.awt.RadialGradientPaint;org.apache.batik.bridge.SVGRadialGradientElementBridge.buildGradient;172;org.dacapo.harness.DacapoClassLoader;org.dacapo.harness.DacapoClassLoader
ClassLoader.loadClass;org.apache.batik.ext.awt.RadialGradientPaintContext;org.apache.batik.ext.awt.RadialGradientPaint.createContext;464;org.dacapo.harness.DacapoClassLoader;org.dacapo.harness.DacapoClassLoader
ClassLoader.loadClass;org.apache.batik.ext.awt.RenderingHintsKeyExt;org.apache.batik.ext.awt.image.GraphicsUtil.createGraphics;475;org.dacapo.harness.DacapoClassLoader;org.dacapo.harness.DacapoClassLoader
ClassLoader.loadClass;org.apache.batik.ext.awt.TranscodingHintKey;org.apache.batik.ext.awt.image.GraphicsUtil.createGraphics;475;org.dacapo.harness.DacapoClassLoader;org.dacapo.harness.DacapoClassLoader
ClassLoader.loadClass;org.apache.batik.ext.awt.color.NamedProfileCache;org.apache.batik.bridge.SVGColorProfileElementBridge.<init>;47;org.dacapo.harness.DacapoClassLoader;org.dacapo.harness.DacapoClassLoader
ClassLoader.loadClass;org.apache.batik.ext.awt.geom.ExtendedGeneralPath;org.apache.batik.parser.AWTPathProducer.startPath;116;org.dacapo.harness.DacapoClassLoader;org.dacapo.harness.DacapoClassLoader
ClassLoader.loadClass;org.apache.batik.ext.awt.geom.ExtendedPathIterator;org.apache.batik.parser.AWTPathProducer.startPath;116;org.dacapo.harness.DacapoClassLoader;org.dacapo.harness.DacapoClassLoader
ClassLoader.loadClass;org.apache.batik.ext.awt.geom.ExtendedShape;java.lang.ClassLoader.defineClass1;;org.dacapo.harness.DacapoClassLoader;org.dacapo.harness.DacapoClassLoader
ClassLoader.loadClass;org.apache.batik.ext.awt.geom.RectListManager$RectXComparator;org.apache.batik.ext.awt.geom.RectListManager.<clinit>;61;org.dacapo.harness.DacapoClassLoader;org.dacapo.harness.DacapoClassLoader
ClassLoader.loadClass;org.apache.batik.ext.awt.geom.RectListManager;org.apache.batik.gvt.renderer.StaticRenderer.repaint;341;org.dacapo.harness.DacapoClassLoader;org.dacapo.harness.DacapoClassLoader
ClassLoader.loadClass;org.apache.batik.ext.awt.image.CompositeRule;org.apache.batik.ext.awt.image.SVGComposite.<clinit>;42;org.dacapo.harness.DacapoClassLoader;org.dacapo.harness.DacapoClassLoader
ClassLoader.loadClass;org.apache.batik.ext.awt.image.GraphicsUtil;org.apache.batik.gvt.filter.GraphicsNodeRed8Bit.createColorModel;153;org.dacapo.harness.DacapoClassLoader;org.dacapo.harness.DacapoClassLoader
ClassLoader.loadClass;org.apache.batik.ext.awt.image.Light;org.apache.batik.bridge.SVGBridgeExtension.registerTags;115;org.dacapo.harness.DacapoClassLoader;org.dacapo.harness.DacapoClassLoader
ClassLoader.loadClass;org.apache.batik.ext.awt.image.PadMode;org.apache.batik.gvt.renderer.StaticRenderer.repaint;389;org.dacapo.harness.DacapoClassLoader;org.dacapo.harness.DacapoClassLoader
ClassLoader.loadClass;org.apache.batik.ext.awt.image.SVGComposite;org.apache.batik.gvt.filter.GraphicsNodeRable8Bit.paintRable;205;org.dacapo.harness.DacapoClassLoader;org.dacapo.harness.DacapoClassLoader
ClassLoader.loadClass;org.apache.batik.ext.awt.image.codec.png.CRC;org.apache.batik.ext.awt.image.codec.png.ChunkStream.writeToStream;161;org.dacapo.harness.DacapoClassLoader;org.dacapo.harness.DacapoClassLoader
ClassLoader.loadClass;org.apache.batik.ext.awt.image.codec.png.ChunkStream;org.apache.batik.ext.awt.image.codec.png.PNGTranscoderInternalCodecWriteAdapter.writeImage;88;org.dacapo.harness.DacapoClassLoader;org.dacapo.harness.DacapoClassLoader
ClassLoader.loadClass;org.apache.batik.ext.awt.image.codec.png.IDATOutputStream;org.apache.batik.ext.awt.image.codec.png.PNGTranscoderInternalCodecWriteAdapter.writeImage;88;org.dacapo.harness.DacapoClassLoader;org.dacapo.harness.DacapoClassLoader
ClassLoader.loadClass;org.apache.batik.ext.awt.image.codec.png.PNGEncodeParam$Gray;org.apache.batik.ext.awt.image.codec.png.PNGTranscoderInternalCodecWriteAdapter.writeImage;58;org.dacapo.harness.DacapoClassLoader;org.dacapo.harness.DacapoClassLoader
ClassLoader.loadClass;org.apache.batik.ext.awt.image.codec.png.PNGEncodeParam$Palette;org.apache.batik.ext.awt.image.codec.png.PNGTranscoderInternalCodecWriteAdapter.writeImage;58;org.dacapo.harness.DacapoClassLoader;org.dacapo.harness.DacapoClassLoader
ClassLoader.loadClass;org.apache.batik.ext.awt.image.codec.png.PNGEncodeParam$RGB;org.apache.batik.ext.awt.image.codec.png.PNGTranscoderInternalCodecWriteAdapter.writeImage;58;org.dacapo.harness.DacapoClassLoader;org.dacapo.harness.DacapoClassLoader
ClassLoader.loadClass;org.apache.batik.ext.awt.image.codec.png.PNGEncodeParam;org.apache.batik.ext.awt.image.codec.png.PNGTranscoderInternalCodecWriteAdapter.writeImage;58;org.dacapo.harness.DacapoClassLoader;org.dacapo.harness.DacapoClassLoader
ClassLoader.loadClass;org.apache.batik.ext.awt.image.codec.png.PNGImageEncoder;org.apache.batik.ext.awt.image.codec.png.PNGTranscoderInternalCodecWriteAdapter.writeImage;88;org.dacapo.harness.DacapoClassLoader;org.dacapo.harness.DacapoClassLoader
ClassLoader.loadClass;org.apache.batik.ext.awt.image.codec.png.PNGTranscoderInternalCodecWriteAdapter;java.lang.Class.forName0;;org.dacapo.harness.DacapoClassLoader;org.dacapo.harness.DacapoClassLoader
ClassLoader.loadClass;org.apache.batik.ext.awt.image.codec.util.ImageDecodeParam;java.lang.ClassLoader.defineClass1;;org.dacapo.harness.DacapoClassLoader;org.dacapo.harness.DacapoClassLoader
ClassLoader.loadClass;org.apache.batik.ext.awt.image.codec.util.ImageEncodeParam;java.lang.ClassLoader.defineClass1;;org.dacapo.harness.DacapoClassLoader;org.dacapo.harness.DacapoClassLoader
ClassLoader.loadClass;org.apache.batik.ext.awt.image.codec.util.ImageEncoder;java.lang.ClassLoader.defineClass1;;org.dacapo.harness.DacapoClassLoader;org.dacapo.harness.DacapoClassLoader
ClassLoader.loadClass;org.apache.batik.ext.awt.image.codec.util.ImageEncoderImpl;java.lang.ClassLoader.defineClass1;;org.dacapo.harness.DacapoClassLoader;org.dacapo.harness.DacapoClassLoader
ClassLoader.loadClass;org.apache.batik.ext.awt.image.renderable.AbstractRable;java.lang.ClassLoader.defineClass1;;org.dacapo.harness.DacapoClassLoader;org.dacapo.harness.DacapoClassLoader
ClassLoader.loadClass;org.apache.batik.ext.awt.image.renderable.ClipRable8Bit;org.apache.batik.bridge.SVGSVGElementBridge.createGraphicsNode;209;org.dacapo.harness.DacapoClassLoader;org.dacapo.harness.DacapoClassLoader
ClassLoader.loadClass;org.apache.batik.ext.awt.image.renderable.ClipRable;org.apache.batik.bridge.SVGBridgeExtension.registerTags;100;org.dacapo.harness.DacapoClassLoader;org.dacapo.harness.DacapoClassLoader
ClassLoader.loadClass;org.apache.batik.ext.awt.image.renderable.ConvolveMatrixRable;org.apache.batik.bridge.SVGBridgeExtension.registerTags;112;org.dacapo.harness.DacapoClassLoader;org.dacapo.harness.DacapoClassLoader
ClassLoader.loadClass;org.apache.batik.ext.awt.image.renderable.Filter;org.apache.batik.bridge.BridgeContext.<init>;1162;org.dacapo.harness.DacapoClassLoader;org.dacapo.harness.DacapoClassLoader
ClassLoader.loadClass;org.apache.batik.ext.awt.image.renderable.FilterChainRable;org.apache.batik.bridge.SVGBridgeExtension.registerTags;130;org.dacapo.harness.DacapoClassLoader;org.dacapo.harness.DacapoClassLoader
ClassLoader.loadClass;org.apache.batik.ext.awt.image.renderable.FilterColorInterpolation;java.lang.ClassLoader.defineClass1;;org.dacapo.harness.DacapoClassLoader;org.dacapo.harness.DacapoClassLoader
ClassLoader.loadClass;org.apache.batik.ext.awt.image.renderable.PadRable;org.apache.batik.bridge.SVGBridgeExtension.registerTags;112;org.dacapo.harness.DacapoClassLoader;org.dacapo.harness.DacapoClassLoader
ClassLoader.loadClass;org.apache.batik.ext.awt.image.renderable.PaintRable;java.lang.ClassLoader.defineClass1;;org.dacapo.harness.DacapoClassLoader;org.dacapo.harness.DacapoClassLoader
ClassLoader.loadClass;org.apache.batik.ext.awt.image.renderable.TurbulenceRable;org.apache.batik.bridge.SVGBridgeExtension.registerTags;127;org.dacapo.harness.DacapoClassLoader;org.dacapo.harness.DacapoClassLoader
ClassLoader.loadClass;org.apache.batik.ext.awt.image.rendered.AbstractRed;java.lang.ClassLoader.defineClass1;;org.dacapo.harness.DacapoClassLoader;org.dacapo.harness.DacapoClassLoader
ClassLoader.loadClass;org.apache.batik.ext.awt.image.rendered.AbstractTiledRed;org.apache.batik.gvt.filter.GraphicsNodeRed8Bit.<init>;94;org.dacapo.harness.DacapoClassLoader;org.dacapo.harness.DacapoClassLoader
ClassLoader.loadClass;org.apache.batik.ext.awt.image.rendered.AffineRed;org.apache.batik.ext.awt.image.GraphicsUtil.drawImage;103;org.dacapo.harness.DacapoClassLoader;org.dacapo.harness.DacapoClassLoader
ClassLoader.loadClass;org.apache.batik.ext.awt.image.rendered.BufferedImageCachableRed;org.apache.batik.ext.awt.image.GraphicsUtil.drawImage;148;org.dacapo.harness.DacapoClassLoader;org.dacapo.harness.DacapoClassLoader
ClassLoader.loadClass;org.apache.batik.ext.awt.image.rendered.CachableRed;org.apache.batik.gvt.AbstractGraphicsNode.getGraphicsNodeRable;401;org.dacapo.harness.DacapoClassLoader;org.dacapo.harness.DacapoClassLoader
ClassLoader.loadClass;org.apache.batik.ext.awt.image.rendered.LRUCache$LRUNode;org.apache.batik.ext.awt.image.rendered.TileCache.<clinit>;28;org.dacapo.harness.DacapoClassLoader;org.dacapo.harness.DacapoClassLoader
ClassLoader.loadClass;org.apache.batik.ext.awt.image.rendered.LRUCache$LRUObj;org.apache.batik.ext.awt.image.rendered.TileCache.getTileMap;44;org.dacapo.harness.DacapoClassLoader;org.dacapo.harness.DacapoClassLoader
ClassLoader.loadClass;org.apache.batik.ext.awt.image.rendered.LRUCache;org.apache.batik.ext.awt.image.rendered.TileCache.<clinit>;28;org.dacapo.harness.DacapoClassLoader;org.dacapo.harness.DacapoClassLoader
ClassLoader.loadClass;org.apache.batik.ext.awt.image.rendered.PadRed$ZeroRecter;org.apache.batik.ext.awt.image.rendered.PadRed.handleZero;193;org.dacapo.harness.DacapoClassLoader;org.dacapo.harness.DacapoClassLoader
ClassLoader.loadClass;org.apache.batik.ext.awt.image.rendered.PadRed$ZeroRecter_INT_PACK;org.apache.batik.ext.awt.image.rendered.PadRed.handleZero;193;org.dacapo.harness.DacapoClassLoader;org.dacapo.harness.DacapoClassLoader
ClassLoader.loadClass;org.apache.batik.ext.awt.image.rendered.PadRed;org.apache.batik.gvt.renderer.StaticRenderer.repaint;389;org.dacapo.harness.DacapoClassLoader;org.dacapo.harness.DacapoClassLoader
ClassLoader.loadClass;org.apache.batik.ext.awt.image.rendered.TileBlock;org.apache.batik.ext.awt.image.rendered.AbstractTiledRed.copyToRasterByBlocks;426;org.dacapo.harness.DacapoClassLoader;org.dacapo.harness.DacapoClassLoader
ClassLoader.loadClass;org.apache.batik.ext.awt.image.rendered.TileCache;org.apache.batik.ext.awt.image.rendered.AbstractTiledRed.createTileStore;293;org.dacapo.harness.DacapoClassLoader;org.dacapo.harness.DacapoClassLoader
ClassLoader.loadClass;org.apache.batik.ext.awt.image.rendered.TileCacheRed;org.apache.batik.gvt.renderer.StaticRenderer.setupCache;465;org.dacapo.harness.DacapoClassLoader;org.dacapo.harness.DacapoClassLoader
ClassLoader.loadClass;org.apache.batik.ext.awt.image.rendered.TileGenerator;java.lang.ClassLoader.defineClass1;;org.dacapo.harness.DacapoClassLoader;org.dacapo.harness.DacapoClassLoader
ClassLoader.loadClass;org.apache.batik.ext.awt.image.rendered.TileLRUMember;java.lang.ClassLoader.defineClass1;;org.dacapo.harness.DacapoClassLoader;org.dacapo.harness.DacapoClassLoader
ClassLoader.loadClass;org.apache.batik.ext.awt.image.rendered.TileMap$TileMapLRUMember$RasterSoftRef;org.apache.batik.ext.awt.image.rendered.TileMap.setTile;88;org.dacapo.harness.DacapoClassLoader;org.dacapo.harness.DacapoClassLoader
ClassLoader.loadClass;org.apache.batik.ext.awt.image.rendered.TileMap$TileMapLRUMember;org.apache.batik.ext.awt.image.rendered.TileMap.setTile;88;org.dacapo.harness.DacapoClassLoader;org.dacapo.harness.DacapoClassLoader
ClassLoader.loadClass;org.apache.batik.ext.awt.image.rendered.TileMap;org.apache.batik.ext.awt.image.rendered.TileCache.getTileMap;44;org.dacapo.harness.DacapoClassLoader;org.dacapo.harness.DacapoClassLoader
ClassLoader.loadClass;org.apache.batik.ext.awt.image.rendered.TileStore;org.apache.batik.ext.awt.image.rendered.AbstractTiledRed.createTileStore;293;org.dacapo.harness.DacapoClassLoader;org.dacapo.harness.DacapoClassLoader
ClassLoader.loadClass;org.apache.batik.ext.awt.image.rendered.TranslateRed;org.apache.batik.gvt.renderer.StaticRenderer.renderGNR;489;org.dacapo.harness.DacapoClassLoader;org.dacapo.harness.DacapoClassLoader
ClassLoader.loadClass;org.apache.batik.ext.awt.image.spi.BrokenLinkProvider;org.apache.batik.bridge.SVGBridgeExtension.registerTags;134;org.dacapo.harness.DacapoClassLoader;org.dacapo.harness.DacapoClassLoader
ClassLoader.loadClass;org.apache.batik.ext.awt.image.spi.DefaultBrokenLinkProvider;java.lang.ClassLoader.defineClass1;;org.dacapo.harness.DacapoClassLoader;org.dacapo.harness.DacapoClassLoader
ClassLoader.loadClass;org.apache.batik.ext.awt.image.spi.ErrorConstants;java.lang.ClassLoader.defineClass1;;org.dacapo.harness.DacapoClassLoader;org.dacapo.harness.DacapoClassLoader
ClassLoader.loadClass;org.apache.batik.ext.awt.image.spi.ImageTagRegistry;org.apache.batik.bridge.SVGImageElementBridge.<clinit>;1040;org.dacapo.harness.DacapoClassLoader;org.dacapo.harness.DacapoClassLoader
ClassLoader.loadClass;org.apache.batik.ext.awt.image.spi.RegistryEntry;org.apache.batik.bridge.SVGImageElementBridge.<clinit>;1040;org.dacapo.harness.DacapoClassLoader;org.dacapo.harness.DacapoClassLoader
ClassLoader.loadClass;org.apache.batik.extension.svg.BatikBridgeExtension;org.apache.batik.util.Service.providers;123;org.dacapo.harness.DacapoClassLoader;org.dacapo.harness.DacapoClassLoader
ClassLoader.loadClass;org.apache.batik.extension.svg.BatikDomExtension$BatikHistogramNormalizationElementFactory;org.apache.batik.extension.svg.BatikDomExtension.registerTags;99;org.dacapo.harness.DacapoClassLoader;org.dacapo.harness.DacapoClassLoader
ClassLoader.loadClass;org.apache.batik.extension.svg.BatikDomExtension$BatikRegularPolygonElementFactory;org.apache.batik.extension.svg.BatikDomExtension.registerTags;89;org.dacapo.harness.DacapoClassLoader;org.dacapo.harness.DacapoClassLoader
ClassLoader.loadClass;org.apache.batik.extension.svg.BatikDomExtension$BatikStarElementFactory;org.apache.batik.extension.svg.BatikDomExtension.registerTags;94;org.dacapo.harness.DacapoClassLoader;org.dacapo.harness.DacapoClassLoader
ClassLoader.loadClass;org.apache.batik.extension.svg.BatikDomExtension$ColorSwitchElementFactory;org.apache.batik.extension.svg.BatikDomExtension.registerTags;104;org.dacapo.harness.DacapoClassLoader;org.dacapo.harness.DacapoClassLoader
ClassLoader.loadClass;org.apache.batik.extension.svg.BatikDomExtension$FlowDivElementFactory;org.apache.batik.extension.svg.BatikDomExtension.registerTags;114;org.dacapo.harness.DacapoClassLoader;org.dacapo.harness.DacapoClassLoader
ClassLoader.loadClass;org.apache.batik.extension.svg.BatikDomExtension$FlowLineElementFactory;org.apache.batik.extension.svg.BatikDomExtension.registerTags;134;org.dacapo.harness.DacapoClassLoader;org.dacapo.harness.DacapoClassLoader
ClassLoader.loadClass;org.apache.batik.extension.svg.BatikDomExtension$FlowParaElementFactory;org.apache.batik.extension.svg.BatikDomExtension.registerTags;119;org.dacapo.harness.DacapoClassLoader;org.dacapo.harness.DacapoClassLoader
ClassLoader.loadClass;org.apache.batik.extension.svg.BatikDomExtension$FlowRegionBreakElementFactory;org.apache.batik.extension.svg.BatikDomExtension.registerTags;124;org.dacapo.harness.DacapoClassLoader;org.dacapo.harness.DacapoClassLoader
ClassLoader.loadClass;org.apache.batik.extension.svg.BatikDomExtension$FlowRegionElementFactory;org.apache.batik.extension.svg.BatikDomExtension.registerTags;129;org.dacapo.harness.DacapoClassLoader;org.dacapo.harness.DacapoClassLoader
ClassLoader.loadClass;org.apache.batik.extension.svg.BatikDomExtension$FlowSpanElementFactory;org.apache.batik.extension.svg.BatikDomExtension.registerTags;139;org.dacapo.harness.DacapoClassLoader;org.dacapo.harness.DacapoClassLoader
ClassLoader.loadClass;org.apache.batik.extension.svg.BatikDomExtension$FlowTextElementFactory;org.apache.batik.extension.svg.BatikDomExtension.registerTags;109;org.dacapo.harness.DacapoClassLoader;org.dacapo.harness.DacapoClassLoader
ClassLoader.loadClass;org.apache.batik.extension.svg.BatikDomExtension;org.apache.batik.util.Service.providers;123;org.dacapo.harness.DacapoClassLoader;org.dacapo.harness.DacapoClassLoader
ClassLoader.loadClass;org.apache.batik.extension.svg.BatikExtConstants;java.lang.ClassLoader.defineClass1;;org.dacapo.harness.DacapoClassLoader;org.dacapo.harness.DacapoClassLoader
ClassLoader.loadClass;org.apache.batik.extension.svg.BatikFlowTextElementBridge;org.apache.batik.extension.svg.BatikBridgeExtension.registerTags;113;org.dacapo.harness.DacapoClassLoader;org.dacapo.harness.DacapoClassLoader
ClassLoader.loadClass;org.apache.batik.extension.svg.BatikHistogramNormalizationElementBridge;org.apache.batik.extension.svg.BatikBridgeExtension.registerTags;112;org.dacapo.harness.DacapoClassLoader;org.dacapo.harness.DacapoClassLoader
ClassLoader.loadClass;org.apache.batik.extension.svg.BatikRegularPolygonElementBridge;org.apache.batik.extension.svg.BatikBridgeExtension.registerTags;110;org.dacapo.harness.DacapoClassLoader;org.dacapo.harness.DacapoClassLoader
ClassLoader.loadClass;org.apache.batik.extension.svg.BatikStarElementBridge;org.apache.batik.extension.svg.BatikBridgeExtension.registerTags;111;org.dacapo.harness.DacapoClassLoader;org.dacapo.harness.DacapoClassLoader
ClassLoader.loadClass;org.apache.batik.extension.svg.ColorSwitchBridge;org.apache.batik.extension.svg.BatikBridgeExtension.registerTags;114;org.dacapo.harness.DacapoClassLoader;org.dacapo.harness.DacapoClassLoader
ClassLoader.loadClass;org.apache.batik.gvt.AbstractGraphicsNode;java.lang.ClassLoader.defineClass1;;org.dacapo.harness.DacapoClassLoader;org.dacapo.harness.DacapoClassLoader
ClassLoader.loadClass;org.apache.batik.gvt.CanvasGraphicsNode;org.apache.batik.bridge.SVGSVGElementBridge.instantiateGraphicsNode;86;org.dacapo.harness.DacapoClassLoader;org.dacapo.harness.DacapoClassLoader
ClassLoader.loadClass;org.apache.batik.gvt.CompositeGraphicsNode;java.lang.ClassLoader.defineClass1;;org.dacapo.harness.DacapoClassLoader;org.dacapo.harness.DacapoClassLoader
ClassLoader.loadClass;org.apache.batik.gvt.CompositeShapePainter;org.apache.batik.bridge.PaintServer.convertFillAndStroke;173;org.dacapo.harness.DacapoClassLoader;org.dacapo.harness.DacapoClassLoader
ClassLoader.loadClass;org.apache.batik.gvt.FillShapePainter;org.apache.batik.bridge.PaintServer.convertFillAndStroke;161;org.dacapo.harness.DacapoClassLoader;org.dacapo.harness.DacapoClassLoader
ClassLoader.loadClass;org.apache.batik.gvt.GraphicsNode;org.apache.batik.transcoder.SVGAbstractTranscoder.transcode;199;org.dacapo.harness.DacapoClassLoader;org.dacapo.harness.DacapoClassLoader
ClassLoader.loadClass;org.apache.batik.gvt.Marker;org.apache.batik.bridge.PaintServer.convertMarker;127;org.dacapo.harness.DacapoClassLoader;org.dacapo.harness.DacapoClassLoader
ClassLoader.loadClass;org.apache.batik.gvt.RootGraphicsNode;org.apache.batik.bridge.SVGDocumentBridge.createGraphicsNode;104;org.dacapo.harness.DacapoClassLoader;org.dacapo.harness.DacapoClassLoader
ClassLoader.loadClass;org.apache.batik.gvt.ShapeNode;org.apache.batik.bridge.SVGShapeElementBridge.instantiateGraphicsNode;76;org.dacapo.harness.DacapoClassLoader;org.dacapo.harness.DacapoClassLoader
ClassLoader.loadClass;org.apache.batik.gvt.ShapePainter;org.apache.batik.bridge.SVGBridgeExtension.registerTags;135;org.dacapo.harness.DacapoClassLoader;org.dacapo.harness.DacapoClassLoader
ClassLoader.loadClass;org.apache.batik.gvt.StrokeShapePainter;org.apache.batik.bridge.PaintServer.convertFillAndStroke;169;org.dacapo.harness.DacapoClassLoader;org.dacapo.harness.DacapoClassLoader
ClassLoader.loadClass;org.apache.batik.gvt.event.GraphicsNodeChangeEvent;org.apache.batik.gvt.AbstractGraphicsNode.fireGraphicsNodeChangeStarted;650;org.dacapo.harness.DacapoClassLoader;org.dacapo.harness.DacapoClassLoader
ClassLoader.loadClass;org.apache.batik.gvt.event.GraphicsNodeEvent;java.lang.ClassLoader.defineClass1;;org.dacapo.harness.DacapoClassLoader;org.dacapo.harness.DacapoClassLoader
ClassLoader.loadClass;org.apache.batik.gvt.filter.GraphicsNodeRable8Bit;org.apache.batik.gvt.AbstractGraphicsNode.getGraphicsNodeRable;401;org.dacapo.harness.DacapoClassLoader;org.dacapo.harness.DacapoClassLoader
ClassLoader.loadClass;org.apache.batik.gvt.filter.GraphicsNodeRable;org.apache.batik.bridge.SVGDocumentBridge.createGraphicsNode;104;org.dacapo.harness.DacapoClassLoader;org.dacapo.harness.DacapoClassLoader
ClassLoader.loadClass;org.apache.batik.gvt.filter.GraphicsNodeRed8Bit;org.apache.batik.gvt.filter.GraphicsNodeRable8Bit.createRendering;306;org.dacapo.harness.DacapoClassLoader;org.dacapo.harness.DacapoClassLoader
ClassLoader.loadClass;org.apache.batik.gvt.filter.Mask;org.apache.batik.bridge.SVGBridgeExtension.registerTags;138;org.dacapo.harness.DacapoClassLoader;org.dacapo.harness.DacapoClassLoader
ClassLoader.loadClass;org.apache.batik.gvt.font.GVTFontFace;org.apache.batik.bridge.SVGBridgeExtension.registerTags;98;org.dacapo.harness.DacapoClassLoader;org.dacapo.harness.DacapoClassLoader
ClassLoader.loadClass;org.apache.batik.gvt.renderer.ConcreteImageRendererFactory;org.apache.batik.transcoder.image.ImageTranscoder.createRenderer;140;org.dacapo.harness.DacapoClassLoader;org.dacapo.harness.DacapoClassLoader
ClassLoader.loadClass;org.apache.batik.gvt.renderer.ImageRenderer;org.apache.batik.transcoder.image.ImageTranscoder.createRenderer;140;org.dacapo.harness.DacapoClassLoader;org.dacapo.harness.DacapoClassLoader
ClassLoader.loadClass;org.apache.batik.gvt.renderer.ImageRendererFactory;org.apache.batik.apps.rasterizer.DestinationType.getTranscoder;89;org.dacapo.harness.DacapoClassLoader;org.dacapo.harness.DacapoClassLoader
ClassLoader.loadClass;org.apache.batik.gvt.renderer.Renderer;org.apache.batik.transcoder.image.ImageTranscoder.createRenderer;140;org.dacapo.harness.DacapoClassLoader;org.dacapo.harness.DacapoClassLoader
ClassLoader.loadClass;org.apache.batik.gvt.renderer.RendererFactory;java.lang.ClassLoader.defineClass1;;org.dacapo.harness.DacapoClassLoader;org.dacapo.harness.DacapoClassLoader
ClassLoader.loadClass;org.apache.batik.gvt.renderer.StaticRenderer;org.apache.batik.gvt.renderer.ConcreteImageRendererFactory.createStaticImageRenderer;44;org.dacapo.harness.DacapoClassLoader;org.dacapo.harness.DacapoClassLoader
ClassLoader.loadClass;org.apache.batik.gvt.text.GVTAttributedCharacterIterator$TextAttribute;org.apache.batik.bridge.SVGBridgeExtension.registerTags;98;org.dacapo.harness.DacapoClassLoader;org.dacapo.harness.DacapoClassLoader
ClassLoader.loadClass;org.apache.batik.i18n.LocaleGroup;org.apache.batik.i18n.LocalizableSupport.<init>;85;org.dacapo.harness.DacapoClassLoader;org.dacapo.harness.DacapoClassLoader
ClassLoader.loadClass;org.apache.batik.i18n.Localizable;java.lang.ClassLoader.defineClass1;;org.dacapo.harness.DacapoClassLoader;org.dacapo.harness.DacapoClassLoader
ClassLoader.loadClass;org.apache.batik.i18n.LocalizableSupport;org.apache.batik.apps.rasterizer.Messages.<clinit>;48;org.dacapo.harness.DacapoClassLoader;org.dacapo.harness.DacapoClassLoader
ClassLoader.loadClass;org.apache.batik.parser.AWTPathProducer;org.apache.batik.bridge.SVGPathElementBridge.buildShape;85;org.dacapo.harness.DacapoClassLoader;org.dacapo.harness.DacapoClassLoader
ClassLoader.loadClass;org.apache.batik.parser.AWTTransformProducer;org.apache.batik.bridge.SVGUtilities.convertTransform;1163;org.dacapo.harness.DacapoClassLoader;org.dacapo.harness.DacapoClassLoader
ClassLoader.loadClass;org.apache.batik.parser.AbstractParser;java.lang.ClassLoader.defineClass1;;org.dacapo.harness.DacapoClassLoader;org.dacapo.harness.DacapoClassLoader
ClassLoader.loadClass;org.apache.batik.parser.AngleHandler;org.apache.batik.bridge.SVGBridgeExtension.registerTags;158;org.dacapo.harness.DacapoClassLoader;org.dacapo.harness.DacapoClassLoader
ClassLoader.loadClass;org.apache.batik.parser.ClockHandler;org.apache.batik.apps.rasterizer.Main.<clinit>;792;org.dacapo.harness.DacapoClassLoader;org.dacapo.harness.DacapoClassLoader
ClassLoader.loadClass;org.apache.batik.parser.DefaultErrorHandler;org.apache.batik.parser.AbstractParser.<init>;50;org.dacapo.harness.DacapoClassLoader;org.dacapo.harness.DacapoClassLoader
ClassLoader.loadClass;org.apache.batik.parser.DefaultLengthHandler;org.apache.batik.parser.LengthParser.<init>;41;org.dacapo.harness.DacapoClassLoader;org.dacapo.harness.DacapoClassLoader
ClassLoader.loadClass;org.apache.batik.parser.DefaultPathHandler;org.apache.batik.parser.PathParser.<init>;41;org.dacapo.harness.DacapoClassLoader;org.dacapo.harness.DacapoClassLoader
ClassLoader.loadClass;org.apache.batik.parser.DefaultTransformListHandler;org.apache.batik.parser.TransformListParser.<init>;41;org.dacapo.harness.DacapoClassLoader;org.dacapo.harness.DacapoClassLoader
ClassLoader.loadClass;org.apache.batik.parser.ErrorHandler;org.apache.batik.anim.dom.AbstractSVGLength.parse;227;org.dacapo.harness.DacapoClassLoader;org.dacapo.harness.DacapoClassLoader
ClassLoader.loadClass;org.apache.batik.parser.FragmentIdentifierHandler;org.apache.batik.bridge.SVGSVGElementBridge.createGraphicsNode;147;org.dacapo.harness.DacapoClassLoader;org.dacapo.harness.DacapoClassLoader
ClassLoader.loadClass;org.apache.batik.parser.LengthHandler;java.lang.ClassLoader.defineClass1;;org.dacapo.harness.DacapoClassLoader;org.dacapo.harness.DacapoClassLoader
ClassLoader.loadClass;org.apache.batik.parser.LengthListHandler;org.apache.batik.bridge.SVGBridgeExtension.registerTags;158;org.dacapo.harness.DacapoClassLoader;org.dacapo.harness.DacapoClassLoader
ClassLoader.loadClass;org.apache.batik.parser.LengthParser;org.apache.batik.anim.dom.AbstractSVGLength.parse;227;org.dacapo.harness.DacapoClassLoader;org.dacapo.harness.DacapoClassLoader
ClassLoader.loadClass;org.apache.batik.parser.NumberParser;org.apache.batik.parser.LengthParser.parseLength;272;org.dacapo.harness.DacapoClassLoader;org.dacapo.harness.DacapoClassLoader
ClassLoader.loadClass;org.apache.batik.parser.ParseException;org.apache.batik.apps.rasterizer.Main.<clinit>;792;org.dacapo.harness.DacapoClassLoader;org.dacapo.harness.DacapoClassLoader
ClassLoader.loadClass;org.apache.batik.parser.Parser;java.lang.ClassLoader.defineClass1;;org.dacapo.harness.DacapoClassLoader;org.dacapo.harness.DacapoClassLoader
ClassLoader.loadClass;org.apache.batik.parser.PathHandler;org.apache.batik.anim.dom.SVGOMElement.createLiveAnimatedPathData;430;org.dacapo.harness.DacapoClassLoader;org.dacapo.harness.DacapoClassLoader
ClassLoader.loadClass;org.apache.batik.parser.PathParser;org.apache.batik.dom.svg.AbstractSVGPathSegList.doParse;155;org.dacapo.harness.DacapoClassLoader;org.dacapo.harness.DacapoClassLoader
ClassLoader.loadClass;org.apache.batik.parser.PreserveAspectRatioHandler;java.lang.ClassLoader.defineClass1;;org.dacapo.harness.DacapoClassLoader;org.dacapo.harness.DacapoClassLoader
ClassLoader.loadClass;org.apache.batik.parser.ShapeProducer;java.lang.ClassLoader.defineClass1;;org.dacapo.harness.DacapoClassLoader;org.dacapo.harness.DacapoClassLoader
ClassLoader.loadClass;org.apache.batik.parser.TransformListHandler;java.lang.ClassLoader.defineClass1;;org.dacapo.harness.DacapoClassLoader;org.dacapo.harness.DacapoClassLoader
ClassLoader.loadClass;org.apache.batik.parser.TransformListParser;org.apache.batik.dom.svg.AbstractSVGTransformList.doParse;176;org.dacapo.harness.DacapoClassLoader;org.dacapo.harness.DacapoClassLoader
ClassLoader.loadClass;org.apache.batik.parser.UnitProcessor$Context;org.apache.batik.anim.dom.SVGDOMImplementation$SvgElementFactory.create;1450;org.dacapo.harness.DacapoClassLoader;org.dacapo.harness.DacapoClassLoader
ClassLoader.loadClass;org.apache.batik.parser.UnitProcessor$UnitResolver;org.apache.batik.anim.dom.AbstractSVGLength.parse;228;org.dacapo.harness.DacapoClassLoader;org.dacapo.harness.DacapoClassLoader
ClassLoader.loadClass;org.apache.batik.parser.UnitProcessor;java.lang.ClassLoader.defineClass1;;org.dacapo.harness.DacapoClassLoader;org.dacapo.harness.DacapoClassLoader
ClassLoader.loadClass;org.apache.batik.script.Interpreter;java.lang.Class.getDeclaredConstructors0;;org.dacapo.harness.DacapoClassLoader;org.dacapo.harness.DacapoClassLoader
ClassLoader.loadClass;org.apache.batik.script.InterpreterFactory;org.apache.batik.script.InterpreterPool.<clinit>;63;org.dacapo.harness.DacapoClassLoader;org.dacapo.harness.DacapoClassLoader
ClassLoader.loadClass;org.apache.batik.script.InterpreterPool;org.apache.batik.bridge.BridgeContext.<clinit>;276;org.dacapo.harness.DacapoClassLoader;org.dacapo.harness.DacapoClassLoader
ClassLoader.loadClass;org.apache.batik.transcoder.AbstractTranscoder;java.lang.ClassLoader.defineClass1;;org.dacapo.harness.DacapoClassLoader;org.dacapo.harness.DacapoClassLoader
ClassLoader.loadClass;org.apache.batik.transcoder.DefaultErrorHandler;org.apache.batik.transcoder.TranscoderSupport.<clinit>;32;org.dacapo.harness.DacapoClassLoader;org.dacapo.harness.DacapoClassLoader
ClassLoader.loadClass;org.apache.batik.transcoder.ErrorHandler;org.apache.batik.apps.rasterizer.DestinationType.getTranscoder;89;org.dacapo.harness.DacapoClassLoader;org.dacapo.harness.DacapoClassLoader
ClassLoader.loadClass;org.apache.batik.transcoder.SVGAbstractTranscoder$SVGAbstractTranscoderUserAgent;org.apache.batik.transcoder.SVGAbstractTranscoder.createUserAgent;139;org.dacapo.harness.DacapoClassLoader;org.dacapo.harness.DacapoClassLoader
ClassLoader.loadClass;org.apache.batik.transcoder.SVGAbstractTranscoder;java.lang.ClassLoader.defineClass1;;org.dacapo.harness.DacapoClassLoader;org.dacapo.harness.DacapoClassLoader
ClassLoader.loadClass;org.apache.batik.transcoder.Transcoder;org.apache.batik.apps.rasterizer.Main.<clinit>;536;org.dacapo.harness.DacapoClassLoader;org.dacapo.harness.DacapoClassLoader
ClassLoader.loadClass;org.apache.batik.transcoder.TranscoderException;org.apache.batik.apps.rasterizer.DestinationType.getTranscoder;89;org.dacapo.harness.DacapoClassLoader;org.dacapo.harness.DacapoClassLoader
ClassLoader.loadClass;org.apache.batik.transcoder.TranscoderInput;org.apache.batik.apps.rasterizer.SVGConverter.transcode;979;org.dacapo.harness.DacapoClassLoader;org.dacapo.harness.DacapoClassLoader
ClassLoader.loadClass;org.apache.batik.transcoder.TranscoderOutput;org.apache.batik.apps.rasterizer.SVGConverter.transcode;993;org.dacapo.harness.DacapoClassLoader;org.dacapo.harness.DacapoClassLoader
ClassLoader.loadClass;org.apache.batik.transcoder.TranscoderSupport;java.lang.ClassLoader.defineClass1;;org.dacapo.harness.DacapoClassLoader;org.dacapo.harness.DacapoClassLoader
ClassLoader.loadClass;org.apache.batik.transcoder.TranscodingHints$Key;org.apache.batik.apps.rasterizer.DestinationType.getTranscoder;89;org.dacapo.harness.DacapoClassLoader;org.dacapo.harness.DacapoClassLoader
ClassLoader.loadClass;org.apache.batik.transcoder.TranscodingHints;org.apache.batik.transcoder.TranscoderSupport.<init>;35;org.dacapo.harness.DacapoClassLoader;org.dacapo.harness.DacapoClassLoader
ClassLoader.loadClass;org.apache.batik.transcoder.XMLAbstractTranscoder;java.lang.ClassLoader.defineClass1;;org.dacapo.harness.DacapoClassLoader;org.dacapo.harness.DacapoClassLoader
ClassLoader.loadClass;org.apache.batik.transcoder.image.ImageTranscoder;java.lang.ClassLoader.defineClass1;;org.dacapo.harness.DacapoClassLoader;org.dacapo.harness.DacapoClassLoader
ClassLoader.loadClass;org.apache.batik.transcoder.image.PNGTranscoder$WriteAdapter;java.lang.ClassLoader.defineClass1;;org.dacapo.harness.DacapoClassLoader;org.dacapo.harness.DacapoClassLoader
ClassLoader.loadClass;org.apache.batik.transcoder.image.PNGTranscoder;org.apache.batik.apps.rasterizer.DestinationType.getTranscoder;89;org.dacapo.harness.DacapoClassLoader;org.dacapo.harness.DacapoClassLoader
ClassLoader.loadClass;org.apache.batik.transcoder.keys.BooleanKey;org.apache.batik.apps.rasterizer.DestinationType.getTranscoder;89;org.dacapo.harness.DacapoClassLoader;org.dacapo.harness.DacapoClassLoader
ClassLoader.loadClass;org.apache.batik.transcoder.keys.DOMImplementationKey;org.apache.batik.apps.rasterizer.DestinationType.getTranscoder;89;org.dacapo.harness.DacapoClassLoader;org.dacapo.harness.DacapoClassLoader
ClassLoader.loadClass;org.apache.batik.transcoder.keys.FloatKey;org.apache.batik.apps.rasterizer.DestinationType.getTranscoder;89;org.dacapo.harness.DacapoClassLoader;org.dacapo.harness.DacapoClassLoader
ClassLoader.loadClass;org.apache.batik.transcoder.keys.IntegerKey;org.apache.batik.apps.rasterizer.DestinationType.getTranscoder;89;org.dacapo.harness.DacapoClassLoader;org.dacapo.harness.DacapoClassLoader
ClassLoader.loadClass;org.apache.batik.transcoder.keys.LengthKey;org.apache.batik.apps.rasterizer.DestinationType.getTranscoder;89;org.dacapo.harness.DacapoClassLoader;org.dacapo.harness.DacapoClassLoader
ClassLoader.loadClass;org.apache.batik.transcoder.keys.PaintKey;org.apache.batik.apps.rasterizer.DestinationType.getTranscoder;89;org.dacapo.harness.DacapoClassLoader;org.dacapo.harness.DacapoClassLoader
ClassLoader.loadClass;org.apache.batik.transcoder.keys.Rectangle2DKey;org.apache.batik.apps.rasterizer.DestinationType.getTranscoder;89;org.dacapo.harness.DacapoClassLoader;org.dacapo.harness.DacapoClassLoader
ClassLoader.loadClass;org.apache.batik.transcoder.keys.StringKey;org.apache.batik.apps.rasterizer.DestinationType.getTranscoder;89;org.dacapo.harness.DacapoClassLoader;org.dacapo.harness.DacapoClassLoader
ClassLoader.loadClass;org.apache.batik.util.AbstractParsedURLProtocolHandler;java.lang.ClassLoader.defineClass1;;org.dacapo.harness.DacapoClassLoader;org.dacapo.harness.DacapoClassLoader
ClassLoader.loadClass;org.apache.batik.util.ApplicationSecurityEnforcer;org.apache.batik.apps.rasterizer.Main.execute;934;org.dacapo.harness.DacapoClassLoader;org.dacapo.harness.DacapoClassLoader
ClassLoader.loadClass;org.apache.batik.util.BatikSecurityManager;org.apache.batik.apps.rasterizer.Main.execute;934;org.dacapo.harness.DacapoClassLoader;org.dacapo.harness.DacapoClassLoader
ClassLoader.loadClass;org.apache.batik.util.CSSConstants;java.lang.ClassLoader.defineClass1;;org.dacapo.harness.DacapoClassLoader;org.dacapo.harness.DacapoClassLoader
ClassLoader.loadClass;org.apache.batik.util.CleanerThread$ReferenceCleared;java.lang.ClassLoader.defineClass1;;org.dacapo.harness.DacapoClassLoader;org.dacapo.harness.DacapoClassLoader
ClassLoader.loadClass;org.apache.batik.util.CleanerThread$SoftReferenceCleared;java.lang.ClassLoader.defineClass1;;org.dacapo.harness.DacapoClassLoader;org.dacapo.harness.DacapoClassLoader
ClassLoader.loadClass;org.apache.batik.util.CleanerThread;org.apache.batik.util.CleanerThread$SoftReferenceCleared.<init>;68;org.dacapo.harness.DacapoClassLoader;org.dacapo.harness.DacapoClassLoader
ClassLoader.loadClass;org.apache.batik.util.DoublyIndexedTable$Entry;org.apache.batik.util.DoublyIndexedTable.<init>;60;org.dacapo.harness.DacapoClassLoader;org.dacapo.harness.DacapoClassLoader
ClassLoader.loadClass;org.apache.batik.util.DoublyIndexedTable;org.apache.batik.dom.ExtensibleDOMImplementation.registerCustomElementFactory;94;org.dacapo.harness.DacapoClassLoader;org.dacapo.harness.DacapoClassLoader
ClassLoader.loadClass;org.apache.batik.util.DoublyLinkedList$Node;org.apache.batik.ext.awt.image.rendered.TileCache.<clinit>;28;org.dacapo.harness.DacapoClassLoader;org.dacapo.harness.DacapoClassLoader
ClassLoader.loadClass;org.apache.batik.util.DoublyLinkedList;org.apache.batik.ext.awt.image.rendered.LRUCache.<init>;76;org.dacapo.harness.DacapoClassLoader;org.dacapo.harness.DacapoClassLoader
ClassLoader.loadClass;org.apache.batik.util.HaltingThread;org.apache.batik.dom.util.SAXDocumentFactory.startElement;580;org.dacapo.harness.DacapoClassLoader;org.dacapo.harness.DacapoClassLoader
ClassLoader.loadClass;org.apache.batik.util.MimeTypeConstants;org.apache.batik.anim.dom.SAXSVGDocumentFactory.createDocument;158;org.dacapo.harness.DacapoClassLoader;org.dacapo.harness.DacapoClassLoader
ClassLoader.loadClass;org.apache.batik.util.ParsedURL;org.apache.batik.anim.dom.SAXSVGDocumentFactory.createDocument;156;org.dacapo.harness.DacapoClassLoader;org.dacapo.harness.DacapoClassLoader
ClassLoader.loadClass;org.apache.batik.util.ParsedURLData;org.apache.batik.util.ParsedURL.getHandlersMap;108;org.dacapo.harness.DacapoClassLoader;org.dacapo.harness.DacapoClassLoader
ClassLoader.loadClass;org.apache.batik.util.ParsedURLDataProtocolHandler$DataParsedURLData;org.apache.batik.util.ParsedURL.getHandlersMap;108;org.dacapo.harness.DacapoClassLoader;org.dacapo.harness.DacapoClassLoader
ClassLoader.loadClass;org.apache.batik.util.ParsedURLDataProtocolHandler;org.apache.batik.util.ParsedURL.getHandlersMap;108;org.dacapo.harness.DacapoClassLoader;org.dacapo.harness.DacapoClassLoader
ClassLoader.loadClass;org.apache.batik.util.ParsedURLDefaultProtocolHandler;org.apache.batik.util.ParsedURL.<clinit>;87;org.dacapo.harness.DacapoClassLoader;org.dacapo.harness.DacapoClassLoader
ClassLoader.loadClass;org.apache.batik.util.ParsedURLJarProtocolHandler;org.apache.batik.util.ParsedURL.getHandlersMap;109;org.dacapo.harness.DacapoClassLoader;org.dacapo.harness.DacapoClassLoader
ClassLoader.loadClass;org.apache.batik.util.ParsedURLProtocolHandler;org.apache.batik.anim.dom.SAXSVGDocumentFactory.createDocument;156;org.dacapo.harness.DacapoClassLoader;org.dacapo.harness.DacapoClassLoader
ClassLoader.loadClass;org.apache.batik.util.Platform;org.apache.batik.bridge.CursorManager.<clinit>;131;org.dacapo.harness.DacapoClassLoader;org.dacapo.harness.DacapoClassLoader
ClassLoader.loadClass;org.apache.batik.util.SMILConstants;java.lang.ClassLoader.defineClass1;;org.dacapo.harness.DacapoClassLoader;org.dacapo.harness.DacapoClassLoader
ClassLoader.loadClass;org.apache.batik.util.SVGConstants;java.lang.ClassLoader.defineClass1;;org.dacapo.harness.DacapoClassLoader;org.dacapo.harness.DacapoClassLoader
ClassLoader.loadClass;org.apache.batik.util.SVGFeatureStrings;org.apache.batik.bridge.UserAgentAdapter.addStdFeatures;67;org.dacapo.harness.DacapoClassLoader;org.dacapo.harness.DacapoClassLoader
ClassLoader.loadClass;org.apache.batik.util.Service;org.apache.batik.dom.ExtensibleDOMImplementation.getDomExtensions;266;org.dacapo.harness.DacapoClassLoader;org.dacapo.harness.DacapoClassLoader
ClassLoader.loadClass;org.apache.batik.util.SoftReferenceCache;java.lang.ClassLoader.defineClass1;;org.dacapo.harness.DacapoClassLoader;org.dacapo.harness.DacapoClassLoader
ClassLoader.loadClass;org.apache.batik.util.XMLResourceDescriptor;org.apache.batik.transcoder.XMLAbstractTranscoder.transcode;90;org.dacapo.harness.DacapoClassLoader;org.dacapo.harness.DacapoClassLoader
ClassLoader.loadClass;org.apache.batik.util.io.AbstractCharDecoder;java.lang.ClassLoader.defineClass1;;org.dacapo.harness.DacapoClassLoader;org.dacapo.harness.DacapoClassLoader
ClassLoader.loadClass;org.apache.batik.util.io.CharDecoder;org.apache.batik.css.parser.Scanner.<init>;99;org.dacapo.harness.DacapoClassLoader;org.dacapo.harness.DacapoClassLoader
ClassLoader.loadClass;org.apache.batik.util.io.ISO_8859_1Decoder;org.apache.batik.util.io.StreamNormalizingReader$ISO_8859_1DecoderFactory.createCharDecoder;208;org.dacapo.harness.DacapoClassLoader;org.dacapo.harness.DacapoClassLoader
ClassLoader.loadClass;org.apache.batik.util.io.NormalizingReader;org.apache.batik.css.parser.Parser.createScanner;1512;org.dacapo.harness.DacapoClassLoader;org.dacapo.harness.DacapoClassLoader
ClassLoader.loadClass;org.apache.batik.util.io.StreamNormalizingReader$ASCIIDecoderFactory;org.apache.batik.util.io.StreamNormalizingReader.<clinit>;175;org.dacapo.harness.DacapoClassLoader;org.dacapo.harness.DacapoClassLoader
ClassLoader.loadClass;org.apache.batik.util.io.StreamNormalizingReader$CharDecoderFactory;java.lang.ClassLoader.defineClass1;;org.dacapo.harness.DacapoClassLoader;org.dacapo.harness.DacapoClassLoader
ClassLoader.loadClass;org.apache.batik.util.io.StreamNormalizingReader$ISO_8859_1DecoderFactory;org.apache.batik.util.io.StreamNormalizingReader.<clinit>;178;org.dacapo.harness.DacapoClassLoader;org.dacapo.harness.DacapoClassLoader
ClassLoader.loadClass;org.apache.batik.util.io.StreamNormalizingReader$UTF16DecoderFactory;org.apache.batik.util.io.StreamNormalizingReader.<clinit>;180;org.dacapo.harness.DacapoClassLoader;org.dacapo.harness.DacapoClassLoader
ClassLoader.loadClass;org.apache.batik.util.io.StreamNormalizingReader$UTF8DecoderFactory;org.apache.batik.util.io.StreamNormalizingReader.<clinit>;179;org.dacapo.harness.DacapoClassLoader;org.dacapo.harness.DacapoClassLoader
ClassLoader.loadClass;org.apache.batik.util.io.StreamNormalizingReader;org.apache.batik.css.parser.Parser.createScanner;1512;org.dacapo.harness.DacapoClassLoader;org.dacapo.harness.DacapoClassLoader
ClassLoader.loadClass;org.apache.batik.util.io.StringNormalizingReader;org.apache.batik.css.parser.Parser.createScanner;1512;org.dacapo.harness.DacapoClassLoader;org.dacapo.harness.DacapoClassLoader
ClassLoader.loadClass;org.apache.batik.w3c.dom.ElementTraversal;java.lang.ClassLoader.defineClass1;;org.dacapo.harness.DacapoClassLoader;org.dacapo.harness.DacapoClassLoader
ClassLoader.loadClass;org.apache.batik.xml.XMLCharacters;java.lang.ClassLoader.defineClass1;;org.dacapo.harness.DacapoClassLoader;org.dacapo.harness.DacapoClassLoader
ClassLoader.loadClass;org.apache.batik.xml.XMLUtilities;java.lang.ClassLoader.defineClass1;;org.dacapo.harness.DacapoClassLoader;org.dacapo.harness.DacapoClassLoader
ClassLoader.loadClass;org.apache.commons.cli.AmbiguousOptionException;org.dacapo.harness.CommandLineArgs.<clinit>;144;jdk.internal.loader.ClassLoaders$AppClassLoader;jdk.internal.loader.ClassLoaders$AppClassLoader
ClassLoader.loadClass;org.apache.commons.cli.CommandLine;org.apache.commons.cli.Parser.parse;148;jdk.internal.loader.ClassLoaders$AppClassLoader;jdk.internal.loader.ClassLoaders$AppClassLoader
ClassLoader.loadClass;org.apache.commons.cli.CommandLineParser;org.dacapo.harness.TestHarness.main;101;jdk.internal.loader.ClassLoaders$AppClassLoader;jdk.internal.loader.ClassLoaders$AppClassLoader
ClassLoader.loadClass;org.apache.commons.cli.MissingArgumentException;org.dacapo.harness.CommandLineArgs.<clinit>;144;jdk.internal.loader.ClassLoaders$AppClassLoader;jdk.internal.loader.ClassLoaders$AppClassLoader
ClassLoader.loadClass;org.apache.commons.cli.MissingOptionException;org.dacapo.harness.CommandLineArgs.<clinit>;144;jdk.internal.loader.ClassLoaders$AppClassLoader;jdk.internal.loader.ClassLoaders$AppClassLoader
ClassLoader.loadClass;org.apache.commons.cli.Option;org.dacapo.harness.CommandLineArgs.<clinit>;110;jdk.internal.loader.ClassLoaders$AppClassLoader;jdk.internal.loader.ClassLoaders$AppClassLoader
ClassLoader.loadClass;org.apache.commons.cli.OptionValidator;org.apache.commons.cli.Option.<init>;387;jdk.internal.loader.ClassLoaders$AppClassLoader;jdk.internal.loader.ClassLoaders$AppClassLoader
ClassLoader.loadClass;org.apache.commons.cli.Options;org.dacapo.harness.CommandLineArgs.<clinit>;145;jdk.internal.loader.ClassLoaders$AppClassLoader;jdk.internal.loader.ClassLoaders$AppClassLoader
ClassLoader.loadClass;org.apache.commons.cli.ParseException;org.dacapo.harness.TestHarness.main;101;jdk.internal.loader.ClassLoaders$AppClassLoader;jdk.internal.loader.ClassLoaders$AppClassLoader
ClassLoader.loadClass;org.apache.commons.cli.Parser;java.lang.ClassLoader.defineClass1;;jdk.internal.loader.ClassLoaders$AppClassLoader;jdk.internal.loader.ClassLoaders$AppClassLoader
ClassLoader.loadClass;org.apache.commons.cli.PosixParser;org.dacapo.harness.CommandLineArgs.<clinit>;144;jdk.internal.loader.ClassLoaders$AppClassLoader;jdk.internal.loader.ClassLoaders$AppClassLoader
ClassLoader.loadClass;org.apache.commons.cli.UnrecognizedOptionException;org.dacapo.harness.CommandLineArgs.<clinit>;144;jdk.internal.loader.ClassLoaders$AppClassLoader;jdk.internal.loader.ClassLoaders$AppClassLoader
ClassLoader.loadClass;org.apache.commons.cli.Util;org.apache.commons.cli.PosixParser.flatten;179;jdk.internal.loader.ClassLoaders$AppClassLoader;jdk.internal.loader.ClassLoaders$AppClassLoader
ClassLoader.loadClass;org.apache.xmlgraphics.java2d.color.AbstractDeviceSpecificColorSpace;java.lang.ClassLoader.defineClass1;;org.dacapo.harness.DacapoClassLoader;org.dacapo.harness.DacapoClassLoader
ClassLoader.loadClass;org.apache.xmlgraphics.java2d.color.ColorSpaceOrigin;java.lang.ClassLoader.defineClass1;;org.dacapo.harness.DacapoClassLoader;org.dacapo.harness.DacapoClassLoader
ClassLoader.loadClass;org.apache.xmlgraphics.java2d.color.ColorWithAlternatives;org.apache.batik.bridge.SVGShapeElementBridge.createShapePainter;117;org.dacapo.harness.DacapoClassLoader;org.dacapo.harness.DacapoClassLoader
ClassLoader.loadClass;org.apache.xmlgraphics.java2d.color.DeviceCMYKColorSpace;org.apache.batik.bridge.SVGShapeElementBridge.createShapePainter;117;org.dacapo.harness.DacapoClassLoader;org.dacapo.harness.DacapoClassLoader
ClassLoader.loadClass;org.apache.xmlgraphics.java2d.color.NamedColorSpace;org.apache.batik.bridge.SVGShapeElementBridge.createShapePainter;117;org.dacapo.harness.DacapoClassLoader;org.dacapo.harness.DacapoClassLoader
ClassLoader.loadClass;org.dacapo.harness.Batik;java.lang.Class.forName0;;jdk.internal.loader.ClassLoaders$AppClassLoader;jdk.internal.loader.ClassLoaders$AppClassLoader
ClassLoader.loadClass;org.dacapo.harness.Benchmark;org.dacapo.harness.TestHarness.main;108;jdk.internal.loader.ClassLoaders$AppClassLoader;jdk.internal.loader.ClassLoaders$AppClassLoader
ClassLoader.loadClass;org.dacapo.harness.Callback$1;org.dacapo.harness.Callback.init;80;jdk.internal.loader.ClassLoaders$AppClassLoader;jdk.internal.loader.ClassLoaders$AppClassLoader
ClassLoader.loadClass;org.dacapo.harness.Callback$Mode;org.dacapo.harness.Callback.init;83;jdk.internal.loader.ClassLoaders$AppClassLoader;jdk.internal.loader.ClassLoaders$AppClassLoader
ClassLoader.loadClass;org.dacapo.harness.Callback;org.dacapo.harness.CommandLineArgs.defineCallback;460;jdk.internal.loader.ClassLoaders$AppClassLoader;jdk.internal.loader.ClassLoaders$AppClassLoader
ClassLoader.loadClass;org.dacapo.harness.CommandLineArgs$Methodology;org.dacapo.harness.CommandLineArgs.getMethodology;311;jdk.internal.loader.ClassLoaders$AppClassLoader;jdk.internal.loader.ClassLoaders$AppClassLoader
ClassLoader.loadClass;org.dacapo.harness.CommandLineArgs;org.dacapo.harness.TestHarness.main;101;jdk.internal.loader.ClassLoaders$AppClassLoader;jdk.internal.loader.ClassLoaders$AppClassLoader
ClassLoader.loadClass;org.dacapo.harness.DacapoClassLoader;org.dacapo.harness.TestHarness.main;108;jdk.internal.loader.ClassLoaders$AppClassLoader;jdk.internal.loader.ClassLoaders$AppClassLoader
ClassLoader.loadClass;org.dacapo.harness.DacapoException;org.dacapo.harness.TestHarness.main;108;jdk.internal.loader.ClassLoaders$AppClassLoader;jdk.internal.loader.ClassLoaders$AppClassLoader
ClassLoader.loadClass;org.dacapo.harness.Data;org.dacapo.harness.TestHarness.main;105;jdk.internal.loader.ClassLoaders$AppClassLoader;jdk.internal.loader.ClassLoaders$AppClassLoader
ClassLoader.loadClass;org.dacapo.harness.Digest;org.dacapo.harness.FileDigest.getText;84;jdk.internal.loader.ClassLoaders$AppClassLoader;jdk.internal.loader.ClassLoaders$AppClassLoader
ClassLoader.loadClass;org.dacapo.harness.FileDigest;org.dacapo.harness.Benchmark.validate;640;jdk.internal.loader.ClassLoaders$AppClassLoader;jdk.internal.loader.ClassLoaders$AppClassLoader
ClassLoader.loadClass;org.dacapo.harness.LatencyReporter;org.dacapo.harness.Benchmark.run;272;jdk.internal.loader.ClassLoaders$AppClassLoader;jdk.internal.loader.ClassLoaders$AppClassLoader
ClassLoader.loadClass;org.dacapo.harness.TeeOutputStream;org.dacapo.harness.Benchmark.initialize;316;jdk.internal.loader.ClassLoaders$AppClassLoader;jdk.internal.loader.ClassLoaders$AppClassLoader
ClassLoader.loadClass;org.dacapo.harness.TeePrintStream;org.dacapo.harness.TestHarness.main;108;jdk.internal.loader.ClassLoaders$AppClassLoader;jdk.internal.loader.ClassLoaders$AppClassLoader
ClassLoader.loadClass;org.dacapo.harness.TestHarness;Harness.main;35;java.net.FactoryURLClassLoader;jdk.internal.loader.ClassLoaders$AppClassLoader
ClassLoader.loadClass;org.dacapo.parser.Config$1;org.dacapo.parser.Config.getThreadCount;736;jdk.internal.loader.ClassLoaders$AppClassLoader;jdk.internal.loader.ClassLoaders$AppClassLoader
ClassLoader.loadClass;org.dacapo.parser.Config$OutputFile;org.dacapo.parser.Config$Size.addOutputFile;133;jdk.internal.loader.ClassLoaders$AppClassLoader;jdk.internal.loader.ClassLoaders$AppClassLoader
ClassLoader.loadClass;org.dacapo.parser.Config$Size;org.dacapo.parser.Config.addSize;327;jdk.internal.loader.ClassLoaders$AppClassLoader;jdk.internal.loader.ClassLoaders$AppClassLoader
ClassLoader.loadClass;org.dacapo.parser.Config$ThreadModel;org.dacapo.parser.ConfigFile.threadModel;377;jdk.internal.loader.ClassLoaders$AppClassLoader;jdk.internal.loader.ClassLoaders$AppClassLoader
ClassLoader.loadClass;org.dacapo.parser.Config;org.dacapo.harness.TestHarness.main;110;jdk.internal.loader.ClassLoaders$AppClassLoader;jdk.internal.loader.ClassLoaders$AppClassLoader
ClassLoader.loadClass;org.dacapo.parser.ConfigFile;org.dacapo.parser.Config.parse;213;jdk.internal.loader.ClassLoaders$AppClassLoader;jdk.internal.loader.ClassLoaders$AppClassLoader
ClassLoader.loadClass;org.dacapo.parser.ConfigFileConstants;java.lang.ClassLoader.defineClass1;;jdk.internal.loader.ClassLoaders$AppClassLoader;jdk.internal.loader.ClassLoaders$AppClassLoader
ClassLoader.loadClass;org.dacapo.parser.ConfigFileTokenManager;org.dacapo.parser.ConfigFile.<init>;531;jdk.internal.loader.ClassLoaders$AppClassLoader;jdk.internal.loader.ClassLoaders$AppClassLoader
ClassLoader.loadClass;org.dacapo.parser.ParseException;org.dacapo.harness.TestHarness.main;110;jdk.internal.loader.ClassLoaders$AppClassLoader;jdk.internal.loader.ClassLoaders$AppClassLoader
ClassLoader.loadClass;org.dacapo.parser.SimpleCharStream;org.dacapo.parser.ConfigFile.<init>;530;jdk.internal.loader.ClassLoaders$AppClassLoader;jdk.internal.loader.ClassLoaders$AppClassLoader
ClassLoader.loadClass;org.dacapo.parser.Token;org.dacapo.parser.ConfigFile.<init>;532;jdk.internal.loader.ClassLoaders$AppClassLoader;jdk.internal.loader.ClassLoaders$AppClassLoader
ClassLoader.loadClass;org.dacapo.parser.TokenMgrError;org.dacapo.parser.ConfigFile.<init>;531;jdk.internal.loader.ClassLoaders$AppClassLoader;jdk.internal.loader.ClassLoaders$AppClassLoader
ClassLoader.loadClass;org.w3c.css.sac.AttributeCondition;org.apache.batik.css.parser.Parser.<init>;92;org.dacapo.harness.DacapoClassLoader;org.dacapo.harness.DacapoClassLoader
ClassLoader.loadClass;org.w3c.css.sac.CSSException;java.lang.ClassLoader.defineClass1;;org.dacapo.harness.DacapoClassLoader;org.dacapo.harness.DacapoClassLoader
ClassLoader.loadClass;org.w3c.css.sac.CSSParseException;java.lang.Class.forName0;;org.dacapo.harness.DacapoClassLoader;org.dacapo.harness.DacapoClassLoader
ClassLoader.loadClass;org.w3c.css.sac.CombinatorCondition;org.apache.batik.css.parser.Parser.<init>;92;org.dacapo.harness.DacapoClassLoader;org.dacapo.harness.DacapoClassLoader
ClassLoader.loadClass;org.w3c.css.sac.Condition;java.lang.Class.forName0;;org.dacapo.harness.DacapoClassLoader;org.dacapo.harness.DacapoClassLoader
ClassLoader.loadClass;org.w3c.css.sac.ConditionFactory;java.lang.ClassLoader.defineClass1;;org.dacapo.harness.DacapoClassLoader;org.dacapo.harness.DacapoClassLoader
ClassLoader.loadClass;org.w3c.css.sac.ConditionalSelector;org.apache.batik.css.parser.Parser.<init>;86;org.dacapo.harness.DacapoClassLoader;org.dacapo.harness.DacapoClassLoader
ClassLoader.loadClass;org.w3c.css.sac.DescendantSelector;org.apache.batik.css.parser.Parser.<init>;86;org.dacapo.harness.DacapoClassLoader;org.dacapo.harness.DacapoClassLoader
ClassLoader.loadClass;org.w3c.css.sac.DocumentHandler;java.lang.ClassLoader.defineClass1;;org.dacapo.harness.DacapoClassLoader;org.dacapo.harness.DacapoClassLoader
ClassLoader.loadClass;org.w3c.css.sac.ElementSelector;org.apache.batik.css.parser.Parser.<init>;86;org.dacapo.harness.DacapoClassLoader;org.dacapo.harness.DacapoClassLoader
ClassLoader.loadClass;org.w3c.css.sac.ErrorHandler;java.lang.ClassLoader.defineClass1;;org.dacapo.harness.DacapoClassLoader;org.dacapo.harness.DacapoClassLoader
ClassLoader.loadClass;org.w3c.css.sac.InputSource;org.apache.batik.anim.dom.SVGDOMImplementation.createCSSEngine;117;org.dacapo.harness.DacapoClassLoader;org.dacapo.harness.DacapoClassLoader
ClassLoader.loadClass;org.w3c.css.sac.LangCondition;org.apache.batik.css.parser.Parser.<init>;92;org.dacapo.harness.DacapoClassLoader;org.dacapo.harness.DacapoClassLoader
ClassLoader.loadClass;org.w3c.css.sac.LexicalUnit;java.lang.Class.forName0;;org.dacapo.harness.DacapoClassLoader;org.dacapo.harness.DacapoClassLoader
ClassLoader.loadClass;org.w3c.css.sac.Parser;java.lang.ClassLoader.defineClass1;;org.dacapo.harness.DacapoClassLoader;org.dacapo.harness.DacapoClassLoader
ClassLoader.loadClass;org.w3c.css.sac.SACMediaList;java.lang.Class.forName0;;org.dacapo.harness.DacapoClassLoader;org.dacapo.harness.DacapoClassLoader
ClassLoader.loadClass;org.w3c.css.sac.Selector;java.lang.Class.forName0;;org.dacapo.harness.DacapoClassLoader;org.dacapo.harness.DacapoClassLoader
ClassLoader.loadClass;org.w3c.css.sac.SelectorFactory;java.lang.ClassLoader.defineClass1;;org.dacapo.harness.DacapoClassLoader;org.dacapo.harness.DacapoClassLoader
ClassLoader.loadClass;org.w3c.css.sac.SelectorList;java.lang.Class.forName0;;org.dacapo.harness.DacapoClassLoader;org.dacapo.harness.DacapoClassLoader
ClassLoader.loadClass;org.w3c.css.sac.SiblingSelector;org.apache.batik.css.parser.Parser.<init>;86;org.dacapo.harness.DacapoClassLoader;org.dacapo.harness.DacapoClassLoader
ClassLoader.loadClass;org.w3c.css.sac.SimpleSelector;java.lang.Class.forName0;;org.dacapo.harness.DacapoClassLoader;org.dacapo.harness.DacapoClassLoader
ClassLoader.loadClass;org.w3c.dom.Attr;org.apache.batik.anim.dom.SVGDOMImplementation.createDocument;140;org.dacapo.harness.DacapoClassLoader;BootstrapClassLoader
ClassLoader.loadClass;org.w3c.dom.CDATASection;org.apache.batik.anim.dom.SVGDOMImplementation.createDocument;140;org.dacapo.harness.DacapoClassLoader;BootstrapClassLoader
ClassLoader.loadClass;org.w3c.dom.CharacterData;java.lang.ClassLoader.defineClass1;;org.dacapo.harness.DacapoClassLoader;BootstrapClassLoader
ClassLoader.loadClass;org.w3c.dom.Comment;org.apache.batik.anim.dom.SVGDOMImplementation.createDocument;140;org.dacapo.harness.DacapoClassLoader;BootstrapClassLoader
ClassLoader.loadClass;org.w3c.dom.DOMConfiguration;org.apache.batik.anim.dom.SVGDOMImplementation.createDocument;140;org.dacapo.harness.DacapoClassLoader;BootstrapClassLoader
ClassLoader.loadClass;org.w3c.dom.DOMError;org.apache.batik.anim.dom.SVGDOMImplementation.createDocument;140;org.dacapo.harness.DacapoClassLoader;BootstrapClassLoader
ClassLoader.loadClass;org.w3c.dom.DOMException;org.apache.batik.apps.rasterizer.DestinationType.getTranscoder;89;org.dacapo.harness.DacapoClassLoader;BootstrapClassLoader
ClassLoader.loadClass;org.w3c.dom.DOMImplementation;java.lang.ClassLoader.defineClass1;;org.dacapo.harness.DacapoClassLoader;BootstrapClassLoader
ClassLoader.loadClass;org.w3c.dom.DOMImplementation;java.lang.ClassLoader.defineClass2;;jdk.internal.loader.ClassLoaders$PlatformClassLoader;BootstrapClassLoader
ClassLoader.loadClass;org.w3c.dom.Document;org.apache.batik.apps.rasterizer.DestinationType.getTranscoder;89;org.dacapo.harness.DacapoClassLoader;BootstrapClassLoader
ClassLoader.loadClass;org.w3c.dom.DocumentFragment;org.apache.batik.anim.dom.SVGDOMImplementation.createDocument;140;org.dacapo.harness.DacapoClassLoader;BootstrapClassLoader
ClassLoader.loadClass;org.w3c.dom.DocumentType;org.apache.batik.transcoder.SVGAbstractTranscoder.<init>;126;org.dacapo.harness.DacapoClassLoader;BootstrapClassLoader
ClassLoader.loadClass;org.w3c.dom.Element;org.apache.batik.apps.rasterizer.DestinationType.getTranscoder;89;org.dacapo.harness.DacapoClassLoader;BootstrapClassLoader
ClassLoader.loadClass;org.w3c.dom.EntityReference;org.apache.batik.anim.dom.SVGDOMImplementation.createDocument;140;org.dacapo.harness.DacapoClassLoader;BootstrapClassLoader
ClassLoader.loadClass;org.w3c.dom.NamedNodeMap;org.apache.batik.anim.dom.SVGDOMImplementation$SvgElementFactory.create;1450;org.dacapo.harness.DacapoClassLoader;BootstrapClassLoader
ClassLoader.loadClass;org.w3c.dom.Node;org.apache.batik.transcoder.SVGAbstractTranscoder.<init>;126;org.dacapo.harness.DacapoClassLoader;BootstrapClassLoader
ClassLoader.loadClass;org.w3c.dom.NodeList;org.apache.batik.anim.dom.SVGDOMImplementation.createDocument;140;org.dacapo.harness.DacapoClassLoader;BootstrapClassLoader
ClassLoader.loadClass;org.w3c.dom.ProcessingInstruction;org.apache.batik.anim.dom.SVGDOMImplementation.createDocument;140;org.dacapo.harness.DacapoClassLoader;BootstrapClassLoader
ClassLoader.loadClass;org.w3c.dom.Text;org.apache.batik.anim.dom.SVGDOMImplementation.createDocument;140;org.dacapo.harness.DacapoClassLoader;BootstrapClassLoader
ClassLoader.loadClass;org.w3c.dom.TypeInfo;org.apache.batik.anim.dom.SVGDOMImplementation$SvgElementFactory.create;1450;org.dacapo.harness.DacapoClassLoader;BootstrapClassLoader
ClassLoader.loadClass;org.w3c.dom.css.CSSRule;org.apache.batik.css.dom.CSSOMSVGStyleDeclaration.<init>;49;org.dacapo.harness.DacapoClassLoader;jdk.internal.loader.ClassLoaders$PlatformClassLoader
ClassLoader.loadClass;org.w3c.dom.css.CSSStyleDeclaration;org.apache.batik.anim.dom.SVGDOMImplementation$SvgElementFactory.create;1450;org.dacapo.harness.DacapoClassLoader;jdk.internal.loader.ClassLoaders$PlatformClassLoader
ClassLoader.loadClass;org.w3c.dom.css.CSSValue;org.apache.batik.anim.dom.SVGDOMImplementation$SvgElementFactory.create;1450;org.dacapo.harness.DacapoClassLoader;jdk.internal.loader.ClassLoaders$PlatformClassLoader
ClassLoader.loadClass;org.w3c.dom.css.DOMImplementationCSS;java.lang.ClassLoader.defineClass1;;org.dacapo.harness.DacapoClassLoader;jdk.internal.loader.ClassLoaders$PlatformClassLoader
ClassLoader.loadClass;org.w3c.dom.css.DocumentCSS;java.lang.ClassLoader.defineClass1;;org.dacapo.harness.DacapoClassLoader;jdk.internal.loader.ClassLoaders$PlatformClassLoader
ClassLoader.loadClass;org.w3c.dom.css.ViewCSS;org.apache.batik.transcoder.SVGAbstractTranscoder.<init>;126;org.dacapo.harness.DacapoClassLoader;jdk.internal.loader.ClassLoaders$PlatformClassLoader
ClassLoader.loadClass;org.w3c.dom.events.DocumentEvent;java.lang.ClassLoader.defineClass1;;org.dacapo.harness.DacapoClassLoader;BootstrapClassLoader
ClassLoader.loadClass;org.w3c.dom.events.Event;org.apache.batik.anim.dom.SVGDOMImplementation.createDocument;140;org.dacapo.harness.DacapoClassLoader;BootstrapClassLoader
ClassLoader.loadClass;org.w3c.dom.events.EventListener;org.apache.batik.anim.dom.SVGDOMImplementation.createDocument;140;org.dacapo.harness.DacapoClassLoader;BootstrapClassLoader
ClassLoader.loadClass;org.w3c.dom.events.EventTarget;java.lang.ClassLoader.defineClass1;;org.dacapo.harness.DacapoClassLoader;BootstrapClassLoader
ClassLoader.loadClass;org.w3c.dom.smil.ElementTimeControl;java.lang.ClassLoader.defineClass1;;org.dacapo.harness.DacapoClassLoader;org.dacapo.harness.DacapoClassLoader
ClassLoader.loadClass;org.w3c.dom.stylesheets.DocumentStyle;java.lang.ClassLoader.defineClass2;;jdk.internal.loader.ClassLoaders$PlatformClassLoader;jdk.internal.loader.ClassLoaders$PlatformClassLoader
ClassLoader.loadClass;org.w3c.dom.svg.SVGAngle;org.apache.batik.anim.dom.SVGDOMImplementation$SvgElementFactory.create;1450;org.dacapo.harness.DacapoClassLoader;org.dacapo.harness.DacapoClassLoader
ClassLoader.loadClass;org.w3c.dom.svg.SVGAnimatedBoolean;org.apache.batik.anim.dom.SVGDOMImplementation$SvgElementFactory.create;1450;org.dacapo.harness.DacapoClassLoader;org.dacapo.harness.DacapoClassLoader
ClassLoader.loadClass;org.w3c.dom.svg.SVGAnimatedEnumeration;org.apache.batik.anim.dom.SVGDOMImplementation$LinearGradientElementFactory.create;1238;org.dacapo.harness.DacapoClassLoader;org.dacapo.harness.DacapoClassLoader
ClassLoader.loadClass;org.w3c.dom.svg.SVGAnimatedLength;org.apache.batik.anim.dom.SVGDOMImplementation$SvgElementFactory.create;1450;org.dacapo.harness.DacapoClassLoader;org.dacapo.harness.DacapoClassLoader
ClassLoader.loadClass;org.w3c.dom.svg.SVGAnimatedNumber;org.apache.batik.anim.dom.SVGDOMImplementation$StopElementFactory.create;1424;org.dacapo.harness.DacapoClassLoader;org.dacapo.harness.DacapoClassLoader
ClassLoader.loadClass;org.w3c.dom.svg.SVGAnimatedPathData;java.lang.ClassLoader.defineClass1;;org.dacapo.harness.DacapoClassLoader;org.dacapo.harness.DacapoClassLoader
ClassLoader.loadClass;org.w3c.dom.svg.SVGAnimatedPreserveAspectRatio;org.apache.batik.anim.dom.SVGDOMImplementation$SvgElementFactory.create;1450;org.dacapo.harness.DacapoClassLoader;org.dacapo.harness.DacapoClassLoader
ClassLoader.loadClass;org.w3c.dom.svg.SVGAnimatedRect;org.apache.batik.anim.dom.SVGDOMImplementation$SvgElementFactory.create;1450;org.dacapo.harness.DacapoClassLoader;org.dacapo.harness.DacapoClassLoader
ClassLoader.loadClass;org.w3c.dom.svg.SVGAnimatedString;org.apache.batik.anim.dom.SVGDOMImplementation$SvgElementFactory.create;1450;org.dacapo.harness.DacapoClassLoader;org.dacapo.harness.DacapoClassLoader
ClassLoader.loadClass;org.w3c.dom.svg.SVGAnimatedTransformList;org.apache.batik.anim.dom.SVGDOMImplementation$DefsElementFactory.create;671;org.dacapo.harness.DacapoClassLoader;org.dacapo.harness.DacapoClassLoader
ClassLoader.loadClass;org.w3c.dom.svg.SVGClipPathElement;java.lang.ClassLoader.defineClass1;;org.dacapo.harness.DacapoClassLoader;org.dacapo.harness.DacapoClassLoader
ClassLoader.loadClass;org.w3c.dom.svg.SVGDefsElement;java.lang.ClassLoader.defineClass1;;org.dacapo.harness.DacapoClassLoader;org.dacapo.harness.DacapoClassLoader
ClassLoader.loadClass;org.w3c.dom.svg.SVGDocument;java.lang.ClassLoader.defineClass1;;org.dacapo.harness.DacapoClassLoader;org.dacapo.harness.DacapoClassLoader
ClassLoader.loadClass;org.w3c.dom.svg.SVGElement;java.lang.ClassLoader.defineClass1;;org.dacapo.harness.DacapoClassLoader;org.dacapo.harness.DacapoClassLoader
ClassLoader.loadClass;org.w3c.dom.svg.SVGException;org.apache.batik.anim.dom.SVGDOMImplementation$SvgElementFactory.create;1450;org.dacapo.harness.DacapoClassLoader;org.dacapo.harness.DacapoClassLoader
ClassLoader.loadClass;org.w3c.dom.svg.SVGExternalResourcesRequired;java.lang.ClassLoader.defineClass1;;org.dacapo.harness.DacapoClassLoader;org.dacapo.harness.DacapoClassLoader
ClassLoader.loadClass;org.w3c.dom.svg.SVGFitToViewBox;java.lang.ClassLoader.defineClass1;;org.dacapo.harness.DacapoClassLoader;org.dacapo.harness.DacapoClassLoader
ClassLoader.loadClass;org.w3c.dom.svg.SVGGElement;java.lang.ClassLoader.defineClass1;;org.dacapo.harness.DacapoClassLoader;org.dacapo.harness.DacapoClassLoader
ClassLoader.loadClass;org.w3c.dom.svg.SVGGradientElement;java.lang.ClassLoader.defineClass1;;org.dacapo.harness.DacapoClassLoader;org.dacapo.harness.DacapoClassLoader
ClassLoader.loadClass;org.w3c.dom.svg.SVGLangSpace;java.lang.ClassLoader.defineClass1;;org.dacapo.harness.DacapoClassLoader;org.dacapo.harness.DacapoClassLoader
ClassLoader.loadClass;org.w3c.dom.svg.SVGLength;org.apache.batik.anim.dom.SVGDOMImplementation$SvgElementFactory.create;1450;org.dacapo.harness.DacapoClassLoader;org.dacapo.harness.DacapoClassLoader
ClassLoader.loadClass;org.w3c.dom.svg.SVGLinearGradientElement;java.lang.ClassLoader.defineClass1;;org.dacapo.harness.DacapoClassLoader;org.dacapo.harness.DacapoClassLoader
ClassLoader.loadClass;org.w3c.dom.svg.SVGLocatable;java.lang.ClassLoader.defineClass1;;org.dacapo.harness.DacapoClassLoader;org.dacapo.harness.DacapoClassLoader
ClassLoader.loadClass;org.w3c.dom.svg.SVGMatrix;org.apache.batik.anim.dom.SVGDOMImplementation$SvgElementFactory.create;1450;org.dacapo.harness.DacapoClassLoader;org.dacapo.harness.DacapoClassLoader
ClassLoader.loadClass;org.w3c.dom.svg.SVGMetadataElement;java.lang.ClassLoader.defineClass1;;org.dacapo.harness.DacapoClassLoader;org.dacapo.harness.DacapoClassLoader
ClassLoader.loadClass;org.w3c.dom.svg.SVGNumber;org.apache.batik.anim.dom.SVGDOMImplementation$SvgElementFactory.create;1450;org.dacapo.harness.DacapoClassLoader;org.dacapo.harness.DacapoClassLoader
ClassLoader.loadClass;org.w3c.dom.svg.SVGPathElement;java.lang.ClassLoader.defineClass1;;org.dacapo.harness.DacapoClassLoader;org.dacapo.harness.DacapoClassLoader
ClassLoader.loadClass;org.w3c.dom.svg.SVGPathSeg;java.lang.ClassLoader.defineClass1;;org.dacapo.harness.DacapoClassLoader;org.dacapo.harness.DacapoClassLoader
ClassLoader.loadClass;org.w3c.dom.svg.SVGPathSegArcAbs;org.apache.batik.anim.dom.SVGDOMImplementation$PathElementFactory.create;1318;org.dacapo.harness.DacapoClassLoader;org.dacapo.harness.DacapoClassLoader
ClassLoader.loadClass;org.w3c.dom.svg.SVGPathSegArcRel;org.apache.batik.anim.dom.SVGDOMImplementation$PathElementFactory.create;1318;org.dacapo.harness.DacapoClassLoader;org.dacapo.harness.DacapoClassLoader
ClassLoader.loadClass;org.w3c.dom.svg.SVGPathSegClosePath;org.apache.batik.anim.dom.SVGDOMImplementation$PathElementFactory.create;1318;org.dacapo.harness.DacapoClassLoader;org.dacapo.harness.DacapoClassLoader
ClassLoader.loadClass;org.w3c.dom.svg.SVGPathSegCurvetoCubicAbs;org.apache.batik.anim.dom.SVGDOMImplementation$PathElementFactory.create;1318;org.dacapo.harness.DacapoClassLoader;org.dacapo.harness.DacapoClassLoader
ClassLoader.loadClass;org.w3c.dom.svg.SVGPathSegCurvetoCubicRel;org.apache.batik.anim.dom.SVGDOMImplementation$PathElementFactory.create;1318;org.dacapo.harness.DacapoClassLoader;org.dacapo.harness.DacapoClassLoader
ClassLoader.loadClass;org.w3c.dom.svg.SVGPathSegCurvetoCubicSmoothAbs;org.apache.batik.anim.dom.SVGDOMImplementation$PathElementFactory.create;1318;org.dacapo.harness.DacapoClassLoader;org.dacapo.harness.DacapoClassLoader
ClassLoader.loadClass;org.w3c.dom.svg.SVGPathSegCurvetoCubicSmoothRel;org.apache.batik.anim.dom.SVGDOMImplementation$PathElementFactory.create;1318;org.dacapo.harness.DacapoClassLoader;org.dacapo.harness.DacapoClassLoader
ClassLoader.loadClass;org.w3c.dom.svg.SVGPathSegCurvetoQuadraticAbs;org.apache.batik.anim.dom.SVGDOMImplementation$PathElementFactory.create;1318;org.dacapo.harness.DacapoClassLoader;org.dacapo.harness.DacapoClassLoader
ClassLoader.loadClass;org.w3c.dom.svg.SVGPathSegCurvetoQuadraticRel;org.apache.batik.anim.dom.SVGDOMImplementation$PathElementFactory.create;1318;org.dacapo.harness.DacapoClassLoader;org.dacapo.harness.DacapoClassLoader
ClassLoader.loadClass;org.w3c.dom.svg.SVGPathSegCurvetoQuadraticSmoothAbs;org.apache.batik.anim.dom.SVGDOMImplementation$PathElementFactory.create;1318;org.dacapo.harness.DacapoClassLoader;org.dacapo.harness.DacapoClassLoader
ClassLoader.loadClass;org.w3c.dom.svg.SVGPathSegCurvetoQuadraticSmoothRel;org.apache.batik.anim.dom.SVGDOMImplementation$PathElementFactory.create;1318;org.dacapo.harness.DacapoClassLoader;org.dacapo.harness.DacapoClassLoader
ClassLoader.loadClass;org.w3c.dom.svg.SVGPathSegLinetoAbs;org.apache.batik.anim.dom.SVGDOMImplementation$PathElementFactory.create;1318;org.dacapo.harness.DacapoClassLoader;org.dacapo.harness.DacapoClassLoader
ClassLoader.loadClass;org.w3c.dom.svg.SVGPathSegLinetoHorizontalAbs;org.apache.batik.anim.dom.SVGDOMImplementation$PathElementFactory.create;1318;org.dacapo.harness.DacapoClassLoader;org.dacapo.harness.DacapoClassLoader
ClassLoader.loadClass;org.w3c.dom.svg.SVGPathSegLinetoHorizontalRel;org.apache.batik.anim.dom.SVGDOMImplementation$PathElementFactory.create;1318;org.dacapo.harness.DacapoClassLoader;org.dacapo.harness.DacapoClassLoader
ClassLoader.loadClass;org.w3c.dom.svg.SVGPathSegLinetoRel;org.apache.batik.anim.dom.SVGDOMImplementation$PathElementFactory.create;1318;org.dacapo.harness.DacapoClassLoader;org.dacapo.harness.DacapoClassLoader
ClassLoader.loadClass;org.w3c.dom.svg.SVGPathSegLinetoVerticalAbs;org.apache.batik.anim.dom.SVGDOMImplementation$PathElementFactory.create;1318;org.dacapo.harness.DacapoClassLoader;org.dacapo.harness.DacapoClassLoader
ClassLoader.loadClass;org.w3c.dom.svg.SVGPathSegLinetoVerticalRel;org.apache.batik.anim.dom.SVGDOMImplementation$PathElementFactory.create;1318;org.dacapo.harness.DacapoClassLoader;org.dacapo.harness.DacapoClassLoader
ClassLoader.loadClass;org.w3c.dom.svg.SVGPathSegList;org.apache.batik.anim.dom.SVGOMElement.createLiveAnimatedPathData;430;org.dacapo.harness.DacapoClassLoader;org.dacapo.harness.DacapoClassLoader
ClassLoader.loadClass;org.w3c.dom.svg.SVGPathSegMovetoAbs;org.apache.batik.anim.dom.SVGDOMImplementation$PathElementFactory.create;1318;org.dacapo.harness.DacapoClassLoader;org.dacapo.harness.DacapoClassLoader
ClassLoader.loadClass;org.w3c.dom.svg.SVGPathSegMovetoRel;org.apache.batik.anim.dom.SVGDOMImplementation$PathElementFactory.create;1318;org.dacapo.harness.DacapoClassLoader;org.dacapo.harness.DacapoClassLoader
ClassLoader.loadClass;org.w3c.dom.svg.SVGPoint;org.apache.batik.anim.dom.SVGDOMImplementation$SvgElementFactory.create;1450;org.dacapo.harness.DacapoClassLoader;org.dacapo.harness.DacapoClassLoader
ClassLoader.loadClass;org.w3c.dom.svg.SVGPreserveAspectRatio;org.apache.batik.anim.dom.SVGOMElement.createLiveAnimatedPreserveAspectRatio;402;org.dacapo.harness.DacapoClassLoader;org.dacapo.harness.DacapoClassLoader
ClassLoader.loadClass;org.w3c.dom.svg.SVGRadialGradientElement;java.lang.ClassLoader.defineClass1;;org.dacapo.harness.DacapoClassLoader;org.dacapo.harness.DacapoClassLoader
ClassLoader.loadClass;org.w3c.dom.svg.SVGRect;org.apache.batik.anim.dom.SVGDOMImplementation$SvgElementFactory.create;1450;org.dacapo.harness.DacapoClassLoader;org.dacapo.harness.DacapoClassLoader
ClassLoader.loadClass;org.w3c.dom.svg.SVGRectElement;java.lang.ClassLoader.defineClass1;;org.dacapo.harness.DacapoClassLoader;org.dacapo.harness.DacapoClassLoader
ClassLoader.loadClass;org.w3c.dom.svg.SVGSVGElement;java.lang.ClassLoader.defineClass1;;org.dacapo.harness.DacapoClassLoader;org.dacapo.harness.DacapoClassLoader
ClassLoader.loadClass;org.w3c.dom.svg.SVGStopElement;java.lang.ClassLoader.defineClass1;;org.dacapo.harness.DacapoClassLoader;org.dacapo.harness.DacapoClassLoader
ClassLoader.loadClass;org.w3c.dom.svg.SVGStylable;java.lang.ClassLoader.defineClass1;;org.dacapo.harness.DacapoClassLoader;org.dacapo.harness.DacapoClassLoader
ClassLoader.loadClass;org.w3c.dom.svg.SVGTests;java.lang.ClassLoader.defineClass1;;org.dacapo.harness.DacapoClassLoader;org.dacapo.harness.DacapoClassLoader
ClassLoader.loadClass;org.w3c.dom.svg.SVGTransform;org.apache.batik.anim.dom.SVGDOMImplementation$SvgElementFactory.create;1450;org.dacapo.harness.DacapoClassLoader;org.dacapo.harness.DacapoClassLoader
ClassLoader.loadClass;org.w3c.dom.svg.SVGTransformList;org.apache.batik.anim.dom.SVGOMElement.createLiveAnimatedTransformList;360;org.dacapo.harness.DacapoClassLoader;org.dacapo.harness.DacapoClassLoader
ClassLoader.loadClass;org.w3c.dom.svg.SVGTransformable;java.lang.ClassLoader.defineClass1;;org.dacapo.harness.DacapoClassLoader;org.dacapo.harness.DacapoClassLoader
ClassLoader.loadClass;org.w3c.dom.svg.SVGURIReference;java.lang.ClassLoader.defineClass1;;org.dacapo.harness.DacapoClassLoader;org.dacapo.harness.DacapoClassLoader
ClassLoader.loadClass;org.w3c.dom.svg.SVGUnitTypes;java.lang.ClassLoader.defineClass1;;org.dacapo.harness.DacapoClassLoader;org.dacapo.harness.DacapoClassLoader
ClassLoader.loadClass;org.w3c.dom.svg.SVGUseElement;java.lang.ClassLoader.defineClass1;;org.dacapo.harness.DacapoClassLoader;org.dacapo.harness.DacapoClassLoader
ClassLoader.loadClass;org.w3c.dom.svg.SVGZoomAndPan;java.lang.ClassLoader.defineClass1;;org.dacapo.harness.DacapoClassLoader;org.dacapo.harness.DacapoClassLoader
ClassLoader.loadClass;org.w3c.dom.traversal.DocumentTraversal;java.lang.ClassLoader.defineClass1;;org.dacapo.harness.DacapoClassLoader;BootstrapClassLoader
ClassLoader.loadClass;org.w3c.dom.views.AbstractView;java.lang.ClassLoader.defineClass2;;jdk.internal.loader.ClassLoaders$PlatformClassLoader;BootstrapClassLoader
ClassLoader.loadClass;org.w3c.dom.views.AbstractView;org.apache.batik.anim.dom.SVGDOMImplementation.createDocument;140;org.dacapo.harness.DacapoClassLoader;BootstrapClassLoader
ClassLoader.loadClass;org.w3c.dom.views.DocumentView;java.lang.ClassLoader.defineClass1;;org.dacapo.harness.DacapoClassLoader;BootstrapClassLoader
ClassLoader.loadClass;org.w3c.dom.xpath.XPathEvaluator;java.lang.ClassLoader.defineClass1;;org.dacapo.harness.DacapoClassLoader;jdk.internal.loader.ClassLoaders$PlatformClassLoader
ClassLoader.loadClass;org.w3c.dom.xpath.XPathExpression;org.apache.batik.anim.dom.SVGDOMImplementation.createDocument;140;org.dacapo.harness.DacapoClassLoader;jdk.internal.loader.ClassLoaders$PlatformClassLoader
ClassLoader.loadClass;org.w3c.dom.xpath.XPathNSResolver;org.apache.batik.anim.dom.SVGDOMImplementation.createDocument;140;org.dacapo.harness.DacapoClassLoader;jdk.internal.loader.ClassLoaders$PlatformClassLoader
ClassLoader.loadClass;org.xml.sax.Attributes;org.apache.batik.dom.util.SAXDocumentFactory.startElement;601;org.dacapo.harness.DacapoClassLoader;BootstrapClassLoader
ClassLoader.loadClass;org.xml.sax.ContentHandler;org.apache.batik.transcoder.SVGAbstractTranscoder.createDocumentFactory;152;org.dacapo.harness.DacapoClassLoader;BootstrapClassLoader
ClassLoader.loadClass;org.xml.sax.DTDHandler;org.apache.batik.transcoder.SVGAbstractTranscoder.createDocumentFactory;152;org.dacapo.harness.DacapoClassLoader;BootstrapClassLoader
ClassLoader.loadClass;org.xml.sax.EntityResolver;org.apache.batik.transcoder.SVGAbstractTranscoder.createDocumentFactory;152;org.dacapo.harness.DacapoClassLoader;BootstrapClassLoader
ClassLoader.loadClass;org.xml.sax.ErrorHandler;org.apache.batik.transcoder.SVGAbstractTranscoder.createDocumentFactory;152;org.dacapo.harness.DacapoClassLoader;BootstrapClassLoader
ClassLoader.loadClass;org.xml.sax.InputSource;org.apache.batik.anim.dom.SAXSVGDocumentFactory.createDocument;162;org.dacapo.harness.DacapoClassLoader;BootstrapClassLoader
ClassLoader.loadClass;org.xml.sax.SAXException;org.apache.batik.transcoder.SVGAbstractTranscoder.createDocumentFactory;152;org.dacapo.harness.DacapoClassLoader;BootstrapClassLoader
ClassLoader.loadClass;org.xml.sax.SAXNotRecognizedException;org.apache.batik.transcoder.SVGAbstractTranscoder.createDocumentFactory;152;org.dacapo.harness.DacapoClassLoader;BootstrapClassLoader
ClassLoader.loadClass;org.xml.sax.SAXNotSupportedException;org.apache.batik.transcoder.SVGAbstractTranscoder.createDocumentFactory;152;org.dacapo.harness.DacapoClassLoader;BootstrapClassLoader
ClassLoader.loadClass;org.xml.sax.SAXParseException;org.apache.batik.transcoder.SVGAbstractTranscoder.createDocumentFactory;152;org.dacapo.harness.DacapoClassLoader;BootstrapClassLoader
ClassLoader.loadClass;org.xml.sax.XMLReader;org.apache.batik.dom.util.SAXDocumentFactory.createDocument;436;org.dacapo.harness.DacapoClassLoader;BootstrapClassLoader
ClassLoader.loadClass;org.xml.sax.ext.LexicalHandler;java.lang.ClassLoader.defineClass1;;org.dacapo.harness.DacapoClassLoader;BootstrapClassLoader
ClassLoader.loadClass;org.xml.sax.helpers.DefaultHandler;java.lang.ClassLoader.defineClass1;;org.dacapo.harness.DacapoClassLoader;BootstrapClassLoader
