Array.newInstance;boolean[];java.lang.reflect.ProxyGenerator$PrimitiveTypeInfo.<init>;998;;
Array.newInstance;byte[];java.lang.reflect.ProxyGenerator$PrimitiveTypeInfo.<init>;998;;
Array.newInstance;char[];java.lang.reflect.ProxyGenerator$PrimitiveTypeInfo.<init>;998;;
Array.newInstance;char[][];java.util.Arrays.copyOf;3513;;
Array.newInstance;char[][];java.util.Arrays.copyOfRange;3786;;
Array.newInstance;double[];java.lang.reflect.ProxyGenerator$PrimitiveTypeInfo.<init>;998;;
Array.newInstance;float[];java.lang.reflect.ProxyGenerator$PrimitiveTypeInfo.<init>;998;;
Array.newInstance;int[];java.lang.reflect.ProxyGenerator$PrimitiveTypeInfo.<init>;998;;
Array.newInstance;java.lang.Class[];java.util.Arrays.copyOf;3513;;
Array.newInstance;java.lang.Class[];java.util.Arrays.copyOfRange;3786;;
Array.newInstance;java.lang.Class[];java.util.ImmutableCollections$List12.toArray;640;;
Array.newInstance;java.lang.Object[];java.util.TimSort.<init>;157;;
Array.newInstance;java.lang.String[];java.util.AbstractCollection.toArray;185;;
Array.newInstance;java.lang.String[];java.util.Arrays.copyOf;3513;;
Array.newInstance;java.lang.String[];java.util.HashMap.prepareArray;926;;
Array.newInstance;java.lang.String[];org.eclipse.osgi.internal.serviceregistry.ServiceProperties.cloneValue;122;;
Array.newInstance;java.lang.Thread[];java.util.Arrays.copyOf;3513;;
Array.newInstance;java.lang.invoke.LambdaForm$Name[];java.util.Arrays.copyOf;3513;;
Array.newInstance;java.lang.invoke.MethodHandles$Lookup$ClassOption[];org.eclipse.osgi.internal.url.MultiplexingFactory.<clinit>;89;;
Array.newInstance;java.lang.reflect.Field[];jdk.internal.reflect.Reflection.filter;325;;
Array.newInstance;java.lang.reflect.Method[];jdk.internal.reflect.Reflection.filter;325;;
Array.newInstance;java.util.Map$Entry[];java.util.AbstractCollection.toArray;185;;
Array.newInstance;jdk.nio.zipfs.ZipFileSystem$IndexNode[];java.util.HashMap.prepareArray;926;;
Array.newInstance;long[];java.lang.reflect.ProxyGenerator$PrimitiveTypeInfo.<init>;998;;
Array.newInstance;org.eclipse.core.internal.events.ResourceChangeListenerList$ListenerEntry[];java.util.Arrays.copyOf;3513;;
Array.newInstance;org.eclipse.core.resources.IBuildConfiguration[];org.eclipse.core.internal.resources.ComputeProjectOrder$Digraph.idsByDFSFinishTime;277;;
Array.newInstance;org.eclipse.core.resources.IBuildConfiguration[];org.eclipse.core.internal.resources.ComputeProjectOrder.computeVertexOrder;587;;
Array.newInstance;org.eclipse.core.resources.IBuildConfiguration[][];org.eclipse.core.internal.resources.ComputeProjectOrder.computeVertexOrder;597;;
Array.newInstance;org.eclipse.core.resources.IProject[];java.util.Arrays.copyOf;3513;;
Array.newInstance;org.eclipse.jdt.core.compiler.CategorizedProblem[];java.util.TimSort.<init>;157;;
Array.newInstance;org.eclipse.jdt.internal.compiler.lookup.FieldBinding[];java.util.TimSort.<init>;157;;
Array.newInstance;org.eclipse.jdt.internal.compiler.lookup.MethodBinding[];java.util.TimSort.<init>;157;;
Array.newInstance;org.eclipse.jdt.internal.core.Openable[];java.util.TimSort.<init>;157;;
Array.newInstance;org.eclipse.osgi.internal.framework.FilterImpl[];java.util.Arrays.copyOf;3513;;
Array.newInstance;org.osgi.framework.Bundle[];java.util.HashMap.prepareArray;926;;
Array.newInstance;org.osgi.framework.ServiceReference[];java.util.HashMap.prepareArray;926;;
Array.newInstance;short[];java.lang.reflect.ProxyGenerator$PrimitiveTypeInfo.<init>;998;;
Array.newInstance;sun.security.jca.ProviderConfig[];java.util.Arrays.copyOf;3513;;
Array.newInstance;sun.security.util.DerValue[];java.util.Arrays.copyOf;3513;;
Class.forName;Harness;sun.launcher.LauncherHelper.loadMainClass;791;;
Class.forName;com.sun.management.internal.PlatformMBeanProviderImpl;java.util.ServiceLoader.loadProvider;859;;
Class.forName;com.sun.org.apache.xerces.internal.impl.msg.DOMMessages;java.util.ResourceBundle$ResourceBundleProviderHelper.lambda$loadResourceBundle$1;3612;;
Class.forName;com.sun.org.apache.xerces.internal.impl.msg.DOMMessages_en;java.util.ResourceBundle$ResourceBundleProviderHelper.lambda$loadResourceBundle$1;3612;;
Class.forName;com.sun.org.apache.xerces.internal.impl.msg.DOMMessages_en_AU;java.util.ResourceBundle$ResourceBundleProviderHelper.lambda$loadResourceBundle$1;3612;;
Class.forName;com.sun.org.apache.xerces.internal.impl.msg.XMLMessages;java.util.ResourceBundle$ResourceBundleProviderHelper.lambda$loadResourceBundle$1;3612;;
Class.forName;com.sun.org.apache.xerces.internal.impl.msg.XMLMessages_en;java.util.ResourceBundle$ResourceBundleProviderHelper.lambda$loadResourceBundle$1;3612;;
Class.forName;com.sun.org.apache.xerces.internal.impl.msg.XMLMessages_en_AU;java.util.ResourceBundle$ResourceBundleProviderHelper.lambda$loadResourceBundle$1;3612;;
Class.forName;com.sun.org.apache.xerces.internal.impl.msg.XMLSerializerMessages;java.util.ResourceBundle$ResourceBundleProviderHelper.lambda$loadResourceBundle$1;3612;;
Class.forName;com.sun.org.apache.xerces.internal.impl.msg.XMLSerializerMessages_en;java.util.ResourceBundle$ResourceBundleProviderHelper.lambda$loadResourceBundle$1;3612;;
Class.forName;com.sun.org.apache.xerces.internal.impl.msg.XMLSerializerMessages_en_AU;java.util.ResourceBundle$ResourceBundleProviderHelper.lambda$loadResourceBundle$1;3612;;
Class.forName;com.sun.org.apache.xerces.internal.jaxp.DocumentBuilderFactoryImpl;javax.xml.parsers.FactoryFinder.getProviderClass;108;;
Class.forName;com.sun.org.apache.xerces.internal.jaxp.SAXParserFactoryImpl;javax.xml.parsers.FactoryFinder.getProviderClass;108;;
Class.forName;com.sun.org.apache.xerces.internal.jaxp.datatype.DatatypeFactoryImpl;javax.xml.datatype.FactoryFinder.getProviderClass;109;;
Class.forName;java.io.FilePermission;org.objectweb.asm.ClassWriter.getCommonSuperClass;1043;;
Class.forName;java.io.IOException;org.objectweb.asm.ClassWriter.getCommonSuperClass;1043;;
Class.forName;java.lang.Byte[];sun.security.pkcs.PKCS9Attribute.<clinit>;196;;
Class.forName;java.lang.Class;java.lang.reflect.Proxy$ProxyBuilder.ensureVisible;879;;
Class.forName;java.lang.ClassLoader;org.objectweb.asm.ClassWriter.getCommonSuperClass;1043;;
Class.forName;java.lang.Error;jdk.internal.org.objectweb.asm.ClassWriter.getCommonSuperClass;1055;;
Class.forName;java.lang.Module;org.eclipse.osgi.storage.Storage.calculateVMPackages;1879;;
Class.forName;java.lang.ModuleLayer;org.eclipse.osgi.storage.Storage.calculateVMPackages;1876;;
Class.forName;java.lang.Object;com.sun.proxy.jdk.proxy1.$Proxy1.<clinit>;;;
Class.forName;java.lang.Object;com.sun.proxy.jdk.proxy1.$Proxy2.<clinit>;;;
Class.forName;java.lang.Object;java.lang.reflect.Proxy$ProxyBuilder.ensureVisible;879;;
Class.forName;java.lang.Object;jdk.proxy1.$Proxy0.<clinit>;;;
Class.forName;java.lang.Object;org.objectweb.asm.ClassWriter.getCommonSuperClass;1043;;
Class.forName;java.lang.Object;org.objectweb.asm.ClassWriter.getCommonSuperClass;1049;;
Class.forName;java.lang.RuntimeException;jdk.internal.org.objectweb.asm.ClassWriter.getCommonSuperClass;1061;;
Class.forName;java.lang.SecurityManager;org.objectweb.asm.ClassWriter.getCommonSuperClass;1043;;
Class.forName;java.lang.String;java.lang.reflect.Proxy$ProxyBuilder.ensureVisible;879;;
Class.forName;java.lang.String;org.objectweb.asm.ClassWriter.getCommonSuperClass;1043;;
Class.forName;java.lang.String;org.objectweb.asm.ClassWriter.getCommonSuperClass;1049;;
Class.forName;java.lang.String;sun.security.pkcs.PKCS9Attribute.<clinit>;294;;
Class.forName;java.lang.String[];sun.security.pkcs.PKCS9Attribute.<clinit>;282;;
Class.forName;java.lang.annotation.Retention;java.lang.reflect.Proxy$ProxyBuilder.ensureVisible;879;;
Class.forName;java.lang.annotation.Retention;jdk.proxy1.$Proxy0.<clinit>;;;
Class.forName;java.lang.annotation.Retention;sun.reflect.generics.factory.CoreReflectionFactory.makeNamedType;114;;
Class.forName;java.lang.annotation.RetentionPolicy;java.lang.reflect.Proxy$ProxyBuilder.ensureVisible;879;;
Class.forName;java.lang.annotation.RetentionPolicy;sun.reflect.generics.factory.CoreReflectionFactory.makeNamedType;114;;
Class.forName;java.lang.annotation.Target;sun.reflect.generics.factory.CoreReflectionFactory.makeNamedType;114;;
Class.forName;java.lang.invoke.MethodHandles$Lookup$ClassOption;org.eclipse.osgi.internal.url.MultiplexingFactory.<clinit>;88;;
Class.forName;java.lang.module.ModuleDescriptor$Exports;org.eclipse.osgi.storage.Storage.calculateVMPackages;1885;;
Class.forName;java.lang.module.ModuleDescriptor;org.eclipse.osgi.storage.Storage.calculateVMPackages;1881;;
Class.forName;java.net.SocketPermission;org.objectweb.asm.ClassWriter.getCommonSuperClass;1043;;
Class.forName;java.net.URL;org.objectweb.asm.ClassWriter.getCommonSuperClass;1049;;
Class.forName;java.security.MessageDigestSpi;java.security.Security.getSpiClass;656;;
Class.forName;java.security.Permission;org.objectweb.asm.ClassWriter.getCommonSuperClass;1043;;
Class.forName;java.security.Permission;org.objectweb.asm.ClassWriter.getCommonSuperClass;1049;;
Class.forName;java.security.SecureRandomParameters;java.security.Provider$Service.newInstance;1843;;
Class.forName;java.security.interfaces.RSAPrivateKey;java.security.Provider$Service.getKeyClass;2070;;
Class.forName;java.security.interfaces.RSAPublicKey;java.security.Provider$Service.getKeyClass;2070;;
Class.forName;java.util.Date;sun.security.pkcs.PKCS9Attribute.<clinit>;290;;
Class.forName;java.util.HashSet;org.objectweb.asm.ClassWriter.getCommonSuperClass;1043;;
Class.forName;java.util.ImmutableCollections$Access;jdk.internal.access.SharedSecrets.getJavaUtilCollectionAccess;95;;
Class.forName;java.util.Iterator;org.objectweb.asm.ClassWriter.getCommonSuperClass;1049;;
Class.forName;java.util.Set;org.objectweb.asm.ClassWriter.getCommonSuperClass;1049;;
Class.forName;java.util.logging.LogManager;sun.management.ManagementFactoryHelper$LoggingMXBeanAccess$1.run;201;;
Class.forName;javax.xml.parsers.SAXParserFactory;org.eclipse.osgi.internal.serviceregistry.ServiceRegistry.checkServiceClass;1216;;
Class.forName;jdk.internal.jrtfs.JrtFileSystemProvider;java.util.ServiceLoader$LazyClassPathLookupIterator.nextProviderClass;1217;;
Class.forName;jdk.internal.jrtfs.JrtFileSystemProvider;java.util.ServiceLoader.loadProvider;859;;
Class.forName;jdk.internal.reflect.CallerSensitive;com.sun.proxy.jdk.proxy1.$Proxy1.<clinit>;;;
Class.forName;jdk.internal.reflect.CallerSensitive;java.lang.reflect.Proxy$ProxyBuilder.ensureVisible;879;;
Class.forName;jdk.internal.reflect.CallerSensitive;sun.reflect.generics.factory.CoreReflectionFactory.makeNamedType;114;;
Class.forName;jdk.internal.vm.annotation.ForceInline;com.sun.proxy.jdk.proxy1.$Proxy2.<clinit>;;;
Class.forName;jdk.internal.vm.annotation.ForceInline;java.lang.reflect.Proxy$ProxyBuilder.ensureVisible;879;;
Class.forName;jdk.internal.vm.annotation.ForceInline;sun.reflect.generics.factory.CoreReflectionFactory.makeNamedType;114;;
Class.forName;jdk.management.jfr.internal.FlightRecorderMXBeanProvider;java.util.ServiceLoader.loadProvider;859;;
Class.forName;jdk.nio.zipfs.ZipFileSystemProvider;java.util.ServiceLoader.loadProvider;859;;
Class.forName;org.dacapo.harness.Eclipse;org.dacapo.harness.TestHarness.findClass;274;;
Class.forName;org.eclipse.core.internal.runtime.CommonMessages;org.eclipse.core.internal.runtime.LocalizationUtils.safeLocalize;36;;
Class.forName;org.eclipse.core.resources.IProject;sun.invoke.util.VerifyAccess$1.run;330;;
Class.forName;org.eclipse.core.resources.ISaveContext;sun.invoke.util.VerifyAccess$1.run;330;;
Class.forName;org.eclipse.core.resources.IWorkspaceRoot;sun.invoke.util.VerifyAccess$1.run;330;;
Class.forName;org.eclipse.core.runtime.IPath;sun.invoke.util.VerifyAccess$1.run;330;;
Class.forName;org.eclipse.core.runtime.IProgressMonitor;sun.invoke.util.VerifyAccess$1.run;330;;
Class.forName;org.eclipse.core.runtime.IStatus;sun.invoke.util.VerifyAccess$1.run;330;;
Class.forName;org.eclipse.core.runtime.Preferences$PropertyChangeEvent;sun.invoke.util.VerifyAccess$1.run;330;;
Class.forName;org.eclipse.core.runtime.adaptor.EclipseStarter;org.dacapo.harness.Eclipse.<init>;40;;
Class.forName;org.eclipse.core.runtime.preferences.IEclipsePreferences$PreferenceChangeEvent;sun.invoke.util.VerifyAccess$1.run;330;;
Class.forName;org.eclipse.core.runtime.preferences.IEclipsePreferences;sun.invoke.util.VerifyAccess$1.run;330;;
Class.forName;org.eclipse.equinox.log.ExtendedLogReaderService;sun.invoke.util.VerifyAccess$1.run;330;;
Class.forName;org.eclipse.jface.text.IRegion;sun.invoke.util.VerifyAccess$1.run;330;;
Class.forName;org.eclipse.osgi.compatibility.state.Activator;org.eclipse.osgi.storage.FrameworkExtensionInstaller.startExtensionActivator;268;;
Class.forName;org.eclipse.osgi.internal.cds.CDSHookConfigurator;org.eclipse.osgi.internal.hookregistry.HookRegistry.loadConfigurators;203;;
Class.forName;org.eclipse.osgi.internal.connect.ConnectHookConfigurator;org.eclipse.osgi.internal.hookregistry.HookRegistry.loadConfigurators;203;;
Class.forName;org.eclipse.osgi.internal.signedcontent.SignedBundleHook;org.eclipse.osgi.internal.hookregistry.HookRegistry.loadConfigurators;203;;
Class.forName;org.eclipse.osgi.service.debug.DebugOptions;sun.invoke.util.VerifyAccess$1.run;330;;
Class.forName;org.osgi.framework.Bundle;sun.invoke.util.VerifyAccess$1.run;330;;
Class.forName;org.osgi.framework.BundleContext;sun.invoke.util.VerifyAccess$1.run;330;;
Class.forName;org.osgi.framework.FrameworkEvent;sun.invoke.util.VerifyAccess$1.run;330;;
Class.forName;org.osgi.framework.ServiceReference;sun.invoke.util.VerifyAccess$1.run;330;;
Class.forName;org.osgi.framework.wiring.BundleCapability;sun.invoke.util.VerifyAccess$1.run;330;;
Class.forName;org.osgi.service.prefs.BackingStoreException;sun.invoke.util.VerifyAccess$1.run;330;;
Class.forName;sun.misc.Unsafe;org.eclipse.osgi.internal.url.MultiplexingFactory.<clinit>;61;;
Class.forName;sun.security.pkcs.SignerInfo[];sun.security.pkcs.PKCS9Attribute.<clinit>;292;;
Class.forName;sun.security.provider.MD5;java.security.Provider$Service.getImplClass;1933;;
Class.forName;sun.security.provider.NativePRNG;java.security.Provider$Service.getImplClass;1933;;
Class.forName;sun.security.provider.SHA2$SHA256;java.security.Provider$Service.getImplClass;1933;;
Class.forName;sun.security.provider.SHA5$SHA384;java.security.Provider$Service.getImplClass;1933;;
Class.forName;sun.security.provider.SHA;java.security.Provider$Service.getImplClass;1933;;
Class.forName;sun.security.provider.X509Factory;java.security.Provider$Service.getImplClass;1933;;
Class.forName;sun.security.rsa.RSAKeyFactory$Legacy;java.security.Provider$Service.getImplClass;1933;;
Class.forName;sun.security.rsa.RSASignature$SHA256withRSA;java.security.Provider$Service.getImplClass;1933;;
Class.forName;sun.security.rsa.RSASignature$SHA384withRSA;java.security.Provider$Service.getImplClass;1933;;
Class.forName;sun.security.util.ObjectIdentifier;sun.security.pkcs.PKCS9Attribute.<clinit>;288;;
Class.forName;sun.security.x509.AuthorityInfoAccessExtension;sun.security.x509.OIDMap$OIDInfo.getClazz;207;;
Class.forName;sun.security.x509.AuthorityKeyIdentifierExtension;sun.security.x509.OIDMap$OIDInfo.getClazz;207;;
Class.forName;sun.security.x509.BasicConstraintsExtension;sun.security.x509.OIDMap$OIDInfo.getClazz;207;;
Class.forName;sun.security.x509.CRLDistributionPointsExtension;sun.security.x509.OIDMap$OIDInfo.getClazz;207;;
Class.forName;sun.security.x509.CertificateExtensions;sun.security.pkcs.PKCS9Attribute.<clinit>;302;;
Class.forName;sun.security.x509.CertificatePoliciesExtension;sun.security.x509.OIDMap$OIDInfo.getClazz;207;;
Class.forName;sun.security.x509.ExtendedKeyUsageExtension;sun.security.x509.OIDMap$OIDInfo.getClazz;207;;
Class.forName;sun.security.x509.KeyUsageExtension;sun.security.x509.OIDMap$OIDInfo.getClazz;207;;
Class.forName;sun.security.x509.SubjectAlternativeNameExtension;sun.security.x509.OIDMap$OIDInfo.getClazz;207;;
Class.forName;sun.security.x509.SubjectKeyIdentifierExtension;sun.security.x509.OIDMap$OIDInfo.getClazz;207;;
Class.forName;sun.text.resources.cldr.FormatData;sun.util.resources.Bundles.findBundleOf;205;;
Class.forName;sun.text.resources.cldr.FormatData_en;sun.util.resources.Bundles.findBundleOf;205;;
Class.forName;sun.text.resources.cldr.ext.FormatData_en_001;sun.util.resources.provider.LocaleDataProvider.loadResourceBundle;54;;
Class.forName;sun.text.resources.cldr.ext.FormatData_en_AU;sun.util.resources.provider.LocaleDataProvider.loadResourceBundle;54;;
Class.forName;sun.util.cldr.CLDRLocaleProviderAdapter;sun.util.locale.provider.LocaleProviderAdapter.forType;187;;
Class.forName;sun.util.locale.provider.JRELocaleProviderAdapter;sun.util.locale.provider.LocaleProviderAdapter.forType;187;;
Class.forName;sun.util.logging.internal.LoggingProviderImpl;java.util.ServiceLoader.loadProvider;859;;
Class.forName;sun.util.resources.TimeZoneNames;sun.util.resources.Bundles.findBundleOf;205;;
Class.forName;sun.util.resources.TimeZoneNames_en;sun.util.resources.Bundles.findBundleOf;205;;
Class.forName;sun.util.resources.cldr.CalendarData;sun.util.resources.Bundles.findBundleOf;205;;
Class.forName;sun.util.resources.cldr.TimeZoneNames;sun.util.resources.Bundles.findBundleOf;205;;
Class.forName;sun.util.resources.cldr.TimeZoneNames_en;sun.util.resources.Bundles.findBundleOf;205;;
Class.forName;sun.util.resources.cldr.TimeZoneNames_en_US;sun.util.resources.Bundles.findBundleOf;205;;
Class.forName;sun.util.resources.cldr.provider.CLDRLocaleDataMetaInfo;java.util.ServiceLoader.loadProvider;859;;
Class.forName;sun.util.resources.provider.LocaleDataProvider;java.util.ServiceLoader.loadProvider;859;;
Class.forName;sun.util.resources.provider.NonBaseLocaleDataMetaInfo;java.util.ServiceLoader.loadProvider;859;;
Class.newInstance;jdk.internal.reflect.GeneratedConstructorAccessor1;jdk.internal.reflect.MethodAccessorGenerator$1.run;405;;
Class.newInstance;jdk.internal.reflect.GeneratedConstructorAccessor2;jdk.internal.reflect.MethodAccessorGenerator$1.run;405;;
Class.newInstance;jdk.internal.reflect.GeneratedConstructorAccessor3;jdk.internal.reflect.MethodAccessorGenerator$1.run;405;;
Class.newInstance;jdk.internal.reflect.GeneratedConstructorAccessor4;jdk.internal.reflect.MethodAccessorGenerator$1.run;405;;
Class.newInstance;jdk.internal.reflect.GeneratedConstructorAccessor5;jdk.internal.reflect.MethodAccessorGenerator$1.run;405;;
Class.newInstance;jdk.internal.reflect.GeneratedConstructorAccessor6;jdk.internal.reflect.MethodAccessorGenerator$1.run;405;;
Class.newInstance;jdk.internal.reflect.GeneratedMethodAccessor1;jdk.internal.reflect.MethodAccessorGenerator$1.run;405;;
Class.newInstance;jdk.internal.reflect.GeneratedMethodAccessor2;jdk.internal.reflect.MethodAccessorGenerator$1.run;405;;
Class.newInstance;jdk.internal.reflect.GeneratedMethodAccessor3;jdk.internal.reflect.MethodAccessorGenerator$1.run;405;;
Class.newInstance;jdk.internal.reflect.GeneratedMethodAccessor4;jdk.internal.reflect.MethodAccessorGenerator$1.run;405;;
Class.newInstance;jdk.internal.reflect.GeneratedMethodAccessor5;jdk.internal.reflect.MethodAccessorGenerator$1.run;405;;
Class.newInstance;sun.text.resources.cldr.ext.FormatData_en_001;sun.util.resources.provider.LocaleDataProvider.loadResourceBundle;58;;
Class.newInstance;sun.text.resources.cldr.ext.FormatData_en_AU;sun.util.resources.provider.LocaleDataProvider.loadResourceBundle;58;;
Constructor.newInstance;<com.sun.management.internal.PlatformMBeanProviderImpl$$Lambda$150: void <init>()>;java.lang.invoke.InnerClassLambdaMetafactory.buildCallSite;261;isAccessible=true;
Constructor.newInstance;<com.sun.management.internal.PlatformMBeanProviderImpl: void <init>()>;java.util.ServiceLoader$ProviderImpl.newInstance;789;isAccessible=true;
Constructor.newInstance;<com.sun.org.apache.xerces.internal.jaxp.DocumentBuilderFactoryImpl: void <init>()>;javax.xml.parsers.FactoryFinder.newInstance;188;isAccessible=false;
Constructor.newInstance;<com.sun.org.apache.xerces.internal.jaxp.SAXParserFactoryImpl: void <init>()>;javax.xml.parsers.FactoryFinder.newInstance;188;isAccessible=false;
Constructor.newInstance;<com.sun.org.apache.xerces.internal.jaxp.datatype.DatatypeFactoryImpl: void <init>()>;javax.xml.datatype.FactoryFinder.newInstance;189;isAccessible=false;
Constructor.newInstance;<com.sun.proxy.jdk.proxy1.$Proxy1: void <init>(java.lang.reflect.InvocationHandler)>;java.lang.reflect.Proxy.newProxyInstance;1053;isAccessible=true;
Constructor.newInstance;<com.sun.proxy.jdk.proxy1.$Proxy2: void <init>(java.lang.reflect.InvocationHandler)>;java.lang.reflect.Proxy.newProxyInstance;1053;isAccessible=true;
Constructor.newInstance;<java.lang.Class$$Lambda$66: void <init>()>;java.lang.invoke.InnerClassLambdaMetafactory.buildCallSite;261;isAccessible=true;
Constructor.newInstance;<java.lang.Module$$Lambda$24: void <init>()>;java.lang.invoke.InnerClassLambdaMetafactory.buildCallSite;261;isAccessible=true;
Constructor.newInstance;<java.lang.SecurityManager$$Lambda$67: void <init>()>;java.lang.invoke.InnerClassLambdaMetafactory.buildCallSite;261;isAccessible=true;
Constructor.newInstance;<java.lang.SecurityManager$$Lambda$69: void <init>()>;java.lang.invoke.InnerClassLambdaMetafactory.buildCallSite;261;isAccessible=true;
Constructor.newInstance;<java.lang.SecurityManager$$Lambda$70: void <init>()>;java.lang.invoke.InnerClassLambdaMetafactory.buildCallSite;261;isAccessible=true;
Constructor.newInstance;<java.lang.SecurityManager$$Lambda$71: void <init>()>;java.lang.invoke.InnerClassLambdaMetafactory.buildCallSite;261;isAccessible=true;
Constructor.newInstance;<java.lang.SecurityManager$$Lambda$72: void <init>()>;java.lang.invoke.InnerClassLambdaMetafactory.buildCallSite;261;isAccessible=true;
Constructor.newInstance;<java.lang.SecurityManager$$Lambda$73: void <init>()>;java.lang.invoke.InnerClassLambdaMetafactory.buildCallSite;261;isAccessible=true;
Constructor.newInstance;<java.lang.SecurityManager$$Lambda$75: void <init>()>;java.lang.invoke.InnerClassLambdaMetafactory.buildCallSite;261;isAccessible=true;
Constructor.newInstance;<java.lang.SecurityManager$$Lambda$76: void <init>()>;java.lang.invoke.InnerClassLambdaMetafactory.buildCallSite;261;isAccessible=true;
Constructor.newInstance;<java.lang.System$LoggerFinder$$Lambda$61: void <init>()>;java.lang.invoke.InnerClassLambdaMetafactory.buildCallSite;261;isAccessible=true;
Constructor.newInstance;<java.lang.invoke.VarHandleByteArrayAsInts$ArrayHandle$$Lambda$40: void <init>()>;java.lang.invoke.InnerClassLambdaMetafactory.buildCallSite;261;isAccessible=true;
Constructor.newInstance;<java.lang.invoke.VarHandleByteArrayAsLongs$ArrayHandle$$Lambda$41: void <init>()>;java.lang.invoke.InnerClassLambdaMetafactory.buildCallSite;261;isAccessible=true;
Constructor.newInstance;<java.lang.management.ManagementFactory$$Lambda$149: void <init>()>;java.lang.invoke.InnerClassLambdaMetafactory.buildCallSite;261;isAccessible=true;
Constructor.newInstance;<java.lang.module.ModuleDescriptor$Builder$$Lambda$34: void <init>()>;java.lang.invoke.InnerClassLambdaMetafactory.buildCallSite;261;isAccessible=true;
Constructor.newInstance;<java.lang.reflect.Executable$$Lambda$18: void <init>()>;java.lang.invoke.InnerClassLambdaMetafactory.buildCallSite;261;isAccessible=true;
Constructor.newInstance;<java.lang.reflect.Proxy$$Lambda$55: void <init>()>;java.lang.invoke.InnerClassLambdaMetafactory.buildCallSite;261;isAccessible=true;
Constructor.newInstance;<java.lang.reflect.Proxy$ProxyBuilder$$Lambda$56: void <init>()>;java.lang.invoke.InnerClassLambdaMetafactory.buildCallSite;261;isAccessible=true;
Constructor.newInstance;<java.lang.reflect.ProxyGenerator$$Lambda$59: void <init>()>;java.lang.invoke.InnerClassLambdaMetafactory.buildCallSite;261;isAccessible=true;
Constructor.newInstance;<java.lang.reflect.ProxyGenerator$$Lambda$60: void <init>()>;java.lang.invoke.InnerClassLambdaMetafactory.buildCallSite;261;isAccessible=true;
Constructor.newInstance;<java.net.SetAccessible/0x0000000801158000: void <init>()>;org.eclipse.osgi.internal.url.MultiplexingFactory.<clinit>;99;isAccessible=false;
Constructor.newInstance;<java.nio.file.Files$$Lambda$30: void <init>()>;java.lang.invoke.InnerClassLambdaMetafactory.buildCallSite;261;isAccessible=true;
Constructor.newInstance;<java.text.DecimalFormatSymbols$$Lambda$59: void <init>()>;java.lang.invoke.InnerClassLambdaMetafactory.buildCallSite;261;isAccessible=true;
Constructor.newInstance;<java.util.ResourceBundle$ResourceBundleControlProviderHolder$$Lambda$215: void <init>()>;java.lang.invoke.InnerClassLambdaMetafactory.buildCallSite;261;isAccessible=true;
Constructor.newInstance;<java.util.ResourceBundle$ResourceBundleControlProviderHolder$$Lambda$216: void <init>()>;java.lang.invoke.InnerClassLambdaMetafactory.buildCallSite;261;isAccessible=true;
Constructor.newInstance;<java.util.function.Function$$Lambda$27: void <init>()>;java.lang.invoke.InnerClassLambdaMetafactory.buildCallSite;261;isAccessible=true;
Constructor.newInstance;<java.util.logging.Level$$Lambda$41: void <init>()>;java.lang.invoke.InnerClassLambdaMetafactory.buildCallSite;261;isAccessible=true;
Constructor.newInstance;<java.util.logging.Level$KnownLevel$$Lambda$39: void <init>()>;java.lang.invoke.InnerClassLambdaMetafactory.buildCallSite;261;isAccessible=true;
Constructor.newInstance;<java.util.logging.Level$KnownLevel$$Lambda$40: void <init>()>;java.lang.invoke.InnerClassLambdaMetafactory.buildCallSite;261;isAccessible=true;
Constructor.newInstance;<java.util.logging.Level$KnownLevel$$Lambda$65: void <init>()>;java.lang.invoke.InnerClassLambdaMetafactory.buildCallSite;261;isAccessible=true;
Constructor.newInstance;<java.util.regex.CharPredicates$$Lambda$20: void <init>()>;java.lang.invoke.InnerClassLambdaMetafactory.buildCallSite;261;isAccessible=true;
Constructor.newInstance;<java.util.regex.CharPredicates$$Lambda$412: void <init>()>;java.lang.invoke.InnerClassLambdaMetafactory.buildCallSite;261;isAccessible=true;
Constructor.newInstance;<java.util.regex.CharPredicates$$Lambda$47: void <init>()>;java.lang.invoke.InnerClassLambdaMetafactory.buildCallSite;261;isAccessible=true;
Constructor.newInstance;<java.util.regex.Pattern$$Lambda$43: void <init>()>;java.lang.invoke.InnerClassLambdaMetafactory.buildCallSite;261;isAccessible=true;
Constructor.newInstance;<java.util.stream.Collectors$$Lambda$151: void <init>()>;java.lang.invoke.InnerClassLambdaMetafactory.buildCallSite;261;isAccessible=true;
Constructor.newInstance;<java.util.stream.Collectors$$Lambda$152: void <init>()>;java.lang.invoke.InnerClassLambdaMetafactory.buildCallSite;261;isAccessible=true;
Constructor.newInstance;<java.util.stream.Collectors$$Lambda$153: void <init>()>;java.lang.invoke.InnerClassLambdaMetafactory.buildCallSite;261;isAccessible=true;
Constructor.newInstance;<java.util.stream.Collectors$$Lambda$34: void <init>()>;java.lang.invoke.InnerClassLambdaMetafactory.buildCallSite;261;isAccessible=true;
Constructor.newInstance;<java.util.stream.Collectors$$Lambda$35: void <init>()>;java.lang.invoke.InnerClassLambdaMetafactory.buildCallSite;261;isAccessible=true;
Constructor.newInstance;<java.util.stream.Collectors$$Lambda$36: void <init>()>;java.lang.invoke.InnerClassLambdaMetafactory.buildCallSite;261;isAccessible=true;
Constructor.newInstance;<java.util.stream.Collectors$$Lambda$37: void <init>()>;java.lang.invoke.InnerClassLambdaMetafactory.buildCallSite;261;isAccessible=true;
Constructor.newInstance;<java.util.stream.Collectors$$Lambda$44: void <init>()>;java.lang.invoke.InnerClassLambdaMetafactory.buildCallSite;261;isAccessible=true;
Constructor.newInstance;<java.util.stream.Collectors$$Lambda$45: void <init>()>;java.lang.invoke.InnerClassLambdaMetafactory.buildCallSite;261;isAccessible=true;
Constructor.newInstance;<java.util.stream.Collectors$$Lambda$46: void <init>()>;java.lang.invoke.InnerClassLambdaMetafactory.buildCallSite;261;isAccessible=true;
Constructor.newInstance;<java.util.stream.FindOps$FindSink$OfInt$$Lambda$60: void <init>()>;java.lang.invoke.InnerClassLambdaMetafactory.buildCallSite;261;isAccessible=true;
Constructor.newInstance;<java.util.stream.FindOps$FindSink$OfInt$$Lambda$61: void <init>()>;java.lang.invoke.InnerClassLambdaMetafactory.buildCallSite;261;isAccessible=true;
Constructor.newInstance;<java.util.stream.FindOps$FindSink$OfInt$$Lambda$62: void <init>()>;java.lang.invoke.InnerClassLambdaMetafactory.buildCallSite;261;isAccessible=true;
Constructor.newInstance;<java.util.stream.FindOps$FindSink$OfInt$$Lambda$63: void <init>()>;java.lang.invoke.InnerClassLambdaMetafactory.buildCallSite;261;isAccessible=true;
Constructor.newInstance;<java.util.stream.IntPipeline$$Lambda$223: void <init>()>;java.lang.invoke.InnerClassLambdaMetafactory.buildCallSite;261;isAccessible=true;
Constructor.newInstance;<java.util.stream.Nodes$CollectorTask$OfRef$$Lambda$208: void <init>()>;java.lang.invoke.InnerClassLambdaMetafactory.buildCallSite;261;isAccessible=true;
Constructor.newInstance;<java.util.stream.ReferencePipeline$$Lambda$217: void <init>()>;java.lang.invoke.InnerClassLambdaMetafactory.buildCallSite;261;isAccessible=true;
Constructor.newInstance;<javax.security.auth.x500.X500Principal: void <init>(sun.security.x509.X500Name)>;sun.security.x509.X500Name.asX500Principal;1366;isAccessible=true;
Constructor.newInstance;<jdk.internal.jrtfs.JrtFileSystemProvider: void <init>()>;java.util.ServiceLoader$ProviderImpl.newInstance;789;isAccessible=true;
Constructor.newInstance;<jdk.management.jfr.internal.FlightRecorderMXBeanProvider: void <init>()>;java.util.ServiceLoader$ProviderImpl.newInstance;789;isAccessible=true;
Constructor.newInstance;<jdk.nio.zipfs.ZipFileSystem$$Lambda$26: void <init>()>;java.lang.invoke.InnerClassLambdaMetafactory.buildCallSite;261;isAccessible=true;
Constructor.newInstance;<jdk.nio.zipfs.ZipFileSystemProvider: void <init>()>;java.util.ServiceLoader$ProviderImpl.newInstance;789;isAccessible=true;
Constructor.newInstance;<jdk.proxy1.$Proxy0: void <init>(java.lang.reflect.InvocationHandler)>;java.lang.reflect.Proxy.newProxyInstance;1053;isAccessible=true;
Constructor.newInstance;<jdk.xml.internal.SecuritySupport$$Lambda$48: void <init>()>;java.lang.invoke.InnerClassLambdaMetafactory.buildCallSite;261;isAccessible=true;
Constructor.newInstance;<org.apache.felix.scr.impl.Activator: void <init>()>;org.eclipse.osgi.internal.framework.BundleContextImpl.loadBundleActivator;801;isAccessible=false;
Constructor.newInstance;<org.apache.felix.scr.impl.manager.ComponentContextImpl$$Lambda$173: void <init>()>;java.lang.invoke.InnerClassLambdaMetafactory.buildCallSite;261;isAccessible=true;
Constructor.newInstance;<org.dacapo.eclipse.Activator: void <init>()>;org.eclipse.osgi.internal.framework.BundleContextImpl.loadBundleActivator;801;isAccessible=false;
Constructor.newInstance;<org.dacapo.eclipse.BenchmarkRunner: void <init>()>;org.eclipse.core.internal.registry.osgi.RegistryStrategyOSGI.createExecutableExtension;204;isAccessible=false;
Constructor.newInstance;<org.dacapo.harness.Benchmark$$Lambda$39: void <init>()>;java.lang.invoke.InnerClassLambdaMetafactory.buildCallSite;261;isAccessible=true;
Constructor.newInstance;<org.dacapo.harness.CommandLineArgs$$Lambda$31: void <init>()>;java.lang.invoke.InnerClassLambdaMetafactory.buildCallSite;261;isAccessible=true;
Constructor.newInstance;<org.dacapo.harness.CommandLineArgs$$Lambda$32: void <init>()>;java.lang.invoke.InnerClassLambdaMetafactory.buildCallSite;261;isAccessible=true;
Constructor.newInstance;<org.dacapo.harness.CommandLineArgs$$Lambda$33: void <init>()>;java.lang.invoke.InnerClassLambdaMetafactory.buildCallSite;261;isAccessible=true;
Constructor.newInstance;<org.dacapo.harness.Eclipse: void <init>(org.dacapo.parser.Config,java.io.File,java.io.File)>;org.dacapo.harness.TestHarness.runBenchmark;218;isAccessible=false;
Constructor.newInstance;<org.eclipse.core.internal.content.ContentTypeCatalog$$Lambda$193: void <init>()>;java.lang.invoke.InnerClassLambdaMetafactory.buildCallSite;261;isAccessible=true;
Constructor.newInstance;<org.eclipse.core.internal.content.ContentTypeCatalog$$Lambda$194: void <init>()>;java.lang.invoke.InnerClassLambdaMetafactory.buildCallSite;261;isAccessible=true;
Constructor.newInstance;<org.eclipse.core.internal.content.ContentTypeCatalog$$Lambda$195: void <init>()>;java.lang.invoke.InnerClassLambdaMetafactory.buildCallSite;261;isAccessible=true;
Constructor.newInstance;<org.eclipse.core.internal.content.ContentTypeCatalog$$Lambda$196: void <init>()>;java.lang.invoke.InnerClassLambdaMetafactory.buildCallSite;261;isAccessible=true;
Constructor.newInstance;<org.eclipse.core.internal.content.ContentTypeCatalog$$Lambda$197: void <init>()>;java.lang.invoke.InnerClassLambdaMetafactory.buildCallSite;261;isAccessible=true;
Constructor.newInstance;<org.eclipse.core.internal.content.ContentTypeManager: void <init>()>;org.apache.felix.scr.impl.inject.internal.ComponentConstructorImpl.newInstance;326;isAccessible=false;
Constructor.newInstance;<org.eclipse.core.internal.content.TextContentDescriber: void <init>()>;org.eclipse.core.internal.registry.osgi.RegistryStrategyOSGI.createExecutableExtension;204;isAccessible=false;
Constructor.newInstance;<org.eclipse.core.internal.events.NotificationManager$NotifyJob$$Lambda$160: void <init>()>;java.lang.invoke.InnerClassLambdaMetafactory.buildCallSite;261;isAccessible=true;
Constructor.newInstance;<org.eclipse.core.internal.events.ResourceChangeListenerList$$Lambda$187: void <init>()>;java.lang.invoke.InnerClassLambdaMetafactory.buildCallSite;261;isAccessible=true;
Constructor.newInstance;<org.eclipse.core.internal.filesystem.local.LocalFileSystem: void <init>()>;org.eclipse.core.internal.registry.osgi.RegistryStrategyOSGI.createExecutableExtension;204;isAccessible=false;
Constructor.newInstance;<org.eclipse.core.internal.jobs.JobActivator: void <init>()>;org.eclipse.osgi.internal.framework.BundleContextImpl.loadBundleActivator;801;isAccessible=false;
Constructor.newInstance;<org.eclipse.core.internal.jobs.JobListeners$$Lambda$131: void <init>()>;java.lang.invoke.InnerClassLambdaMetafactory.buildCallSite;261;isAccessible=true;
Constructor.newInstance;<org.eclipse.core.internal.jobs.JobListeners$$Lambda$132: void <init>()>;java.lang.invoke.InnerClassLambdaMetafactory.buildCallSite;261;isAccessible=true;
Constructor.newInstance;<org.eclipse.core.internal.jobs.JobListeners$$Lambda$133: void <init>()>;java.lang.invoke.InnerClassLambdaMetafactory.buildCallSite;261;isAccessible=true;
Constructor.newInstance;<org.eclipse.core.internal.jobs.JobListeners$$Lambda$134: void <init>()>;java.lang.invoke.InnerClassLambdaMetafactory.buildCallSite;261;isAccessible=true;
Constructor.newInstance;<org.eclipse.core.internal.jobs.JobListeners$$Lambda$135: void <init>()>;java.lang.invoke.InnerClassLambdaMetafactory.buildCallSite;261;isAccessible=true;
Constructor.newInstance;<org.eclipse.core.internal.jobs.JobListeners$$Lambda$136: void <init>()>;java.lang.invoke.InnerClassLambdaMetafactory.buildCallSite;261;isAccessible=true;
Constructor.newInstance;<org.eclipse.core.internal.jobs.JobManager$$Lambda$201: void <init>()>;java.lang.invoke.InnerClassLambdaMetafactory.buildCallSite;261;isAccessible=true;
Constructor.newInstance;<org.eclipse.core.internal.preferences.Activator: void <init>()>;org.eclipse.osgi.internal.framework.BundleContextImpl.loadBundleActivator;801;isAccessible=false;
Constructor.newInstance;<org.eclipse.core.internal.preferences.EclipsePreferences$$Lambda$128: void <init>()>;java.lang.invoke.InnerClassLambdaMetafactory.buildCallSite;261;isAccessible=true;
Constructor.newInstance;<org.eclipse.core.internal.preferences.SortedProperties$$Lambda$184: void <init>()>;java.lang.invoke.InnerClassLambdaMetafactory.buildCallSite;261;isAccessible=true;
Constructor.newInstance;<org.eclipse.core.internal.properties.PropertyBucket$PropertyEntry$$Lambda$210: void <init>()>;java.lang.invoke.InnerClassLambdaMetafactory.buildCallSite;261;isAccessible=true;
Constructor.newInstance;<org.eclipse.core.internal.registry.osgi.Activator: void <init>()>;org.eclipse.osgi.internal.framework.BundleContextImpl.loadBundleActivator;801;isAccessible=false;
Constructor.newInstance;<org.eclipse.core.internal.resources.AliasManager$LocationMap$$Lambda$169: void <init>()>;java.lang.invoke.InnerClassLambdaMetafactory.buildCallSite;261;isAccessible=true;
Constructor.newInstance;<org.eclipse.core.internal.resources.CheckMissingNaturesListener: void <init>()>;org.apache.felix.scr.impl.inject.internal.ComponentConstructorImpl.newInstance;326;isAccessible=false;
Constructor.newInstance;<org.eclipse.core.internal.resources.PreferenceInitializer: void <init>()>;org.eclipse.core.internal.registry.osgi.RegistryStrategyOSGI.createExecutableExtension;204;isAccessible=false;
Constructor.newInstance;<org.eclipse.core.internal.resources.ProjectPreferences: void <init>()>;org.eclipse.core.internal.registry.osgi.RegistryStrategyOSGI.createExecutableExtension;204;isAccessible=false;
Constructor.newInstance;<org.eclipse.core.internal.resources.ResourceChangeListenerRegistrar: void <init>(org.eclipse.core.resources.IWorkspace)>;org.apache.felix.scr.impl.inject.internal.ComponentConstructorImpl.newInstance;326;isAccessible=false;
Constructor.newInstance;<org.eclipse.core.internal.resources.SaveManager$$Lambda$162: void <init>()>;java.lang.invoke.InnerClassLambdaMetafactory.buildCallSite;261;isAccessible=true;
Constructor.newInstance;<org.eclipse.core.internal.resources.SaveManager$$Lambda$429: void <init>()>;java.lang.invoke.InnerClassLambdaMetafactory.buildCallSite;261;isAccessible=true;
Constructor.newInstance;<org.eclipse.core.internal.resources.projectvariables.EclipseHomeProjectVariable: void <init>()>;org.eclipse.core.internal.registry.osgi.RegistryStrategyOSGI.createExecutableExtension;204;isAccessible=false;
Constructor.newInstance;<org.eclipse.core.internal.resources.projectvariables.ParentVariableResolver: void <init>()>;org.eclipse.core.internal.registry.osgi.RegistryStrategyOSGI.createExecutableExtension;204;isAccessible=false;
Constructor.newInstance;<org.eclipse.core.internal.resources.projectvariables.ProjectLocationVariableResolver: void <init>()>;org.eclipse.core.internal.registry.osgi.RegistryStrategyOSGI.createExecutableExtension;204;isAccessible=false;
Constructor.newInstance;<org.eclipse.core.internal.resources.projectvariables.WorkspaceLocationVariableResolver: void <init>()>;org.eclipse.core.internal.registry.osgi.RegistryStrategyOSGI.createExecutableExtension;204;isAccessible=false;
Constructor.newInstance;<org.eclipse.core.internal.resources.projectvariables.WorkspaceParentLocationVariableResolver: void <init>()>;org.eclipse.core.internal.registry.osgi.RegistryStrategyOSGI.createExecutableExtension;204;isAccessible=false;
Constructor.newInstance;<org.eclipse.core.internal.runtime.Activator: void <init>()>;org.eclipse.osgi.internal.framework.BundleContextImpl.loadBundleActivator;801;isAccessible=false;
Constructor.newInstance;<org.eclipse.core.internal.runtime.InternalPlatform$$Lambda$130: void <init>()>;java.lang.invoke.InnerClassLambdaMetafactory.buildCallSite;261;isAccessible=true;
Constructor.newInstance;<org.eclipse.core.internal.runtime.InternalPlatform$$Lambda$158: void <init>()>;java.lang.invoke.InnerClassLambdaMetafactory.buildCallSite;261;isAccessible=true;
Constructor.newInstance;<org.eclipse.core.internal.runtime.InternalPlatform$$Lambda$159: void <init>()>;java.lang.invoke.InnerClassLambdaMetafactory.buildCallSite;261;isAccessible=true;
Constructor.newInstance;<org.eclipse.core.internal.runtime.PlatformActivator: void <init>()>;org.eclipse.osgi.internal.framework.BundleContextImpl.loadBundleActivator;801;isAccessible=false;
Constructor.newInstance;<org.eclipse.core.internal.watson.ElementTreeWriter$$Lambda$430: void <init>()>;java.lang.invoke.InnerClassLambdaMetafactory.buildCallSite;261;isAccessible=true;
Constructor.newInstance;<org.eclipse.core.resources.ResourcesPlugin: void <init>()>;org.eclipse.osgi.internal.framework.BundleContextImpl.loadBundleActivator;801;isAccessible=false;
Constructor.newInstance;<org.eclipse.core.runtime.ServiceCaller$$Lambda$103: void <init>()>;java.lang.invoke.InnerClassLambdaMetafactory.buildCallSite;261;isAccessible=true;
Constructor.newInstance;<org.eclipse.core.runtime.ServiceCaller$$Lambda$109: void <init>()>;java.lang.invoke.InnerClassLambdaMetafactory.buildCallSite;261;isAccessible=true;
Constructor.newInstance;<org.eclipse.core.runtime.ServiceCaller$$Lambda$112: void <init>()>;java.lang.invoke.InnerClassLambdaMetafactory.buildCallSite;261;isAccessible=true;
Constructor.newInstance;<org.eclipse.equinox.internal.app.Activator: void <init>()>;org.eclipse.osgi.internal.framework.BundleContextImpl.loadBundleActivator;801;isAccessible=false;
Constructor.newInstance;<org.eclipse.equinox.internal.simpleconfigurator.Activator: void <init>()>;org.eclipse.osgi.internal.framework.BundleContextImpl.loadBundleActivator;801;isAccessible=false;
Constructor.newInstance;<org.eclipse.jdt.core.JavaCore: void <init>()>;org.eclipse.osgi.internal.framework.BundleContextImpl.loadBundleActivator;801;isAccessible=false;
Constructor.newInstance;<org.eclipse.jdt.internal.codeassist.complete.CompletionParser$$Lambda$298: void <init>()>;java.lang.invoke.InnerClassLambdaMetafactory.buildCallSite;261;isAccessible=true;
Constructor.newInstance;<org.eclipse.jdt.internal.codeassist.complete.CompletionParser$$Lambda$299: void <init>()>;java.lang.invoke.InnerClassLambdaMetafactory.buildCallSite;261;isAccessible=true;
Constructor.newInstance;<org.eclipse.jdt.internal.compiler.ast.MethodDeclaration$$Lambda$243: void <init>()>;java.lang.invoke.InnerClassLambdaMetafactory.buildCallSite;261;isAccessible=true;
Constructor.newInstance;<org.eclipse.jdt.internal.compiler.ast.SwitchStatement$$Lambda$246: void <init>()>;java.lang.invoke.InnerClassLambdaMetafactory.buildCallSite;261;isAccessible=true;
Constructor.newInstance;<org.eclipse.jdt.internal.compiler.env.IModuleAwareNameEnvironment$LookupStrategy$$Lambda$233: void <init>()>;java.lang.invoke.InnerClassLambdaMetafactory.buildCallSite;261;isAccessible=true;
Constructor.newInstance;<org.eclipse.jdt.internal.compiler.lookup.CompilationUnitScope$$Lambda$239: void <init>()>;java.lang.invoke.InnerClassLambdaMetafactory.buildCallSite;261;isAccessible=true;
Constructor.newInstance;<org.eclipse.jdt.internal.compiler.lookup.ReferenceBinding$$Lambda$177: void <init>()>;java.lang.invoke.InnerClassLambdaMetafactory.buildCallSite;261;isAccessible=true;
Constructor.newInstance;<org.eclipse.jdt.internal.compiler.parser.Scanner$Goal$$Lambda$222: void <init>()>;java.lang.invoke.InnerClassLambdaMetafactory.buildCallSite;261;isAccessible=true;
Constructor.newInstance;<org.eclipse.jdt.internal.compiler.parser.Scanner$Goal$$Lambda$224: void <init>()>;java.lang.invoke.InnerClassLambdaMetafactory.buildCallSite;261;isAccessible=true;
Constructor.newInstance;<org.eclipse.jdt.internal.compiler.parser.Scanner$Goal$$Lambda$225: void <init>()>;java.lang.invoke.InnerClassLambdaMetafactory.buildCallSite;261;isAccessible=true;
Constructor.newInstance;<org.eclipse.jdt.internal.compiler.util.CharDeduplication$$Lambda$218: void <init>()>;java.lang.invoke.InnerClassLambdaMetafactory.buildCallSite;261;isAccessible=true;
Constructor.newInstance;<org.eclipse.jdt.internal.compiler.util.CharDeduplication$$Lambda$219: void <init>()>;java.lang.invoke.InnerClassLambdaMetafactory.buildCallSite;261;isAccessible=true;
Constructor.newInstance;<org.eclipse.jdt.internal.compiler.util.SortedCharArrays$$Lambda$235: void <init>()>;java.lang.invoke.InnerClassLambdaMetafactory.buildCallSite;261;isAccessible=true;
Constructor.newInstance;<org.eclipse.jdt.internal.compiler.util.SortedCharArrays$$Lambda$236: void <init>()>;java.lang.invoke.InnerClassLambdaMetafactory.buildCallSite;261;isAccessible=true;
Constructor.newInstance;<org.eclipse.jdt.internal.core.DynamicProjectReferences: void <init>()>;org.eclipse.core.internal.registry.osgi.RegistryStrategyOSGI.createExecutableExtension;204;isAccessible=false;
Constructor.newInstance;<org.eclipse.jdt.internal.core.JavaCorePreferenceInitializer: void <init>()>;org.eclipse.core.internal.registry.osgi.RegistryStrategyOSGI.createExecutableExtension;204;isAccessible=false;
Constructor.newInstance;<org.eclipse.jdt.internal.core.JavaModelManager$$Lambda$205: void <init>()>;java.lang.invoke.InnerClassLambdaMetafactory.buildCallSite;261;isAccessible=true;
Constructor.newInstance;<org.eclipse.jdt.internal.core.JavaModelManager$$Lambda$206: void <init>()>;java.lang.invoke.InnerClassLambdaMetafactory.buildCallSite;261;isAccessible=true;
Constructor.newInstance;<org.eclipse.jdt.internal.core.JavaProject: void <init>()>;org.eclipse.core.internal.registry.osgi.RegistryStrategyOSGI.createExecutableExtension;204;isAccessible=false;
Constructor.newInstance;<org.eclipse.jdt.internal.core.SearchableEnvironment$$Lambda$292: void <init>()>;java.lang.invoke.InnerClassLambdaMetafactory.buildCallSite;261;isAccessible=true;
Constructor.newInstance;<org.eclipse.jdt.internal.core.SearchableEnvironment$$Lambda$293: void <init>()>;java.lang.invoke.InnerClassLambdaMetafactory.buildCallSite;261;isAccessible=true;
Constructor.newInstance;<org.eclipse.jdt.internal.core.builder.JavaBuilder$$Lambda$230: void <init>()>;java.lang.invoke.InnerClassLambdaMetafactory.buildCallSite;261;isAccessible=true;
Constructor.newInstance;<org.eclipse.jdt.internal.core.builder.JavaBuilder: void <init>()>;org.eclipse.core.internal.registry.osgi.RegistryStrategyOSGI.createExecutableExtension;204;isAccessible=false;
Constructor.newInstance;<org.eclipse.jdt.internal.core.builder.NameEnvironment$$Lambda$232: void <init>()>;java.lang.invoke.InnerClassLambdaMetafactory.buildCallSite;261;isAccessible=true;
Constructor.newInstance;<org.eclipse.jdt.internal.core.builder.NameEnvironment$$Lambda$237: void <init>()>;java.lang.invoke.InnerClassLambdaMetafactory.buildCallSite;261;isAccessible=true;
Constructor.newInstance;<org.eclipse.jdt.internal.core.builder.NameEnvironment$$Lambda$238: void <init>()>;java.lang.invoke.InnerClassLambdaMetafactory.buildCallSite;261;isAccessible=true;
Constructor.newInstance;<org.eclipse.jdt.internal.core.index.MetaIndex$$Lambda$283: void <init>()>;java.lang.invoke.InnerClassLambdaMetafactory.buildCallSite;261;isAccessible=true;
Constructor.newInstance;<org.eclipse.jdt.internal.core.index.MetaIndex$$Lambda$285: void <init>()>;java.lang.invoke.InnerClassLambdaMetafactory.buildCallSite;261;isAccessible=true;
Constructor.newInstance;<org.eclipse.jdt.internal.core.search.IndexSelector$$Lambda$290: void <init>()>;java.lang.invoke.InnerClassLambdaMetafactory.buildCallSite;261;isAccessible=true;
Constructor.newInstance;<org.eclipse.jdt.internal.core.search.SubTypeSearchJob$$Lambda$280: void <init>()>;java.lang.invoke.InnerClassLambdaMetafactory.buildCallSite;261;isAccessible=true;
Constructor.newInstance;<org.eclipse.jdt.internal.core.search.SubTypeSearchJob$$Lambda$291: void <init>()>;java.lang.invoke.InnerClassLambdaMetafactory.buildCallSite;261;isAccessible=true;
Constructor.newInstance;<org.eclipse.jdt.internal.core.search.indexing.QualifierQuery$$Lambda$278: void <init>()>;java.lang.invoke.InnerClassLambdaMetafactory.buildCallSite;261;isAccessible=true;
Constructor.newInstance;<org.eclipse.jdt.internal.core.search.indexing.QualifierQuery$$Lambda$279: void <init>()>;java.lang.invoke.InnerClassLambdaMetafactory.buildCallSite;261;isAccessible=true;
Constructor.newInstance;<org.eclipse.jdt.internal.core.search.indexing.QualifierQuery$QueryCategory$$Lambda$281: void <init>()>;java.lang.invoke.InnerClassLambdaMetafactory.buildCallSite;261;isAccessible=true;
Constructor.newInstance;<org.eclipse.jdt.internal.core.search.indexing.QualifierQuery$QueryCategory$$Lambda$282: void <init>()>;java.lang.invoke.InnerClassLambdaMetafactory.buildCallSite;261;isAccessible=true;
Constructor.newInstance;<org.eclipse.jdt.internal.core.search.matching.JavaSearchNameEnvironment$$Lambda$275: void <init>()>;java.lang.invoke.InnerClassLambdaMetafactory.buildCallSite;261;isAccessible=true;
Constructor.newInstance;<org.eclipse.jdt.internal.core.search.matching.JavaSearchNameEnvironment$$Lambda$276: void <init>()>;java.lang.invoke.InnerClassLambdaMetafactory.buildCallSite;261;isAccessible=true;
Constructor.newInstance;<org.eclipse.jdt.internal.formatter.LineBreaksPreparator$$Lambda$408: void <init>()>;java.lang.invoke.InnerClassLambdaMetafactory.buildCallSite;261;isAccessible=true;
Constructor.newInstance;<org.eclipse.jdt.internal.formatter.SpacePreparator$$Lambda$396: void <init>()>;java.lang.invoke.InnerClassLambdaMetafactory.buildCallSite;261;isAccessible=true;
Constructor.newInstance;<org.eclipse.jdt.internal.formatter.SpacePreparator$$Lambda$397: void <init>()>;java.lang.invoke.InnerClassLambdaMetafactory.buildCallSite;261;isAccessible=true;
Constructor.newInstance;<org.eclipse.jdt.internal.formatter.SpacePreparator$$Lambda$398: void <init>()>;java.lang.invoke.InnerClassLambdaMetafactory.buildCallSite;261;isAccessible=true;
Constructor.newInstance;<org.eclipse.jdt.internal.formatter.SpacePreparator$$Lambda$399: void <init>()>;java.lang.invoke.InnerClassLambdaMetafactory.buildCallSite;261;isAccessible=true;
Constructor.newInstance;<org.eclipse.jdt.internal.formatter.SpacePreparator$$Lambda$400: void <init>()>;java.lang.invoke.InnerClassLambdaMetafactory.buildCallSite;261;isAccessible=true;
Constructor.newInstance;<org.eclipse.jdt.internal.formatter.SpacePreparator$$Lambda$401: void <init>()>;java.lang.invoke.InnerClassLambdaMetafactory.buildCallSite;261;isAccessible=true;
Constructor.newInstance;<org.eclipse.jdt.internal.formatter.SpacePreparator$$Lambda$402: void <init>()>;java.lang.invoke.InnerClassLambdaMetafactory.buildCallSite;261;isAccessible=true;
Constructor.newInstance;<org.eclipse.jdt.internal.formatter.SpacePreparator$$Lambda$403: void <init>()>;java.lang.invoke.InnerClassLambdaMetafactory.buildCallSite;261;isAccessible=true;
Constructor.newInstance;<org.eclipse.jdt.internal.formatter.SpacePreparator$$Lambda$404: void <init>()>;java.lang.invoke.InnerClassLambdaMetafactory.buildCallSite;261;isAccessible=true;
Constructor.newInstance;<org.eclipse.jdt.internal.formatter.SpacePreparator$$Lambda$405: void <init>()>;java.lang.invoke.InnerClassLambdaMetafactory.buildCallSite;261;isAccessible=true;
Constructor.newInstance;<org.eclipse.jdt.internal.formatter.SpacePreparator$$Lambda$406: void <init>()>;java.lang.invoke.InnerClassLambdaMetafactory.buildCallSite;261;isAccessible=true;
Constructor.newInstance;<org.eclipse.jdt.internal.formatter.SpacePreparator$$Lambda$407: void <init>()>;java.lang.invoke.InnerClassLambdaMetafactory.buildCallSite;261;isAccessible=true;
Constructor.newInstance;<org.eclipse.jdt.internal.formatter.linewrap.WrapPreparator$$Lambda$413: void <init>()>;java.lang.invoke.InnerClassLambdaMetafactory.buildCallSite;261;isAccessible=true;
Constructor.newInstance;<org.eclipse.jdt.internal.formatter.linewrap.WrapPreparator$$Lambda$414: void <init>()>;java.lang.invoke.InnerClassLambdaMetafactory.buildCallSite;261;isAccessible=true;
Constructor.newInstance;<org.eclipse.jdt.internal.formatter.linewrap.WrapPreparator$$Lambda$415: void <init>()>;java.lang.invoke.InnerClassLambdaMetafactory.buildCallSite;261;isAccessible=true;
Constructor.newInstance;<org.eclipse.jdt.internal.formatter.linewrap.WrapPreparator$$Lambda$416: void <init>()>;java.lang.invoke.InnerClassLambdaMetafactory.buildCallSite;261;isAccessible=true;
Constructor.newInstance;<org.eclipse.jdt.internal.formatter.linewrap.WrapPreparator$$Lambda$417: void <init>()>;java.lang.invoke.InnerClassLambdaMetafactory.buildCallSite;261;isAccessible=true;
Constructor.newInstance;<org.eclipse.jdt.internal.formatter.linewrap.WrapPreparator$$Lambda$418: void <init>()>;java.lang.invoke.InnerClassLambdaMetafactory.buildCallSite;261;isAccessible=true;
Constructor.newInstance;<org.eclipse.jdt.internal.formatter.linewrap.WrapPreparator$$Lambda$419: void <init>()>;java.lang.invoke.InnerClassLambdaMetafactory.buildCallSite;261;isAccessible=true;
Constructor.newInstance;<org.eclipse.jdt.internal.formatter.linewrap.WrapPreparator$$Lambda$420: void <init>()>;java.lang.invoke.InnerClassLambdaMetafactory.buildCallSite;261;isAccessible=true;
Constructor.newInstance;<org.eclipse.jdt.internal.formatter.linewrap.WrapPreparator$$Lambda$421: void <init>()>;java.lang.invoke.InnerClassLambdaMetafactory.buildCallSite;261;isAccessible=true;
Constructor.newInstance;<org.eclipse.jdt.internal.formatter.linewrap.WrapPreparator$$Lambda$422: void <init>()>;java.lang.invoke.InnerClassLambdaMetafactory.buildCallSite;261;isAccessible=true;
Constructor.newInstance;<org.eclipse.jdt.internal.formatter.linewrap.WrapPreparator$$Lambda$423: void <init>()>;java.lang.invoke.InnerClassLambdaMetafactory.buildCallSite;261;isAccessible=true;
Constructor.newInstance;<org.eclipse.jdt.internal.formatter.linewrap.WrapPreparator$$Lambda$424: void <init>()>;java.lang.invoke.InnerClassLambdaMetafactory.buildCallSite;261;isAccessible=true;
Constructor.newInstance;<org.eclipse.jdt.internal.formatter.linewrap.WrapPreparator$$Lambda$425: void <init>()>;java.lang.invoke.InnerClassLambdaMetafactory.buildCallSite;261;isAccessible=true;
Constructor.newInstance;<org.eclipse.jdt.internal.formatter.linewrap.WrapPreparator$$Lambda$426: void <init>()>;java.lang.invoke.InnerClassLambdaMetafactory.buildCallSite;261;isAccessible=true;
Constructor.newInstance;<org.eclipse.osgi.compatibility.state.Activator: void <init>()>;org.eclipse.osgi.storage.FrameworkExtensionInstaller.startExtensionActivator;269;isAccessible=false;
Constructor.newInstance;<org.eclipse.osgi.container.ModuleResolver$$Lambda$93: void <init>()>;java.lang.invoke.InnerClassLambdaMetafactory.buildCallSite;261;isAccessible=true;
Constructor.newInstance;<org.eclipse.osgi.container.ModuleResolver$$Lambda$94: void <init>()>;java.lang.invoke.InnerClassLambdaMetafactory.buildCallSite;261;isAccessible=true;
Constructor.newInstance;<org.eclipse.osgi.container.ModuleResolver$$Lambda$95: void <init>()>;java.lang.invoke.InnerClassLambdaMetafactory.buildCallSite;261;isAccessible=true;
Constructor.newInstance;<org.eclipse.osgi.container.ModuleResolver$$Lambda$96: void <init>()>;java.lang.invoke.InnerClassLambdaMetafactory.buildCallSite;261;isAccessible=true;
Constructor.newInstance;<org.eclipse.osgi.container.ModuleResolver$$Lambda$97: void <init>()>;java.lang.invoke.InnerClassLambdaMetafactory.buildCallSite;261;isAccessible=true;
Constructor.newInstance;<org.eclipse.osgi.container.ModuleResolver$$Lambda$98: void <init>()>;java.lang.invoke.InnerClassLambdaMetafactory.buildCallSite;261;isAccessible=true;
Constructor.newInstance;<org.eclipse.osgi.container.ModuleResolver$$Lambda$99: void <init>()>;java.lang.invoke.InnerClassLambdaMetafactory.buildCallSite;261;isAccessible=true;
Constructor.newInstance;<org.eclipse.osgi.container.ModuleResolver$ResolveProcess$$Lambda$91: void <init>()>;java.lang.invoke.InnerClassLambdaMetafactory.buildCallSite;261;isAccessible=true;
Constructor.newInstance;<org.eclipse.osgi.framework.internal.reliablefile.ReliableFile$$Lambda$78: void <init>()>;java.lang.invoke.InnerClassLambdaMetafactory.buildCallSite;261;isAccessible=true;
Constructor.newInstance;<org.eclipse.osgi.internal.cds.CDSHookConfigurator: void <init>()>;org.eclipse.osgi.internal.hookregistry.HookRegistry.loadConfigurators;204;isAccessible=false;
Constructor.newInstance;<org.eclipse.osgi.internal.connect.ConnectHookConfigurator: void <init>()>;org.eclipse.osgi.internal.hookregistry.HookRegistry.loadConfigurators;204;isAccessible=false;
Constructor.newInstance;<org.eclipse.osgi.internal.framework.EquinoxEventPublisher$$Lambda$437: void <init>()>;java.lang.invoke.InnerClassLambdaMetafactory.buildCallSite;261;isAccessible=true;
Constructor.newInstance;<org.eclipse.osgi.internal.framework.FilterImpl$Equal$$Lambda$179: void <init>()>;java.lang.invoke.InnerClassLambdaMetafactory.buildCallSite;261;isAccessible=true;
Constructor.newInstance;<org.eclipse.osgi.internal.framework.FilterImpl$Equal$$Lambda$79: void <init>()>;java.lang.invoke.InnerClassLambdaMetafactory.buildCallSite;261;isAccessible=true;
Constructor.newInstance;<org.eclipse.osgi.internal.framework.SystemBundleActivator: void <init>()>;org.eclipse.osgi.internal.framework.BundleContextImpl.loadBundleActivator;801;isAccessible=false;
Constructor.newInstance;<org.eclipse.osgi.internal.framework.legacy.PackageAdminImpl$$Lambda$101: void <init>()>;java.lang.invoke.InnerClassLambdaMetafactory.buildCallSite;261;isAccessible=true;
Constructor.newInstance;<org.eclipse.osgi.internal.signedcontent.SignedBundleHook: void <init>()>;org.eclipse.osgi.internal.hookregistry.HookRegistry.loadConfigurators;204;isAccessible=false;
Constructor.newInstance;<org.eclipse.osgi.storage.Storage$$Lambda$114: void <init>()>;java.lang.invoke.InnerClassLambdaMetafactory.buildCallSite;261;isAccessible=true;
Constructor.newInstance;<org.osgi.framework.FrameworkUtil$$Lambda$104: void <init>()>;java.lang.invoke.InnerClassLambdaMetafactory.buildCallSite;261;isAccessible=true;
Constructor.newInstance;<org.osgi.framework.FrameworkUtil$$Lambda$107: void <init>()>;java.lang.invoke.InnerClassLambdaMetafactory.buildCallSite;261;isAccessible=true;
Constructor.newInstance;<org.osgi.framework.FrameworkUtil$$Lambda$164: void <init>()>;java.lang.invoke.InnerClassLambdaMetafactory.buildCallSite;261;isAccessible=true;
Constructor.newInstance;<org.osgi.framework.FrameworkUtil$$Lambda$165: void <init>()>;java.lang.invoke.InnerClassLambdaMetafactory.buildCallSite;261;isAccessible=true;
Constructor.newInstance;<sun.security.provider.MD5: void <init>()>;java.security.Provider$Service.newInstanceOf;1879;isAccessible=false;
Constructor.newInstance;<sun.security.provider.NativePRNG: void <init>()>;java.security.Provider$Service.newInstanceOf;1879;isAccessible=false;
Constructor.newInstance;<sun.security.provider.SHA2$SHA256: void <init>()>;java.security.Provider$Service.newInstanceOf;1879;isAccessible=false;
Constructor.newInstance;<sun.security.provider.SHA5$SHA384: void <init>()>;java.security.Provider$Service.newInstanceOf;1879;isAccessible=false;
Constructor.newInstance;<sun.security.provider.SHA: void <init>()>;java.security.Provider$Service.newInstanceOf;1879;isAccessible=false;
Constructor.newInstance;<sun.security.provider.X509Factory: void <init>()>;java.security.Provider$Service.newInstanceOf;1879;isAccessible=false;
Constructor.newInstance;<sun.security.rsa.RSAKeyFactory$Legacy: void <init>()>;java.security.Provider$Service.newInstanceOf;1879;isAccessible=false;
Constructor.newInstance;<sun.security.rsa.RSASignature$SHA256withRSA: void <init>()>;java.security.Provider$Service.newInstanceOf;1879;isAccessible=false;
Constructor.newInstance;<sun.security.rsa.RSASignature$SHA384withRSA: void <init>()>;java.security.Provider$Service.newInstanceOf;1879;isAccessible=false;
Constructor.newInstance;<sun.security.util.ManifestDigester$$Lambda$50: void <init>()>;java.lang.invoke.InnerClassLambdaMetafactory.buildCallSite;261;isAccessible=true;
Constructor.newInstance;<sun.security.x509.AuthorityInfoAccessExtension: void <init>(java.lang.Boolean,java.lang.Object)>;sun.security.x509.CertificateExtensions.parseExtension;113;isAccessible=false;
Constructor.newInstance;<sun.security.x509.AuthorityKeyIdentifierExtension: void <init>(java.lang.Boolean,java.lang.Object)>;sun.security.x509.CertificateExtensions.parseExtension;113;isAccessible=false;
Constructor.newInstance;<sun.security.x509.BasicConstraintsExtension: void <init>(java.lang.Boolean,java.lang.Object)>;sun.security.x509.CertificateExtensions.parseExtension;113;isAccessible=false;
Constructor.newInstance;<sun.security.x509.CRLDistributionPointsExtension: void <init>(java.lang.Boolean,java.lang.Object)>;sun.security.x509.CertificateExtensions.parseExtension;113;isAccessible=false;
Constructor.newInstance;<sun.security.x509.CertificatePoliciesExtension: void <init>(java.lang.Boolean,java.lang.Object)>;sun.security.x509.CertificateExtensions.parseExtension;113;isAccessible=false;
Constructor.newInstance;<sun.security.x509.ExtendedKeyUsageExtension: void <init>(java.lang.Boolean,java.lang.Object)>;sun.security.x509.CertificateExtensions.parseExtension;113;isAccessible=false;
Constructor.newInstance;<sun.security.x509.KeyUsageExtension: void <init>(java.lang.Boolean,java.lang.Object)>;sun.security.x509.CertificateExtensions.parseExtension;113;isAccessible=false;
Constructor.newInstance;<sun.security.x509.SubjectAlternativeNameExtension: void <init>(java.lang.Boolean,java.lang.Object)>;sun.security.x509.CertificateExtensions.parseExtension;113;isAccessible=false;
Constructor.newInstance;<sun.security.x509.SubjectKeyIdentifierExtension: void <init>(java.lang.Boolean,java.lang.Object)>;sun.security.x509.CertificateExtensions.parseExtension;113;isAccessible=false;
Constructor.newInstance;<sun.text.resources.cldr.FormatData: void <init>()>;java.util.ResourceBundle$ResourceBundleProviderHelper.newResourceBundle;3586;isAccessible=true;
Constructor.newInstance;<sun.text.resources.cldr.FormatData_en: void <init>()>;java.util.ResourceBundle$ResourceBundleProviderHelper.newResourceBundle;3586;isAccessible=true;
Constructor.newInstance;<sun.util.cldr.CLDRLocaleProviderAdapter$$Lambda$51: void <init>()>;java.lang.invoke.InnerClassLambdaMetafactory.buildCallSite;261;isAccessible=true;
Constructor.newInstance;<sun.util.cldr.CLDRLocaleProviderAdapter: void <init>()>;sun.util.locale.provider.LocaleProviderAdapter.forType;188;isAccessible=false;
Constructor.newInstance;<sun.util.locale.provider.JRELocaleProviderAdapter: void <init>()>;sun.util.locale.provider.LocaleProviderAdapter.forType;188;isAccessible=false;
Constructor.newInstance;<sun.util.logging.internal.LoggingProviderImpl: void <init>()>;java.util.ServiceLoader$ProviderImpl.newInstance;789;isAccessible=true;
Constructor.newInstance;<sun.util.resources.TimeZoneNames: void <init>()>;java.util.ResourceBundle$ResourceBundleProviderHelper.newResourceBundle;3586;isAccessible=true;
Constructor.newInstance;<sun.util.resources.TimeZoneNames_en: void <init>()>;java.util.ResourceBundle$ResourceBundleProviderHelper.newResourceBundle;3586;isAccessible=true;
Constructor.newInstance;<sun.util.resources.cldr.CalendarData: void <init>()>;java.util.ResourceBundle$ResourceBundleProviderHelper.newResourceBundle;3586;isAccessible=true;
Constructor.newInstance;<sun.util.resources.cldr.TimeZoneNames: void <init>()>;java.util.ResourceBundle$ResourceBundleProviderHelper.newResourceBundle;3586;isAccessible=true;
Constructor.newInstance;<sun.util.resources.cldr.TimeZoneNames_en: void <init>()>;java.util.ResourceBundle$ResourceBundleProviderHelper.newResourceBundle;3586;isAccessible=true;
Constructor.newInstance;<sun.util.resources.cldr.provider.CLDRLocaleDataMetaInfo: void <init>()>;java.util.ServiceLoader$ProviderImpl.newInstance;789;isAccessible=true;
Constructor.newInstance;<sun.util.resources.provider.LocaleDataProvider: void <init>()>;java.util.ServiceLoader$ProviderImpl.newInstance;789;isAccessible=true;
Constructor.newInstance;<sun.util.resources.provider.NonBaseLocaleDataMetaInfo: void <init>()>;java.util.ServiceLoader$ProviderImpl.newInstance;789;isAccessible=true;
Field.get*;<java.net.URL: java.lang.Object streamHandlerLock>;org.eclipse.osgi.internal.url.EquinoxFactoryManager.getURLStreamHandlerFactoryLock;109;isAccessible=true;
Field.get*;<java.net.URL: java.net.URLStreamHandlerFactory factory>;org.eclipse.osgi.internal.url.EquinoxFactoryManager.uninstallURLStreamHandlerFactory;190;isAccessible=true;
Field.get*;<java.net.URL: java.util.Hashtable handlers>;org.eclipse.osgi.internal.url.EquinoxFactoryManager.resetURLStreamHandlers;98;isAccessible=true;
Field.get*;<java.net.URLConnection: java.net.ContentHandlerFactory factory>;org.eclipse.osgi.internal.url.EquinoxFactoryManager.uninstallContentHandlerFactory;221;isAccessible=true;
Field.get*;<java.net.URLConnection: java.util.Hashtable handlers>;org.eclipse.osgi.internal.url.EquinoxFactoryManager.resetContentHandlers;169;isAccessible=true;
Field.get*;<org.eclipse.core.internal.runtime.CommonMessages: java.lang.String ok>;org.eclipse.core.internal.runtime.LocalizationUtils.safeLocalize;42;isAccessible=false;
Field.get*;<org.eclipse.jdt.internal.compiler.util.Messages: java.lang.String abort_againstSourceModel>;org.eclipse.jdt.internal.compiler.util.Messages.initializeMessages;220;isAccessible=false;
Field.get*;<org.eclipse.jdt.internal.compiler.util.Messages: java.lang.String abort_externaAnnotationFile>;org.eclipse.jdt.internal.compiler.util.Messages.initializeMessages;220;isAccessible=false;
Field.get*;<org.eclipse.jdt.internal.compiler.util.Messages: java.lang.String abort_invalidAttribute>;org.eclipse.jdt.internal.compiler.util.Messages.initializeMessages;220;isAccessible=false;
Field.get*;<org.eclipse.jdt.internal.compiler.util.Messages: java.lang.String abort_invalidExceptionAttribute>;org.eclipse.jdt.internal.compiler.util.Messages.initializeMessages;220;isAccessible=false;
Field.get*;<org.eclipse.jdt.internal.compiler.util.Messages: java.lang.String abort_invalidOpcode>;org.eclipse.jdt.internal.compiler.util.Messages.initializeMessages;220;isAccessible=false;
Field.get*;<org.eclipse.jdt.internal.compiler.util.Messages: java.lang.String abort_missingCode>;org.eclipse.jdt.internal.compiler.util.Messages.initializeMessages;220;isAccessible=false;
Field.get*;<org.eclipse.jdt.internal.compiler.util.Messages: java.lang.String accept_cannot>;org.eclipse.jdt.internal.compiler.util.Messages.initializeMessages;220;isAccessible=false;
Field.get*;<org.eclipse.jdt.internal.compiler.util.Messages: java.lang.String ast_missingCode>;org.eclipse.jdt.internal.compiler.util.Messages.initializeMessages;220;isAccessible=false;
Field.get*;<org.eclipse.jdt.internal.compiler.util.Messages: java.lang.String compilation_beginningToCompile>;org.eclipse.jdt.internal.compiler.util.Messages.initializeMessages;220;isAccessible=false;
Field.get*;<org.eclipse.jdt.internal.compiler.util.Messages: java.lang.String compilation_done>;org.eclipse.jdt.internal.compiler.util.Messages.initializeMessages;220;isAccessible=false;
Field.get*;<org.eclipse.jdt.internal.compiler.util.Messages: java.lang.String compilation_internalError>;org.eclipse.jdt.internal.compiler.util.Messages.initializeMessages;220;isAccessible=false;
Field.get*;<org.eclipse.jdt.internal.compiler.util.Messages: java.lang.String compilation_loadBinary>;org.eclipse.jdt.internal.compiler.util.Messages.initializeMessages;220;isAccessible=false;
Field.get*;<org.eclipse.jdt.internal.compiler.util.Messages: java.lang.String compilation_process>;org.eclipse.jdt.internal.compiler.util.Messages.initializeMessages;220;isAccessible=false;
Field.get*;<org.eclipse.jdt.internal.compiler.util.Messages: java.lang.String compilation_processing>;org.eclipse.jdt.internal.compiler.util.Messages.initializeMessages;220;isAccessible=false;
Field.get*;<org.eclipse.jdt.internal.compiler.util.Messages: java.lang.String compilation_request>;org.eclipse.jdt.internal.compiler.util.Messages.initializeMessages;220;isAccessible=false;
Field.get*;<org.eclipse.jdt.internal.compiler.util.Messages: java.lang.String compilation_unit>;org.eclipse.jdt.internal.compiler.util.Messages.initializeMessages;220;isAccessible=false;
Field.get*;<org.eclipse.jdt.internal.compiler.util.Messages: java.lang.String compilation_units>;org.eclipse.jdt.internal.compiler.util.Messages.initializeMessages;220;isAccessible=false;
Field.get*;<org.eclipse.jdt.internal.compiler.util.Messages: java.lang.String compilation_unresolvedProblem>;org.eclipse.jdt.internal.compiler.util.Messages.initializeMessages;220;isAccessible=false;
Field.get*;<org.eclipse.jdt.internal.compiler.util.Messages: java.lang.String compilation_unresolvedProblems>;org.eclipse.jdt.internal.compiler.util.Messages.initializeMessages;220;isAccessible=false;
Field.get*;<org.eclipse.jdt.internal.compiler.util.Messages: java.lang.String compilation_write>;org.eclipse.jdt.internal.compiler.util.Messages.initializeMessages;220;isAccessible=false;
Field.get*;<org.eclipse.jdt.internal.compiler.util.Messages: java.lang.String constant_cannotCastedInto>;org.eclipse.jdt.internal.compiler.util.Messages.initializeMessages;220;isAccessible=false;
Field.get*;<org.eclipse.jdt.internal.compiler.util.Messages: java.lang.String constant_cannotConvertedTo>;org.eclipse.jdt.internal.compiler.util.Messages.initializeMessages;220;isAccessible=false;
Field.get*;<org.eclipse.jdt.internal.compiler.util.Messages: java.lang.String output_isFile>;org.eclipse.jdt.internal.compiler.util.Messages.initializeMessages;220;isAccessible=false;
Field.get*;<org.eclipse.jdt.internal.compiler.util.Messages: java.lang.String output_notValid>;org.eclipse.jdt.internal.compiler.util.Messages.initializeMessages;220;isAccessible=false;
Field.get*;<org.eclipse.jdt.internal.compiler.util.Messages: java.lang.String output_notValidAll>;org.eclipse.jdt.internal.compiler.util.Messages.initializeMessages;220;isAccessible=false;
Field.get*;<org.eclipse.jdt.internal.compiler.util.Messages: java.lang.String parser_corruptedFile>;org.eclipse.jdt.internal.compiler.util.Messages.initializeMessages;220;isAccessible=false;
Field.get*;<org.eclipse.jdt.internal.compiler.util.Messages: java.lang.String parser_endOfConstructor>;org.eclipse.jdt.internal.compiler.util.Messages.initializeMessages;220;isAccessible=false;
Field.get*;<org.eclipse.jdt.internal.compiler.util.Messages: java.lang.String parser_endOfFile>;org.eclipse.jdt.internal.compiler.util.Messages.initializeMessages;220;isAccessible=false;
Field.get*;<org.eclipse.jdt.internal.compiler.util.Messages: java.lang.String parser_endOfInitializer>;org.eclipse.jdt.internal.compiler.util.Messages.initializeMessages;220;isAccessible=false;
Field.get*;<org.eclipse.jdt.internal.compiler.util.Messages: java.lang.String parser_endOfMethod>;org.eclipse.jdt.internal.compiler.util.Messages.initializeMessages;220;isAccessible=false;
Field.get*;<org.eclipse.jdt.internal.compiler.util.Messages: java.lang.String parser_incorrectPath>;org.eclipse.jdt.internal.compiler.util.Messages.initializeMessages;220;isAccessible=false;
Field.get*;<org.eclipse.jdt.internal.compiler.util.Messages: java.lang.String parser_missingFile>;org.eclipse.jdt.internal.compiler.util.Messages.initializeMessages;220;isAccessible=false;
Field.get*;<org.eclipse.jdt.internal.compiler.util.Messages: java.lang.String parser_moveFiles>;org.eclipse.jdt.internal.compiler.util.Messages.initializeMessages;220;isAccessible=false;
Field.get*;<org.eclipse.jdt.internal.compiler.util.Messages: java.lang.String parser_regularParse>;org.eclipse.jdt.internal.compiler.util.Messages.initializeMessages;220;isAccessible=false;
Field.get*;<org.eclipse.jdt.internal.compiler.util.Messages: java.lang.String parser_syntaxRecovery>;org.eclipse.jdt.internal.compiler.util.Messages.initializeMessages;220;isAccessible=false;
Field.get*;<org.eclipse.jdt.internal.compiler.util.Messages: java.lang.String pattern_matching_instanceof>;org.eclipse.jdt.internal.compiler.util.Messages.initializeMessages;220;isAccessible=false;
Field.get*;<org.eclipse.jdt.internal.compiler.util.Messages: java.lang.String pattern_matching_switch>;org.eclipse.jdt.internal.compiler.util.Messages.initializeMessages;220;isAccessible=false;
Field.get*;<org.eclipse.jdt.internal.compiler.util.Messages: java.lang.String problem_atLine>;org.eclipse.jdt.internal.compiler.util.Messages.initializeMessages;220;isAccessible=false;
Field.get*;<org.eclipse.jdt.internal.compiler.util.Messages: java.lang.String problem_noSourceInformation>;org.eclipse.jdt.internal.compiler.util.Messages.initializeMessages;220;isAccessible=false;
Field.get*;<org.eclipse.jdt.internal.compiler.util.Messages: java.lang.String record_patterns>;org.eclipse.jdt.internal.compiler.util.Messages.initializeMessages;220;isAccessible=false;
Field.get*;<org.eclipse.jdt.internal.compiler.util.Messages: java.lang.String records>;org.eclipse.jdt.internal.compiler.util.Messages.initializeMessages;220;isAccessible=false;
Field.get*;<org.eclipse.jdt.internal.compiler.util.Messages: java.lang.String sealed_types>;org.eclipse.jdt.internal.compiler.util.Messages.initializeMessages;220;isAccessible=false;
Field.get*;<org.eclipse.jdt.internal.compiler.util.Messages: java.lang.String switch_expression>;org.eclipse.jdt.internal.compiler.util.Messages.initializeMessages;220;isAccessible=false;
Field.get*;<org.eclipse.jdt.internal.compiler.util.Messages: java.lang.String text_block>;org.eclipse.jdt.internal.compiler.util.Messages.initializeMessages;220;isAccessible=false;
Field.get*;<org.eclipse.osgi.internal.framework.BundleContextImpl: org.osgi.framework.BundleActivator activator>;org.eclipse.core.internal.preferences.legacy.InitLegacyPreferences.getActivator;82;isAccessible=true;
Field.get*;<sun.misc.Unsafe: sun.misc.Unsafe theUnsafe>;org.eclipse.osgi.internal.url.MultiplexingFactory.<clinit>;66;isAccessible=true;
Field.set*;<java.net.URL: java.net.URLStreamHandlerFactory factory>;org.eclipse.osgi.internal.url.EquinoxFactoryManager.uninstallURLStreamHandlerFactory;197;isAccessible=true;
Field.set*;<java.net.URLConnection: java.net.ContentHandlerFactory factory>;org.eclipse.osgi.internal.url.EquinoxFactoryManager.uninstallContentHandlerFactory;230;isAccessible=true;
Field.set*;<org.eclipse.core.internal.filesystem.Messages: java.lang.String copying>;org.eclipse.osgi.util.NLS$MessagesProperties.put;470;isAccessible=false;
Field.set*;<org.eclipse.core.internal.filesystem.Messages: java.lang.String couldNotLoadLibrary>;org.eclipse.osgi.util.NLS$MessagesProperties.put;470;isAccessible=false;
Field.set*;<org.eclipse.core.internal.filesystem.Messages: java.lang.String couldNotMove>;org.eclipse.osgi.util.NLS$MessagesProperties.put;470;isAccessible=false;
Field.set*;<org.eclipse.core.internal.filesystem.Messages: java.lang.String couldNotRead>;org.eclipse.osgi.util.NLS$MessagesProperties.put;470;isAccessible=false;
Field.set*;<org.eclipse.core.internal.filesystem.Messages: java.lang.String couldNotWrite>;org.eclipse.osgi.util.NLS$MessagesProperties.put;470;isAccessible=false;
Field.set*;<org.eclipse.core.internal.filesystem.Messages: java.lang.String couldnotDelete>;org.eclipse.osgi.util.NLS$MessagesProperties.put;470;isAccessible=false;
Field.set*;<org.eclipse.core.internal.filesystem.Messages: java.lang.String couldnotDeleteReadOnly>;org.eclipse.osgi.util.NLS$MessagesProperties.put;470;isAccessible=false;
Field.set*;<org.eclipse.core.internal.filesystem.Messages: java.lang.String deleteProblem>;org.eclipse.osgi.util.NLS$MessagesProperties.put;470;isAccessible=false;
Field.set*;<org.eclipse.core.internal.filesystem.Messages: java.lang.String deleting>;org.eclipse.osgi.util.NLS$MessagesProperties.put;470;isAccessible=false;
Field.set*;<org.eclipse.core.internal.filesystem.Messages: java.lang.String failedCreateAccessDenied>;org.eclipse.osgi.util.NLS$MessagesProperties.put;470;isAccessible=false;
Field.set*;<org.eclipse.core.internal.filesystem.Messages: java.lang.String failedCreateWrongType>;org.eclipse.osgi.util.NLS$MessagesProperties.put;470;isAccessible=false;
Field.set*;<org.eclipse.core.internal.filesystem.Messages: java.lang.String failedMove>;org.eclipse.osgi.util.NLS$MessagesProperties.put;470;isAccessible=false;
Field.set*;<org.eclipse.core.internal.filesystem.Messages: java.lang.String failedReadDuringWrite>;org.eclipse.osgi.util.NLS$MessagesProperties.put;470;isAccessible=false;
Field.set*;<org.eclipse.core.internal.filesystem.Messages: java.lang.String fileExists>;org.eclipse.osgi.util.NLS$MessagesProperties.put;470;isAccessible=false;
Field.set*;<org.eclipse.core.internal.filesystem.Messages: java.lang.String fileNotFound>;org.eclipse.osgi.util.NLS$MessagesProperties.put;470;isAccessible=false;
Field.set*;<org.eclipse.core.internal.filesystem.Messages: java.lang.String moving>;org.eclipse.osgi.util.NLS$MessagesProperties.put;470;isAccessible=false;
Field.set*;<org.eclipse.core.internal.filesystem.Messages: java.lang.String noFileSystem>;org.eclipse.osgi.util.NLS$MessagesProperties.put;470;isAccessible=false;
Field.set*;<org.eclipse.core.internal.filesystem.Messages: java.lang.String noImplDelete>;org.eclipse.osgi.util.NLS$MessagesProperties.put;470;isAccessible=false;
Field.set*;<org.eclipse.core.internal.filesystem.Messages: java.lang.String noImplWrite>;org.eclipse.osgi.util.NLS$MessagesProperties.put;470;isAccessible=false;
Field.set*;<org.eclipse.core.internal.filesystem.Messages: java.lang.String noScheme>;org.eclipse.osgi.util.NLS$MessagesProperties.put;470;isAccessible=false;
Field.set*;<org.eclipse.core.internal.filesystem.Messages: java.lang.String notAFile>;org.eclipse.osgi.util.NLS$MessagesProperties.put;470;isAccessible=false;
Field.set*;<org.eclipse.core.internal.filesystem.Messages: java.lang.String readOnlyParent>;org.eclipse.osgi.util.NLS$MessagesProperties.put;470;isAccessible=false;
Field.set*;<org.eclipse.core.internal.jobs.JobMessages: java.lang.String jobs_blocked0>;org.eclipse.osgi.util.NLS$MessagesProperties.put;470;isAccessible=false;
Field.set*;<org.eclipse.core.internal.jobs.JobMessages: java.lang.String jobs_blocked1>;org.eclipse.osgi.util.NLS$MessagesProperties.put;470;isAccessible=false;
Field.set*;<org.eclipse.core.internal.jobs.JobMessages: java.lang.String jobs_internalError>;org.eclipse.osgi.util.NLS$MessagesProperties.put;470;isAccessible=false;
Field.set*;<org.eclipse.core.internal.jobs.JobMessages: java.lang.String jobs_returnNoStatus>;org.eclipse.osgi.util.NLS$MessagesProperties.put;470;isAccessible=false;
Field.set*;<org.eclipse.core.internal.jobs.JobMessages: java.lang.String jobs_waitFamSub>;org.eclipse.osgi.util.NLS$MessagesProperties.put;470;isAccessible=false;
Field.set*;<org.eclipse.core.internal.jobs.JobMessages: java.lang.String jobs_waitFamSubOne>;org.eclipse.osgi.util.NLS$MessagesProperties.put;470;isAccessible=false;
Field.set*;<org.eclipse.core.internal.jobs.JobMessages: java.lang.String meta_pluginProblems>;org.eclipse.osgi.util.NLS$MessagesProperties.put;470;isAccessible=false;
Field.set*;<org.eclipse.core.internal.registry.RegistryMessages: java.lang.String adapters_badAdapterFactory>;org.eclipse.osgi.util.NLS$MessagesProperties.put;470;isAccessible=false;
Field.set*;<org.eclipse.core.internal.registry.RegistryMessages: java.lang.String adapters_cantInstansiate>;org.eclipse.osgi.util.NLS$MessagesProperties.put;470;isAccessible=false;
Field.set*;<org.eclipse.core.internal.registry.RegistryMessages: java.lang.String bundle_not_activated>;org.eclipse.osgi.util.NLS$MessagesProperties.put;470;isAccessible=false;
Field.set*;<org.eclipse.core.internal.registry.RegistryMessages: java.lang.String create_failedExtensionPoint>;org.eclipse.osgi.util.NLS$MessagesProperties.put;470;isAccessible=false;
Field.set*;<org.eclipse.core.internal.registry.RegistryMessages: java.lang.String exExt_extDefNotFound>;org.eclipse.osgi.util.NLS$MessagesProperties.put;470;isAccessible=false;
Field.set*;<org.eclipse.core.internal.registry.RegistryMessages: java.lang.String exExt_findClassError>;org.eclipse.osgi.util.NLS$MessagesProperties.put;470;isAccessible=false;
Field.set*;<org.eclipse.core.internal.registry.RegistryMessages: java.lang.String exExt_initObjectError>;org.eclipse.osgi.util.NLS$MessagesProperties.put;470;isAccessible=false;
Field.set*;<org.eclipse.core.internal.registry.RegistryMessages: java.lang.String exExt_instantiateClassError>;org.eclipse.osgi.util.NLS$MessagesProperties.put;470;isAccessible=false;
Field.set*;<org.eclipse.core.internal.registry.RegistryMessages: java.lang.String log_error>;org.eclipse.osgi.util.NLS$MessagesProperties.put;470;isAccessible=false;
Field.set*;<org.eclipse.core.internal.registry.RegistryMessages: java.lang.String log_log>;org.eclipse.osgi.util.NLS$MessagesProperties.put;470;isAccessible=false;
Field.set*;<org.eclipse.core.internal.registry.RegistryMessages: java.lang.String log_warning>;org.eclipse.osgi.util.NLS$MessagesProperties.put;470;isAccessible=false;
Field.set*;<org.eclipse.core.internal.registry.RegistryMessages: java.lang.String meta_regCacheIOExceptionReading>;org.eclipse.osgi.util.NLS$MessagesProperties.put;470;isAccessible=false;
Field.set*;<org.eclipse.core.internal.registry.RegistryMessages: java.lang.String meta_registryCacheInconsistent>;org.eclipse.osgi.util.NLS$MessagesProperties.put;470;isAccessible=false;
Field.set*;<org.eclipse.core.internal.registry.RegistryMessages: java.lang.String meta_registryCacheReadProblems>;org.eclipse.osgi.util.NLS$MessagesProperties.put;470;isAccessible=false;
Field.set*;<org.eclipse.core.internal.registry.RegistryMessages: java.lang.String meta_registryCacheWriteProblems>;org.eclipse.osgi.util.NLS$MessagesProperties.put;470;isAccessible=false;
Field.set*;<org.eclipse.core.internal.registry.RegistryMessages: java.lang.String meta_unableToCreateCache>;org.eclipse.osgi.util.NLS$MessagesProperties.put;470;isAccessible=false;
Field.set*;<org.eclipse.core.internal.registry.RegistryMessages: java.lang.String meta_unableToReadCache>;org.eclipse.osgi.util.NLS$MessagesProperties.put;470;isAccessible=false;
Field.set*;<org.eclipse.core.internal.registry.RegistryMessages: java.lang.String parse_duplicateExtension>;org.eclipse.osgi.util.NLS$MessagesProperties.put;470;isAccessible=false;
Field.set*;<org.eclipse.core.internal.registry.RegistryMessages: java.lang.String parse_duplicateExtensionPoint>;org.eclipse.osgi.util.NLS$MessagesProperties.put;470;isAccessible=false;
Field.set*;<org.eclipse.core.internal.registry.RegistryMessages: java.lang.String parse_error>;org.eclipse.osgi.util.NLS$MessagesProperties.put;470;isAccessible=false;
Field.set*;<org.eclipse.core.internal.registry.RegistryMessages: java.lang.String parse_errorNameLineColumn>;org.eclipse.osgi.util.NLS$MessagesProperties.put;470;isAccessible=false;
Field.set*;<org.eclipse.core.internal.registry.RegistryMessages: java.lang.String parse_failedParsingManifest>;org.eclipse.osgi.util.NLS$MessagesProperties.put;470;isAccessible=false;
Field.set*;<org.eclipse.core.internal.registry.RegistryMessages: java.lang.String parse_internalStack>;org.eclipse.osgi.util.NLS$MessagesProperties.put;470;isAccessible=false;
Field.set*;<org.eclipse.core.internal.registry.RegistryMessages: java.lang.String parse_missingAttribute>;org.eclipse.osgi.util.NLS$MessagesProperties.put;470;isAccessible=false;
Field.set*;<org.eclipse.core.internal.registry.RegistryMessages: java.lang.String parse_missingAttributeLine>;org.eclipse.osgi.util.NLS$MessagesProperties.put;470;isAccessible=false;
Field.set*;<org.eclipse.core.internal.registry.RegistryMessages: java.lang.String parse_nonSingleton>;org.eclipse.osgi.util.NLS$MessagesProperties.put;470;isAccessible=false;
Field.set*;<org.eclipse.core.internal.registry.RegistryMessages: java.lang.String parse_nonSingletonFragment>;org.eclipse.osgi.util.NLS$MessagesProperties.put;470;isAccessible=false;
Field.set*;<org.eclipse.core.internal.registry.RegistryMessages: java.lang.String parse_problems>;org.eclipse.osgi.util.NLS$MessagesProperties.put;470;isAccessible=false;
Field.set*;<org.eclipse.core.internal.registry.RegistryMessages: java.lang.String parse_process>;org.eclipse.osgi.util.NLS$MessagesProperties.put;470;isAccessible=false;
Field.set*;<org.eclipse.core.internal.registry.RegistryMessages: java.lang.String parse_unknownAttribute>;org.eclipse.osgi.util.NLS$MessagesProperties.put;470;isAccessible=false;
Field.set*;<org.eclipse.core.internal.registry.RegistryMessages: java.lang.String parse_unknownAttributeLine>;org.eclipse.osgi.util.NLS$MessagesProperties.put;470;isAccessible=false;
Field.set*;<org.eclipse.core.internal.registry.RegistryMessages: java.lang.String parse_unknownElement>;org.eclipse.osgi.util.NLS$MessagesProperties.put;470;isAccessible=false;
Field.set*;<org.eclipse.core.internal.registry.RegistryMessages: java.lang.String parse_unknownElementLine>;org.eclipse.osgi.util.NLS$MessagesProperties.put;470;isAccessible=false;
Field.set*;<org.eclipse.core.internal.registry.RegistryMessages: java.lang.String parse_unknownTopElement>;org.eclipse.osgi.util.NLS$MessagesProperties.put;470;isAccessible=false;
Field.set*;<org.eclipse.core.internal.registry.RegistryMessages: java.lang.String parse_xmlParserNotAvailable>;org.eclipse.osgi.util.NLS$MessagesProperties.put;470;isAccessible=false;
Field.set*;<org.eclipse.core.internal.registry.RegistryMessages: java.lang.String plugin_eventListenerError>;org.eclipse.osgi.util.NLS$MessagesProperties.put;470;isAccessible=false;
Field.set*;<org.eclipse.core.internal.registry.RegistryMessages: java.lang.String plugin_initObjectError>;org.eclipse.osgi.util.NLS$MessagesProperties.put;470;isAccessible=false;
Field.set*;<org.eclipse.core.internal.registry.RegistryMessages: java.lang.String plugin_instantiateClassError>;org.eclipse.osgi.util.NLS$MessagesProperties.put;470;isAccessible=false;
Field.set*;<org.eclipse.core.internal.registry.RegistryMessages: java.lang.String plugin_loadClassError>;org.eclipse.osgi.util.NLS$MessagesProperties.put;470;isAccessible=false;
Field.set*;<org.eclipse.core.internal.registry.RegistryMessages: java.lang.String registry_bad_cache>;org.eclipse.osgi.util.NLS$MessagesProperties.put;470;isAccessible=false;
Field.set*;<org.eclipse.core.internal.registry.RegistryMessages: java.lang.String registry_default_exists>;org.eclipse.osgi.util.NLS$MessagesProperties.put;470;isAccessible=false;
Field.set*;<org.eclipse.core.internal.registry.RegistryMessages: java.lang.String registry_no_default>;org.eclipse.osgi.util.NLS$MessagesProperties.put;470;isAccessible=false;
Field.set*;<org.eclipse.core.internal.registry.RegistryMessages: java.lang.String registry_non_multi_lang>;org.eclipse.osgi.util.NLS$MessagesProperties.put;470;isAccessible=false;
Field.set*;<org.eclipse.core.internal.resources.CheckMissingNaturesListener: org.eclipse.core.resources.IWorkspace workspace>;org.apache.felix.scr.impl.inject.field.FieldHandler.setFieldValue;326;isAccessible=true;
Field.set*;<org.eclipse.core.internal.resources.CheckMissingNaturesListener: org.eclipse.core.runtime.ILog log>;org.apache.felix.scr.impl.inject.field.FieldHandler.setFieldValue;326;isAccessible=true;
Field.set*;<org.eclipse.core.internal.resources.CheckMissingNaturesListener: org.eclipse.core.runtime.preferences.IScopeContext bundleScope>;org.apache.felix.scr.impl.inject.field.FieldHandler.setFieldValue;326;isAccessible=true;
Field.set*;<org.eclipse.core.internal.runtime.CommonMessages: java.lang.String activator_not_available>;org.eclipse.osgi.util.NLS$MessagesProperties.put;470;isAccessible=false;
Field.set*;<org.eclipse.core.internal.runtime.CommonMessages: java.lang.String activator_resourceBundleNotFound>;org.eclipse.osgi.util.NLS$MessagesProperties.put;470;isAccessible=false;
Field.set*;<org.eclipse.core.internal.runtime.CommonMessages: java.lang.String activator_resourceBundleNotStarted>;org.eclipse.osgi.util.NLS$MessagesProperties.put;470;isAccessible=false;
Field.set*;<org.eclipse.core.internal.runtime.CommonMessages: java.lang.String adapters_internal_error_of>;org.eclipse.osgi.util.NLS$MessagesProperties.put;470;isAccessible=false;
Field.set*;<org.eclipse.core.internal.runtime.CommonMessages: java.lang.String meta_couldNotCreate>;org.eclipse.osgi.util.NLS$MessagesProperties.put;470;isAccessible=false;
Field.set*;<org.eclipse.core.internal.runtime.CommonMessages: java.lang.String meta_instanceDataUnspecified>;org.eclipse.osgi.util.NLS$MessagesProperties.put;470;isAccessible=false;
Field.set*;<org.eclipse.core.internal.runtime.CommonMessages: java.lang.String meta_noDataModeSpecified>;org.eclipse.osgi.util.NLS$MessagesProperties.put;470;isAccessible=false;
Field.set*;<org.eclipse.core.internal.runtime.CommonMessages: java.lang.String meta_notDir>;org.eclipse.osgi.util.NLS$MessagesProperties.put;470;isAccessible=false;
Field.set*;<org.eclipse.core.internal.runtime.CommonMessages: java.lang.String meta_pluginProblems>;org.eclipse.osgi.util.NLS$MessagesProperties.put;470;isAccessible=false;
Field.set*;<org.eclipse.core.internal.runtime.CommonMessages: java.lang.String meta_readonly>;org.eclipse.osgi.util.NLS$MessagesProperties.put;470;isAccessible=false;
Field.set*;<org.eclipse.core.internal.runtime.CommonMessages: java.lang.String ok>;org.eclipse.osgi.util.NLS$MessagesProperties.put;470;isAccessible=false;
Field.set*;<org.eclipse.core.internal.runtime.CommonMessages: java.lang.String parse_doubleSeparatorVersion>;org.eclipse.osgi.util.NLS$MessagesProperties.put;470;isAccessible=false;
Field.set*;<org.eclipse.core.internal.runtime.CommonMessages: java.lang.String parse_emptyPluginVersion>;org.eclipse.osgi.util.NLS$MessagesProperties.put;470;isAccessible=false;
Field.set*;<org.eclipse.core.internal.runtime.CommonMessages: java.lang.String parse_fourElementPluginVersion>;org.eclipse.osgi.util.NLS$MessagesProperties.put;470;isAccessible=false;
Field.set*;<org.eclipse.core.internal.runtime.CommonMessages: java.lang.String parse_numericMajorComponent>;org.eclipse.osgi.util.NLS$MessagesProperties.put;470;isAccessible=false;
Field.set*;<org.eclipse.core.internal.runtime.CommonMessages: java.lang.String parse_numericMinorComponent>;org.eclipse.osgi.util.NLS$MessagesProperties.put;470;isAccessible=false;
Field.set*;<org.eclipse.core.internal.runtime.CommonMessages: java.lang.String parse_numericServiceComponent>;org.eclipse.osgi.util.NLS$MessagesProperties.put;470;isAccessible=false;
Field.set*;<org.eclipse.core.internal.runtime.CommonMessages: java.lang.String parse_oneElementPluginVersion>;org.eclipse.osgi.util.NLS$MessagesProperties.put;470;isAccessible=false;
Field.set*;<org.eclipse.core.internal.runtime.CommonMessages: java.lang.String parse_postiveMajor>;org.eclipse.osgi.util.NLS$MessagesProperties.put;470;isAccessible=false;
Field.set*;<org.eclipse.core.internal.runtime.CommonMessages: java.lang.String parse_postiveMinor>;org.eclipse.osgi.util.NLS$MessagesProperties.put;470;isAccessible=false;
Field.set*;<org.eclipse.core.internal.runtime.CommonMessages: java.lang.String parse_postiveService>;org.eclipse.osgi.util.NLS$MessagesProperties.put;470;isAccessible=false;
Field.set*;<org.eclipse.core.internal.runtime.CommonMessages: java.lang.String parse_separatorEndVersion>;org.eclipse.osgi.util.NLS$MessagesProperties.put;470;isAccessible=false;
Field.set*;<org.eclipse.core.internal.runtime.CommonMessages: java.lang.String parse_separatorStartVersion>;org.eclipse.osgi.util.NLS$MessagesProperties.put;470;isAccessible=false;
Field.set*;<org.eclipse.core.internal.runtime.CommonMessages: java.lang.String url_badVariant>;org.eclipse.osgi.util.NLS$MessagesProperties.put;470;isAccessible=false;
Field.set*;<org.eclipse.core.internal.runtime.CommonMessages: java.lang.String url_createConnection>;org.eclipse.osgi.util.NLS$MessagesProperties.put;470;isAccessible=false;
Field.set*;<org.eclipse.core.internal.runtime.CommonMessages: java.lang.String url_invalidURL>;org.eclipse.osgi.util.NLS$MessagesProperties.put;470;isAccessible=false;
Field.set*;<org.eclipse.core.internal.runtime.CommonMessages: java.lang.String url_noOutput>;org.eclipse.osgi.util.NLS$MessagesProperties.put;470;isAccessible=false;
Field.set*;<org.eclipse.core.internal.runtime.CommonMessages: java.lang.String url_noaccess>;org.eclipse.osgi.util.NLS$MessagesProperties.put;470;isAccessible=false;
Field.set*;<org.eclipse.core.internal.runtime.CommonMessages: java.lang.String url_resolveFragment>;org.eclipse.osgi.util.NLS$MessagesProperties.put;470;isAccessible=false;
Field.set*;<org.eclipse.core.internal.runtime.CommonMessages: java.lang.String url_resolvePlugin>;org.eclipse.osgi.util.NLS$MessagesProperties.put;470;isAccessible=false;
Field.set*;<org.eclipse.core.internal.runtime.Messages: java.lang.String auth_alreadySpecified>;org.eclipse.osgi.util.NLS$MessagesProperties.put;470;isAccessible=false;
Field.set*;<org.eclipse.core.internal.runtime.Messages: java.lang.String auth_notAvailable>;org.eclipse.osgi.util.NLS$MessagesProperties.put;470;isAccessible=false;
Field.set*;<org.eclipse.core.internal.runtime.Messages: java.lang.String line_separator_platform_unix>;org.eclipse.osgi.util.NLS$MessagesProperties.put;470;isAccessible=false;
Field.set*;<org.eclipse.core.internal.runtime.Messages: java.lang.String line_separator_platform_windows>;org.eclipse.osgi.util.NLS$MessagesProperties.put;470;isAccessible=false;
Field.set*;<org.eclipse.core.internal.runtime.Messages: java.lang.String meta_appNotInit>;org.eclipse.osgi.util.NLS$MessagesProperties.put;470;isAccessible=false;
Field.set*;<org.eclipse.core.internal.runtime.Messages: java.lang.String meta_exceptionParsingLog>;org.eclipse.osgi.util.NLS$MessagesProperties.put;470;isAccessible=false;
Field.set*;<org.eclipse.core.internal.runtime.Messages: java.lang.String parse_badPrereqOnFrag>;org.eclipse.osgi.util.NLS$MessagesProperties.put;470;isAccessible=false;
Field.set*;<org.eclipse.core.internal.runtime.Messages: java.lang.String parse_duplicateFragment>;org.eclipse.osgi.util.NLS$MessagesProperties.put;470;isAccessible=false;
Field.set*;<org.eclipse.core.internal.runtime.Messages: java.lang.String parse_duplicateLib>;org.eclipse.osgi.util.NLS$MessagesProperties.put;470;isAccessible=false;
Field.set*;<org.eclipse.core.internal.runtime.Messages: java.lang.String parse_duplicatePlugin>;org.eclipse.osgi.util.NLS$MessagesProperties.put;470;isAccessible=false;
Field.set*;<org.eclipse.core.internal.runtime.Messages: java.lang.String parse_error>;org.eclipse.osgi.util.NLS$MessagesProperties.put;470;isAccessible=false;
Field.set*;<org.eclipse.core.internal.runtime.Messages: java.lang.String parse_errorNameLineColumn>;org.eclipse.osgi.util.NLS$MessagesProperties.put;470;isAccessible=false;
Field.set*;<org.eclipse.core.internal.runtime.Messages: java.lang.String parse_errorProcessing>;org.eclipse.osgi.util.NLS$MessagesProperties.put;470;isAccessible=false;
Field.set*;<org.eclipse.core.internal.runtime.Messages: java.lang.String parse_extPointDisabled>;org.eclipse.osgi.util.NLS$MessagesProperties.put;470;isAccessible=false;
Field.set*;<org.eclipse.core.internal.runtime.Messages: java.lang.String parse_extPointUnknown>;org.eclipse.osgi.util.NLS$MessagesProperties.put;470;isAccessible=false;
Field.set*;<org.eclipse.core.internal.runtime.Messages: java.lang.String parse_fragmentMissingAttr>;org.eclipse.osgi.util.NLS$MessagesProperties.put;470;isAccessible=false;
Field.set*;<org.eclipse.core.internal.runtime.Messages: java.lang.String parse_fragmentMissingIdName>;org.eclipse.osgi.util.NLS$MessagesProperties.put;470;isAccessible=false;
Field.set*;<org.eclipse.core.internal.runtime.Messages: java.lang.String parse_internalStack>;org.eclipse.osgi.util.NLS$MessagesProperties.put;470;isAccessible=false;
Field.set*;<org.eclipse.core.internal.runtime.Messages: java.lang.String parse_missingFPName>;org.eclipse.osgi.util.NLS$MessagesProperties.put;470;isAccessible=false;
Field.set*;<org.eclipse.core.internal.runtime.Messages: java.lang.String parse_missingFPVersion>;org.eclipse.osgi.util.NLS$MessagesProperties.put;470;isAccessible=false;
Field.set*;<org.eclipse.core.internal.runtime.Messages: java.lang.String parse_missingFragmentPd>;org.eclipse.osgi.util.NLS$MessagesProperties.put;470;isAccessible=false;
Field.set*;<org.eclipse.core.internal.runtime.Messages: java.lang.String parse_missingPluginId>;org.eclipse.osgi.util.NLS$MessagesProperties.put;470;isAccessible=false;
Field.set*;<org.eclipse.core.internal.runtime.Messages: java.lang.String parse_missingPluginName>;org.eclipse.osgi.util.NLS$MessagesProperties.put;470;isAccessible=false;
Field.set*;<org.eclipse.core.internal.runtime.Messages: java.lang.String parse_missingPluginVersion>;org.eclipse.osgi.util.NLS$MessagesProperties.put;470;isAccessible=false;
Field.set*;<org.eclipse.core.internal.runtime.Messages: java.lang.String parse_nullFragmentIdentifier>;org.eclipse.osgi.util.NLS$MessagesProperties.put;470;isAccessible=false;
Field.set*;<org.eclipse.core.internal.runtime.Messages: java.lang.String parse_nullPluginIdentifier>;org.eclipse.osgi.util.NLS$MessagesProperties.put;470;isAccessible=false;
Field.set*;<org.eclipse.core.internal.runtime.Messages: java.lang.String parse_pluginMissingAttr>;org.eclipse.osgi.util.NLS$MessagesProperties.put;470;isAccessible=false;
Field.set*;<org.eclipse.core.internal.runtime.Messages: java.lang.String parse_pluginMissingIdName>;org.eclipse.osgi.util.NLS$MessagesProperties.put;470;isAccessible=false;
Field.set*;<org.eclipse.core.internal.runtime.Messages: java.lang.String parse_prereqDisabled>;org.eclipse.osgi.util.NLS$MessagesProperties.put;470;isAccessible=false;
Field.set*;<org.eclipse.core.internal.runtime.Messages: java.lang.String parse_prereqLoop>;org.eclipse.osgi.util.NLS$MessagesProperties.put;470;isAccessible=false;
Field.set*;<org.eclipse.core.internal.runtime.Messages: java.lang.String parse_prereqOptLoop>;org.eclipse.osgi.util.NLS$MessagesProperties.put;470;isAccessible=false;
Field.set*;<org.eclipse.core.internal.runtime.Messages: java.lang.String parse_unknownAttribute>;org.eclipse.osgi.util.NLS$MessagesProperties.put;470;isAccessible=false;
Field.set*;<org.eclipse.core.internal.runtime.Messages: java.lang.String parse_unknownElement>;org.eclipse.osgi.util.NLS$MessagesProperties.put;470;isAccessible=false;
Field.set*;<org.eclipse.core.internal.runtime.Messages: java.lang.String parse_unknownEntry>;org.eclipse.osgi.util.NLS$MessagesProperties.put;470;isAccessible=false;
Field.set*;<org.eclipse.core.internal.runtime.Messages: java.lang.String parse_unknownLibraryType>;org.eclipse.osgi.util.NLS$MessagesProperties.put;470;isAccessible=false;
Field.set*;<org.eclipse.core.internal.runtime.Messages: java.lang.String parse_unknownTopElement>;org.eclipse.osgi.util.NLS$MessagesProperties.put;470;isAccessible=false;
Field.set*;<org.eclipse.core.internal.runtime.Messages: java.lang.String parse_unsatisfiedOptPrereq>;org.eclipse.osgi.util.NLS$MessagesProperties.put;470;isAccessible=false;
Field.set*;<org.eclipse.core.internal.runtime.Messages: java.lang.String parse_unsatisfiedPrereq>;org.eclipse.osgi.util.NLS$MessagesProperties.put;470;isAccessible=false;
Field.set*;<org.eclipse.core.internal.runtime.Messages: java.lang.String parse_validExport>;org.eclipse.osgi.util.NLS$MessagesProperties.put;470;isAccessible=false;
Field.set*;<org.eclipse.core.internal.runtime.Messages: java.lang.String parse_validMatch>;org.eclipse.osgi.util.NLS$MessagesProperties.put;470;isAccessible=false;
Field.set*;<org.eclipse.core.internal.runtime.Messages: java.lang.String plugin_deactivatedLoad>;org.eclipse.osgi.util.NLS$MessagesProperties.put;470;isAccessible=false;
Field.set*;<org.eclipse.core.internal.runtime.Messages: java.lang.String plugin_instantiateClassError>;org.eclipse.osgi.util.NLS$MessagesProperties.put;470;isAccessible=false;
Field.set*;<org.eclipse.core.internal.runtime.Messages: java.lang.String plugin_loadClassError>;org.eclipse.osgi.util.NLS$MessagesProperties.put;470;isAccessible=false;
Field.set*;<org.eclipse.core.internal.runtime.Messages: java.lang.String plugin_notPluginClass>;org.eclipse.osgi.util.NLS$MessagesProperties.put;470;isAccessible=false;
Field.set*;<org.eclipse.core.internal.runtime.Messages: java.lang.String plugin_pluginDisabled>;org.eclipse.osgi.util.NLS$MessagesProperties.put;470;isAccessible=false;
Field.set*;<org.eclipse.core.internal.runtime.Messages: java.lang.String plugin_shutdownProblems>;org.eclipse.osgi.util.NLS$MessagesProperties.put;470;isAccessible=false;
Field.set*;<org.eclipse.core.internal.runtime.Messages: java.lang.String plugin_startupProblems>;org.eclipse.osgi.util.NLS$MessagesProperties.put;470;isAccessible=false;
Field.set*;<org.eclipse.core.internal.runtime.Messages: java.lang.String plugin_unableToGetActivator>;org.eclipse.osgi.util.NLS$MessagesProperties.put;470;isAccessible=false;
Field.set*;<org.eclipse.core.internal.runtime.Messages: java.lang.String plugin_unableToResolve>;org.eclipse.osgi.util.NLS$MessagesProperties.put;470;isAccessible=false;
Field.set*;<org.eclipse.core.internal.runtime.Messages: java.lang.String preferences_saveProblems>;org.eclipse.osgi.util.NLS$MessagesProperties.put;470;isAccessible=false;
Field.set*;<org.eclipse.core.internal.utils.Messages: java.lang.String WM_beginTask>;org.eclipse.osgi.util.NLS$MessagesProperties.put;470;isAccessible=false;
Field.set*;<org.eclipse.core.internal.utils.Messages: java.lang.String WM_errCloseHandle>;org.eclipse.osgi.util.NLS$MessagesProperties.put;470;isAccessible=false;
Field.set*;<org.eclipse.core.internal.utils.Messages: java.lang.String WM_errCreateHandle>;org.eclipse.osgi.util.NLS$MessagesProperties.put;470;isAccessible=false;
Field.set*;<org.eclipse.core.internal.utils.Messages: java.lang.String WM_errFindChange>;org.eclipse.osgi.util.NLS$MessagesProperties.put;470;isAccessible=false;
Field.set*;<org.eclipse.core.internal.utils.Messages: java.lang.String WM_errors>;org.eclipse.osgi.util.NLS$MessagesProperties.put;470;isAccessible=false;
Field.set*;<org.eclipse.core.internal.utils.Messages: java.lang.String WM_jobName>;org.eclipse.osgi.util.NLS$MessagesProperties.put;470;isAccessible=false;
Field.set*;<org.eclipse.core.internal.utils.Messages: java.lang.String WM_mutexAbandoned>;org.eclipse.osgi.util.NLS$MessagesProperties.put;470;isAccessible=false;
Field.set*;<org.eclipse.core.internal.utils.Messages: java.lang.String WM_nativeErr>;org.eclipse.osgi.util.NLS$MessagesProperties.put;470;isAccessible=false;
Field.set*;<org.eclipse.core.internal.utils.Messages: java.lang.String dtree_immutable>;org.eclipse.osgi.util.NLS$MessagesProperties.put;470;isAccessible=false;
Field.set*;<org.eclipse.core.internal.utils.Messages: java.lang.String dtree_malformedTree>;org.eclipse.osgi.util.NLS$MessagesProperties.put;470;isAccessible=false;
Field.set*;<org.eclipse.core.internal.utils.Messages: java.lang.String dtree_missingChild>;org.eclipse.osgi.util.NLS$MessagesProperties.put;470;isAccessible=false;
Field.set*;<org.eclipse.core.internal.utils.Messages: java.lang.String dtree_notFound>;org.eclipse.osgi.util.NLS$MessagesProperties.put;470;isAccessible=false;
Field.set*;<org.eclipse.core.internal.utils.Messages: java.lang.String dtree_notImmutable>;org.eclipse.osgi.util.NLS$MessagesProperties.put;470;isAccessible=false;
Field.set*;<org.eclipse.core.internal.utils.Messages: java.lang.String dtree_reverse>;org.eclipse.osgi.util.NLS$MessagesProperties.put;470;isAccessible=false;
Field.set*;<org.eclipse.core.internal.utils.Messages: java.lang.String dtree_subclassImplement>;org.eclipse.osgi.util.NLS$MessagesProperties.put;470;isAccessible=false;
Field.set*;<org.eclipse.core.internal.utils.Messages: java.lang.String dtree_switchError>;org.eclipse.osgi.util.NLS$MessagesProperties.put;470;isAccessible=false;
Field.set*;<org.eclipse.core.internal.utils.Messages: java.lang.String events_builderError>;org.eclipse.osgi.util.NLS$MessagesProperties.put;470;isAccessible=false;
Field.set*;<org.eclipse.core.internal.utils.Messages: java.lang.String events_building_0>;org.eclipse.osgi.util.NLS$MessagesProperties.put;470;isAccessible=false;
Field.set*;<org.eclipse.core.internal.utils.Messages: java.lang.String events_building_1>;org.eclipse.osgi.util.NLS$MessagesProperties.put;470;isAccessible=false;
Field.set*;<org.eclipse.core.internal.utils.Messages: java.lang.String events_errors>;org.eclipse.osgi.util.NLS$MessagesProperties.put;470;isAccessible=false;
Field.set*;<org.eclipse.core.internal.utils.Messages: java.lang.String events_instantiate_1>;org.eclipse.osgi.util.NLS$MessagesProperties.put;470;isAccessible=false;
Field.set*;<org.eclipse.core.internal.utils.Messages: java.lang.String events_invoking_1>;org.eclipse.osgi.util.NLS$MessagesProperties.put;470;isAccessible=false;
Field.set*;<org.eclipse.core.internal.utils.Messages: java.lang.String events_invoking_2>;org.eclipse.osgi.util.NLS$MessagesProperties.put;470;isAccessible=false;
Field.set*;<org.eclipse.core.internal.utils.Messages: java.lang.String events_skippingBuilder>;org.eclipse.osgi.util.NLS$MessagesProperties.put;470;isAccessible=false;
Field.set*;<org.eclipse.core.internal.utils.Messages: java.lang.String events_unknown>;org.eclipse.osgi.util.NLS$MessagesProperties.put;470;isAccessible=false;
Field.set*;<org.eclipse.core.internal.utils.Messages: java.lang.String filters_missingFilterType>;org.eclipse.osgi.util.NLS$MessagesProperties.put;470;isAccessible=false;
Field.set*;<org.eclipse.core.internal.utils.Messages: java.lang.String group_invalidParent>;org.eclipse.osgi.util.NLS$MessagesProperties.put;470;isAccessible=false;
Field.set*;<org.eclipse.core.internal.utils.Messages: java.lang.String history_copyToNull>;org.eclipse.osgi.util.NLS$MessagesProperties.put;470;isAccessible=false;
Field.set*;<org.eclipse.core.internal.utils.Messages: java.lang.String history_copyToSelf>;org.eclipse.osgi.util.NLS$MessagesProperties.put;470;isAccessible=false;
Field.set*;<org.eclipse.core.internal.utils.Messages: java.lang.String history_errorContentDescription>;org.eclipse.osgi.util.NLS$MessagesProperties.put;470;isAccessible=false;
Field.set*;<org.eclipse.core.internal.utils.Messages: java.lang.String history_notValid>;org.eclipse.osgi.util.NLS$MessagesProperties.put;470;isAccessible=false;
Field.set*;<org.eclipse.core.internal.utils.Messages: java.lang.String history_problemsCleaning>;org.eclipse.osgi.util.NLS$MessagesProperties.put;470;isAccessible=false;
Field.set*;<org.eclipse.core.internal.utils.Messages: java.lang.String links_creating>;org.eclipse.osgi.util.NLS$MessagesProperties.put;470;isAccessible=false;
Field.set*;<org.eclipse.core.internal.utils.Messages: java.lang.String links_errorLinkReconcile>;org.eclipse.osgi.util.NLS$MessagesProperties.put;470;isAccessible=false;
Field.set*;<org.eclipse.core.internal.utils.Messages: java.lang.String links_invalidLocation>;org.eclipse.osgi.util.NLS$MessagesProperties.put;470;isAccessible=false;
Field.set*;<org.eclipse.core.internal.utils.Messages: java.lang.String links_localDoesNotExist>;org.eclipse.osgi.util.NLS$MessagesProperties.put;470;isAccessible=false;
Field.set*;<org.eclipse.core.internal.utils.Messages: java.lang.String links_locationOverlapsLink>;org.eclipse.osgi.util.NLS$MessagesProperties.put;470;isAccessible=false;
Field.set*;<org.eclipse.core.internal.utils.Messages: java.lang.String links_locationOverlapsProject>;org.eclipse.osgi.util.NLS$MessagesProperties.put;470;isAccessible=false;
Field.set*;<org.eclipse.core.internal.utils.Messages: java.lang.String links_natureVeto>;org.eclipse.osgi.util.NLS$MessagesProperties.put;470;isAccessible=false;
Field.set*;<org.eclipse.core.internal.utils.Messages: java.lang.String links_noPath>;org.eclipse.osgi.util.NLS$MessagesProperties.put;470;isAccessible=false;
Field.set*;<org.eclipse.core.internal.utils.Messages: java.lang.String links_notFileFolder>;org.eclipse.osgi.util.NLS$MessagesProperties.put;470;isAccessible=false;
Field.set*;<org.eclipse.core.internal.utils.Messages: java.lang.String links_overlappingResource>;org.eclipse.osgi.util.NLS$MessagesProperties.put;470;isAccessible=false;
Field.set*;<org.eclipse.core.internal.utils.Messages: java.lang.String links_parentNotAccessible>;org.eclipse.osgi.util.NLS$MessagesProperties.put;470;isAccessible=false;
Field.set*;<org.eclipse.core.internal.utils.Messages: java.lang.String links_resourceIsNotALink>;org.eclipse.osgi.util.NLS$MessagesProperties.put;470;isAccessible=false;
Field.set*;<org.eclipse.core.internal.utils.Messages: java.lang.String links_setLocation>;org.eclipse.osgi.util.NLS$MessagesProperties.put;470;isAccessible=false;
Field.set*;<org.eclipse.core.internal.utils.Messages: java.lang.String links_updatingDuplicate>;org.eclipse.osgi.util.NLS$MessagesProperties.put;470;isAccessible=false;
Field.set*;<org.eclipse.core.internal.utils.Messages: java.lang.String links_vetoNature>;org.eclipse.osgi.util.NLS$MessagesProperties.put;470;isAccessible=false;
Field.set*;<org.eclipse.core.internal.utils.Messages: java.lang.String links_workspaceVeto>;org.eclipse.osgi.util.NLS$MessagesProperties.put;470;isAccessible=false;
Field.set*;<org.eclipse.core.internal.utils.Messages: java.lang.String links_wrongLocalType>;org.eclipse.osgi.util.NLS$MessagesProperties.put;470;isAccessible=false;
Field.set*;<org.eclipse.core.internal.utils.Messages: java.lang.String localstore_copyProblem>;org.eclipse.osgi.util.NLS$MessagesProperties.put;470;isAccessible=false;
Field.set*;<org.eclipse.core.internal.utils.Messages: java.lang.String localstore_copying>;org.eclipse.osgi.util.NLS$MessagesProperties.put;470;isAccessible=false;
Field.set*;<org.eclipse.core.internal.utils.Messages: java.lang.String localstore_couldNotMove>;org.eclipse.osgi.util.NLS$MessagesProperties.put;470;isAccessible=false;
Field.set*;<org.eclipse.core.internal.utils.Messages: java.lang.String localstore_couldNotRead>;org.eclipse.osgi.util.NLS$MessagesProperties.put;470;isAccessible=false;
Field.set*;<org.eclipse.core.internal.utils.Messages: java.lang.String localstore_couldNotWrite>;org.eclipse.osgi.util.NLS$MessagesProperties.put;470;isAccessible=false;
Field.set*;<org.eclipse.core.internal.utils.Messages: java.lang.String localstore_couldNotWriteReadOnly>;org.eclipse.osgi.util.NLS$MessagesProperties.put;470;isAccessible=false;
Field.set*;<org.eclipse.core.internal.utils.Messages: java.lang.String localstore_couldnotDelete>;org.eclipse.osgi.util.NLS$MessagesProperties.put;470;isAccessible=false;
Field.set*;<org.eclipse.core.internal.utils.Messages: java.lang.String localstore_deleteProblem>;org.eclipse.osgi.util.NLS$MessagesProperties.put;470;isAccessible=false;
Field.set*;<org.eclipse.core.internal.utils.Messages: java.lang.String localstore_deleting>;org.eclipse.osgi.util.NLS$MessagesProperties.put;470;isAccessible=false;
Field.set*;<org.eclipse.core.internal.utils.Messages: java.lang.String localstore_failedReadDuringWrite>;org.eclipse.osgi.util.NLS$MessagesProperties.put;470;isAccessible=false;
Field.set*;<org.eclipse.core.internal.utils.Messages: java.lang.String localstore_fileExists>;org.eclipse.osgi.util.NLS$MessagesProperties.put;470;isAccessible=false;
Field.set*;<org.eclipse.core.internal.utils.Messages: java.lang.String localstore_fileNotFound>;org.eclipse.osgi.util.NLS$MessagesProperties.put;470;isAccessible=false;
Field.set*;<org.eclipse.core.internal.utils.Messages: java.lang.String localstore_locationUndefined>;org.eclipse.osgi.util.NLS$MessagesProperties.put;470;isAccessible=false;
Field.set*;<org.eclipse.core.internal.utils.Messages: java.lang.String localstore_refreshing>;org.eclipse.osgi.util.NLS$MessagesProperties.put;470;isAccessible=false;
Field.set*;<org.eclipse.core.internal.utils.Messages: java.lang.String localstore_refreshingRoot>;org.eclipse.osgi.util.NLS$MessagesProperties.put;470;isAccessible=false;
Field.set*;<org.eclipse.core.internal.utils.Messages: java.lang.String localstore_resourceDoesNotExist>;org.eclipse.osgi.util.NLS$MessagesProperties.put;470;isAccessible=false;
Field.set*;<org.eclipse.core.internal.utils.Messages: java.lang.String localstore_resourceExists>;org.eclipse.osgi.util.NLS$MessagesProperties.put;470;isAccessible=false;
Field.set*;<org.eclipse.core.internal.utils.Messages: java.lang.String localstore_resourceIsOutOfSync>;org.eclipse.osgi.util.NLS$MessagesProperties.put;470;isAccessible=false;
Field.set*;<org.eclipse.core.internal.utils.Messages: java.lang.String mapping_invalidDef>;org.eclipse.osgi.util.NLS$MessagesProperties.put;470;isAccessible=false;
Field.set*;<org.eclipse.core.internal.utils.Messages: java.lang.String mapping_multiProblems>;org.eclipse.osgi.util.NLS$MessagesProperties.put;470;isAccessible=false;
Field.set*;<org.eclipse.core.internal.utils.Messages: java.lang.String mapping_noIdentifier>;org.eclipse.osgi.util.NLS$MessagesProperties.put;470;isAccessible=false;
Field.set*;<org.eclipse.core.internal.utils.Messages: java.lang.String mapping_validate>;org.eclipse.osgi.util.NLS$MessagesProperties.put;470;isAccessible=false;
Field.set*;<org.eclipse.core.internal.utils.Messages: java.lang.String mapping_wrongType>;org.eclipse.osgi.util.NLS$MessagesProperties.put;470;isAccessible=false;
Field.set*;<org.eclipse.core.internal.utils.Messages: java.lang.String natures_duplicateNature>;org.eclipse.osgi.util.NLS$MessagesProperties.put;470;isAccessible=false;
Field.set*;<org.eclipse.core.internal.utils.Messages: java.lang.String natures_hasCycle>;org.eclipse.osgi.util.NLS$MessagesProperties.put;470;isAccessible=false;
Field.set*;<org.eclipse.core.internal.utils.Messages: java.lang.String natures_invalidDefinition>;org.eclipse.osgi.util.NLS$MessagesProperties.put;470;isAccessible=false;
Field.set*;<org.eclipse.core.internal.utils.Messages: java.lang.String natures_invalidRemoval>;org.eclipse.osgi.util.NLS$MessagesProperties.put;470;isAccessible=false;
Field.set*;<org.eclipse.core.internal.utils.Messages: java.lang.String natures_invalidSet>;org.eclipse.osgi.util.NLS$MessagesProperties.put;470;isAccessible=false;
Field.set*;<org.eclipse.core.internal.utils.Messages: java.lang.String natures_missingIdentifier>;org.eclipse.osgi.util.NLS$MessagesProperties.put;470;isAccessible=false;
Field.set*;<org.eclipse.core.internal.utils.Messages: java.lang.String natures_missingNature>;org.eclipse.osgi.util.NLS$MessagesProperties.put;470;isAccessible=false;
Field.set*;<org.eclipse.core.internal.utils.Messages: java.lang.String natures_missingPrerequisite>;org.eclipse.osgi.util.NLS$MessagesProperties.put;470;isAccessible=false;
Field.set*;<org.eclipse.core.internal.utils.Messages: java.lang.String natures_multipleSetMembers>;org.eclipse.osgi.util.NLS$MessagesProperties.put;470;isAccessible=false;
Field.set*;<org.eclipse.core.internal.utils.Messages: java.lang.String pathvar_beginLetter>;org.eclipse.osgi.util.NLS$MessagesProperties.put;470;isAccessible=false;
Field.set*;<org.eclipse.core.internal.utils.Messages: java.lang.String pathvar_invalidChar>;org.eclipse.osgi.util.NLS$MessagesProperties.put;470;isAccessible=false;
Field.set*;<org.eclipse.core.internal.utils.Messages: java.lang.String pathvar_invalidValue>;org.eclipse.osgi.util.NLS$MessagesProperties.put;470;isAccessible=false;
Field.set*;<org.eclipse.core.internal.utils.Messages: java.lang.String pathvar_length>;org.eclipse.osgi.util.NLS$MessagesProperties.put;470;isAccessible=false;
Field.set*;<org.eclipse.core.internal.utils.Messages: java.lang.String pathvar_undefined>;org.eclipse.osgi.util.NLS$MessagesProperties.put;470;isAccessible=false;
Field.set*;<org.eclipse.core.internal.utils.Messages: java.lang.String pathvar_whitespace>;org.eclipse.osgi.util.NLS$MessagesProperties.put;470;isAccessible=false;
Field.set*;<org.eclipse.core.internal.utils.Messages: java.lang.String preferences_clearNodeException>;org.eclipse.osgi.util.NLS$MessagesProperties.put;470;isAccessible=false;
Field.set*;<org.eclipse.core.internal.utils.Messages: java.lang.String preferences_deleteException>;org.eclipse.osgi.util.NLS$MessagesProperties.put;470;isAccessible=false;
Field.set*;<org.eclipse.core.internal.utils.Messages: java.lang.String preferences_loadException>;org.eclipse.osgi.util.NLS$MessagesProperties.put;470;isAccessible=false;
Field.set*;<org.eclipse.core.internal.utils.Messages: java.lang.String preferences_operationCanceled>;org.eclipse.osgi.util.NLS$MessagesProperties.put;470;isAccessible=false;
Field.set*;<org.eclipse.core.internal.utils.Messages: java.lang.String preferences_removeNodeException>;org.eclipse.osgi.util.NLS$MessagesProperties.put;470;isAccessible=false;
Field.set*;<org.eclipse.core.internal.utils.Messages: java.lang.String preferences_saveProblems>;org.eclipse.osgi.util.NLS$MessagesProperties.put;470;isAccessible=false;
Field.set*;<org.eclipse.core.internal.utils.Messages: java.lang.String preferences_syncException>;org.eclipse.osgi.util.NLS$MessagesProperties.put;470;isAccessible=false;
Field.set*;<org.eclipse.core.internal.utils.Messages: java.lang.String projRead_badArguments>;org.eclipse.osgi.util.NLS$MessagesProperties.put;470;isAccessible=false;
Field.set*;<org.eclipse.core.internal.utils.Messages: java.lang.String projRead_badFilterID>;org.eclipse.osgi.util.NLS$MessagesProperties.put;470;isAccessible=false;
Field.set*;<org.eclipse.core.internal.utils.Messages: java.lang.String projRead_badFilterName>;org.eclipse.osgi.util.NLS$MessagesProperties.put;470;isAccessible=false;
Field.set*;<org.eclipse.core.internal.utils.Messages: java.lang.String projRead_badFilterType2>;org.eclipse.osgi.util.NLS$MessagesProperties.put;470;isAccessible=false;
Field.set*;<org.eclipse.core.internal.utils.Messages: java.lang.String projRead_badFilterType>;org.eclipse.osgi.util.NLS$MessagesProperties.put;470;isAccessible=false;
Field.set*;<org.eclipse.core.internal.utils.Messages: java.lang.String projRead_badID>;org.eclipse.osgi.util.NLS$MessagesProperties.put;470;isAccessible=false;
Field.set*;<org.eclipse.core.internal.utils.Messages: java.lang.String projRead_badLinkLocation>;org.eclipse.osgi.util.NLS$MessagesProperties.put;470;isAccessible=false;
Field.set*;<org.eclipse.core.internal.utils.Messages: java.lang.String projRead_badLinkName>;org.eclipse.osgi.util.NLS$MessagesProperties.put;470;isAccessible=false;
Field.set*;<org.eclipse.core.internal.utils.Messages: java.lang.String projRead_badLinkType2>;org.eclipse.osgi.util.NLS$MessagesProperties.put;470;isAccessible=false;
Field.set*;<org.eclipse.core.internal.utils.Messages: java.lang.String projRead_badLinkType>;org.eclipse.osgi.util.NLS$MessagesProperties.put;470;isAccessible=false;
Field.set*;<org.eclipse.core.internal.utils.Messages: java.lang.String projRead_badLocation>;org.eclipse.osgi.util.NLS$MessagesProperties.put;470;isAccessible=false;
Field.set*;<org.eclipse.core.internal.utils.Messages: java.lang.String projRead_badSnapshotLocation>;org.eclipse.osgi.util.NLS$MessagesProperties.put;470;isAccessible=false;
Field.set*;<org.eclipse.core.internal.utils.Messages: java.lang.String projRead_cannotReadSnapshot>;org.eclipse.osgi.util.NLS$MessagesProperties.put;470;isAccessible=false;
Field.set*;<org.eclipse.core.internal.utils.Messages: java.lang.String projRead_emptyFilterName>;org.eclipse.osgi.util.NLS$MessagesProperties.put;470;isAccessible=false;
Field.set*;<org.eclipse.core.internal.utils.Messages: java.lang.String projRead_emptyLinkName>;org.eclipse.osgi.util.NLS$MessagesProperties.put;470;isAccessible=false;
Field.set*;<org.eclipse.core.internal.utils.Messages: java.lang.String projRead_emptyVariableName>;org.eclipse.osgi.util.NLS$MessagesProperties.put;470;isAccessible=false;
Field.set*;<org.eclipse.core.internal.utils.Messages: java.lang.String projRead_failureReadingProjectDesc>;org.eclipse.osgi.util.NLS$MessagesProperties.put;470;isAccessible=false;
Field.set*;<org.eclipse.core.internal.utils.Messages: java.lang.String projRead_missingProjectName>;org.eclipse.osgi.util.NLS$MessagesProperties.put;470;isAccessible=false;
Field.set*;<org.eclipse.core.internal.utils.Messages: java.lang.String projRead_notProjectDescription>;org.eclipse.osgi.util.NLS$MessagesProperties.put;470;isAccessible=false;
Field.set*;<org.eclipse.core.internal.utils.Messages: java.lang.String projRead_whichKey>;org.eclipse.osgi.util.NLS$MessagesProperties.put;470;isAccessible=false;
Field.set*;<org.eclipse.core.internal.utils.Messages: java.lang.String projRead_whichValue>;org.eclipse.osgi.util.NLS$MessagesProperties.put;470;isAccessible=false;
Field.set*;<org.eclipse.core.internal.utils.Messages: java.lang.String properties_couldNotClose>;org.eclipse.osgi.util.NLS$MessagesProperties.put;470;isAccessible=false;
Field.set*;<org.eclipse.core.internal.utils.Messages: java.lang.String properties_qualifierIsNull>;org.eclipse.osgi.util.NLS$MessagesProperties.put;470;isAccessible=false;
Field.set*;<org.eclipse.core.internal.utils.Messages: java.lang.String properties_readProperties>;org.eclipse.osgi.util.NLS$MessagesProperties.put;470;isAccessible=false;
Field.set*;<org.eclipse.core.internal.utils.Messages: java.lang.String properties_valueTooLong>;org.eclipse.osgi.util.NLS$MessagesProperties.put;470;isAccessible=false;
Field.set*;<org.eclipse.core.internal.utils.Messages: java.lang.String refresh_installError>;org.eclipse.osgi.util.NLS$MessagesProperties.put;470;isAccessible=false;
Field.set*;<org.eclipse.core.internal.utils.Messages: java.lang.String refresh_installMonitorsOnWorkspace>;org.eclipse.osgi.util.NLS$MessagesProperties.put;470;isAccessible=false;
Field.set*;<org.eclipse.core.internal.utils.Messages: java.lang.String refresh_jobName>;org.eclipse.osgi.util.NLS$MessagesProperties.put;470;isAccessible=false;
Field.set*;<org.eclipse.core.internal.utils.Messages: java.lang.String refresh_pollJob>;org.eclipse.osgi.util.NLS$MessagesProperties.put;470;isAccessible=false;
Field.set*;<org.eclipse.core.internal.utils.Messages: java.lang.String refresh_refreshErr>;org.eclipse.osgi.util.NLS$MessagesProperties.put;470;isAccessible=false;
Field.set*;<org.eclipse.core.internal.utils.Messages: java.lang.String refresh_restoreOnInvalid>;org.eclipse.osgi.util.NLS$MessagesProperties.put;470;isAccessible=false;
Field.set*;<org.eclipse.core.internal.utils.Messages: java.lang.String refresh_task>;org.eclipse.osgi.util.NLS$MessagesProperties.put;470;isAccessible=false;
Field.set*;<org.eclipse.core.internal.utils.Messages: java.lang.String refresh_uninstallMonitorsOnWorkspace>;org.eclipse.osgi.util.NLS$MessagesProperties.put;470;isAccessible=false;
Field.set*;<org.eclipse.core.internal.utils.Messages: java.lang.String resources_cannotModify>;org.eclipse.osgi.util.NLS$MessagesProperties.put;470;isAccessible=false;
Field.set*;<org.eclipse.core.internal.utils.Messages: java.lang.String resources_changeInAdd>;org.eclipse.osgi.util.NLS$MessagesProperties.put;470;isAccessible=false;
Field.set*;<org.eclipse.core.internal.utils.Messages: java.lang.String resources_charsetBroadcasting>;org.eclipse.osgi.util.NLS$MessagesProperties.put;470;isAccessible=false;
Field.set*;<org.eclipse.core.internal.utils.Messages: java.lang.String resources_charsetUpdating>;org.eclipse.osgi.util.NLS$MessagesProperties.put;470;isAccessible=false;
Field.set*;<org.eclipse.core.internal.utils.Messages: java.lang.String resources_checkExplicitEncoding_jobName>;org.eclipse.osgi.util.NLS$MessagesProperties.put;470;isAccessible=false;
Field.set*;<org.eclipse.core.internal.utils.Messages: java.lang.String resources_checkExplicitEncoding_problemText>;org.eclipse.osgi.util.NLS$MessagesProperties.put;470;isAccessible=false;
Field.set*;<org.eclipse.core.internal.utils.Messages: java.lang.String resources_checkExplicitEncoding_taskName>;org.eclipse.osgi.util.NLS$MessagesProperties.put;470;isAccessible=false;
Field.set*;<org.eclipse.core.internal.utils.Messages: java.lang.String resources_closing_0>;org.eclipse.osgi.util.NLS$MessagesProperties.put;470;isAccessible=false;
Field.set*;<org.eclipse.core.internal.utils.Messages: java.lang.String resources_closing_1>;org.eclipse.osgi.util.NLS$MessagesProperties.put;470;isAccessible=false;
Field.set*;<org.eclipse.core.internal.utils.Messages: java.lang.String resources_copyDestNotSub>;org.eclipse.osgi.util.NLS$MessagesProperties.put;470;isAccessible=false;
Field.set*;<org.eclipse.core.internal.utils.Messages: java.lang.String resources_copyNotMet>;org.eclipse.osgi.util.NLS$MessagesProperties.put;470;isAccessible=false;
Field.set*;<org.eclipse.core.internal.utils.Messages: java.lang.String resources_copyProblem>;org.eclipse.osgi.util.NLS$MessagesProperties.put;470;isAccessible=false;
Field.set*;<org.eclipse.core.internal.utils.Messages: java.lang.String resources_copying>;org.eclipse.osgi.util.NLS$MessagesProperties.put;470;isAccessible=false;
Field.set*;<org.eclipse.core.internal.utils.Messages: java.lang.String resources_copying_0>;org.eclipse.osgi.util.NLS$MessagesProperties.put;470;isAccessible=false;
Field.set*;<org.eclipse.core.internal.utils.Messages: java.lang.String resources_couldnotDelete>;org.eclipse.osgi.util.NLS$MessagesProperties.put;470;isAccessible=false;
Field.set*;<org.eclipse.core.internal.utils.Messages: java.lang.String resources_create>;org.eclipse.osgi.util.NLS$MessagesProperties.put;470;isAccessible=false;
Field.set*;<org.eclipse.core.internal.utils.Messages: java.lang.String resources_creating>;org.eclipse.osgi.util.NLS$MessagesProperties.put;470;isAccessible=false;
Field.set*;<org.eclipse.core.internal.utils.Messages: java.lang.String resources_deleteMeta>;org.eclipse.osgi.util.NLS$MessagesProperties.put;470;isAccessible=false;
Field.set*;<org.eclipse.core.internal.utils.Messages: java.lang.String resources_deleteProblem>;org.eclipse.osgi.util.NLS$MessagesProperties.put;470;isAccessible=false;
Field.set*;<org.eclipse.core.internal.utils.Messages: java.lang.String resources_deleting>;org.eclipse.osgi.util.NLS$MessagesProperties.put;470;isAccessible=false;
Field.set*;<org.eclipse.core.internal.utils.Messages: java.lang.String resources_deleting_0>;org.eclipse.osgi.util.NLS$MessagesProperties.put;470;isAccessible=false;
Field.set*;<org.eclipse.core.internal.utils.Messages: java.lang.String resources_destNotNull>;org.eclipse.osgi.util.NLS$MessagesProperties.put;470;isAccessible=false;
Field.set*;<org.eclipse.core.internal.utils.Messages: java.lang.String resources_errorContentDescription>;org.eclipse.osgi.util.NLS$MessagesProperties.put;470;isAccessible=false;
Field.set*;<org.eclipse.core.internal.utils.Messages: java.lang.String resources_errorDeleting>;org.eclipse.osgi.util.NLS$MessagesProperties.put;470;isAccessible=false;
Field.set*;<org.eclipse.core.internal.utils.Messages: java.lang.String resources_errorMarkersDelete>;org.eclipse.osgi.util.NLS$MessagesProperties.put;470;isAccessible=false;
Field.set*;<org.eclipse.core.internal.utils.Messages: java.lang.String resources_errorMarkersMove>;org.eclipse.osgi.util.NLS$MessagesProperties.put;470;isAccessible=false;
Field.set*;<org.eclipse.core.internal.utils.Messages: java.lang.String resources_errorMembers>;org.eclipse.osgi.util.NLS$MessagesProperties.put;470;isAccessible=false;
Field.set*;<org.eclipse.core.internal.utils.Messages: java.lang.String resources_errorMoving>;org.eclipse.osgi.util.NLS$MessagesProperties.put;470;isAccessible=false;
Field.set*;<org.eclipse.core.internal.utils.Messages: java.lang.String resources_errorMultiRefresh>;org.eclipse.osgi.util.NLS$MessagesProperties.put;470;isAccessible=false;
Field.set*;<org.eclipse.core.internal.utils.Messages: java.lang.String resources_errorNature>;org.eclipse.osgi.util.NLS$MessagesProperties.put;470;isAccessible=false;
Field.set*;<org.eclipse.core.internal.utils.Messages: java.lang.String resources_errorPropertiesMove>;org.eclipse.osgi.util.NLS$MessagesProperties.put;470;isAccessible=false;
Field.set*;<org.eclipse.core.internal.utils.Messages: java.lang.String resources_errorReadProject>;org.eclipse.osgi.util.NLS$MessagesProperties.put;470;isAccessible=false;
Field.set*;<org.eclipse.core.internal.utils.Messages: java.lang.String resources_errorRefresh>;org.eclipse.osgi.util.NLS$MessagesProperties.put;470;isAccessible=false;
Field.set*;<org.eclipse.core.internal.utils.Messages: java.lang.String resources_errorResourceIsFiltered>;org.eclipse.osgi.util.NLS$MessagesProperties.put;470;isAccessible=false;
Field.set*;<org.eclipse.core.internal.utils.Messages: java.lang.String resources_errorValidator>;org.eclipse.osgi.util.NLS$MessagesProperties.put;470;isAccessible=false;
Field.set*;<org.eclipse.core.internal.utils.Messages: java.lang.String resources_errorVisiting>;org.eclipse.osgi.util.NLS$MessagesProperties.put;470;isAccessible=false;
Field.set*;<org.eclipse.core.internal.utils.Messages: java.lang.String resources_exMasterTable>;org.eclipse.osgi.util.NLS$MessagesProperties.put;470;isAccessible=false;
Field.set*;<org.eclipse.core.internal.utils.Messages: java.lang.String resources_exReadProjectLocation>;org.eclipse.osgi.util.NLS$MessagesProperties.put;470;isAccessible=false;
Field.set*;<org.eclipse.core.internal.utils.Messages: java.lang.String resources_exSafeRead>;org.eclipse.osgi.util.NLS$MessagesProperties.put;470;isAccessible=false;
Field.set*;<org.eclipse.core.internal.utils.Messages: java.lang.String resources_exSafeSave>;org.eclipse.osgi.util.NLS$MessagesProperties.put;470;isAccessible=false;
Field.set*;<org.eclipse.core.internal.utils.Messages: java.lang.String resources_exSaveMaster>;org.eclipse.osgi.util.NLS$MessagesProperties.put;470;isAccessible=false;
Field.set*;<org.eclipse.core.internal.utils.Messages: java.lang.String resources_exSaveProjectLocation>;org.eclipse.osgi.util.NLS$MessagesProperties.put;470;isAccessible=false;
Field.set*;<org.eclipse.core.internal.utils.Messages: java.lang.String resources_existsDifferentCase>;org.eclipse.osgi.util.NLS$MessagesProperties.put;470;isAccessible=false;
Field.set*;<org.eclipse.core.internal.utils.Messages: java.lang.String resources_existsLocalDifferentCase>;org.eclipse.osgi.util.NLS$MessagesProperties.put;470;isAccessible=false;
Field.set*;<org.eclipse.core.internal.utils.Messages: java.lang.String resources_fileExists>;org.eclipse.osgi.util.NLS$MessagesProperties.put;470;isAccessible=false;
Field.set*;<org.eclipse.core.internal.utils.Messages: java.lang.String resources_fileToProj>;org.eclipse.osgi.util.NLS$MessagesProperties.put;470;isAccessible=false;
Field.set*;<org.eclipse.core.internal.utils.Messages: java.lang.String resources_flushingContentDescriptionCache>;org.eclipse.osgi.util.NLS$MessagesProperties.put;470;isAccessible=false;
Field.set*;<org.eclipse.core.internal.utils.Messages: java.lang.String resources_folderOverFile>;org.eclipse.osgi.util.NLS$MessagesProperties.put;470;isAccessible=false;
Field.set*;<org.eclipse.core.internal.utils.Messages: java.lang.String resources_format>;org.eclipse.osgi.util.NLS$MessagesProperties.put;470;isAccessible=false;
Field.set*;<org.eclipse.core.internal.utils.Messages: java.lang.String resources_initHook>;org.eclipse.osgi.util.NLS$MessagesProperties.put;470;isAccessible=false;
Field.set*;<org.eclipse.core.internal.utils.Messages: java.lang.String resources_initTeamHook>;org.eclipse.osgi.util.NLS$MessagesProperties.put;470;isAccessible=false;
Field.set*;<org.eclipse.core.internal.utils.Messages: java.lang.String resources_initValidator>;org.eclipse.osgi.util.NLS$MessagesProperties.put;470;isAccessible=false;
Field.set*;<org.eclipse.core.internal.utils.Messages: java.lang.String resources_invalidCharInName>;org.eclipse.osgi.util.NLS$MessagesProperties.put;470;isAccessible=false;
Field.set*;<org.eclipse.core.internal.utils.Messages: java.lang.String resources_invalidCharInPath>;org.eclipse.osgi.util.NLS$MessagesProperties.put;470;isAccessible=false;
Field.set*;<org.eclipse.core.internal.utils.Messages: java.lang.String resources_invalidName>;org.eclipse.osgi.util.NLS$MessagesProperties.put;470;isAccessible=false;
Field.set*;<org.eclipse.core.internal.utils.Messages: java.lang.String resources_invalidPath>;org.eclipse.osgi.util.NLS$MessagesProperties.put;470;isAccessible=false;
Field.set*;<org.eclipse.core.internal.utils.Messages: java.lang.String resources_invalidProjDesc>;org.eclipse.osgi.util.NLS$MessagesProperties.put;470;isAccessible=false;
Field.set*;<org.eclipse.core.internal.utils.Messages: java.lang.String resources_invalidResourceName>;org.eclipse.osgi.util.NLS$MessagesProperties.put;470;isAccessible=false;
Field.set*;<org.eclipse.core.internal.utils.Messages: java.lang.String resources_invalidRoot>;org.eclipse.osgi.util.NLS$MessagesProperties.put;470;isAccessible=false;
Field.set*;<org.eclipse.core.internal.utils.Messages: java.lang.String resources_markerNotFound>;org.eclipse.osgi.util.NLS$MessagesProperties.put;470;isAccessible=false;
Field.set*;<org.eclipse.core.internal.utils.Messages: java.lang.String resources_missingProjectMeta>;org.eclipse.osgi.util.NLS$MessagesProperties.put;470;isAccessible=false;
Field.set*;<org.eclipse.core.internal.utils.Messages: java.lang.String resources_missingProjectMetaRepaired>;org.eclipse.osgi.util.NLS$MessagesProperties.put;470;isAccessible=false;
Field.set*;<org.eclipse.core.internal.utils.Messages: java.lang.String resources_moveDestNotSub>;org.eclipse.osgi.util.NLS$MessagesProperties.put;470;isAccessible=false;
Field.set*;<org.eclipse.core.internal.utils.Messages: java.lang.String resources_moveMeta>;org.eclipse.osgi.util.NLS$MessagesProperties.put;470;isAccessible=false;
Field.set*;<org.eclipse.core.internal.utils.Messages: java.lang.String resources_moveNotMet>;org.eclipse.osgi.util.NLS$MessagesProperties.put;470;isAccessible=false;
Field.set*;<org.eclipse.core.internal.utils.Messages: java.lang.String resources_moveNotProject>;org.eclipse.osgi.util.NLS$MessagesProperties.put;470;isAccessible=false;
Field.set*;<org.eclipse.core.internal.utils.Messages: java.lang.String resources_moveProblem>;org.eclipse.osgi.util.NLS$MessagesProperties.put;470;isAccessible=false;
Field.set*;<org.eclipse.core.internal.utils.Messages: java.lang.String resources_moveRoot>;org.eclipse.osgi.util.NLS$MessagesProperties.put;470;isAccessible=false;
Field.set*;<org.eclipse.core.internal.utils.Messages: java.lang.String resources_moving>;org.eclipse.osgi.util.NLS$MessagesProperties.put;470;isAccessible=false;
Field.set*;<org.eclipse.core.internal.utils.Messages: java.lang.String resources_moving_0>;org.eclipse.osgi.util.NLS$MessagesProperties.put;470;isAccessible=false;
Field.set*;<org.eclipse.core.internal.utils.Messages: java.lang.String resources_mustBeAbsolute>;org.eclipse.osgi.util.NLS$MessagesProperties.put;470;isAccessible=false;
Field.set*;<org.eclipse.core.internal.utils.Messages: java.lang.String resources_mustBeLocal>;org.eclipse.osgi.util.NLS$MessagesProperties.put;470;isAccessible=false;
Field.set*;<org.eclipse.core.internal.utils.Messages: java.lang.String resources_mustBeOpen>;org.eclipse.osgi.util.NLS$MessagesProperties.put;470;isAccessible=false;
Field.set*;<org.eclipse.core.internal.utils.Messages: java.lang.String resources_mustExist>;org.eclipse.osgi.util.NLS$MessagesProperties.put;470;isAccessible=false;
Field.set*;<org.eclipse.core.internal.utils.Messages: java.lang.String resources_mustNotExist>;org.eclipse.osgi.util.NLS$MessagesProperties.put;470;isAccessible=false;
Field.set*;<org.eclipse.core.internal.utils.Messages: java.lang.String resources_nameEmpty>;org.eclipse.osgi.util.NLS$MessagesProperties.put;470;isAccessible=false;
Field.set*;<org.eclipse.core.internal.utils.Messages: java.lang.String resources_nameNull>;org.eclipse.osgi.util.NLS$MessagesProperties.put;470;isAccessible=false;
Field.set*;<org.eclipse.core.internal.utils.Messages: java.lang.String resources_natureClass>;org.eclipse.osgi.util.NLS$MessagesProperties.put;470;isAccessible=false;
Field.set*;<org.eclipse.core.internal.utils.Messages: java.lang.String resources_natureDeconfig>;org.eclipse.osgi.util.NLS$MessagesProperties.put;470;isAccessible=false;
Field.set*;<org.eclipse.core.internal.utils.Messages: java.lang.String resources_natureExtension>;org.eclipse.osgi.util.NLS$MessagesProperties.put;470;isAccessible=false;
Field.set*;<org.eclipse.core.internal.utils.Messages: java.lang.String resources_natureFormat>;org.eclipse.osgi.util.NLS$MessagesProperties.put;470;isAccessible=false;
Field.set*;<org.eclipse.core.internal.utils.Messages: java.lang.String resources_natureImplement>;org.eclipse.osgi.util.NLS$MessagesProperties.put;470;isAccessible=false;
Field.set*;<org.eclipse.core.internal.utils.Messages: java.lang.String resources_notChild>;org.eclipse.osgi.util.NLS$MessagesProperties.put;470;isAccessible=false;
Field.set*;<org.eclipse.core.internal.utils.Messages: java.lang.String resources_oneHook>;org.eclipse.osgi.util.NLS$MessagesProperties.put;470;isAccessible=false;
Field.set*;<org.eclipse.core.internal.utils.Messages: java.lang.String resources_oneTeamHook>;org.eclipse.osgi.util.NLS$MessagesProperties.put;470;isAccessible=false;
Field.set*;<org.eclipse.core.internal.utils.Messages: java.lang.String resources_oneValidator>;org.eclipse.osgi.util.NLS$MessagesProperties.put;470;isAccessible=false;
Field.set*;<org.eclipse.core.internal.utils.Messages: java.lang.String resources_opening_1>;org.eclipse.osgi.util.NLS$MessagesProperties.put;470;isAccessible=false;
Field.set*;<org.eclipse.core.internal.utils.Messages: java.lang.String resources_overlapProject>;org.eclipse.osgi.util.NLS$MessagesProperties.put;470;isAccessible=false;
Field.set*;<org.eclipse.core.internal.utils.Messages: java.lang.String resources_overlapWorkspace>;org.eclipse.osgi.util.NLS$MessagesProperties.put;470;isAccessible=false;
Field.set*;<org.eclipse.core.internal.utils.Messages: java.lang.String resources_pathNull>;org.eclipse.osgi.util.NLS$MessagesProperties.put;470;isAccessible=false;
Field.set*;<org.eclipse.core.internal.utils.Messages: java.lang.String resources_projectDesc>;org.eclipse.osgi.util.NLS$MessagesProperties.put;470;isAccessible=false;
Field.set*;<org.eclipse.core.internal.utils.Messages: java.lang.String resources_projectDescSync>;org.eclipse.osgi.util.NLS$MessagesProperties.put;470;isAccessible=false;
Field.set*;<org.eclipse.core.internal.utils.Messages: java.lang.String resources_projectMustNotBeOpen>;org.eclipse.osgi.util.NLS$MessagesProperties.put;470;isAccessible=false;
Field.set*;<org.eclipse.core.internal.utils.Messages: java.lang.String resources_projectPath>;org.eclipse.osgi.util.NLS$MessagesProperties.put;470;isAccessible=false;
Field.set*;<org.eclipse.core.internal.utils.Messages: java.lang.String resources_pruningHistory>;org.eclipse.osgi.util.NLS$MessagesProperties.put;470;isAccessible=false;
Field.set*;<org.eclipse.core.internal.utils.Messages: java.lang.String resources_readMarkers>;org.eclipse.osgi.util.NLS$MessagesProperties.put;470;isAccessible=false;
Field.set*;<org.eclipse.core.internal.utils.Messages: java.lang.String resources_readMeta>;org.eclipse.osgi.util.NLS$MessagesProperties.put;470;isAccessible=false;
Field.set*;<org.eclipse.core.internal.utils.Messages: java.lang.String resources_readMetaWrongVersion>;org.eclipse.osgi.util.NLS$MessagesProperties.put;470;isAccessible=false;
Field.set*;<org.eclipse.core.internal.utils.Messages: java.lang.String resources_readOnly2>;org.eclipse.osgi.util.NLS$MessagesProperties.put;470;isAccessible=false;
Field.set*;<org.eclipse.core.internal.utils.Messages: java.lang.String resources_readOnly>;org.eclipse.osgi.util.NLS$MessagesProperties.put;470;isAccessible=false;
Field.set*;<org.eclipse.core.internal.utils.Messages: java.lang.String resources_readProjectMeta>;org.eclipse.osgi.util.NLS$MessagesProperties.put;470;isAccessible=false;
Field.set*;<org.eclipse.core.internal.utils.Messages: java.lang.String resources_readProjectTree>;org.eclipse.osgi.util.NLS$MessagesProperties.put;470;isAccessible=false;
Field.set*;<org.eclipse.core.internal.utils.Messages: java.lang.String resources_readSync>;org.eclipse.osgi.util.NLS$MessagesProperties.put;470;isAccessible=false;
Field.set*;<org.eclipse.core.internal.utils.Messages: java.lang.String resources_readWorkspaceMeta>;org.eclipse.osgi.util.NLS$MessagesProperties.put;470;isAccessible=false;
Field.set*;<org.eclipse.core.internal.utils.Messages: java.lang.String resources_readWorkspaceMetaValue>;org.eclipse.osgi.util.NLS$MessagesProperties.put;470;isAccessible=false;
Field.set*;<org.eclipse.core.internal.utils.Messages: java.lang.String resources_readWorkspaceSnap>;org.eclipse.osgi.util.NLS$MessagesProperties.put;470;isAccessible=false;
Field.set*;<org.eclipse.core.internal.utils.Messages: java.lang.String resources_readWorkspaceTree>;org.eclipse.osgi.util.NLS$MessagesProperties.put;470;isAccessible=false;
Field.set*;<org.eclipse.core.internal.utils.Messages: java.lang.String resources_reading>;org.eclipse.osgi.util.NLS$MessagesProperties.put;470;isAccessible=false;
Field.set*;<org.eclipse.core.internal.utils.Messages: java.lang.String resources_readingEncoding>;org.eclipse.osgi.util.NLS$MessagesProperties.put;470;isAccessible=false;
Field.set*;<org.eclipse.core.internal.utils.Messages: java.lang.String resources_readingSnap>;org.eclipse.osgi.util.NLS$MessagesProperties.put;470;isAccessible=false;
Field.set*;<org.eclipse.core.internal.utils.Messages: java.lang.String resources_refreshing>;org.eclipse.osgi.util.NLS$MessagesProperties.put;470;isAccessible=false;
Field.set*;<org.eclipse.core.internal.utils.Messages: java.lang.String resources_refreshingRoot>;org.eclipse.osgi.util.NLS$MessagesProperties.put;470;isAccessible=false;
Field.set*;<org.eclipse.core.internal.utils.Messages: java.lang.String resources_resetMarkers>;org.eclipse.osgi.util.NLS$MessagesProperties.put;470;isAccessible=false;
Field.set*;<org.eclipse.core.internal.utils.Messages: java.lang.String resources_resetSync>;org.eclipse.osgi.util.NLS$MessagesProperties.put;470;isAccessible=false;
Field.set*;<org.eclipse.core.internal.utils.Messages: java.lang.String resources_resourcePath>;org.eclipse.osgi.util.NLS$MessagesProperties.put;470;isAccessible=false;
Field.set*;<org.eclipse.core.internal.utils.Messages: java.lang.String resources_saveOp>;org.eclipse.osgi.util.NLS$MessagesProperties.put;470;isAccessible=false;
Field.set*;<org.eclipse.core.internal.utils.Messages: java.lang.String resources_saveProblem>;org.eclipse.osgi.util.NLS$MessagesProperties.put;470;isAccessible=false;
Field.set*;<org.eclipse.core.internal.utils.Messages: java.lang.String resources_saveWarnings>;org.eclipse.osgi.util.NLS$MessagesProperties.put;470;isAccessible=false;
Field.set*;<org.eclipse.core.internal.utils.Messages: java.lang.String resources_savingEncoding>;org.eclipse.osgi.util.NLS$MessagesProperties.put;470;isAccessible=false;
Field.set*;<org.eclipse.core.internal.utils.Messages: java.lang.String resources_saving_0>;org.eclipse.osgi.util.NLS$MessagesProperties.put;470;isAccessible=false;
Field.set*;<org.eclipse.core.internal.utils.Messages: java.lang.String resources_setDesc>;org.eclipse.osgi.util.NLS$MessagesProperties.put;470;isAccessible=false;
Field.set*;<org.eclipse.core.internal.utils.Messages: java.lang.String resources_setLocal>;org.eclipse.osgi.util.NLS$MessagesProperties.put;470;isAccessible=false;
Field.set*;<org.eclipse.core.internal.utils.Messages: java.lang.String resources_settingCharset>;org.eclipse.osgi.util.NLS$MessagesProperties.put;470;isAccessible=false;
Field.set*;<org.eclipse.core.internal.utils.Messages: java.lang.String resources_settingContents>;org.eclipse.osgi.util.NLS$MessagesProperties.put;470;isAccessible=false;
Field.set*;<org.eclipse.core.internal.utils.Messages: java.lang.String resources_settingDefaultCharsetContainer>;org.eclipse.osgi.util.NLS$MessagesProperties.put;470;isAccessible=false;
Field.set*;<org.eclipse.core.internal.utils.Messages: java.lang.String resources_settingDerivedFlag>;org.eclipse.osgi.util.NLS$MessagesProperties.put;470;isAccessible=false;
Field.set*;<org.eclipse.core.internal.utils.Messages: java.lang.String resources_shutdown>;org.eclipse.osgi.util.NLS$MessagesProperties.put;470;isAccessible=false;
Field.set*;<org.eclipse.core.internal.utils.Messages: java.lang.String resources_shutdownProblems>;org.eclipse.osgi.util.NLS$MessagesProperties.put;470;isAccessible=false;
Field.set*;<org.eclipse.core.internal.utils.Messages: java.lang.String resources_snapInit>;org.eclipse.osgi.util.NLS$MessagesProperties.put;470;isAccessible=false;
Field.set*;<org.eclipse.core.internal.utils.Messages: java.lang.String resources_snapRead>;org.eclipse.osgi.util.NLS$MessagesProperties.put;470;isAccessible=false;
Field.set*;<org.eclipse.core.internal.utils.Messages: java.lang.String resources_snapRequest>;org.eclipse.osgi.util.NLS$MessagesProperties.put;470;isAccessible=false;
Field.set*;<org.eclipse.core.internal.utils.Messages: java.lang.String resources_snapshot>;org.eclipse.osgi.util.NLS$MessagesProperties.put;470;isAccessible=false;
Field.set*;<org.eclipse.core.internal.utils.Messages: java.lang.String resources_startupProblems>;org.eclipse.osgi.util.NLS$MessagesProperties.put;470;isAccessible=false;
Field.set*;<org.eclipse.core.internal.utils.Messages: java.lang.String resources_touch>;org.eclipse.osgi.util.NLS$MessagesProperties.put;470;isAccessible=false;
Field.set*;<org.eclipse.core.internal.utils.Messages: java.lang.String resources_updating>;org.eclipse.osgi.util.NLS$MessagesProperties.put;470;isAccessible=false;
Field.set*;<org.eclipse.core.internal.utils.Messages: java.lang.String resources_updatingEncoding>;org.eclipse.osgi.util.NLS$MessagesProperties.put;470;isAccessible=false;
Field.set*;<org.eclipse.core.internal.utils.Messages: java.lang.String resources_workspaceClosed>;org.eclipse.osgi.util.NLS$MessagesProperties.put;470;isAccessible=false;
Field.set*;<org.eclipse.core.internal.utils.Messages: java.lang.String resources_workspaceClosedStatic>;org.eclipse.osgi.util.NLS$MessagesProperties.put;470;isAccessible=false;
Field.set*;<org.eclipse.core.internal.utils.Messages: java.lang.String resources_workspaceOpen>;org.eclipse.osgi.util.NLS$MessagesProperties.put;470;isAccessible=false;
Field.set*;<org.eclipse.core.internal.utils.Messages: java.lang.String resources_writeMeta>;org.eclipse.osgi.util.NLS$MessagesProperties.put;470;isAccessible=false;
Field.set*;<org.eclipse.core.internal.utils.Messages: java.lang.String resources_writeWorkspaceMeta>;org.eclipse.osgi.util.NLS$MessagesProperties.put;470;isAccessible=false;
Field.set*;<org.eclipse.core.internal.utils.Messages: java.lang.String resources_wrongMarkerAttributeValueType>;org.eclipse.osgi.util.NLS$MessagesProperties.put;470;isAccessible=false;
Field.set*;<org.eclipse.core.internal.utils.Messages: java.lang.String synchronizer_partnerNotRegistered>;org.eclipse.osgi.util.NLS$MessagesProperties.put;470;isAccessible=false;
Field.set*;<org.eclipse.core.internal.utils.Messages: java.lang.String updateUnknownNatureMarkers>;org.eclipse.osgi.util.NLS$MessagesProperties.put;470;isAccessible=false;
Field.set*;<org.eclipse.core.internal.utils.Messages: java.lang.String url_badVariant>;org.eclipse.osgi.util.NLS$MessagesProperties.put;470;isAccessible=false;
Field.set*;<org.eclipse.core.internal.utils.Messages: java.lang.String url_couldNotResolve_URLProtocolHandlerCanNotResolveURL>;org.eclipse.osgi.util.NLS$MessagesProperties.put;470;isAccessible=false;
Field.set*;<org.eclipse.core.internal.utils.Messages: java.lang.String url_couldNotResolve_projectDoesNotExist>;org.eclipse.osgi.util.NLS$MessagesProperties.put;470;isAccessible=false;
Field.set*;<org.eclipse.core.internal.utils.Messages: java.lang.String url_couldNotResolve_resourceLocationCanNotBeDetermined>;org.eclipse.osgi.util.NLS$MessagesProperties.put;470;isAccessible=false;
Field.set*;<org.eclipse.core.internal.utils.Messages: java.lang.String utils_clone>;org.eclipse.osgi.util.NLS$MessagesProperties.put;470;isAccessible=false;
Field.set*;<org.eclipse.core.internal.utils.Messages: java.lang.String utils_stringJobName>;org.eclipse.osgi.util.NLS$MessagesProperties.put;470;isAccessible=false;
Field.set*;<org.eclipse.core.internal.utils.Messages: java.lang.String watson_elementNotFound>;org.eclipse.osgi.util.NLS$MessagesProperties.put;470;isAccessible=false;
Field.set*;<org.eclipse.core.internal.utils.Messages: java.lang.String watson_illegalSubtree>;org.eclipse.osgi.util.NLS$MessagesProperties.put;470;isAccessible=false;
Field.set*;<org.eclipse.core.internal.utils.Messages: java.lang.String watson_immutable>;org.eclipse.osgi.util.NLS$MessagesProperties.put;470;isAccessible=false;
Field.set*;<org.eclipse.core.internal.utils.Messages: java.lang.String watson_noModify>;org.eclipse.osgi.util.NLS$MessagesProperties.put;470;isAccessible=false;
Field.set*;<org.eclipse.core.internal.utils.Messages: java.lang.String watson_nullArg>;org.eclipse.osgi.util.NLS$MessagesProperties.put;470;isAccessible=false;
Field.set*;<org.eclipse.core.internal.utils.Messages: java.lang.String watson_unknown>;org.eclipse.osgi.util.NLS$MessagesProperties.put;470;isAccessible=false;
Field.set*;<org.eclipse.equinox.internal.app.Messages: java.lang.String application_errorStartDefault>;org.eclipse.osgi.util.NLS$MessagesProperties.put;470;isAccessible=false;
Field.set*;<org.eclipse.equinox.internal.app.Messages: java.lang.String application_error_noMainThread>;org.eclipse.osgi.util.NLS$MessagesProperties.put;470;isAccessible=false;
Field.set*;<org.eclipse.equinox.internal.app.Messages: java.lang.String application_error_starting>;org.eclipse.osgi.util.NLS$MessagesProperties.put;470;isAccessible=false;
Field.set*;<org.eclipse.equinox.internal.app.Messages: java.lang.String application_error_state_stopped>;org.eclipse.osgi.util.NLS$MessagesProperties.put;470;isAccessible=false;
Field.set*;<org.eclipse.equinox.internal.app.Messages: java.lang.String application_error_stopping>;org.eclipse.osgi.util.NLS$MessagesProperties.put;470;isAccessible=false;
Field.set*;<org.eclipse.equinox.internal.app.Messages: java.lang.String application_instance_stopped>;org.eclipse.osgi.util.NLS$MessagesProperties.put;470;isAccessible=false;
Field.set*;<org.eclipse.equinox.internal.app.Messages: java.lang.String application_invalidExtension>;org.eclipse.osgi.util.NLS$MessagesProperties.put;470;isAccessible=false;
Field.set*;<org.eclipse.equinox.internal.app.Messages: java.lang.String application_noIdFound>;org.eclipse.osgi.util.NLS$MessagesProperties.put;470;isAccessible=false;
Field.set*;<org.eclipse.equinox.internal.app.Messages: java.lang.String application_notFound>;org.eclipse.osgi.util.NLS$MessagesProperties.put;470;isAccessible=false;
Field.set*;<org.eclipse.equinox.internal.app.Messages: java.lang.String application_returned>;org.eclipse.osgi.util.NLS$MessagesProperties.put;470;isAccessible=false;
Field.set*;<org.eclipse.equinox.internal.app.Messages: java.lang.String apps_running>;org.eclipse.osgi.util.NLS$MessagesProperties.put;470;isAccessible=false;
Field.set*;<org.eclipse.equinox.internal.app.Messages: java.lang.String console_help_activeapps_description>;org.eclipse.osgi.util.NLS$MessagesProperties.put;470;isAccessible=false;
Field.set*;<org.eclipse.equinox.internal.app.Messages: java.lang.String console_help_app_commands_header>;org.eclipse.osgi.util.NLS$MessagesProperties.put;470;isAccessible=false;
Field.set*;<org.eclipse.equinox.internal.app.Messages: java.lang.String console_help_apps_description>;org.eclipse.osgi.util.NLS$MessagesProperties.put;470;isAccessible=false;
Field.set*;<org.eclipse.equinox.internal.app.Messages: java.lang.String console_help_arguments>;org.eclipse.osgi.util.NLS$MessagesProperties.put;470;isAccessible=false;
Field.set*;<org.eclipse.equinox.internal.app.Messages: java.lang.String console_help_lockapp_description>;org.eclipse.osgi.util.NLS$MessagesProperties.put;470;isAccessible=false;
Field.set*;<org.eclipse.equinox.internal.app.Messages: java.lang.String console_help_schedapp_arguments>;org.eclipse.osgi.util.NLS$MessagesProperties.put;470;isAccessible=false;
Field.set*;<org.eclipse.equinox.internal.app.Messages: java.lang.String console_help_schedapp_description>;org.eclipse.osgi.util.NLS$MessagesProperties.put;470;isAccessible=false;
Field.set*;<org.eclipse.equinox.internal.app.Messages: java.lang.String console_help_startapp_description>;org.eclipse.osgi.util.NLS$MessagesProperties.put;470;isAccessible=false;
Field.set*;<org.eclipse.equinox.internal.app.Messages: java.lang.String console_help_stopapp_description>;org.eclipse.osgi.util.NLS$MessagesProperties.put;470;isAccessible=false;
Field.set*;<org.eclipse.equinox.internal.app.Messages: java.lang.String console_help_unlockapp_description>;org.eclipse.osgi.util.NLS$MessagesProperties.put;470;isAccessible=false;
Field.set*;<org.eclipse.equinox.internal.app.Messages: java.lang.String console_help_unschedapp_description>;org.eclipse.osgi.util.NLS$MessagesProperties.put;470;isAccessible=false;
Field.set*;<org.eclipse.equinox.internal.app.Messages: java.lang.String main_running>;org.eclipse.osgi.util.NLS$MessagesProperties.put;470;isAccessible=false;
Field.set*;<org.eclipse.equinox.internal.app.Messages: java.lang.String max_running>;org.eclipse.osgi.util.NLS$MessagesProperties.put;470;isAccessible=false;
Field.set*;<org.eclipse.equinox.internal.app.Messages: java.lang.String persistence_error_saving>;org.eclipse.osgi.util.NLS$MessagesProperties.put;470;isAccessible=false;
Field.set*;<org.eclipse.equinox.internal.app.Messages: java.lang.String product_notFound>;org.eclipse.osgi.util.NLS$MessagesProperties.put;470;isAccessible=false;
Field.set*;<org.eclipse.equinox.internal.app.Messages: java.lang.String provider_invalid>;org.eclipse.osgi.util.NLS$MessagesProperties.put;470;isAccessible=false;
Field.set*;<org.eclipse.equinox.internal.app.Messages: java.lang.String provider_invalid_general>;org.eclipse.osgi.util.NLS$MessagesProperties.put;470;isAccessible=false;
Field.set*;<org.eclipse.equinox.internal.app.Messages: java.lang.String scheduled_app_launch_error>;org.eclipse.osgi.util.NLS$MessagesProperties.put;470;isAccessible=false;
Field.set*;<org.eclipse.equinox.internal.app.Messages: java.lang.String scheduled_app_removed>;org.eclipse.osgi.util.NLS$MessagesProperties.put;470;isAccessible=false;
Field.set*;<org.eclipse.equinox.internal.app.Messages: java.lang.String singleton_running>;org.eclipse.osgi.util.NLS$MessagesProperties.put;470;isAccessible=false;
Field.set*;<org.eclipse.jdt.internal.compiler.util.Messages: java.lang.String abort_againstSourceModel>;org.eclipse.jdt.internal.compiler.util.Messages$MessagesProperties.put;61;isAccessible=false;
Field.set*;<org.eclipse.jdt.internal.compiler.util.Messages: java.lang.String abort_externaAnnotationFile>;org.eclipse.jdt.internal.compiler.util.Messages$MessagesProperties.put;61;isAccessible=false;
Field.set*;<org.eclipse.jdt.internal.compiler.util.Messages: java.lang.String abort_invalidAttribute>;org.eclipse.jdt.internal.compiler.util.Messages$MessagesProperties.put;61;isAccessible=false;
Field.set*;<org.eclipse.jdt.internal.compiler.util.Messages: java.lang.String abort_invalidExceptionAttribute>;org.eclipse.jdt.internal.compiler.util.Messages$MessagesProperties.put;61;isAccessible=false;
Field.set*;<org.eclipse.jdt.internal.compiler.util.Messages: java.lang.String abort_invalidOpcode>;org.eclipse.jdt.internal.compiler.util.Messages$MessagesProperties.put;61;isAccessible=false;
Field.set*;<org.eclipse.jdt.internal.compiler.util.Messages: java.lang.String abort_missingCode>;org.eclipse.jdt.internal.compiler.util.Messages$MessagesProperties.put;61;isAccessible=false;
Field.set*;<org.eclipse.jdt.internal.compiler.util.Messages: java.lang.String accept_cannot>;org.eclipse.jdt.internal.compiler.util.Messages$MessagesProperties.put;61;isAccessible=false;
Field.set*;<org.eclipse.jdt.internal.compiler.util.Messages: java.lang.String ast_missingCode>;org.eclipse.jdt.internal.compiler.util.Messages$MessagesProperties.put;61;isAccessible=false;
Field.set*;<org.eclipse.jdt.internal.compiler.util.Messages: java.lang.String compilation_beginningToCompile>;org.eclipse.jdt.internal.compiler.util.Messages$MessagesProperties.put;61;isAccessible=false;
Field.set*;<org.eclipse.jdt.internal.compiler.util.Messages: java.lang.String compilation_done>;org.eclipse.jdt.internal.compiler.util.Messages$MessagesProperties.put;61;isAccessible=false;
Field.set*;<org.eclipse.jdt.internal.compiler.util.Messages: java.lang.String compilation_internalError>;org.eclipse.jdt.internal.compiler.util.Messages$MessagesProperties.put;61;isAccessible=false;
Field.set*;<org.eclipse.jdt.internal.compiler.util.Messages: java.lang.String compilation_loadBinary>;org.eclipse.jdt.internal.compiler.util.Messages$MessagesProperties.put;61;isAccessible=false;
Field.set*;<org.eclipse.jdt.internal.compiler.util.Messages: java.lang.String compilation_process>;org.eclipse.jdt.internal.compiler.util.Messages$MessagesProperties.put;61;isAccessible=false;
Field.set*;<org.eclipse.jdt.internal.compiler.util.Messages: java.lang.String compilation_processing>;org.eclipse.jdt.internal.compiler.util.Messages$MessagesProperties.put;61;isAccessible=false;
Field.set*;<org.eclipse.jdt.internal.compiler.util.Messages: java.lang.String compilation_request>;org.eclipse.jdt.internal.compiler.util.Messages$MessagesProperties.put;61;isAccessible=false;
Field.set*;<org.eclipse.jdt.internal.compiler.util.Messages: java.lang.String compilation_unit>;org.eclipse.jdt.internal.compiler.util.Messages$MessagesProperties.put;61;isAccessible=false;
Field.set*;<org.eclipse.jdt.internal.compiler.util.Messages: java.lang.String compilation_units>;org.eclipse.jdt.internal.compiler.util.Messages$MessagesProperties.put;61;isAccessible=false;
Field.set*;<org.eclipse.jdt.internal.compiler.util.Messages: java.lang.String compilation_unresolvedProblem>;org.eclipse.jdt.internal.compiler.util.Messages$MessagesProperties.put;61;isAccessible=false;
Field.set*;<org.eclipse.jdt.internal.compiler.util.Messages: java.lang.String compilation_unresolvedProblems>;org.eclipse.jdt.internal.compiler.util.Messages$MessagesProperties.put;61;isAccessible=false;
Field.set*;<org.eclipse.jdt.internal.compiler.util.Messages: java.lang.String compilation_write>;org.eclipse.jdt.internal.compiler.util.Messages$MessagesProperties.put;61;isAccessible=false;
Field.set*;<org.eclipse.jdt.internal.compiler.util.Messages: java.lang.String constant_cannotCastedInto>;org.eclipse.jdt.internal.compiler.util.Messages$MessagesProperties.put;61;isAccessible=false;
Field.set*;<org.eclipse.jdt.internal.compiler.util.Messages: java.lang.String constant_cannotConvertedTo>;org.eclipse.jdt.internal.compiler.util.Messages$MessagesProperties.put;61;isAccessible=false;
Field.set*;<org.eclipse.jdt.internal.compiler.util.Messages: java.lang.String output_isFile>;org.eclipse.jdt.internal.compiler.util.Messages$MessagesProperties.put;61;isAccessible=false;
Field.set*;<org.eclipse.jdt.internal.compiler.util.Messages: java.lang.String output_notValid>;org.eclipse.jdt.internal.compiler.util.Messages$MessagesProperties.put;61;isAccessible=false;
Field.set*;<org.eclipse.jdt.internal.compiler.util.Messages: java.lang.String output_notValidAll>;org.eclipse.jdt.internal.compiler.util.Messages$MessagesProperties.put;61;isAccessible=false;
Field.set*;<org.eclipse.jdt.internal.compiler.util.Messages: java.lang.String parser_corruptedFile>;org.eclipse.jdt.internal.compiler.util.Messages$MessagesProperties.put;61;isAccessible=false;
Field.set*;<org.eclipse.jdt.internal.compiler.util.Messages: java.lang.String parser_endOfConstructor>;org.eclipse.jdt.internal.compiler.util.Messages$MessagesProperties.put;61;isAccessible=false;
Field.set*;<org.eclipse.jdt.internal.compiler.util.Messages: java.lang.String parser_endOfFile>;org.eclipse.jdt.internal.compiler.util.Messages$MessagesProperties.put;61;isAccessible=false;
Field.set*;<org.eclipse.jdt.internal.compiler.util.Messages: java.lang.String parser_endOfInitializer>;org.eclipse.jdt.internal.compiler.util.Messages$MessagesProperties.put;61;isAccessible=false;
Field.set*;<org.eclipse.jdt.internal.compiler.util.Messages: java.lang.String parser_endOfMethod>;org.eclipse.jdt.internal.compiler.util.Messages$MessagesProperties.put;61;isAccessible=false;
Field.set*;<org.eclipse.jdt.internal.compiler.util.Messages: java.lang.String parser_incorrectPath>;org.eclipse.jdt.internal.compiler.util.Messages$MessagesProperties.put;61;isAccessible=false;
Field.set*;<org.eclipse.jdt.internal.compiler.util.Messages: java.lang.String parser_missingFile>;org.eclipse.jdt.internal.compiler.util.Messages$MessagesProperties.put;61;isAccessible=false;
Field.set*;<org.eclipse.jdt.internal.compiler.util.Messages: java.lang.String parser_moveFiles>;org.eclipse.jdt.internal.compiler.util.Messages$MessagesProperties.put;61;isAccessible=false;
Field.set*;<org.eclipse.jdt.internal.compiler.util.Messages: java.lang.String parser_regularParse>;org.eclipse.jdt.internal.compiler.util.Messages$MessagesProperties.put;61;isAccessible=false;
Field.set*;<org.eclipse.jdt.internal.compiler.util.Messages: java.lang.String parser_syntaxRecovery>;org.eclipse.jdt.internal.compiler.util.Messages$MessagesProperties.put;61;isAccessible=false;
Field.set*;<org.eclipse.jdt.internal.compiler.util.Messages: java.lang.String pattern_matching_instanceof>;org.eclipse.jdt.internal.compiler.util.Messages$MessagesProperties.put;61;isAccessible=false;
Field.set*;<org.eclipse.jdt.internal.compiler.util.Messages: java.lang.String pattern_matching_switch>;org.eclipse.jdt.internal.compiler.util.Messages$MessagesProperties.put;61;isAccessible=false;
Field.set*;<org.eclipse.jdt.internal.compiler.util.Messages: java.lang.String problem_atLine>;org.eclipse.jdt.internal.compiler.util.Messages$MessagesProperties.put;61;isAccessible=false;
Field.set*;<org.eclipse.jdt.internal.compiler.util.Messages: java.lang.String problem_noSourceInformation>;org.eclipse.jdt.internal.compiler.util.Messages$MessagesProperties.put;61;isAccessible=false;
Field.set*;<org.eclipse.jdt.internal.compiler.util.Messages: java.lang.String record_patterns>;org.eclipse.jdt.internal.compiler.util.Messages$MessagesProperties.put;61;isAccessible=false;
Field.set*;<org.eclipse.jdt.internal.compiler.util.Messages: java.lang.String records>;org.eclipse.jdt.internal.compiler.util.Messages$MessagesProperties.put;61;isAccessible=false;
Field.set*;<org.eclipse.jdt.internal.compiler.util.Messages: java.lang.String sealed_types>;org.eclipse.jdt.internal.compiler.util.Messages$MessagesProperties.put;61;isAccessible=false;
Field.set*;<org.eclipse.jdt.internal.compiler.util.Messages: java.lang.String switch_expression>;org.eclipse.jdt.internal.compiler.util.Messages$MessagesProperties.put;61;isAccessible=false;
Field.set*;<org.eclipse.jdt.internal.compiler.util.Messages: java.lang.String text_block>;org.eclipse.jdt.internal.compiler.util.Messages$MessagesProperties.put;61;isAccessible=false;
Field.set*;<org.eclipse.jdt.internal.core.util.Messages: java.lang.String buffer_closed>;org.eclipse.osgi.util.NLS$MessagesProperties.put;470;isAccessible=false;
Field.set*;<org.eclipse.jdt.internal.core.util.Messages: java.lang.String build_abortDueToClasspathProblems>;org.eclipse.osgi.util.NLS$MessagesProperties.put;470;isAccessible=false;
Field.set*;<org.eclipse.jdt.internal.core.util.Messages: java.lang.String build_analyzingDeltas>;org.eclipse.osgi.util.NLS$MessagesProperties.put;470;isAccessible=false;
Field.set*;<org.eclipse.jdt.internal.core.util.Messages: java.lang.String build_analyzingSources>;org.eclipse.osgi.util.NLS$MessagesProperties.put;470;isAccessible=false;
Field.set*;<org.eclipse.jdt.internal.core.util.Messages: java.lang.String build_cannotSaveState>;org.eclipse.osgi.util.NLS$MessagesProperties.put;470;isAccessible=false;
Field.set*;<org.eclipse.jdt.internal.core.util.Messages: java.lang.String build_cannotSaveStates>;org.eclipse.osgi.util.NLS$MessagesProperties.put;470;isAccessible=false;
Field.set*;<org.eclipse.jdt.internal.core.util.Messages: java.lang.String build_classFileCollision>;org.eclipse.osgi.util.NLS$MessagesProperties.put;470;isAccessible=false;
Field.set*;<org.eclipse.jdt.internal.core.util.Messages: java.lang.String build_cleaningOutput>;org.eclipse.osgi.util.NLS$MessagesProperties.put;470;isAccessible=false;
Field.set*;<org.eclipse.jdt.internal.core.util.Messages: java.lang.String build_compiling>;org.eclipse.osgi.util.NLS$MessagesProperties.put;470;isAccessible=false;
Field.set*;<org.eclipse.jdt.internal.core.util.Messages: java.lang.String build_copyingResources>;org.eclipse.osgi.util.NLS$MessagesProperties.put;470;isAccessible=false;
Field.set*;<org.eclipse.jdt.internal.core.util.Messages: java.lang.String build_done>;org.eclipse.osgi.util.NLS$MessagesProperties.put;470;isAccessible=false;
Field.set*;<org.eclipse.jdt.internal.core.util.Messages: java.lang.String build_duplicateClassFile>;org.eclipse.osgi.util.NLS$MessagesProperties.put;470;isAccessible=false;
Field.set*;<org.eclipse.jdt.internal.core.util.Messages: java.lang.String build_duplicateResource>;org.eclipse.osgi.util.NLS$MessagesProperties.put;470;isAccessible=false;
Field.set*;<org.eclipse.jdt.internal.core.util.Messages: java.lang.String build_errorOnModuleDirective>;org.eclipse.osgi.util.NLS$MessagesProperties.put;470;isAccessible=false;
Field.set*;<org.eclipse.jdt.internal.core.util.Messages: java.lang.String build_fixedHeader>;org.eclipse.osgi.util.NLS$MessagesProperties.put;470;isAccessible=false;
Field.set*;<org.eclipse.jdt.internal.core.util.Messages: java.lang.String build_foundHeader>;org.eclipse.osgi.util.NLS$MessagesProperties.put;470;isAccessible=false;
Field.set*;<org.eclipse.jdt.internal.core.util.Messages: java.lang.String build_incompleteClassPath>;org.eclipse.osgi.util.NLS$MessagesProperties.put;470;isAccessible=false;
Field.set*;<org.eclipse.jdt.internal.core.util.Messages: java.lang.String build_inconsistentClassFile>;org.eclipse.osgi.util.NLS$MessagesProperties.put;470;isAccessible=false;
Field.set*;<org.eclipse.jdt.internal.core.util.Messages: java.lang.String build_inconsistentProject>;org.eclipse.osgi.util.NLS$MessagesProperties.put;470;isAccessible=false;
Field.set*;<org.eclipse.jdt.internal.core.util.Messages: java.lang.String build_initializationError>;org.eclipse.osgi.util.NLS$MessagesProperties.put;470;isAccessible=false;
Field.set*;<org.eclipse.jdt.internal.core.util.Messages: java.lang.String build_missingSourceFile>;org.eclipse.osgi.util.NLS$MessagesProperties.put;470;isAccessible=false;
Field.set*;<org.eclipse.jdt.internal.core.util.Messages: java.lang.String build_multipleErrors>;org.eclipse.osgi.util.NLS$MessagesProperties.put;470;isAccessible=false;
Field.set*;<org.eclipse.jdt.internal.core.util.Messages: java.lang.String build_multipleWarnings>;org.eclipse.osgi.util.NLS$MessagesProperties.put;470;isAccessible=false;
Field.set*;<org.eclipse.jdt.internal.core.util.Messages: java.lang.String build_oneError>;org.eclipse.osgi.util.NLS$MessagesProperties.put;470;isAccessible=false;
Field.set*;<org.eclipse.jdt.internal.core.util.Messages: java.lang.String build_oneWarning>;org.eclipse.osgi.util.NLS$MessagesProperties.put;470;isAccessible=false;
Field.set*;<org.eclipse.jdt.internal.core.util.Messages: java.lang.String build_preparingBuild>;org.eclipse.osgi.util.NLS$MessagesProperties.put;470;isAccessible=false;
Field.set*;<org.eclipse.jdt.internal.core.util.Messages: java.lang.String build_prereqProjectHasClasspathProblems>;org.eclipse.osgi.util.NLS$MessagesProperties.put;470;isAccessible=false;
Field.set*;<org.eclipse.jdt.internal.core.util.Messages: java.lang.String build_prereqProjectMustBeRebuilt>;org.eclipse.osgi.util.NLS$MessagesProperties.put;470;isAccessible=false;
Field.set*;<org.eclipse.jdt.internal.core.util.Messages: java.lang.String build_readStateProgress>;org.eclipse.osgi.util.NLS$MessagesProperties.put;470;isAccessible=false;
Field.set*;<org.eclipse.jdt.internal.core.util.Messages: java.lang.String build_readingDelta>;org.eclipse.osgi.util.NLS$MessagesProperties.put;470;isAccessible=false;
Field.set*;<org.eclipse.jdt.internal.core.util.Messages: java.lang.String build_saveStateComplete>;org.eclipse.osgi.util.NLS$MessagesProperties.put;470;isAccessible=false;
Field.set*;<org.eclipse.jdt.internal.core.util.Messages: java.lang.String build_saveStateProgress>;org.eclipse.osgi.util.NLS$MessagesProperties.put;470;isAccessible=false;
Field.set*;<org.eclipse.jdt.internal.core.util.Messages: java.lang.String build_serializationError>;org.eclipse.osgi.util.NLS$MessagesProperties.put;470;isAccessible=false;
Field.set*;<org.eclipse.jdt.internal.core.util.Messages: java.lang.String build_wrongFileFormat>;org.eclipse.osgi.util.NLS$MessagesProperties.put;470;isAccessible=false;
Field.set*;<org.eclipse.jdt.internal.core.util.Messages: java.lang.String cache_invalidLoadFactor>;org.eclipse.osgi.util.NLS$MessagesProperties.put;470;isAccessible=false;
Field.set*;<org.eclipse.jdt.internal.core.util.Messages: java.lang.String classfileformat_anyexceptionhandler>;org.eclipse.osgi.util.NLS$MessagesProperties.put;470;isAccessible=false;
Field.set*;<org.eclipse.jdt.internal.core.util.Messages: java.lang.String classfileformat_clinitname>;org.eclipse.osgi.util.NLS$MessagesProperties.put;470;isAccessible=false;
Field.set*;<org.eclipse.jdt.internal.core.util.Messages: java.lang.String classfileformat_componentdescriptor>;org.eclipse.osgi.util.NLS$MessagesProperties.put;470;isAccessible=false;
Field.set*;<org.eclipse.jdt.internal.core.util.Messages: java.lang.String classfileformat_exceptiontableentry>;org.eclipse.osgi.util.NLS$MessagesProperties.put;470;isAccessible=false;
Field.set*;<org.eclipse.jdt.internal.core.util.Messages: java.lang.String classfileformat_fieldddescriptor>;org.eclipse.osgi.util.NLS$MessagesProperties.put;470;isAccessible=false;
Field.set*;<org.eclipse.jdt.internal.core.util.Messages: java.lang.String classfileformat_linenumbertableentry>;org.eclipse.osgi.util.NLS$MessagesProperties.put;470;isAccessible=false;
Field.set*;<org.eclipse.jdt.internal.core.util.Messages: java.lang.String classfileformat_localvariablereferenceinfoentry>;org.eclipse.osgi.util.NLS$MessagesProperties.put;470;isAccessible=false;
Field.set*;<org.eclipse.jdt.internal.core.util.Messages: java.lang.String classfileformat_localvariabletableentry>;org.eclipse.osgi.util.NLS$MessagesProperties.put;470;isAccessible=false;
Field.set*;<org.eclipse.jdt.internal.core.util.Messages: java.lang.String classfileformat_methoddescriptor>;org.eclipse.osgi.util.NLS$MessagesProperties.put;470;isAccessible=false;
Field.set*;<org.eclipse.jdt.internal.core.util.Messages: java.lang.String classfileformat_stacksAndLocals>;org.eclipse.osgi.util.NLS$MessagesProperties.put;470;isAccessible=false;
Field.set*;<org.eclipse.jdt.internal.core.util.Messages: java.lang.String classfileformat_superflagisnotset>;org.eclipse.osgi.util.NLS$MessagesProperties.put;470;isAccessible=false;
Field.set*;<org.eclipse.jdt.internal.core.util.Messages: java.lang.String classfileformat_superflagisset>;org.eclipse.osgi.util.NLS$MessagesProperties.put;470;isAccessible=false;
Field.set*;<org.eclipse.jdt.internal.core.util.Messages: java.lang.String classfileformat_versionUnknown>;org.eclipse.osgi.util.NLS$MessagesProperties.put;470;isAccessible=false;
Field.set*;<org.eclipse.jdt.internal.core.util.Messages: java.lang.String classfileformat_versiondetails>;org.eclipse.osgi.util.NLS$MessagesProperties.put;470;isAccessible=false;
Field.set*;<org.eclipse.jdt.internal.core.util.Messages: java.lang.String classformat_anewarray>;org.eclipse.osgi.util.NLS$MessagesProperties.put;470;isAccessible=false;
Field.set*;<org.eclipse.jdt.internal.core.util.Messages: java.lang.String classformat_checkcast>;org.eclipse.osgi.util.NLS$MessagesProperties.put;470;isAccessible=false;
Field.set*;<org.eclipse.jdt.internal.core.util.Messages: java.lang.String classformat_classformatexception>;org.eclipse.osgi.util.NLS$MessagesProperties.put;470;isAccessible=false;
Field.set*;<org.eclipse.jdt.internal.core.util.Messages: java.lang.String classformat_getfield>;org.eclipse.osgi.util.NLS$MessagesProperties.put;470;isAccessible=false;
Field.set*;<org.eclipse.jdt.internal.core.util.Messages: java.lang.String classformat_getstatic>;org.eclipse.osgi.util.NLS$MessagesProperties.put;470;isAccessible=false;
Field.set*;<org.eclipse.jdt.internal.core.util.Messages: java.lang.String classformat_iinc>;org.eclipse.osgi.util.NLS$MessagesProperties.put;470;isAccessible=false;
Field.set*;<org.eclipse.jdt.internal.core.util.Messages: java.lang.String classformat_instanceof>;org.eclipse.osgi.util.NLS$MessagesProperties.put;470;isAccessible=false;
Field.set*;<org.eclipse.jdt.internal.core.util.Messages: java.lang.String classformat_invokedynamic>;org.eclipse.osgi.util.NLS$MessagesProperties.put;470;isAccessible=false;
Field.set*;<org.eclipse.jdt.internal.core.util.Messages: java.lang.String classformat_invokeinterface>;org.eclipse.osgi.util.NLS$MessagesProperties.put;470;isAccessible=false;
Field.set*;<org.eclipse.jdt.internal.core.util.Messages: java.lang.String classformat_invokespecial>;org.eclipse.osgi.util.NLS$MessagesProperties.put;470;isAccessible=false;
Field.set*;<org.eclipse.jdt.internal.core.util.Messages: java.lang.String classformat_invokestatic>;org.eclipse.osgi.util.NLS$MessagesProperties.put;470;isAccessible=false;
Field.set*;<org.eclipse.jdt.internal.core.util.Messages: java.lang.String classformat_invokevirtual>;org.eclipse.osgi.util.NLS$MessagesProperties.put;470;isAccessible=false;
Field.set*;<org.eclipse.jdt.internal.core.util.Messages: java.lang.String classformat_ldc2_w_double>;org.eclipse.osgi.util.NLS$MessagesProperties.put;470;isAccessible=false;
Field.set*;<org.eclipse.jdt.internal.core.util.Messages: java.lang.String classformat_ldc2_w_long>;org.eclipse.osgi.util.NLS$MessagesProperties.put;470;isAccessible=false;
Field.set*;<org.eclipse.jdt.internal.core.util.Messages: java.lang.String classformat_ldc_w_class>;org.eclipse.osgi.util.NLS$MessagesProperties.put;470;isAccessible=false;
Field.set*;<org.eclipse.jdt.internal.core.util.Messages: java.lang.String classformat_ldc_w_dynamic>;org.eclipse.osgi.util.NLS$MessagesProperties.put;470;isAccessible=false;
Field.set*;<org.eclipse.jdt.internal.core.util.Messages: java.lang.String classformat_ldc_w_float>;org.eclipse.osgi.util.NLS$MessagesProperties.put;470;isAccessible=false;
Field.set*;<org.eclipse.jdt.internal.core.util.Messages: java.lang.String classformat_ldc_w_integer>;org.eclipse.osgi.util.NLS$MessagesProperties.put;470;isAccessible=false;
Field.set*;<org.eclipse.jdt.internal.core.util.Messages: java.lang.String classformat_ldc_w_methodhandle>;org.eclipse.osgi.util.NLS$MessagesProperties.put;470;isAccessible=false;
Field.set*;<org.eclipse.jdt.internal.core.util.Messages: java.lang.String classformat_ldc_w_methodtype>;org.eclipse.osgi.util.NLS$MessagesProperties.put;470;isAccessible=false;
Field.set*;<org.eclipse.jdt.internal.core.util.Messages: java.lang.String classformat_ldc_w_string>;org.eclipse.osgi.util.NLS$MessagesProperties.put;470;isAccessible=false;
Field.set*;<org.eclipse.jdt.internal.core.util.Messages: java.lang.String classformat_load>;org.eclipse.osgi.util.NLS$MessagesProperties.put;470;isAccessible=false;
Field.set*;<org.eclipse.jdt.internal.core.util.Messages: java.lang.String classformat_multianewarray>;org.eclipse.osgi.util.NLS$MessagesProperties.put;470;isAccessible=false;
Field.set*;<org.eclipse.jdt.internal.core.util.Messages: java.lang.String classformat_new>;org.eclipse.osgi.util.NLS$MessagesProperties.put;470;isAccessible=false;
Field.set*;<org.eclipse.jdt.internal.core.util.Messages: java.lang.String classformat_newarray_boolean>;org.eclipse.osgi.util.NLS$MessagesProperties.put;470;isAccessible=false;
Field.set*;<org.eclipse.jdt.internal.core.util.Messages: java.lang.String classformat_newarray_byte>;org.eclipse.osgi.util.NLS$MessagesProperties.put;470;isAccessible=false;
Field.set*;<org.eclipse.jdt.internal.core.util.Messages: java.lang.String classformat_newarray_char>;org.eclipse.osgi.util.NLS$MessagesProperties.put;470;isAccessible=false;
Field.set*;<org.eclipse.jdt.internal.core.util.Messages: java.lang.String classformat_newarray_double>;org.eclipse.osgi.util.NLS$MessagesProperties.put;470;isAccessible=false;
Field.set*;<org.eclipse.jdt.internal.core.util.Messages: java.lang.String classformat_newarray_float>;org.eclipse.osgi.util.NLS$MessagesProperties.put;470;isAccessible=false;
Field.set*;<org.eclipse.jdt.internal.core.util.Messages: java.lang.String classformat_newarray_int>;org.eclipse.osgi.util.NLS$MessagesProperties.put;470;isAccessible=false;
Field.set*;<org.eclipse.jdt.internal.core.util.Messages: java.lang.String classformat_newarray_long>;org.eclipse.osgi.util.NLS$MessagesProperties.put;470;isAccessible=false;
Field.set*;<org.eclipse.jdt.internal.core.util.Messages: java.lang.String classformat_newarray_short>;org.eclipse.osgi.util.NLS$MessagesProperties.put;470;isAccessible=false;
Field.set*;<org.eclipse.jdt.internal.core.util.Messages: java.lang.String classformat_putfield>;org.eclipse.osgi.util.NLS$MessagesProperties.put;470;isAccessible=false;
Field.set*;<org.eclipse.jdt.internal.core.util.Messages: java.lang.String classformat_putstatic>;org.eclipse.osgi.util.NLS$MessagesProperties.put;470;isAccessible=false;
Field.set*;<org.eclipse.jdt.internal.core.util.Messages: java.lang.String classformat_store>;org.eclipse.osgi.util.NLS$MessagesProperties.put;470;isAccessible=false;
Field.set*;<org.eclipse.jdt.internal.core.util.Messages: java.lang.String classpath_archiveReadError>;org.eclipse.osgi.util.NLS$MessagesProperties.put;470;isAccessible=false;
Field.set*;<org.eclipse.jdt.internal.core.util.Messages: java.lang.String classpath_buildPath>;org.eclipse.osgi.util.NLS$MessagesProperties.put;470;isAccessible=false;
Field.set*;<org.eclipse.jdt.internal.core.util.Messages: java.lang.String classpath_cannotNestEntryInEntry>;org.eclipse.osgi.util.NLS$MessagesProperties.put;470;isAccessible=false;
Field.set*;<org.eclipse.jdt.internal.core.util.Messages: java.lang.String classpath_cannotNestEntryInEntryNoExclusion>;org.eclipse.osgi.util.NLS$MessagesProperties.put;470;isAccessible=false;
Field.set*;<org.eclipse.jdt.internal.core.util.Messages: java.lang.String classpath_cannotNestEntryInLibrary>;org.eclipse.osgi.util.NLS$MessagesProperties.put;470;isAccessible=false;
Field.set*;<org.eclipse.jdt.internal.core.util.Messages: java.lang.String classpath_cannotNestEntryInOutput>;org.eclipse.osgi.util.NLS$MessagesProperties.put;470;isAccessible=false;
Field.set*;<org.eclipse.jdt.internal.core.util.Messages: java.lang.String classpath_cannotNestOutputInEntry>;org.eclipse.osgi.util.NLS$MessagesProperties.put;470;isAccessible=false;
Field.set*;<org.eclipse.jdt.internal.core.util.Messages: java.lang.String classpath_cannotNestOutputInOutput>;org.eclipse.osgi.util.NLS$MessagesProperties.put;470;isAccessible=false;
Field.set*;<org.eclipse.jdt.internal.core.util.Messages: java.lang.String classpath_cannotReadClasspathFile>;org.eclipse.osgi.util.NLS$MessagesProperties.put;470;isAccessible=false;
Field.set*;<org.eclipse.jdt.internal.core.util.Messages: java.lang.String classpath_cannotReferToItself>;org.eclipse.osgi.util.NLS$MessagesProperties.put;470;isAccessible=false;
Field.set*;<org.eclipse.jdt.internal.core.util.Messages: java.lang.String classpath_cannotUseDistinctSourceFolderAsOutput>;org.eclipse.osgi.util.NLS$MessagesProperties.put;470;isAccessible=false;
Field.set*;<org.eclipse.jdt.internal.core.util.Messages: java.lang.String classpath_cannotUseLibraryAsOutput>;org.eclipse.osgi.util.NLS$MessagesProperties.put;470;isAccessible=false;
Field.set*;<org.eclipse.jdt.internal.core.util.Messages: java.lang.String classpath_closedProject>;org.eclipse.osgi.util.NLS$MessagesProperties.put;470;isAccessible=false;
Field.set*;<org.eclipse.jdt.internal.core.util.Messages: java.lang.String classpath_containerInfo>;org.eclipse.osgi.util.NLS$MessagesProperties.put;470;isAccessible=false;
Field.set*;<org.eclipse.jdt.internal.core.util.Messages: java.lang.String classpath_couldNotWriteClasspathFile>;org.eclipse.osgi.util.NLS$MessagesProperties.put;470;isAccessible=false;
Field.set*;<org.eclipse.jdt.internal.core.util.Messages: java.lang.String classpath_cycle>;org.eclipse.osgi.util.NLS$MessagesProperties.put;470;isAccessible=false;
Field.set*;<org.eclipse.jdt.internal.core.util.Messages: java.lang.String classpath_deprecated_variable>;org.eclipse.osgi.util.NLS$MessagesProperties.put;470;isAccessible=false;
Field.set*;<org.eclipse.jdt.internal.core.util.Messages: java.lang.String classpath_disabledInclusionExclusionPatterns>;org.eclipse.osgi.util.NLS$MessagesProperties.put;470;isAccessible=false;
Field.set*;<org.eclipse.jdt.internal.core.util.Messages: java.lang.String classpath_disabledMultipleOutputLocations>;org.eclipse.osgi.util.NLS$MessagesProperties.put;470;isAccessible=false;
Field.set*;<org.eclipse.jdt.internal.core.util.Messages: java.lang.String classpath_duplicateEntryExtraAttribute>;org.eclipse.osgi.util.NLS$MessagesProperties.put;470;isAccessible=false;
Field.set*;<org.eclipse.jdt.internal.core.util.Messages: java.lang.String classpath_duplicateEntryPath>;org.eclipse.osgi.util.NLS$MessagesProperties.put;470;isAccessible=false;
Field.set*;<org.eclipse.jdt.internal.core.util.Messages: java.lang.String classpath_illegalAddExportsSystemModule>;org.eclipse.osgi.util.NLS$MessagesProperties.put;470;isAccessible=false;
Field.set*;<org.eclipse.jdt.internal.core.util.Messages: java.lang.String classpath_illegalContainerPath>;org.eclipse.osgi.util.NLS$MessagesProperties.put;470;isAccessible=false;
Field.set*;<org.eclipse.jdt.internal.core.util.Messages: java.lang.String classpath_illegalEntryInClasspathFile>;org.eclipse.osgi.util.NLS$MessagesProperties.put;470;isAccessible=false;
Field.set*;<org.eclipse.jdt.internal.core.util.Messages: java.lang.String classpath_illegalExternalFolder>;org.eclipse.osgi.util.NLS$MessagesProperties.put;470;isAccessible=false;
Field.set*;<org.eclipse.jdt.internal.core.util.Messages: java.lang.String classpath_illegalExternalFolderInContainer>;org.eclipse.osgi.util.NLS$MessagesProperties.put;470;isAccessible=false;
Field.set*;<org.eclipse.jdt.internal.core.util.Messages: java.lang.String classpath_illegalLibraryArchive>;org.eclipse.osgi.util.NLS$MessagesProperties.put;470;isAccessible=false;
Field.set*;<org.eclipse.jdt.internal.core.util.Messages: java.lang.String classpath_illegalLibraryPath>;org.eclipse.osgi.util.NLS$MessagesProperties.put;470;isAccessible=false;
Field.set*;<org.eclipse.jdt.internal.core.util.Messages: java.lang.String classpath_illegalLibraryPathInContainer>;org.eclipse.osgi.util.NLS$MessagesProperties.put;470;isAccessible=false;
Field.set*;<org.eclipse.jdt.internal.core.util.Messages: java.lang.String classpath_illegalProjectPath>;org.eclipse.osgi.util.NLS$MessagesProperties.put;470;isAccessible=false;
Field.set*;<org.eclipse.jdt.internal.core.util.Messages: java.lang.String classpath_illegalSourceFolderPath>;org.eclipse.osgi.util.NLS$MessagesProperties.put;470;isAccessible=false;
Field.set*;<org.eclipse.jdt.internal.core.util.Messages: java.lang.String classpath_illegalVariablePath>;org.eclipse.osgi.util.NLS$MessagesProperties.put;470;isAccessible=false;
Field.set*;<org.eclipse.jdt.internal.core.util.Messages: java.lang.String classpath_incompatibleLibraryJDKLevel>;org.eclipse.osgi.util.NLS$MessagesProperties.put;470;isAccessible=false;
Field.set*;<org.eclipse.jdt.internal.core.util.Messages: java.lang.String classpath_incompatibleLibraryJDKLevelInContainer>;org.eclipse.osgi.util.NLS$MessagesProperties.put;470;isAccessible=false;
Field.set*;<org.eclipse.jdt.internal.core.util.Messages: java.lang.String classpath_invalidClasspathInClasspathFile>;org.eclipse.osgi.util.NLS$MessagesProperties.put;470;isAccessible=false;
Field.set*;<org.eclipse.jdt.internal.core.util.Messages: java.lang.String classpath_invalidContainer>;org.eclipse.osgi.util.NLS$MessagesProperties.put;470;isAccessible=false;
Field.set*;<org.eclipse.jdt.internal.core.util.Messages: java.lang.String classpath_invalidExternalAnnotationPath>;org.eclipse.osgi.util.NLS$MessagesProperties.put;470;isAccessible=false;
Field.set*;<org.eclipse.jdt.internal.core.util.Messages: java.lang.String classpath_main_only_project_depends_on_test_only_project>;org.eclipse.osgi.util.NLS$MessagesProperties.put;470;isAccessible=false;
Field.set*;<org.eclipse.jdt.internal.core.util.Messages: java.lang.String classpath_mustEndWithSlash>;org.eclipse.osgi.util.NLS$MessagesProperties.put;470;isAccessible=false;
Field.set*;<org.eclipse.jdt.internal.core.util.Messages: java.lang.String classpath_settingOutputLocationProgress>;org.eclipse.osgi.util.NLS$MessagesProperties.put;470;isAccessible=false;
Field.set*;<org.eclipse.jdt.internal.core.util.Messages: java.lang.String classpath_settingProgress>;org.eclipse.osgi.util.NLS$MessagesProperties.put;470;isAccessible=false;
Field.set*;<org.eclipse.jdt.internal.core.util.Messages: java.lang.String classpath_testOutputFolderMustBeSeparateFromMainOutputFolders>;org.eclipse.osgi.util.NLS$MessagesProperties.put;470;isAccessible=false;
Field.set*;<org.eclipse.jdt.internal.core.util.Messages: java.lang.String classpath_testSourceRequiresSeparateOutputFolder>;org.eclipse.osgi.util.NLS$MessagesProperties.put;470;isAccessible=false;
Field.set*;<org.eclipse.jdt.internal.core.util.Messages: java.lang.String classpath_unboundContainerPath>;org.eclipse.osgi.util.NLS$MessagesProperties.put;470;isAccessible=false;
Field.set*;<org.eclipse.jdt.internal.core.util.Messages: java.lang.String classpath_unboundLibrary>;org.eclipse.osgi.util.NLS$MessagesProperties.put;470;isAccessible=false;
Field.set*;<org.eclipse.jdt.internal.core.util.Messages: java.lang.String classpath_unboundLibraryInContainer>;org.eclipse.osgi.util.NLS$MessagesProperties.put;470;isAccessible=false;
Field.set*;<org.eclipse.jdt.internal.core.util.Messages: java.lang.String classpath_unboundProject>;org.eclipse.osgi.util.NLS$MessagesProperties.put;470;isAccessible=false;
Field.set*;<org.eclipse.jdt.internal.core.util.Messages: java.lang.String classpath_unboundSourceAttachment>;org.eclipse.osgi.util.NLS$MessagesProperties.put;470;isAccessible=false;
Field.set*;<org.eclipse.jdt.internal.core.util.Messages: java.lang.String classpath_unboundSourceAttachmentInContainedLibrary>;org.eclipse.osgi.util.NLS$MessagesProperties.put;470;isAccessible=false;
Field.set*;<org.eclipse.jdt.internal.core.util.Messages: java.lang.String classpath_unboundSourceFolder>;org.eclipse.osgi.util.NLS$MessagesProperties.put;470;isAccessible=false;
Field.set*;<org.eclipse.jdt.internal.core.util.Messages: java.lang.String classpath_unboundVariablePath>;org.eclipse.osgi.util.NLS$MessagesProperties.put;470;isAccessible=false;
Field.set*;<org.eclipse.jdt.internal.core.util.Messages: java.lang.String classpath_unknownKind>;org.eclipse.osgi.util.NLS$MessagesProperties.put;470;isAccessible=false;
Field.set*;<org.eclipse.jdt.internal.core.util.Messages: java.lang.String classpath_userLibraryInfo>;org.eclipse.osgi.util.NLS$MessagesProperties.put;470;isAccessible=false;
Field.set*;<org.eclipse.jdt.internal.core.util.Messages: java.lang.String classpath_xmlFormatError>;org.eclipse.osgi.util.NLS$MessagesProperties.put;470;isAccessible=false;
Field.set*;<org.eclipse.jdt.internal.core.util.Messages: java.lang.String convention_classFile_notClassFileName>;org.eclipse.osgi.util.NLS$MessagesProperties.put;470;isAccessible=false;
Field.set*;<org.eclipse.jdt.internal.core.util.Messages: java.lang.String convention_classFile_nullName>;org.eclipse.osgi.util.NLS$MessagesProperties.put;470;isAccessible=false;
Field.set*;<org.eclipse.jdt.internal.core.util.Messages: java.lang.String convention_illegalIdentifier>;org.eclipse.osgi.util.NLS$MessagesProperties.put;470;isAccessible=false;
Field.set*;<org.eclipse.jdt.internal.core.util.Messages: java.lang.String convention_import_nullImport>;org.eclipse.osgi.util.NLS$MessagesProperties.put;470;isAccessible=false;
Field.set*;<org.eclipse.jdt.internal.core.util.Messages: java.lang.String convention_import_unqualifiedImport>;org.eclipse.osgi.util.NLS$MessagesProperties.put;470;isAccessible=false;
Field.set*;<org.eclipse.jdt.internal.core.util.Messages: java.lang.String convention_module_consecutiveDotsName>;org.eclipse.osgi.util.NLS$MessagesProperties.put;470;isAccessible=false;
Field.set*;<org.eclipse.jdt.internal.core.util.Messages: java.lang.String convention_module_dotName>;org.eclipse.osgi.util.NLS$MessagesProperties.put;470;isAccessible=false;
Field.set*;<org.eclipse.jdt.internal.core.util.Messages: java.lang.String convention_module_emptyName>;org.eclipse.osgi.util.NLS$MessagesProperties.put;470;isAccessible=false;
Field.set*;<org.eclipse.jdt.internal.core.util.Messages: java.lang.String convention_module_javaName>;org.eclipse.osgi.util.NLS$MessagesProperties.put;470;isAccessible=false;
Field.set*;<org.eclipse.jdt.internal.core.util.Messages: java.lang.String convention_module_nameWithBlanks>;org.eclipse.osgi.util.NLS$MessagesProperties.put;470;isAccessible=false;
Field.set*;<org.eclipse.jdt.internal.core.util.Messages: java.lang.String convention_module_nullName>;org.eclipse.osgi.util.NLS$MessagesProperties.put;470;isAccessible=false;
Field.set*;<org.eclipse.jdt.internal.core.util.Messages: java.lang.String convention_module_uppercaseName>;org.eclipse.osgi.util.NLS$MessagesProperties.put;470;isAccessible=false;
Field.set*;<org.eclipse.jdt.internal.core.util.Messages: java.lang.String convention_package_consecutiveDotsName>;org.eclipse.osgi.util.NLS$MessagesProperties.put;470;isAccessible=false;
Field.set*;<org.eclipse.jdt.internal.core.util.Messages: java.lang.String convention_package_dotName>;org.eclipse.osgi.util.NLS$MessagesProperties.put;470;isAccessible=false;
Field.set*;<org.eclipse.jdt.internal.core.util.Messages: java.lang.String convention_package_emptyName>;org.eclipse.osgi.util.NLS$MessagesProperties.put;470;isAccessible=false;
Field.set*;<org.eclipse.jdt.internal.core.util.Messages: java.lang.String convention_package_nameWithBlanks>;org.eclipse.osgi.util.NLS$MessagesProperties.put;470;isAccessible=false;
Field.set*;<org.eclipse.jdt.internal.core.util.Messages: java.lang.String convention_package_nullName>;org.eclipse.osgi.util.NLS$MessagesProperties.put;470;isAccessible=false;
Field.set*;<org.eclipse.jdt.internal.core.util.Messages: java.lang.String convention_package_uppercaseName>;org.eclipse.osgi.util.NLS$MessagesProperties.put;470;isAccessible=false;
Field.set*;<org.eclipse.jdt.internal.core.util.Messages: java.lang.String convention_type_dollarName>;org.eclipse.osgi.util.NLS$MessagesProperties.put;470;isAccessible=false;
Field.set*;<org.eclipse.jdt.internal.core.util.Messages: java.lang.String convention_type_invalidName>;org.eclipse.osgi.util.NLS$MessagesProperties.put;470;isAccessible=false;
Field.set*;<org.eclipse.jdt.internal.core.util.Messages: java.lang.String convention_type_lowercaseName>;org.eclipse.osgi.util.NLS$MessagesProperties.put;470;isAccessible=false;
Field.set*;<org.eclipse.jdt.internal.core.util.Messages: java.lang.String convention_type_nameWithBlanks>;org.eclipse.osgi.util.NLS$MessagesProperties.put;470;isAccessible=false;
Field.set*;<org.eclipse.jdt.internal.core.util.Messages: java.lang.String convention_type_nullName>;org.eclipse.osgi.util.NLS$MessagesProperties.put;470;isAccessible=false;
Field.set*;<org.eclipse.jdt.internal.core.util.Messages: java.lang.String convention_unit_notJavaName>;org.eclipse.osgi.util.NLS$MessagesProperties.put;470;isAccessible=false;
Field.set*;<org.eclipse.jdt.internal.core.util.Messages: java.lang.String convention_unit_nullName>;org.eclipse.osgi.util.NLS$MessagesProperties.put;470;isAccessible=false;
Field.set*;<org.eclipse.jdt.internal.core.util.Messages: java.lang.String correction_nullRequestor>;org.eclipse.osgi.util.NLS$MessagesProperties.put;470;isAccessible=false;
Field.set*;<org.eclipse.jdt.internal.core.util.Messages: java.lang.String correction_nullUnit>;org.eclipse.osgi.util.NLS$MessagesProperties.put;470;isAccessible=false;
Field.set*;<org.eclipse.jdt.internal.core.util.Messages: java.lang.String disassembler_annotationannotationvalue>;org.eclipse.osgi.util.NLS$MessagesProperties.put;470;isAccessible=false;
Field.set*;<org.eclipse.jdt.internal.core.util.Messages: java.lang.String disassembler_annotationarrayvalueend>;org.eclipse.osgi.util.NLS$MessagesProperties.put;470;isAccessible=false;
Field.set*;<org.eclipse.jdt.internal.core.util.Messages: java.lang.String disassembler_annotationarrayvaluestart>;org.eclipse.osgi.util.NLS$MessagesProperties.put;470;isAccessible=false;
Field.set*;<org.eclipse.jdt.internal.core.util.Messages: java.lang.String disassembler_annotationclassvalue>;org.eclipse.osgi.util.NLS$MessagesProperties.put;470;isAccessible=false;
Field.set*;<org.eclipse.jdt.internal.core.util.Messages: java.lang.String disassembler_annotationcomponent>;org.eclipse.osgi.util.NLS$MessagesProperties.put;470;isAccessible=false;
Field.set*;<org.eclipse.jdt.internal.core.util.Messages: java.lang.String disassembler_annotationdefaultheader>;org.eclipse.osgi.util.NLS$MessagesProperties.put;470;isAccessible=false;
Field.set*;<org.eclipse.jdt.internal.core.util.Messages: java.lang.String disassembler_annotationdefaultvalue>;org.eclipse.osgi.util.NLS$MessagesProperties.put;470;isAccessible=false;
Field.set*;<org.eclipse.jdt.internal.core.util.Messages: java.lang.String disassembler_annotationentryend>;org.eclipse.osgi.util.NLS$MessagesProperties.put;470;isAccessible=false;
Field.set*;<org.eclipse.jdt.internal.core.util.Messages: java.lang.String disassembler_annotationentrystart>;org.eclipse.osgi.util.NLS$MessagesProperties.put;470;isAccessible=false;
Field.set*;<org.eclipse.jdt.internal.core.util.Messages: java.lang.String disassembler_annotationenumvalue>;org.eclipse.osgi.util.NLS$MessagesProperties.put;470;isAccessible=false;
Field.set*;<org.eclipse.jdt.internal.core.util.Messages: java.lang.String disassembler_anonymousparametername>;org.eclipse.osgi.util.NLS$MessagesProperties.put;470;isAccessible=false;
Field.set*;<org.eclipse.jdt.internal.core.util.Messages: java.lang.String disassembler_arraydimensions>;org.eclipse.osgi.util.NLS$MessagesProperties.put;470;isAccessible=false;
Field.set*;<org.eclipse.jdt.internal.core.util.Messages: java.lang.String disassembler_begincommentline>;org.eclipse.osgi.util.NLS$MessagesProperties.put;470;isAccessible=false;
Field.set*;<org.eclipse.jdt.internal.core.util.Messages: java.lang.String disassembler_bootstrapmethodattributesheader>;org.eclipse.osgi.util.NLS$MessagesProperties.put;470;isAccessible=false;
Field.set*;<org.eclipse.jdt.internal.core.util.Messages: java.lang.String disassembler_bootstrapmethodentry>;org.eclipse.osgi.util.NLS$MessagesProperties.put;470;isAccessible=false;
Field.set*;<org.eclipse.jdt.internal.core.util.Messages: java.lang.String disassembler_bootstrapmethodentry_argument>;org.eclipse.osgi.util.NLS$MessagesProperties.put;470;isAccessible=false;
Field.set*;<org.eclipse.jdt.internal.core.util.Messages: java.lang.String disassembler_closeinnerclassentry>;org.eclipse.osgi.util.NLS$MessagesProperties.put;470;isAccessible=false;
Field.set*;<org.eclipse.jdt.internal.core.util.Messages: java.lang.String disassembler_closetypedeclaration>;org.eclipse.osgi.util.NLS$MessagesProperties.put;470;isAccessible=false;
Field.set*;<org.eclipse.jdt.internal.core.util.Messages: java.lang.String disassembler_comma>;org.eclipse.osgi.util.NLS$MessagesProperties.put;470;isAccessible=false;
Field.set*;<org.eclipse.jdt.internal.core.util.Messages: java.lang.String disassembler_components>;org.eclipse.osgi.util.NLS$MessagesProperties.put;470;isAccessible=false;
Field.set*;<org.eclipse.jdt.internal.core.util.Messages: java.lang.String disassembler_constantpool_class>;org.eclipse.osgi.util.NLS$MessagesProperties.put;470;isAccessible=false;
Field.set*;<org.eclipse.jdt.internal.core.util.Messages: java.lang.String disassembler_constantpool_double>;org.eclipse.osgi.util.NLS$MessagesProperties.put;470;isAccessible=false;
Field.set*;<org.eclipse.jdt.internal.core.util.Messages: java.lang.String disassembler_constantpool_dynamic>;org.eclipse.osgi.util.NLS$MessagesProperties.put;470;isAccessible=false;
Field.set*;<org.eclipse.jdt.internal.core.util.Messages: java.lang.String disassembler_constantpool_fieldref>;org.eclipse.osgi.util.NLS$MessagesProperties.put;470;isAccessible=false;
Field.set*;<org.eclipse.jdt.internal.core.util.Messages: java.lang.String disassembler_constantpool_float>;org.eclipse.osgi.util.NLS$MessagesProperties.put;470;isAccessible=false;
Field.set*;<org.eclipse.jdt.internal.core.util.Messages: java.lang.String disassembler_constantpool_integer>;org.eclipse.osgi.util.NLS$MessagesProperties.put;470;isAccessible=false;
Field.set*;<org.eclipse.jdt.internal.core.util.Messages: java.lang.String disassembler_constantpool_interfacemethodref>;org.eclipse.osgi.util.NLS$MessagesProperties.put;470;isAccessible=false;
Field.set*;<org.eclipse.jdt.internal.core.util.Messages: java.lang.String disassembler_constantpool_invokedynamic>;org.eclipse.osgi.util.NLS$MessagesProperties.put;470;isAccessible=false;
Field.set*;<org.eclipse.jdt.internal.core.util.Messages: java.lang.String disassembler_constantpool_long>;org.eclipse.osgi.util.NLS$MessagesProperties.put;470;isAccessible=false;
Field.set*;<org.eclipse.jdt.internal.core.util.Messages: java.lang.String disassembler_constantpool_methodhandle>;org.eclipse.osgi.util.NLS$MessagesProperties.put;470;isAccessible=false;
Field.set*;<org.eclipse.jdt.internal.core.util.Messages: java.lang.String disassembler_constantpool_methodref>;org.eclipse.osgi.util.NLS$MessagesProperties.put;470;isAccessible=false;
Field.set*;<org.eclipse.jdt.internal.core.util.Messages: java.lang.String disassembler_constantpool_methodtype>;org.eclipse.osgi.util.NLS$MessagesProperties.put;470;isAccessible=false;
Field.set*;<org.eclipse.jdt.internal.core.util.Messages: java.lang.String disassembler_constantpool_name_and_type>;org.eclipse.osgi.util.NLS$MessagesProperties.put;470;isAccessible=false;
Field.set*;<org.eclipse.jdt.internal.core.util.Messages: java.lang.String disassembler_constantpool_string>;org.eclipse.osgi.util.NLS$MessagesProperties.put;470;isAccessible=false;
Field.set*;<org.eclipse.jdt.internal.core.util.Messages: java.lang.String disassembler_constantpool_utf8>;org.eclipse.osgi.util.NLS$MessagesProperties.put;470;isAccessible=false;
Field.set*;<org.eclipse.jdt.internal.core.util.Messages: java.lang.String disassembler_constantpoolheader>;org.eclipse.osgi.util.NLS$MessagesProperties.put;470;isAccessible=false;
Field.set*;<org.eclipse.jdt.internal.core.util.Messages: java.lang.String disassembler_constantpoolindex>;org.eclipse.osgi.util.NLS$MessagesProperties.put;470;isAccessible=false;
Field.set*;<org.eclipse.jdt.internal.core.util.Messages: java.lang.String disassembler_deprecated>;org.eclipse.osgi.util.NLS$MessagesProperties.put;470;isAccessible=false;
Field.set*;<org.eclipse.jdt.internal.core.util.Messages: java.lang.String disassembler_description>;org.eclipse.osgi.util.NLS$MessagesProperties.put;470;isAccessible=false;
Field.set*;<org.eclipse.jdt.internal.core.util.Messages: java.lang.String disassembler_enclosingmethodheader>;org.eclipse.osgi.util.NLS$MessagesProperties.put;470;isAccessible=false;
Field.set*;<org.eclipse.jdt.internal.core.util.Messages: java.lang.String disassembler_endofcomponent>;org.eclipse.osgi.util.NLS$MessagesProperties.put;470;isAccessible=false;
Field.set*;<org.eclipse.jdt.internal.core.util.Messages: java.lang.String disassembler_endoffieldheader>;org.eclipse.osgi.util.NLS$MessagesProperties.put;470;isAccessible=false;
Field.set*;<org.eclipse.jdt.internal.core.util.Messages: java.lang.String disassembler_endofmethodheader>;org.eclipse.osgi.util.NLS$MessagesProperties.put;470;isAccessible=false;
Field.set*;<org.eclipse.jdt.internal.core.util.Messages: java.lang.String disassembler_exceptiontableheader>;org.eclipse.osgi.util.NLS$MessagesProperties.put;470;isAccessible=false;
Field.set*;<org.eclipse.jdt.internal.core.util.Messages: java.lang.String disassembler_extendedannotation_classextendsimplements>;org.eclipse.osgi.util.NLS$MessagesProperties.put;470;isAccessible=false;
Field.set*;<org.eclipse.jdt.internal.core.util.Messages: java.lang.String disassembler_extendedannotation_exception_table_index>;org.eclipse.osgi.util.NLS$MessagesProperties.put;470;isAccessible=false;
Field.set*;<org.eclipse.jdt.internal.core.util.Messages: java.lang.String disassembler_extendedannotation_method_parameter>;org.eclipse.osgi.util.NLS$MessagesProperties.put;470;isAccessible=false;
Field.set*;<org.eclipse.jdt.internal.core.util.Messages: java.lang.String disassembler_extendedannotation_offset>;org.eclipse.osgi.util.NLS$MessagesProperties.put;470;isAccessible=false;
Field.set*;<org.eclipse.jdt.internal.core.util.Messages: java.lang.String disassembler_extendedannotation_targetType>;org.eclipse.osgi.util.NLS$MessagesProperties.put;470;isAccessible=false;
Field.set*;<org.eclipse.jdt.internal.core.util.Messages: java.lang.String disassembler_extendedannotation_throws>;org.eclipse.osgi.util.NLS$MessagesProperties.put;470;isAccessible=false;
Field.set*;<org.eclipse.jdt.internal.core.util.Messages: java.lang.String disassembler_extendedannotation_type_argument>;org.eclipse.osgi.util.NLS$MessagesProperties.put;470;isAccessible=false;
Field.set*;<org.eclipse.jdt.internal.core.util.Messages: java.lang.String disassembler_extendedannotation_type_parameter>;org.eclipse.osgi.util.NLS$MessagesProperties.put;470;isAccessible=false;
Field.set*;<org.eclipse.jdt.internal.core.util.Messages: java.lang.String disassembler_extendedannotation_type_parameter_with_bound>;org.eclipse.osgi.util.NLS$MessagesProperties.put;470;isAccessible=false;
Field.set*;<org.eclipse.jdt.internal.core.util.Messages: java.lang.String disassembler_extendedannotation_typepath>;org.eclipse.osgi.util.NLS$MessagesProperties.put;470;isAccessible=false;
Field.set*;<org.eclipse.jdt.internal.core.util.Messages: java.lang.String disassembler_extendedannotation_typepath_array>;org.eclipse.osgi.util.NLS$MessagesProperties.put;470;isAccessible=false;
Field.set*;<org.eclipse.jdt.internal.core.util.Messages: java.lang.String disassembler_extendedannotation_typepath_innertype>;org.eclipse.osgi.util.NLS$MessagesProperties.put;470;isAccessible=false;
Field.set*;<org.eclipse.jdt.internal.core.util.Messages: java.lang.String disassembler_extendedannotation_typepath_typeargument>;org.eclipse.osgi.util.NLS$MessagesProperties.put;470;isAccessible=false;
Field.set*;<org.eclipse.jdt.internal.core.util.Messages: java.lang.String disassembler_extendedannotation_typepath_wildcard>;org.eclipse.osgi.util.NLS$MessagesProperties.put;470;isAccessible=false;
Field.set*;<org.eclipse.jdt.internal.core.util.Messages: java.lang.String disassembler_extendedannotation_wildcardlocations>;org.eclipse.osgi.util.NLS$MessagesProperties.put;470;isAccessible=false;
Field.set*;<org.eclipse.jdt.internal.core.util.Messages: java.lang.String disassembler_extendedannotation_wildcardlocationtype>;org.eclipse.osgi.util.NLS$MessagesProperties.put;470;isAccessible=false;
Field.set*;<org.eclipse.jdt.internal.core.util.Messages: java.lang.String disassembler_extendedannotationentryend>;org.eclipse.osgi.util.NLS$MessagesProperties.put;470;isAccessible=false;
Field.set*;<org.eclipse.jdt.internal.core.util.Messages: java.lang.String disassembler_extendedannotationentrystart>;org.eclipse.osgi.util.NLS$MessagesProperties.put;470;isAccessible=false;
Field.set*;<org.eclipse.jdt.internal.core.util.Messages: java.lang.String disassembler_fieldhasconstant>;org.eclipse.osgi.util.NLS$MessagesProperties.put;470;isAccessible=false;
Field.set*;<org.eclipse.jdt.internal.core.util.Messages: java.lang.String disassembler_frame_append>;org.eclipse.osgi.util.NLS$MessagesProperties.put;470;isAccessible=false;
Field.set*;<org.eclipse.jdt.internal.core.util.Messages: java.lang.String disassembler_frame_chop>;org.eclipse.osgi.util.NLS$MessagesProperties.put;470;isAccessible=false;
Field.set*;<org.eclipse.jdt.internal.core.util.Messages: java.lang.String disassembler_frame_full_frame>;org.eclipse.osgi.util.NLS$MessagesProperties.put;470;isAccessible=false;
Field.set*;<org.eclipse.jdt.internal.core.util.Messages: java.lang.String disassembler_frame_same_frame>;org.eclipse.osgi.util.NLS$MessagesProperties.put;470;isAccessible=false;
Field.set*;<org.eclipse.jdt.internal.core.util.Messages: java.lang.String disassembler_frame_same_frame_extended>;org.eclipse.osgi.util.NLS$MessagesProperties.put;470;isAccessible=false;
Field.set*;<org.eclipse.jdt.internal.core.util.Messages: java.lang.String disassembler_frame_same_locals_1_stack_item>;org.eclipse.osgi.util.NLS$MessagesProperties.put;470;isAccessible=false;
Field.set*;<org.eclipse.jdt.internal.core.util.Messages: java.lang.String disassembler_frame_same_locals_1_stack_item_extended>;org.eclipse.osgi.util.NLS$MessagesProperties.put;470;isAccessible=false;
Field.set*;<org.eclipse.jdt.internal.core.util.Messages: java.lang.String disassembler_genericattributeheader>;org.eclipse.osgi.util.NLS$MessagesProperties.put;470;isAccessible=false;
Field.set*;<org.eclipse.jdt.internal.core.util.Messages: java.lang.String disassembler_indentation>;org.eclipse.osgi.util.NLS$MessagesProperties.put;470;isAccessible=false;
Field.set*;<org.eclipse.jdt.internal.core.util.Messages: java.lang.String disassembler_inner_accessflags>;org.eclipse.osgi.util.NLS$MessagesProperties.put;470;isAccessible=false;
Field.set*;<org.eclipse.jdt.internal.core.util.Messages: java.lang.String disassembler_inner_class_info_name>;org.eclipse.osgi.util.NLS$MessagesProperties.put;470;isAccessible=false;
Field.set*;<org.eclipse.jdt.internal.core.util.Messages: java.lang.String disassembler_inner_name>;org.eclipse.osgi.util.NLS$MessagesProperties.put;470;isAccessible=false;
Field.set*;<org.eclipse.jdt.internal.core.util.Messages: java.lang.String disassembler_innerattributesheader>;org.eclipse.osgi.util.NLS$MessagesProperties.put;470;isAccessible=false;
Field.set*;<org.eclipse.jdt.internal.core.util.Messages: java.lang.String disassembler_linenumberattributeheader>;org.eclipse.osgi.util.NLS$MessagesProperties.put;470;isAccessible=false;
Field.set*;<org.eclipse.jdt.internal.core.util.Messages: java.lang.String disassembler_localvariablename>;org.eclipse.osgi.util.NLS$MessagesProperties.put;470;isAccessible=false;
Field.set*;<org.eclipse.jdt.internal.core.util.Messages: java.lang.String disassembler_localvariabletableattributeheader>;org.eclipse.osgi.util.NLS$MessagesProperties.put;470;isAccessible=false;
Field.set*;<org.eclipse.jdt.internal.core.util.Messages: java.lang.String disassembler_localvariabletargetheader>;org.eclipse.osgi.util.NLS$MessagesProperties.put;470;isAccessible=false;
Field.set*;<org.eclipse.jdt.internal.core.util.Messages: java.lang.String disassembler_localvariabletypetableattributeheader>;org.eclipse.osgi.util.NLS$MessagesProperties.put;470;isAccessible=false;
Field.set*;<org.eclipse.jdt.internal.core.util.Messages: java.lang.String disassembler_method_type_ref_getfield>;org.eclipse.osgi.util.NLS$MessagesProperties.put;470;isAccessible=false;
Field.set*;<org.eclipse.jdt.internal.core.util.Messages: java.lang.String disassembler_method_type_ref_getstatic>;org.eclipse.osgi.util.NLS$MessagesProperties.put;470;isAccessible=false;
Field.set*;<org.eclipse.jdt.internal.core.util.Messages: java.lang.String disassembler_method_type_ref_invokeinterface>;org.eclipse.osgi.util.NLS$MessagesProperties.put;470;isAccessible=false;
Field.set*;<org.eclipse.jdt.internal.core.util.Messages: java.lang.String disassembler_method_type_ref_invokespecial>;org.eclipse.osgi.util.NLS$MessagesProperties.put;470;isAccessible=false;
Field.set*;<org.eclipse.jdt.internal.core.util.Messages: java.lang.String disassembler_method_type_ref_invokestatic>;org.eclipse.osgi.util.NLS$MessagesProperties.put;470;isAccessible=false;
Field.set*;<org.eclipse.jdt.internal.core.util.Messages: java.lang.String disassembler_method_type_ref_invokevirtual>;org.eclipse.osgi.util.NLS$MessagesProperties.put;470;isAccessible=false;
Field.set*;<org.eclipse.jdt.internal.core.util.Messages: java.lang.String disassembler_method_type_ref_newinvokespecial>;org.eclipse.osgi.util.NLS$MessagesProperties.put;470;isAccessible=false;
Field.set*;<org.eclipse.jdt.internal.core.util.Messages: java.lang.String disassembler_method_type_ref_putfield>;org.eclipse.osgi.util.NLS$MessagesProperties.put;470;isAccessible=false;
Field.set*;<org.eclipse.jdt.internal.core.util.Messages: java.lang.String disassembler_method_type_ref_putstatic>;org.eclipse.osgi.util.NLS$MessagesProperties.put;470;isAccessible=false;
Field.set*;<org.eclipse.jdt.internal.core.util.Messages: java.lang.String disassembler_methodparametersheader>;org.eclipse.osgi.util.NLS$MessagesProperties.put;470;isAccessible=false;
Field.set*;<org.eclipse.jdt.internal.core.util.Messages: java.lang.String disassembler_module_version>;org.eclipse.osgi.util.NLS$MessagesProperties.put;470;isAccessible=false;
Field.set*;<org.eclipse.jdt.internal.core.util.Messages: java.lang.String disassembler_module_version_none>;org.eclipse.osgi.util.NLS$MessagesProperties.put;470;isAccessible=false;
Field.set*;<org.eclipse.jdt.internal.core.util.Messages: java.lang.String disassembler_modulemainclassattributeheader>;org.eclipse.osgi.util.NLS$MessagesProperties.put;470;isAccessible=false;
Field.set*;<org.eclipse.jdt.internal.core.util.Messages: java.lang.String disassembler_modulepackagesattributeheader>;org.eclipse.osgi.util.NLS$MessagesProperties.put;470;isAccessible=false;
Field.set*;<org.eclipse.jdt.internal.core.util.Messages: java.lang.String disassembler_nesthost>;org.eclipse.osgi.util.NLS$MessagesProperties.put;470;isAccessible=false;
Field.set*;<org.eclipse.jdt.internal.core.util.Messages: java.lang.String disassembler_nestmembers>;org.eclipse.osgi.util.NLS$MessagesProperties.put;470;isAccessible=false;
Field.set*;<org.eclipse.jdt.internal.core.util.Messages: java.lang.String disassembler_openinnerclassentry>;org.eclipse.osgi.util.NLS$MessagesProperties.put;470;isAccessible=false;
Field.set*;<org.eclipse.jdt.internal.core.util.Messages: java.lang.String disassembler_opentypedeclaration>;org.eclipse.osgi.util.NLS$MessagesProperties.put;470;isAccessible=false;
Field.set*;<org.eclipse.jdt.internal.core.util.Messages: java.lang.String disassembler_outer_class_info_name>;org.eclipse.osgi.util.NLS$MessagesProperties.put;470;isAccessible=false;
Field.set*;<org.eclipse.jdt.internal.core.util.Messages: java.lang.String disassembler_parameterannotationentrystart>;org.eclipse.osgi.util.NLS$MessagesProperties.put;470;isAccessible=false;
Field.set*;<org.eclipse.jdt.internal.core.util.Messages: java.lang.String disassembler_parametername>;org.eclipse.osgi.util.NLS$MessagesProperties.put;470;isAccessible=false;
Field.set*;<org.eclipse.jdt.internal.core.util.Messages: java.lang.String disassembler_permittedsubclasses>;org.eclipse.osgi.util.NLS$MessagesProperties.put;470;isAccessible=false;
Field.set*;<org.eclipse.jdt.internal.core.util.Messages: java.lang.String disassembler_record>;org.eclipse.osgi.util.NLS$MessagesProperties.put;470;isAccessible=false;
Field.set*;<org.eclipse.jdt.internal.core.util.Messages: java.lang.String disassembler_runtimeinvisibleannotationsattributeheader>;org.eclipse.osgi.util.NLS$MessagesProperties.put;470;isAccessible=false;
Field.set*;<org.eclipse.jdt.internal.core.util.Messages: java.lang.String disassembler_runtimeinvisibleparameterannotationsattributeheader>;org.eclipse.osgi.util.NLS$MessagesProperties.put;470;isAccessible=false;
Field.set*;<org.eclipse.jdt.internal.core.util.Messages: java.lang.String disassembler_runtimeinvisibletypeannotationsattributeheader>;org.eclipse.osgi.util.NLS$MessagesProperties.put;470;isAccessible=false;
Field.set*;<org.eclipse.jdt.internal.core.util.Messages: java.lang.String disassembler_runtimevisibleannotationsattributeheader>;org.eclipse.osgi.util.NLS$MessagesProperties.put;470;isAccessible=false;
Field.set*;<org.eclipse.jdt.internal.core.util.Messages: java.lang.String disassembler_runtimevisibleparameterannotationsattributeheader>;org.eclipse.osgi.util.NLS$MessagesProperties.put;470;isAccessible=false;
Field.set*;<org.eclipse.jdt.internal.core.util.Messages: java.lang.String disassembler_runtimevisibletypeannotationsattributeheader>;org.eclipse.osgi.util.NLS$MessagesProperties.put;470;isAccessible=false;
Field.set*;<org.eclipse.jdt.internal.core.util.Messages: java.lang.String disassembler_signatureattributeheader>;org.eclipse.osgi.util.NLS$MessagesProperties.put;470;isAccessible=false;
Field.set*;<org.eclipse.jdt.internal.core.util.Messages: java.lang.String disassembler_sourceattributeheader>;org.eclipse.osgi.util.NLS$MessagesProperties.put;470;isAccessible=false;
Field.set*;<org.eclipse.jdt.internal.core.util.Messages: java.lang.String disassembler_space>;org.eclipse.osgi.util.NLS$MessagesProperties.put;470;isAccessible=false;
Field.set*;<org.eclipse.jdt.internal.core.util.Messages: java.lang.String disassembler_stackmapattributeheader>;org.eclipse.osgi.util.NLS$MessagesProperties.put;470;isAccessible=false;
Field.set*;<org.eclipse.jdt.internal.core.util.Messages: java.lang.String disassembler_stackmaptableattributeheader>;org.eclipse.osgi.util.NLS$MessagesProperties.put;470;isAccessible=false;
Field.set*;<org.eclipse.jdt.internal.core.util.Messages: java.lang.String dom_addAncestorAsChild>;org.eclipse.osgi.util.NLS$MessagesProperties.put;470;isAccessible=false;
Field.set*;<org.eclipse.jdt.internal.core.util.Messages: java.lang.String dom_addAncestorAsSibling>;org.eclipse.osgi.util.NLS$MessagesProperties.put;470;isAccessible=false;
Field.set*;<org.eclipse.jdt.internal.core.util.Messages: java.lang.String dom_addChildWithParent>;org.eclipse.osgi.util.NLS$MessagesProperties.put;470;isAccessible=false;
Field.set*;<org.eclipse.jdt.internal.core.util.Messages: java.lang.String dom_addIncompatibleChild>;org.eclipse.osgi.util.NLS$MessagesProperties.put;470;isAccessible=false;
Field.set*;<org.eclipse.jdt.internal.core.util.Messages: java.lang.String dom_addIncompatibleSibling>;org.eclipse.osgi.util.NLS$MessagesProperties.put;470;isAccessible=false;
Field.set*;<org.eclipse.jdt.internal.core.util.Messages: java.lang.String dom_addNullChild>;org.eclipse.osgi.util.NLS$MessagesProperties.put;470;isAccessible=false;
Field.set*;<org.eclipse.jdt.internal.core.util.Messages: java.lang.String dom_addNullInterface>;org.eclipse.osgi.util.NLS$MessagesProperties.put;470;isAccessible=false;
Field.set*;<org.eclipse.jdt.internal.core.util.Messages: java.lang.String dom_addNullSibling>;org.eclipse.osgi.util.NLS$MessagesProperties.put;470;isAccessible=false;
Field.set*;<org.eclipse.jdt.internal.core.util.Messages: java.lang.String dom_addSiblingBeforeRoot>;org.eclipse.osgi.util.NLS$MessagesProperties.put;470;isAccessible=false;
Field.set*;<org.eclipse.jdt.internal.core.util.Messages: java.lang.String dom_addSiblingWithParent>;org.eclipse.osgi.util.NLS$MessagesProperties.put;470;isAccessible=false;
Field.set*;<org.eclipse.jdt.internal.core.util.Messages: java.lang.String dom_cannotDetail>;org.eclipse.osgi.util.NLS$MessagesProperties.put;470;isAccessible=false;
Field.set*;<org.eclipse.jdt.internal.core.util.Messages: java.lang.String dom_mismatchArgNamesAndTypes>;org.eclipse.osgi.util.NLS$MessagesProperties.put;470;isAccessible=false;
Field.set*;<org.eclipse.jdt.internal.core.util.Messages: java.lang.String dom_nullExceptionType>;org.eclipse.osgi.util.NLS$MessagesProperties.put;470;isAccessible=false;
Field.set*;<org.eclipse.jdt.internal.core.util.Messages: java.lang.String dom_nullInterfaces>;org.eclipse.osgi.util.NLS$MessagesProperties.put;470;isAccessible=false;
Field.set*;<org.eclipse.jdt.internal.core.util.Messages: java.lang.String dom_nullNameParameter>;org.eclipse.osgi.util.NLS$MessagesProperties.put;470;isAccessible=false;
Field.set*;<org.eclipse.jdt.internal.core.util.Messages: java.lang.String dom_nullReturnType>;org.eclipse.osgi.util.NLS$MessagesProperties.put;470;isAccessible=false;
Field.set*;<org.eclipse.jdt.internal.core.util.Messages: java.lang.String dom_nullTypeParameter>;org.eclipse.osgi.util.NLS$MessagesProperties.put;470;isAccessible=false;
Field.set*;<org.eclipse.jdt.internal.core.util.Messages: java.lang.String dom_unableAddChild>;org.eclipse.osgi.util.NLS$MessagesProperties.put;470;isAccessible=false;
Field.set*;<org.eclipse.jdt.internal.core.util.Messages: java.lang.String element_attachingSource>;org.eclipse.osgi.util.NLS$MessagesProperties.put;470;isAccessible=false;
Field.set*;<org.eclipse.jdt.internal.core.util.Messages: java.lang.String element_doesNotExist>;org.eclipse.osgi.util.NLS$MessagesProperties.put;470;isAccessible=false;
Field.set*;<org.eclipse.jdt.internal.core.util.Messages: java.lang.String element_illegalParent>;org.eclipse.osgi.util.NLS$MessagesProperties.put;470;isAccessible=false;
Field.set*;<org.eclipse.jdt.internal.core.util.Messages: java.lang.String element_invalidClassFileName>;org.eclipse.osgi.util.NLS$MessagesProperties.put;470;isAccessible=false;
Field.set*;<org.eclipse.jdt.internal.core.util.Messages: java.lang.String element_invalidResourceForProject>;org.eclipse.osgi.util.NLS$MessagesProperties.put;470;isAccessible=false;
Field.set*;<org.eclipse.jdt.internal.core.util.Messages: java.lang.String element_moduleInfoNotSupported>;org.eclipse.osgi.util.NLS$MessagesProperties.put;470;isAccessible=false;
Field.set*;<org.eclipse.jdt.internal.core.util.Messages: java.lang.String element_notOnClasspath>;org.eclipse.osgi.util.NLS$MessagesProperties.put;470;isAccessible=false;
Field.set*;<org.eclipse.jdt.internal.core.util.Messages: java.lang.String element_nullName>;org.eclipse.osgi.util.NLS$MessagesProperties.put;470;isAccessible=false;
Field.set*;<org.eclipse.jdt.internal.core.util.Messages: java.lang.String element_nullType>;org.eclipse.osgi.util.NLS$MessagesProperties.put;470;isAccessible=false;
Field.set*;<org.eclipse.jdt.internal.core.util.Messages: java.lang.String element_reconciling>;org.eclipse.osgi.util.NLS$MessagesProperties.put;470;isAccessible=false;
Field.set*;<org.eclipse.jdt.internal.core.util.Messages: java.lang.String engine_completing>;org.eclipse.osgi.util.NLS$MessagesProperties.put;470;isAccessible=false;
Field.set*;<org.eclipse.jdt.internal.core.util.Messages: java.lang.String engine_searching>;org.eclipse.osgi.util.NLS$MessagesProperties.put;470;isAccessible=false;
Field.set*;<org.eclipse.jdt.internal.core.util.Messages: java.lang.String engine_searching_indexing>;org.eclipse.osgi.util.NLS$MessagesProperties.put;470;isAccessible=false;
Field.set*;<org.eclipse.jdt.internal.core.util.Messages: java.lang.String engine_searching_matching>;org.eclipse.osgi.util.NLS$MessagesProperties.put;470;isAccessible=false;
Field.set*;<org.eclipse.jdt.internal.core.util.Messages: java.lang.String exception_wrongFormat>;org.eclipse.osgi.util.NLS$MessagesProperties.put;470;isAccessible=false;
Field.set*;<org.eclipse.jdt.internal.core.util.Messages: java.lang.String file_badFormat>;org.eclipse.osgi.util.NLS$MessagesProperties.put;470;isAccessible=false;
Field.set*;<org.eclipse.jdt.internal.core.util.Messages: java.lang.String file_notFound>;org.eclipse.osgi.util.NLS$MessagesProperties.put;470;isAccessible=false;
Field.set*;<org.eclipse.jdt.internal.core.util.Messages: java.lang.String hierarchy_creating>;org.eclipse.osgi.util.NLS$MessagesProperties.put;470;isAccessible=false;
Field.set*;<org.eclipse.jdt.internal.core.util.Messages: java.lang.String hierarchy_creatingOnType>;org.eclipse.osgi.util.NLS$MessagesProperties.put;470;isAccessible=false;
Field.set*;<org.eclipse.jdt.internal.core.util.Messages: java.lang.String hierarchy_nullFocusType>;org.eclipse.osgi.util.NLS$MessagesProperties.put;470;isAccessible=false;
Field.set*;<org.eclipse.jdt.internal.core.util.Messages: java.lang.String hierarchy_nullProject>;org.eclipse.osgi.util.NLS$MessagesProperties.put;470;isAccessible=false;
Field.set*;<org.eclipse.jdt.internal.core.util.Messages: java.lang.String hierarchy_nullRegion>;org.eclipse.osgi.util.NLS$MessagesProperties.put;470;isAccessible=false;
Field.set*;<org.eclipse.jdt.internal.core.util.Messages: java.lang.String importRewrite_processDescription>;org.eclipse.osgi.util.NLS$MessagesProperties.put;470;isAccessible=false;
Field.set*;<org.eclipse.jdt.internal.core.util.Messages: java.lang.String internal_error>;org.eclipse.osgi.util.NLS$MessagesProperties.put;470;isAccessible=false;
Field.set*;<org.eclipse.jdt.internal.core.util.Messages: java.lang.String javamodel_building_after_upgrade>;org.eclipse.osgi.util.NLS$MessagesProperties.put;470;isAccessible=false;
Field.set*;<org.eclipse.jdt.internal.core.util.Messages: java.lang.String javamodel_configuring>;org.eclipse.osgi.util.NLS$MessagesProperties.put;470;isAccessible=false;
Field.set*;<org.eclipse.jdt.internal.core.util.Messages: java.lang.String javamodel_configuring_classpath_containers>;org.eclipse.osgi.util.NLS$MessagesProperties.put;470;isAccessible=false;
Field.set*;<org.eclipse.jdt.internal.core.util.Messages: java.lang.String javamodel_configuring_searchengine>;org.eclipse.osgi.util.NLS$MessagesProperties.put;470;isAccessible=false;
Field.set*;<org.eclipse.jdt.internal.core.util.Messages: java.lang.String javamodel_getting_build_state_number>;org.eclipse.osgi.util.NLS$MessagesProperties.put;470;isAccessible=false;
Field.set*;<org.eclipse.jdt.internal.core.util.Messages: java.lang.String javamodel_initialization>;org.eclipse.osgi.util.NLS$MessagesProperties.put;470;isAccessible=false;
Field.set*;<org.eclipse.jdt.internal.core.util.Messages: java.lang.String javamodel_initializing_delta_state>;org.eclipse.osgi.util.NLS$MessagesProperties.put;470;isAccessible=false;
Field.set*;<org.eclipse.jdt.internal.core.util.Messages: java.lang.String javamodel_refreshing_external_jars>;org.eclipse.osgi.util.NLS$MessagesProperties.put;470;isAccessible=false;
Field.set*;<org.eclipse.jdt.internal.core.util.Messages: java.lang.String javamodel_resetting_source_attachment_properties>;org.eclipse.osgi.util.NLS$MessagesProperties.put;470;isAccessible=false;
Field.set*;<org.eclipse.jdt.internal.core.util.Messages: java.lang.String jobmanager_filesToIndex>;org.eclipse.osgi.util.NLS$MessagesProperties.put;470;isAccessible=false;
Field.set*;<org.eclipse.jdt.internal.core.util.Messages: java.lang.String jobmanager_indexing>;org.eclipse.osgi.util.NLS$MessagesProperties.put;470;isAccessible=false;
Field.set*;<org.eclipse.jdt.internal.core.util.Messages: java.lang.String operation_cancelled>;org.eclipse.osgi.util.NLS$MessagesProperties.put;470;isAccessible=false;
Field.set*;<org.eclipse.jdt.internal.core.util.Messages: java.lang.String operation_cannotRenameDefaultPackage>;org.eclipse.osgi.util.NLS$MessagesProperties.put;470;isAccessible=false;
Field.set*;<org.eclipse.jdt.internal.core.util.Messages: java.lang.String operation_copyElementProgress>;org.eclipse.osgi.util.NLS$MessagesProperties.put;470;isAccessible=false;
Field.set*;<org.eclipse.jdt.internal.core.util.Messages: java.lang.String operation_copyResourceProgress>;org.eclipse.osgi.util.NLS$MessagesProperties.put;470;isAccessible=false;
Field.set*;<org.eclipse.jdt.internal.core.util.Messages: java.lang.String operation_createFieldProgress>;org.eclipse.osgi.util.NLS$MessagesProperties.put;470;isAccessible=false;
Field.set*;<org.eclipse.jdt.internal.core.util.Messages: java.lang.String operation_createImportsProgress>;org.eclipse.osgi.util.NLS$MessagesProperties.put;470;isAccessible=false;
Field.set*;<org.eclipse.jdt.internal.core.util.Messages: java.lang.String operation_createInitializerProgress>;org.eclipse.osgi.util.NLS$MessagesProperties.put;470;isAccessible=false;
Field.set*;<org.eclipse.jdt.internal.core.util.Messages: java.lang.String operation_createMethodProgress>;org.eclipse.osgi.util.NLS$MessagesProperties.put;470;isAccessible=false;
Field.set*;<org.eclipse.jdt.internal.core.util.Messages: java.lang.String operation_createPackageFragmentProgress>;org.eclipse.osgi.util.NLS$MessagesProperties.put;470;isAccessible=false;
Field.set*;<org.eclipse.jdt.internal.core.util.Messages: java.lang.String operation_createPackageProgress>;org.eclipse.osgi.util.NLS$MessagesProperties.put;470;isAccessible=false;
Field.set*;<org.eclipse.jdt.internal.core.util.Messages: java.lang.String operation_createTypeProgress>;org.eclipse.osgi.util.NLS$MessagesProperties.put;470;isAccessible=false;
Field.set*;<org.eclipse.jdt.internal.core.util.Messages: java.lang.String operation_createUnitProgress>;org.eclipse.osgi.util.NLS$MessagesProperties.put;470;isAccessible=false;
Field.set*;<org.eclipse.jdt.internal.core.util.Messages: java.lang.String operation_deleteElementProgress>;org.eclipse.osgi.util.NLS$MessagesProperties.put;470;isAccessible=false;
Field.set*;<org.eclipse.jdt.internal.core.util.Messages: java.lang.String operation_deleteResourceProgress>;org.eclipse.osgi.util.NLS$MessagesProperties.put;470;isAccessible=false;
Field.set*;<org.eclipse.jdt.internal.core.util.Messages: java.lang.String operation_moveElementProgress>;org.eclipse.osgi.util.NLS$MessagesProperties.put;470;isAccessible=false;
Field.set*;<org.eclipse.jdt.internal.core.util.Messages: java.lang.String operation_moveResourceProgress>;org.eclipse.osgi.util.NLS$MessagesProperties.put;470;isAccessible=false;
Field.set*;<org.eclipse.jdt.internal.core.util.Messages: java.lang.String operation_needAbsolutePath>;org.eclipse.osgi.util.NLS$MessagesProperties.put;470;isAccessible=false;
Field.set*;<org.eclipse.jdt.internal.core.util.Messages: java.lang.String operation_needElements>;org.eclipse.osgi.util.NLS$MessagesProperties.put;470;isAccessible=false;
Field.set*;<org.eclipse.jdt.internal.core.util.Messages: java.lang.String operation_needName>;org.eclipse.osgi.util.NLS$MessagesProperties.put;470;isAccessible=false;
Field.set*;<org.eclipse.jdt.internal.core.util.Messages: java.lang.String operation_needPath>;org.eclipse.osgi.util.NLS$MessagesProperties.put;470;isAccessible=false;
Field.set*;<org.eclipse.jdt.internal.core.util.Messages: java.lang.String operation_needString>;org.eclipse.osgi.util.NLS$MessagesProperties.put;470;isAccessible=false;
Field.set*;<org.eclipse.jdt.internal.core.util.Messages: java.lang.String operation_notSupported>;org.eclipse.osgi.util.NLS$MessagesProperties.put;470;isAccessible=false;
Field.set*;<org.eclipse.jdt.internal.core.util.Messages: java.lang.String operation_nullContainer>;org.eclipse.osgi.util.NLS$MessagesProperties.put;470;isAccessible=false;
Field.set*;<org.eclipse.jdt.internal.core.util.Messages: java.lang.String operation_nullName>;org.eclipse.osgi.util.NLS$MessagesProperties.put;470;isAccessible=false;
Field.set*;<org.eclipse.jdt.internal.core.util.Messages: java.lang.String operation_pathOutsideProject>;org.eclipse.osgi.util.NLS$MessagesProperties.put;470;isAccessible=false;
Field.set*;<org.eclipse.jdt.internal.core.util.Messages: java.lang.String operation_renameElementProgress>;org.eclipse.osgi.util.NLS$MessagesProperties.put;470;isAccessible=false;
Field.set*;<org.eclipse.jdt.internal.core.util.Messages: java.lang.String operation_renameResourceProgress>;org.eclipse.osgi.util.NLS$MessagesProperties.put;470;isAccessible=false;
Field.set*;<org.eclipse.jdt.internal.core.util.Messages: java.lang.String operation_sortelements>;org.eclipse.osgi.util.NLS$MessagesProperties.put;470;isAccessible=false;
Field.set*;<org.eclipse.jdt.internal.core.util.Messages: java.lang.String path_mustBeAbsolute>;org.eclipse.osgi.util.NLS$MessagesProperties.put;470;isAccessible=false;
Field.set*;<org.eclipse.jdt.internal.core.util.Messages: java.lang.String path_nullPath>;org.eclipse.osgi.util.NLS$MessagesProperties.put;470;isAccessible=false;
Field.set*;<org.eclipse.jdt.internal.core.util.Messages: java.lang.String process_name>;org.eclipse.osgi.util.NLS$MessagesProperties.put;470;isAccessible=false;
Field.set*;<org.eclipse.jdt.internal.core.util.Messages: java.lang.String refreshing_external_folders>;org.eclipse.osgi.util.NLS$MessagesProperties.put;470;isAccessible=false;
Field.set*;<org.eclipse.jdt.internal.core.util.Messages: java.lang.String savedState_jobName>;org.eclipse.osgi.util.NLS$MessagesProperties.put;470;isAccessible=false;
Field.set*;<org.eclipse.jdt.internal.core.util.Messages: java.lang.String status_IOException>;org.eclipse.osgi.util.NLS$MessagesProperties.put;470;isAccessible=false;
Field.set*;<org.eclipse.jdt.internal.core.util.Messages: java.lang.String status_JDOMError>;org.eclipse.osgi.util.NLS$MessagesProperties.put;470;isAccessible=false;
Field.set*;<org.eclipse.jdt.internal.core.util.Messages: java.lang.String status_OK>;org.eclipse.osgi.util.NLS$MessagesProperties.put;470;isAccessible=false;
Field.set*;<org.eclipse.jdt.internal.core.util.Messages: java.lang.String status_cannotUseDeviceOnPath>;org.eclipse.osgi.util.NLS$MessagesProperties.put;470;isAccessible=false;
Field.set*;<org.eclipse.jdt.internal.core.util.Messages: java.lang.String status_cannot_retrieve_attached_javadoc>;org.eclipse.osgi.util.NLS$MessagesProperties.put;470;isAccessible=false;
Field.set*;<org.eclipse.jdt.internal.core.util.Messages: java.lang.String status_coreException>;org.eclipse.osgi.util.NLS$MessagesProperties.put;470;isAccessible=false;
Field.set*;<org.eclipse.jdt.internal.core.util.Messages: java.lang.String status_defaultPackageReadOnly>;org.eclipse.osgi.util.NLS$MessagesProperties.put;470;isAccessible=false;
Field.set*;<org.eclipse.jdt.internal.core.util.Messages: java.lang.String status_evaluationError>;org.eclipse.osgi.util.NLS$MessagesProperties.put;470;isAccessible=false;
Field.set*;<org.eclipse.jdt.internal.core.util.Messages: java.lang.String status_indexOutOfBounds>;org.eclipse.osgi.util.NLS$MessagesProperties.put;470;isAccessible=false;
Field.set*;<org.eclipse.jdt.internal.core.util.Messages: java.lang.String status_invalidContents>;org.eclipse.osgi.util.NLS$MessagesProperties.put;470;isAccessible=false;
Field.set*;<org.eclipse.jdt.internal.core.util.Messages: java.lang.String status_invalidDestination>;org.eclipse.osgi.util.NLS$MessagesProperties.put;470;isAccessible=false;
Field.set*;<org.eclipse.jdt.internal.core.util.Messages: java.lang.String status_invalidName>;org.eclipse.osgi.util.NLS$MessagesProperties.put;470;isAccessible=false;
Field.set*;<org.eclipse.jdt.internal.core.util.Messages: java.lang.String status_invalidPackage>;org.eclipse.osgi.util.NLS$MessagesProperties.put;470;isAccessible=false;
Field.set*;<org.eclipse.jdt.internal.core.util.Messages: java.lang.String status_invalidPath>;org.eclipse.osgi.util.NLS$MessagesProperties.put;470;isAccessible=false;
Field.set*;<org.eclipse.jdt.internal.core.util.Messages: java.lang.String status_invalidProject>;org.eclipse.osgi.util.NLS$MessagesProperties.put;470;isAccessible=false;
Field.set*;<org.eclipse.jdt.internal.core.util.Messages: java.lang.String status_invalidResource>;org.eclipse.osgi.util.NLS$MessagesProperties.put;470;isAccessible=false;
Field.set*;<org.eclipse.jdt.internal.core.util.Messages: java.lang.String status_invalidResourceType>;org.eclipse.osgi.util.NLS$MessagesProperties.put;470;isAccessible=false;
Field.set*;<org.eclipse.jdt.internal.core.util.Messages: java.lang.String status_invalidSibling>;org.eclipse.osgi.util.NLS$MessagesProperties.put;470;isAccessible=false;
Field.set*;<org.eclipse.jdt.internal.core.util.Messages: java.lang.String status_nameCollision>;org.eclipse.osgi.util.NLS$MessagesProperties.put;470;isAccessible=false;
Field.set*;<org.eclipse.jdt.internal.core.util.Messages: java.lang.String status_noLocalContents>;org.eclipse.osgi.util.NLS$MessagesProperties.put;470;isAccessible=false;
Field.set*;<org.eclipse.jdt.internal.core.util.Messages: java.lang.String status_readOnly>;org.eclipse.osgi.util.NLS$MessagesProperties.put;470;isAccessible=false;
Field.set*;<org.eclipse.jdt.internal.core.util.Messages: java.lang.String status_targetException>;org.eclipse.osgi.util.NLS$MessagesProperties.put;470;isAccessible=false;
Field.set*;<org.eclipse.jdt.internal.core.util.Messages: java.lang.String status_timeout_javadoc>;org.eclipse.osgi.util.NLS$MessagesProperties.put;470;isAccessible=false;
Field.set*;<org.eclipse.jdt.internal.core.util.Messages: java.lang.String status_unknown_javadoc_format>;org.eclipse.osgi.util.NLS$MessagesProperties.put;470;isAccessible=false;
Field.set*;<org.eclipse.jdt.internal.core.util.Messages: java.lang.String status_updateConflict>;org.eclipse.osgi.util.NLS$MessagesProperties.put;470;isAccessible=false;
Field.set*;<org.eclipse.jdt.internal.core.util.Messages: java.lang.String synchronizing_projects_job>;org.eclipse.osgi.util.NLS$MessagesProperties.put;470;isAccessible=false;
Field.set*;<org.eclipse.jdt.internal.core.util.Messages: java.lang.String workingCopy_commit>;org.eclipse.osgi.util.NLS$MessagesProperties.put;470;isAccessible=false;
Field.set*;<org.eclipse.osgi.internal.messages.Msg: java.lang.String ADAPTER_FILEEXIST_EXCEPTION>;org.eclipse.osgi.util.NLS$MessagesProperties.put;470;isAccessible=false;
Field.set*;<org.eclipse.osgi.internal.messages.Msg: java.lang.String ADAPTOR_DIRECTORY_CREATE_EXCEPTION>;org.eclipse.osgi.util.NLS$MessagesProperties.put;470;isAccessible=false;
Field.set*;<org.eclipse.osgi.internal.messages.Msg: java.lang.String ADAPTOR_DIRECTORY_EXCEPTION>;org.eclipse.osgi.util.NLS$MessagesProperties.put;470;isAccessible=false;
Field.set*;<org.eclipse.osgi.internal.messages.Msg: java.lang.String ADAPTOR_STORAGE_INIT_FAILED_MSG>;org.eclipse.osgi.util.NLS$MessagesProperties.put;470;isAccessible=false;
Field.set*;<org.eclipse.osgi.internal.messages.Msg: java.lang.String ADAPTOR_STORAGE_INIT_FAILED_TITLE>;org.eclipse.osgi.util.NLS$MessagesProperties.put;470;isAccessible=false;
Field.set*;<org.eclipse.osgi.internal.messages.Msg: java.lang.String ADAPTOR_URL_CREATE_EXCEPTION>;org.eclipse.osgi.util.NLS$MessagesProperties.put;470;isAccessible=false;
Field.set*;<org.eclipse.osgi.internal.messages.Msg: java.lang.String BUNDLE_ACTIVATOR_EXCEPTION>;org.eclipse.osgi.util.NLS$MessagesProperties.put;470;isAccessible=false;
Field.set*;<org.eclipse.osgi.internal.messages.Msg: java.lang.String BUNDLE_CLASSPATH_ENTRY_NOT_FOUND_EXCEPTION>;org.eclipse.osgi.util.NLS$MessagesProperties.put;470;isAccessible=false;
Field.set*;<org.eclipse.osgi.internal.messages.Msg: java.lang.String BUNDLE_CONTEXT_INVALID_EXCEPTION>;org.eclipse.osgi.util.NLS$MessagesProperties.put;470;isAccessible=false;
Field.set*;<org.eclipse.osgi.internal.messages.Msg: java.lang.String BUNDLE_READ_EXCEPTION>;org.eclipse.osgi.util.NLS$MessagesProperties.put;470;isAccessible=false;
Field.set*;<org.eclipse.osgi.internal.messages.Msg: java.lang.String BUNDLE_SYSTEMBUNDLE_UNINSTALL_EXCEPTION>;org.eclipse.osgi.util.NLS$MessagesProperties.put;470;isAccessible=false;
Field.set*;<org.eclipse.osgi.internal.messages.Msg: java.lang.String BundleContextImpl_LoadActivatorError>;org.eclipse.osgi.util.NLS$MessagesProperties.put;470;isAccessible=false;
Field.set*;<org.eclipse.osgi.internal.messages.Msg: java.lang.String CANNOT_SET_CONTEXTFINDER>;org.eclipse.osgi.util.NLS$MessagesProperties.put;470;isAccessible=false;
Field.set*;<org.eclipse.osgi.internal.messages.Msg: java.lang.String ECLIPSE_CANNOT_CHANGE_LOCATION>;org.eclipse.osgi.util.NLS$MessagesProperties.put;470;isAccessible=false;
Field.set*;<org.eclipse.osgi.internal.messages.Msg: java.lang.String ECLIPSE_CLASSLOADER_ACTIVATION>;org.eclipse.osgi.util.NLS$MessagesProperties.put;470;isAccessible=false;
Field.set*;<org.eclipse.osgi.internal.messages.Msg: java.lang.String ECLIPSE_CLASSLOADER_CONCURRENT_STARTUP>;org.eclipse.osgi.util.NLS$MessagesProperties.put;470;isAccessible=false;
Field.set*;<org.eclipse.osgi.internal.messages.Msg: java.lang.String ECLIPSE_PLUGIN_EXTRACTION_PROBLEM>;org.eclipse.osgi.util.NLS$MessagesProperties.put;470;isAccessible=false;
Field.set*;<org.eclipse.osgi.internal.messages.Msg: java.lang.String ECLIPSE_STARTUP_ALREADY_RUNNING>;org.eclipse.osgi.util.NLS$MessagesProperties.put;470;isAccessible=false;
Field.set*;<org.eclipse.osgi.internal.messages.Msg: java.lang.String ECLIPSE_STARTUP_APP_ERROR>;org.eclipse.osgi.util.NLS$MessagesProperties.put;470;isAccessible=false;
Field.set*;<org.eclipse.osgi.internal.messages.Msg: java.lang.String ECLIPSE_STARTUP_BUNDLE_NOT_FOUND>;org.eclipse.osgi.util.NLS$MessagesProperties.put;470;isAccessible=false;
Field.set*;<org.eclipse.osgi.internal.messages.Msg: java.lang.String ECLIPSE_STARTUP_ERROR_BUNDLE_NOT_ACTIVE>;org.eclipse.osgi.util.NLS$MessagesProperties.put;470;isAccessible=false;
Field.set*;<org.eclipse.osgi.internal.messages.Msg: java.lang.String ECLIPSE_STARTUP_ERROR_BUNDLE_NOT_RESOLVED>;org.eclipse.osgi.util.NLS$MessagesProperties.put;470;isAccessible=false;
Field.set*;<org.eclipse.osgi.internal.messages.Msg: java.lang.String ECLIPSE_STARTUP_ERROR_CHECK_LOG>;org.eclipse.osgi.util.NLS$MessagesProperties.put;470;isAccessible=false;
Field.set*;<org.eclipse.osgi.internal.messages.Msg: java.lang.String ECLIPSE_STARTUP_ERROR_NO_APPLICATION>;org.eclipse.osgi.util.NLS$MessagesProperties.put;470;isAccessible=false;
Field.set*;<org.eclipse.osgi.internal.messages.Msg: java.lang.String ECLIPSE_STARTUP_FAILED_INSTALL>;org.eclipse.osgi.util.NLS$MessagesProperties.put;470;isAccessible=false;
Field.set*;<org.eclipse.osgi.internal.messages.Msg: java.lang.String ECLIPSE_STARTUP_FAILED_START>;org.eclipse.osgi.util.NLS$MessagesProperties.put;470;isAccessible=false;
Field.set*;<org.eclipse.osgi.internal.messages.Msg: java.lang.String ECLIPSE_STARTUP_FAILED_UNINSTALL>;org.eclipse.osgi.util.NLS$MessagesProperties.put;470;isAccessible=false;
Field.set*;<org.eclipse.osgi.internal.messages.Msg: java.lang.String ECLIPSE_STARTUP_FILEMANAGER_OPEN_ERROR>;org.eclipse.osgi.util.NLS$MessagesProperties.put;470;isAccessible=false;
Field.set*;<org.eclipse.osgi.internal.messages.Msg: java.lang.String ECLIPSE_STARTUP_NOT_RUNNING>;org.eclipse.osgi.util.NLS$MessagesProperties.put;470;isAccessible=false;
Field.set*;<org.eclipse.osgi.internal.messages.Msg: java.lang.String ECLIPSE_STARTUP_PROPS_NOT_SET>;org.eclipse.osgi.util.NLS$MessagesProperties.put;470;isAccessible=false;
Field.set*;<org.eclipse.osgi.internal.messages.Msg: java.lang.String ECLIPSE_STARTUP_SHUTDOWN_ERROR>;org.eclipse.osgi.util.NLS$MessagesProperties.put;470;isAccessible=false;
Field.set*;<org.eclipse.osgi.internal.messages.Msg: java.lang.String ECLIPSE_STARTUP_STARTUP_ERROR>;org.eclipse.osgi.util.NLS$MessagesProperties.put;470;isAccessible=false;
Field.set*;<org.eclipse.osgi.internal.messages.Msg: java.lang.String EclipseStarter_InstallLocation>;org.eclipse.osgi.util.NLS$MessagesProperties.put;470;isAccessible=false;
Field.set*;<org.eclipse.osgi.internal.messages.Msg: java.lang.String FILTER_INVALID_OPERATOR>;org.eclipse.osgi.util.NLS$MessagesProperties.put;470;isAccessible=false;
Field.set*;<org.eclipse.osgi.internal.messages.Msg: java.lang.String FILTER_INVALID_VALUE>;org.eclipse.osgi.util.NLS$MessagesProperties.put;470;isAccessible=false;
Field.set*;<org.eclipse.osgi.internal.messages.Msg: java.lang.String FILTER_MISSING_ATTR>;org.eclipse.osgi.util.NLS$MessagesProperties.put;470;isAccessible=false;
Field.set*;<org.eclipse.osgi.internal.messages.Msg: java.lang.String FILTER_MISSING_LEFTPAREN>;org.eclipse.osgi.util.NLS$MessagesProperties.put;470;isAccessible=false;
Field.set*;<org.eclipse.osgi.internal.messages.Msg: java.lang.String FILTER_MISSING_RIGHTPAREN>;org.eclipse.osgi.util.NLS$MessagesProperties.put;470;isAccessible=false;
Field.set*;<org.eclipse.osgi.internal.messages.Msg: java.lang.String FILTER_MISSING_VALUE>;org.eclipse.osgi.util.NLS$MessagesProperties.put;470;isAccessible=false;
Field.set*;<org.eclipse.osgi.internal.messages.Msg: java.lang.String FILTER_TERMINATED_ABRUBTLY>;org.eclipse.osgi.util.NLS$MessagesProperties.put;470;isAccessible=false;
Field.set*;<org.eclipse.osgi.internal.messages.Msg: java.lang.String FILTER_TRAILING_CHARACTERS>;org.eclipse.osgi.util.NLS$MessagesProperties.put;470;isAccessible=false;
Field.set*;<org.eclipse.osgi.internal.messages.Msg: java.lang.String HEADER_ATTRIBUTE_DUPLICATES>;org.eclipse.osgi.util.NLS$MessagesProperties.put;470;isAccessible=false;
Field.set*;<org.eclipse.osgi.internal.messages.Msg: java.lang.String HEADER_DIRECTIVE_DUPLICATES>;org.eclipse.osgi.util.NLS$MessagesProperties.put;470;isAccessible=false;
Field.set*;<org.eclipse.osgi.internal.messages.Msg: java.lang.String HEADER_DUPLICATE_KEY_EXCEPTION>;org.eclipse.osgi.util.NLS$MessagesProperties.put;470;isAccessible=false;
Field.set*;<org.eclipse.osgi.internal.messages.Msg: java.lang.String HEADER_EXPORT_ATTR_ERROR>;org.eclipse.osgi.util.NLS$MessagesProperties.put;470;isAccessible=false;
Field.set*;<org.eclipse.osgi.internal.messages.Msg: java.lang.String HEADER_EXTENSION_ERROR>;org.eclipse.osgi.util.NLS$MessagesProperties.put;470;isAccessible=false;
Field.set*;<org.eclipse.osgi.internal.messages.Msg: java.lang.String HEADER_PACKAGE_DUPLICATES>;org.eclipse.osgi.util.NLS$MessagesProperties.put;470;isAccessible=false;
Field.set*;<org.eclipse.osgi.internal.messages.Msg: java.lang.String HEADER_PACKAGE_JAVA>;org.eclipse.osgi.util.NLS$MessagesProperties.put;470;isAccessible=false;
Field.set*;<org.eclipse.osgi.internal.messages.Msg: java.lang.String HEADER_VERSION_ERROR>;org.eclipse.osgi.util.NLS$MessagesProperties.put;470;isAccessible=false;
Field.set*;<org.eclipse.osgi.internal.messages.Msg: java.lang.String MANIFEST_INVALID_HEADER_EXCEPTION>;org.eclipse.osgi.util.NLS$MessagesProperties.put;470;isAccessible=false;
Field.set*;<org.eclipse.osgi.internal.messages.Msg: java.lang.String MANIFEST_INVALID_LINE_NOCOLON>;org.eclipse.osgi.util.NLS$MessagesProperties.put;470;isAccessible=false;
Field.set*;<org.eclipse.osgi.internal.messages.Msg: java.lang.String MANIFEST_INVALID_SPACE>;org.eclipse.osgi.util.NLS$MessagesProperties.put;470;isAccessible=false;
Field.set*;<org.eclipse.osgi.internal.messages.Msg: java.lang.String MANIFEST_IOEXCEPTION>;org.eclipse.osgi.util.NLS$MessagesProperties.put;470;isAccessible=false;
Field.set*;<org.eclipse.osgi.internal.messages.Msg: java.lang.String ModuleContainer_NameCollision>;org.eclipse.osgi.util.NLS$MessagesProperties.put;470;isAccessible=false;
Field.set*;<org.eclipse.osgi.internal.messages.Msg: java.lang.String ModuleContainer_NameCollisionWithLocation>;org.eclipse.osgi.util.NLS$MessagesProperties.put;470;isAccessible=false;
Field.set*;<org.eclipse.osgi.internal.messages.Msg: java.lang.String ModuleContainer_NegativeStartLevelError>;org.eclipse.osgi.util.NLS$MessagesProperties.put;470;isAccessible=false;
Field.set*;<org.eclipse.osgi.internal.messages.Msg: java.lang.String ModuleContainer_StateLockError>;org.eclipse.osgi.util.NLS$MessagesProperties.put;470;isAccessible=false;
Field.set*;<org.eclipse.osgi.internal.messages.Msg: java.lang.String ModuleContainer_SystemNotActiveError>;org.eclipse.osgi.util.NLS$MessagesProperties.put;470;isAccessible=false;
Field.set*;<org.eclipse.osgi.internal.messages.Msg: java.lang.String ModuleContainer_SystemStartLevelError>;org.eclipse.osgi.util.NLS$MessagesProperties.put;470;isAccessible=false;
Field.set*;<org.eclipse.osgi.internal.messages.Msg: java.lang.String ModuleResolutionReport_AnotherSingleton>;org.eclipse.osgi.util.NLS$MessagesProperties.put;470;isAccessible=false;
Field.set*;<org.eclipse.osgi.internal.messages.Msg: java.lang.String ModuleResolutionReport_FilteredByHook>;org.eclipse.osgi.util.NLS$MessagesProperties.put;470;isAccessible=false;
Field.set*;<org.eclipse.osgi.internal.messages.Msg: java.lang.String ModuleResolutionReport_NoReport>;org.eclipse.osgi.util.NLS$MessagesProperties.put;470;isAccessible=false;
Field.set*;<org.eclipse.osgi.internal.messages.Msg: java.lang.String ModuleResolutionReport_Unknown>;org.eclipse.osgi.util.NLS$MessagesProperties.put;470;isAccessible=false;
Field.set*;<org.eclipse.osgi.internal.messages.Msg: java.lang.String ModuleResolutionReport_UnresolvedReq>;org.eclipse.osgi.util.NLS$MessagesProperties.put;470;isAccessible=false;
Field.set*;<org.eclipse.osgi.internal.messages.Msg: java.lang.String ModuleResolutionReport_UsesConstraintError>;org.eclipse.osgi.util.NLS$MessagesProperties.put;470;isAccessible=false;
Field.set*;<org.eclipse.osgi.internal.messages.Msg: java.lang.String ModuleResolver_RecursiveError>;org.eclipse.osgi.util.NLS$MessagesProperties.put;470;isAccessible=false;
Field.set*;<org.eclipse.osgi.internal.messages.Msg: java.lang.String ModuleResolver_SingletonDisabledError>;org.eclipse.osgi.util.NLS$MessagesProperties.put;470;isAccessible=false;
Field.set*;<org.eclipse.osgi.internal.messages.Msg: java.lang.String Module_Fragment_InvalidOperation>;org.eclipse.osgi.util.NLS$MessagesProperties.put;470;isAccessible=false;
Field.set*;<org.eclipse.osgi.internal.messages.Msg: java.lang.String Module_LockError>;org.eclipse.osgi.util.NLS$MessagesProperties.put;470;isAccessible=false;
Field.set*;<org.eclipse.osgi.internal.messages.Msg: java.lang.String Module_LockStateError>;org.eclipse.osgi.util.NLS$MessagesProperties.put;470;isAccessible=false;
Field.set*;<org.eclipse.osgi.internal.messages.Msg: java.lang.String Module_LockTimeout>;org.eclipse.osgi.util.NLS$MessagesProperties.put;470;isAccessible=false;
Field.set*;<org.eclipse.osgi.internal.messages.Msg: java.lang.String Module_ResolveError>;org.eclipse.osgi.util.NLS$MessagesProperties.put;470;isAccessible=false;
Field.set*;<org.eclipse.osgi.internal.messages.Msg: java.lang.String Module_StartError>;org.eclipse.osgi.util.NLS$MessagesProperties.put;470;isAccessible=false;
Field.set*;<org.eclipse.osgi.internal.messages.Msg: java.lang.String Module_StopError>;org.eclipse.osgi.util.NLS$MessagesProperties.put;470;isAccessible=false;
Field.set*;<org.eclipse.osgi.internal.messages.Msg: java.lang.String Module_Transient_StartError>;org.eclipse.osgi.util.NLS$MessagesProperties.put;470;isAccessible=false;
Field.set*;<org.eclipse.osgi.internal.messages.Msg: java.lang.String Module_UninstalledError>;org.eclipse.osgi.util.NLS$MessagesProperties.put;470;isAccessible=false;
Field.set*;<org.eclipse.osgi.internal.messages.Msg: java.lang.String OSGiManifestBuilderFactory_ExtensionNativeError>;org.eclipse.osgi.util.NLS$MessagesProperties.put;470;isAccessible=false;
Field.set*;<org.eclipse.osgi.internal.messages.Msg: java.lang.String OSGiManifestBuilderFactory_ExtensionReqBundleError>;org.eclipse.osgi.util.NLS$MessagesProperties.put;470;isAccessible=false;
Field.set*;<org.eclipse.osgi.internal.messages.Msg: java.lang.String OSGiManifestBuilderFactory_InvalidManifestError>;org.eclipse.osgi.util.NLS$MessagesProperties.put;470;isAccessible=false;
Field.set*;<org.eclipse.osgi.internal.messages.Msg: java.lang.String RESOURCE_NOT_FOUND_EXCEPTION>;org.eclipse.osgi.util.NLS$MessagesProperties.put;470;isAccessible=false;
Field.set*;<org.eclipse.osgi.internal.messages.Msg: java.lang.String SERVICE_ALREADY_UNREGISTERED_EXCEPTION>;org.eclipse.osgi.util.NLS$MessagesProperties.put;470;isAccessible=false;
Field.set*;<org.eclipse.osgi.internal.messages.Msg: java.lang.String SERVICE_ARGUMENT_NULL_EXCEPTION>;org.eclipse.osgi.util.NLS$MessagesProperties.put;470;isAccessible=false;
Field.set*;<org.eclipse.osgi.internal.messages.Msg: java.lang.String SERVICE_EMPTY_CLASS_LIST_EXCEPTION>;org.eclipse.osgi.util.NLS$MessagesProperties.put;470;isAccessible=false;
Field.set*;<org.eclipse.osgi.internal.messages.Msg: java.lang.String SERVICE_FACTORY_EXCEPTION>;org.eclipse.osgi.util.NLS$MessagesProperties.put;470;isAccessible=false;
Field.set*;<org.eclipse.osgi.internal.messages.Msg: java.lang.String SERVICE_FACTORY_NOT_INSTANCEOF_CLASS_EXCEPTION>;org.eclipse.osgi.util.NLS$MessagesProperties.put;470;isAccessible=false;
Field.set*;<org.eclipse.osgi.internal.messages.Msg: java.lang.String SERVICE_FACTORY_RECURSION>;org.eclipse.osgi.util.NLS$MessagesProperties.put;470;isAccessible=false;
Field.set*;<org.eclipse.osgi.internal.messages.Msg: java.lang.String SERVICE_NOT_INSTANCEOF_CLASS_EXCEPTION>;org.eclipse.osgi.util.NLS$MessagesProperties.put;470;isAccessible=false;
Field.set*;<org.eclipse.osgi.internal.messages.Msg: java.lang.String SERVICE_OBJECTS_UNGET_ARGUMENT_EXCEPTION>;org.eclipse.osgi.util.NLS$MessagesProperties.put;470;isAccessible=false;
Field.set*;<org.eclipse.osgi.internal.messages.Msg: java.lang.String SERVICE_OBJECT_NULL_EXCEPTION>;org.eclipse.osgi.util.NLS$MessagesProperties.put;470;isAccessible=false;
Field.set*;<org.eclipse.osgi.internal.messages.Msg: java.lang.String SERVICE_USE_DEADLOCK>;org.eclipse.osgi.util.NLS$MessagesProperties.put;470;isAccessible=false;
Field.set*;<org.eclipse.osgi.internal.messages.Msg: java.lang.String SERVICE_USE_OVERFLOW>;org.eclipse.osgi.util.NLS$MessagesProperties.put;470;isAccessible=false;
Field.set*;<org.eclipse.osgi.internal.messages.Msg: java.lang.String SystemModule_LockError>;org.eclipse.osgi.util.NLS$MessagesProperties.put;470;isAccessible=false;
Field.set*;<org.eclipse.osgi.internal.messages.Msg: java.lang.String URL_HANDLER_INCORRECT_TYPE>;org.eclipse.osgi.util.NLS$MessagesProperties.put;470;isAccessible=false;
Field.set*;<org.eclipse.osgi.internal.messages.Msg: java.lang.String URL_INVALID_BUNDLE_ID>;org.eclipse.osgi.util.NLS$MessagesProperties.put;470;isAccessible=false;
Field.set*;<org.eclipse.osgi.internal.messages.Msg: java.lang.String URL_NO_BUNDLE_FOUND>;org.eclipse.osgi.util.NLS$MessagesProperties.put;470;isAccessible=false;
Field.set*;<org.eclipse.osgi.internal.messages.Msg: java.lang.String URL_NO_BUNDLE_ID>;org.eclipse.osgi.util.NLS$MessagesProperties.put;470;isAccessible=false;
Field.set*;<org.eclipse.osgi.internal.messages.Msg: java.lang.String error_badNL>;org.eclipse.osgi.util.NLS$MessagesProperties.put;470;isAccessible=false;
Field.set*;<org.eclipse.osgi.internal.messages.Msg: java.lang.String error_badNL_language>;org.eclipse.osgi.util.NLS$MessagesProperties.put;470;isAccessible=false;
Field.set*;<org.eclipse.osgi.internal.messages.Msg: java.lang.String error_badNL_language_country>;org.eclipse.osgi.util.NLS$MessagesProperties.put;470;isAccessible=false;
Field.set*;<org.eclipse.osgi.internal.messages.Msg: java.lang.String fileManager_cannotLock>;org.eclipse.osgi.util.NLS$MessagesProperties.put;470;isAccessible=false;
Field.set*;<org.eclipse.osgi.internal.messages.Msg: java.lang.String fileManager_illegalInReadOnlyMode>;org.eclipse.osgi.util.NLS$MessagesProperties.put;470;isAccessible=false;
Field.set*;<org.eclipse.osgi.internal.messages.Msg: java.lang.String fileManager_notOpen>;org.eclipse.osgi.util.NLS$MessagesProperties.put;470;isAccessible=false;
Field.set*;<org.eclipse.osgi.internal.messages.Msg: java.lang.String fileManager_updateFailed>;org.eclipse.osgi.util.NLS$MessagesProperties.put;470;isAccessible=false;
Field.set*;<org.eclipse.osgi.internal.messages.Msg: java.lang.String location_cannotLock>;org.eclipse.osgi.util.NLS$MessagesProperties.put;470;isAccessible=false;
Field.set*;<org.eclipse.osgi.internal.messages.Msg: java.lang.String location_cannotLockNIO>;org.eclipse.osgi.util.NLS$MessagesProperties.put;470;isAccessible=false;
Field.set*;<org.eclipse.osgi.internal.messages.Msg: java.lang.String location_folderReadOnly>;org.eclipse.osgi.util.NLS$MessagesProperties.put;470;isAccessible=false;
Field.set*;<org.eclipse.osgi.internal.messages.Msg: java.lang.String location_noLockFile>;org.eclipse.osgi.util.NLS$MessagesProperties.put;470;isAccessible=false;
Field.set*;<org.eclipse.osgi.internal.messages.Msg: java.lang.String location_notFileProtocol>;org.eclipse.osgi.util.NLS$MessagesProperties.put;470;isAccessible=false;
Field.set*;<org.eclipse.osgi.internal.messages.Msg: java.lang.String location_notSet>;org.eclipse.osgi.util.NLS$MessagesProperties.put;470;isAccessible=false;
Method.invoke;<java.lang.Class: java.lang.Module getModule()>;org.eclipse.osgi.storage.Storage.calculateVMPackages;1875;isAccessible=false;
Method.invoke;<java.lang.ClassLoader: java.lang.ClassLoader getPlatformClassLoader()>;org.eclipse.osgi.internal.framework.EquinoxContainer.<init>;92;isAccessible=false;
Method.invoke;<java.lang.Module: java.lang.module.ModuleDescriptor getDescriptor()>;org.eclipse.osgi.storage.Storage.calculateVMPackages;1898;isAccessible=false;
Method.invoke;<java.lang.ModuleLayer: java.lang.ModuleLayer boot()>;org.eclipse.osgi.storage.Storage.calculateVMPackages;1889;isAccessible=false;
Method.invoke;<java.lang.ModuleLayer: java.util.Set modules()>;org.eclipse.osgi.storage.Storage.calculateVMPackages;1890;isAccessible=false;
Method.invoke;<java.lang.StackWalker$Option: java.lang.StackWalker$Option[] values()>;java.lang.Class.getEnumConstantsShared;;isAccessible=true;
Method.invoke;<java.lang.annotation.RetentionPolicy: java.lang.annotation.RetentionPolicy[] values()>;java.lang.Class.getEnumConstantsShared;;isAccessible=true;
Method.invoke;<java.lang.invoke.MethodHandles$Lookup: java.lang.invoke.MethodHandles$Lookup defineHiddenClass(byte[],boolean,java.lang.invoke.MethodHandles$Lookup$ClassOption[])>;org.eclipse.osgi.internal.url.MultiplexingFactory.<clinit>;92;isAccessible=false;
Method.invoke;<java.lang.module.ModuleDescriptor$Exports: boolean isQualified()>;org.eclipse.osgi.storage.Storage.calculateVMPackages;1910;isAccessible=false;
Method.invoke;<java.lang.module.ModuleDescriptor$Exports: java.lang.String source()>;org.eclipse.osgi.storage.Storage.calculateVMPackages;1909;isAccessible=false;
Method.invoke;<java.lang.module.ModuleDescriptor: boolean isAutomatic()>;org.eclipse.osgi.storage.Storage.calculateVMPackages;1899;isAccessible=false;
Method.invoke;<java.lang.module.ModuleDescriptor: java.util.Set exports()>;org.eclipse.osgi.storage.Storage.calculateVMPackages;1908;isAccessible=false;
Method.invoke;<java.net.URLClassLoader: void addURL(java.net.URL)>;org.eclipse.osgi.storage.FrameworkExtensionInstaller.callAddURLMethod;92;isAccessible=true;
Method.invoke;<java.nio.file.FileVisitOption: java.nio.file.FileVisitOption[] values()>;java.lang.Class.getEnumConstantsShared;;isAccessible=true;
Method.invoke;<java.nio.file.attribute.PosixFilePermission: java.nio.file.attribute.PosixFilePermission[] values()>;java.lang.Class.getEnumConstantsShared;;isAccessible=true;
Method.invoke;<org.dacapo.harness.TestHarness: void main(java.lang.String[])>;Harness.main;39;isAccessible=false;
Method.invoke;<org.eclipse.core.internal.content.ContentTypeManager: void addRegistryChangeListener(org.eclipse.core.runtime.IExtensionRegistry)>;org.apache.felix.scr.impl.inject.methods.BaseMethod.invokeMethod;245;isAccessible=true;
Method.invoke;<org.eclipse.core.internal.content.ContentTypeManager: void removeRegistryChangeListener(org.eclipse.core.runtime.IExtensionRegistry)>;org.apache.felix.scr.impl.inject.methods.BaseMethod.invokeMethod;245;isAccessible=true;
Method.invoke;<org.eclipse.core.internal.resources.CheckMissingNaturesListener: void register()>;org.apache.felix.scr.impl.inject.methods.BaseMethod.invokeMethod;245;isAccessible=true;
Method.invoke;<org.eclipse.core.internal.resources.CheckMissingNaturesListener: void unregister()>;org.apache.felix.scr.impl.inject.methods.BaseMethod.invokeMethod;245;isAccessible=true;
Method.invoke;<org.eclipse.core.internal.resources.ResourceChangeListenerRegistrar: void addResourceChangeListener(org.eclipse.core.resources.IResourceChangeListener,java.util.Map)>;org.apache.felix.scr.impl.inject.methods.BaseMethod.invokeMethod;245;isAccessible=true;
Method.invoke;<org.eclipse.core.internal.resources.ResourceChangeListenerRegistrar: void removeResourceChangeListener(org.eclipse.core.resources.IResourceChangeListener)>;org.apache.felix.scr.impl.inject.methods.BaseMethod.invokeMethod;245;isAccessible=true;
Method.invoke;<org.eclipse.core.internal.resources.ResourceChangeListenerRegistrar: void setLoggerFactory(org.osgi.service.log.LoggerFactory)>;org.apache.felix.scr.impl.inject.methods.BaseMethod.invokeMethod;245;isAccessible=true;
Method.invoke;<org.eclipse.core.internal.resources.ResourceChangeListenerRegistrar: void unsetLogger()>;org.apache.felix.scr.impl.inject.methods.BaseMethod.invokeMethod;245;isAccessible=true;
Method.invoke;<org.eclipse.core.runtime.adaptor.EclipseStarter: boolean isRunning()>;org.dacapo.harness.Eclipse.preIteration;56;isAccessible=false;
Method.invoke;<org.eclipse.core.runtime.adaptor.EclipseStarter: java.lang.Object run(java.lang.Object)>;org.dacapo.harness.Eclipse.iterate;74;isAccessible=false;
Method.invoke;<org.eclipse.core.runtime.adaptor.EclipseStarter: java.lang.Object run(java.lang.Object)>;org.dacapo.harness.Eclipse.postIteration;83;isAccessible=false;
Method.invoke;<org.eclipse.core.runtime.adaptor.EclipseStarter: java.lang.Object run(java.lang.Object)>;org.dacapo.harness.Eclipse.preIteration;63;isAccessible=false;
Method.invoke;<org.eclipse.core.runtime.adaptor.EclipseStarter: org.osgi.framework.BundleContext startup(java.lang.String[],java.lang.Runnable)>;org.dacapo.harness.Eclipse.startup;121;isAccessible=false;
Method.invoke;<org.eclipse.core.runtime.adaptor.EclipseStarter: void shutdown()>;org.dacapo.harness.Eclipse.cleanup;93;isAccessible=false;
Method.invoke;<org.eclipse.jdt.internal.core.search.indexing.QualifierQuery$QueryCategory: org.eclipse.jdt.internal.core.search.indexing.QualifierQuery$QueryCategory[] values()>;java.lang.Class.getEnumConstantsShared;;isAccessible=true;
Method.invoke;<org.eclipse.osgi.container.Module$Settings: org.eclipse.osgi.container.Module$Settings[] values()>;java.lang.Class.getEnumConstantsShared;;isAccessible=true;
Method.invoke;<org.eclipse.osgi.container.Module$State: org.eclipse.osgi.container.Module$State[] values()>;java.lang.Class.getEnumConstantsShared;;isAccessible=true;
Method.invoke;<org.eclipse.osgi.container.ModuleContainerAdaptor$ModuleEvent: org.eclipse.osgi.container.ModuleContainerAdaptor$ModuleEvent[] values()>;java.lang.Class.getEnumConstantsShared;;isAccessible=true;
Method.invoke;<org.osgi.service.application.ApplicationDescriptor: org.osgi.service.application.ApplicationHandle launch(java.util.Map)>;org.eclipse.core.runtime.internal.adaptor.EclipseAppLauncher.reStart;190;isAccessible=false;
Method.invoke;<sun.misc.Unsafe: java.lang.Object getObject(java.lang.Object,long)>;org.eclipse.osgi.internal.url.MultiplexingFactory.<clinit>;86;isAccessible=false;
Method.invoke;<sun.misc.Unsafe: long staticFieldOffset(java.lang.reflect.Field)>;org.eclipse.osgi.internal.url.MultiplexingFactory.<clinit>;82;isAccessible=false;
