Array.newInstance;boolean[];com.sun.jmx.mbeanserver.DefaultMXBeanMappingFactory.<clinit>;222;;
Array.newInstance;boolean[];java.lang.reflect.ProxyGenerator$PrimitiveTypeInfo.<init>;998;;
Array.newInstance;boolean[];org.springframework.boot.context.properties.bind.Bindable.box;286;;
Array.newInstance;boolean[];sun.reflect.generics.factory.CoreReflectionFactory.makeArrayType;123;;
Array.newInstance;byte[];com.sun.jmx.mbeanserver.DefaultMXBeanMappingFactory.<clinit>;222;;
Array.newInstance;byte[];java.lang.reflect.ProxyGenerator$PrimitiveTypeInfo.<init>;998;;
Array.newInstance;byte[];sun.reflect.generics.factory.CoreReflectionFactory.makeArrayType;123;;
Array.newInstance;char[];com.sun.jmx.mbeanserver.DefaultMXBeanMappingFactory.<clinit>;222;;
Array.newInstance;char[];java.lang.reflect.ProxyGenerator$PrimitiveTypeInfo.<init>;998;;
Array.newInstance;char[];sun.reflect.generics.factory.CoreReflectionFactory.makeArrayType;123;;
Array.newInstance;com.fasterxml.jackson.databind.Module[];java.util.HashMap.prepareArray;926;;
Array.newInstance;com.fasterxml.jackson.databind.deser.Deserializers[];com.fasterxml.jackson.databind.util.ArrayBuilders.insertInListNoDup;232;;
Array.newInstance;com.fasterxml.jackson.databind.deser.KeyDeserializers[];com.fasterxml.jackson.databind.util.ArrayBuilders.insertInListNoDup;232;;
Array.newInstance;com.fasterxml.jackson.databind.deser.ValueInstantiators[];com.fasterxml.jackson.databind.util.ArrayBuilders.insertInListNoDup;232;;
Array.newInstance;com.fasterxml.jackson.databind.ser.Serializers[];com.fasterxml.jackson.databind.util.ArrayBuilders.insertInListNoDup;232;;
Array.newInstance;double[];com.sun.jmx.mbeanserver.DefaultMXBeanMappingFactory.<clinit>;222;;
Array.newInstance;double[];java.lang.reflect.ProxyGenerator$PrimitiveTypeInfo.<init>;998;;
Array.newInstance;double[];sun.reflect.generics.factory.CoreReflectionFactory.makeArrayType;123;;
Array.newInstance;float[];com.sun.jmx.mbeanserver.DefaultMXBeanMappingFactory.<clinit>;222;;
Array.newInstance;float[];java.lang.reflect.ProxyGenerator$PrimitiveTypeInfo.<init>;998;;
Array.newInstance;float[];sun.reflect.generics.factory.CoreReflectionFactory.makeArrayType;123;;
Array.newInstance;int[];com.sun.jmx.mbeanserver.DefaultMXBeanMappingFactory.<clinit>;222;;
Array.newInstance;int[];java.lang.reflect.ProxyGenerator$PrimitiveTypeInfo.<init>;998;;
Array.newInstance;int[];org.springframework.boot.context.properties.bind.Bindable.box;286;;
Array.newInstance;int[];sun.reflect.generics.factory.CoreReflectionFactory.makeArrayType;123;;
Array.newInstance;java.beans.PropertyDescriptor[];java.util.HashMap.prepareArray;926;;
Array.newInstance;java.io.ObjectStreamClass$MemberSignature[];java.util.TimSort.<init>;157;;
Array.newInstance;java.lang.ClassLoader[];java.util.HashMap.prepareArray;926;;
Array.newInstance;java.lang.Class[];java.util.AbstractCollection.toArray;185;;
Array.newInstance;java.lang.Class[];java.util.Arrays.copyOf;3513;;
Array.newInstance;java.lang.Class[];java.util.Arrays.copyOfRange;3786;;
Array.newInstance;java.lang.Class[];java.util.Collections$CopiesList.toArray;5199;;
Array.newInstance;java.lang.Class[];java.util.HashMap.prepareArray;926;;
Array.newInstance;java.lang.Class[];java.util.ImmutableCollections$List12.toArray;640;;
Array.newInstance;java.lang.Class[];org.springframework.core.annotation.TypeMappedAnnotation.emptyArray;542;;
Array.newInstance;java.lang.Object[];java.util.HashMap.prepareArray;926;;
Array.newInstance;java.lang.Object[];java.util.IdentityHashMap$KeySet.toArray;1023;;
Array.newInstance;java.lang.Object[];java.util.TimSort.<init>;157;;
Array.newInstance;java.lang.Object[];java.util.TimSort.ensureCapacity;933;;
Array.newInstance;java.lang.Object[];org.springframework.core.convert.support.GenericConversionService$Converters.addToClassHierarchy;621;;
Array.newInstance;java.lang.Object[];sun.reflect.generics.factory.CoreReflectionFactory.makeArrayType;123;;
Array.newInstance;java.lang.StackTraceElement[];java.util.Arrays.copyOfRange;3786;;
Array.newInstance;java.lang.String[];java.util.AbstractCollection.toArray;185;;
Array.newInstance;java.lang.String[];java.util.Arrays.copyOf;3513;;
Array.newInstance;java.lang.String[];java.util.HashMap.prepareArray;926;;
Array.newInstance;java.lang.String[];java.util.concurrent.ConcurrentHashMap$CollectionView.toArray;4486;;
Array.newInstance;java.lang.String[];org.springframework.core.ResolvableType.forArrayComponent;1352;;
Array.newInstance;java.lang.String[];org.springframework.core.type.classreading.MergedAnnotationReadingVisitor$ArrayVisitor.visitEnd;181;;
Array.newInstance;java.lang.ThreadGroup[];java.util.Arrays.copyOf;3513;;
Array.newInstance;java.lang.Thread[];java.util.Arrays.copyOf;3513;;
Array.newInstance;java.lang.annotation.Annotation[];java.util.Arrays.copyOf;3513;;
Array.newInstance;java.lang.annotation.Annotation[];java.util.HashMap.prepareArray;926;;
Array.newInstance;java.lang.annotation.Annotation[];org.springframework.core.annotation.AnnotationUtils.synthesizeAnnotationArray;1277;;
Array.newInstance;java.lang.annotation.ElementType[];sun.reflect.annotation.AnnotationParser.parseEnumArray;722;;
Array.newInstance;java.lang.invoke.LambdaForm$Name[];java.util.Arrays.copyOf;3513;;
Array.newInstance;java.lang.reflect.Field[];java.util.HashMap.prepareArray;926;;
Array.newInstance;java.lang.reflect.Field[];java.util.TimSort.<init>;157;;
Array.newInstance;java.lang.reflect.Field[];jdk.internal.reflect.Reflection.filter;317;;
Array.newInstance;java.lang.reflect.Field[];jdk.internal.reflect.Reflection.filter;325;;
Array.newInstance;java.lang.reflect.Method[];java.util.Arrays.copyOf;3513;;
Array.newInstance;java.lang.reflect.Method[];java.util.TimSort.<init>;157;;
Array.newInstance;java.lang.reflect.Method[];jdk.internal.reflect.Reflection.filter;325;;
Array.newInstance;java.net.URL[];java.util.Arrays.copyOf;3513;;
Array.newInstance;java.security.Provider[];java.util.AbstractCollection.toArray;185;;
Array.newInstance;java.sql.Statement[];com.zaxxer.hikari.util.FastList.<init>;65;;
Array.newInstance;java.time.format.DateTimeFormatterBuilder$DateTimePrinterParser[];java.util.Arrays.copyOf;3513;;
Array.newInstance;java.util.Map$Entry[];java.util.AbstractCollection.toArray;185;;
Array.newInstance;java.util.Map$Entry[];java.util.TimSort.<init>;157;;
Array.newInstance;java.util.logging.Handler[];java.util.Arrays.copyOf;3513;;
Array.newInstance;javax.persistence.CascadeType[];sun.reflect.annotation.AnnotationParser.parseEnumArray;722;;
Array.newInstance;javax.persistence.Index[];sun.reflect.annotation.AnnotationParser.parseAnnotationArray;731;;
Array.newInstance;javax.persistence.JoinColumn[];sun.reflect.annotation.AnnotationParser.parseAnnotationArray;731;;
Array.newInstance;javax.persistence.PersistenceProperty[];sun.reflect.annotation.AnnotationParser.parseAnnotationArray;731;;
Array.newInstance;javax.persistence.UniqueConstraint[];sun.reflect.annotation.AnnotationParser.parseAnnotationArray;731;;
Array.newInstance;javax.validation.constraintvalidation.ValidationTarget[];sun.reflect.annotation.AnnotationParser.parseEnumArray;722;;
Array.newInstance;jdk.nio.zipfs.ZipFileSystem$IndexNode[];java.util.HashMap.prepareArray;926;;
Array.newInstance;long[];com.sun.jmx.mbeanserver.DefaultMXBeanMappingFactory.<clinit>;222;;
Array.newInstance;long[];java.lang.reflect.ProxyGenerator$PrimitiveTypeInfo.<init>;998;;
Array.newInstance;long[];org.springframework.boot.context.properties.bind.Bindable.box;286;;
Array.newInstance;long[];sun.reflect.generics.factory.CoreReflectionFactory.makeArrayType;123;;
Array.newInstance;org.apache.coyote.http11.InputFilter[];java.util.Arrays.copyOf;3513;;
Array.newInstance;org.apache.coyote.http11.OutputFilter[];java.util.Arrays.copyOf;3513;;
Array.newInstance;org.apache.tomcat.util.descriptor.web.FilterMap[];java.util.Arrays.copyOf;3513;;
Array.newInstance;org.h2.value.Value[];java.util.Arrays.copyOf;3513;;
Array.newInstance;org.hibernate.event.spi.AutoFlushEventListener[];org.hibernate.event.service.internal.EventListenerGroupImpl.internalAppend;198;;
Array.newInstance;org.hibernate.event.spi.DeleteEventListener[];org.hibernate.event.service.internal.EventListenerGroupImpl.internalAppend;198;;
Array.newInstance;org.hibernate.event.spi.DirtyCheckEventListener[];org.hibernate.event.service.internal.EventListenerGroupImpl.internalAppend;198;;
Array.newInstance;org.hibernate.event.spi.EvictEventListener[];org.hibernate.event.service.internal.EventListenerGroupImpl.internalAppend;198;;
Array.newInstance;org.hibernate.event.spi.FlushEntityEventListener[];org.hibernate.event.service.internal.EventListenerGroupImpl.internalAppend;198;;
Array.newInstance;org.hibernate.event.spi.FlushEventListener[];org.hibernate.event.service.internal.EventListenerGroupImpl.internalAppend;198;;
Array.newInstance;org.hibernate.event.spi.InitializeCollectionEventListener[];org.hibernate.event.service.internal.EventListenerGroupImpl.internalAppend;198;;
Array.newInstance;org.hibernate.event.spi.LoadEventListener[];org.hibernate.event.service.internal.EventListenerGroupImpl.internalAppend;198;;
Array.newInstance;org.hibernate.event.spi.LockEventListener[];org.hibernate.event.service.internal.EventListenerGroupImpl.internalAppend;198;;
Array.newInstance;org.hibernate.event.spi.MergeEventListener[];org.hibernate.event.service.internal.EventListenerGroupImpl.internalAppend;198;;
Array.newInstance;org.hibernate.event.spi.PersistEventListener[];org.hibernate.event.service.internal.EventListenerGroupImpl.internalAppend;198;;
Array.newInstance;org.hibernate.event.spi.PostDeleteEventListener[];org.hibernate.event.service.internal.EventListenerGroupImpl.internalAppend;198;;
Array.newInstance;org.hibernate.event.spi.PostInsertEventListener[];org.hibernate.event.service.internal.EventListenerGroupImpl.internalAppend;198;;
Array.newInstance;org.hibernate.event.spi.PostLoadEventListener[];org.hibernate.event.service.internal.EventListenerGroupImpl.internalAppend;198;;
Array.newInstance;org.hibernate.event.spi.PostUpdateEventListener[];org.hibernate.event.service.internal.EventListenerGroupImpl.internalAppend;198;;
Array.newInstance;org.hibernate.event.spi.PreDeleteEventListener[];org.hibernate.event.service.internal.EventListenerGroupImpl.internalAppend;198;;
Array.newInstance;org.hibernate.event.spi.PreInsertEventListener[];org.hibernate.event.service.internal.EventListenerGroupImpl.internalAppend;198;;
Array.newInstance;org.hibernate.event.spi.PreLoadEventListener[];org.hibernate.event.service.internal.EventListenerGroupImpl.internalAppend;198;;
Array.newInstance;org.hibernate.event.spi.PreUpdateEventListener[];org.hibernate.event.service.internal.EventListenerGroupImpl.internalAppend;198;;
Array.newInstance;org.hibernate.event.spi.RefreshEventListener[];org.hibernate.event.service.internal.EventListenerGroupImpl.internalAppend;198;;
Array.newInstance;org.hibernate.event.spi.ReplicateEventListener[];org.hibernate.event.service.internal.EventListenerGroupImpl.internalAppend;198;;
Array.newInstance;org.hibernate.event.spi.ResolveNaturalIdEventListener[];org.hibernate.event.service.internal.EventListenerGroupImpl.internalAppend;198;;
Array.newInstance;org.hibernate.event.spi.SaveOrUpdateEventListener[];org.hibernate.event.service.internal.EventListenerGroupImpl.internalAppend;198;;
Array.newInstance;org.hibernate.loader.plan.exec.process.spi.EntityReferenceInitializer[];java.util.AbstractCollection.toArray;185;;
Array.newInstance;org.springframework.beans.PropertyValue[];java.util.Arrays.copyOf;3513;;
Array.newInstance;org.springframework.beans.factory.config.DependencyDescriptor[];java.util.Arrays.copyOf;3513;;
Array.newInstance;org.springframework.boot.actuate.autoconfigure.endpoint.expose.EndpointExposure[];org.springframework.core.annotation.AbstractMergedAnnotation.getEnumArray;167;;
Array.newInstance;org.springframework.boot.actuate.autoconfigure.endpoint.expose.EndpointExposure[];org.springframework.core.annotation.TypeMappedAnnotation.emptyArray;542;;
Array.newInstance;org.springframework.boot.actuate.autoconfigure.endpoint.expose.EndpointExposure[];org.springframework.core.type.classreading.MergedAnnotationReadingVisitor$ArrayVisitor.visitEnd;181;;
Array.newInstance;org.springframework.boot.actuate.autoconfigure.endpoint.expose.EndpointExposure[];sun.reflect.annotation.AnnotationParser.parseEnumArray;722;;
Array.newInstance;org.springframework.boot.context.config.ConfigDataLocation[];java.util.Arrays.copyOf;3513;;
Array.newInstance;org.springframework.boot.context.config.ConfigDataLocation[];org.springframework.core.ResolvableType.forArrayComponent;1352;;
Array.newInstance;org.springframework.boot.context.properties.source.ConfigurationPropertyName[];java.util.HashMap.prepareArray;926;;
Array.newInstance;org.springframework.context.annotation.ComponentScan$Filter[];sun.reflect.annotation.AnnotationParser.parseAnnotationArray;731;;
Array.newInstance;org.springframework.core.annotation.AnnotationAttributes[];org.springframework.core.annotation.TypeMappedAnnotation.adaptValueForMapOptions;313;;
Array.newInstance;org.springframework.core.annotation.AnnotationTypeMapping$MirrorSets$MirrorSet[];java.util.HashMap.prepareArray;926;;
Array.newInstance;org.springframework.core.annotation.MergedAnnotation$Adapt[];java.util.AbstractCollection.toArray;185;;
Array.newInstance;org.springframework.core.annotation.MergedAnnotation[];java.util.Arrays.copyOf;3513;;
Array.newInstance;org.springframework.core.io.InputStreamSource[];org.springframework.core.convert.support.GenericConversionService$Converters.addToClassHierarchy;621;;
Array.newInstance;org.springframework.core.io.Resource[];java.util.HashMap.prepareArray;926;;
Array.newInstance;org.springframework.core.type.MethodMetadata[];java.util.Arrays.copyOf;3513;;
Array.newInstance;org.springframework.data.domain.Sort$Order[];java.io.ObjectInputStream.readArray;2121;;
Array.newInstance;org.springframework.expression.Expression[];java.util.Arrays.copyOf;3513;;
Array.newInstance;org.springframework.lang.Nullable[];sun.reflect.annotation.AnnotationSupport.getDirectlyAndIndirectlyPresent;84;;
Array.newInstance;org.springframework.util.ConcurrentReferenceHashMap$Segment[];org.springframework.util.ConcurrentReferenceHashMap.<init>;184;;
Array.newInstance;org.springframework.web.bind.annotation.RequestMethod[];org.springframework.core.annotation.TypeMappedAnnotation.emptyArray;542;;
Array.newInstance;org.springframework.web.bind.annotation.RequestMethod[];sun.reflect.annotation.AnnotationParser.parseEnumArray;722;;
Array.newInstance;org.thymeleaf.engine.IEngineTemplateEvent[];java.util.Arrays.copyOf;3513;;
Array.newInstance;org.thymeleaf.processor.element.IElementProcessor[];java.util.Arrays.copyOf;3513;;
Array.newInstance;short[];com.sun.jmx.mbeanserver.DefaultMXBeanMappingFactory.<clinit>;222;;
Array.newInstance;short[];java.lang.reflect.ProxyGenerator$PrimitiveTypeInfo.<init>;998;;
Array.newInstance;short[];sun.reflect.generics.factory.CoreReflectionFactory.makeArrayType;123;;
Array.newInstance;sun.security.jca.ProviderConfig[];java.util.Arrays.copyOf;3513;;
Class.forName;Harness;sun.launcher.LauncherHelper.loadMainClass;791;;
Class.forName;ch.qos.logback.classic.LoggerContext;org.springframework.boot.autoconfigure.condition.FilteringSpringBootCondition.resolve;108;;
Class.forName;ch.qos.logback.classic.LoggerContext;org.springframework.util.ClassUtils.forName;284;;
Class.forName;ch.qos.logback.classic.LoggerContext;sun.reflect.generics.factory.CoreReflectionFactory.makeNamedType;114;;
Class.forName;com.fasterxml.jackson.annotation.JsonAutoDetect$Visibility;sun.reflect.generics.factory.CoreReflectionFactory.makeNamedType;114;;
Class.forName;com.fasterxml.jackson.annotation.PropertyAccessor;sun.reflect.generics.factory.CoreReflectionFactory.makeNamedType;114;;
Class.forName;com.fasterxml.jackson.core.JsonGenerator$Feature;sun.reflect.generics.factory.CoreReflectionFactory.makeNamedType;114;;
Class.forName;com.fasterxml.jackson.core.JsonGenerator;org.springframework.util.ClassUtils.forName;284;;
Class.forName;com.fasterxml.jackson.core.JsonParser$Feature;sun.reflect.generics.factory.CoreReflectionFactory.makeNamedType;114;;
Class.forName;com.fasterxml.jackson.core.JsonParser;sun.reflect.generics.factory.CoreReflectionFactory.makeNamedType;114;;
Class.forName;com.fasterxml.jackson.core.type.ResolvedType;sun.reflect.generics.factory.CoreReflectionFactory.makeNamedType;114;;
Class.forName;com.fasterxml.jackson.core.type.TypeReference;sun.reflect.generics.factory.CoreReflectionFactory.makeNamedType;114;;
Class.forName;com.fasterxml.jackson.databind.DeserializationFeature;sun.reflect.generics.factory.CoreReflectionFactory.makeNamedType;114;;
Class.forName;com.fasterxml.jackson.databind.JavaType;sun.reflect.generics.factory.CoreReflectionFactory.makeNamedType;114;;
Class.forName;com.fasterxml.jackson.databind.MapperFeature;sun.reflect.generics.factory.CoreReflectionFactory.makeNamedType;114;;
Class.forName;com.fasterxml.jackson.databind.ObjectMapper;org.springframework.boot.autoconfigure.condition.FilteringSpringBootCondition.resolve;108;;
Class.forName;com.fasterxml.jackson.databind.ObjectMapper;org.springframework.util.ClassUtils.forName;284;;
Class.forName;com.fasterxml.jackson.databind.ObjectMapper;sun.reflect.generics.factory.CoreReflectionFactory.makeNamedType;114;;
Class.forName;com.fasterxml.jackson.databind.SerializationFeature;sun.reflect.generics.factory.CoreReflectionFactory.makeNamedType;114;;
Class.forName;com.fasterxml.jackson.databind.ext.Java7SupportImpl;com.fasterxml.jackson.databind.ext.Java7Support.<clinit>;22;;
Class.forName;com.fasterxml.jackson.datatype.jdk8.Jdk8Module;org.springframework.util.ClassUtils.forName;284;;
Class.forName;com.fasterxml.jackson.datatype.jsr310.JavaTimeModule;org.springframework.boot.web.embedded.tomcat.TomcatEmbeddedWebappClassLoader.loadFromParent;114;;
Class.forName;com.fasterxml.jackson.datatype.jsr310.JavaTimeModule;org.springframework.util.ClassUtils.forName;284;;
Class.forName;com.fasterxml.jackson.datatype.jsr310.JavaTimeModule;org.thymeleaf.util.ClassLoaderUtils.loadClass;115;;
Class.forName;com.fasterxml.jackson.module.paramnames.ParameterNamesModule;org.springframework.boot.autoconfigure.condition.FilteringSpringBootCondition.resolve;108;;
Class.forName;com.fasterxml.jackson.module.paramnames.ParameterNamesModule;org.springframework.util.ClassUtils.forName;284;;
Class.forName;com.fasterxml.jackson.module.paramnames.ParameterNamesModule;sun.reflect.generics.factory.CoreReflectionFactory.makeNamedType;114;;
Class.forName;com.mysql.cj.jdbc.AbandonedConnectionCleanupThread;com.mysql.cj.jdbc.NonRegisteringDriver.<clinit>;98;;
Class.forName;com.mysql.cj.jdbc.Driver;java.sql.DriverManager.isDriverAllowed;558;;
Class.forName;com.mysql.cj.jdbc.Driver;java.util.ServiceLoader$LazyClassPathLookupIterator.nextProviderClass;1217;;
Class.forName;com.sun.management.GarbageCollectionNotificationInfo;io.micrometer.core.instrument.binder.jvm.JvmGcMetrics.isManagementExtensionsPresent;257;;
Class.forName;com.sun.management.GcInfo;com.sun.management.internal.GarbageCollectionNotifInfoCompositeData$1.run;71;;
Class.forName;com.sun.management.GcInfo;com.sun.management.internal.GcInfoCompositeData$1.run;75;;
Class.forName;com.sun.management.GcInfo;com.sun.management.internal.GcInfoCompositeData$2.run;88;;
Class.forName;com.sun.management.OperatingSystemMXBean;io.micrometer.core.instrument.binder.system.ProcessorMetrics.getFirstClassFound;144;;
Class.forName;com.sun.management.UnixOperatingSystemMXBean;io.micrometer.core.instrument.binder.system.FileDescriptorMetrics.getFirstClassFound;132;;
Class.forName;com.sun.management.VMOption;sun.reflect.generics.factory.CoreReflectionFactory.makeNamedType;114;;
Class.forName;com.sun.management.internal.PlatformMBeanProviderImpl;java.util.ServiceLoader.loadProvider;859;;
Class.forName;com.sun.org.apache.xalan.internal.xsltc.trax.TransformerFactoryImpl;javax.xml.transform.FactoryFinder.getProviderClass;111;;
Class.forName;com.sun.org.apache.xalan.internal.xsltc.trax.TransformerFactoryImpl;org.springframework.boot.web.embedded.tomcat.TomcatEmbeddedWebappClassLoader.loadFromParent;114;;
Class.forName;com.sun.org.apache.xerces.internal.jaxp.datatype.DatatypeFactoryImpl;javax.xml.datatype.FactoryFinder.getProviderClass;109;;
Class.forName;com.sun.security.sasl.Provider;java.util.ServiceLoader.loadProvider;859;;
Class.forName;com.sun.security.sasl.gsskerb.JdkSASL;java.util.ServiceLoader.loadProvider;859;;
Class.forName;com.sun.xml.internal.stream.events.XMLEventFactoryImpl;javax.xml.stream.FactoryFinder.getProviderClass;110;;
Class.forName;com.zaxxer.hikari.HikariDataSource;org.springframework.boot.autoconfigure.condition.FilteringSpringBootCondition.resolve;108;;
Class.forName;com.zaxxer.hikari.HikariDataSource;org.springframework.util.ClassUtils.forName;284;;
Class.forName;com.zaxxer.hikari.HikariDataSource;sun.reflect.generics.factory.CoreReflectionFactory.makeNamedType;114;;
Class.forName;io.micrometer.core.annotation.Timed;org.springframework.boot.autoconfigure.condition.FilteringSpringBootCondition.resolve;108;;
Class.forName;io.micrometer.core.annotation.Timed;org.springframework.util.ClassUtils.forName;284;;
Class.forName;io.micrometer.core.annotation.Timed;sun.reflect.generics.factory.CoreReflectionFactory.makeNamedType;114;;
Class.forName;io.micrometer.core.instrument.Clock;org.springframework.boot.autoconfigure.condition.FilteringSpringBootCondition.resolve;108;;
Class.forName;io.micrometer.core.instrument.Clock;org.springframework.util.ClassUtils.forName;284;;
Class.forName;io.micrometer.core.instrument.Clock;sun.reflect.generics.factory.CoreReflectionFactory.makeNamedType;114;;
Class.forName;io.micrometer.core.instrument.MeterRegistry;org.springframework.boot.autoconfigure.condition.FilteringSpringBootCondition.resolve;108;;
Class.forName;io.micrometer.core.instrument.MeterRegistry;org.springframework.util.ClassUtils.forName;284;;
Class.forName;io.micrometer.core.instrument.MeterRegistry;sun.reflect.generics.factory.CoreReflectionFactory.makeNamedType;114;;
Class.forName;io.micrometer.core.instrument.binder.MeterBinder;org.springframework.boot.autoconfigure.condition.FilteringSpringBootCondition.resolve;108;;
Class.forName;io.micrometer.core.instrument.binder.MeterBinder;org.springframework.util.ClassUtils.forName;284;;
Class.forName;io.micrometer.core.instrument.binder.MeterBinder;sun.reflect.generics.factory.CoreReflectionFactory.makeNamedType;114;;
Class.forName;io.micrometer.core.instrument.binder.jetty.JettyServerThreadPoolMetrics;org.springframework.boot.autoconfigure.condition.FilteringSpringBootCondition.resolve;108;;
Class.forName;io.micrometer.core.instrument.binder.jvm.ClassLoaderMetrics;org.springframework.boot.autoconfigure.condition.FilteringSpringBootCondition.resolve;108;;
Class.forName;io.micrometer.core.instrument.binder.jvm.ExecutorServiceMetrics;org.springframework.boot.autoconfigure.condition.FilteringSpringBootCondition.resolve;108;;
Class.forName;io.micrometer.core.instrument.binder.jvm.ExecutorServiceMetrics;org.springframework.util.ClassUtils.forName;284;;
Class.forName;io.micrometer.core.instrument.binder.jvm.ExecutorServiceMetrics;sun.reflect.generics.factory.CoreReflectionFactory.makeNamedType;114;;
Class.forName;io.micrometer.core.instrument.binder.jvm.JvmGcMetrics;org.springframework.boot.autoconfigure.condition.FilteringSpringBootCondition.resolve;108;;
Class.forName;io.micrometer.core.instrument.binder.jvm.JvmHeapPressureMetrics;org.springframework.boot.autoconfigure.condition.FilteringSpringBootCondition.resolve;108;;
Class.forName;io.micrometer.core.instrument.binder.jvm.JvmMemoryMetrics;org.springframework.boot.autoconfigure.condition.FilteringSpringBootCondition.resolve;108;;
Class.forName;io.micrometer.core.instrument.binder.jvm.JvmThreadMetrics;org.springframework.boot.autoconfigure.condition.FilteringSpringBootCondition.resolve;108;;
Class.forName;io.micrometer.core.instrument.binder.kafka.KafkaClientMetrics;org.springframework.boot.autoconfigure.condition.FilteringSpringBootCondition.resolve;108;;
Class.forName;io.micrometer.core.instrument.binder.logging.Log4j2Metrics;org.springframework.boot.autoconfigure.condition.FilteringSpringBootCondition.resolve;108;;
Class.forName;io.micrometer.core.instrument.binder.logging.LogbackMetrics;org.springframework.boot.autoconfigure.condition.FilteringSpringBootCondition.resolve;108;;
Class.forName;io.micrometer.core.instrument.binder.system.FileDescriptorMetrics;org.springframework.boot.autoconfigure.condition.FilteringSpringBootCondition.resolve;108;;
Class.forName;io.micrometer.core.instrument.binder.system.ProcessorMetrics;org.springframework.boot.autoconfigure.condition.FilteringSpringBootCondition.resolve;108;;
Class.forName;io.micrometer.core.instrument.binder.system.UptimeMetrics;org.springframework.boot.autoconfigure.condition.FilteringSpringBootCondition.resolve;108;;
Class.forName;io.micrometer.core.instrument.binder.tomcat.TomcatMetrics;org.springframework.boot.autoconfigure.condition.FilteringSpringBootCondition.resolve;108;;
Class.forName;io.micrometer.core.instrument.binder.tomcat.TomcatMetrics;org.springframework.util.ClassUtils.forName;284;;
Class.forName;io.micrometer.core.instrument.binder.tomcat.TomcatMetrics;sun.reflect.generics.factory.CoreReflectionFactory.makeNamedType;114;;
Class.forName;io.micrometer.core.instrument.composite.CompositeMeterRegistry;org.springframework.boot.autoconfigure.condition.FilteringSpringBootCondition.resolve;108;;
Class.forName;io.micrometer.core.instrument.composite.CompositeMeterRegistry;org.springframework.util.ClassUtils.forName;284;;
Class.forName;io.micrometer.core.instrument.composite.CompositeMeterRegistry;sun.reflect.generics.factory.CoreReflectionFactory.makeNamedType;114;;
Class.forName;io.micrometer.core.instrument.config.MeterFilter;sun.reflect.generics.factory.CoreReflectionFactory.makeNamedType;114;;
Class.forName;io.micrometer.core.instrument.simple.SimpleConfig;org.springframework.boot.autoconfigure.condition.FilteringSpringBootCondition.resolve;108;;
Class.forName;io.micrometer.core.lang.NonNullApi;java.lang.reflect.Proxy$ProxyBuilder.ensureVisible;879;;
Class.forName;io.micrometer.core.lang.NonNullApi;jdk.proxy2.$Proxy62.<clinit>;;;
Class.forName;io.micrometer.core.lang.NonNullApi;sun.reflect.generics.factory.CoreReflectionFactory.makeNamedType;114;;
Class.forName;io.micrometer.core.lang.NonNullFields;java.lang.reflect.Proxy$ProxyBuilder.ensureVisible;879;;
Class.forName;io.micrometer.core.lang.NonNullFields;jdk.proxy2.$Proxy63.<clinit>;;;
Class.forName;io.micrometer.core.lang.NonNullFields;sun.reflect.generics.factory.CoreReflectionFactory.makeNamedType;114;;
Class.forName;io.micrometer.core.lang.Nullable;java.lang.reflect.Proxy$ProxyBuilder.ensureVisible;879;;
Class.forName;io.micrometer.core.lang.Nullable;jdk.proxy2.$Proxy77.<clinit>;;;
Class.forName;io.micrometer.core.lang.Nullable;sun.reflect.generics.factory.CoreReflectionFactory.makeNamedType;114;;
Class.forName;java.beans.PropertyVetoException;com.sun.beans.introspect.PropertyInfo.<clinit>;56;;
Class.forName;java.io.File;sun.reflect.generics.factory.CoreReflectionFactory.makeNamedType;114;;
Class.forName;java.io.FilePermission;org.objectweb.asm.ClassWriter.getCommonSuperClass;1043;;
Class.forName;java.io.FilePermission;sun.security.provider.PolicyFile.getInstance;844;;
Class.forName;java.io.IOException;java.lang.reflect.Proxy$ProxyBuilder.ensureVisible;879;;
Class.forName;java.io.IOException;org.objectweb.asm.ClassWriter.getCommonSuperClass;1043;;
Class.forName;java.io.Serializable;java.lang.reflect.Proxy$ProxyBuilder.ensureVisible;879;;
Class.forName;java.io.Serializable;jdk.proxy2.$Proxy137.<clinit>;;;
Class.forName;java.io.Serializable;sun.reflect.generics.factory.CoreReflectionFactory.makeNamedType;114;;
Class.forName;java.lang.Boolean;com.sun.jmx.mbeanserver.DefaultMXBeanMappingFactory.<clinit>;204;;
Class.forName;java.lang.Boolean;com.sun.jmx.mbeanserver.MXBeanMapping.makeOpenClass;172;;
Class.forName;java.lang.Boolean;sun.management.MappedMXBeanType.<clinit>;820;;
Class.forName;java.lang.Boolean;sun.reflect.generics.factory.CoreReflectionFactory.makeNamedType;114;;
Class.forName;java.lang.Boolean[];com.sun.jmx.mbeanserver.MXBeanMapping.makeOpenClass;172;;
Class.forName;java.lang.Byte;com.sun.jmx.mbeanserver.DefaultMXBeanMappingFactory.<clinit>;204;;
Class.forName;java.lang.Byte;com.sun.jmx.mbeanserver.MXBeanMapping.makeOpenClass;172;;
Class.forName;java.lang.Byte;sun.management.MappedMXBeanType.<clinit>;820;;
Class.forName;java.lang.Byte;sun.reflect.generics.factory.CoreReflectionFactory.makeNamedType;114;;
Class.forName;java.lang.Byte[];com.sun.jmx.mbeanserver.MXBeanMapping.makeOpenClass;172;;
Class.forName;java.lang.Byte[];jdk.proxy2.$Proxy130.<clinit>;;;
Class.forName;java.lang.CharSequence;sun.reflect.generics.factory.CoreReflectionFactory.makeNamedType;114;;
Class.forName;java.lang.Character;com.sun.jmx.mbeanserver.DefaultMXBeanMappingFactory.<clinit>;204;;
Class.forName;java.lang.Character;com.sun.jmx.mbeanserver.MXBeanMapping.makeOpenClass;172;;
Class.forName;java.lang.Character;sun.management.MappedMXBeanType.<clinit>;820;;
Class.forName;java.lang.Character;sun.reflect.generics.factory.CoreReflectionFactory.makeNamedType;114;;
Class.forName;java.lang.Character[];com.sun.jmx.mbeanserver.MXBeanMapping.makeOpenClass;172;;
Class.forName;java.lang.Class;java.lang.reflect.Proxy$ProxyBuilder.ensureVisible;879;;
Class.forName;java.lang.Class;jdk.proxy2.$Proxy131.<clinit>;;;
Class.forName;java.lang.Class;jdk.proxy2.$Proxy137.<clinit>;;;
Class.forName;java.lang.Class;jdk.proxy2.$Proxy139.<clinit>;;;
Class.forName;java.lang.Class;jdk.proxy2.$Proxy143.<clinit>;;;
Class.forName;java.lang.Class;jdk.proxy2.$Proxy148.<clinit>;;;
Class.forName;java.lang.Class;jdk.proxy2.$Proxy72.<clinit>;;;
Class.forName;java.lang.Class;jdk.proxy2.$Proxy86.<clinit>;;;
Class.forName;java.lang.Class;jdk.proxy3.$Proxy87.<clinit>;;;
Class.forName;java.lang.Class;net.bytebuddy.description.type.$Proxy91.<clinit>;;;
Class.forName;java.lang.Class;net.bytebuddy.dynamic.loading.$Proxy129.<clinit>;;;
Class.forName;java.lang.Class;net.bytebuddy.utility.dispatcher.JavaDispatcher.run;208;;
Class.forName;java.lang.Class;org.springframework.core.$Proxy76.<clinit>;;;
Class.forName;java.lang.Class;sun.reflect.generics.factory.CoreReflectionFactory.makeNamedType;114;;
Class.forName;java.lang.ClassLoader;java.lang.reflect.Proxy$ProxyBuilder.ensureVisible;879;;
Class.forName;java.lang.ClassLoader;org.objectweb.asm.ClassWriter.getCommonSuperClass;1043;;
Class.forName;java.lang.ClassNotFoundException;org.objectweb.asm.ClassWriter.getCommonSuperClass;1043;;
Class.forName;java.lang.ClassNotFoundException;org.objectweb.asm.ClassWriter.getCommonSuperClass;1049;;
Class.forName;java.lang.Class[];jdk.proxy2.$Proxy137.<clinit>;;;
Class.forName;java.lang.Class[];jdk.proxy2.$Proxy72.<clinit>;;;
Class.forName;java.lang.Cloneable;sun.reflect.generics.factory.CoreReflectionFactory.makeNamedType;114;;
Class.forName;java.lang.Comparable;sun.reflect.generics.factory.CoreReflectionFactory.makeNamedType;114;;
Class.forName;java.lang.Deprecated;java.lang.reflect.Proxy$ProxyBuilder.ensureVisible;879;;
Class.forName;java.lang.Deprecated;jdk.proxy1.$Proxy1.<clinit>;;;
Class.forName;java.lang.Deprecated;sun.reflect.generics.factory.CoreReflectionFactory.makeNamedType;114;;
Class.forName;java.lang.Double;com.sun.jmx.mbeanserver.DefaultMXBeanMappingFactory.<clinit>;204;;
Class.forName;java.lang.Double;com.sun.jmx.mbeanserver.MXBeanMapping.makeOpenClass;172;;
Class.forName;java.lang.Double;sun.management.MappedMXBeanType.<clinit>;820;;
Class.forName;java.lang.Double;sun.reflect.generics.factory.CoreReflectionFactory.makeNamedType;114;;
Class.forName;java.lang.Double[];com.sun.jmx.mbeanserver.MXBeanMapping.makeOpenClass;172;;
Class.forName;java.lang.Enum;nonapi.io.github.classgraph.classpath.CallStackReader.getCallStackViaStackWalker;69;;
Class.forName;java.lang.Enum;sun.reflect.generics.factory.CoreReflectionFactory.makeNamedType;114;;
Class.forName;java.lang.Error;jdk.internal.org.objectweb.asm.ClassWriter.getCommonSuperClass;1055;;
Class.forName;java.lang.Exception;jdk.internal.org.objectweb.asm.ClassWriter.getCommonSuperClass;1061;;
Class.forName;java.lang.Exception;org.objectweb.asm.ClassWriter.getCommonSuperClass;1049;;
Class.forName;java.lang.Float;com.sun.jmx.mbeanserver.DefaultMXBeanMappingFactory.<clinit>;204;;
Class.forName;java.lang.Float;com.sun.jmx.mbeanserver.MXBeanMapping.makeOpenClass;172;;
Class.forName;java.lang.Float;sun.management.MappedMXBeanType.<clinit>;820;;
Class.forName;java.lang.Float;sun.reflect.generics.factory.CoreReflectionFactory.makeNamedType;114;;
Class.forName;java.lang.Float[];com.sun.jmx.mbeanserver.MXBeanMapping.makeOpenClass;172;;
Class.forName;java.lang.FunctionalInterface;java.lang.reflect.Proxy$ProxyBuilder.ensureVisible;879;;
Class.forName;java.lang.FunctionalInterface;jdk.proxy1.$Proxy2.<clinit>;;;
Class.forName;java.lang.FunctionalInterface;sun.reflect.generics.factory.CoreReflectionFactory.makeNamedType;114;;
Class.forName;java.lang.IllegalAccessException;java.lang.reflect.Proxy$ProxyBuilder.ensureVisible;879;;
Class.forName;java.lang.IllegalAccessException;jdk.internal.org.objectweb.asm.ClassWriter.getCommonSuperClass;1061;;
Class.forName;java.lang.IllegalStateException;java.lang.reflect.Proxy$ProxyBuilder.ensureVisible;879;;
Class.forName;java.lang.Integer;com.sun.jmx.mbeanserver.DefaultMXBeanMappingFactory.<clinit>;204;;
Class.forName;java.lang.Integer;com.sun.jmx.mbeanserver.MXBeanMapping.makeOpenClass;172;;
Class.forName;java.lang.Integer;java.lang.reflect.Proxy$ProxyBuilder.ensureVisible;879;;
Class.forName;java.lang.Integer;jdk.proxy2.$Proxy137.<clinit>;;;
Class.forName;java.lang.Integer;jdk.proxy2.$Proxy143.<clinit>;;;
Class.forName;java.lang.Integer;org.ehcache.impl.serialization.PlainJavaSerializer$OIS.resolveClass;92;;
Class.forName;java.lang.Integer;sun.management.MappedMXBeanType.<clinit>;820;;
Class.forName;java.lang.Integer;sun.reflect.generics.factory.CoreReflectionFactory.makeNamedType;114;;
Class.forName;java.lang.Integer[];com.sun.jmx.mbeanserver.MXBeanMapping.makeOpenClass;172;;
Class.forName;java.lang.Integer[];jdk.proxy2.$Proxy86.<clinit>;;;
Class.forName;java.lang.Integer[];jdk.proxy3.$Proxy87.<clinit>;;;
Class.forName;java.lang.Iterable;sun.reflect.generics.factory.CoreReflectionFactory.makeNamedType;114;;
Class.forName;java.lang.LinkageError;org.objectweb.asm.ClassWriter.getCommonSuperClass;1043;;
Class.forName;java.lang.Long;com.sun.jmx.mbeanserver.DefaultMXBeanMappingFactory.<clinit>;204;;
Class.forName;java.lang.Long;com.sun.jmx.mbeanserver.MXBeanMapping.makeOpenClass;172;;
Class.forName;java.lang.Long;sun.management.MappedMXBeanType.<clinit>;820;;
Class.forName;java.lang.Long;sun.reflect.generics.factory.CoreReflectionFactory.makeNamedType;114;;
Class.forName;java.lang.Long[];com.sun.jmx.mbeanserver.MXBeanMapping.makeOpenClass;172;;
Class.forName;java.lang.Module;net.bytebuddy.utility.JavaType.load;241;;
Class.forName;java.lang.Module;net.bytebuddy.utility.dispatcher.JavaDispatcher$DynamicClassLoader$Resolver$CreationAction.run;1426;;
Class.forName;java.lang.Module;org.apache.tomcat.util.compat.Jre9Compat.<clinit>;108;;
Class.forName;java.lang.ModuleLayer;nonapi.io.github.classgraph.classpath.ModuleFinder.findModuleRefsFromCallstack;242;;
Class.forName;java.lang.ModuleLayer;org.apache.tomcat.util.compat.Jre9Compat.<clinit>;85;;
Class.forName;java.lang.Number;org.ehcache.impl.serialization.PlainJavaSerializer$OIS.resolveClass;92;;
Class.forName;java.lang.Number;sun.reflect.generics.factory.CoreReflectionFactory.makeNamedType;114;;
Class.forName;java.lang.Object;com.sun.proxy.jdk.proxy1.$Proxy112.<clinit>;;;
Class.forName;java.lang.Object;com.sun.proxy.jdk.proxy1.$Proxy138.<clinit>;;;
Class.forName;java.lang.Object;com.sun.proxy.jdk.proxy1.$Proxy21.<clinit>;;;
Class.forName;java.lang.Object;java.lang.reflect.Proxy$ProxyBuilder.ensureVisible;879;;
Class.forName;java.lang.Object;jdk.proxy1.$Proxy0.<clinit>;;;
Class.forName;java.lang.Object;jdk.proxy1.$Proxy1.<clinit>;;;
Class.forName;java.lang.Object;jdk.proxy1.$Proxy136.<clinit>;;;
Class.forName;java.lang.Object;jdk.proxy1.$Proxy154.<clinit>;;;
Class.forName;java.lang.Object;jdk.proxy1.$Proxy155.<clinit>;;;
Class.forName;java.lang.Object;jdk.proxy1.$Proxy19.<clinit>;;;
Class.forName;java.lang.Object;jdk.proxy1.$Proxy2.<clinit>;;;
Class.forName;java.lang.Object;jdk.proxy1.$Proxy4.<clinit>;;;
Class.forName;java.lang.Object;jdk.proxy1.$Proxy5.<clinit>;;;
Class.forName;java.lang.Object;jdk.proxy1.$Proxy85.<clinit>;;;
Class.forName;java.lang.Object;jdk.proxy1.$Proxy9.<clinit>;;;
Class.forName;java.lang.Object;jdk.proxy2.$Proxy10.<clinit>;;;
Class.forName;java.lang.Object;jdk.proxy2.$Proxy100.<clinit>;;;
Class.forName;java.lang.Object;jdk.proxy2.$Proxy101.<clinit>;;;
Class.forName;java.lang.Object;jdk.proxy2.$Proxy102.<clinit>;;;
Class.forName;java.lang.Object;jdk.proxy2.$Proxy103.<clinit>;;;
Class.forName;java.lang.Object;jdk.proxy2.$Proxy104.<clinit>;;;
Class.forName;java.lang.Object;jdk.proxy2.$Proxy105.<clinit>;;;
Class.forName;java.lang.Object;jdk.proxy2.$Proxy106.<clinit>;;;
Class.forName;java.lang.Object;jdk.proxy2.$Proxy107.<clinit>;;;
Class.forName;java.lang.Object;jdk.proxy2.$Proxy108.<clinit>;;;
Class.forName;java.lang.Object;jdk.proxy2.$Proxy109.<clinit>;;;
Class.forName;java.lang.Object;jdk.proxy2.$Proxy11.<clinit>;;;
Class.forName;java.lang.Object;jdk.proxy2.$Proxy110.<clinit>;;;
Class.forName;java.lang.Object;jdk.proxy2.$Proxy111.<clinit>;;;
Class.forName;java.lang.Object;jdk.proxy2.$Proxy113.<clinit>;;;
Class.forName;java.lang.Object;jdk.proxy2.$Proxy114.<clinit>;;;
Class.forName;java.lang.Object;jdk.proxy2.$Proxy115.<clinit>;;;
Class.forName;java.lang.Object;jdk.proxy2.$Proxy116.<clinit>;;;
Class.forName;java.lang.Object;jdk.proxy2.$Proxy117.<clinit>;;;
Class.forName;java.lang.Object;jdk.proxy2.$Proxy118.<clinit>;;;
Class.forName;java.lang.Object;jdk.proxy2.$Proxy119.<clinit>;;;
Class.forName;java.lang.Object;jdk.proxy2.$Proxy12.<clinit>;;;
Class.forName;java.lang.Object;jdk.proxy2.$Proxy121.<clinit>;;;
Class.forName;java.lang.Object;jdk.proxy2.$Proxy122.<clinit>;;;
Class.forName;java.lang.Object;jdk.proxy2.$Proxy128.<clinit>;;;
Class.forName;java.lang.Object;jdk.proxy2.$Proxy13.<clinit>;;;
Class.forName;java.lang.Object;jdk.proxy2.$Proxy130.<clinit>;;;
Class.forName;java.lang.Object;jdk.proxy2.$Proxy131.<clinit>;;;
Class.forName;java.lang.Object;jdk.proxy2.$Proxy132.<clinit>;;;
Class.forName;java.lang.Object;jdk.proxy2.$Proxy133.<clinit>;;;
Class.forName;java.lang.Object;jdk.proxy2.$Proxy134.<clinit>;;;
Class.forName;java.lang.Object;jdk.proxy2.$Proxy135.<clinit>;;;
Class.forName;java.lang.Object;jdk.proxy2.$Proxy137.<clinit>;;;
Class.forName;java.lang.Object;jdk.proxy2.$Proxy139.<clinit>;;;
Class.forName;java.lang.Object;jdk.proxy2.$Proxy14.<clinit>;;;
Class.forName;java.lang.Object;jdk.proxy2.$Proxy140.<clinit>;;;
Class.forName;java.lang.Object;jdk.proxy2.$Proxy141.<clinit>;;;
Class.forName;java.lang.Object;jdk.proxy2.$Proxy142.<clinit>;;;
Class.forName;java.lang.Object;jdk.proxy2.$Proxy143.<clinit>;;;
Class.forName;java.lang.Object;jdk.proxy2.$Proxy144.<clinit>;;;
Class.forName;java.lang.Object;jdk.proxy2.$Proxy145.<clinit>;;;
Class.forName;java.lang.Object;jdk.proxy2.$Proxy146.<clinit>;;;
Class.forName;java.lang.Object;jdk.proxy2.$Proxy147.<clinit>;;;
Class.forName;java.lang.Object;jdk.proxy2.$Proxy148.<clinit>;;;
Class.forName;java.lang.Object;jdk.proxy2.$Proxy149.<clinit>;;;
Class.forName;java.lang.Object;jdk.proxy2.$Proxy15.<clinit>;;;
Class.forName;java.lang.Object;jdk.proxy2.$Proxy150.<clinit>;;;
Class.forName;java.lang.Object;jdk.proxy2.$Proxy151.<clinit>;;;
Class.forName;java.lang.Object;jdk.proxy2.$Proxy153.<clinit>;;;
Class.forName;java.lang.Object;jdk.proxy2.$Proxy156.<clinit>;;;
Class.forName;java.lang.Object;jdk.proxy2.$Proxy157.<clinit>;;;
Class.forName;java.lang.Object;jdk.proxy2.$Proxy158.<clinit>;;;
Class.forName;java.lang.Object;jdk.proxy2.$Proxy159.<clinit>;;;
Class.forName;java.lang.Object;jdk.proxy2.$Proxy16.<clinit>;;;
Class.forName;java.lang.Object;jdk.proxy2.$Proxy160.<clinit>;;;
Class.forName;java.lang.Object;jdk.proxy2.$Proxy161.<clinit>;;;
Class.forName;java.lang.Object;jdk.proxy2.$Proxy162.<clinit>;;;
Class.forName;java.lang.Object;jdk.proxy2.$Proxy163.<clinit>;;;
Class.forName;java.lang.Object;jdk.proxy2.$Proxy164.<clinit>;;;
Class.forName;java.lang.Object;jdk.proxy2.$Proxy165.<clinit>;;;
Class.forName;java.lang.Object;jdk.proxy2.$Proxy166.<clinit>;;;
Class.forName;java.lang.Object;jdk.proxy2.$Proxy17.<clinit>;;;
Class.forName;java.lang.Object;jdk.proxy2.$Proxy18.<clinit>;;;
Class.forName;java.lang.Object;jdk.proxy2.$Proxy20.<clinit>;;;
Class.forName;java.lang.Object;jdk.proxy2.$Proxy22.<clinit>;;;
Class.forName;java.lang.Object;jdk.proxy2.$Proxy23.<clinit>;;;
Class.forName;java.lang.Object;jdk.proxy2.$Proxy24.<clinit>;;;
Class.forName;java.lang.Object;jdk.proxy2.$Proxy25.<clinit>;;;
Class.forName;java.lang.Object;jdk.proxy2.$Proxy26.<clinit>;;;
Class.forName;java.lang.Object;jdk.proxy2.$Proxy27.<clinit>;;;
Class.forName;java.lang.Object;jdk.proxy2.$Proxy28.<clinit>;;;
Class.forName;java.lang.Object;jdk.proxy2.$Proxy29.<clinit>;;;
Class.forName;java.lang.Object;jdk.proxy2.$Proxy3.<clinit>;;;
Class.forName;java.lang.Object;jdk.proxy2.$Proxy30.<clinit>;;;
Class.forName;java.lang.Object;jdk.proxy2.$Proxy31.<clinit>;;;
Class.forName;java.lang.Object;jdk.proxy2.$Proxy32.<clinit>;;;
Class.forName;java.lang.Object;jdk.proxy2.$Proxy33.<clinit>;;;
Class.forName;java.lang.Object;jdk.proxy2.$Proxy34.<clinit>;;;
Class.forName;java.lang.Object;jdk.proxy2.$Proxy35.<clinit>;;;
Class.forName;java.lang.Object;jdk.proxy2.$Proxy36.<clinit>;;;
Class.forName;java.lang.Object;jdk.proxy2.$Proxy37.<clinit>;;;
Class.forName;java.lang.Object;jdk.proxy2.$Proxy38.<clinit>;;;
Class.forName;java.lang.Object;jdk.proxy2.$Proxy39.<clinit>;;;
Class.forName;java.lang.Object;jdk.proxy2.$Proxy40.<clinit>;;;
Class.forName;java.lang.Object;jdk.proxy2.$Proxy41.<clinit>;;;
Class.forName;java.lang.Object;jdk.proxy2.$Proxy42.<clinit>;;;
Class.forName;java.lang.Object;jdk.proxy2.$Proxy43.<clinit>;;;
Class.forName;java.lang.Object;jdk.proxy2.$Proxy44.<clinit>;;;
Class.forName;java.lang.Object;jdk.proxy2.$Proxy45.<clinit>;;;
Class.forName;java.lang.Object;jdk.proxy2.$Proxy46.<clinit>;;;
Class.forName;java.lang.Object;jdk.proxy2.$Proxy47.<clinit>;;;
Class.forName;java.lang.Object;jdk.proxy2.$Proxy48.<clinit>;;;
Class.forName;java.lang.Object;jdk.proxy2.$Proxy49.<clinit>;;;
Class.forName;java.lang.Object;jdk.proxy2.$Proxy50.<clinit>;;;
Class.forName;java.lang.Object;jdk.proxy2.$Proxy51.<clinit>;;;
Class.forName;java.lang.Object;jdk.proxy2.$Proxy52.<clinit>;;;
Class.forName;java.lang.Object;jdk.proxy2.$Proxy53.<clinit>;;;
Class.forName;java.lang.Object;jdk.proxy2.$Proxy54.<clinit>;;;
Class.forName;java.lang.Object;jdk.proxy2.$Proxy55.<clinit>;;;
Class.forName;java.lang.Object;jdk.proxy2.$Proxy56.<clinit>;;;
Class.forName;java.lang.Object;jdk.proxy2.$Proxy57.<clinit>;;;
Class.forName;java.lang.Object;jdk.proxy2.$Proxy58.<clinit>;;;
Class.forName;java.lang.Object;jdk.proxy2.$Proxy59.<clinit>;;;
Class.forName;java.lang.Object;jdk.proxy2.$Proxy6.<clinit>;;;
Class.forName;java.lang.Object;jdk.proxy2.$Proxy60.<clinit>;;;
Class.forName;java.lang.Object;jdk.proxy2.$Proxy61.<clinit>;;;
Class.forName;java.lang.Object;jdk.proxy2.$Proxy62.<clinit>;;;
Class.forName;java.lang.Object;jdk.proxy2.$Proxy63.<clinit>;;;
Class.forName;java.lang.Object;jdk.proxy2.$Proxy64.<clinit>;;;
Class.forName;java.lang.Object;jdk.proxy2.$Proxy65.<clinit>;;;
Class.forName;java.lang.Object;jdk.proxy2.$Proxy66.<clinit>;;;
Class.forName;java.lang.Object;jdk.proxy2.$Proxy67.<clinit>;;;
Class.forName;java.lang.Object;jdk.proxy2.$Proxy69.<clinit>;;;
Class.forName;java.lang.Object;jdk.proxy2.$Proxy70.<clinit>;;;
Class.forName;java.lang.Object;jdk.proxy2.$Proxy71.<clinit>;;;
Class.forName;java.lang.Object;jdk.proxy2.$Proxy72.<clinit>;;;
Class.forName;java.lang.Object;jdk.proxy2.$Proxy73.<clinit>;;;
Class.forName;java.lang.Object;jdk.proxy2.$Proxy74.<clinit>;;;
Class.forName;java.lang.Object;jdk.proxy2.$Proxy75.<clinit>;;;
Class.forName;java.lang.Object;jdk.proxy2.$Proxy77.<clinit>;;;
Class.forName;java.lang.Object;jdk.proxy2.$Proxy78.<clinit>;;;
Class.forName;java.lang.Object;jdk.proxy2.$Proxy79.<clinit>;;;
Class.forName;java.lang.Object;jdk.proxy2.$Proxy8.<clinit>;;;
Class.forName;java.lang.Object;jdk.proxy2.$Proxy80.<clinit>;;;
Class.forName;java.lang.Object;jdk.proxy2.$Proxy81.<clinit>;;;
Class.forName;java.lang.Object;jdk.proxy2.$Proxy82.<clinit>;;;
Class.forName;java.lang.Object;jdk.proxy2.$Proxy83.<clinit>;;;
Class.forName;java.lang.Object;jdk.proxy2.$Proxy84.<clinit>;;;
Class.forName;java.lang.Object;jdk.proxy2.$Proxy86.<clinit>;;;
Class.forName;java.lang.Object;jdk.proxy2.$Proxy88.<clinit>;;;
Class.forName;java.lang.Object;jdk.proxy2.$Proxy89.<clinit>;;;
Class.forName;java.lang.Object;jdk.proxy2.$Proxy90.<clinit>;;;
Class.forName;java.lang.Object;jdk.proxy2.$Proxy93.<clinit>;;;
Class.forName;java.lang.Object;jdk.proxy2.$Proxy94.<clinit>;;;
Class.forName;java.lang.Object;jdk.proxy2.$Proxy98.<clinit>;;;
Class.forName;java.lang.Object;jdk.proxy2.$Proxy99.<clinit>;;;
Class.forName;java.lang.Object;jdk.proxy3.$Proxy87.<clinit>;;;
Class.forName;java.lang.Object;jdk.proxy4.$Proxy120.<clinit>;;;
Class.forName;java.lang.Object;net.bytebuddy.description.method.$Proxy92.<clinit>;;;
Class.forName;java.lang.Object;net.bytebuddy.description.method.$Proxy96.<clinit>;;;
Class.forName;java.lang.Object;net.bytebuddy.description.method.$Proxy97.<clinit>;;;
Class.forName;java.lang.Object;net.bytebuddy.description.type.$Proxy123.<clinit>;;;
Class.forName;java.lang.Object;net.bytebuddy.description.type.$Proxy124.<clinit>;;;
Class.forName;java.lang.Object;net.bytebuddy.description.type.$Proxy125.<clinit>;;;
Class.forName;java.lang.Object;net.bytebuddy.description.type.$Proxy126.<clinit>;;;
Class.forName;java.lang.Object;net.bytebuddy.description.type.$Proxy127.<clinit>;;;
Class.forName;java.lang.Object;net.bytebuddy.description.type.$Proxy91.<clinit>;;;
Class.forName;java.lang.Object;net.bytebuddy.description.type.$Proxy95.<clinit>;;;
Class.forName;java.lang.Object;net.bytebuddy.dynamic.loading.$Proxy129.<clinit>;;;
Class.forName;java.lang.Object;org.objectweb.asm.ClassWriter.getCommonSuperClass;1043;;
Class.forName;java.lang.Object;org.objectweb.asm.ClassWriter.getCommonSuperClass;1049;;
Class.forName;java.lang.Object;org.springframework.boot.actuate.autoconfigure.web.server.$Proxy68.<clinit>;;;
Class.forName;java.lang.Object;org.springframework.core.$Proxy152.<clinit>;;;
Class.forName;java.lang.Object;org.springframework.core.$Proxy7.<clinit>;;;
Class.forName;java.lang.Object;org.springframework.core.$Proxy76.<clinit>;;;
Class.forName;java.lang.Object;sun.reflect.generics.factory.CoreReflectionFactory.makeNamedType;114;;
Class.forName;java.lang.Object[];jdk.proxy2.$Proxy86.<clinit>;;;
Class.forName;java.lang.Object[];jdk.proxy3.$Proxy87.<clinit>;;;
Class.forName;java.lang.Runtime$Version;net.bytebuddy.ClassFileVersion$VersionLocator$Resolver.run;530;;
Class.forName;java.lang.Runtime$Version;org.apache.tomcat.util.compat.Jre9Compat.<clinit>;90;;
Class.forName;java.lang.RuntimeException;jdk.internal.org.objectweb.asm.ClassWriter.getCommonSuperClass;1055;;
Class.forName;java.lang.RuntimeException;jdk.internal.org.objectweb.asm.ClassWriter.getCommonSuperClass;1061;;
Class.forName;java.lang.RuntimePermission;sun.security.provider.PolicyFile.getInstance;844;;
Class.forName;java.lang.SafeVarargs;java.lang.reflect.Proxy$ProxyBuilder.ensureVisible;879;;
Class.forName;java.lang.SafeVarargs;jdk.proxy1.$Proxy136.<clinit>;;;
Class.forName;java.lang.SafeVarargs;sun.reflect.generics.factory.CoreReflectionFactory.makeNamedType;114;;
Class.forName;java.lang.SecurityManager;org.objectweb.asm.ClassWriter.getCommonSuperClass;1043;;
Class.forName;java.lang.Short;com.sun.jmx.mbeanserver.DefaultMXBeanMappingFactory.<clinit>;204;;
Class.forName;java.lang.Short;com.sun.jmx.mbeanserver.MXBeanMapping.makeOpenClass;172;;
Class.forName;java.lang.Short;sun.management.MappedMXBeanType.<clinit>;820;;
Class.forName;java.lang.Short;sun.reflect.generics.factory.CoreReflectionFactory.makeNamedType;114;;
Class.forName;java.lang.Short[];com.sun.jmx.mbeanserver.MXBeanMapping.makeOpenClass;172;;
Class.forName;java.lang.StackWalker$Option;nonapi.io.github.classgraph.classpath.CallStackReader.getCallStackViaStackWalker;68;;
Class.forName;java.lang.StackWalker$StackFrame;nonapi.io.github.classgraph.classpath.CallStackReader.getCallStackViaStackWalker;75;;
Class.forName;java.lang.StackWalker;nonapi.io.github.classgraph.classpath.CallStackReader.getCallStackViaStackWalker;72;;
Class.forName;java.lang.String;com.sun.jmx.mbeanserver.DefaultMXBeanMappingFactory.<clinit>;204;;
Class.forName;java.lang.String;com.sun.jmx.mbeanserver.MXBeanMapping.makeOpenClass;172;;
Class.forName;java.lang.String;java.lang.reflect.Proxy$ProxyBuilder.ensureVisible;879;;
Class.forName;java.lang.String;jdk.proxy2.$Proxy131.<clinit>;;;
Class.forName;java.lang.String;jdk.proxy2.$Proxy137.<clinit>;;;
Class.forName;java.lang.String;jdk.proxy2.$Proxy143.<clinit>;;;
Class.forName;java.lang.String;jdk.proxy2.$Proxy72.<clinit>;;;
Class.forName;java.lang.String;jdk.proxy2.$Proxy86.<clinit>;;;
Class.forName;java.lang.String;jdk.proxy3.$Proxy87.<clinit>;;;
Class.forName;java.lang.String;org.objectweb.asm.ClassWriter.getCommonSuperClass;1043;;
Class.forName;java.lang.String;org.objectweb.asm.ClassWriter.getCommonSuperClass;1049;;
Class.forName;java.lang.String;sun.management.MappedMXBeanType.<clinit>;820;;
Class.forName;java.lang.String;sun.reflect.generics.factory.CoreReflectionFactory.makeNamedType;114;;
Class.forName;java.lang.String[];com.sun.jmx.mbeanserver.DefaultMXBeanMappingFactory.makeArrayOrCollectionMapping;331;;
Class.forName;java.lang.String[];com.sun.jmx.mbeanserver.MXBeanMapping.makeOpenClass;172;;
Class.forName;java.lang.String[];jdk.proxy2.$Proxy137.<clinit>;;;
Class.forName;java.lang.String[];jdk.proxy2.$Proxy86.<clinit>;;;
Class.forName;java.lang.String[];jdk.proxy3.$Proxy87.<clinit>;;;
Class.forName;java.lang.Throwable;org.objectweb.asm.ClassWriter.getCommonSuperClass;1043;;
Class.forName;java.lang.Throwable;org.objectweb.asm.ClassWriter.getCommonSuperClass;1049;;
Class.forName;java.lang.Void;com.sun.jmx.mbeanserver.DefaultMXBeanMappingFactory.<clinit>;204;;
Class.forName;java.lang.Void;com.sun.jmx.mbeanserver.MXBeanMapping.makeOpenClass;172;;
Class.forName;java.lang.Void;sun.management.MappedMXBeanType.<clinit>;820;;
Class.forName;java.lang.Void;sun.reflect.generics.factory.CoreReflectionFactory.makeNamedType;114;;
Class.forName;java.lang.annotation.Annotation;java.lang.reflect.Proxy$ProxyBuilder.ensureVisible;879;;
Class.forName;java.lang.annotation.Annotation;sun.reflect.generics.factory.CoreReflectionFactory.makeNamedType;114;;
Class.forName;java.lang.annotation.Documented;java.lang.reflect.Proxy$ProxyBuilder.ensureVisible;879;;
Class.forName;java.lang.annotation.Documented;jdk.proxy1.$Proxy5.<clinit>;;;
Class.forName;java.lang.annotation.Documented;sun.reflect.generics.factory.CoreReflectionFactory.makeNamedType;114;;
Class.forName;java.lang.annotation.ElementType;java.lang.reflect.Proxy$ProxyBuilder.ensureVisible;879;;
Class.forName;java.lang.annotation.ElementType;sun.reflect.generics.factory.CoreReflectionFactory.makeNamedType;114;;
Class.forName;java.lang.annotation.Inherited;java.lang.reflect.Proxy$ProxyBuilder.ensureVisible;879;;
Class.forName;java.lang.annotation.Inherited;jdk.proxy1.$Proxy9.<clinit>;;;
Class.forName;java.lang.annotation.Inherited;sun.reflect.generics.factory.CoreReflectionFactory.makeNamedType;114;;
Class.forName;java.lang.annotation.Repeatable;java.lang.reflect.Proxy$ProxyBuilder.ensureVisible;879;;
Class.forName;java.lang.annotation.Repeatable;jdk.proxy1.$Proxy19.<clinit>;;;
Class.forName;java.lang.annotation.Repeatable;sun.reflect.generics.factory.CoreReflectionFactory.makeNamedType;114;;
Class.forName;java.lang.annotation.Retention;java.lang.reflect.Proxy$ProxyBuilder.ensureVisible;879;;
Class.forName;java.lang.annotation.Retention;jdk.proxy1.$Proxy0.<clinit>;;;
Class.forName;java.lang.annotation.Retention;sun.reflect.generics.factory.CoreReflectionFactory.makeNamedType;114;;
Class.forName;java.lang.annotation.RetentionPolicy;java.lang.reflect.Proxy$ProxyBuilder.ensureVisible;879;;
Class.forName;java.lang.annotation.RetentionPolicy;sun.reflect.generics.factory.CoreReflectionFactory.makeNamedType;114;;
Class.forName;java.lang.annotation.Target;java.lang.reflect.Proxy$ProxyBuilder.ensureVisible;879;;
Class.forName;java.lang.annotation.Target;jdk.proxy1.$Proxy4.<clinit>;;;
Class.forName;java.lang.annotation.Target;sun.reflect.generics.factory.CoreReflectionFactory.makeNamedType;114;;
Class.forName;java.lang.constant.Constable;sun.reflect.generics.factory.CoreReflectionFactory.makeNamedType;114;;
Class.forName;java.lang.constant.ConstantDesc;sun.reflect.generics.factory.CoreReflectionFactory.makeNamedType;114;;
Class.forName;java.lang.invoke.MethodHandles$Lookup;net.bytebuddy.utility.JavaType.load;241;;
Class.forName;java.lang.invoke.MethodHandles$Lookup;net.bytebuddy.utility.dispatcher.JavaDispatcher.run;208;;
Class.forName;java.lang.invoke.MethodHandles$Lookup;net.bytebuddy.utility.dispatcher.JavaDispatcher.run;304;;
Class.forName;java.lang.invoke.MethodHandles;net.bytebuddy.utility.dispatcher.JavaDispatcher.run;208;;
Class.forName;java.lang.management.ManagementPermission;com.sun.management.internal.DiagnosticCommandImpl$Wrapper.<init>;118;;
Class.forName;java.lang.management.MemoryUsage;sun.reflect.generics.factory.CoreReflectionFactory.makeNamedType;114;;
Class.forName;java.lang.module.Configuration;org.apache.tomcat.util.compat.Jre9Compat.<clinit>;86;;
Class.forName;java.lang.module.ModuleReference;org.apache.tomcat.util.compat.Jre9Compat.<clinit>;88;;
Class.forName;java.lang.module.ResolvedModule;org.apache.tomcat.util.compat.Jre9Compat.<clinit>;87;;
Class.forName;java.lang.reflect.AnnotatedArrayType;net.bytebuddy.utility.dispatcher.JavaDispatcher.run;208;;
Class.forName;java.lang.reflect.AnnotatedElement;java.lang.reflect.Proxy$ProxyBuilder.ensureVisible;879;;
Class.forName;java.lang.reflect.AnnotatedElement;net.bytebuddy.description.type.$Proxy125.<clinit>;;;
Class.forName;java.lang.reflect.AnnotatedElement;net.bytebuddy.description.type.$Proxy127.<clinit>;;;
Class.forName;java.lang.reflect.AnnotatedElement;net.bytebuddy.description.type.$Proxy95.<clinit>;;;
Class.forName;java.lang.reflect.AnnotatedParameterizedType;net.bytebuddy.utility.dispatcher.JavaDispatcher.run;208;;
Class.forName;java.lang.reflect.AnnotatedType;java.lang.reflect.Proxy$ProxyBuilder.ensureVisible;879;;
Class.forName;java.lang.reflect.AnnotatedType;net.bytebuddy.utility.dispatcher.JavaDispatcher.run;208;;
Class.forName;java.lang.reflect.Constructor;sun.reflect.generics.factory.CoreReflectionFactory.makeNamedType;114;;
Class.forName;java.lang.reflect.Executable;net.bytebuddy.utility.dispatcher.JavaDispatcher.run;208;;
Class.forName;java.lang.reflect.GenericDeclaration;java.lang.reflect.Proxy$ProxyBuilder.ensureVisible;879;;
Class.forName;java.lang.reflect.InaccessibleObjectException;org.apache.tomcat.util.compat.Jre9Compat.<clinit>;83;;
Class.forName;java.lang.reflect.Method;java.lang.reflect.Proxy$ProxyBuilder.ensureVisible;879;;
Class.forName;java.lang.reflect.Method;net.bytebuddy.description.type.$Proxy123.<clinit>;;;
Class.forName;java.lang.reflect.Method;net.bytebuddy.utility.dispatcher.JavaDispatcher.run;208;;
Class.forName;java.lang.reflect.Method;org.objectweb.asm.ClassWriter.getCommonSuperClass;1049;;
Class.forName;java.lang.reflect.Method;sun.reflect.generics.factory.CoreReflectionFactory.makeNamedType;114;;
Class.forName;java.lang.reflect.Parameter;net.bytebuddy.utility.dispatcher.JavaDispatcher.run;208;;
Class.forName;java.lang.reflect.ParameterizedType;java.lang.reflect.Proxy$ProxyBuilder.ensureVisible;879;;
Class.forName;java.lang.reflect.ParameterizedType;org.springframework.core.$Proxy7.<clinit>;;;
Class.forName;java.lang.reflect.Type;java.lang.reflect.Proxy$ProxyBuilder.ensureVisible;879;;
Class.forName;java.lang.reflect.TypeVariable;java.lang.reflect.Proxy$ProxyBuilder.ensureVisible;879;;
Class.forName;java.lang.reflect.TypeVariable;org.springframework.core.$Proxy76.<clinit>;;;
Class.forName;java.lang.reflect.WildcardType;java.lang.reflect.Proxy$ProxyBuilder.ensureVisible;879;;
Class.forName;java.lang.reflect.WildcardType;org.springframework.core.$Proxy152.<clinit>;;;
Class.forName;java.math.BigDecimal;com.sun.jmx.mbeanserver.DefaultMXBeanMappingFactory.<clinit>;204;;
Class.forName;java.math.BigDecimal;com.sun.jmx.mbeanserver.MXBeanMapping.makeOpenClass;172;;
Class.forName;java.math.BigDecimal;sun.management.MappedMXBeanType.<clinit>;820;;
Class.forName;java.math.BigDecimal;sun.reflect.generics.factory.CoreReflectionFactory.makeNamedType;114;;
Class.forName;java.math.BigInteger;com.sun.jmx.mbeanserver.DefaultMXBeanMappingFactory.<clinit>;204;;
Class.forName;java.math.BigInteger;com.sun.jmx.mbeanserver.MXBeanMapping.makeOpenClass;172;;
Class.forName;java.math.BigInteger;sun.management.MappedMXBeanType.<clinit>;820;;
Class.forName;java.math.BigInteger;sun.reflect.generics.factory.CoreReflectionFactory.makeNamedType;114;;
Class.forName;java.net.Inet6AddressImpl;java.net.InetAddress.loadImpl;1713;;
Class.forName;java.net.InetAddress;sun.reflect.generics.factory.CoreReflectionFactory.makeNamedType;114;;
Class.forName;java.net.InetSocketAddress;org.apache.commons.httpclient.protocol.ReflectionSocketFactory.createSocket;;;
Class.forName;java.net.NetPermission;sun.security.provider.PolicyFile.getInstance;844;;
Class.forName;java.net.SocketAddress;org.apache.commons.httpclient.protocol.ReflectionSocketFactory.createSocket;;;
Class.forName;java.net.SocketPermission;org.objectweb.asm.ClassWriter.getCommonSuperClass;1043;;
Class.forName;java.net.SocketPermission;sun.security.provider.PolicyFile.getInstance;844;;
Class.forName;java.net.SocketTimeoutException;org.apache.commons.httpclient.util.ExceptionUtil.SocketTimeoutExceptionClass;;;
Class.forName;java.net.URISyntaxException;org.objectweb.asm.ClassWriter.getCommonSuperClass;1043;;
Class.forName;java.net.URISyntaxException;org.objectweb.asm.ClassWriter.getCommonSuperClass;1049;;
Class.forName;java.net.URL;org.objectweb.asm.ClassWriter.getCommonSuperClass;1049;;
Class.forName;java.net.URLConnection;org.objectweb.asm.ClassWriter.getCommonSuperClass;1049;;
Class.forName;java.net.URLPermission;sun.security.provider.PolicyFile.getInstance;844;;
Class.forName;java.net.UnixDomainSocketAddress;org.apache.tomcat.util.compat.Jre16Compat.<clinit>;47;;
Class.forName;java.nio.charset.Charset;sun.reflect.generics.factory.CoreReflectionFactory.makeNamedType;114;;
Class.forName;java.security.AccessController;net.bytebuddy.ByteBuddy.<clinit>;198;;
Class.forName;java.security.AccessController;net.bytebuddy.ClassFileVersion.<clinit>;145;;
Class.forName;java.security.AccessController;net.bytebuddy.description.annotation.AnnotationDescription$ForLoadedAnnotation.<clinit>;637;;
Class.forName;java.security.AccessController;net.bytebuddy.description.method.MethodDescription$InDefinedShape$AbstractBase$ForLoadedExecutable.<clinit>;384;;
Class.forName;java.security.AccessController;net.bytebuddy.description.method.ParameterDescription$ForLoadedParameter.<clinit>;235;;
Class.forName;java.security.AccessController;net.bytebuddy.description.method.ParameterList$ForLoadedExecutable.<clinit>;139;;
Class.forName;java.security.AccessController;net.bytebuddy.description.type.TypeDefinition$Sort.<clinit>;223;;
Class.forName;java.security.AccessController;net.bytebuddy.description.type.TypeDescription$AbstractBase.<clinit>;7654;;
Class.forName;java.security.AccessController;net.bytebuddy.description.type.TypeDescription$ForLoadedType.<clinit>;8564;;
Class.forName;java.security.AccessController;net.bytebuddy.description.type.TypeDescription$Generic$AnnotationReader$Delegator.<clinit>;;;
Class.forName;java.security.AccessController;net.bytebuddy.dynamic.loading.ClassInjector$UsingLookup.<clinit>;1543;;
Class.forName;java.security.AccessController;net.bytebuddy.dynamic.scaffold.TypeWriter$Default.<clinit>;1773;;
Class.forName;java.security.AccessController;net.bytebuddy.implementation.bytecode.constant.MethodConstant.doPrivileged;65;;
Class.forName;java.security.AccessController;net.bytebuddy.utility.GraalImageCode.<clinit>;33;;
Class.forName;java.security.AccessController;net.bytebuddy.utility.dispatcher.JavaDispatcher.<clinit>;87;;
Class.forName;java.security.AccessController;nonapi.io.github.classgraph.reflection.ReflectionUtils.<clinit>;53;;
Class.forName;java.security.AllPermission;sun.security.provider.PolicyFile.getInstance;844;;
Class.forName;java.security.Permission;org.objectweb.asm.ClassWriter.getCommonSuperClass;1043;;
Class.forName;java.security.Permission;org.objectweb.asm.ClassWriter.getCommonSuperClass;1049;;
Class.forName;java.security.PrivilegedAction;java.lang.reflect.Proxy$ProxyBuilder.ensureVisible;879;;
Class.forName;java.security.PrivilegedAction;jdk.proxy1.$Proxy154.<clinit>;;;
Class.forName;java.security.PrivilegedAction;nonapi.io.github.classgraph.reflection.ReflectionUtils.<clinit>;54;;
Class.forName;java.security.SecureRandomParameters;java.security.Provider$Service.newInstance;1843;;
Class.forName;java.security.SecurityPermission;sun.security.provider.PolicyFile.getInstance;844;;
Class.forName;java.sql.Array;java.lang.reflect.Proxy$ProxyBuilder.ensureVisible;879;;
Class.forName;java.sql.Blob;java.lang.reflect.Proxy$ProxyBuilder.ensureVisible;879;;
Class.forName;java.sql.Blob;sun.reflect.generics.factory.CoreReflectionFactory.makeNamedType;114;;
Class.forName;java.sql.CallableStatement;java.lang.reflect.Proxy$ProxyBuilder.ensureVisible;879;;
Class.forName;java.sql.Clob;java.lang.reflect.Proxy$ProxyBuilder.ensureVisible;879;;
Class.forName;java.sql.Connection;java.lang.reflect.Proxy$ProxyBuilder.ensureVisible;879;;
Class.forName;java.sql.Connection;jdk.proxy2.$Proxy131.<clinit>;;;
Class.forName;java.sql.Connection;jdk.proxy2.$Proxy137.<clinit>;;;
Class.forName;java.sql.Connection;jdk.proxy3.$Proxy87.<clinit>;;;
Class.forName;java.sql.DatabaseMetaData;java.lang.reflect.Proxy$ProxyBuilder.ensureVisible;879;;
Class.forName;java.sql.NClob;java.lang.reflect.Proxy$ProxyBuilder.ensureVisible;879;;
Class.forName;java.sql.PreparedStatement;java.lang.reflect.Proxy$ProxyBuilder.ensureVisible;879;;
Class.forName;java.sql.ResultSet;sun.invoke.util.VerifyAccess$1.run;330;;
Class.forName;java.sql.SQLClientInfoException;java.lang.reflect.Proxy$ProxyBuilder.ensureVisible;879;;
Class.forName;java.sql.SQLClientInfoException;jdk.internal.org.objectweb.asm.ClassWriter.getCommonSuperClass;1061;;
Class.forName;java.sql.SQLException;java.lang.reflect.Proxy$ProxyBuilder.ensureVisible;879;;
Class.forName;java.sql.SQLException;jdk.internal.org.objectweb.asm.ClassWriter.getCommonSuperClass;1061;;
Class.forName;java.sql.SQLWarning;java.lang.reflect.Proxy$ProxyBuilder.ensureVisible;879;;
Class.forName;java.sql.SQLXML;java.lang.reflect.Proxy$ProxyBuilder.ensureVisible;879;;
Class.forName;java.sql.Savepoint;java.lang.reflect.Proxy$ProxyBuilder.ensureVisible;879;;
Class.forName;java.sql.Savepoint;jdk.proxy2.$Proxy86.<clinit>;;;
Class.forName;java.sql.Savepoint;jdk.proxy3.$Proxy87.<clinit>;;;
Class.forName;java.sql.ShardingKey;java.lang.reflect.Proxy$ProxyBuilder.ensureVisible;879;;
Class.forName;java.sql.ShardingKey;jdk.proxy2.$Proxy86.<clinit>;;;
Class.forName;java.sql.ShardingKey;jdk.proxy3.$Proxy87.<clinit>;;;
Class.forName;java.sql.Statement;java.lang.reflect.Proxy$ProxyBuilder.ensureVisible;879;;
Class.forName;java.sql.Statement;sun.invoke.util.VerifyAccess$1.run;330;;
Class.forName;java.sql.Struct;java.lang.reflect.Proxy$ProxyBuilder.ensureVisible;879;;
Class.forName;java.time.Duration;sun.reflect.generics.factory.CoreReflectionFactory.makeNamedType;114;;
Class.forName;java.time.Instant;sun.reflect.generics.factory.CoreReflectionFactory.makeNamedType;114;;
Class.forName;java.time.LocalDate;sun.reflect.generics.factory.CoreReflectionFactory.makeNamedType;114;;
Class.forName;java.time.LocalDateTime;sun.reflect.generics.factory.CoreReflectionFactory.makeNamedType;114;;
Class.forName;java.time.LocalTime;sun.reflect.generics.factory.CoreReflectionFactory.makeNamedType;114;;
Class.forName;java.time.Month;sun.reflect.generics.factory.CoreReflectionFactory.makeNamedType;114;;
Class.forName;java.time.MonthDay;sun.reflect.generics.factory.CoreReflectionFactory.makeNamedType;114;;
Class.forName;java.time.OffsetDateTime;sun.reflect.generics.factory.CoreReflectionFactory.makeNamedType;114;;
Class.forName;java.time.OffsetTime;sun.reflect.generics.factory.CoreReflectionFactory.makeNamedType;114;;
Class.forName;java.time.Period;sun.reflect.generics.factory.CoreReflectionFactory.makeNamedType;114;;
Class.forName;java.time.Year;sun.reflect.generics.factory.CoreReflectionFactory.makeNamedType;114;;
Class.forName;java.time.YearMonth;sun.reflect.generics.factory.CoreReflectionFactory.makeNamedType;114;;
Class.forName;java.time.ZoneId;sun.reflect.generics.factory.CoreReflectionFactory.makeNamedType;114;;
Class.forName;java.time.ZonedDateTime;sun.reflect.generics.factory.CoreReflectionFactory.makeNamedType;114;;
Class.forName;java.time.chrono.ChronoLocalDate;sun.reflect.generics.factory.CoreReflectionFactory.makeNamedType;114;;
Class.forName;java.time.chrono.HijrahDate;sun.reflect.generics.factory.CoreReflectionFactory.makeNamedType;114;;
Class.forName;java.time.chrono.JapaneseDate;sun.reflect.generics.factory.CoreReflectionFactory.makeNamedType;114;;
Class.forName;java.time.chrono.MinguoDate;sun.reflect.generics.factory.CoreReflectionFactory.makeNamedType;114;;
Class.forName;java.time.chrono.ThaiBuddhistDate;sun.reflect.generics.factory.CoreReflectionFactory.makeNamedType;114;;
Class.forName;java.time.temporal.ChronoUnit;java.lang.reflect.Proxy$ProxyBuilder.ensureVisible;879;;
Class.forName;java.time.temporal.ChronoUnit;sun.reflect.generics.factory.CoreReflectionFactory.makeNamedType;114;;
Class.forName;java.time.temporal.Temporal;sun.reflect.generics.factory.CoreReflectionFactory.makeNamedType;114;;
Class.forName;java.time.temporal.TemporalAccessor;sun.reflect.generics.factory.CoreReflectionFactory.makeNamedType;114;;
Class.forName;java.time.temporal.TemporalAdjuster;sun.reflect.generics.factory.CoreReflectionFactory.makeNamedType;114;;
Class.forName;java.util.AbstractCollection;sun.reflect.generics.factory.CoreReflectionFactory.makeNamedType;114;;
Class.forName;java.util.ArrayDeque;sun.reflect.generics.factory.CoreReflectionFactory.makeNamedType;114;;
Class.forName;java.util.ArrayList;org.ehcache.impl.serialization.PlainJavaSerializer$OIS.resolveClass;92;;
Class.forName;java.util.Arrays$ArrayList;org.ehcache.impl.serialization.PlainJavaSerializer$OIS.resolveClass;92;;
Class.forName;java.util.Calendar;sun.reflect.generics.factory.CoreReflectionFactory.makeNamedType;114;;
Class.forName;java.util.Collection;java.lang.reflect.Proxy$ProxyBuilder.ensureVisible;879;;
Class.forName;java.util.Collection;sun.reflect.generics.factory.CoreReflectionFactory.makeNamedType;114;;
Class.forName;java.util.Currency;sun.reflect.generics.factory.CoreReflectionFactory.makeNamedType;114;;
Class.forName;java.util.Date;com.sun.jmx.mbeanserver.DefaultMXBeanMappingFactory.<clinit>;204;;
Class.forName;java.util.Date;com.sun.jmx.mbeanserver.MXBeanMapping.makeOpenClass;172;;
Class.forName;java.util.Date;sun.management.MappedMXBeanType.<clinit>;820;;
Class.forName;java.util.Date;sun.reflect.generics.factory.CoreReflectionFactory.makeNamedType;114;;
Class.forName;java.util.Deque;sun.reflect.generics.factory.CoreReflectionFactory.makeNamedType;114;;
Class.forName;java.util.Dictionary;sun.reflect.generics.factory.CoreReflectionFactory.makeNamedType;114;;
Class.forName;java.util.HashMap;org.ehcache.impl.serialization.PlainJavaSerializer$OIS.resolveClass;92;;
Class.forName;java.util.HashSet;org.ehcache.impl.serialization.PlainJavaSerializer$OIS.resolveClass;92;;
Class.forName;java.util.Hashtable;sun.reflect.generics.factory.CoreReflectionFactory.makeNamedType;114;;
Class.forName;java.util.ImmutableCollections$Access;jdk.internal.access.SharedSecrets.getJavaUtilCollectionAccess;95;;
Class.forName;java.util.Iterator;org.objectweb.asm.ClassWriter.getCommonSuperClass;1049;;
Class.forName;java.util.List;java.lang.reflect.Proxy$ProxyBuilder.ensureVisible;879;;
Class.forName;java.util.List;sun.reflect.generics.factory.CoreReflectionFactory.makeNamedType;114;;
Class.forName;java.util.Locale;sun.reflect.generics.factory.CoreReflectionFactory.makeNamedType;114;;
Class.forName;java.util.Map;java.lang.reflect.Proxy$ProxyBuilder.ensureVisible;879;;
Class.forName;java.util.Map;jdk.proxy2.$Proxy131.<clinit>;;;
Class.forName;java.util.Map;jdk.proxy2.$Proxy137.<clinit>;;;
Class.forName;java.util.Map;jdk.proxy2.$Proxy86.<clinit>;;;
Class.forName;java.util.Map;jdk.proxy3.$Proxy87.<clinit>;;;
Class.forName;java.util.Map;sun.reflect.generics.factory.CoreReflectionFactory.makeNamedType;114;;
Class.forName;java.util.Optional;java.lang.reflect.Proxy$ProxyBuilder.ensureVisible;879;;
Class.forName;java.util.Optional;org.apache.tomcat.util.compat.Jre9Compat.<clinit>;89;;
Class.forName;java.util.Properties;java.lang.reflect.Proxy$ProxyBuilder.ensureVisible;879;;
Class.forName;java.util.Properties;jdk.proxy2.$Proxy86.<clinit>;;;
Class.forName;java.util.Properties;jdk.proxy3.$Proxy87.<clinit>;;;
Class.forName;java.util.Properties;sun.reflect.generics.factory.CoreReflectionFactory.makeNamedType;114;;
Class.forName;java.util.PropertyPermission;com.sun.management.internal.DiagnosticCommandImpl$Wrapper.<init>;118;;
Class.forName;java.util.PropertyPermission;sun.security.provider.PolicyFile.getInstance;844;;
Class.forName;java.util.Queue;sun.reflect.generics.factory.CoreReflectionFactory.makeNamedType;114;;
Class.forName;java.util.RandomAccess;sun.reflect.generics.factory.CoreReflectionFactory.makeNamedType;114;;
Class.forName;java.util.ServiceLoader$Provider;org.hibernate.boot.registry.classloading.internal.AggregatedServiceLoader.<clinit>;50;;
Class.forName;java.util.Set;java.lang.reflect.Proxy$ProxyBuilder.ensureVisible;879;;
Class.forName;java.util.Set;sun.reflect.generics.factory.CoreReflectionFactory.makeNamedType;114;;
Class.forName;java.util.TimeZone;sun.reflect.generics.factory.CoreReflectionFactory.makeNamedType;114;;
Class.forName;java.util.UUID;sun.reflect.generics.factory.CoreReflectionFactory.makeNamedType;114;;
Class.forName;java.util.concurrent.Executor;java.lang.reflect.Proxy$ProxyBuilder.ensureVisible;879;;
Class.forName;java.util.concurrent.Executor;jdk.proxy2.$Proxy86.<clinit>;;;
Class.forName;java.util.concurrent.Executor;jdk.proxy3.$Proxy87.<clinit>;;;
Class.forName;java.util.concurrent.Executor;org.springframework.boot.autoconfigure.condition.FilteringSpringBootCondition.resolve;108;;
Class.forName;java.util.concurrent.Executor;org.springframework.util.ClassUtils.forName;284;;
Class.forName;java.util.concurrent.Executor;sun.reflect.generics.factory.CoreReflectionFactory.makeNamedType;114;;
Class.forName;java.util.concurrent.Flow$Publisher;org.springframework.util.ClassUtils.forName;292;;
Class.forName;java.util.concurrent.ScheduledExecutorService;sun.reflect.generics.factory.CoreReflectionFactory.makeNamedType;114;;
Class.forName;java.util.function.Consumer;java.lang.reflect.Proxy$ProxyBuilder.ensureVisible;879;;
Class.forName;java.util.function.Consumer;jdk.proxy1.$Proxy155.<clinit>;;;
Class.forName;java.util.function.Consumer;nonapi.io.github.classgraph.classpath.CallStackReader.getCallStackViaStackWalker;66;;
Class.forName;java.util.logging.LogManager;org.springframework.util.ClassUtils.forName;284;;
Class.forName;java.util.logging.LogManager;sun.management.ManagementFactoryHelper$LoggingMXBeanAccess$1.run;201;;
Class.forName;java.util.logging.LoggingMXBean;sun.management.ManagementFactoryHelper$LoggingMXBeanAccess$1.run;201;;
Class.forName;javax.activation.MimeType;org.springframework.boot.autoconfigure.condition.FilteringSpringBootCondition.resolve;108;;
Class.forName;javax.annotation.ManagedBean;org.springframework.util.ClassUtils.forName;284;;
Class.forName;javax.annotation.Resource;org.springframework.util.ClassUtils.forName;284;;
Class.forName;javax.cache.Cache;org.springframework.util.ClassUtils.forName;284;;
Class.forName;javax.cache.CacheManager;org.springframework.boot.autoconfigure.condition.FilteringSpringBootCondition.resolve;108;;
Class.forName;javax.cache.CacheManager;org.springframework.util.ClassUtils.forName;284;;
Class.forName;javax.cache.CacheManager;sun.reflect.generics.factory.CoreReflectionFactory.makeNamedType;114;;
Class.forName;javax.cache.Caching;org.springframework.boot.autoconfigure.condition.FilteringSpringBootCondition.resolve;108;;
Class.forName;javax.cache.Caching;org.springframework.util.ClassUtils.forName;284;;
Class.forName;javax.cache.Caching;sun.reflect.generics.factory.CoreReflectionFactory.makeNamedType;114;;
Class.forName;javax.cache.configuration.Configuration;sun.reflect.generics.factory.CoreReflectionFactory.makeNamedType;114;;
Class.forName;javax.management.MXBean;java.lang.reflect.Proxy$ProxyBuilder.ensureVisible;879;;
Class.forName;javax.management.MXBean;jdk.proxy1.$Proxy85.<clinit>;;;
Class.forName;javax.management.MXBean;sun.reflect.generics.factory.CoreReflectionFactory.makeNamedType;114;;
Class.forName;javax.management.Notification;sun.invoke.util.VerifyAccess$1.run;330;;
Class.forName;javax.management.NotificationEmitter;sun.invoke.util.VerifyAccess$1.run;330;;
Class.forName;javax.management.NotificationListener;sun.invoke.util.VerifyAccess$1.run;330;;
Class.forName;javax.management.ObjectName;com.sun.jmx.mbeanserver.DefaultMXBeanMappingFactory.<clinit>;204;;
Class.forName;javax.management.ObjectName;com.sun.jmx.mbeanserver.MXBeanMapping.makeOpenClass;172;;
Class.forName;javax.management.ObjectName;sun.invoke.util.VerifyAccess$1.run;330;;
Class.forName;javax.management.ObjectName;sun.management.MappedMXBeanType.<clinit>;820;;
Class.forName;javax.management.openmbean.CompositeData;com.sun.jmx.mbeanserver.MXBeanMapping.makeOpenClass;172;;
Class.forName;javax.management.openmbean.CompositeData[];com.sun.jmx.mbeanserver.DefaultMXBeanMappingFactory.makeArrayOrCollectionMapping;331;;
Class.forName;javax.management.openmbean.CompositeData[];com.sun.jmx.mbeanserver.MXBeanMapping.makeOpenClass;172;;
Class.forName;javax.management.openmbean.TabularData;com.sun.jmx.mbeanserver.MXBeanMapping.makeOpenClass;172;;
Class.forName;javax.naming.InitialContext;org.springframework.util.ClassUtils.forName;284;;
Class.forName;javax.naming.NamingException;java.lang.reflect.Proxy$ProxyBuilder.ensureVisible;879;;
Class.forName;javax.naming.NamingException;jdk.internal.org.objectweb.asm.ClassWriter.getCommonSuperClass;1061;;
Class.forName;javax.naming.Reference;java.lang.reflect.Proxy$ProxyBuilder.ensureVisible;879;;
Class.forName;javax.naming.ldap.LdapContext;org.springframework.boot.autoconfigure.condition.FilteringSpringBootCondition.resolve;108;;
Class.forName;javax.net.SocketFactory;org.apache.commons.httpclient.protocol.ReflectionSocketFactory.createSocket;;;
Class.forName;javax.net.ssl.SSLHandshakeException;org.apache.commons.httpclient.DefaultHttpMethodRetryHandler.<clinit>;;;
Class.forName;javax.persistence.Cache;java.lang.reflect.Proxy$ProxyBuilder.ensureVisible;879;;
Class.forName;javax.persistence.CascadeType;java.lang.reflect.Proxy$ProxyBuilder.ensureVisible;879;;
Class.forName;javax.persistence.CascadeType;sun.reflect.generics.factory.CoreReflectionFactory.makeNamedType;114;;
Class.forName;javax.persistence.Column;java.lang.reflect.Proxy$ProxyBuilder.ensureVisible;879;;
Class.forName;javax.persistence.Column;jdk.proxy2.$Proxy107.<clinit>;;;
Class.forName;javax.persistence.Column;sun.reflect.generics.factory.CoreReflectionFactory.makeNamedType;114;;
Class.forName;javax.persistence.ConstraintMode;java.lang.reflect.Proxy$ProxyBuilder.ensureVisible;879;;
Class.forName;javax.persistence.ConstraintMode;sun.reflect.generics.factory.CoreReflectionFactory.makeNamedType;114;;
Class.forName;javax.persistence.Entity;java.lang.reflect.Proxy$ProxyBuilder.ensureVisible;879;;
Class.forName;javax.persistence.Entity;jdk.proxy2.$Proxy105.<clinit>;;;
Class.forName;javax.persistence.Entity;org.springframework.util.ClassUtils.forName;284;;
Class.forName;javax.persistence.Entity;sun.reflect.generics.factory.CoreReflectionFactory.makeNamedType;114;;
Class.forName;javax.persistence.EntityGraph;java.lang.reflect.Proxy$ProxyBuilder.ensureVisible;879;;
Class.forName;javax.persistence.EntityGraph;jdk.proxy2.$Proxy131.<clinit>;;;
Class.forName;javax.persistence.EntityManager;java.lang.reflect.Proxy$ProxyBuilder.ensureVisible;879;;
Class.forName;javax.persistence.EntityManager;org.springframework.boot.autoconfigure.condition.FilteringSpringBootCondition.resolve;108;;
Class.forName;javax.persistence.EntityManager;org.springframework.util.ClassUtils.forName;284;;
Class.forName;javax.persistence.EntityManager;sun.reflect.generics.factory.CoreReflectionFactory.makeNamedType;114;;
Class.forName;javax.persistence.EntityManagerFactory;java.lang.reflect.Proxy$ProxyBuilder.ensureVisible;879;;
Class.forName;javax.persistence.EntityManagerFactory;org.springframework.boot.autoconfigure.condition.FilteringSpringBootCondition.resolve;108;;
Class.forName;javax.persistence.EntityManagerFactory;org.springframework.util.ClassUtils.forName;284;;
Class.forName;javax.persistence.EntityManagerFactory;sun.reflect.generics.factory.CoreReflectionFactory.makeNamedType;114;;
Class.forName;javax.persistence.EntityTransaction;java.lang.reflect.Proxy$ProxyBuilder.ensureVisible;879;;
Class.forName;javax.persistence.FetchType;java.lang.reflect.Proxy$ProxyBuilder.ensureVisible;879;;
Class.forName;javax.persistence.FetchType;sun.reflect.generics.factory.CoreReflectionFactory.makeNamedType;114;;
Class.forName;javax.persistence.FlushModeType;java.lang.reflect.Proxy$ProxyBuilder.ensureVisible;879;;
Class.forName;javax.persistence.FlushModeType;jdk.proxy2.$Proxy137.<clinit>;;;
Class.forName;javax.persistence.ForeignKey;java.lang.reflect.Proxy$ProxyBuilder.ensureVisible;879;;
Class.forName;javax.persistence.ForeignKey;jdk.proxy2.$Proxy115.<clinit>;;;
Class.forName;javax.persistence.ForeignKey;sun.reflect.generics.factory.CoreReflectionFactory.makeNamedType;114;;
Class.forName;javax.persistence.GeneratedValue;java.lang.reflect.Proxy$ProxyBuilder.ensureVisible;879;;
Class.forName;javax.persistence.GeneratedValue;jdk.proxy2.$Proxy111.<clinit>;;;
Class.forName;javax.persistence.GeneratedValue;sun.reflect.generics.factory.CoreReflectionFactory.makeNamedType;114;;
Class.forName;javax.persistence.GenerationType;java.lang.reflect.Proxy$ProxyBuilder.ensureVisible;879;;
Class.forName;javax.persistence.GenerationType;sun.reflect.generics.factory.CoreReflectionFactory.makeNamedType;114;;
Class.forName;javax.persistence.Id;java.lang.reflect.Proxy$ProxyBuilder.ensureVisible;879;;
Class.forName;javax.persistence.Id;jdk.proxy2.$Proxy110.<clinit>;;;
Class.forName;javax.persistence.Id;sun.reflect.generics.factory.CoreReflectionFactory.makeNamedType;114;;
Class.forName;javax.persistence.Index;java.lang.reflect.Proxy$ProxyBuilder.ensureVisible;879;;
Class.forName;javax.persistence.JoinColumn;java.lang.reflect.Proxy$ProxyBuilder.ensureVisible;879;;
Class.forName;javax.persistence.JoinColumn;jdk.proxy2.$Proxy116.<clinit>;;;
Class.forName;javax.persistence.JoinColumn;sun.reflect.generics.factory.CoreReflectionFactory.makeNamedType;114;;
Class.forName;javax.persistence.JoinColumns;sun.reflect.generics.factory.CoreReflectionFactory.makeNamedType;114;;
Class.forName;javax.persistence.JoinTable;java.lang.reflect.Proxy$ProxyBuilder.ensureVisible;879;;
Class.forName;javax.persistence.JoinTable;jdk.proxy2.$Proxy122.<clinit>;;;
Class.forName;javax.persistence.JoinTable;sun.reflect.generics.factory.CoreReflectionFactory.makeNamedType;114;;
Class.forName;javax.persistence.LockModeType;java.lang.reflect.Proxy$ProxyBuilder.ensureVisible;879;;
Class.forName;javax.persistence.LockModeType;jdk.proxy2.$Proxy137.<clinit>;;;
Class.forName;javax.persistence.ManyToMany;java.lang.reflect.Proxy$ProxyBuilder.ensureVisible;879;;
Class.forName;javax.persistence.ManyToMany;jdk.proxy2.$Proxy121.<clinit>;;;
Class.forName;javax.persistence.ManyToMany;sun.reflect.generics.factory.CoreReflectionFactory.makeNamedType;114;;
Class.forName;javax.persistence.ManyToOne;java.lang.reflect.Proxy$ProxyBuilder.ensureVisible;879;;
Class.forName;javax.persistence.ManyToOne;jdk.proxy2.$Proxy114.<clinit>;;;
Class.forName;javax.persistence.ManyToOne;sun.reflect.generics.factory.CoreReflectionFactory.makeNamedType;114;;
Class.forName;javax.persistence.MappedSuperclass;java.lang.reflect.Proxy$ProxyBuilder.ensureVisible;879;;
Class.forName;javax.persistence.MappedSuperclass;jdk.proxy2.$Proxy104.<clinit>;;;
Class.forName;javax.persistence.MappedSuperclass;org.springframework.util.ClassUtils.forName;284;;
Class.forName;javax.persistence.MappedSuperclass;sun.reflect.generics.factory.CoreReflectionFactory.makeNamedType;114;;
Class.forName;javax.persistence.OneToMany;java.lang.reflect.Proxy$ProxyBuilder.ensureVisible;879;;
Class.forName;javax.persistence.OneToMany;jdk.proxy2.$Proxy117.<clinit>;;;
Class.forName;javax.persistence.OneToMany;sun.reflect.generics.factory.CoreReflectionFactory.makeNamedType;114;;
Class.forName;javax.persistence.OrderBy;java.lang.reflect.Proxy$ProxyBuilder.ensureVisible;879;;
Class.forName;javax.persistence.OrderBy;jdk.proxy2.$Proxy118.<clinit>;;;
Class.forName;javax.persistence.OrderBy;sun.reflect.generics.factory.CoreReflectionFactory.makeNamedType;114;;
Class.forName;javax.persistence.Persistence;org.hibernate.validator.internal.util.privilegedactions.LoadClass.loadNonValidatorClass;118;;
Class.forName;javax.persistence.PersistenceContext;java.lang.reflect.Proxy$ProxyBuilder.ensureVisible;879;;
Class.forName;javax.persistence.PersistenceContext;jdk.proxy2.$Proxy70.<clinit>;;;
Class.forName;javax.persistence.PersistenceContext;org.apache.catalina.core.DefaultInstanceManager.<clinit>;84;;
Class.forName;javax.persistence.PersistenceContext;org.springframework.util.ClassUtils.forName;284;;
Class.forName;javax.persistence.PersistenceContext;sun.reflect.generics.factory.CoreReflectionFactory.makeNamedType;114;;
Class.forName;javax.persistence.PersistenceContextType;java.lang.reflect.Proxy$ProxyBuilder.ensureVisible;879;;
Class.forName;javax.persistence.PersistenceContextType;sun.reflect.generics.factory.CoreReflectionFactory.makeNamedType;114;;
Class.forName;javax.persistence.PersistenceContexts;sun.reflect.generics.factory.CoreReflectionFactory.makeNamedType;114;;
Class.forName;javax.persistence.PersistenceProperty;java.lang.reflect.Proxy$ProxyBuilder.ensureVisible;879;;
Class.forName;javax.persistence.PersistenceUnitUtil;java.lang.reflect.Proxy$ProxyBuilder.ensureVisible;879;;
Class.forName;javax.persistence.Query;java.lang.reflect.Proxy$ProxyBuilder.ensureVisible;879;;
Class.forName;javax.persistence.Query;jdk.proxy2.$Proxy131.<clinit>;;;
Class.forName;javax.persistence.StoredProcedureQuery;java.lang.reflect.Proxy$ProxyBuilder.ensureVisible;879;;
Class.forName;javax.persistence.SynchronizationType;java.lang.reflect.Proxy$ProxyBuilder.ensureVisible;879;;
Class.forName;javax.persistence.SynchronizationType;jdk.proxy2.$Proxy131.<clinit>;;;
Class.forName;javax.persistence.SynchronizationType;sun.reflect.generics.factory.CoreReflectionFactory.makeNamedType;114;;
Class.forName;javax.persistence.Table;java.lang.reflect.Proxy$ProxyBuilder.ensureVisible;879;;
Class.forName;javax.persistence.Table;jdk.proxy2.$Proxy106.<clinit>;;;
Class.forName;javax.persistence.Table;org.springframework.util.ClassUtils.forName;284;;
Class.forName;javax.persistence.Table;sun.reflect.generics.factory.CoreReflectionFactory.makeNamedType;114;;
Class.forName;javax.persistence.TypedQuery;java.lang.reflect.Proxy$ProxyBuilder.ensureVisible;879;;
Class.forName;javax.persistence.UniqueConstraint;java.lang.reflect.Proxy$ProxyBuilder.ensureVisible;879;;
Class.forName;javax.persistence.criteria.CriteriaBuilder;java.lang.reflect.Proxy$ProxyBuilder.ensureVisible;879;;
Class.forName;javax.persistence.criteria.CriteriaDelete;java.lang.reflect.Proxy$ProxyBuilder.ensureVisible;879;;
Class.forName;javax.persistence.criteria.CriteriaDelete;jdk.proxy2.$Proxy137.<clinit>;;;
Class.forName;javax.persistence.criteria.CriteriaQuery;java.lang.reflect.Proxy$ProxyBuilder.ensureVisible;879;;
Class.forName;javax.persistence.criteria.CriteriaQuery;jdk.proxy2.$Proxy137.<clinit>;;;
Class.forName;javax.persistence.criteria.CriteriaQuery;sun.reflect.generics.factory.CoreReflectionFactory.makeNamedType;114;;
Class.forName;javax.persistence.criteria.CriteriaUpdate;java.lang.reflect.Proxy$ProxyBuilder.ensureVisible;879;;
Class.forName;javax.persistence.criteria.CriteriaUpdate;jdk.proxy2.$Proxy137.<clinit>;;;
Class.forName;javax.persistence.metamodel.EntityType;java.lang.reflect.Proxy$ProxyBuilder.ensureVisible;879;;
Class.forName;javax.persistence.metamodel.Metamodel;java.lang.reflect.Proxy$ProxyBuilder.ensureVisible;879;;
Class.forName;javax.persistence.spi.PersistenceProvider;java.lang.reflect.Proxy$ProxyBuilder.ensureVisible;879;;
Class.forName;javax.persistence.spi.PersistenceUnitInfo;java.lang.reflect.Proxy$ProxyBuilder.ensureVisible;879;;
Class.forName;javax.servlet.FilterRegistration$Dynamic;sun.reflect.generics.factory.CoreReflectionFactory.makeNamedType;114;;
Class.forName;javax.servlet.MultipartConfigElement;org.springframework.boot.autoconfigure.condition.FilteringSpringBootCondition.resolve;108;;
Class.forName;javax.servlet.MultipartConfigElement;org.springframework.util.ClassUtils.forName;284;;
Class.forName;javax.servlet.MultipartConfigElement;sun.reflect.generics.factory.CoreReflectionFactory.makeNamedType;114;;
Class.forName;javax.servlet.Servlet;org.springframework.boot.autoconfigure.condition.FilteringSpringBootCondition.resolve;108;;
Class.forName;javax.servlet.Servlet;org.springframework.util.ClassUtils.forName;284;;
Class.forName;javax.servlet.Servlet;sun.reflect.generics.factory.CoreReflectionFactory.makeNamedType;114;;
Class.forName;javax.servlet.ServletRegistration$Dynamic;sun.reflect.generics.factory.CoreReflectionFactory.makeNamedType;114;;
Class.forName;javax.servlet.ServletRegistration;org.springframework.boot.autoconfigure.condition.FilteringSpringBootCondition.resolve;108;;
Class.forName;javax.servlet.ServletRegistration;org.springframework.util.ClassUtils.forName;284;;
Class.forName;javax.servlet.ServletRegistration;sun.reflect.generics.factory.CoreReflectionFactory.makeNamedType;114;;
Class.forName;javax.servlet.ServletRequest;org.springframework.boot.autoconfigure.condition.FilteringSpringBootCondition.resolve;108;;
Class.forName;javax.servlet.ServletRequest;org.springframework.util.ClassUtils.forName;284;;
Class.forName;javax.servlet.ServletRequest;sun.reflect.generics.factory.CoreReflectionFactory.makeNamedType;114;;
Class.forName;javax.servlet.http.HttpServletRequest;sun.reflect.generics.factory.CoreReflectionFactory.makeNamedType;114;;
Class.forName;javax.servlet.http.PushBuilder;org.springframework.util.ClassUtils.forName;284;;
Class.forName;javax.sql.DataSource;java.lang.reflect.Proxy$ProxyBuilder.ensureVisible;879;;
Class.forName;javax.sql.DataSource;org.springframework.boot.autoconfigure.condition.FilteringSpringBootCondition.resolve;108;;
Class.forName;javax.sql.DataSource;org.springframework.util.ClassUtils.forName;284;;
Class.forName;javax.sql.DataSource;sun.invoke.util.VerifyAccess$1.run;330;;
Class.forName;javax.sql.DataSource;sun.reflect.generics.factory.CoreReflectionFactory.makeNamedType;114;;
Class.forName;javax.sql.XADataSource;org.springframework.boot.autoconfigure.condition.FilteringSpringBootCondition.resolve;108;;
Class.forName;javax.sql.XADataSource;org.springframework.util.ClassUtils.forName;284;;
Class.forName;javax.sql.XADataSource;sun.reflect.generics.factory.CoreReflectionFactory.makeNamedType;114;;
Class.forName;javax.transaction.Transaction;org.springframework.boot.autoconfigure.condition.FilteringSpringBootCondition.resolve;108;;
Class.forName;javax.transaction.Transaction;org.springframework.util.ClassUtils.forName;284;;
Class.forName;javax.transaction.Transaction;sun.reflect.generics.factory.CoreReflectionFactory.makeNamedType;114;;
Class.forName;javax.transaction.TransactionManager;org.springframework.boot.autoconfigure.condition.FilteringSpringBootCondition.resolve;108;;
Class.forName;javax.transaction.Transactional;org.springframework.util.ClassUtils.forName;284;;
Class.forName;javax.validation.Constraint;java.lang.reflect.Proxy$ProxyBuilder.ensureVisible;879;;
Class.forName;javax.validation.Constraint;jdk.proxy2.$Proxy113.<clinit>;;;
Class.forName;javax.validation.Constraint;sun.reflect.generics.factory.CoreReflectionFactory.makeNamedType;114;;
Class.forName;javax.validation.ConstraintValidator;sun.reflect.generics.factory.CoreReflectionFactory.makeNamedType;114;;
Class.forName;javax.validation.ConstraintViolation;org.hibernate.boot.registry.classloading.internal.ClassLoaderServiceImpl.classForName;130;;
Class.forName;javax.validation.Valid;java.lang.reflect.Proxy$ProxyBuilder.ensureVisible;879;;
Class.forName;javax.validation.Valid;jdk.proxy2.$Proxy166.<clinit>;;;
Class.forName;javax.validation.Valid;sun.reflect.generics.factory.CoreReflectionFactory.makeNamedType;114;;
Class.forName;javax.validation.Validator;java.lang.reflect.Proxy$ProxyBuilder.ensureVisible;879;;
Class.forName;javax.validation.Validator;jdk.proxy2.$Proxy72.<clinit>;;;
Class.forName;javax.validation.Validator;org.springframework.boot.autoconfigure.condition.FilteringSpringBootCondition.resolve;108;;
Class.forName;javax.validation.Validator;org.springframework.util.ClassUtils.forName;284;;
Class.forName;javax.validation.Validator;sun.reflect.generics.factory.CoreReflectionFactory.makeNamedType;114;;
Class.forName;javax.validation.ValidatorFactory;org.springframework.util.ClassUtils.forName;284;;
Class.forName;javax.validation.bootstrap.GenericBootstrap;org.springframework.util.ClassUtils.forName;284;;
Class.forName;javax.validation.constraints.AssertFalse;sun.reflect.generics.factory.CoreReflectionFactory.makeNamedType;114;;
Class.forName;javax.validation.constraints.AssertTrue;sun.reflect.generics.factory.CoreReflectionFactory.makeNamedType;114;;
Class.forName;javax.validation.constraints.DecimalMax;sun.reflect.generics.factory.CoreReflectionFactory.makeNamedType;114;;
Class.forName;javax.validation.constraints.DecimalMin;sun.reflect.generics.factory.CoreReflectionFactory.makeNamedType;114;;
Class.forName;javax.validation.constraints.Digits$List;sun.reflect.generics.factory.CoreReflectionFactory.makeNamedType;114;;
Class.forName;javax.validation.constraints.Digits;java.lang.reflect.Proxy$ProxyBuilder.ensureVisible;879;;
Class.forName;javax.validation.constraints.Digits;jdk.proxy2.$Proxy119.<clinit>;;;
Class.forName;javax.validation.constraints.Digits;sun.reflect.generics.factory.CoreReflectionFactory.makeNamedType;114;;
Class.forName;javax.validation.constraints.Email;sun.reflect.generics.factory.CoreReflectionFactory.makeNamedType;114;;
Class.forName;javax.validation.constraints.Future;sun.reflect.generics.factory.CoreReflectionFactory.makeNamedType;114;;
Class.forName;javax.validation.constraints.FutureOrPresent;sun.reflect.generics.factory.CoreReflectionFactory.makeNamedType;114;;
Class.forName;javax.validation.constraints.Max;sun.reflect.generics.factory.CoreReflectionFactory.makeNamedType;114;;
Class.forName;javax.validation.constraints.Min;sun.reflect.generics.factory.CoreReflectionFactory.makeNamedType;114;;
Class.forName;javax.validation.constraints.Negative;sun.reflect.generics.factory.CoreReflectionFactory.makeNamedType;114;;
Class.forName;javax.validation.constraints.NegativeOrZero;sun.reflect.generics.factory.CoreReflectionFactory.makeNamedType;114;;
Class.forName;javax.validation.constraints.NotBlank;sun.reflect.generics.factory.CoreReflectionFactory.makeNamedType;114;;
Class.forName;javax.validation.constraints.NotEmpty$List;sun.reflect.generics.factory.CoreReflectionFactory.makeNamedType;114;;
Class.forName;javax.validation.constraints.NotEmpty;java.lang.reflect.Proxy$ProxyBuilder.ensureVisible;879;;
Class.forName;javax.validation.constraints.NotEmpty;jdk.proxy2.$Proxy109.<clinit>;;;
Class.forName;javax.validation.constraints.NotEmpty;sun.reflect.generics.factory.CoreReflectionFactory.makeNamedType;114;;
Class.forName;javax.validation.constraints.NotNull;sun.reflect.generics.factory.CoreReflectionFactory.makeNamedType;114;;
Class.forName;javax.validation.constraints.Null;sun.reflect.generics.factory.CoreReflectionFactory.makeNamedType;114;;
Class.forName;javax.validation.constraints.Past;sun.reflect.generics.factory.CoreReflectionFactory.makeNamedType;114;;
Class.forName;javax.validation.constraints.PastOrPresent;sun.reflect.generics.factory.CoreReflectionFactory.makeNamedType;114;;
Class.forName;javax.validation.constraints.Pattern;sun.reflect.generics.factory.CoreReflectionFactory.makeNamedType;114;;
Class.forName;javax.validation.constraints.Positive;sun.reflect.generics.factory.CoreReflectionFactory.makeNamedType;114;;
Class.forName;javax.validation.constraints.PositiveOrZero;sun.reflect.generics.factory.CoreReflectionFactory.makeNamedType;114;;
Class.forName;javax.validation.constraints.Size;sun.reflect.generics.factory.CoreReflectionFactory.makeNamedType;114;;
Class.forName;javax.validation.constraintvalidation.SupportedValidationTarget;java.lang.reflect.Proxy$ProxyBuilder.ensureVisible;879;;
Class.forName;javax.validation.constraintvalidation.SupportedValidationTarget;jdk.proxy2.$Proxy22.<clinit>;;;
Class.forName;javax.validation.constraintvalidation.SupportedValidationTarget;sun.reflect.generics.factory.CoreReflectionFactory.makeNamedType;114;;
Class.forName;javax.validation.constraintvalidation.ValidationTarget;java.lang.reflect.Proxy$ProxyBuilder.ensureVisible;879;;
Class.forName;javax.validation.constraintvalidation.ValidationTarget;sun.reflect.generics.factory.CoreReflectionFactory.makeNamedType;114;;
Class.forName;javax.validation.executable.ExecutableValidator;java.lang.reflect.Proxy$ProxyBuilder.ensureVisible;879;;
Class.forName;javax.validation.executable.ExecutableValidator;org.springframework.boot.autoconfigure.condition.FilteringSpringBootCondition.resolve;108;;
Class.forName;javax.validation.executable.ExecutableValidator;org.springframework.util.ClassUtils.forName;284;;
Class.forName;javax.validation.executable.ExecutableValidator;sun.reflect.generics.factory.CoreReflectionFactory.makeNamedType;114;;
Class.forName;javax.validation.metadata.BeanDescriptor;java.lang.reflect.Proxy$ProxyBuilder.ensureVisible;879;;
Class.forName;javax.websocket.server.ServerContainer;org.springframework.boot.autoconfigure.condition.FilteringSpringBootCondition.resolve;108;;
Class.forName;javax.websocket.server.ServerContainer;org.springframework.util.ClassUtils.forName;284;;
Class.forName;javax.websocket.server.ServerContainer;sun.reflect.generics.factory.CoreReflectionFactory.makeNamedType;114;;
Class.forName;javax.xml.bind.Binder;org.springframework.util.ClassUtils.forName;284;;
Class.forName;javax.xml.bind.annotation.XmlElement$DEFAULT;sun.reflect.generics.factory.CoreReflectionFactory.makeNamedType;114;;
Class.forName;javax.xml.bind.annotation.XmlElement;java.lang.reflect.Proxy$ProxyBuilder.ensureVisible;879;;
Class.forName;javax.xml.bind.annotation.XmlElement;jdk.proxy4.$Proxy120.<clinit>;;;
Class.forName;javax.xml.bind.annotation.XmlElement;org.springframework.util.ClassUtils.forName;284;;
Class.forName;javax.xml.bind.annotation.XmlElement;sun.reflect.generics.factory.CoreReflectionFactory.makeNamedType;114;;
Class.forName;javax.xml.bind.annotation.XmlRootElement;org.springframework.util.ClassUtils.forName;284;;
Class.forName;jdk.internal.ValueBased;com.sun.proxy.jdk.proxy1.$Proxy112.<clinit>;;;
Class.forName;jdk.internal.ValueBased;java.lang.reflect.Proxy$ProxyBuilder.ensureVisible;879;;
Class.forName;jdk.internal.ValueBased;sun.reflect.generics.factory.CoreReflectionFactory.makeNamedType;114;;
Class.forName;jdk.internal.jrtfs.JrtFileSystemProvider;java.util.ServiceLoader$LazyClassPathLookupIterator.nextProviderClass;1217;;
Class.forName;jdk.internal.jrtfs.JrtFileSystemProvider;java.util.ServiceLoader.loadProvider;859;;
Class.forName;jdk.internal.reflect.CallerSensitive;com.sun.proxy.jdk.proxy1.$Proxy138.<clinit>;;;
Class.forName;jdk.internal.reflect.CallerSensitive;java.lang.reflect.Proxy$ProxyBuilder.ensureVisible;879;;
Class.forName;jdk.internal.reflect.CallerSensitive;sun.reflect.generics.factory.CoreReflectionFactory.makeNamedType;114;;
Class.forName;jdk.internal.vm.annotation.IntrinsicCandidate;com.sun.proxy.jdk.proxy1.$Proxy21.<clinit>;;;
Class.forName;jdk.internal.vm.annotation.IntrinsicCandidate;java.lang.reflect.Proxy$ProxyBuilder.ensureVisible;879;;
Class.forName;jdk.internal.vm.annotation.IntrinsicCandidate;sun.reflect.generics.factory.CoreReflectionFactory.makeNamedType;114;;
Class.forName;jdk.management.jfr.ConfigurationInfo;sun.reflect.generics.factory.CoreReflectionFactory.makeNamedType;114;;
Class.forName;jdk.management.jfr.EventTypeInfo;sun.reflect.generics.factory.CoreReflectionFactory.makeNamedType;114;;
Class.forName;jdk.management.jfr.RecordingInfo;sun.reflect.generics.factory.CoreReflectionFactory.makeNamedType;114;;
Class.forName;jdk.management.jfr.SettingDescriptorInfo;sun.reflect.generics.factory.CoreReflectionFactory.makeNamedType;114;;
Class.forName;jdk.management.jfr.internal.FlightRecorderMXBeanProvider;java.util.ServiceLoader.loadProvider;859;;
Class.forName;jdk.net.ExtendedSocketOptions;sun.net.ext.ExtendedSocketOptions.getInstance;178;;
Class.forName;jdk.net.LinuxSocketOptions;jdk.net.ExtendedSocketOptions$PlatformSocketOptions.newInstance;352;;
Class.forName;jdk.nio.zipfs.ZipFileSystemProvider;java.util.ServiceLoader.loadProvider;859;;
Class.forName;net.bytebuddy.description.method.MethodDescription$InDefinedShape$AbstractBase$Executable;java.lang.reflect.Proxy$ProxyBuilder.ensureVisible;879;;
Class.forName;net.bytebuddy.description.method.MethodDescription$InDefinedShape$AbstractBase$Executable;net.bytebuddy.description.method.$Proxy92.<clinit>;;;
Class.forName;net.bytebuddy.description.method.ParameterDescription$ForLoadedParameter$Parameter;java.lang.reflect.Proxy$ProxyBuilder.ensureVisible;879;;
Class.forName;net.bytebuddy.description.method.ParameterDescription$ForLoadedParameter$Parameter;net.bytebuddy.description.method.$Proxy97.<clinit>;;;
Class.forName;net.bytebuddy.description.method.ParameterList$ForLoadedExecutable$Executable;java.lang.reflect.Proxy$ProxyBuilder.ensureVisible;879;;
Class.forName;net.bytebuddy.description.method.ParameterList$ForLoadedExecutable$Executable;net.bytebuddy.description.method.$Proxy96.<clinit>;;;
Class.forName;net.bytebuddy.description.type.TypeDefinition$Sort$AnnotatedType;java.lang.reflect.Proxy$ProxyBuilder.ensureVisible;879;;
Class.forName;net.bytebuddy.description.type.TypeDefinition$Sort$AnnotatedType;net.bytebuddy.description.type.$Proxy95.<clinit>;;;
Class.forName;net.bytebuddy.description.type.TypeDescription$ForLoadedType$Dispatcher;java.lang.reflect.Proxy$ProxyBuilder.ensureVisible;879;;
Class.forName;net.bytebuddy.description.type.TypeDescription$ForLoadedType$Dispatcher;net.bytebuddy.description.type.$Proxy91.<clinit>;;;
Class.forName;net.bytebuddy.description.type.TypeDescription$Generic$AnnotationReader$Delegator$ForLoadedExecutableExceptionType$Dispatcher;java.lang.reflect.Proxy$ProxyBuilder.ensureVisible;879;;
Class.forName;net.bytebuddy.description.type.TypeDescription$Generic$AnnotationReader$Delegator$ForLoadedExecutableExceptionType$Dispatcher;net.bytebuddy.description.type.$Proxy126.<clinit>;;;
Class.forName;net.bytebuddy.description.type.TypeDescription$Generic$AnnotationReader$Delegator$ForLoadedExecutableParameterType$Dispatcher;java.lang.reflect.Proxy$ProxyBuilder.ensureVisible;879;;
Class.forName;net.bytebuddy.description.type.TypeDescription$Generic$AnnotationReader$Delegator$ForLoadedExecutableParameterType$Dispatcher;net.bytebuddy.description.type.$Proxy124.<clinit>;;;
Class.forName;net.bytebuddy.description.type.TypeDescription$Generic$AnnotationReader$Delegator$ForLoadedMethodReturnType$Dispatcher;java.lang.reflect.Proxy$ProxyBuilder.ensureVisible;879;;
Class.forName;net.bytebuddy.description.type.TypeDescription$Generic$AnnotationReader$Delegator$ForLoadedMethodReturnType$Dispatcher;net.bytebuddy.description.type.$Proxy123.<clinit>;;;
Class.forName;net.bytebuddy.description.type.TypeDescription$Generic$AnnotationReader$ForComponentType$AnnotatedParameterizedType;java.lang.reflect.Proxy$ProxyBuilder.ensureVisible;879;;
Class.forName;net.bytebuddy.description.type.TypeDescription$Generic$AnnotationReader$ForComponentType$AnnotatedParameterizedType;net.bytebuddy.description.type.$Proxy125.<clinit>;;;
Class.forName;net.bytebuddy.description.type.TypeDescription$Generic$AnnotationReader$ForTypeArgument$AnnotatedParameterizedType;java.lang.reflect.Proxy$ProxyBuilder.ensureVisible;879;;
Class.forName;net.bytebuddy.description.type.TypeDescription$Generic$AnnotationReader$ForTypeArgument$AnnotatedParameterizedType;net.bytebuddy.description.type.$Proxy127.<clinit>;;;
Class.forName;net.bytebuddy.dynamic.loading.ClassInjector$UsingLookup$MethodHandles$Lookup;java.lang.reflect.Proxy$ProxyBuilder.ensureVisible;879;;
Class.forName;net.bytebuddy.dynamic.loading.ClassInjector$UsingLookup$MethodHandles$Lookup;jdk.proxy2.$Proxy130.<clinit>;;;
Class.forName;net.bytebuddy.dynamic.loading.ClassInjector$UsingLookup$MethodHandles;java.lang.reflect.Proxy$ProxyBuilder.ensureVisible;879;;
Class.forName;net.bytebuddy.dynamic.loading.ClassInjector$UsingLookup$MethodHandles;net.bytebuddy.dynamic.loading.$Proxy129.<clinit>;;;
Class.forName;net.bytebuddy.implementation.bind.annotation.AllArguments$Assignment;java.lang.reflect.Proxy$ProxyBuilder.ensureVisible;879;;
Class.forName;net.bytebuddy.implementation.bind.annotation.AllArguments$Assignment;sun.reflect.generics.factory.CoreReflectionFactory.makeNamedType;114;;
Class.forName;net.bytebuddy.implementation.bind.annotation.AllArguments;java.lang.reflect.Proxy$ProxyBuilder.ensureVisible;879;;
Class.forName;net.bytebuddy.implementation.bind.annotation.AllArguments;jdk.proxy2.$Proxy100.<clinit>;;;
Class.forName;net.bytebuddy.implementation.bind.annotation.AllArguments;sun.reflect.generics.factory.CoreReflectionFactory.makeNamedType;114;;
Class.forName;net.bytebuddy.implementation.bind.annotation.FieldValue;java.lang.reflect.Proxy$ProxyBuilder.ensureVisible;879;;
Class.forName;net.bytebuddy.implementation.bind.annotation.FieldValue;jdk.proxy2.$Proxy102.<clinit>;;;
Class.forName;net.bytebuddy.implementation.bind.annotation.FieldValue;sun.reflect.generics.factory.CoreReflectionFactory.makeNamedType;114;;
Class.forName;net.bytebuddy.implementation.bind.annotation.Origin;java.lang.reflect.Proxy$ProxyBuilder.ensureVisible;879;;
Class.forName;net.bytebuddy.implementation.bind.annotation.Origin;jdk.proxy2.$Proxy99.<clinit>;;;
Class.forName;net.bytebuddy.implementation.bind.annotation.Origin;sun.reflect.generics.factory.CoreReflectionFactory.makeNamedType;114;;
Class.forName;net.bytebuddy.implementation.bind.annotation.RuntimeType;java.lang.reflect.Proxy$ProxyBuilder.ensureVisible;879;;
Class.forName;net.bytebuddy.implementation.bind.annotation.RuntimeType;jdk.proxy2.$Proxy93.<clinit>;;;
Class.forName;net.bytebuddy.implementation.bind.annotation.RuntimeType;sun.reflect.generics.factory.CoreReflectionFactory.makeNamedType;114;;
Class.forName;net.bytebuddy.implementation.bind.annotation.StubValue;java.lang.reflect.Proxy$ProxyBuilder.ensureVisible;879;;
Class.forName;net.bytebuddy.implementation.bind.annotation.StubValue;jdk.proxy2.$Proxy101.<clinit>;;;
Class.forName;net.bytebuddy.implementation.bind.annotation.StubValue;sun.reflect.generics.factory.CoreReflectionFactory.makeNamedType;114;;
Class.forName;net.bytebuddy.implementation.bind.annotation.This;java.lang.reflect.Proxy$ProxyBuilder.ensureVisible;879;;
Class.forName;net.bytebuddy.implementation.bind.annotation.This;jdk.proxy2.$Proxy98.<clinit>;;;
Class.forName;net.bytebuddy.implementation.bind.annotation.This;sun.reflect.generics.factory.CoreReflectionFactory.makeNamedType;114;;
Class.forName;net.bytebuddy.utility.dispatcher.JavaDispatcher$Defaults;java.lang.reflect.Proxy$ProxyBuilder.ensureVisible;879;;
Class.forName;net.bytebuddy.utility.dispatcher.JavaDispatcher$Defaults;jdk.proxy2.$Proxy88.<clinit>;;;
Class.forName;net.bytebuddy.utility.dispatcher.JavaDispatcher$Defaults;sun.reflect.generics.factory.CoreReflectionFactory.makeNamedType;114;;
Class.forName;net.bytebuddy.utility.dispatcher.JavaDispatcher$Instance;java.lang.reflect.Proxy$ProxyBuilder.ensureVisible;879;;
Class.forName;net.bytebuddy.utility.dispatcher.JavaDispatcher$Instance;jdk.proxy2.$Proxy94.<clinit>;;;
Class.forName;net.bytebuddy.utility.dispatcher.JavaDispatcher$Instance;sun.reflect.generics.factory.CoreReflectionFactory.makeNamedType;114;;
Class.forName;net.bytebuddy.utility.dispatcher.JavaDispatcher$IsStatic;java.lang.reflect.Proxy$ProxyBuilder.ensureVisible;879;;
Class.forName;net.bytebuddy.utility.dispatcher.JavaDispatcher$IsStatic;jdk.proxy2.$Proxy128.<clinit>;;;
Class.forName;net.bytebuddy.utility.dispatcher.JavaDispatcher$IsStatic;sun.reflect.generics.factory.CoreReflectionFactory.makeNamedType;114;;
Class.forName;net.bytebuddy.utility.dispatcher.JavaDispatcher$Proxied;java.lang.reflect.Proxy$ProxyBuilder.ensureVisible;879;;
Class.forName;net.bytebuddy.utility.dispatcher.JavaDispatcher$Proxied;jdk.proxy2.$Proxy89.<clinit>;;;
Class.forName;net.bytebuddy.utility.dispatcher.JavaDispatcher$Proxied;sun.reflect.generics.factory.CoreReflectionFactory.makeNamedType;114;;
Class.forName;net.bytebuddy.utility.nullability.MaybeNull;java.lang.reflect.Proxy$ProxyBuilder.ensureVisible;879;;
Class.forName;net.bytebuddy.utility.nullability.MaybeNull;jdk.proxy2.$Proxy90.<clinit>;;;
Class.forName;net.bytebuddy.utility.nullability.MaybeNull;sun.reflect.generics.factory.CoreReflectionFactory.makeNamedType;114;;
Class.forName;org.aopalliance.aop.Advice;java.lang.reflect.Proxy$ProxyBuilder.ensureVisible;879;;
Class.forName;org.aopalliance.aop.Advice;jdk.proxy2.$Proxy139.<clinit>;;;
Class.forName;org.aopalliance.aop.Advice;jdk.proxy2.$Proxy143.<clinit>;;;
Class.forName;org.aopalliance.aop.Advice;jdk.proxy2.$Proxy148.<clinit>;;;
Class.forName;org.aopalliance.aop.Advice;jdk.proxy2.$Proxy72.<clinit>;;;
Class.forName;org.apache.catalina.Manager;org.springframework.boot.autoconfigure.condition.FilteringSpringBootCondition.resolve;108;;
Class.forName;org.apache.catalina.Manager;org.springframework.util.ClassUtils.forName;284;;
Class.forName;org.apache.catalina.Manager;sun.reflect.generics.factory.CoreReflectionFactory.makeNamedType;114;;
Class.forName;org.apache.catalina.startup.Tomcat;org.springframework.boot.autoconfigure.condition.FilteringSpringBootCondition.resolve;108;;
Class.forName;org.apache.catalina.startup.Tomcat;org.springframework.util.ClassUtils.forName;284;;
Class.forName;org.apache.catalina.startup.Tomcat;sun.reflect.generics.factory.CoreReflectionFactory.makeNamedType;114;;
Class.forName;org.apache.catalina.util.CharsetMapper;org.apache.catalina.core.StandardContext.getCharsetMapper;1454;;
Class.forName;org.apache.commons.logging.impl.Jdk14Logger;org.apache.commons.logging.impl.LogFactoryImpl.createLogFromClass;998;;
Class.forName;org.apache.commons.logging.impl.WeakHashtable;org.apache.commons.logging.LogFactory.createFactoryStore;331;;
Class.forName;org.apache.coyote.UpgradeProtocol;org.springframework.boot.autoconfigure.condition.FilteringSpringBootCondition.resolve;108;;
Class.forName;org.apache.coyote.UpgradeProtocol;org.springframework.util.ClassUtils.forName;284;;
Class.forName;org.apache.coyote.UpgradeProtocol;sun.reflect.generics.factory.CoreReflectionFactory.makeNamedType;114;;
Class.forName;org.apache.el.ExpressionFactoryImpl;java.util.ServiceLoader$LazyClassPathLookupIterator.nextProviderClass;1217;;
Class.forName;org.apache.logging.log4j.LogManager;org.jboss.logging.LoggerProviders.tryLog4j2;119;;
Class.forName;org.apache.logging.log4j.Logger;org.jboss.logging.LoggerProviders.tryLog4j2;118;;
Class.forName;org.apache.logging.log4j.spi.AbstractLogger;org.jboss.logging.LoggerProviders.tryLog4j2;120;;
Class.forName;org.apache.logging.log4j.spi.ExtendedLogger;org.apache.commons.logging.LogAdapter.isPresent;107;;
Class.forName;org.apache.logging.log4j.util.EnvironmentPropertySource;java.util.ServiceLoader$LazyClassPathLookupIterator.nextProviderClass;1217;;
Class.forName;org.apache.logging.log4j.util.SystemPropertiesPropertySource;java.util.ServiceLoader$LazyClassPathLookupIterator.nextProviderClass;1217;;
Class.forName;org.apache.logging.log4j.util.internal.DefaultObjectInputFilter;org.apache.logging.log4j.util.SortedArrayStringMap.<clinit>;104;;
Class.forName;org.apache.logging.slf4j.SLF4JProvider;java.util.ServiceLoader$LazyClassPathLookupIterator.nextProviderClass;1217;;
Class.forName;org.apache.logging.slf4j.SLF4JProvider;org.apache.commons.logging.LogAdapter.isPresent;107;;
Class.forName;org.apache.tomcat.websocket.server.WsSci;org.springframework.boot.autoconfigure.condition.FilteringSpringBootCondition.resolve;108;;
Class.forName;org.apache.tomcat.websocket.server.WsSci;org.springframework.util.ClassUtils.forName;284;;
Class.forName;org.apache.tomcat.websocket.server.WsSci;sun.reflect.generics.factory.CoreReflectionFactory.makeNamedType;114;;
Class.forName;org.aspectj.weaver.Advice;org.springframework.boot.autoconfigure.condition.FilteringSpringBootCondition.resolve;108;;
Class.forName;org.aspectj.weaver.Advice;org.springframework.util.ClassUtils.forName;284;;
Class.forName;org.aspectj.weaver.Advice;sun.reflect.generics.factory.CoreReflectionFactory.makeNamedType;114;;
Class.forName;org.dacapo.harness.Callback;org.apache.tomcat.util.threads.ThreadPoolExecutor.<init>;1378;;
Class.forName;org.dacapo.harness.Spring;org.dacapo.harness.TestHarness.findClass;274;;
Class.forName;org.dacapo.spring.Client;org.dacapo.harness.Spring.<init>;40;;
Class.forName;org.dacapo.spring.Launcher;org.dacapo.harness.Spring.<init>;38;;
Class.forName;org.ehcache.core.internal.statistics.DefaultStatisticsServiceFactory;java.util.ServiceLoader$LazyClassPathLookupIterator.nextProviderClass;1217;;
Class.forName;org.ehcache.core.spi.service.CacheManagerProviderService;sun.reflect.generics.factory.CoreReflectionFactory.makeNamedType;114;;
Class.forName;org.ehcache.core.spi.service.DiskResourceService;sun.reflect.generics.factory.CoreReflectionFactory.makeNamedType;114;;
Class.forName;org.ehcache.core.spi.service.ExecutionService;sun.reflect.generics.factory.CoreReflectionFactory.makeNamedType;114;;
Class.forName;org.ehcache.core.spi.service.LocalPersistenceService;sun.reflect.generics.factory.CoreReflectionFactory.makeNamedType;114;;
Class.forName;org.ehcache.core.spi.service.ServiceFactory$RequiresConfiguration;java.lang.reflect.Proxy$ProxyBuilder.ensureVisible;879;;
Class.forName;org.ehcache.core.spi.service.ServiceFactory$RequiresConfiguration;jdk.proxy2.$Proxy83.<clinit>;;;
Class.forName;org.ehcache.core.spi.service.ServiceFactory$RequiresConfiguration;sun.reflect.generics.factory.CoreReflectionFactory.makeNamedType;114;;
Class.forName;org.ehcache.core.spi.service.StatisticsService;sun.reflect.generics.factory.CoreReflectionFactory.makeNamedType;114;;
Class.forName;org.ehcache.core.spi.store.heap.SizeOfEngineProvider;sun.reflect.generics.factory.CoreReflectionFactory.makeNamedType;114;;
Class.forName;org.ehcache.core.spi.store.tiering.AuthoritativeTier$Provider;sun.reflect.generics.factory.CoreReflectionFactory.makeNamedType;114;;
Class.forName;org.ehcache.core.spi.store.tiering.CachingTier$Provider;sun.reflect.generics.factory.CoreReflectionFactory.makeNamedType;114;;
Class.forName;org.ehcache.core.spi.store.tiering.HigherCachingTier$Provider;sun.reflect.generics.factory.CoreReflectionFactory.makeNamedType;114;;
Class.forName;org.ehcache.core.spi.store.tiering.LowerCachingTier$Provider;sun.reflect.generics.factory.CoreReflectionFactory.makeNamedType;114;;
Class.forName;org.ehcache.core.spi.time.TimeSourceService;sun.reflect.generics.factory.CoreReflectionFactory.makeNamedType;114;;
Class.forName;org.ehcache.impl.internal.TimeSourceServiceFactory;java.util.ServiceLoader$LazyClassPathLookupIterator.nextProviderClass;1217;;
Class.forName;org.ehcache.impl.internal.events.CacheEventNotificationListenerServiceProviderFactory;java.util.ServiceLoader$LazyClassPathLookupIterator.nextProviderClass;1217;;
Class.forName;org.ehcache.impl.internal.executor.DefaultExecutionServiceFactory;java.util.ServiceLoader$LazyClassPathLookupIterator.nextProviderClass;1217;;
Class.forName;org.ehcache.impl.internal.loaderwriter.writebehind.WriteBehindProviderFactory;java.util.ServiceLoader$LazyClassPathLookupIterator.nextProviderClass;1217;;
Class.forName;org.ehcache.impl.internal.persistence.DefaultDiskResourceServiceFactory;java.util.ServiceLoader$LazyClassPathLookupIterator.nextProviderClass;1217;;
Class.forName;org.ehcache.impl.internal.persistence.DefaultLocalPersistenceServiceFactory;java.util.ServiceLoader$LazyClassPathLookupIterator.nextProviderClass;1217;;
Class.forName;org.ehcache.impl.internal.sizeof.DefaultSizeOfEngineProviderFactory;java.util.ServiceLoader$LazyClassPathLookupIterator.nextProviderClass;1217;;
Class.forName;org.ehcache.impl.internal.spi.copy.DefaultCopyProviderFactory;java.util.ServiceLoader$LazyClassPathLookupIterator.nextProviderClass;1217;;
Class.forName;org.ehcache.impl.internal.spi.event.DefaultCacheEventListenerProviderFactory;java.util.ServiceLoader$LazyClassPathLookupIterator.nextProviderClass;1217;;
Class.forName;org.ehcache.impl.internal.spi.loaderwriter.DefaultCacheLoaderWriterProviderFactory;java.util.ServiceLoader$LazyClassPathLookupIterator.nextProviderClass;1217;;
Class.forName;org.ehcache.impl.internal.spi.resilience.DefaultResilienceStrategyProviderFactory;java.util.ServiceLoader$LazyClassPathLookupIterator.nextProviderClass;1217;;
Class.forName;org.ehcache.impl.internal.spi.serialization.DefaultSerializationProviderFactory;java.util.ServiceLoader$LazyClassPathLookupIterator.nextProviderClass;1217;;
Class.forName;org.ehcache.impl.internal.store.disk.OffHeapDiskStoreProviderFactory;java.util.ServiceLoader$LazyClassPathLookupIterator.nextProviderClass;1217;;
Class.forName;org.ehcache.impl.internal.store.heap.OnHeapStoreProviderFactory;java.util.ServiceLoader$LazyClassPathLookupIterator.nextProviderClass;1217;;
Class.forName;org.ehcache.impl.internal.store.loaderwriter.LoaderWriterStoreProviderFactory;java.util.ServiceLoader$LazyClassPathLookupIterator.nextProviderClass;1217;;
Class.forName;org.ehcache.impl.internal.store.offheap.OffHeapStoreProviderFactory;java.util.ServiceLoader$LazyClassPathLookupIterator.nextProviderClass;1217;;
Class.forName;org.ehcache.impl.internal.store.tiering.CompoundCachingTierProviderFactory;java.util.ServiceLoader$LazyClassPathLookupIterator.nextProviderClass;1217;;
Class.forName;org.ehcache.impl.internal.store.tiering.TieredStoreProviderFactory;java.util.ServiceLoader$LazyClassPathLookupIterator.nextProviderClass;1217;;
Class.forName;org.ehcache.jsr107.EhcacheCachingProvider;java.util.ServiceLoader$LazyClassPathLookupIterator.nextProviderClass;1217;;
Class.forName;org.ehcache.shadow.org.terracotta.context.annotations.ContextAttribute;java.lang.reflect.Proxy$ProxyBuilder.ensureVisible;879;;
Class.forName;org.ehcache.shadow.org.terracotta.context.annotations.ContextAttribute;jdk.proxy2.$Proxy84.<clinit>;;;
Class.forName;org.ehcache.shadow.org.terracotta.context.annotations.ContextAttribute;sun.reflect.generics.factory.CoreReflectionFactory.makeNamedType;114;;
Class.forName;org.ehcache.spi.copy.CopyProvider;sun.reflect.generics.factory.CoreReflectionFactory.makeNamedType;114;;
Class.forName;org.ehcache.spi.loaderwriter.CacheLoaderWriterProvider;sun.reflect.generics.factory.CoreReflectionFactory.makeNamedType;114;;
Class.forName;org.ehcache.spi.loaderwriter.WriteBehindProvider;sun.reflect.generics.factory.CoreReflectionFactory.makeNamedType;114;;
Class.forName;org.ehcache.spi.serialization.SerializationProvider;sun.reflect.generics.factory.CoreReflectionFactory.makeNamedType;114;;
Class.forName;org.ehcache.spi.service.OptionalServiceDependencies;java.lang.reflect.Proxy$ProxyBuilder.ensureVisible;879;;
Class.forName;org.ehcache.spi.service.OptionalServiceDependencies;jdk.proxy2.$Proxy82.<clinit>;;;
Class.forName;org.ehcache.spi.service.OptionalServiceDependencies;sun.reflect.generics.factory.CoreReflectionFactory.makeNamedType;114;;
Class.forName;org.ehcache.spi.service.PluralService;java.lang.reflect.Proxy$ProxyBuilder.ensureVisible;879;;
Class.forName;org.ehcache.spi.service.PluralService;jdk.proxy2.$Proxy81.<clinit>;;;
Class.forName;org.ehcache.spi.service.PluralService;sun.reflect.generics.factory.CoreReflectionFactory.makeNamedType;114;;
Class.forName;org.ehcache.spi.service.ServiceDependencies;java.lang.reflect.Proxy$ProxyBuilder.ensureVisible;879;;
Class.forName;org.ehcache.spi.service.ServiceDependencies;jdk.proxy2.$Proxy80.<clinit>;;;
Class.forName;org.ehcache.spi.service.ServiceDependencies;sun.reflect.generics.factory.CoreReflectionFactory.makeNamedType;114;;
Class.forName;org.h2.Driver;java.sql.DriverManager.isDriverAllowed;558;;
Class.forName;org.h2.Driver;java.util.ServiceLoader$LazyClassPathLookupIterator.nextProviderClass;1217;;
Class.forName;org.h2.Driver;org.springframework.boot.web.embedded.tomcat.TomcatEmbeddedWebappClassLoader.loadFromParent;114;;
Class.forName;org.h2.Driver;org.springframework.util.ClassUtils.forName;284;;
Class.forName;org.h2.server.web.WebServlet;org.springframework.boot.autoconfigure.condition.FilteringSpringBootCondition.resolve;108;;
Class.forName;org.hibernate.Cache;java.lang.reflect.Proxy$ProxyBuilder.ensureVisible;879;;
Class.forName;org.hibernate.CacheMode;java.lang.reflect.Proxy$ProxyBuilder.ensureVisible;879;;
Class.forName;org.hibernate.CacheMode;jdk.proxy2.$Proxy137.<clinit>;;;
Class.forName;org.hibernate.Criteria;java.lang.reflect.Proxy$ProxyBuilder.ensureVisible;879;;
Class.forName;org.hibernate.Filter;java.lang.reflect.Proxy$ProxyBuilder.ensureVisible;879;;
Class.forName;org.hibernate.FlushMode;java.lang.reflect.Proxy$ProxyBuilder.ensureVisible;879;;
Class.forName;org.hibernate.FlushMode;jdk.proxy2.$Proxy137.<clinit>;;;
Class.forName;org.hibernate.HibernateException;java.lang.reflect.Proxy$ProxyBuilder.ensureVisible;879;;
Class.forName;org.hibernate.IdentifierLoadAccess;java.lang.reflect.Proxy$ProxyBuilder.ensureVisible;879;;
Class.forName;org.hibernate.LobHelper;java.lang.reflect.Proxy$ProxyBuilder.ensureVisible;879;;
Class.forName;org.hibernate.LockMode;java.lang.reflect.Proxy$ProxyBuilder.ensureVisible;879;;
Class.forName;org.hibernate.LockMode;jdk.proxy2.$Proxy137.<clinit>;;;
Class.forName;org.hibernate.LockOptions;java.lang.reflect.Proxy$ProxyBuilder.ensureVisible;879;;
Class.forName;org.hibernate.LockOptions;jdk.proxy2.$Proxy137.<clinit>;;;
Class.forName;org.hibernate.Metamodel;java.lang.reflect.Proxy$ProxyBuilder.ensureVisible;879;;
Class.forName;org.hibernate.MultiIdentifierLoadAccess;java.lang.reflect.Proxy$ProxyBuilder.ensureVisible;879;;
Class.forName;org.hibernate.NaturalIdLoadAccess;java.lang.reflect.Proxy$ProxyBuilder.ensureVisible;879;;
Class.forName;org.hibernate.Query;java.lang.reflect.Proxy$ProxyBuilder.ensureVisible;879;;
Class.forName;org.hibernate.ReplicationMode;java.lang.reflect.Proxy$ProxyBuilder.ensureVisible;879;;
Class.forName;org.hibernate.ReplicationMode;jdk.proxy2.$Proxy137.<clinit>;;;
Class.forName;org.hibernate.SQLQuery;java.lang.reflect.Proxy$ProxyBuilder.ensureVisible;879;;
Class.forName;org.hibernate.Session$LockRequest;java.lang.reflect.Proxy$ProxyBuilder.ensureVisible;879;;
Class.forName;org.hibernate.Session;java.lang.reflect.Proxy$ProxyBuilder.ensureVisible;879;;
Class.forName;org.hibernate.Session;jdk.proxy2.$Proxy137.<clinit>;;;
Class.forName;org.hibernate.SessionBuilder;java.lang.reflect.Proxy$ProxyBuilder.ensureVisible;879;;
Class.forName;org.hibernate.SessionEventListener;java.lang.reflect.Proxy$ProxyBuilder.ensureVisible;879;;
Class.forName;org.hibernate.SessionEventListener[];jdk.proxy2.$Proxy137.<clinit>;;;
Class.forName;org.hibernate.SessionFactory;java.lang.reflect.Proxy$ProxyBuilder.ensureVisible;879;;
Class.forName;org.hibernate.SessionFactory;jdk.proxy2.$Proxy131.<clinit>;;;
Class.forName;org.hibernate.SessionFactory;org.springframework.boot.autoconfigure.condition.FilteringSpringBootCondition.resolve;108;;
Class.forName;org.hibernate.SharedSessionBuilder;java.lang.reflect.Proxy$ProxyBuilder.ensureVisible;879;;
Class.forName;org.hibernate.SimpleNaturalIdLoadAccess;java.lang.reflect.Proxy$ProxyBuilder.ensureVisible;879;;
Class.forName;org.hibernate.StatelessSession;java.lang.reflect.Proxy$ProxyBuilder.ensureVisible;879;;
Class.forName;org.hibernate.StatelessSessionBuilder;java.lang.reflect.Proxy$ProxyBuilder.ensureVisible;879;;
Class.forName;org.hibernate.Transaction;java.lang.reflect.Proxy$ProxyBuilder.ensureVisible;879;;
Class.forName;org.hibernate.TypeHelper;java.lang.reflect.Proxy$ProxyBuilder.ensureVisible;879;;
Class.forName;org.hibernate.UnknownProfileException;java.lang.reflect.Proxy$ProxyBuilder.ensureVisible;879;;
Class.forName;org.hibernate.annotations.common.util.impl.Log_$logger;org.jboss.logging.Logger.doGetMessageLogger;2562;;
Class.forName;org.hibernate.boot.archive.scan.internal.DisabledScanner;org.hibernate.boot.registry.classloading.internal.ClassLoaderServiceImpl.classForName;130;;
Class.forName;org.hibernate.boot.archive.scan.internal.DisabledScanner;org.springframework.util.ClassUtils.forName;284;;
Class.forName;org.hibernate.boot.model.naming.CamelCaseToUnderscoresNamingStrategy;org.hibernate.boot.registry.classloading.internal.ClassLoaderServiceImpl.classForName;130;;
Class.forName;org.hibernate.boot.model.naming.ImplicitNamingStrategy;sun.reflect.generics.factory.CoreReflectionFactory.makeNamedType;114;;
Class.forName;org.hibernate.boot.model.naming.PhysicalNamingStrategy;sun.reflect.generics.factory.CoreReflectionFactory.makeNamedType;114;;
Class.forName;org.hibernate.boot.spi.SessionFactoryOptions;java.lang.reflect.Proxy$ProxyBuilder.ensureVisible;879;;
Class.forName;org.hibernate.bytecode.enhance.spi.interceptor.BytecodeInterceptorLogging_$logger;org.jboss.logging.Logger.doGetMessageLogger;2562;;
Class.forName;org.hibernate.cfg.beanvalidation.TypeSafeActivator;org.hibernate.boot.registry.classloading.internal.ClassLoaderServiceImpl.classForName;130;;
Class.forName;org.hibernate.collection.internal.AbstractPersistentCollection;org.ehcache.impl.serialization.PlainJavaSerializer$OIS.resolveClass;92;;
Class.forName;org.hibernate.collection.internal.PersistentSet;org.ehcache.impl.serialization.PlainJavaSerializer$OIS.resolveClass;92;;
Class.forName;org.hibernate.engine.spi.FilterDefinition;java.lang.reflect.Proxy$ProxyBuilder.ensureVisible;879;;
Class.forName;org.hibernate.engine.spi.SessionFactoryImplementor;java.lang.reflect.Proxy$ProxyBuilder.ensureVisible;879;;
Class.forName;org.hibernate.engine.spi.SessionImplementor;org.springframework.boot.autoconfigure.condition.FilteringSpringBootCondition.resolve;108;;
Class.forName;org.hibernate.engine.spi.SessionImplementor;org.springframework.util.ClassUtils.forName;284;;
Class.forName;org.hibernate.engine.spi.SessionImplementor;sun.reflect.generics.factory.CoreReflectionFactory.makeNamedType;114;;
Class.forName;org.hibernate.engine.transaction.jta.platform.internal.NoJtaPlatform;org.springframework.boot.autoconfigure.orm.jpa.HibernateJpaConfiguration.getNoJtaPlatformManager;207;;
Class.forName;org.hibernate.graph.RootGraph;java.lang.reflect.Proxy$ProxyBuilder.ensureVisible;879;;
Class.forName;org.hibernate.internal.CoreMessageLogger_$logger;org.jboss.logging.Logger.doGetMessageLogger;2562;;
Class.forName;org.hibernate.internal.EntityManagerMessageLogger_$logger;org.jboss.logging.Logger.doGetMessageLogger;2562;;
Class.forName;org.hibernate.jdbc.ReturningWork;java.lang.reflect.Proxy$ProxyBuilder.ensureVisible;879;;
Class.forName;org.hibernate.jdbc.ReturningWork;jdk.proxy2.$Proxy137.<clinit>;;;
Class.forName;org.hibernate.jdbc.Work;java.lang.reflect.Proxy$ProxyBuilder.ensureVisible;879;;
Class.forName;org.hibernate.jdbc.Work;jdk.proxy2.$Proxy137.<clinit>;;;
Class.forName;org.hibernate.jpa.HibernateEntityManager;org.springframework.util.ClassUtils.forName;284;;
Class.forName;org.hibernate.jpa.HibernatePersistenceProvider;java.util.ServiceLoader$LazyClassPathLookupIterator.nextProviderClass;1217;;
Class.forName;org.hibernate.jpa.HibernatePersistenceProvider;org.springframework.boot.web.embedded.tomcat.TomcatEmbeddedWebappClassLoader.loadFromParent;114;;
Class.forName;org.hibernate.metadata.ClassMetadata;java.lang.reflect.Proxy$ProxyBuilder.ensureVisible;879;;
Class.forName;org.hibernate.metadata.CollectionMetadata;java.lang.reflect.Proxy$ProxyBuilder.ensureVisible;879;;
Class.forName;org.hibernate.metamodel.internal.MetamodelImpl;org.springframework.util.ClassUtils.forName;284;;
Class.forName;org.hibernate.procedure.ProcedureCall;java.lang.reflect.Proxy$ProxyBuilder.ensureVisible;879;;
Class.forName;org.hibernate.proxy.HibernateProxy;org.springframework.util.ClassUtils.forName;284;;
Class.forName;org.hibernate.query.NativeQuery;java.lang.reflect.Proxy$ProxyBuilder.ensureVisible;879;;
Class.forName;org.hibernate.query.Query;java.lang.reflect.Proxy$ProxyBuilder.ensureVisible;879;;
Class.forName;org.hibernate.resource.beans.container.spi.BeanContainer;org.springframework.util.ClassUtils.forName;284;;
Class.forName;org.hibernate.service.spi.InjectService;java.lang.reflect.Proxy$ProxyBuilder.ensureVisible;879;;
Class.forName;org.hibernate.service.spi.InjectService;jdk.proxy2.$Proxy103.<clinit>;;;
Class.forName;org.hibernate.service.spi.InjectService;sun.reflect.generics.factory.CoreReflectionFactory.makeNamedType;114;;
Class.forName;org.hibernate.stat.SessionStatistics;java.lang.reflect.Proxy$ProxyBuilder.ensureVisible;879;;
Class.forName;org.hibernate.stat.Statistics;java.lang.reflect.Proxy$ProxyBuilder.ensureVisible;879;;
Class.forName;org.hibernate.validator.HibernateValidator;java.util.ServiceLoader$LazyClassPathLookupIterator.nextProviderClass;1217;;
Class.forName;org.hibernate.validator.constraints.CodePointLength;sun.reflect.generics.factory.CoreReflectionFactory.makeNamedType;114;;
Class.forName;org.hibernate.validator.constraints.EAN;sun.reflect.generics.factory.CoreReflectionFactory.makeNamedType;114;;
Class.forName;org.hibernate.validator.constraints.Email;sun.reflect.generics.factory.CoreReflectionFactory.makeNamedType;114;;
Class.forName;org.hibernate.validator.constraints.ISBN;sun.reflect.generics.factory.CoreReflectionFactory.makeNamedType;114;;
Class.forName;org.hibernate.validator.constraints.Length;sun.reflect.generics.factory.CoreReflectionFactory.makeNamedType;114;;
Class.forName;org.hibernate.validator.constraints.LuhnCheck;sun.reflect.generics.factory.CoreReflectionFactory.makeNamedType;114;;
Class.forName;org.hibernate.validator.constraints.Mod10Check;sun.reflect.generics.factory.CoreReflectionFactory.makeNamedType;114;;
Class.forName;org.hibernate.validator.constraints.Mod11Check;sun.reflect.generics.factory.CoreReflectionFactory.makeNamedType;114;;
Class.forName;org.hibernate.validator.constraints.ModCheck;sun.reflect.generics.factory.CoreReflectionFactory.makeNamedType;114;;
Class.forName;org.hibernate.validator.constraints.Normalized;sun.reflect.generics.factory.CoreReflectionFactory.makeNamedType;114;;
Class.forName;org.hibernate.validator.constraints.NotBlank;sun.reflect.generics.factory.CoreReflectionFactory.makeNamedType;114;;
Class.forName;org.hibernate.validator.constraints.ParameterScriptAssert;sun.reflect.generics.factory.CoreReflectionFactory.makeNamedType;114;;
Class.forName;org.hibernate.validator.constraints.ScriptAssert;sun.reflect.generics.factory.CoreReflectionFactory.makeNamedType;114;;
Class.forName;org.hibernate.validator.constraints.URL;sun.reflect.generics.factory.CoreReflectionFactory.makeNamedType;114;;
Class.forName;org.hibernate.validator.constraints.UniqueElements;sun.reflect.generics.factory.CoreReflectionFactory.makeNamedType;114;;
Class.forName;org.hibernate.validator.constraints.br.CNPJ;sun.reflect.generics.factory.CoreReflectionFactory.makeNamedType;114;;
Class.forName;org.hibernate.validator.constraints.br.CPF;sun.reflect.generics.factory.CoreReflectionFactory.makeNamedType;114;;
Class.forName;org.hibernate.validator.constraints.pl.NIP;sun.reflect.generics.factory.CoreReflectionFactory.makeNamedType;114;;
Class.forName;org.hibernate.validator.constraints.pl.PESEL;sun.reflect.generics.factory.CoreReflectionFactory.makeNamedType;114;;
Class.forName;org.hibernate.validator.constraints.pl.REGON;sun.reflect.generics.factory.CoreReflectionFactory.makeNamedType;114;;
Class.forName;org.hibernate.validator.constraints.ru.INN;sun.reflect.generics.factory.CoreReflectionFactory.makeNamedType;114;;
Class.forName;org.hibernate.validator.constraints.time.DurationMax;sun.reflect.generics.factory.CoreReflectionFactory.makeNamedType;114;;
Class.forName;org.hibernate.validator.constraints.time.DurationMin;sun.reflect.generics.factory.CoreReflectionFactory.makeNamedType;114;;
Class.forName;org.hibernate.validator.constraintvalidation.HibernateConstraintValidator;sun.reflect.generics.factory.CoreReflectionFactory.makeNamedType;114;;
Class.forName;org.hibernate.validator.internal.constraintvalidators.AbstractEmailValidator;sun.reflect.generics.factory.CoreReflectionFactory.makeNamedType;114;;
Class.forName;org.hibernate.validator.internal.constraintvalidators.bv.number.bound.AbstractMaxValidator;sun.reflect.generics.factory.CoreReflectionFactory.makeNamedType;114;;
Class.forName;org.hibernate.validator.internal.constraintvalidators.bv.number.bound.AbstractMinValidator;sun.reflect.generics.factory.CoreReflectionFactory.makeNamedType;114;;
Class.forName;org.hibernate.validator.internal.constraintvalidators.bv.number.bound.decimal.AbstractDecimalMaxValidator;sun.reflect.generics.factory.CoreReflectionFactory.makeNamedType;114;;
Class.forName;org.hibernate.validator.internal.constraintvalidators.bv.number.bound.decimal.AbstractDecimalMinValidator;sun.reflect.generics.factory.CoreReflectionFactory.makeNamedType;114;;
Class.forName;org.hibernate.validator.internal.constraintvalidators.bv.size.SizeValidatorForArraysOfPrimitives;sun.reflect.generics.factory.CoreReflectionFactory.makeNamedType;114;;
Class.forName;org.hibernate.validator.internal.constraintvalidators.bv.time.AbstractInstantBasedTimeValidator;sun.reflect.generics.factory.CoreReflectionFactory.makeNamedType;114;;
Class.forName;org.hibernate.validator.internal.constraintvalidators.bv.time.AbstractJavaTimeValidator;sun.reflect.generics.factory.CoreReflectionFactory.makeNamedType;114;;
Class.forName;org.hibernate.validator.internal.constraintvalidators.bv.time.future.AbstractFutureInstantBasedValidator;sun.reflect.generics.factory.CoreReflectionFactory.makeNamedType;114;;
Class.forName;org.hibernate.validator.internal.constraintvalidators.bv.time.future.AbstractFutureJavaTimeValidator;sun.reflect.generics.factory.CoreReflectionFactory.makeNamedType;114;;
Class.forName;org.hibernate.validator.internal.constraintvalidators.bv.time.futureorpresent.AbstractFutureOrPresentInstantBasedValidator;sun.reflect.generics.factory.CoreReflectionFactory.makeNamedType;114;;
Class.forName;org.hibernate.validator.internal.constraintvalidators.bv.time.futureorpresent.AbstractFutureOrPresentJavaTimeValidator;sun.reflect.generics.factory.CoreReflectionFactory.makeNamedType;114;;
Class.forName;org.hibernate.validator.internal.constraintvalidators.bv.time.past.AbstractPastInstantBasedValidator;sun.reflect.generics.factory.CoreReflectionFactory.makeNamedType;114;;
Class.forName;org.hibernate.validator.internal.constraintvalidators.bv.time.past.AbstractPastJavaTimeValidator;sun.reflect.generics.factory.CoreReflectionFactory.makeNamedType;114;;
Class.forName;org.hibernate.validator.internal.constraintvalidators.bv.time.pastorpresent.AbstractPastOrPresentInstantBasedValidator;sun.reflect.generics.factory.CoreReflectionFactory.makeNamedType;114;;
Class.forName;org.hibernate.validator.internal.constraintvalidators.bv.time.pastorpresent.AbstractPastOrPresentJavaTimeValidator;sun.reflect.generics.factory.CoreReflectionFactory.makeNamedType;114;;
Class.forName;org.hibernate.validator.internal.constraintvalidators.hv.AbstractScriptAssertValidator;sun.reflect.generics.factory.CoreReflectionFactory.makeNamedType;114;;
Class.forName;org.hibernate.validator.internal.constraintvalidators.hv.ModCheckBase;sun.reflect.generics.factory.CoreReflectionFactory.makeNamedType;114;;
Class.forName;org.hibernate.validator.internal.constraintvalidators.hv.pl.PolishNumberValidator;sun.reflect.generics.factory.CoreReflectionFactory.makeNamedType;114;;
Class.forName;org.hibernate.validator.internal.engine.resolver.JPATraversableResolver;org.hibernate.validator.internal.util.privilegedactions.LoadClass.loadClassInValidatorNameSpace;85;;
Class.forName;org.hibernate.validator.internal.util.logging.Log_$logger;org.jboss.logging.Logger.doGetMessageLogger;2562;;
Class.forName;org.hibernate.validator.internal.util.logging.Messages_$bundle;org.jboss.logging.Messages.doGetBundle;90;;
Class.forName;org.jcp.xml.dsig.internal.dom.XMLDSigRI;java.util.ServiceLoader.loadProvider;859;;
Class.forName;org.postgresql.Driver;java.sql.DriverManager.isDriverAllowed;558;;
Class.forName;org.postgresql.Driver;java.util.ServiceLoader$LazyClassPathLookupIterator.nextProviderClass;1217;;
Class.forName;org.slf4j.LoggerFactory;org.springframework.boot.autoconfigure.condition.FilteringSpringBootCondition.resolve;108;;
Class.forName;org.slf4j.LoggerFactory;org.springframework.util.ClassUtils.forName;284;;
Class.forName;org.slf4j.LoggerFactory;sun.reflect.generics.factory.CoreReflectionFactory.makeNamedType;114;;
Class.forName;org.slf4j.bridge.SLF4JBridgeHandler;org.springframework.util.ClassUtils.forName;284;;
Class.forName;org.slf4j.spi.LocationAwareLogger;org.apache.commons.logging.LogAdapter.isPresent;107;;
Class.forName;org.springframework.aop.Advisor;java.lang.reflect.Proxy$ProxyBuilder.ensureVisible;879;;
Class.forName;org.springframework.aop.Advisor;jdk.proxy2.$Proxy139.<clinit>;;;
Class.forName;org.springframework.aop.Advisor;jdk.proxy2.$Proxy143.<clinit>;;;
Class.forName;org.springframework.aop.Advisor;jdk.proxy2.$Proxy148.<clinit>;;;
Class.forName;org.springframework.aop.Advisor;jdk.proxy2.$Proxy72.<clinit>;;;
Class.forName;org.springframework.aop.SpringProxy;java.lang.reflect.Proxy$ProxyBuilder.ensureVisible;879;;
Class.forName;org.springframework.aop.TargetSource;java.lang.reflect.Proxy$ProxyBuilder.ensureVisible;879;;
Class.forName;org.springframework.aop.TargetSource;jdk.proxy2.$Proxy139.<clinit>;;;
Class.forName;org.springframework.aop.TargetSource;jdk.proxy2.$Proxy143.<clinit>;;;
Class.forName;org.springframework.aop.TargetSource;jdk.proxy2.$Proxy148.<clinit>;;;
Class.forName;org.springframework.aop.TargetSource;jdk.proxy2.$Proxy72.<clinit>;;;
Class.forName;org.springframework.aop.aspectj.annotation.AnnotationAwareAspectJAutoProxyCreator;org.springframework.util.ClassUtils.forName;284;;
Class.forName;org.springframework.aop.framework.Advised;java.lang.reflect.Proxy$ProxyBuilder.ensureVisible;879;;
Class.forName;org.springframework.aop.framework.Advised;jdk.proxy2.$Proxy139.<clinit>;;;
Class.forName;org.springframework.aop.framework.Advised;jdk.proxy2.$Proxy143.<clinit>;;;
Class.forName;org.springframework.aop.framework.Advised;jdk.proxy2.$Proxy148.<clinit>;;;
Class.forName;org.springframework.aop.framework.Advised;jdk.proxy2.$Proxy72.<clinit>;;;
Class.forName;org.springframework.aop.framework.AopConfigException;java.lang.reflect.Proxy$ProxyBuilder.ensureVisible;879;;
Class.forName;org.springframework.aop.scope.ScopedObject;org.springframework.util.ClassUtils.forName;284;;
Class.forName;org.springframework.beans.ExtendedBeanInfoFactory;org.springframework.util.ClassUtils.forName;284;;
Class.forName;org.springframework.beans.factory.BeanClassLoaderAware;sun.reflect.generics.factory.CoreReflectionFactory.makeNamedType;114;;
Class.forName;org.springframework.beans.factory.BeanFactoryAware;org.springframework.samples.petclinic.PetClinicApplication$$EnhancerBySpringCGLIB$$915a30a4.CGLIB$STATICHOOK1;;;
Class.forName;org.springframework.beans.factory.BeanFactoryAware;sun.reflect.generics.factory.CoreReflectionFactory.makeNamedType;114;;
Class.forName;org.springframework.beans.factory.BeanNameAware;sun.reflect.generics.factory.CoreReflectionFactory.makeNamedType;114;;
Class.forName;org.springframework.beans.factory.DisposableBean;sun.reflect.generics.factory.CoreReflectionFactory.makeNamedType;114;;
Class.forName;org.springframework.beans.factory.FactoryBean;sun.reflect.generics.factory.CoreReflectionFactory.makeNamedType;114;;
Class.forName;org.springframework.beans.factory.InitializingBean;sun.reflect.generics.factory.CoreReflectionFactory.makeNamedType;114;;
Class.forName;org.springframework.beans.factory.ListableBeanFactory;sun.reflect.generics.factory.CoreReflectionFactory.makeNamedType;114;;
Class.forName;org.springframework.beans.factory.ObjectFactory;sun.reflect.generics.factory.CoreReflectionFactory.makeNamedType;114;;
Class.forName;org.springframework.beans.factory.ObjectProvider;sun.reflect.generics.factory.CoreReflectionFactory.makeNamedType;114;;
Class.forName;org.springframework.beans.factory.annotation.Autowire;java.lang.reflect.Proxy$ProxyBuilder.ensureVisible;879;;
Class.forName;org.springframework.beans.factory.annotation.Autowire;sun.reflect.generics.factory.CoreReflectionFactory.makeNamedType;114;;
Class.forName;org.springframework.beans.factory.annotation.Autowired;java.lang.reflect.Proxy$ProxyBuilder.ensureVisible;879;;
Class.forName;org.springframework.beans.factory.annotation.Autowired;jdk.proxy2.$Proxy56.<clinit>;;;
Class.forName;org.springframework.beans.factory.annotation.Autowired;org.springframework.util.ClassUtils.forName;284;;
Class.forName;org.springframework.beans.factory.annotation.Autowired;sun.reflect.generics.factory.CoreReflectionFactory.makeNamedType;114;;
Class.forName;org.springframework.beans.factory.annotation.Qualifier;java.lang.reflect.Proxy$ProxyBuilder.ensureVisible;879;;
Class.forName;org.springframework.beans.factory.annotation.Qualifier;jdk.proxy2.$Proxy151.<clinit>;;;
Class.forName;org.springframework.beans.factory.annotation.Qualifier;sun.reflect.generics.factory.CoreReflectionFactory.makeNamedType;114;;
Class.forName;org.springframework.beans.factory.config.AbstractFactoryBean;sun.reflect.generics.factory.CoreReflectionFactory.makeNamedType;114;;
Class.forName;org.springframework.beans.factory.config.ConfigurableListableBeanFactory;sun.reflect.generics.factory.CoreReflectionFactory.makeNamedType;114;;
Class.forName;org.springframework.beans.factory.support.BeanNameGenerator;sun.reflect.generics.factory.CoreReflectionFactory.makeNamedType;114;;
Class.forName;org.springframework.boot.ClearCachesApplicationListener;org.springframework.util.ClassUtils.forName;284;;
Class.forName;org.springframework.boot.SpringBootConfiguration;java.lang.reflect.Proxy$ProxyBuilder.ensureVisible;879;;
Class.forName;org.springframework.boot.SpringBootConfiguration;jdk.proxy2.$Proxy12.<clinit>;;;
Class.forName;org.springframework.boot.SpringBootConfiguration;sun.reflect.generics.factory.CoreReflectionFactory.makeNamedType;114;;
Class.forName;org.springframework.boot.actuate.audit.AuditEventRepository;org.springframework.boot.autoconfigure.condition.FilteringSpringBootCondition.resolve;108;;
Class.forName;org.springframework.boot.actuate.audit.AuditEventRepository;sun.reflect.generics.factory.CoreReflectionFactory.makeNamedType;114;;
Class.forName;org.springframework.boot.actuate.audit.AuditEventsEndpoint;org.springframework.util.ClassUtils.forName;284;;
Class.forName;org.springframework.boot.actuate.audit.AuditEventsEndpoint;sun.reflect.generics.factory.CoreReflectionFactory.makeNamedType;114;;
Class.forName;org.springframework.boot.actuate.autoconfigure.audit.AuditAutoConfiguration;org.springframework.util.ClassUtils.forName;284;;
Class.forName;org.springframework.boot.actuate.autoconfigure.audit.AuditAutoConfiguration;sun.reflect.generics.factory.CoreReflectionFactory.makeNamedType;114;;
Class.forName;org.springframework.boot.actuate.autoconfigure.audit.AuditEventsEndpointAutoConfiguration;org.springframework.util.ClassUtils.forName;284;;
Class.forName;org.springframework.boot.actuate.autoconfigure.availability.AvailabilityHealthContributorAutoConfiguration;org.springframework.util.ClassUtils.forName;284;;
Class.forName;org.springframework.boot.actuate.autoconfigure.availability.AvailabilityProbesAutoConfiguration$ProbesCondition;org.springframework.util.ClassUtils.forName;284;;
Class.forName;org.springframework.boot.actuate.autoconfigure.beans.BeansEndpointAutoConfiguration;org.springframework.util.ClassUtils.forName;284;;
Class.forName;org.springframework.boot.actuate.autoconfigure.cache.CachesEndpointAutoConfiguration;org.springframework.util.ClassUtils.forName;284;;
Class.forName;org.springframework.boot.actuate.autoconfigure.condition.ConditionsReportEndpoint;org.springframework.boot.autoconfigure.condition.FilteringSpringBootCondition.resolve;108;;
Class.forName;org.springframework.boot.actuate.autoconfigure.condition.ConditionsReportEndpoint;org.springframework.util.ClassUtils.forName;284;;
Class.forName;org.springframework.boot.actuate.autoconfigure.condition.ConditionsReportEndpoint;sun.reflect.generics.factory.CoreReflectionFactory.makeNamedType;114;;
Class.forName;org.springframework.boot.actuate.autoconfigure.condition.ConditionsReportEndpointAutoConfiguration;org.springframework.util.ClassUtils.forName;284;;
Class.forName;org.springframework.boot.actuate.autoconfigure.context.properties.ConfigurationPropertiesReportEndpointAutoConfiguration;org.springframework.util.ClassUtils.forName;284;;
Class.forName;org.springframework.boot.actuate.autoconfigure.context.properties.ConfigurationPropertiesReportEndpointProperties;org.springframework.util.ClassUtils.forName;284;;
Class.forName;org.springframework.boot.actuate.autoconfigure.context.properties.ConfigurationPropertiesReportEndpointProperties;sun.reflect.generics.factory.CoreReflectionFactory.makeNamedType;114;;
Class.forName;org.springframework.boot.actuate.autoconfigure.endpoint.EndpointAutoConfiguration;org.springframework.util.ClassUtils.forName;284;;
Class.forName;org.springframework.boot.actuate.autoconfigure.endpoint.EndpointAutoConfiguration;sun.reflect.generics.factory.CoreReflectionFactory.makeNamedType;114;;
Class.forName;org.springframework.boot.actuate.autoconfigure.endpoint.condition.ConditionalOnAvailableEndpoint;java.lang.reflect.Proxy$ProxyBuilder.ensureVisible;879;;
Class.forName;org.springframework.boot.actuate.autoconfigure.endpoint.condition.ConditionalOnAvailableEndpoint;jdk.proxy2.$Proxy46.<clinit>;;;
Class.forName;org.springframework.boot.actuate.autoconfigure.endpoint.condition.ConditionalOnAvailableEndpoint;org.springframework.util.ClassUtils.forName;284;;
Class.forName;org.springframework.boot.actuate.autoconfigure.endpoint.condition.ConditionalOnAvailableEndpoint;sun.reflect.generics.factory.CoreReflectionFactory.makeNamedType;114;;
Class.forName;org.springframework.boot.actuate.autoconfigure.endpoint.condition.OnAvailableEndpointCondition;org.springframework.util.ClassUtils.forName;284;;
Class.forName;org.springframework.boot.actuate.autoconfigure.endpoint.condition.OnAvailableEndpointCondition;sun.reflect.generics.factory.CoreReflectionFactory.makeNamedType;114;;
Class.forName;org.springframework.boot.actuate.autoconfigure.endpoint.expose.EndpointExposure;java.lang.reflect.Proxy$ProxyBuilder.ensureVisible;879;;
Class.forName;org.springframework.boot.actuate.autoconfigure.endpoint.expose.EndpointExposure;org.springframework.util.ClassUtils.forName;284;;
Class.forName;org.springframework.boot.actuate.autoconfigure.endpoint.expose.EndpointExposure;sun.reflect.generics.factory.CoreReflectionFactory.makeNamedType;114;;
Class.forName;org.springframework.boot.actuate.autoconfigure.endpoint.expose.IncludeExcludeEndpointFilter;sun.reflect.generics.factory.CoreReflectionFactory.makeNamedType;114;;
Class.forName;org.springframework.boot.actuate.autoconfigure.endpoint.web.CorsEndpointProperties;org.springframework.util.ClassUtils.forName;284;;
Class.forName;org.springframework.boot.actuate.autoconfigure.endpoint.web.CorsEndpointProperties;sun.reflect.generics.factory.CoreReflectionFactory.makeNamedType;114;;
Class.forName;org.springframework.boot.actuate.autoconfigure.endpoint.web.ServletEndpointManagementContextConfiguration$WebMvcServletEndpointManagementContextConfiguration;org.springframework.util.ClassUtils.forName;284;;
Class.forName;org.springframework.boot.actuate.autoconfigure.endpoint.web.ServletEndpointManagementContextConfiguration;org.springframework.util.ClassUtils.forName;284;;
Class.forName;org.springframework.boot.actuate.autoconfigure.endpoint.web.WebEndpointAutoConfiguration$WebEndpointServletConfiguration;org.springframework.util.ClassUtils.forName;284;;
Class.forName;org.springframework.boot.actuate.autoconfigure.endpoint.web.WebEndpointAutoConfiguration;org.springframework.util.ClassUtils.forName;284;;
Class.forName;org.springframework.boot.actuate.autoconfigure.endpoint.web.WebEndpointProperties;org.springframework.util.ClassUtils.forName;284;;
Class.forName;org.springframework.boot.actuate.autoconfigure.endpoint.web.WebEndpointProperties;sun.reflect.generics.factory.CoreReflectionFactory.makeNamedType;114;;
Class.forName;org.springframework.boot.actuate.autoconfigure.endpoint.web.servlet.WebMvcEndpointManagementContextConfiguration;org.springframework.util.ClassUtils.forName;284;;
Class.forName;org.springframework.boot.actuate.autoconfigure.env.EnvironmentEndpointAutoConfiguration;org.springframework.util.ClassUtils.forName;284;;
Class.forName;org.springframework.boot.actuate.autoconfigure.env.EnvironmentEndpointProperties;org.springframework.util.ClassUtils.forName;284;;
Class.forName;org.springframework.boot.actuate.autoconfigure.env.EnvironmentEndpointProperties;sun.reflect.generics.factory.CoreReflectionFactory.makeNamedType;114;;
Class.forName;org.springframework.boot.actuate.autoconfigure.health.ConditionalOnEnabledHealthIndicator;java.lang.reflect.Proxy$ProxyBuilder.ensureVisible;879;;
Class.forName;org.springframework.boot.actuate.autoconfigure.health.ConditionalOnEnabledHealthIndicator;jdk.proxy2.$Proxy50.<clinit>;;;
Class.forName;org.springframework.boot.actuate.autoconfigure.health.ConditionalOnEnabledHealthIndicator;org.springframework.util.ClassUtils.forName;284;;
Class.forName;org.springframework.boot.actuate.autoconfigure.health.ConditionalOnEnabledHealthIndicator;sun.reflect.generics.factory.CoreReflectionFactory.makeNamedType;114;;
Class.forName;org.springframework.boot.actuate.autoconfigure.health.HealthContributorAutoConfiguration;org.springframework.util.ClassUtils.forName;284;;
Class.forName;org.springframework.boot.actuate.autoconfigure.health.HealthContributorAutoConfiguration;sun.reflect.generics.factory.CoreReflectionFactory.makeNamedType;114;;
Class.forName;org.springframework.boot.actuate.autoconfigure.health.HealthEndpointAutoConfiguration;org.springframework.util.ClassUtils.forName;284;;
Class.forName;org.springframework.boot.actuate.autoconfigure.health.HealthEndpointConfiguration$HealthEndpointGroupsBeanPostProcessor;sun.reflect.generics.factory.CoreReflectionFactory.makeNamedType;114;;
Class.forName;org.springframework.boot.actuate.autoconfigure.health.HealthEndpointConfiguration;org.springframework.util.ClassUtils.forName;284;;
Class.forName;org.springframework.boot.actuate.autoconfigure.health.HealthEndpointConfiguration;sun.reflect.generics.factory.CoreReflectionFactory.makeNamedType;114;;
Class.forName;org.springframework.boot.actuate.autoconfigure.health.HealthEndpointProperties$Group;sun.reflect.generics.factory.CoreReflectionFactory.makeNamedType;114;;
Class.forName;org.springframework.boot.actuate.autoconfigure.health.HealthEndpointProperties;org.springframework.util.ClassUtils.forName;284;;
Class.forName;org.springframework.boot.actuate.autoconfigure.health.HealthEndpointProperties;sun.reflect.generics.factory.CoreReflectionFactory.makeNamedType;114;;
Class.forName;org.springframework.boot.actuate.autoconfigure.health.HealthEndpointReactiveWebExtensionConfiguration;org.springframework.util.ClassUtils.forName;284;;
Class.forName;org.springframework.boot.actuate.autoconfigure.health.HealthEndpointReactiveWebExtensionConfiguration;sun.reflect.generics.factory.CoreReflectionFactory.makeNamedType;114;;
Class.forName;org.springframework.boot.actuate.autoconfigure.health.HealthEndpointWebExtensionConfiguration$MvcAdditionalHealthEndpointPathsConfiguration;org.springframework.util.ClassUtils.forName;284;;
Class.forName;org.springframework.boot.actuate.autoconfigure.health.HealthEndpointWebExtensionConfiguration;org.springframework.util.ClassUtils.forName;284;;
Class.forName;org.springframework.boot.actuate.autoconfigure.health.HealthEndpointWebExtensionConfiguration;sun.reflect.generics.factory.CoreReflectionFactory.makeNamedType;114;;
Class.forName;org.springframework.boot.actuate.autoconfigure.health.OnEnabledHealthIndicatorCondition;org.springframework.util.ClassUtils.forName;284;;
Class.forName;org.springframework.boot.actuate.autoconfigure.health.OnEnabledHealthIndicatorCondition;sun.reflect.generics.factory.CoreReflectionFactory.makeNamedType;114;;
Class.forName;org.springframework.boot.actuate.autoconfigure.health.ReactiveHealthEndpointConfiguration;org.springframework.util.ClassUtils.forName;284;;
Class.forName;org.springframework.boot.actuate.autoconfigure.health.ReactiveHealthEndpointConfiguration;sun.reflect.generics.factory.CoreReflectionFactory.makeNamedType;114;;
Class.forName;org.springframework.boot.actuate.autoconfigure.info.ConditionalOnEnabledInfoContributor;java.lang.reflect.Proxy$ProxyBuilder.ensureVisible;879;;
Class.forName;org.springframework.boot.actuate.autoconfigure.info.ConditionalOnEnabledInfoContributor;jdk.proxy2.$Proxy48.<clinit>;;;
Class.forName;org.springframework.boot.actuate.autoconfigure.info.ConditionalOnEnabledInfoContributor;org.springframework.util.ClassUtils.forName;284;;
Class.forName;org.springframework.boot.actuate.autoconfigure.info.ConditionalOnEnabledInfoContributor;sun.reflect.generics.factory.CoreReflectionFactory.makeNamedType;114;;
Class.forName;org.springframework.boot.actuate.autoconfigure.info.InfoContributorAutoConfiguration;org.springframework.util.ClassUtils.forName;284;;
Class.forName;org.springframework.boot.actuate.autoconfigure.info.InfoContributorAutoConfiguration;sun.reflect.generics.factory.CoreReflectionFactory.makeNamedType;114;;
Class.forName;org.springframework.boot.actuate.autoconfigure.info.InfoContributorFallback;java.lang.reflect.Proxy$ProxyBuilder.ensureVisible;879;;
Class.forName;org.springframework.boot.actuate.autoconfigure.info.InfoContributorFallback;org.springframework.util.ClassUtils.forName;284;;
Class.forName;org.springframework.boot.actuate.autoconfigure.info.InfoContributorFallback;sun.reflect.generics.factory.CoreReflectionFactory.makeNamedType;114;;
Class.forName;org.springframework.boot.actuate.autoconfigure.info.InfoContributorProperties;org.springframework.util.ClassUtils.forName;284;;
Class.forName;org.springframework.boot.actuate.autoconfigure.info.InfoContributorProperties;sun.reflect.generics.factory.CoreReflectionFactory.makeNamedType;114;;
Class.forName;org.springframework.boot.actuate.autoconfigure.info.InfoEndpointAutoConfiguration;org.springframework.util.ClassUtils.forName;284;;
Class.forName;org.springframework.boot.actuate.autoconfigure.info.OnEnabledInfoContributorCondition;org.springframework.util.ClassUtils.forName;284;;
Class.forName;org.springframework.boot.actuate.autoconfigure.info.OnEnabledInfoContributorCondition;sun.reflect.generics.factory.CoreReflectionFactory.makeNamedType;114;;
Class.forName;org.springframework.boot.actuate.autoconfigure.jdbc.DataSourceHealthContributorAutoConfiguration;org.springframework.util.ClassUtils.forName;284;;
Class.forName;org.springframework.boot.actuate.autoconfigure.jdbc.DataSourceHealthIndicatorProperties;org.springframework.util.ClassUtils.forName;284;;
Class.forName;org.springframework.boot.actuate.autoconfigure.jdbc.DataSourceHealthIndicatorProperties;sun.reflect.generics.factory.CoreReflectionFactory.makeNamedType;114;;
Class.forName;org.springframework.boot.actuate.autoconfigure.logging.LogFileWebEndpointAutoConfiguration$LogFileCondition;org.springframework.util.ClassUtils.forName;284;;
Class.forName;org.springframework.boot.actuate.autoconfigure.logging.LogFileWebEndpointAutoConfiguration$LogFileCondition;sun.reflect.generics.factory.CoreReflectionFactory.makeNamedType;114;;
Class.forName;org.springframework.boot.actuate.autoconfigure.logging.LogFileWebEndpointAutoConfiguration;org.springframework.util.ClassUtils.forName;284;;
Class.forName;org.springframework.boot.actuate.autoconfigure.logging.LogFileWebEndpointProperties;org.springframework.util.ClassUtils.forName;284;;
Class.forName;org.springframework.boot.actuate.autoconfigure.logging.LogFileWebEndpointProperties;sun.reflect.generics.factory.CoreReflectionFactory.makeNamedType;114;;
Class.forName;org.springframework.boot.actuate.autoconfigure.logging.LoggersEndpointAutoConfiguration$OnEnabledLoggingSystemCondition;org.springframework.util.ClassUtils.forName;284;;
Class.forName;org.springframework.boot.actuate.autoconfigure.logging.LoggersEndpointAutoConfiguration$OnEnabledLoggingSystemCondition;sun.reflect.generics.factory.CoreReflectionFactory.makeNamedType;114;;
Class.forName;org.springframework.boot.actuate.autoconfigure.logging.LoggersEndpointAutoConfiguration;org.springframework.util.ClassUtils.forName;284;;
Class.forName;org.springframework.boot.actuate.autoconfigure.management.HeapDumpWebEndpointAutoConfiguration;org.springframework.util.ClassUtils.forName;284;;
Class.forName;org.springframework.boot.actuate.autoconfigure.management.ThreadDumpEndpointAutoConfiguration;org.springframework.util.ClassUtils.forName;284;;
Class.forName;org.springframework.boot.actuate.autoconfigure.metrics.CompositeMeterRegistryAutoConfiguration;org.springframework.util.ClassUtils.forName;284;;
Class.forName;org.springframework.boot.actuate.autoconfigure.metrics.CompositeMeterRegistryAutoConfiguration;sun.reflect.generics.factory.CoreReflectionFactory.makeNamedType;114;;
Class.forName;org.springframework.boot.actuate.autoconfigure.metrics.CompositeMeterRegistryConfiguration$MultipleNonPrimaryMeterRegistriesCondition;org.springframework.util.ClassUtils.forName;284;;
Class.forName;org.springframework.boot.actuate.autoconfigure.metrics.CompositeMeterRegistryConfiguration;org.springframework.util.ClassUtils.forName;284;;
Class.forName;org.springframework.boot.actuate.autoconfigure.metrics.CompositeMeterRegistryConfiguration;sun.reflect.generics.factory.CoreReflectionFactory.makeNamedType;114;;
Class.forName;org.springframework.boot.actuate.autoconfigure.metrics.JvmMetricsAutoConfiguration;org.springframework.util.ClassUtils.forName;284;;
Class.forName;org.springframework.boot.actuate.autoconfigure.metrics.LogbackMetricsAutoConfiguration$LogbackLoggingCondition;org.springframework.util.ClassUtils.forName;284;;
Class.forName;org.springframework.boot.actuate.autoconfigure.metrics.LogbackMetricsAutoConfiguration$LogbackLoggingCondition;sun.reflect.generics.factory.CoreReflectionFactory.makeNamedType;114;;
Class.forName;org.springframework.boot.actuate.autoconfigure.metrics.LogbackMetricsAutoConfiguration;org.springframework.util.ClassUtils.forName;284;;
Class.forName;org.springframework.boot.actuate.autoconfigure.metrics.MeterRegistryCustomizer;sun.reflect.generics.factory.CoreReflectionFactory.makeNamedType;114;;
Class.forName;org.springframework.boot.actuate.autoconfigure.metrics.MeterRegistryPostProcessor;sun.reflect.generics.factory.CoreReflectionFactory.makeNamedType;114;;
Class.forName;org.springframework.boot.actuate.autoconfigure.metrics.MetricsAutoConfiguration;org.springframework.util.ClassUtils.forName;284;;
Class.forName;org.springframework.boot.actuate.autoconfigure.metrics.MetricsAutoConfiguration;sun.reflect.generics.factory.CoreReflectionFactory.makeNamedType;114;;
Class.forName;org.springframework.boot.actuate.autoconfigure.metrics.MetricsEndpointAutoConfiguration;org.springframework.util.ClassUtils.forName;284;;
Class.forName;org.springframework.boot.actuate.autoconfigure.metrics.MetricsProperties;org.springframework.util.ClassUtils.forName;284;;
Class.forName;org.springframework.boot.actuate.autoconfigure.metrics.MetricsProperties;sun.reflect.generics.factory.CoreReflectionFactory.makeNamedType;114;;
Class.forName;org.springframework.boot.actuate.autoconfigure.metrics.NoOpMeterRegistryConfiguration;org.springframework.util.ClassUtils.forName;284;;
Class.forName;org.springframework.boot.actuate.autoconfigure.metrics.NoOpMeterRegistryConfiguration;sun.reflect.generics.factory.CoreReflectionFactory.makeNamedType;114;;
Class.forName;org.springframework.boot.actuate.autoconfigure.metrics.SystemMetricsAutoConfiguration;org.springframework.util.ClassUtils.forName;284;;
Class.forName;org.springframework.boot.actuate.autoconfigure.metrics.cache.CacheMeterBinderProvidersConfiguration$JCacheCacheMeterBinderProviderConfiguration;org.springframework.util.ClassUtils.forName;284;;
Class.forName;org.springframework.boot.actuate.autoconfigure.metrics.cache.CacheMeterBinderProvidersConfiguration;org.springframework.util.ClassUtils.forName;284;;
Class.forName;org.springframework.boot.actuate.autoconfigure.metrics.cache.CacheMeterBinderProvidersConfiguration;sun.reflect.generics.factory.CoreReflectionFactory.makeNamedType;114;;
Class.forName;org.springframework.boot.actuate.autoconfigure.metrics.cache.CacheMetricsAutoConfiguration;org.springframework.util.ClassUtils.forName;284;;
Class.forName;org.springframework.boot.actuate.autoconfigure.metrics.cache.CacheMetricsRegistrarConfiguration;org.springframework.util.ClassUtils.forName;284;;
Class.forName;org.springframework.boot.actuate.autoconfigure.metrics.cache.CacheMetricsRegistrarConfiguration;sun.reflect.generics.factory.CoreReflectionFactory.makeNamedType;114;;
Class.forName;org.springframework.boot.actuate.autoconfigure.metrics.data.MetricsRepositoryMethodInvocationListenerBeanPostProcessor;sun.reflect.generics.factory.CoreReflectionFactory.makeNamedType;114;;
Class.forName;org.springframework.boot.actuate.autoconfigure.metrics.data.RepositoryMetricsAutoConfiguration;org.springframework.util.ClassUtils.forName;284;;
Class.forName;org.springframework.boot.actuate.autoconfigure.metrics.export.ConditionalOnEnabledMetricsExport;java.lang.reflect.Proxy$ProxyBuilder.ensureVisible;879;;
Class.forName;org.springframework.boot.actuate.autoconfigure.metrics.export.ConditionalOnEnabledMetricsExport;jdk.proxy2.$Proxy61.<clinit>;;;
Class.forName;org.springframework.boot.actuate.autoconfigure.metrics.export.ConditionalOnEnabledMetricsExport;org.springframework.util.ClassUtils.forName;284;;
Class.forName;org.springframework.boot.actuate.autoconfigure.metrics.export.ConditionalOnEnabledMetricsExport;sun.reflect.generics.factory.CoreReflectionFactory.makeNamedType;114;;
Class.forName;org.springframework.boot.actuate.autoconfigure.metrics.export.OnMetricsExportEnabledCondition;org.springframework.util.ClassUtils.forName;284;;
Class.forName;org.springframework.boot.actuate.autoconfigure.metrics.export.OnMetricsExportEnabledCondition;sun.reflect.generics.factory.CoreReflectionFactory.makeNamedType;114;;
Class.forName;org.springframework.boot.actuate.autoconfigure.metrics.export.simple.SimpleMetricsExportAutoConfiguration;org.springframework.util.ClassUtils.forName;284;;
Class.forName;org.springframework.boot.actuate.autoconfigure.metrics.export.simple.SimpleMetricsExportAutoConfiguration;sun.reflect.generics.factory.CoreReflectionFactory.makeNamedType;114;;
Class.forName;org.springframework.boot.actuate.autoconfigure.metrics.export.simple.SimpleProperties;org.springframework.util.ClassUtils.forName;284;;
Class.forName;org.springframework.boot.actuate.autoconfigure.metrics.export.simple.SimpleProperties;sun.reflect.generics.factory.CoreReflectionFactory.makeNamedType;114;;
Class.forName;org.springframework.boot.actuate.autoconfigure.metrics.integration.IntegrationMetricsAutoConfiguration;org.springframework.util.ClassUtils.forName;284;;
Class.forName;org.springframework.boot.actuate.autoconfigure.metrics.jdbc.DataSourcePoolMetricsAutoConfiguration$DataSourcePoolMetadataMetricsConfiguration$DataSourcePoolMetadataMeterBinder;sun.reflect.generics.factory.CoreReflectionFactory.makeNamedType;114;;
Class.forName;org.springframework.boot.actuate.autoconfigure.metrics.jdbc.DataSourcePoolMetricsAutoConfiguration$DataSourcePoolMetadataMetricsConfiguration;org.springframework.util.ClassUtils.forName;284;;
Class.forName;org.springframework.boot.actuate.autoconfigure.metrics.jdbc.DataSourcePoolMetricsAutoConfiguration$HikariDataSourceMetricsConfiguration$HikariDataSourceMeterBinder;sun.reflect.generics.factory.CoreReflectionFactory.makeNamedType;114;;
Class.forName;org.springframework.boot.actuate.autoconfigure.metrics.jdbc.DataSourcePoolMetricsAutoConfiguration$HikariDataSourceMetricsConfiguration;org.springframework.util.ClassUtils.forName;284;;
Class.forName;org.springframework.boot.actuate.autoconfigure.metrics.jdbc.DataSourcePoolMetricsAutoConfiguration;org.springframework.util.ClassUtils.forName;284;;
Class.forName;org.springframework.boot.actuate.autoconfigure.metrics.startup.StartupTimeMetricsListenerAutoConfiguration;org.springframework.util.ClassUtils.forName;284;;
Class.forName;org.springframework.boot.actuate.autoconfigure.metrics.task.TaskExecutorMetricsAutoConfiguration;org.springframework.util.ClassUtils.forName;284;;
Class.forName;org.springframework.boot.actuate.autoconfigure.metrics.web.client.HttpClientMetricsAutoConfiguration;org.springframework.util.ClassUtils.forName;284;;
Class.forName;org.springframework.boot.actuate.autoconfigure.metrics.web.client.RestTemplateMetricsConfiguration;org.springframework.util.ClassUtils.forName;284;;
Class.forName;org.springframework.boot.actuate.autoconfigure.metrics.web.client.RestTemplateMetricsConfiguration;sun.reflect.generics.factory.CoreReflectionFactory.makeNamedType;114;;
Class.forName;org.springframework.boot.actuate.autoconfigure.metrics.web.client.WebClientMetricsConfiguration;org.springframework.util.ClassUtils.forName;284;;
Class.forName;org.springframework.boot.actuate.autoconfigure.metrics.web.client.WebClientMetricsConfiguration;sun.reflect.generics.factory.CoreReflectionFactory.makeNamedType;114;;
Class.forName;org.springframework.boot.actuate.autoconfigure.metrics.web.servlet.WebMvcMetricsAutoConfiguration;org.springframework.boot.autoconfigure.condition.FilteringSpringBootCondition.resolve;108;;
Class.forName;org.springframework.boot.actuate.autoconfigure.metrics.web.servlet.WebMvcMetricsAutoConfiguration;org.springframework.util.ClassUtils.forName;284;;
Class.forName;org.springframework.boot.actuate.autoconfigure.metrics.web.tomcat.TomcatMetricsAutoConfiguration;org.springframework.util.ClassUtils.forName;284;;
Class.forName;org.springframework.boot.actuate.autoconfigure.scheduling.ScheduledTasksEndpointAutoConfiguration;org.springframework.util.ClassUtils.forName;284;;
Class.forName;org.springframework.boot.actuate.autoconfigure.startup.StartupEndpointAutoConfiguration$ApplicationStartupCondition;org.springframework.util.ClassUtils.forName;284;;
Class.forName;org.springframework.boot.actuate.autoconfigure.system.DiskSpaceHealthContributorAutoConfiguration;org.springframework.util.ClassUtils.forName;284;;
Class.forName;org.springframework.boot.actuate.autoconfigure.system.DiskSpaceHealthIndicatorProperties;org.springframework.util.ClassUtils.forName;284;;
Class.forName;org.springframework.boot.actuate.autoconfigure.system.DiskSpaceHealthIndicatorProperties;sun.reflect.generics.factory.CoreReflectionFactory.makeNamedType;114;;
Class.forName;org.springframework.boot.actuate.autoconfigure.trace.http.HttpTraceAutoConfiguration;org.springframework.util.ClassUtils.forName;284;;
Class.forName;org.springframework.boot.actuate.autoconfigure.trace.http.HttpTraceAutoConfiguration;sun.reflect.generics.factory.CoreReflectionFactory.makeNamedType;114;;
Class.forName;org.springframework.boot.actuate.autoconfigure.trace.http.HttpTraceEndpointAutoConfiguration;org.springframework.util.ClassUtils.forName;284;;
Class.forName;org.springframework.boot.actuate.autoconfigure.web.ManagementContextConfiguration;java.lang.reflect.Proxy$ProxyBuilder.ensureVisible;879;;
Class.forName;org.springframework.boot.actuate.autoconfigure.web.ManagementContextConfiguration;jdk.proxy2.$Proxy67.<clinit>;;;
Class.forName;org.springframework.boot.actuate.autoconfigure.web.ManagementContextConfiguration;org.springframework.util.ClassUtils.forName;284;;
Class.forName;org.springframework.boot.actuate.autoconfigure.web.ManagementContextConfiguration;sun.reflect.generics.factory.CoreReflectionFactory.makeNamedType;114;;
Class.forName;org.springframework.boot.actuate.autoconfigure.web.ManagementContextType;java.lang.reflect.Proxy$ProxyBuilder.ensureVisible;879;;
Class.forName;org.springframework.boot.actuate.autoconfigure.web.ManagementContextType;org.springframework.util.ClassUtils.forName;284;;
Class.forName;org.springframework.boot.actuate.autoconfigure.web.ManagementContextType;sun.reflect.generics.factory.CoreReflectionFactory.makeNamedType;114;;
Class.forName;org.springframework.boot.actuate.autoconfigure.web.mappings.MappingsEndpointAutoConfiguration$ServletWebConfiguration$SpringMvcConfiguration;org.springframework.util.ClassUtils.forName;284;;
Class.forName;org.springframework.boot.actuate.autoconfigure.web.mappings.MappingsEndpointAutoConfiguration$ServletWebConfiguration;org.springframework.util.ClassUtils.forName;284;;
Class.forName;org.springframework.boot.actuate.autoconfigure.web.mappings.MappingsEndpointAutoConfiguration;org.springframework.util.ClassUtils.forName;284;;
Class.forName;org.springframework.boot.actuate.autoconfigure.web.server.ConditionalOnManagementPort;java.lang.reflect.Proxy$ProxyBuilder.ensureVisible;879;;
Class.forName;org.springframework.boot.actuate.autoconfigure.web.server.ConditionalOnManagementPort;jdk.proxy2.$Proxy69.<clinit>;;;
Class.forName;org.springframework.boot.actuate.autoconfigure.web.server.ConditionalOnManagementPort;org.springframework.util.ClassUtils.forName;284;;
Class.forName;org.springframework.boot.actuate.autoconfigure.web.server.ConditionalOnManagementPort;sun.reflect.generics.factory.CoreReflectionFactory.makeNamedType;114;;
Class.forName;org.springframework.boot.actuate.autoconfigure.web.server.EnableManagementContext;java.lang.reflect.Proxy$ProxyBuilder.ensureVisible;879;;
Class.forName;org.springframework.boot.actuate.autoconfigure.web.server.EnableManagementContext;org.springframework.boot.actuate.autoconfigure.web.server.$Proxy68.<clinit>;;;
Class.forName;org.springframework.boot.actuate.autoconfigure.web.server.EnableManagementContext;org.springframework.util.ClassUtils.forName;284;;
Class.forName;org.springframework.boot.actuate.autoconfigure.web.server.EnableManagementContext;sun.reflect.generics.factory.CoreReflectionFactory.makeNamedType;114;;
Class.forName;org.springframework.boot.actuate.autoconfigure.web.server.ManagementContextAutoConfiguration$SameManagementContextConfiguration$EnableSameManagementContextConfiguration;org.springframework.util.ClassUtils.forName;284;;
Class.forName;org.springframework.boot.actuate.autoconfigure.web.server.ManagementContextAutoConfiguration$SameManagementContextConfiguration;org.springframework.util.ClassUtils.forName;284;;
Class.forName;org.springframework.boot.actuate.autoconfigure.web.server.ManagementContextAutoConfiguration;org.springframework.util.ClassUtils.forName;284;;
Class.forName;org.springframework.boot.actuate.autoconfigure.web.server.ManagementContextConfigurationImportSelector;org.springframework.util.ClassUtils.forName;284;;
Class.forName;org.springframework.boot.actuate.autoconfigure.web.server.ManagementContextConfigurationImportSelector;sun.reflect.generics.factory.CoreReflectionFactory.makeNamedType;114;;
Class.forName;org.springframework.boot.actuate.autoconfigure.web.server.ManagementPortType;java.lang.reflect.Proxy$ProxyBuilder.ensureVisible;879;;
Class.forName;org.springframework.boot.actuate.autoconfigure.web.server.ManagementPortType;org.springframework.util.ClassUtils.forName;284;;
Class.forName;org.springframework.boot.actuate.autoconfigure.web.server.ManagementPortType;sun.reflect.generics.factory.CoreReflectionFactory.makeNamedType;114;;
Class.forName;org.springframework.boot.actuate.autoconfigure.web.server.ManagementServerProperties;org.springframework.util.ClassUtils.forName;284;;
Class.forName;org.springframework.boot.actuate.autoconfigure.web.server.ManagementServerProperties;sun.reflect.generics.factory.CoreReflectionFactory.makeNamedType;114;;
Class.forName;org.springframework.boot.actuate.autoconfigure.web.server.OnManagementPortCondition;org.springframework.util.ClassUtils.forName;284;;
Class.forName;org.springframework.boot.actuate.autoconfigure.web.server.OnManagementPortCondition;sun.reflect.generics.factory.CoreReflectionFactory.makeNamedType;114;;
Class.forName;org.springframework.boot.actuate.autoconfigure.web.servlet.ServletManagementContextAutoConfiguration;org.springframework.util.ClassUtils.forName;284;;
Class.forName;org.springframework.boot.actuate.beans.BeansEndpoint;org.springframework.boot.autoconfigure.condition.FilteringSpringBootCondition.resolve;108;;
Class.forName;org.springframework.boot.actuate.beans.BeansEndpoint;org.springframework.util.ClassUtils.forName;284;;
Class.forName;org.springframework.boot.actuate.beans.BeansEndpoint;sun.reflect.generics.factory.CoreReflectionFactory.makeNamedType;114;;
Class.forName;org.springframework.boot.actuate.cache.CachesEndpoint$CacheEntry;sun.reflect.generics.factory.CoreReflectionFactory.makeNamedType;114;;
Class.forName;org.springframework.boot.actuate.cache.CachesEndpoint;org.springframework.boot.autoconfigure.condition.FilteringSpringBootCondition.resolve;108;;
Class.forName;org.springframework.boot.actuate.cache.CachesEndpoint;org.springframework.util.ClassUtils.forName;284;;
Class.forName;org.springframework.boot.actuate.cache.CachesEndpoint;sun.reflect.generics.factory.CoreReflectionFactory.makeNamedType;114;;
Class.forName;org.springframework.boot.actuate.cache.CachesEndpointWebExtension;org.springframework.boot.autoconfigure.condition.FilteringSpringBootCondition.resolve;108;;
Class.forName;org.springframework.boot.actuate.cache.CachesEndpointWebExtension;org.springframework.util.ClassUtils.forName;284;;
Class.forName;org.springframework.boot.actuate.context.ShutdownEndpoint;org.springframework.util.ClassUtils.forName;284;;
Class.forName;org.springframework.boot.actuate.context.properties.ConfigurationPropertiesReportEndpoint$ApplicationConfigurationProperties;sun.reflect.generics.factory.CoreReflectionFactory.makeNamedType;114;;
Class.forName;org.springframework.boot.actuate.context.properties.ConfigurationPropertiesReportEndpoint;org.springframework.boot.autoconfigure.condition.FilteringSpringBootCondition.resolve;108;;
Class.forName;org.springframework.boot.actuate.context.properties.ConfigurationPropertiesReportEndpoint;org.springframework.util.ClassUtils.forName;284;;
Class.forName;org.springframework.boot.actuate.context.properties.ConfigurationPropertiesReportEndpoint;sun.reflect.generics.factory.CoreReflectionFactory.makeNamedType;114;;
Class.forName;org.springframework.boot.actuate.context.properties.ConfigurationPropertiesReportEndpointWebExtension;org.springframework.boot.autoconfigure.condition.FilteringSpringBootCondition.resolve;108;;
Class.forName;org.springframework.boot.actuate.context.properties.ConfigurationPropertiesReportEndpointWebExtension;org.springframework.util.ClassUtils.forName;284;;
Class.forName;org.springframework.boot.actuate.endpoint.ApiVersion;sun.reflect.generics.factory.CoreReflectionFactory.makeNamedType;114;;
Class.forName;org.springframework.boot.actuate.endpoint.EndpointFilter;sun.reflect.generics.factory.CoreReflectionFactory.makeNamedType;114;;
Class.forName;org.springframework.boot.actuate.endpoint.EndpointId;sun.reflect.generics.factory.CoreReflectionFactory.makeNamedType;114;;
Class.forName;org.springframework.boot.actuate.endpoint.EndpointsSupplier;sun.reflect.generics.factory.CoreReflectionFactory.makeNamedType;114;;
Class.forName;org.springframework.boot.actuate.endpoint.ExposableEndpoint;sun.reflect.generics.factory.CoreReflectionFactory.makeNamedType;114;;
Class.forName;org.springframework.boot.actuate.endpoint.Operation;sun.reflect.generics.factory.CoreReflectionFactory.makeNamedType;114;;
Class.forName;org.springframework.boot.actuate.endpoint.Producible;sun.reflect.generics.factory.CoreReflectionFactory.makeNamedType;114;;
Class.forName;org.springframework.boot.actuate.endpoint.SanitizingFunction;sun.reflect.generics.factory.CoreReflectionFactory.makeNamedType;114;;
Class.forName;org.springframework.boot.actuate.endpoint.annotation.DeleteOperation;java.lang.reflect.Proxy$ProxyBuilder.ensureVisible;879;;
Class.forName;org.springframework.boot.actuate.endpoint.annotation.DeleteOperation;jdk.proxy2.$Proxy157.<clinit>;;;
Class.forName;org.springframework.boot.actuate.endpoint.annotation.DeleteOperation;sun.reflect.generics.factory.CoreReflectionFactory.makeNamedType;114;;
Class.forName;org.springframework.boot.actuate.endpoint.annotation.DiscoveredEndpoint;sun.reflect.generics.factory.CoreReflectionFactory.makeNamedType;114;;
Class.forName;org.springframework.boot.actuate.endpoint.annotation.Endpoint;java.lang.reflect.Proxy$ProxyBuilder.ensureVisible;879;;
Class.forName;org.springframework.boot.actuate.endpoint.annotation.Endpoint;jdk.proxy2.$Proxy30.<clinit>;;;
Class.forName;org.springframework.boot.actuate.endpoint.annotation.Endpoint;jdk.proxy2.$Proxy78.<clinit>;;;
Class.forName;org.springframework.boot.actuate.endpoint.annotation.Endpoint;sun.reflect.generics.factory.CoreReflectionFactory.makeNamedType;114;;
Class.forName;org.springframework.boot.actuate.endpoint.annotation.EndpointConverter;java.lang.reflect.Proxy$ProxyBuilder.ensureVisible;879;;
Class.forName;org.springframework.boot.actuate.endpoint.annotation.EndpointConverter;jdk.proxy2.$Proxy158.<clinit>;;;
Class.forName;org.springframework.boot.actuate.endpoint.annotation.EndpointConverter;sun.reflect.generics.factory.CoreReflectionFactory.makeNamedType;114;;
Class.forName;org.springframework.boot.actuate.endpoint.annotation.EndpointDiscoverer;sun.reflect.generics.factory.CoreReflectionFactory.makeNamedType;114;;
Class.forName;org.springframework.boot.actuate.endpoint.annotation.EndpointExtension;java.lang.reflect.Proxy$ProxyBuilder.ensureVisible;879;;
Class.forName;org.springframework.boot.actuate.endpoint.annotation.EndpointExtension;jdk.proxy2.$Proxy45.<clinit>;;;
Class.forName;org.springframework.boot.actuate.endpoint.annotation.EndpointExtension;jdk.proxy2.$Proxy79.<clinit>;;;
Class.forName;org.springframework.boot.actuate.endpoint.annotation.EndpointExtension;sun.reflect.generics.factory.CoreReflectionFactory.makeNamedType;114;;
Class.forName;org.springframework.boot.actuate.endpoint.annotation.FilteredEndpoint;java.lang.reflect.Proxy$ProxyBuilder.ensureVisible;879;;
Class.forName;org.springframework.boot.actuate.endpoint.annotation.FilteredEndpoint;jdk.proxy2.$Proxy32.<clinit>;;;
Class.forName;org.springframework.boot.actuate.endpoint.annotation.FilteredEndpoint;sun.reflect.generics.factory.CoreReflectionFactory.makeNamedType;114;;
Class.forName;org.springframework.boot.actuate.endpoint.annotation.ReadOperation;java.lang.reflect.Proxy$ProxyBuilder.ensureVisible;879;;
Class.forName;org.springframework.boot.actuate.endpoint.annotation.ReadOperation;jdk.proxy2.$Proxy156.<clinit>;;;
Class.forName;org.springframework.boot.actuate.endpoint.annotation.ReadOperation;sun.reflect.generics.factory.CoreReflectionFactory.makeNamedType;114;;
Class.forName;org.springframework.boot.actuate.endpoint.annotation.Selector$Match;java.lang.reflect.Proxy$ProxyBuilder.ensureVisible;879;;
Class.forName;org.springframework.boot.actuate.endpoint.annotation.Selector$Match;sun.reflect.generics.factory.CoreReflectionFactory.makeNamedType;114;;
Class.forName;org.springframework.boot.actuate.endpoint.annotation.Selector;java.lang.reflect.Proxy$ProxyBuilder.ensureVisible;879;;
Class.forName;org.springframework.boot.actuate.endpoint.annotation.Selector;jdk.proxy2.$Proxy159.<clinit>;;;
Class.forName;org.springframework.boot.actuate.endpoint.annotation.Selector;sun.reflect.generics.factory.CoreReflectionFactory.makeNamedType;114;;
Class.forName;org.springframework.boot.actuate.endpoint.annotation.WriteOperation;java.lang.reflect.Proxy$ProxyBuilder.ensureVisible;879;;
Class.forName;org.springframework.boot.actuate.endpoint.annotation.WriteOperation;jdk.proxy2.$Proxy160.<clinit>;;;
Class.forName;org.springframework.boot.actuate.endpoint.annotation.WriteOperation;sun.reflect.generics.factory.CoreReflectionFactory.makeNamedType;114;;
Class.forName;org.springframework.boot.actuate.endpoint.invoke.OperationInvokerAdvisor;sun.reflect.generics.factory.CoreReflectionFactory.makeNamedType;114;;
Class.forName;org.springframework.boot.actuate.endpoint.invoke.ParameterValueMapper;org.springframework.boot.autoconfigure.condition.FilteringSpringBootCondition.resolve;108;;
Class.forName;org.springframework.boot.actuate.endpoint.invoke.ParameterValueMapper;sun.reflect.generics.factory.CoreReflectionFactory.makeNamedType;114;;
Class.forName;org.springframework.boot.actuate.endpoint.invoker.cache.CachingOperationInvokerAdvisor;org.springframework.boot.autoconfigure.condition.FilteringSpringBootCondition.resolve;108;;
Class.forName;org.springframework.boot.actuate.endpoint.web.EndpointMediaTypes;org.springframework.boot.autoconfigure.condition.FilteringSpringBootCondition.resolve;108;;
Class.forName;org.springframework.boot.actuate.endpoint.web.EndpointMediaTypes;sun.reflect.generics.factory.CoreReflectionFactory.makeNamedType;114;;
Class.forName;org.springframework.boot.actuate.endpoint.web.ExposableServletEndpoint;sun.reflect.generics.factory.CoreReflectionFactory.makeNamedType;114;;
Class.forName;org.springframework.boot.actuate.endpoint.web.ExposableWebEndpoint;sun.reflect.generics.factory.CoreReflectionFactory.makeNamedType;114;;
Class.forName;org.springframework.boot.actuate.endpoint.web.PathMappedEndpoint;sun.reflect.generics.factory.CoreReflectionFactory.makeNamedType;114;;
Class.forName;org.springframework.boot.actuate.endpoint.web.PathMappedEndpoints;org.springframework.boot.autoconfigure.condition.FilteringSpringBootCondition.resolve;108;;
Class.forName;org.springframework.boot.actuate.endpoint.web.PathMappedEndpoints;sun.reflect.generics.factory.CoreReflectionFactory.makeNamedType;114;;
Class.forName;org.springframework.boot.actuate.endpoint.web.PathMapper;sun.reflect.generics.factory.CoreReflectionFactory.makeNamedType;114;;
Class.forName;org.springframework.boot.actuate.endpoint.web.WebEndpointResponse;sun.reflect.generics.factory.CoreReflectionFactory.makeNamedType;114;;
Class.forName;org.springframework.boot.actuate.endpoint.web.WebEndpointsSupplier;org.springframework.boot.autoconfigure.condition.FilteringSpringBootCondition.resolve;108;;
Class.forName;org.springframework.boot.actuate.endpoint.web.WebEndpointsSupplier;org.springframework.util.ClassUtils.forName;284;;
Class.forName;org.springframework.boot.actuate.endpoint.web.WebEndpointsSupplier;sun.reflect.generics.factory.CoreReflectionFactory.makeNamedType;114;;
Class.forName;org.springframework.boot.actuate.endpoint.web.WebOperation;sun.reflect.generics.factory.CoreReflectionFactory.makeNamedType;114;;
Class.forName;org.springframework.boot.actuate.endpoint.web.annotation.ControllerEndpointDiscoverer;sun.reflect.generics.factory.CoreReflectionFactory.makeNamedType;114;;
Class.forName;org.springframework.boot.actuate.endpoint.web.annotation.ControllerEndpointsSupplier;org.springframework.boot.autoconfigure.condition.FilteringSpringBootCondition.resolve;108;;
Class.forName;org.springframework.boot.actuate.endpoint.web.annotation.ControllerEndpointsSupplier;sun.reflect.generics.factory.CoreReflectionFactory.makeNamedType;114;;
Class.forName;org.springframework.boot.actuate.endpoint.web.annotation.EndpointWebExtension;java.lang.reflect.Proxy$ProxyBuilder.ensureVisible;879;;
Class.forName;org.springframework.boot.actuate.endpoint.web.annotation.EndpointWebExtension;jdk.proxy2.$Proxy44.<clinit>;;;
Class.forName;org.springframework.boot.actuate.endpoint.web.annotation.EndpointWebExtension;sun.reflect.generics.factory.CoreReflectionFactory.makeNamedType;114;;
Class.forName;org.springframework.boot.actuate.endpoint.web.annotation.ExposableControllerEndpoint;sun.reflect.generics.factory.CoreReflectionFactory.makeNamedType;114;;
Class.forName;org.springframework.boot.actuate.endpoint.web.annotation.ServletEndpointDiscoverer;sun.reflect.generics.factory.CoreReflectionFactory.makeNamedType;114;;
Class.forName;org.springframework.boot.actuate.endpoint.web.annotation.ServletEndpointsSupplier;org.springframework.boot.autoconfigure.condition.FilteringSpringBootCondition.resolve;108;;
Class.forName;org.springframework.boot.actuate.endpoint.web.annotation.ServletEndpointsSupplier;sun.reflect.generics.factory.CoreReflectionFactory.makeNamedType;114;;
Class.forName;org.springframework.boot.actuate.endpoint.web.annotation.WebEndpoint;java.lang.reflect.Proxy$ProxyBuilder.ensureVisible;879;;
Class.forName;org.springframework.boot.actuate.endpoint.web.annotation.WebEndpoint;jdk.proxy2.$Proxy31.<clinit>;;;
Class.forName;org.springframework.boot.actuate.endpoint.web.annotation.WebEndpoint;sun.reflect.generics.factory.CoreReflectionFactory.makeNamedType;114;;
Class.forName;org.springframework.boot.actuate.endpoint.web.annotation.WebEndpointDiscoverer;sun.reflect.generics.factory.CoreReflectionFactory.makeNamedType;114;;
Class.forName;org.springframework.boot.actuate.endpoint.web.annotation.WebEndpointFilter;sun.reflect.generics.factory.CoreReflectionFactory.makeNamedType;114;;
Class.forName;org.springframework.boot.actuate.endpoint.web.servlet.ControllerEndpointHandlerMapping;org.springframework.boot.autoconfigure.condition.FilteringSpringBootCondition.resolve;108;;
Class.forName;org.springframework.boot.actuate.endpoint.web.servlet.WebMvcEndpointHandlerMapping;org.springframework.boot.autoconfigure.condition.FilteringSpringBootCondition.resolve;108;;
Class.forName;org.springframework.boot.actuate.env.EnvironmentEndpoint$EnvironmentEntryDescriptor;sun.reflect.generics.factory.CoreReflectionFactory.makeNamedType;114;;
Class.forName;org.springframework.boot.actuate.env.EnvironmentEndpoint;org.springframework.boot.autoconfigure.condition.FilteringSpringBootCondition.resolve;108;;
Class.forName;org.springframework.boot.actuate.env.EnvironmentEndpoint;org.springframework.util.ClassUtils.forName;284;;
Class.forName;org.springframework.boot.actuate.env.EnvironmentEndpoint;sun.reflect.generics.factory.CoreReflectionFactory.makeNamedType;114;;
Class.forName;org.springframework.boot.actuate.env.EnvironmentEndpointWebExtension;org.springframework.boot.autoconfigure.condition.FilteringSpringBootCondition.resolve;108;;
Class.forName;org.springframework.boot.actuate.env.EnvironmentEndpointWebExtension;org.springframework.util.ClassUtils.forName;284;;
Class.forName;org.springframework.boot.actuate.health.ContributorRegistry;sun.reflect.generics.factory.CoreReflectionFactory.makeNamedType;114;;
Class.forName;org.springframework.boot.actuate.health.DefaultContributorRegistry;sun.reflect.generics.factory.CoreReflectionFactory.makeNamedType;114;;
Class.forName;org.springframework.boot.actuate.health.HealthComponent;sun.reflect.generics.factory.CoreReflectionFactory.makeNamedType;114;;
Class.forName;org.springframework.boot.actuate.health.HealthContributor;sun.reflect.generics.factory.CoreReflectionFactory.makeNamedType;114;;
Class.forName;org.springframework.boot.actuate.health.HealthContributorRegistry;org.springframework.boot.autoconfigure.condition.FilteringSpringBootCondition.resolve;108;;
Class.forName;org.springframework.boot.actuate.health.HealthContributorRegistry;sun.reflect.generics.factory.CoreReflectionFactory.makeNamedType;114;;
Class.forName;org.springframework.boot.actuate.health.HealthEndpoint;org.springframework.boot.autoconfigure.condition.FilteringSpringBootCondition.resolve;108;;
Class.forName;org.springframework.boot.actuate.health.HealthEndpoint;org.springframework.util.ClassUtils.forName;284;;
Class.forName;org.springframework.boot.actuate.health.HealthEndpoint;sun.reflect.generics.factory.CoreReflectionFactory.makeNamedType;114;;
Class.forName;org.springframework.boot.actuate.health.HealthEndpointGroups;org.springframework.boot.autoconfigure.condition.FilteringSpringBootCondition.resolve;108;;
Class.forName;org.springframework.boot.actuate.health.HealthEndpointGroups;sun.reflect.generics.factory.CoreReflectionFactory.makeNamedType;114;;
Class.forName;org.springframework.boot.actuate.health.HealthEndpointGroupsPostProcessor;sun.reflect.generics.factory.CoreReflectionFactory.makeNamedType;114;;
Class.forName;org.springframework.boot.actuate.health.HealthEndpointSupport;sun.reflect.generics.factory.CoreReflectionFactory.makeNamedType;114;;
Class.forName;org.springframework.boot.actuate.health.HealthEndpointWebExtension;org.springframework.boot.autoconfigure.condition.FilteringSpringBootCondition.resolve;108;;
Class.forName;org.springframework.boot.actuate.health.HttpCodeStatusMapper;org.springframework.boot.autoconfigure.condition.FilteringSpringBootCondition.resolve;108;;
Class.forName;org.springframework.boot.actuate.health.NamedContributor;sun.reflect.generics.factory.CoreReflectionFactory.makeNamedType;114;;
Class.forName;org.springframework.boot.actuate.health.NamedContributors;sun.reflect.generics.factory.CoreReflectionFactory.makeNamedType;114;;
Class.forName;org.springframework.boot.actuate.health.ReactiveHealthContributor;sun.reflect.generics.factory.CoreReflectionFactory.makeNamedType;114;;
Class.forName;org.springframework.boot.actuate.health.StatusAggregator;org.springframework.boot.autoconfigure.condition.FilteringSpringBootCondition.resolve;108;;
Class.forName;org.springframework.boot.actuate.health.StatusAggregator;sun.reflect.generics.factory.CoreReflectionFactory.makeNamedType;114;;
Class.forName;org.springframework.boot.actuate.info.InfoContributor;sun.reflect.generics.factory.CoreReflectionFactory.makeNamedType;114;;
Class.forName;org.springframework.boot.actuate.info.InfoEndpoint;org.springframework.boot.autoconfigure.condition.FilteringSpringBootCondition.resolve;108;;
Class.forName;org.springframework.boot.actuate.info.InfoEndpoint;org.springframework.util.ClassUtils.forName;284;;
Class.forName;org.springframework.boot.actuate.info.InfoEndpoint;sun.reflect.generics.factory.CoreReflectionFactory.makeNamedType;114;;
Class.forName;org.springframework.boot.actuate.logging.LogFileWebEndpoint;org.springframework.util.ClassUtils.forName;284;;
Class.forName;org.springframework.boot.actuate.logging.LogFileWebEndpoint;sun.reflect.generics.factory.CoreReflectionFactory.makeNamedType;114;;
Class.forName;org.springframework.boot.actuate.logging.LoggersEndpoint;org.springframework.boot.autoconfigure.condition.FilteringSpringBootCondition.resolve;108;;
Class.forName;org.springframework.boot.actuate.logging.LoggersEndpoint;org.springframework.util.ClassUtils.forName;284;;
Class.forName;org.springframework.boot.actuate.logging.LoggersEndpoint;sun.reflect.generics.factory.CoreReflectionFactory.makeNamedType;114;;
Class.forName;org.springframework.boot.actuate.management.HeapDumpWebEndpoint;org.springframework.boot.autoconfigure.condition.FilteringSpringBootCondition.resolve;108;;
Class.forName;org.springframework.boot.actuate.management.HeapDumpWebEndpoint;org.springframework.util.ClassUtils.forName;284;;
Class.forName;org.springframework.boot.actuate.management.HeapDumpWebEndpoint;sun.reflect.generics.factory.CoreReflectionFactory.makeNamedType;114;;
Class.forName;org.springframework.boot.actuate.management.ThreadDumpEndpoint;org.springframework.boot.autoconfigure.condition.FilteringSpringBootCondition.resolve;108;;
Class.forName;org.springframework.boot.actuate.management.ThreadDumpEndpoint;org.springframework.util.ClassUtils.forName;284;;
Class.forName;org.springframework.boot.actuate.management.ThreadDumpEndpoint;sun.reflect.generics.factory.CoreReflectionFactory.makeNamedType;114;;
Class.forName;org.springframework.boot.actuate.metrics.MetricsEndpoint;org.springframework.boot.autoconfigure.condition.FilteringSpringBootCondition.resolve;108;;
Class.forName;org.springframework.boot.actuate.metrics.MetricsEndpoint;org.springframework.util.ClassUtils.forName;284;;
Class.forName;org.springframework.boot.actuate.metrics.MetricsEndpoint;sun.reflect.generics.factory.CoreReflectionFactory.makeNamedType;114;;
Class.forName;org.springframework.boot.actuate.metrics.cache.CacheMeterBinderProvider;org.springframework.boot.autoconfigure.condition.FilteringSpringBootCondition.resolve;108;;
Class.forName;org.springframework.boot.actuate.metrics.cache.CacheMeterBinderProvider;org.springframework.util.ClassUtils.forName;284;;
Class.forName;org.springframework.boot.actuate.metrics.cache.CacheMeterBinderProvider;sun.reflect.generics.factory.CoreReflectionFactory.makeNamedType;114;;
Class.forName;org.springframework.boot.actuate.metrics.data.MetricsRepositoryMethodInvocationListener;org.springframework.boot.autoconfigure.condition.FilteringSpringBootCondition.resolve;108;;
Class.forName;org.springframework.boot.actuate.metrics.data.MetricsRepositoryMethodInvocationListener;sun.reflect.generics.factory.CoreReflectionFactory.makeNamedType;114;;
Class.forName;org.springframework.boot.actuate.metrics.data.RepositoryTagsProvider;org.springframework.boot.autoconfigure.condition.FilteringSpringBootCondition.resolve;108;;
Class.forName;org.springframework.boot.actuate.metrics.data.RepositoryTagsProvider;sun.reflect.generics.factory.CoreReflectionFactory.makeNamedType;114;;
Class.forName;org.springframework.boot.actuate.metrics.startup.StartupTimeMetricsListener;org.springframework.boot.autoconfigure.condition.FilteringSpringBootCondition.resolve;108;;
Class.forName;org.springframework.boot.actuate.metrics.system.DiskSpaceMetricsBinder;org.springframework.boot.autoconfigure.condition.FilteringSpringBootCondition.resolve;108;;
Class.forName;org.springframework.boot.actuate.metrics.web.client.RestTemplateExchangeTagsProvider;org.springframework.boot.autoconfigure.condition.FilteringSpringBootCondition.resolve;108;;
Class.forName;org.springframework.boot.actuate.metrics.web.client.RestTemplateExchangeTagsProvider;sun.reflect.generics.factory.CoreReflectionFactory.makeNamedType;114;;
Class.forName;org.springframework.boot.actuate.metrics.web.servlet.DefaultWebMvcTagsProvider;sun.reflect.generics.factory.CoreReflectionFactory.makeNamedType;114;;
Class.forName;org.springframework.boot.actuate.metrics.web.servlet.WebMvcMetricsFilter;org.springframework.boot.autoconfigure.condition.FilteringSpringBootCondition.resolve;108;;
Class.forName;org.springframework.boot.actuate.metrics.web.servlet.WebMvcMetricsFilter;sun.reflect.generics.factory.CoreReflectionFactory.makeNamedType;114;;
Class.forName;org.springframework.boot.actuate.metrics.web.servlet.WebMvcTagsContributor;sun.reflect.generics.factory.CoreReflectionFactory.makeNamedType;114;;
Class.forName;org.springframework.boot.actuate.metrics.web.servlet.WebMvcTagsProvider;org.springframework.boot.autoconfigure.condition.FilteringSpringBootCondition.resolve;108;;
Class.forName;org.springframework.boot.actuate.metrics.web.servlet.WebMvcTagsProvider;sun.reflect.generics.factory.CoreReflectionFactory.makeNamedType;114;;
Class.forName;org.springframework.boot.actuate.metrics.web.tomcat.TomcatMetricsBinder;org.springframework.boot.autoconfigure.condition.FilteringSpringBootCondition.resolve;108;;
Class.forName;org.springframework.boot.actuate.metrics.web.tomcat.TomcatMetricsBinder;sun.reflect.generics.factory.CoreReflectionFactory.makeNamedType;114;;
Class.forName;org.springframework.boot.actuate.scheduling.ScheduledTasksEndpoint;org.springframework.boot.autoconfigure.condition.FilteringSpringBootCondition.resolve;108;;
Class.forName;org.springframework.boot.actuate.scheduling.ScheduledTasksEndpoint;org.springframework.util.ClassUtils.forName;284;;
Class.forName;org.springframework.boot.actuate.scheduling.ScheduledTasksEndpoint;sun.reflect.generics.factory.CoreReflectionFactory.makeNamedType;114;;
Class.forName;org.springframework.boot.actuate.trace.http.HttpTraceEndpoint;org.springframework.util.ClassUtils.forName;284;;
Class.forName;org.springframework.boot.actuate.trace.http.HttpTraceEndpoint;sun.reflect.generics.factory.CoreReflectionFactory.makeNamedType;114;;
Class.forName;org.springframework.boot.actuate.trace.http.HttpTraceRepository;org.springframework.boot.autoconfigure.condition.FilteringSpringBootCondition.resolve;108;;
Class.forName;org.springframework.boot.actuate.trace.http.HttpTraceRepository;sun.reflect.generics.factory.CoreReflectionFactory.makeNamedType;114;;
Class.forName;org.springframework.boot.actuate.web.mappings.MappingDescriptionProvider;sun.reflect.generics.factory.CoreReflectionFactory.makeNamedType;114;;
Class.forName;org.springframework.boot.actuate.web.mappings.MappingsEndpoint;org.springframework.util.ClassUtils.forName;284;;
Class.forName;org.springframework.boot.actuate.web.mappings.MappingsEndpoint;sun.reflect.generics.factory.CoreReflectionFactory.makeNamedType;114;;
Class.forName;org.springframework.boot.autoconfigure.AutoConfiguration;java.lang.reflect.Proxy$ProxyBuilder.ensureVisible;879;;
Class.forName;org.springframework.boot.autoconfigure.AutoConfiguration;jdk.proxy2.$Proxy57.<clinit>;;;
Class.forName;org.springframework.boot.autoconfigure.AutoConfiguration;org.springframework.util.ClassUtils.forName;284;;
Class.forName;org.springframework.boot.autoconfigure.AutoConfiguration;sun.reflect.generics.factory.CoreReflectionFactory.makeNamedType;114;;
Class.forName;org.springframework.boot.autoconfigure.AutoConfigurationExcludeFilter;sun.reflect.generics.factory.CoreReflectionFactory.makeNamedType;114;;
Class.forName;org.springframework.boot.autoconfigure.AutoConfigurationImportSelector;org.springframework.util.ClassUtils.forName;284;;
Class.forName;org.springframework.boot.autoconfigure.AutoConfigurationImportSelector;sun.reflect.generics.factory.CoreReflectionFactory.makeNamedType;114;;
Class.forName;org.springframework.boot.autoconfigure.AutoConfigurationPackage;java.lang.reflect.Proxy$ProxyBuilder.ensureVisible;879;;
Class.forName;org.springframework.boot.autoconfigure.AutoConfigurationPackage;jdk.proxy2.$Proxy17.<clinit>;;;
Class.forName;org.springframework.boot.autoconfigure.AutoConfigurationPackage;sun.reflect.generics.factory.CoreReflectionFactory.makeNamedType;114;;
Class.forName;org.springframework.boot.autoconfigure.AutoConfigurationPackages$Registrar;org.springframework.util.ClassUtils.forName;284;;
Class.forName;org.springframework.boot.autoconfigure.AutoConfigurationPackages$Registrar;sun.reflect.generics.factory.CoreReflectionFactory.makeNamedType;114;;
Class.forName;org.springframework.boot.autoconfigure.AutoConfigureAfter;java.lang.reflect.Proxy$ProxyBuilder.ensureVisible;879;;
Class.forName;org.springframework.boot.autoconfigure.AutoConfigureAfter;jdk.proxy2.$Proxy27.<clinit>;;;
Class.forName;org.springframework.boot.autoconfigure.AutoConfigureAfter;org.springframework.util.ClassUtils.forName;284;;
Class.forName;org.springframework.boot.autoconfigure.AutoConfigureAfter;sun.reflect.generics.factory.CoreReflectionFactory.makeNamedType;114;;
Class.forName;org.springframework.boot.autoconfigure.AutoConfigureBefore;java.lang.reflect.Proxy$ProxyBuilder.ensureVisible;879;;
Class.forName;org.springframework.boot.autoconfigure.AutoConfigureBefore;jdk.proxy2.$Proxy26.<clinit>;;;
Class.forName;org.springframework.boot.autoconfigure.AutoConfigureBefore;org.springframework.util.ClassUtils.forName;284;;
Class.forName;org.springframework.boot.autoconfigure.AutoConfigureBefore;sun.reflect.generics.factory.CoreReflectionFactory.makeNamedType;114;;
Class.forName;org.springframework.boot.autoconfigure.AutoConfigureOrder;java.lang.reflect.Proxy$ProxyBuilder.ensureVisible;879;;
Class.forName;org.springframework.boot.autoconfigure.AutoConfigureOrder;jdk.proxy2.$Proxy58.<clinit>;;;
Class.forName;org.springframework.boot.autoconfigure.AutoConfigureOrder;org.springframework.util.ClassUtils.forName;284;;
Class.forName;org.springframework.boot.autoconfigure.AutoConfigureOrder;sun.reflect.generics.factory.CoreReflectionFactory.makeNamedType;114;;
Class.forName;org.springframework.boot.autoconfigure.BackgroundPreinitializer;org.springframework.util.ClassUtils.forName;284;;
Class.forName;org.springframework.boot.autoconfigure.EnableAutoConfiguration;java.lang.reflect.Proxy$ProxyBuilder.ensureVisible;879;;
Class.forName;org.springframework.boot.autoconfigure.EnableAutoConfiguration;jdk.proxy2.$Proxy13.<clinit>;;;
Class.forName;org.springframework.boot.autoconfigure.EnableAutoConfiguration;sun.reflect.generics.factory.CoreReflectionFactory.makeNamedType;114;;
Class.forName;org.springframework.boot.autoconfigure.SharedMetadataReaderFactoryContextInitializer;org.springframework.util.ClassUtils.forName;284;;
Class.forName;org.springframework.boot.autoconfigure.SpringBootApplication;java.lang.reflect.Proxy$ProxyBuilder.ensureVisible;879;;
Class.forName;org.springframework.boot.autoconfigure.SpringBootApplication;jdk.proxy2.$Proxy10.<clinit>;;;
Class.forName;org.springframework.boot.autoconfigure.SpringBootApplication;org.springframework.util.ClassUtils.forName;284;;
Class.forName;org.springframework.boot.autoconfigure.SpringBootApplication;sun.reflect.generics.factory.CoreReflectionFactory.makeNamedType;114;;
Class.forName;org.springframework.boot.autoconfigure.aop.AopAutoConfiguration$AspectJAutoProxyingConfiguration$CglibAutoProxyConfiguration;org.springframework.util.ClassUtils.forName;284;;
Class.forName;org.springframework.boot.autoconfigure.aop.AopAutoConfiguration$AspectJAutoProxyingConfiguration;org.springframework.util.ClassUtils.forName;284;;
Class.forName;org.springframework.boot.autoconfigure.aop.AopAutoConfiguration;org.springframework.util.ClassUtils.forName;284;;
Class.forName;org.springframework.boot.autoconfigure.availability.ApplicationAvailabilityAutoConfiguration;org.springframework.util.ClassUtils.forName;284;;
Class.forName;org.springframework.boot.autoconfigure.availability.ApplicationAvailabilityAutoConfiguration;sun.reflect.generics.factory.CoreReflectionFactory.makeNamedType;114;;
Class.forName;org.springframework.boot.autoconfigure.batch.JobRepositoryDependsOnDatabaseInitializationDetector;org.springframework.util.ClassUtils.forName;284;;
Class.forName;org.springframework.boot.autoconfigure.cache.CacheAutoConfiguration$CacheConfigurationImportSelector;org.springframework.util.ClassUtils.forName;284;;
Class.forName;org.springframework.boot.autoconfigure.cache.CacheAutoConfiguration$CacheConfigurationImportSelector;sun.reflect.generics.factory.CoreReflectionFactory.makeNamedType;114;;
Class.forName;org.springframework.boot.autoconfigure.cache.CacheAutoConfiguration$CacheManagerEntityManagerFactoryDependsOnPostProcessor;org.springframework.util.ClassUtils.forName;284;;
Class.forName;org.springframework.boot.autoconfigure.cache.CacheAutoConfiguration$CacheManagerEntityManagerFactoryDependsOnPostProcessor;sun.reflect.generics.factory.CoreReflectionFactory.makeNamedType;114;;
Class.forName;org.springframework.boot.autoconfigure.cache.CacheAutoConfiguration$CacheManagerValidator;sun.reflect.generics.factory.CoreReflectionFactory.makeNamedType;114;;
Class.forName;org.springframework.boot.autoconfigure.cache.CacheAutoConfiguration;org.springframework.util.ClassUtils.forName;284;;
Class.forName;org.springframework.boot.autoconfigure.cache.CacheAutoConfiguration;sun.reflect.generics.factory.CoreReflectionFactory.makeNamedType;114;;
Class.forName;org.springframework.boot.autoconfigure.cache.CacheCondition;org.springframework.util.ClassUtils.forName;284;;
Class.forName;org.springframework.boot.autoconfigure.cache.CacheCondition;sun.reflect.generics.factory.CoreReflectionFactory.makeNamedType;114;;
Class.forName;org.springframework.boot.autoconfigure.cache.CacheManagerCustomizer;sun.reflect.generics.factory.CoreReflectionFactory.makeNamedType;114;;
Class.forName;org.springframework.boot.autoconfigure.cache.CacheManagerCustomizers;org.springframework.boot.autoconfigure.condition.FilteringSpringBootCondition.resolve;108;;
Class.forName;org.springframework.boot.autoconfigure.cache.CacheManagerCustomizers;sun.reflect.generics.factory.CoreReflectionFactory.makeNamedType;114;;
Class.forName;org.springframework.boot.autoconfigure.cache.CacheProperties;org.springframework.util.ClassUtils.forName;284;;
Class.forName;org.springframework.boot.autoconfigure.cache.CacheProperties;sun.reflect.generics.factory.CoreReflectionFactory.makeNamedType;114;;
Class.forName;org.springframework.boot.autoconfigure.cache.HazelcastJCacheCustomizationConfiguration;org.springframework.util.ClassUtils.forName;284;;
Class.forName;org.springframework.boot.autoconfigure.cache.HazelcastJCacheCustomizationConfiguration;sun.reflect.generics.factory.CoreReflectionFactory.makeNamedType;114;;
Class.forName;org.springframework.boot.autoconfigure.cache.JCacheCacheConfiguration$JCacheAvailableCondition;org.springframework.util.ClassUtils.forName;284;;
Class.forName;org.springframework.boot.autoconfigure.cache.JCacheCacheConfiguration$JCacheAvailableCondition;sun.reflect.generics.factory.CoreReflectionFactory.makeNamedType;114;;
Class.forName;org.springframework.boot.autoconfigure.cache.JCacheCacheConfiguration$JCacheProviderAvailableCondition;org.springframework.util.ClassUtils.forName;284;;
Class.forName;org.springframework.boot.autoconfigure.cache.JCacheCacheConfiguration;org.springframework.util.ClassUtils.forName;284;;
Class.forName;org.springframework.boot.autoconfigure.cache.JCacheManagerCustomizer;sun.reflect.generics.factory.CoreReflectionFactory.makeNamedType;114;;
Class.forName;org.springframework.boot.autoconfigure.cache.JCachePropertiesCustomizer;sun.reflect.generics.factory.CoreReflectionFactory.makeNamedType;114;;
Class.forName;org.springframework.boot.autoconfigure.condition.ConditionEvaluationReportAutoConfigurationImportListener;org.springframework.util.ClassUtils.forName;284;;
Class.forName;org.springframework.boot.autoconfigure.condition.ConditionalOnBean;java.lang.reflect.Proxy$ProxyBuilder.ensureVisible;879;;
Class.forName;org.springframework.boot.autoconfigure.condition.ConditionalOnBean;jdk.proxy2.$Proxy37.<clinit>;;;
Class.forName;org.springframework.boot.autoconfigure.condition.ConditionalOnBean;org.springframework.util.ClassUtils.forName;284;;
Class.forName;org.springframework.boot.autoconfigure.condition.ConditionalOnBean;sun.reflect.generics.factory.CoreReflectionFactory.makeNamedType;114;;
Class.forName;org.springframework.boot.autoconfigure.condition.ConditionalOnClass;java.lang.reflect.Proxy$ProxyBuilder.ensureVisible;879;;
Class.forName;org.springframework.boot.autoconfigure.condition.ConditionalOnClass;jdk.proxy2.$Proxy36.<clinit>;;;
Class.forName;org.springframework.boot.autoconfigure.condition.ConditionalOnClass;org.springframework.util.ClassUtils.forName;284;;
Class.forName;org.springframework.boot.autoconfigure.condition.ConditionalOnClass;sun.reflect.generics.factory.CoreReflectionFactory.makeNamedType;114;;
Class.forName;org.springframework.boot.autoconfigure.condition.ConditionalOnCloudPlatform;org.springframework.util.ClassUtils.forName;284;;
Class.forName;org.springframework.boot.autoconfigure.condition.ConditionalOnJndi;org.springframework.util.ClassUtils.forName;284;;
Class.forName;org.springframework.boot.autoconfigure.condition.ConditionalOnMissingBean;java.lang.reflect.Proxy$ProxyBuilder.ensureVisible;879;;
Class.forName;org.springframework.boot.autoconfigure.condition.ConditionalOnMissingBean;jdk.proxy2.$Proxy29.<clinit>;;;
Class.forName;org.springframework.boot.autoconfigure.condition.ConditionalOnMissingBean;org.springframework.util.ClassUtils.forName;284;;
Class.forName;org.springframework.boot.autoconfigure.condition.ConditionalOnMissingBean;sun.reflect.generics.factory.CoreReflectionFactory.makeNamedType;114;;
Class.forName;org.springframework.boot.autoconfigure.condition.ConditionalOnMissingClass;org.springframework.util.ClassUtils.forName;284;;
Class.forName;org.springframework.boot.autoconfigure.condition.ConditionalOnProperty;java.lang.reflect.Proxy$ProxyBuilder.ensureVisible;879;;
Class.forName;org.springframework.boot.autoconfigure.condition.ConditionalOnProperty;jdk.proxy2.$Proxy41.<clinit>;;;
Class.forName;org.springframework.boot.autoconfigure.condition.ConditionalOnProperty;org.springframework.util.ClassUtils.forName;284;;
Class.forName;org.springframework.boot.autoconfigure.condition.ConditionalOnProperty;sun.reflect.generics.factory.CoreReflectionFactory.makeNamedType;114;;
Class.forName;org.springframework.boot.autoconfigure.condition.ConditionalOnResource;java.lang.reflect.Proxy$ProxyBuilder.ensureVisible;879;;
Class.forName;org.springframework.boot.autoconfigure.condition.ConditionalOnResource;jdk.proxy2.$Proxy47.<clinit>;;;
Class.forName;org.springframework.boot.autoconfigure.condition.ConditionalOnResource;org.springframework.util.ClassUtils.forName;284;;
Class.forName;org.springframework.boot.autoconfigure.condition.ConditionalOnResource;sun.reflect.generics.factory.CoreReflectionFactory.makeNamedType;114;;
Class.forName;org.springframework.boot.autoconfigure.condition.ConditionalOnSingleCandidate;java.lang.reflect.Proxy$ProxyBuilder.ensureVisible;879;;
Class.forName;org.springframework.boot.autoconfigure.condition.ConditionalOnSingleCandidate;jdk.proxy2.$Proxy49.<clinit>;;;
Class.forName;org.springframework.boot.autoconfigure.condition.ConditionalOnSingleCandidate;org.springframework.util.ClassUtils.forName;284;;
Class.forName;org.springframework.boot.autoconfigure.condition.ConditionalOnSingleCandidate;sun.reflect.generics.factory.CoreReflectionFactory.makeNamedType;114;;
Class.forName;org.springframework.boot.autoconfigure.condition.ConditionalOnWebApplication$Type;java.lang.reflect.Proxy$ProxyBuilder.ensureVisible;879;;
Class.forName;org.springframework.boot.autoconfigure.condition.ConditionalOnWebApplication$Type;org.springframework.util.ClassUtils.forName;284;;
Class.forName;org.springframework.boot.autoconfigure.condition.ConditionalOnWebApplication$Type;sun.reflect.generics.factory.CoreReflectionFactory.makeNamedType;114;;
Class.forName;org.springframework.boot.autoconfigure.condition.ConditionalOnWebApplication;java.lang.reflect.Proxy$ProxyBuilder.ensureVisible;879;;
Class.forName;org.springframework.boot.autoconfigure.condition.ConditionalOnWebApplication;jdk.proxy2.$Proxy60.<clinit>;;;
Class.forName;org.springframework.boot.autoconfigure.condition.ConditionalOnWebApplication;org.springframework.util.ClassUtils.forName;284;;
Class.forName;org.springframework.boot.autoconfigure.condition.ConditionalOnWebApplication;sun.reflect.generics.factory.CoreReflectionFactory.makeNamedType;114;;
Class.forName;org.springframework.boot.autoconfigure.condition.OnBeanCondition;org.springframework.util.ClassUtils.forName;284;;
Class.forName;org.springframework.boot.autoconfigure.condition.OnBeanCondition;sun.reflect.generics.factory.CoreReflectionFactory.makeNamedType;114;;
Class.forName;org.springframework.boot.autoconfigure.condition.OnClassCondition;org.springframework.util.ClassUtils.forName;284;;
Class.forName;org.springframework.boot.autoconfigure.condition.OnClassCondition;sun.reflect.generics.factory.CoreReflectionFactory.makeNamedType;114;;
Class.forName;org.springframework.boot.autoconfigure.condition.OnCloudPlatformCondition;org.springframework.util.ClassUtils.forName;284;;
Class.forName;org.springframework.boot.autoconfigure.condition.OnCloudPlatformCondition;sun.reflect.generics.factory.CoreReflectionFactory.makeNamedType;114;;
Class.forName;org.springframework.boot.autoconfigure.condition.OnJndiCondition;org.springframework.util.ClassUtils.forName;284;;
Class.forName;org.springframework.boot.autoconfigure.condition.OnJndiCondition;sun.reflect.generics.factory.CoreReflectionFactory.makeNamedType;114;;
Class.forName;org.springframework.boot.autoconfigure.condition.OnPropertyCondition;org.springframework.util.ClassUtils.forName;284;;
Class.forName;org.springframework.boot.autoconfigure.condition.OnPropertyCondition;sun.reflect.generics.factory.CoreReflectionFactory.makeNamedType;114;;
Class.forName;org.springframework.boot.autoconfigure.condition.OnResourceCondition;org.springframework.util.ClassUtils.forName;284;;
Class.forName;org.springframework.boot.autoconfigure.condition.OnResourceCondition;sun.reflect.generics.factory.CoreReflectionFactory.makeNamedType;114;;
Class.forName;org.springframework.boot.autoconfigure.condition.OnWebApplicationCondition;org.springframework.util.ClassUtils.forName;284;;
Class.forName;org.springframework.boot.autoconfigure.condition.OnWebApplicationCondition;sun.reflect.generics.factory.CoreReflectionFactory.makeNamedType;114;;
Class.forName;org.springframework.boot.autoconfigure.condition.SearchStrategy;java.lang.reflect.Proxy$ProxyBuilder.ensureVisible;879;;
Class.forName;org.springframework.boot.autoconfigure.condition.SearchStrategy;org.springframework.util.ClassUtils.forName;284;;
Class.forName;org.springframework.boot.autoconfigure.condition.SearchStrategy;sun.reflect.generics.factory.CoreReflectionFactory.makeNamedType;114;;
Class.forName;org.springframework.boot.autoconfigure.context.ConfigurationPropertiesAutoConfiguration;org.springframework.util.ClassUtils.forName;284;;
Class.forName;org.springframework.boot.autoconfigure.context.LifecycleAutoConfiguration;org.springframework.util.ClassUtils.forName;284;;
Class.forName;org.springframework.boot.autoconfigure.context.LifecycleProperties;org.springframework.util.ClassUtils.forName;284;;
Class.forName;org.springframework.boot.autoconfigure.context.LifecycleProperties;sun.reflect.generics.factory.CoreReflectionFactory.makeNamedType;114;;
Class.forName;org.springframework.boot.autoconfigure.context.MessageSourceAutoConfiguration$ResourceBundleCondition;org.springframework.util.ClassUtils.forName;284;;
Class.forName;org.springframework.boot.autoconfigure.context.MessageSourceAutoConfiguration$ResourceBundleCondition;sun.reflect.generics.factory.CoreReflectionFactory.makeNamedType;114;;
Class.forName;org.springframework.boot.autoconfigure.context.MessageSourceAutoConfiguration;org.springframework.util.ClassUtils.forName;284;;
Class.forName;org.springframework.boot.autoconfigure.context.PropertyPlaceholderAutoConfiguration;org.springframework.util.ClassUtils.forName;284;;
Class.forName;org.springframework.boot.autoconfigure.dao.PersistenceExceptionTranslationAutoConfiguration;org.springframework.util.ClassUtils.forName;284;;
Class.forName;org.springframework.boot.autoconfigure.data.couchbase.CouchbaseDataAutoConfiguration;org.springframework.util.ClassUtils.forName;284;;
Class.forName;org.springframework.boot.autoconfigure.data.couchbase.CouchbaseDataAutoConfiguration;sun.reflect.generics.factory.CoreReflectionFactory.makeNamedType;114;;
Class.forName;org.springframework.boot.autoconfigure.data.jpa.JpaRepositoriesAutoConfiguration$BootstrapExecutorCondition;org.springframework.util.ClassUtils.forName;284;;
Class.forName;org.springframework.boot.autoconfigure.data.jpa.JpaRepositoriesAutoConfiguration$BootstrapExecutorCondition;sun.reflect.generics.factory.CoreReflectionFactory.makeNamedType;114;;
Class.forName;org.springframework.boot.autoconfigure.data.jpa.JpaRepositoriesAutoConfiguration$JpaRepositoriesImportSelector;org.springframework.util.ClassUtils.forName;284;;
Class.forName;org.springframework.boot.autoconfigure.data.jpa.JpaRepositoriesAutoConfiguration$JpaRepositoriesImportSelector;sun.reflect.generics.factory.CoreReflectionFactory.makeNamedType;114;;
Class.forName;org.springframework.boot.autoconfigure.data.jpa.JpaRepositoriesAutoConfiguration;org.springframework.util.ClassUtils.forName;284;;
Class.forName;org.springframework.boot.autoconfigure.data.jpa.JpaRepositoriesRegistrar;org.springframework.util.ClassUtils.forName;284;;
Class.forName;org.springframework.boot.autoconfigure.data.neo4j.Neo4jDataAutoConfiguration;org.springframework.util.ClassUtils.forName;284;;
Class.forName;org.springframework.boot.autoconfigure.data.neo4j.Neo4jDataAutoConfiguration;sun.reflect.generics.factory.CoreReflectionFactory.makeNamedType;114;;
Class.forName;org.springframework.boot.autoconfigure.data.redis.RedisAutoConfiguration;org.springframework.util.ClassUtils.forName;284;;
Class.forName;org.springframework.boot.autoconfigure.data.redis.RedisAutoConfiguration;sun.reflect.generics.factory.CoreReflectionFactory.makeNamedType;114;;
Class.forName;org.springframework.boot.autoconfigure.data.rest.RepositoryRestMvcAutoConfiguration;org.springframework.util.ClassUtils.forName;284;;
Class.forName;org.springframework.boot.autoconfigure.data.rest.RepositoryRestMvcAutoConfiguration;sun.reflect.generics.factory.CoreReflectionFactory.makeNamedType;114;;
Class.forName;org.springframework.boot.autoconfigure.data.web.SpringDataWebAutoConfiguration;org.springframework.util.ClassUtils.forName;284;;
Class.forName;org.springframework.boot.autoconfigure.data.web.SpringDataWebProperties;org.springframework.util.ClassUtils.forName;284;;
Class.forName;org.springframework.boot.autoconfigure.data.web.SpringDataWebProperties;sun.reflect.generics.factory.CoreReflectionFactory.makeNamedType;114;;
Class.forName;org.springframework.boot.autoconfigure.flyway.FlywayMigrationInitializerDatabaseInitializerDetector;org.springframework.util.ClassUtils.forName;284;;
Class.forName;org.springframework.boot.autoconfigure.freemarker.FreeMarkerTemplateAvailabilityProvider;org.springframework.util.ClassUtils.forName;284;;
Class.forName;org.springframework.boot.autoconfigure.groovy.template.GroovyTemplateAvailabilityProvider;org.springframework.util.ClassUtils.forName;284;;
Class.forName;org.springframework.boot.autoconfigure.gson.GsonAutoConfiguration;org.springframework.util.ClassUtils.forName;284;;
Class.forName;org.springframework.boot.autoconfigure.gson.GsonAutoConfiguration;sun.reflect.generics.factory.CoreReflectionFactory.makeNamedType;114;;
Class.forName;org.springframework.boot.autoconfigure.hazelcast.HazelcastAutoConfiguration;org.springframework.util.ClassUtils.forName;284;;
Class.forName;org.springframework.boot.autoconfigure.hazelcast.HazelcastAutoConfiguration;sun.reflect.generics.factory.CoreReflectionFactory.makeNamedType;114;;
Class.forName;org.springframework.boot.autoconfigure.http.GsonHttpMessageConvertersConfiguration;org.springframework.util.ClassUtils.forName;284;;
Class.forName;org.springframework.boot.autoconfigure.http.GsonHttpMessageConvertersConfiguration;sun.reflect.generics.factory.CoreReflectionFactory.makeNamedType;114;;
Class.forName;org.springframework.boot.autoconfigure.http.HttpMessageConverters;org.springframework.boot.autoconfigure.condition.FilteringSpringBootCondition.resolve;108;;
Class.forName;org.springframework.boot.autoconfigure.http.HttpMessageConverters;sun.reflect.generics.factory.CoreReflectionFactory.makeNamedType;114;;
Class.forName;org.springframework.boot.autoconfigure.http.HttpMessageConvertersAutoConfiguration$NotReactiveWebApplicationCondition;org.springframework.util.ClassUtils.forName;284;;
Class.forName;org.springframework.boot.autoconfigure.http.HttpMessageConvertersAutoConfiguration$NotReactiveWebApplicationCondition;sun.reflect.generics.factory.CoreReflectionFactory.makeNamedType;114;;
Class.forName;org.springframework.boot.autoconfigure.http.HttpMessageConvertersAutoConfiguration$StringHttpMessageConverterConfiguration;org.springframework.util.ClassUtils.forName;284;;
Class.forName;org.springframework.boot.autoconfigure.http.HttpMessageConvertersAutoConfiguration;org.springframework.util.ClassUtils.forName;284;;
Class.forName;org.springframework.boot.autoconfigure.http.HttpMessageConvertersAutoConfiguration;sun.reflect.generics.factory.CoreReflectionFactory.makeNamedType;114;;
Class.forName;org.springframework.boot.autoconfigure.http.JacksonHttpMessageConvertersConfiguration$MappingJackson2HttpMessageConverterConfiguration;org.springframework.util.ClassUtils.forName;284;;
Class.forName;org.springframework.boot.autoconfigure.http.JacksonHttpMessageConvertersConfiguration;org.springframework.util.ClassUtils.forName;284;;
Class.forName;org.springframework.boot.autoconfigure.http.JacksonHttpMessageConvertersConfiguration;sun.reflect.generics.factory.CoreReflectionFactory.makeNamedType;114;;
Class.forName;org.springframework.boot.autoconfigure.http.JsonbHttpMessageConvertersConfiguration;org.springframework.util.ClassUtils.forName;284;;
Class.forName;org.springframework.boot.autoconfigure.http.JsonbHttpMessageConvertersConfiguration;sun.reflect.generics.factory.CoreReflectionFactory.makeNamedType;114;;
Class.forName;org.springframework.boot.autoconfigure.info.ProjectInfoAutoConfiguration$GitResourceAvailableCondition;org.springframework.util.ClassUtils.forName;284;;
Class.forName;org.springframework.boot.autoconfigure.info.ProjectInfoAutoConfiguration$GitResourceAvailableCondition;sun.reflect.generics.factory.CoreReflectionFactory.makeNamedType;114;;
Class.forName;org.springframework.boot.autoconfigure.info.ProjectInfoAutoConfiguration;org.springframework.util.ClassUtils.forName;284;;
Class.forName;org.springframework.boot.autoconfigure.info.ProjectInfoAutoConfiguration;sun.reflect.generics.factory.CoreReflectionFactory.makeNamedType;114;;
Class.forName;org.springframework.boot.autoconfigure.info.ProjectInfoProperties;org.springframework.util.ClassUtils.forName;284;;
Class.forName;org.springframework.boot.autoconfigure.info.ProjectInfoProperties;sun.reflect.generics.factory.CoreReflectionFactory.makeNamedType;114;;
Class.forName;org.springframework.boot.autoconfigure.integration.IntegrationAutoConfiguration;org.springframework.util.ClassUtils.forName;284;;
Class.forName;org.springframework.boot.autoconfigure.integration.IntegrationAutoConfiguration;sun.reflect.generics.factory.CoreReflectionFactory.makeNamedType;114;;
Class.forName;org.springframework.boot.autoconfigure.integration.IntegrationPropertiesEnvironmentPostProcessor;org.springframework.util.ClassUtils.forName;284;;
Class.forName;org.springframework.boot.autoconfigure.jackson.Jackson2ObjectMapperBuilderCustomizer;sun.reflect.generics.factory.CoreReflectionFactory.makeNamedType;114;;
Class.forName;org.springframework.boot.autoconfigure.jackson.JacksonAutoConfiguration$Jackson2ObjectMapperBuilderCustomizerConfiguration;org.springframework.util.ClassUtils.forName;284;;
Class.forName;org.springframework.boot.autoconfigure.jackson.JacksonAutoConfiguration$JacksonObjectMapperBuilderConfiguration;org.springframework.util.ClassUtils.forName;284;;
Class.forName;org.springframework.boot.autoconfigure.jackson.JacksonAutoConfiguration$JacksonObjectMapperConfiguration;org.springframework.util.ClassUtils.forName;284;;
Class.forName;org.springframework.boot.autoconfigure.jackson.JacksonAutoConfiguration$ParameterNamesModuleConfiguration;org.springframework.util.ClassUtils.forName;284;;
Class.forName;org.springframework.boot.autoconfigure.jackson.JacksonAutoConfiguration;org.springframework.util.ClassUtils.forName;284;;
Class.forName;org.springframework.boot.autoconfigure.jackson.JacksonAutoConfiguration;sun.reflect.generics.factory.CoreReflectionFactory.makeNamedType;114;;
Class.forName;org.springframework.boot.autoconfigure.jackson.JacksonProperties;org.springframework.util.ClassUtils.forName;284;;
Class.forName;org.springframework.boot.autoconfigure.jackson.JacksonProperties;sun.reflect.generics.factory.CoreReflectionFactory.makeNamedType;114;;
Class.forName;org.springframework.boot.autoconfigure.jdbc.DataSourceAutoConfiguration$EmbeddedDatabaseCondition;org.springframework.util.ClassUtils.forName;284;;
Class.forName;org.springframework.boot.autoconfigure.jdbc.DataSourceAutoConfiguration$PooledDataSourceAvailableCondition;org.springframework.util.ClassUtils.forName;284;;
Class.forName;org.springframework.boot.autoconfigure.jdbc.DataSourceAutoConfiguration$PooledDataSourceCondition;org.springframework.util.ClassUtils.forName;284;;
Class.forName;org.springframework.boot.autoconfigure.jdbc.DataSourceAutoConfiguration$PooledDataSourceCondition;sun.reflect.generics.factory.CoreReflectionFactory.makeNamedType;114;;
Class.forName;org.springframework.boot.autoconfigure.jdbc.DataSourceAutoConfiguration$PooledDataSourceConfiguration;org.springframework.util.ClassUtils.forName;284;;
Class.forName;org.springframework.boot.autoconfigure.jdbc.DataSourceAutoConfiguration;org.springframework.util.ClassUtils.forName;284;;
Class.forName;org.springframework.boot.autoconfigure.jdbc.DataSourceAutoConfiguration;sun.reflect.generics.factory.CoreReflectionFactory.makeNamedType;114;;
Class.forName;org.springframework.boot.autoconfigure.jdbc.DataSourceConfiguration$Dbcp2;org.springframework.util.ClassUtils.forName;284;;
Class.forName;org.springframework.boot.autoconfigure.jdbc.DataSourceConfiguration$Dbcp2;sun.reflect.generics.factory.CoreReflectionFactory.makeNamedType;114;;
Class.forName;org.springframework.boot.autoconfigure.jdbc.DataSourceConfiguration$Generic;org.springframework.util.ClassUtils.forName;284;;
Class.forName;org.springframework.boot.autoconfigure.jdbc.DataSourceConfiguration$Generic;sun.reflect.generics.factory.CoreReflectionFactory.makeNamedType;114;;
Class.forName;org.springframework.boot.autoconfigure.jdbc.DataSourceConfiguration$Hikari;org.springframework.util.ClassUtils.forName;284;;
Class.forName;org.springframework.boot.autoconfigure.jdbc.DataSourceConfiguration$Hikari;sun.reflect.generics.factory.CoreReflectionFactory.makeNamedType;114;;
Class.forName;org.springframework.boot.autoconfigure.jdbc.DataSourceConfiguration$OracleUcp;org.springframework.util.ClassUtils.forName;284;;
Class.forName;org.springframework.boot.autoconfigure.jdbc.DataSourceConfiguration$OracleUcp;sun.reflect.generics.factory.CoreReflectionFactory.makeNamedType;114;;
Class.forName;org.springframework.boot.autoconfigure.jdbc.DataSourceConfiguration$Tomcat;org.springframework.util.ClassUtils.forName;284;;
Class.forName;org.springframework.boot.autoconfigure.jdbc.DataSourceConfiguration$Tomcat;sun.reflect.generics.factory.CoreReflectionFactory.makeNamedType;114;;
Class.forName;org.springframework.boot.autoconfigure.jdbc.DataSourceJmxConfiguration$Hikari;org.springframework.util.ClassUtils.forName;284;;
Class.forName;org.springframework.boot.autoconfigure.jdbc.DataSourceJmxConfiguration;org.springframework.util.ClassUtils.forName;284;;
Class.forName;org.springframework.boot.autoconfigure.jdbc.DataSourceJmxConfiguration;sun.reflect.generics.factory.CoreReflectionFactory.makeNamedType;114;;
Class.forName;org.springframework.boot.autoconfigure.jdbc.DataSourceProperties;org.springframework.util.ClassUtils.forName;284;;
Class.forName;org.springframework.boot.autoconfigure.jdbc.DataSourceProperties;sun.reflect.generics.factory.CoreReflectionFactory.makeNamedType;114;;
Class.forName;org.springframework.boot.autoconfigure.jdbc.DataSourceTransactionManagerAutoConfiguration$JdbcTransactionManagerConfiguration;org.springframework.util.ClassUtils.forName;284;;
Class.forName;org.springframework.boot.autoconfigure.jdbc.DataSourceTransactionManagerAutoConfiguration;org.springframework.util.ClassUtils.forName;284;;
Class.forName;org.springframework.boot.autoconfigure.jdbc.DataSourceTransactionManagerAutoConfiguration;sun.reflect.generics.factory.CoreReflectionFactory.makeNamedType;114;;
Class.forName;org.springframework.boot.autoconfigure.jdbc.JdbcProperties;org.springframework.util.ClassUtils.forName;284;;
Class.forName;org.springframework.boot.autoconfigure.jdbc.JdbcProperties;sun.reflect.generics.factory.CoreReflectionFactory.makeNamedType;114;;
Class.forName;org.springframework.boot.autoconfigure.jdbc.JdbcTemplateAutoConfiguration;org.springframework.util.ClassUtils.forName;284;;
Class.forName;org.springframework.boot.autoconfigure.jdbc.JdbcTemplateConfiguration;org.springframework.util.ClassUtils.forName;284;;
Class.forName;org.springframework.boot.autoconfigure.jdbc.JdbcTemplateConfiguration;sun.reflect.generics.factory.CoreReflectionFactory.makeNamedType;114;;
Class.forName;org.springframework.boot.autoconfigure.jdbc.NamedParameterJdbcTemplateConfiguration;org.springframework.util.ClassUtils.forName;284;;
Class.forName;org.springframework.boot.autoconfigure.jdbc.NamedParameterJdbcTemplateConfiguration;sun.reflect.generics.factory.CoreReflectionFactory.makeNamedType;114;;
Class.forName;org.springframework.boot.autoconfigure.jdbc.XADataSourceAutoConfiguration;org.springframework.util.ClassUtils.forName;284;;
Class.forName;org.springframework.boot.autoconfigure.jdbc.XADataSourceAutoConfiguration;sun.reflect.generics.factory.CoreReflectionFactory.makeNamedType;114;;
Class.forName;org.springframework.boot.autoconfigure.jdbc.metadata.DataSourcePoolMetadataProvidersConfiguration$HikariPoolDataSourceMetadataProviderConfiguration;org.springframework.util.ClassUtils.forName;284;;
Class.forName;org.springframework.boot.autoconfigure.jdbc.metadata.DataSourcePoolMetadataProvidersConfiguration;org.springframework.util.ClassUtils.forName;284;;
Class.forName;org.springframework.boot.autoconfigure.jdbc.metadata.DataSourcePoolMetadataProvidersConfiguration;sun.reflect.generics.factory.CoreReflectionFactory.makeNamedType;114;;
Class.forName;org.springframework.boot.autoconfigure.jms.activemq.ActiveMQAutoConfiguration;org.springframework.util.ClassUtils.forName;284;;
Class.forName;org.springframework.boot.autoconfigure.jms.activemq.ActiveMQAutoConfiguration;sun.reflect.generics.factory.CoreReflectionFactory.makeNamedType;114;;
Class.forName;org.springframework.boot.autoconfigure.jms.artemis.ArtemisAutoConfiguration;org.springframework.util.ClassUtils.forName;284;;
Class.forName;org.springframework.boot.autoconfigure.jms.artemis.ArtemisAutoConfiguration;sun.reflect.generics.factory.CoreReflectionFactory.makeNamedType;114;;
Class.forName;org.springframework.boot.autoconfigure.jsonb.JsonbAutoConfiguration;org.springframework.util.ClassUtils.forName;284;;
Class.forName;org.springframework.boot.autoconfigure.jsonb.JsonbAutoConfiguration;sun.reflect.generics.factory.CoreReflectionFactory.makeNamedType;114;;
Class.forName;org.springframework.boot.autoconfigure.logging.ConditionEvaluationReportLoggingListener;org.springframework.util.ClassUtils.forName;284;;
Class.forName;org.springframework.boot.autoconfigure.mustache.MustacheTemplateAvailabilityProvider;org.springframework.util.ClassUtils.forName;284;;
Class.forName;org.springframework.boot.autoconfigure.orm.jpa.EntityManagerFactoryBuilderCustomizer;sun.reflect.generics.factory.CoreReflectionFactory.makeNamedType;114;;
Class.forName;org.springframework.boot.autoconfigure.orm.jpa.HibernateJpaAutoConfiguration;org.springframework.util.ClassUtils.forName;284;;
Class.forName;org.springframework.boot.autoconfigure.orm.jpa.HibernateJpaAutoConfiguration;sun.reflect.generics.factory.CoreReflectionFactory.makeNamedType;114;;
Class.forName;org.springframework.boot.autoconfigure.orm.jpa.HibernateJpaConfiguration;org.springframework.util.ClassUtils.forName;284;;
Class.forName;org.springframework.boot.autoconfigure.orm.jpa.HibernateJpaConfiguration;sun.reflect.generics.factory.CoreReflectionFactory.makeNamedType;114;;
Class.forName;org.springframework.boot.autoconfigure.orm.jpa.HibernateProperties;org.springframework.util.ClassUtils.forName;284;;
Class.forName;org.springframework.boot.autoconfigure.orm.jpa.HibernateProperties;sun.reflect.generics.factory.CoreReflectionFactory.makeNamedType;114;;
Class.forName;org.springframework.boot.autoconfigure.orm.jpa.HibernatePropertiesCustomizer;sun.reflect.generics.factory.CoreReflectionFactory.makeNamedType;114;;
Class.forName;org.springframework.boot.autoconfigure.orm.jpa.JpaBaseConfiguration$JpaWebConfiguration;org.springframework.util.ClassUtils.forName;284;;
Class.forName;org.springframework.boot.autoconfigure.orm.jpa.JpaProperties;org.springframework.util.ClassUtils.forName;284;;
Class.forName;org.springframework.boot.autoconfigure.orm.jpa.JpaProperties;sun.reflect.generics.factory.CoreReflectionFactory.makeNamedType;114;;
Class.forName;org.springframework.boot.autoconfigure.quartz.SchedulerDependsOnDatabaseInitializationDetector;org.springframework.util.ClassUtils.forName;284;;
Class.forName;org.springframework.boot.autoconfigure.r2dbc.R2dbcAutoConfiguration;org.springframework.util.ClassUtils.forName;284;;
Class.forName;org.springframework.boot.autoconfigure.r2dbc.R2dbcAutoConfiguration;sun.reflect.generics.factory.CoreReflectionFactory.makeNamedType;114;;
Class.forName;org.springframework.boot.autoconfigure.security.ConditionalOnDefaultWebSecurity;org.springframework.util.ClassUtils.forName;284;;
Class.forName;org.springframework.boot.autoconfigure.security.DefaultWebSecurityCondition;org.springframework.util.ClassUtils.forName;284;;
Class.forName;org.springframework.boot.autoconfigure.security.DefaultWebSecurityCondition;sun.reflect.generics.factory.CoreReflectionFactory.makeNamedType;114;;
Class.forName;org.springframework.boot.autoconfigure.session.JdbcIndexedSessionRepositoryDependsOnDatabaseInitializationDetector;org.springframework.util.ClassUtils.forName;284;;
Class.forName;org.springframework.boot.autoconfigure.sql.init.DataSourceInitializationConfiguration;org.springframework.util.ClassUtils.forName;284;;
Class.forName;org.springframework.boot.autoconfigure.sql.init.DataSourceInitializationConfiguration;sun.reflect.generics.factory.CoreReflectionFactory.makeNamedType;114;;
Class.forName;org.springframework.boot.autoconfigure.sql.init.R2dbcInitializationConfiguration;org.springframework.util.ClassUtils.forName;284;;
Class.forName;org.springframework.boot.autoconfigure.sql.init.R2dbcInitializationConfiguration;sun.reflect.generics.factory.CoreReflectionFactory.makeNamedType;114;;
Class.forName;org.springframework.boot.autoconfigure.sql.init.SqlDataSourceScriptDatabaseInitializer;org.springframework.boot.autoconfigure.condition.FilteringSpringBootCondition.resolve;108;;
Class.forName;org.springframework.boot.autoconfigure.sql.init.SqlDataSourceScriptDatabaseInitializer;org.springframework.util.ClassUtils.forName;284;;
Class.forName;org.springframework.boot.autoconfigure.sql.init.SqlDataSourceScriptDatabaseInitializer;sun.reflect.generics.factory.CoreReflectionFactory.makeNamedType;114;;
Class.forName;org.springframework.boot.autoconfigure.sql.init.SqlInitializationAutoConfiguration$SqlInitializationModeCondition;org.springframework.util.ClassUtils.forName;284;;
Class.forName;org.springframework.boot.autoconfigure.sql.init.SqlInitializationAutoConfiguration$SqlInitializationModeCondition;sun.reflect.generics.factory.CoreReflectionFactory.makeNamedType;114;;
Class.forName;org.springframework.boot.autoconfigure.sql.init.SqlInitializationAutoConfiguration;org.springframework.util.ClassUtils.forName;284;;
Class.forName;org.springframework.boot.autoconfigure.sql.init.SqlInitializationAutoConfiguration;sun.reflect.generics.factory.CoreReflectionFactory.makeNamedType;114;;
Class.forName;org.springframework.boot.autoconfigure.sql.init.SqlInitializationProperties;org.springframework.util.ClassUtils.forName;284;;
Class.forName;org.springframework.boot.autoconfigure.sql.init.SqlInitializationProperties;sun.reflect.generics.factory.CoreReflectionFactory.makeNamedType;114;;
Class.forName;org.springframework.boot.autoconfigure.sql.init.SqlR2dbcScriptDatabaseInitializer;org.springframework.boot.autoconfigure.condition.FilteringSpringBootCondition.resolve;108;;
Class.forName;org.springframework.boot.autoconfigure.sql.init.SqlR2dbcScriptDatabaseInitializer;org.springframework.util.ClassUtils.forName;284;;
Class.forName;org.springframework.boot.autoconfigure.sql.init.SqlR2dbcScriptDatabaseInitializer;sun.reflect.generics.factory.CoreReflectionFactory.makeNamedType;114;;
Class.forName;org.springframework.boot.autoconfigure.task.TaskExecutionAutoConfiguration;org.springframework.util.ClassUtils.forName;284;;
Class.forName;org.springframework.boot.autoconfigure.task.TaskExecutionAutoConfiguration;sun.reflect.generics.factory.CoreReflectionFactory.makeNamedType;114;;
Class.forName;org.springframework.boot.autoconfigure.task.TaskExecutionProperties;org.springframework.util.ClassUtils.forName;284;;
Class.forName;org.springframework.boot.autoconfigure.task.TaskExecutionProperties;sun.reflect.generics.factory.CoreReflectionFactory.makeNamedType;114;;
Class.forName;org.springframework.boot.autoconfigure.task.TaskSchedulingAutoConfiguration;org.springframework.util.ClassUtils.forName;284;;
Class.forName;org.springframework.boot.autoconfigure.task.TaskSchedulingAutoConfiguration;sun.reflect.generics.factory.CoreReflectionFactory.makeNamedType;114;;
Class.forName;org.springframework.boot.autoconfigure.task.TaskSchedulingProperties;org.springframework.util.ClassUtils.forName;284;;
Class.forName;org.springframework.boot.autoconfigure.task.TaskSchedulingProperties;sun.reflect.generics.factory.CoreReflectionFactory.makeNamedType;114;;
Class.forName;org.springframework.boot.autoconfigure.thymeleaf.TemplateEngineConfigurations$DefaultTemplateEngineConfiguration;org.springframework.util.ClassUtils.forName;284;;
Class.forName;org.springframework.boot.autoconfigure.thymeleaf.TemplateEngineConfigurations$DefaultTemplateEngineConfiguration;sun.reflect.generics.factory.CoreReflectionFactory.makeNamedType;114;;
Class.forName;org.springframework.boot.autoconfigure.thymeleaf.TemplateEngineConfigurations$ReactiveTemplateEngineConfiguration;org.springframework.util.ClassUtils.forName;284;;
Class.forName;org.springframework.boot.autoconfigure.thymeleaf.TemplateEngineConfigurations$ReactiveTemplateEngineConfiguration;sun.reflect.generics.factory.CoreReflectionFactory.makeNamedType;114;;
Class.forName;org.springframework.boot.autoconfigure.thymeleaf.ThymeleafAutoConfiguration$DefaultTemplateResolverConfiguration;org.springframework.util.ClassUtils.forName;284;;
Class.forName;org.springframework.boot.autoconfigure.thymeleaf.ThymeleafAutoConfiguration$ThymeleafJava8TimeDialect;org.springframework.util.ClassUtils.forName;284;;
Class.forName;org.springframework.boot.autoconfigure.thymeleaf.ThymeleafAutoConfiguration$ThymeleafWebMvcConfiguration$ThymeleafViewResolverConfiguration;org.springframework.util.ClassUtils.forName;284;;
Class.forName;org.springframework.boot.autoconfigure.thymeleaf.ThymeleafAutoConfiguration$ThymeleafWebMvcConfiguration;org.springframework.util.ClassUtils.forName;284;;
Class.forName;org.springframework.boot.autoconfigure.thymeleaf.ThymeleafAutoConfiguration;org.springframework.util.ClassUtils.forName;284;;
Class.forName;org.springframework.boot.autoconfigure.thymeleaf.ThymeleafProperties;org.springframework.util.ClassUtils.forName;284;;
Class.forName;org.springframework.boot.autoconfigure.thymeleaf.ThymeleafProperties;sun.reflect.generics.factory.CoreReflectionFactory.makeNamedType;114;;
Class.forName;org.springframework.boot.autoconfigure.thymeleaf.ThymeleafTemplateAvailabilityProvider;org.springframework.util.ClassUtils.forName;284;;
Class.forName;org.springframework.boot.autoconfigure.transaction.PlatformTransactionManagerCustomizer;sun.reflect.generics.factory.CoreReflectionFactory.makeNamedType;114;;
Class.forName;org.springframework.boot.autoconfigure.transaction.TransactionAutoConfiguration$EnableTransactionManagementConfiguration$CglibAutoProxyConfiguration;org.springframework.util.ClassUtils.forName;284;;
Class.forName;org.springframework.boot.autoconfigure.transaction.TransactionAutoConfiguration$EnableTransactionManagementConfiguration;org.springframework.util.ClassUtils.forName;284;;
Class.forName;org.springframework.boot.autoconfigure.transaction.TransactionAutoConfiguration$TransactionTemplateConfiguration;org.springframework.util.ClassUtils.forName;284;;
Class.forName;org.springframework.boot.autoconfigure.transaction.TransactionAutoConfiguration;org.springframework.util.ClassUtils.forName;284;;
Class.forName;org.springframework.boot.autoconfigure.transaction.TransactionManagerCustomizers;org.springframework.boot.autoconfigure.condition.FilteringSpringBootCondition.resolve;108;;
Class.forName;org.springframework.boot.autoconfigure.transaction.TransactionManagerCustomizers;sun.reflect.generics.factory.CoreReflectionFactory.makeNamedType;114;;
Class.forName;org.springframework.boot.autoconfigure.transaction.TransactionProperties;org.springframework.util.ClassUtils.forName;284;;
Class.forName;org.springframework.boot.autoconfigure.transaction.TransactionProperties;sun.reflect.generics.factory.CoreReflectionFactory.makeNamedType;114;;
Class.forName;org.springframework.boot.autoconfigure.transaction.jta.AtomikosJtaConfiguration;org.springframework.util.ClassUtils.forName;284;;
Class.forName;org.springframework.boot.autoconfigure.transaction.jta.AtomikosJtaConfiguration;sun.reflect.generics.factory.CoreReflectionFactory.makeNamedType;114;;
Class.forName;org.springframework.boot.autoconfigure.transaction.jta.JndiJtaConfiguration;org.springframework.util.ClassUtils.forName;284;;
Class.forName;org.springframework.boot.autoconfigure.transaction.jta.JndiJtaConfiguration;sun.reflect.generics.factory.CoreReflectionFactory.makeNamedType;114;;
Class.forName;org.springframework.boot.autoconfigure.transaction.jta.JtaAutoConfiguration;org.springframework.util.ClassUtils.forName;284;;
Class.forName;org.springframework.boot.autoconfigure.transaction.jta.JtaAutoConfiguration;sun.reflect.generics.factory.CoreReflectionFactory.makeNamedType;114;;
Class.forName;org.springframework.boot.autoconfigure.validation.PrimaryDefaultValidatorPostProcessor;org.springframework.util.ClassUtils.forName;284;;
Class.forName;org.springframework.boot.autoconfigure.validation.PrimaryDefaultValidatorPostProcessor;sun.reflect.generics.factory.CoreReflectionFactory.makeNamedType;114;;
Class.forName;org.springframework.boot.autoconfigure.validation.ValidationAutoConfiguration;org.springframework.util.ClassUtils.forName;284;;
Class.forName;org.springframework.boot.autoconfigure.validation.ValidationAutoConfiguration;sun.reflect.generics.factory.CoreReflectionFactory.makeNamedType;114;;
Class.forName;org.springframework.boot.autoconfigure.web.ConditionalOnEnabledResourceChain;java.lang.reflect.Proxy$ProxyBuilder.ensureVisible;879;;
Class.forName;org.springframework.boot.autoconfigure.web.ConditionalOnEnabledResourceChain;jdk.proxy2.$Proxy52.<clinit>;;;
Class.forName;org.springframework.boot.autoconfigure.web.ConditionalOnEnabledResourceChain;org.springframework.util.ClassUtils.forName;284;;
Class.forName;org.springframework.boot.autoconfigure.web.ConditionalOnEnabledResourceChain;sun.reflect.generics.factory.CoreReflectionFactory.makeNamedType;114;;
Class.forName;org.springframework.boot.autoconfigure.web.OnEnabledResourceChainCondition;org.springframework.util.ClassUtils.forName;284;;
Class.forName;org.springframework.boot.autoconfigure.web.OnEnabledResourceChainCondition;sun.reflect.generics.factory.CoreReflectionFactory.makeNamedType;114;;
Class.forName;org.springframework.boot.autoconfigure.web.ServerProperties;org.springframework.util.ClassUtils.forName;284;;
Class.forName;org.springframework.boot.autoconfigure.web.ServerProperties;sun.reflect.generics.factory.CoreReflectionFactory.makeNamedType;114;;
Class.forName;org.springframework.boot.autoconfigure.web.WebProperties;org.springframework.util.ClassUtils.forName;284;;
Class.forName;org.springframework.boot.autoconfigure.web.WebProperties;sun.reflect.generics.factory.CoreReflectionFactory.makeNamedType;114;;
Class.forName;org.springframework.boot.autoconfigure.web.client.RestTemplateAutoConfiguration$NotReactiveWebApplicationCondition;org.springframework.util.ClassUtils.forName;284;;
Class.forName;org.springframework.boot.autoconfigure.web.client.RestTemplateAutoConfiguration$NotReactiveWebApplicationCondition;sun.reflect.generics.factory.CoreReflectionFactory.makeNamedType;114;;
Class.forName;org.springframework.boot.autoconfigure.web.client.RestTemplateAutoConfiguration;org.springframework.util.ClassUtils.forName;284;;
Class.forName;org.springframework.boot.autoconfigure.web.client.RestTemplateAutoConfiguration;sun.reflect.generics.factory.CoreReflectionFactory.makeNamedType;114;;
Class.forName;org.springframework.boot.autoconfigure.web.client.RestTemplateBuilderConfigurer;org.springframework.boot.autoconfigure.condition.FilteringSpringBootCondition.resolve;108;;
Class.forName;org.springframework.boot.autoconfigure.web.client.RestTemplateBuilderConfigurer;sun.reflect.generics.factory.CoreReflectionFactory.makeNamedType;114;;
Class.forName;org.springframework.boot.autoconfigure.web.embedded.EmbeddedWebServerFactoryCustomizerAutoConfiguration$TomcatWebServerFactoryCustomizerConfiguration;org.springframework.util.ClassUtils.forName;284;;
Class.forName;org.springframework.boot.autoconfigure.web.embedded.EmbeddedWebServerFactoryCustomizerAutoConfiguration;org.springframework.util.ClassUtils.forName;284;;
Class.forName;org.springframework.boot.autoconfigure.web.reactive.WebFluxAutoConfiguration;org.springframework.util.ClassUtils.forName;284;;
Class.forName;org.springframework.boot.autoconfigure.web.reactive.WebFluxAutoConfiguration;sun.reflect.generics.factory.CoreReflectionFactory.makeNamedType;114;;
Class.forName;org.springframework.boot.autoconfigure.web.servlet.ConditionalOnMissingFilterBean;java.lang.reflect.Proxy$ProxyBuilder.ensureVisible;879;;
Class.forName;org.springframework.boot.autoconfigure.web.servlet.ConditionalOnMissingFilterBean;jdk.proxy2.$Proxy40.<clinit>;;;
Class.forName;org.springframework.boot.autoconfigure.web.servlet.ConditionalOnMissingFilterBean;org.springframework.util.ClassUtils.forName;284;;
Class.forName;org.springframework.boot.autoconfigure.web.servlet.ConditionalOnMissingFilterBean;sun.reflect.generics.factory.CoreReflectionFactory.makeNamedType;114;;
Class.forName;org.springframework.boot.autoconfigure.web.servlet.DispatcherServletAutoConfiguration$DefaultDispatcherServletCondition;org.springframework.util.ClassUtils.forName;284;;
Class.forName;org.springframework.boot.autoconfigure.web.servlet.DispatcherServletAutoConfiguration$DefaultDispatcherServletCondition;sun.reflect.generics.factory.CoreReflectionFactory.makeNamedType;114;;
Class.forName;org.springframework.boot.autoconfigure.web.servlet.DispatcherServletAutoConfiguration$DispatcherServletConfiguration;org.springframework.util.ClassUtils.forName;284;;
Class.forName;org.springframework.boot.autoconfigure.web.servlet.DispatcherServletAutoConfiguration$DispatcherServletConfiguration;sun.reflect.generics.factory.CoreReflectionFactory.makeNamedType;114;;
Class.forName;org.springframework.boot.autoconfigure.web.servlet.DispatcherServletAutoConfiguration$DispatcherServletRegistrationCondition;org.springframework.util.ClassUtils.forName;284;;
Class.forName;org.springframework.boot.autoconfigure.web.servlet.DispatcherServletAutoConfiguration$DispatcherServletRegistrationCondition;sun.reflect.generics.factory.CoreReflectionFactory.makeNamedType;114;;
Class.forName;org.springframework.boot.autoconfigure.web.servlet.DispatcherServletAutoConfiguration$DispatcherServletRegistrationConfiguration;org.springframework.util.ClassUtils.forName;284;;
Class.forName;org.springframework.boot.autoconfigure.web.servlet.DispatcherServletAutoConfiguration;org.springframework.util.ClassUtils.forName;284;;
Class.forName;org.springframework.boot.autoconfigure.web.servlet.DispatcherServletAutoConfiguration;sun.reflect.generics.factory.CoreReflectionFactory.makeNamedType;114;;
Class.forName;org.springframework.boot.autoconfigure.web.servlet.DispatcherServletPath;sun.reflect.generics.factory.CoreReflectionFactory.makeNamedType;114;;
Class.forName;org.springframework.boot.autoconfigure.web.servlet.DispatcherServletRegistrationBean;sun.reflect.generics.factory.CoreReflectionFactory.makeNamedType;114;;
Class.forName;org.springframework.boot.autoconfigure.web.servlet.HttpEncodingAutoConfiguration;org.springframework.util.ClassUtils.forName;284;;
Class.forName;org.springframework.boot.autoconfigure.web.servlet.JspTemplateAvailabilityProvider;org.springframework.util.ClassUtils.forName;284;;
Class.forName;org.springframework.boot.autoconfigure.web.servlet.MultipartAutoConfiguration;org.springframework.util.ClassUtils.forName;284;;
Class.forName;org.springframework.boot.autoconfigure.web.servlet.MultipartProperties;org.springframework.util.ClassUtils.forName;284;;
Class.forName;org.springframework.boot.autoconfigure.web.servlet.MultipartProperties;sun.reflect.generics.factory.CoreReflectionFactory.makeNamedType;114;;
Class.forName;org.springframework.boot.autoconfigure.web.servlet.ServletWebServerFactoryAutoConfiguration$BeanPostProcessorsRegistrar;org.springframework.util.ClassUtils.forName;284;;
Class.forName;org.springframework.boot.autoconfigure.web.servlet.ServletWebServerFactoryAutoConfiguration$BeanPostProcessorsRegistrar;sun.reflect.generics.factory.CoreReflectionFactory.makeNamedType;114;;
Class.forName;org.springframework.boot.autoconfigure.web.servlet.ServletWebServerFactoryAutoConfiguration;org.springframework.util.ClassUtils.forName;284;;
Class.forName;org.springframework.boot.autoconfigure.web.servlet.ServletWebServerFactoryAutoConfiguration;sun.reflect.generics.factory.CoreReflectionFactory.makeNamedType;114;;
Class.forName;org.springframework.boot.autoconfigure.web.servlet.ServletWebServerFactoryConfiguration$EmbeddedJetty;org.springframework.util.ClassUtils.forName;284;;
Class.forName;org.springframework.boot.autoconfigure.web.servlet.ServletWebServerFactoryConfiguration$EmbeddedJetty;sun.reflect.generics.factory.CoreReflectionFactory.makeNamedType;114;;
Class.forName;org.springframework.boot.autoconfigure.web.servlet.ServletWebServerFactoryConfiguration$EmbeddedTomcat;org.springframework.util.ClassUtils.forName;284;;
Class.forName;org.springframework.boot.autoconfigure.web.servlet.ServletWebServerFactoryConfiguration$EmbeddedTomcat;sun.reflect.generics.factory.CoreReflectionFactory.makeNamedType;114;;
Class.forName;org.springframework.boot.autoconfigure.web.servlet.ServletWebServerFactoryConfiguration$EmbeddedUndertow;org.springframework.util.ClassUtils.forName;284;;
Class.forName;org.springframework.boot.autoconfigure.web.servlet.ServletWebServerFactoryConfiguration$EmbeddedUndertow;sun.reflect.generics.factory.CoreReflectionFactory.makeNamedType;114;;
Class.forName;org.springframework.boot.autoconfigure.web.servlet.ServletWebServerFactoryCustomizer;sun.reflect.generics.factory.CoreReflectionFactory.makeNamedType;114;;
Class.forName;org.springframework.boot.autoconfigure.web.servlet.WebMvcAutoConfiguration$EnableWebMvcConfiguration;org.springframework.util.ClassUtils.forName;284;;
Class.forName;org.springframework.boot.autoconfigure.web.servlet.WebMvcAutoConfiguration$EnableWebMvcConfiguration;sun.reflect.generics.factory.CoreReflectionFactory.makeNamedType;114;;
Class.forName;org.springframework.boot.autoconfigure.web.servlet.WebMvcAutoConfiguration$ResourceChainCustomizerConfiguration;org.springframework.util.ClassUtils.forName;284;;
Class.forName;org.springframework.boot.autoconfigure.web.servlet.WebMvcAutoConfiguration$ResourceHandlerRegistrationCustomizer;sun.reflect.generics.factory.CoreReflectionFactory.makeNamedType;114;;
Class.forName;org.springframework.boot.autoconfigure.web.servlet.WebMvcAutoConfiguration$WebMvcAutoConfigurationAdapter;org.springframework.util.ClassUtils.forName;284;;
Class.forName;org.springframework.boot.autoconfigure.web.servlet.WebMvcAutoConfiguration;org.springframework.util.ClassUtils.forName;284;;
Class.forName;org.springframework.boot.autoconfigure.web.servlet.WebMvcAutoConfiguration;sun.reflect.generics.factory.CoreReflectionFactory.makeNamedType;114;;
Class.forName;org.springframework.boot.autoconfigure.web.servlet.WebMvcProperties;org.springframework.util.ClassUtils.forName;284;;
Class.forName;org.springframework.boot.autoconfigure.web.servlet.WebMvcProperties;sun.reflect.generics.factory.CoreReflectionFactory.makeNamedType;114;;
Class.forName;org.springframework.boot.autoconfigure.web.servlet.WebMvcRegistrations;sun.reflect.generics.factory.CoreReflectionFactory.makeNamedType;114;;
Class.forName;org.springframework.boot.autoconfigure.web.servlet.error.BasicErrorController;sun.reflect.generics.factory.CoreReflectionFactory.makeNamedType;114;;
Class.forName;org.springframework.boot.autoconfigure.web.servlet.error.ErrorMvcAutoConfiguration$DefaultErrorViewResolverConfiguration;org.springframework.util.ClassUtils.forName;284;;
Class.forName;org.springframework.boot.autoconfigure.web.servlet.error.ErrorMvcAutoConfiguration$ErrorTemplateMissingCondition;org.springframework.util.ClassUtils.forName;284;;
Class.forName;org.springframework.boot.autoconfigure.web.servlet.error.ErrorMvcAutoConfiguration;org.springframework.util.ClassUtils.forName;284;;
Class.forName;org.springframework.boot.autoconfigure.web.servlet.error.ErrorViewResolver;org.springframework.boot.autoconfigure.condition.FilteringSpringBootCondition.resolve;108;;
Class.forName;org.springframework.boot.autoconfigure.web.servlet.error.ErrorViewResolver;sun.reflect.generics.factory.CoreReflectionFactory.makeNamedType;114;;
Class.forName;org.springframework.boot.autoconfigure.websocket.servlet.WebSocketServletAutoConfiguration$TomcatWebSocketConfiguration;org.springframework.util.ClassUtils.forName;284;;
Class.forName;org.springframework.boot.autoconfigure.websocket.servlet.WebSocketServletAutoConfiguration;org.springframework.util.ClassUtils.forName;284;;
Class.forName;org.springframework.boot.availability.ApplicationAvailability;sun.reflect.generics.factory.CoreReflectionFactory.makeNamedType;114;;
Class.forName;org.springframework.boot.availability.AvailabilityChangeEvent;sun.reflect.generics.factory.CoreReflectionFactory.makeNamedType;114;;
Class.forName;org.springframework.boot.availability.AvailabilityState;sun.reflect.generics.factory.CoreReflectionFactory.makeNamedType;114;;
Class.forName;org.springframework.boot.availability.LivenessState;sun.reflect.generics.factory.CoreReflectionFactory.makeNamedType;114;;
Class.forName;org.springframework.boot.availability.ReadinessState;sun.reflect.generics.factory.CoreReflectionFactory.makeNamedType;114;;
Class.forName;org.springframework.boot.builder.ParentContextApplicationContextInitializer$ParentContextAvailableEvent;sun.reflect.generics.factory.CoreReflectionFactory.makeNamedType;114;;
Class.forName;org.springframework.boot.builder.ParentContextCloserApplicationListener;org.springframework.util.ClassUtils.forName;284;;
Class.forName;org.springframework.boot.cloud.CloudFoundryVcapEnvironmentPostProcessor;org.springframework.util.ClassUtils.forName;284;;
Class.forName;org.springframework.boot.cloud.CloudPlatform;org.springframework.util.ClassUtils.forName;284;;
Class.forName;org.springframework.boot.context.ConfigurationWarningsApplicationContextInitializer;org.springframework.util.ClassUtils.forName;284;;
Class.forName;org.springframework.boot.context.ContextIdApplicationContextInitializer;org.springframework.util.ClassUtils.forName;284;;
Class.forName;org.springframework.boot.context.FileEncodingApplicationListener;org.springframework.util.ClassUtils.forName;284;;
Class.forName;org.springframework.boot.context.TypeExcludeFilter;sun.reflect.generics.factory.CoreReflectionFactory.makeNamedType;114;;
Class.forName;org.springframework.boot.context.config.AnsiOutputApplicationListener;org.springframework.util.ClassUtils.forName;284;;
Class.forName;org.springframework.boot.context.config.ConfigDataEnvironmentPostProcessor;org.springframework.util.ClassUtils.forName;284;;
Class.forName;org.springframework.boot.context.config.ConfigDataLoader;sun.reflect.generics.factory.CoreReflectionFactory.makeNamedType;114;;
Class.forName;org.springframework.boot.context.config.ConfigDataLocation;sun.reflect.generics.factory.CoreReflectionFactory.makeNamedType;114;;
Class.forName;org.springframework.boot.context.config.ConfigDataProperties$Activate;sun.reflect.generics.factory.CoreReflectionFactory.makeNamedType;114;;
Class.forName;org.springframework.boot.context.config.ConfigTreeConfigDataLoader;org.springframework.util.ClassUtils.forName;284;;
Class.forName;org.springframework.boot.context.config.ConfigTreeConfigDataLocationResolver;org.springframework.util.ClassUtils.forName;284;;
Class.forName;org.springframework.boot.context.config.ConfigTreeConfigDataResource;sun.reflect.generics.factory.CoreReflectionFactory.makeNamedType;114;;
Class.forName;org.springframework.boot.context.config.DelegatingApplicationContextInitializer;org.springframework.util.ClassUtils.forName;284;;
Class.forName;org.springframework.boot.context.config.DelegatingApplicationListener;org.springframework.util.ClassUtils.forName;284;;
Class.forName;org.springframework.boot.context.config.StandardConfigDataLoader;org.springframework.util.ClassUtils.forName;284;;
Class.forName;org.springframework.boot.context.config.StandardConfigDataLocationResolver;org.springframework.util.ClassUtils.forName;284;;
Class.forName;org.springframework.boot.context.config.StandardConfigDataResource;sun.reflect.generics.factory.CoreReflectionFactory.makeNamedType;114;;
Class.forName;org.springframework.boot.context.event.ApplicationEnvironmentPreparedEvent;sun.reflect.generics.factory.CoreReflectionFactory.makeNamedType;114;;
Class.forName;org.springframework.boot.context.event.ApplicationStartedEvent;sun.reflect.generics.factory.CoreReflectionFactory.makeNamedType;114;;
Class.forName;org.springframework.boot.context.event.EventPublishingRunListener;org.springframework.util.ClassUtils.forName;284;;
Class.forName;org.springframework.boot.context.event.SpringApplicationEvent;sun.reflect.generics.factory.CoreReflectionFactory.makeNamedType;114;;
Class.forName;org.springframework.boot.context.logging.LoggingApplicationListener;org.springframework.util.ClassUtils.forName;284;;
Class.forName;org.springframework.boot.context.properties.ConfigurationProperties;java.lang.reflect.Proxy$ProxyBuilder.ensureVisible;879;;
Class.forName;org.springframework.boot.context.properties.ConfigurationProperties;jdk.proxy2.$Proxy35.<clinit>;;;
Class.forName;org.springframework.boot.context.properties.ConfigurationProperties;jdk.proxy2.$Proxy74.<clinit>;;;
Class.forName;org.springframework.boot.context.properties.ConfigurationProperties;org.springframework.util.ClassUtils.forName;284;;
Class.forName;org.springframework.boot.context.properties.ConfigurationProperties;sun.reflect.generics.factory.CoreReflectionFactory.makeNamedType;114;;
Class.forName;org.springframework.boot.context.properties.DeprecatedConfigurationProperty;java.lang.reflect.Proxy$ProxyBuilder.ensureVisible;879;;
Class.forName;org.springframework.boot.context.properties.DeprecatedConfigurationProperty;jdk.proxy2.$Proxy53.<clinit>;;;
Class.forName;org.springframework.boot.context.properties.DeprecatedConfigurationProperty;sun.reflect.generics.factory.CoreReflectionFactory.makeNamedType;114;;
Class.forName;org.springframework.boot.context.properties.EnableConfigurationProperties;java.lang.reflect.Proxy$ProxyBuilder.ensureVisible;879;;
Class.forName;org.springframework.boot.context.properties.EnableConfigurationProperties;jdk.proxy2.$Proxy59.<clinit>;;;
Class.forName;org.springframework.boot.context.properties.EnableConfigurationProperties;org.springframework.util.ClassUtils.forName;284;;
Class.forName;org.springframework.boot.context.properties.EnableConfigurationProperties;sun.reflect.generics.factory.CoreReflectionFactory.makeNamedType;114;;
Class.forName;org.springframework.boot.context.properties.EnableConfigurationPropertiesRegistrar;org.springframework.util.ClassUtils.forName;284;;
Class.forName;org.springframework.boot.context.properties.EnableConfigurationPropertiesRegistrar;sun.reflect.generics.factory.CoreReflectionFactory.makeNamedType;114;;
Class.forName;org.springframework.boot.context.properties.NestedConfigurationProperty;java.lang.reflect.Proxy$ProxyBuilder.ensureVisible;879;;
Class.forName;org.springframework.boot.context.properties.NestedConfigurationProperty;jdk.proxy2.$Proxy75.<clinit>;;;
Class.forName;org.springframework.boot.context.properties.NestedConfigurationProperty;sun.reflect.generics.factory.CoreReflectionFactory.makeNamedType;114;;
Class.forName;org.springframework.boot.context.properties.bind.Name;java.lang.reflect.Proxy$ProxyBuilder.ensureVisible;879;;
Class.forName;org.springframework.boot.context.properties.bind.Name;jdk.proxy2.$Proxy6.<clinit>;;;
Class.forName;org.springframework.boot.context.properties.bind.Name;sun.reflect.generics.factory.CoreReflectionFactory.makeNamedType;114;;
Class.forName;org.springframework.boot.convert.DurationUnit;java.lang.reflect.Proxy$ProxyBuilder.ensureVisible;879;;
Class.forName;org.springframework.boot.convert.DurationUnit;jdk.proxy2.$Proxy73.<clinit>;;;
Class.forName;org.springframework.boot.convert.DurationUnit;sun.reflect.generics.factory.CoreReflectionFactory.makeNamedType;114;;
Class.forName;org.springframework.boot.convert.LenientObjectToEnumConverterFactory;sun.reflect.generics.factory.CoreReflectionFactory.makeNamedType;114;;
Class.forName;org.springframework.boot.env.EnvironmentPostProcessorApplicationListener;org.springframework.util.ClassUtils.forName;284;;
Class.forName;org.springframework.boot.env.PropertiesPropertySourceLoader;org.springframework.util.ClassUtils.forName;284;;
Class.forName;org.springframework.boot.env.RandomValuePropertySourceEnvironmentPostProcessor;org.springframework.util.ClassUtils.forName;284;;
Class.forName;org.springframework.boot.env.SpringApplicationJsonEnvironmentPostProcessor;org.springframework.util.ClassUtils.forName;284;;
Class.forName;org.springframework.boot.env.SystemEnvironmentPropertySourceEnvironmentPostProcessor;org.springframework.util.ClassUtils.forName;284;;
Class.forName;org.springframework.boot.env.YamlPropertySourceLoader;org.springframework.util.ClassUtils.forName;284;;
Class.forName;org.springframework.boot.flyway.FlywayDatabaseInitializerDetector;org.springframework.util.ClassUtils.forName;284;;
Class.forName;org.springframework.boot.info.BuildProperties;org.springframework.boot.autoconfigure.condition.FilteringSpringBootCondition.resolve;108;;
Class.forName;org.springframework.boot.info.BuildProperties;sun.reflect.generics.factory.CoreReflectionFactory.makeNamedType;114;;
Class.forName;org.springframework.boot.info.GitProperties;org.springframework.boot.autoconfigure.condition.FilteringSpringBootCondition.resolve;108;;
Class.forName;org.springframework.boot.info.GitProperties;sun.reflect.generics.factory.CoreReflectionFactory.makeNamedType;114;;
Class.forName;org.springframework.boot.jdbc.AbstractDataSourceInitializerDatabaseInitializerDetector;org.springframework.util.ClassUtils.forName;284;;
Class.forName;org.springframework.boot.jdbc.DataSourceBuilder$MappedDataSourceProperties;sun.reflect.generics.factory.CoreReflectionFactory.makeNamedType;114;;
Class.forName;org.springframework.boot.jdbc.SchemaManagementProvider;sun.reflect.generics.factory.CoreReflectionFactory.makeNamedType;114;;
Class.forName;org.springframework.boot.jdbc.SpringJdbcDependsOnDatabaseInitializationDetector;org.springframework.util.ClassUtils.forName;284;;
Class.forName;org.springframework.boot.jdbc.XADataSourceWrapper;org.springframework.boot.autoconfigure.condition.FilteringSpringBootCondition.resolve;108;;
Class.forName;org.springframework.boot.jdbc.init.DataSourceScriptDatabaseInitializerDetector;org.springframework.util.ClassUtils.forName;284;;
Class.forName;org.springframework.boot.jdbc.metadata.DataSourcePoolMetadataProvider;org.springframework.boot.autoconfigure.condition.FilteringSpringBootCondition.resolve;108;;
Class.forName;org.springframework.boot.jdbc.metadata.DataSourcePoolMetadataProvider;org.springframework.util.ClassUtils.forName;284;;
Class.forName;org.springframework.boot.jdbc.metadata.DataSourcePoolMetadataProvider;sun.reflect.generics.factory.CoreReflectionFactory.makeNamedType;114;;
Class.forName;org.springframework.boot.jooq.JooqDependsOnDatabaseInitializationDetector;org.springframework.util.ClassUtils.forName;284;;
Class.forName;org.springframework.boot.liquibase.LiquibaseDatabaseInitializerDetector;org.springframework.util.ClassUtils.forName;284;;
Class.forName;org.springframework.boot.logging.LoggerGroups;sun.reflect.generics.factory.CoreReflectionFactory.makeNamedType;114;;
Class.forName;org.springframework.boot.logging.LoggingSystem;org.springframework.boot.autoconfigure.condition.FilteringSpringBootCondition.resolve;108;;
Class.forName;org.springframework.boot.logging.LoggingSystem;sun.reflect.generics.factory.CoreReflectionFactory.makeNamedType;114;;
Class.forName;org.springframework.boot.logging.java.JavaLoggingSystem$Factory;org.springframework.util.ClassUtils.forName;292;;
Class.forName;org.springframework.boot.logging.log4j2.Log4J2LoggingSystem$Factory;org.springframework.util.ClassUtils.forName;292;;
Class.forName;org.springframework.boot.logging.log4j2.SpringBootPropertySource;java.util.ServiceLoader$LazyClassPathLookupIterator.nextProviderClass;1217;;
Class.forName;org.springframework.boot.logging.logback.LogbackLoggingSystem$Factory;org.springframework.util.ClassUtils.forName;292;;
Class.forName;org.springframework.boot.orm.jpa.EntityManagerFactoryBuilder;org.springframework.boot.autoconfigure.condition.FilteringSpringBootCondition.resolve;108;;
Class.forName;org.springframework.boot.orm.jpa.EntityManagerFactoryBuilder;sun.reflect.generics.factory.CoreReflectionFactory.makeNamedType;114;;
Class.forName;org.springframework.boot.orm.jpa.JpaDatabaseInitializerDetector;org.springframework.util.ClassUtils.forName;284;;
Class.forName;org.springframework.boot.orm.jpa.JpaDependsOnDatabaseInitializationDetector;org.springframework.util.ClassUtils.forName;284;;
Class.forName;org.springframework.boot.orm.jpa.hibernate.SpringImplicitNamingStrategy;org.hibernate.boot.registry.classloading.internal.ClassLoaderServiceImpl.classForName;130;;
Class.forName;org.springframework.boot.r2dbc.init.R2dbcScriptDatabaseInitializerDetector;org.springframework.util.ClassUtils.forName;284;;
Class.forName;org.springframework.boot.reactor.DebugAgentEnvironmentPostProcessor;org.springframework.util.ClassUtils.forName;284;;
Class.forName;org.springframework.boot.rsocket.context.RSocketPortInfoApplicationContextInitializer;org.springframework.util.ClassUtils.forName;284;;
Class.forName;org.springframework.boot.rsocket.context.RSocketServerInitializedEvent;sun.reflect.generics.factory.CoreReflectionFactory.makeNamedType;114;;
Class.forName;org.springframework.boot.sql.init.dependency.AnnotationDependsOnDatabaseInitializationDetector;org.springframework.util.ClassUtils.forName;284;;
Class.forName;org.springframework.boot.sql.init.dependency.DatabaseInitializationDependencyConfigurer;org.springframework.util.ClassUtils.forName;284;;
Class.forName;org.springframework.boot.sql.init.dependency.DatabaseInitializationDependencyConfigurer;sun.reflect.generics.factory.CoreReflectionFactory.makeNamedType;114;;
Class.forName;org.springframework.boot.task.TaskExecutorBuilder;org.springframework.boot.autoconfigure.condition.FilteringSpringBootCondition.resolve;108;;
Class.forName;org.springframework.boot.task.TaskExecutorBuilder;sun.reflect.generics.factory.CoreReflectionFactory.makeNamedType;114;;
Class.forName;org.springframework.boot.task.TaskExecutorCustomizer;sun.reflect.generics.factory.CoreReflectionFactory.makeNamedType;114;;
Class.forName;org.springframework.boot.task.TaskSchedulerBuilder;org.springframework.boot.autoconfigure.condition.FilteringSpringBootCondition.resolve;108;;
Class.forName;org.springframework.boot.task.TaskSchedulerBuilder;sun.reflect.generics.factory.CoreReflectionFactory.makeNamedType;114;;
Class.forName;org.springframework.boot.task.TaskSchedulerCustomizer;sun.reflect.generics.factory.CoreReflectionFactory.makeNamedType;114;;
Class.forName;org.springframework.boot.type.classreading.ConcurrentReferenceCachingMetadataReaderFactory;sun.reflect.generics.factory.CoreReflectionFactory.makeNamedType;114;;
Class.forName;org.springframework.boot.validation.beanvalidation.MethodValidationExcludeFilter;sun.reflect.generics.factory.CoreReflectionFactory.makeNamedType;114;;
Class.forName;org.springframework.boot.web.client.RestTemplateBuilder;org.springframework.boot.autoconfigure.condition.FilteringSpringBootCondition.resolve;108;;
Class.forName;org.springframework.boot.web.client.RestTemplateBuilder;org.springframework.util.ClassUtils.forName;284;;
Class.forName;org.springframework.boot.web.client.RestTemplateBuilder;sun.reflect.generics.factory.CoreReflectionFactory.makeNamedType;114;;
Class.forName;org.springframework.boot.web.context.ServerPortInfoApplicationContextInitializer;org.springframework.util.ClassUtils.forName;284;;
Class.forName;org.springframework.boot.web.context.WebServerInitializedEvent;sun.reflect.generics.factory.CoreReflectionFactory.makeNamedType;114;;
Class.forName;org.springframework.boot.web.embedded.tomcat.ConfigurableTomcatWebServerFactory;sun.reflect.generics.factory.CoreReflectionFactory.makeNamedType;114;;
Class.forName;org.springframework.boot.web.embedded.tomcat.TomcatConnectorCustomizer;sun.reflect.generics.factory.CoreReflectionFactory.makeNamedType;114;;
Class.forName;org.springframework.boot.web.embedded.tomcat.TomcatContextCustomizer;sun.reflect.generics.factory.CoreReflectionFactory.makeNamedType;114;;
Class.forName;org.springframework.boot.web.embedded.tomcat.TomcatEmbeddedWebappClassLoader;org.apache.catalina.loader.WebappLoader.createClassLoader;539;;
Class.forName;org.springframework.boot.web.embedded.tomcat.TomcatProtocolHandlerCustomizer;sun.reflect.generics.factory.CoreReflectionFactory.makeNamedType;114;;
Class.forName;org.springframework.boot.web.embedded.tomcat.TomcatServletWebServerFactory;sun.reflect.generics.factory.CoreReflectionFactory.makeNamedType;114;;
Class.forName;org.springframework.boot.web.reactive.context.AnnotationConfigReactiveWebServerApplicationContext$Factory;org.springframework.util.ClassUtils.forName;292;;
Class.forName;org.springframework.boot.web.server.WebServerFactoryCustomizer;sun.reflect.generics.factory.CoreReflectionFactory.makeNamedType;114;;
Class.forName;org.springframework.boot.web.servlet.DynamicRegistrationBean;sun.reflect.generics.factory.CoreReflectionFactory.makeNamedType;114;;
Class.forName;org.springframework.boot.web.servlet.FilterRegistrationBean;org.springframework.boot.autoconfigure.condition.FilteringSpringBootCondition.resolve;108;;
Class.forName;org.springframework.boot.web.servlet.FilterRegistrationBean;sun.reflect.generics.factory.CoreReflectionFactory.makeNamedType;114;;
Class.forName;org.springframework.boot.web.servlet.ServletRegistrationBean;sun.reflect.generics.factory.CoreReflectionFactory.makeNamedType;114;;
Class.forName;org.springframework.boot.web.servlet.WebListenerRegistrar;sun.reflect.generics.factory.CoreReflectionFactory.makeNamedType;114;;
Class.forName;org.springframework.boot.web.servlet.context.AnnotationConfigServletWebServerApplicationContext$Factory;org.springframework.util.ClassUtils.forName;292;;
Class.forName;org.springframework.boot.web.servlet.error.ErrorAttributes;org.springframework.boot.autoconfigure.condition.FilteringSpringBootCondition.resolve;108;;
Class.forName;org.springframework.boot.web.servlet.error.ErrorAttributes;sun.reflect.generics.factory.CoreReflectionFactory.makeNamedType;114;;
Class.forName;org.springframework.boot.web.servlet.error.ErrorController;org.springframework.boot.autoconfigure.condition.FilteringSpringBootCondition.resolve;108;;
Class.forName;org.springframework.boot.web.servlet.error.ErrorController;sun.reflect.generics.factory.CoreReflectionFactory.makeNamedType;114;;
Class.forName;org.springframework.boot.web.servlet.server.ConfigurableServletWebServerFactory;sun.reflect.generics.factory.CoreReflectionFactory.makeNamedType;114;;
Class.forName;org.springframework.boot.web.servlet.server.CookieSameSiteSupplier;sun.reflect.generics.factory.CoreReflectionFactory.makeNamedType;114;;
Class.forName;org.springframework.boot.web.servlet.server.ServletWebServerFactory;org.springframework.boot.autoconfigure.condition.FilteringSpringBootCondition.resolve;108;;
Class.forName;org.springframework.boot.web.servlet.server.ServletWebServerFactory;org.springframework.util.ClassUtils.forName;284;;
Class.forName;org.springframework.boot.web.servlet.server.ServletWebServerFactory;sun.reflect.generics.factory.CoreReflectionFactory.makeNamedType;114;;
Class.forName;org.springframework.cache.Cache;org.springframework.boot.autoconfigure.condition.FilteringSpringBootCondition.resolve;108;;
Class.forName;org.springframework.cache.CacheManager;org.springframework.boot.autoconfigure.condition.FilteringSpringBootCondition.resolve;108;;
Class.forName;org.springframework.cache.CacheManager;org.springframework.util.ClassUtils.forName;284;;
Class.forName;org.springframework.cache.CacheManager;sun.reflect.generics.factory.CoreReflectionFactory.makeNamedType;114;;
Class.forName;org.springframework.cache.annotation.Cacheable;java.lang.reflect.Proxy$ProxyBuilder.ensureVisible;879;;
Class.forName;org.springframework.cache.annotation.Cacheable;jdk.proxy2.$Proxy147.<clinit>;;;
Class.forName;org.springframework.cache.annotation.Cacheable;jdk.proxy2.$Proxy149.<clinit>;;;
Class.forName;org.springframework.cache.annotation.Cacheable;org.springframework.util.ClassUtils.forName;284;;
Class.forName;org.springframework.cache.annotation.Cacheable;sun.reflect.generics.factory.CoreReflectionFactory.makeNamedType;114;;
Class.forName;org.springframework.cache.annotation.CachingConfigurationSelector;org.springframework.util.ClassUtils.forName;284;;
Class.forName;org.springframework.cache.annotation.CachingConfigurationSelector;sun.reflect.generics.factory.CoreReflectionFactory.makeNamedType;114;;
Class.forName;org.springframework.cache.annotation.CachingConfigurer;sun.reflect.generics.factory.CoreReflectionFactory.makeNamedType;114;;
Class.forName;org.springframework.cache.annotation.EnableCaching;java.lang.reflect.Proxy$ProxyBuilder.ensureVisible;879;;
Class.forName;org.springframework.cache.annotation.EnableCaching;jdk.proxy2.$Proxy55.<clinit>;;;
Class.forName;org.springframework.cache.annotation.EnableCaching;org.springframework.util.ClassUtils.forName;284;;
Class.forName;org.springframework.cache.annotation.EnableCaching;sun.reflect.generics.factory.CoreReflectionFactory.makeNamedType;114;;
Class.forName;org.springframework.cache.annotation.ProxyCachingConfiguration;org.springframework.util.ClassUtils.forName;284;;
Class.forName;org.springframework.cache.caffeine.CaffeineCache;org.springframework.boot.autoconfigure.condition.FilteringSpringBootCondition.resolve;108;;
Class.forName;org.springframework.cache.ehcache.EhCacheCache;org.springframework.boot.autoconfigure.condition.FilteringSpringBootCondition.resolve;108;;
Class.forName;org.springframework.cache.interceptor.CacheAspectSupport;org.springframework.boot.autoconfigure.condition.FilteringSpringBootCondition.resolve;108;;
Class.forName;org.springframework.cache.interceptor.CacheAspectSupport;org.springframework.util.ClassUtils.forName;284;;
Class.forName;org.springframework.cache.interceptor.CacheAspectSupport;sun.reflect.generics.factory.CoreReflectionFactory.makeNamedType;114;;
Class.forName;org.springframework.cache.jcache.JCacheCache;org.springframework.boot.autoconfigure.condition.FilteringSpringBootCondition.resolve;108;;
Class.forName;org.springframework.cache.jcache.JCacheCache;org.springframework.util.ClassUtils.forName;284;;
Class.forName;org.springframework.cache.jcache.JCacheCache;sun.reflect.generics.factory.CoreReflectionFactory.makeNamedType;114;;
Class.forName;org.springframework.cache.jcache.JCacheCacheManager;org.springframework.boot.autoconfigure.condition.FilteringSpringBootCondition.resolve;108;;
Class.forName;org.springframework.cache.jcache.JCacheCacheManager;org.springframework.util.ClassUtils.forName;284;;
Class.forName;org.springframework.cache.jcache.JCacheCacheManager;sun.reflect.generics.factory.CoreReflectionFactory.makeNamedType;114;;
Class.forName;org.springframework.cache.jcache.config.ProxyJCacheConfiguration;org.springframework.util.ClassUtils.forName;284;;
Class.forName;org.springframework.cache.transaction.TransactionAwareCacheDecorator;org.springframework.util.ClassUtils.forName;284;;
Class.forName;org.springframework.cglib.core.MethodWrapper$MethodWrapperKey$$KeyFactoryByCGLIB$$552be97a;org.springframework.cglib.core.ReflectUtils.defineClass;602;;
Class.forName;org.springframework.cglib.proxy.Enhancer$EnhancerKey$$KeyFactoryByCGLIB$$4ce19e8f;org.springframework.cglib.core.ReflectUtils.defineClass;602;;
Class.forName;org.springframework.context.ApplicationContext;sun.reflect.generics.factory.CoreReflectionFactory.makeNamedType;114;;
Class.forName;org.springframework.context.ApplicationContextAware;sun.reflect.generics.factory.CoreReflectionFactory.makeNamedType;114;;
Class.forName;org.springframework.context.ApplicationContextInitializer;sun.reflect.generics.factory.CoreReflectionFactory.makeNamedType;114;;
Class.forName;org.springframework.context.ApplicationEvent;sun.reflect.generics.factory.CoreReflectionFactory.makeNamedType;114;;
Class.forName;org.springframework.context.ApplicationEventPublisherAware;sun.reflect.generics.factory.CoreReflectionFactory.makeNamedType;114;;
Class.forName;org.springframework.context.ApplicationListener;sun.reflect.generics.factory.CoreReflectionFactory.makeNamedType;114;;
Class.forName;org.springframework.context.ConfigurableApplicationContext;sun.reflect.generics.factory.CoreReflectionFactory.makeNamedType;114;;
Class.forName;org.springframework.context.PayloadApplicationEvent;sun.reflect.generics.factory.CoreReflectionFactory.makeNamedType;114;;
Class.forName;org.springframework.context.annotation.AdviceMode;java.lang.reflect.Proxy$ProxyBuilder.ensureVisible;879;;
Class.forName;org.springframework.context.annotation.AdviceMode;sun.reflect.generics.factory.CoreReflectionFactory.makeNamedType;114;;
Class.forName;org.springframework.context.annotation.AdviceModeImportSelector;sun.reflect.generics.factory.CoreReflectionFactory.makeNamedType;114;;
Class.forName;org.springframework.context.annotation.AnnotationScopeMetadataResolver;sun.reflect.generics.factory.CoreReflectionFactory.makeNamedType;114;;
Class.forName;org.springframework.context.annotation.AspectJAutoProxyRegistrar;org.springframework.util.ClassUtils.forName;284;;
Class.forName;org.springframework.context.annotation.AspectJAutoProxyRegistrar;sun.reflect.generics.factory.CoreReflectionFactory.makeNamedType;114;;
Class.forName;org.springframework.context.annotation.AutoProxyRegistrar;org.springframework.util.ClassUtils.forName;284;;
Class.forName;org.springframework.context.annotation.Bean;java.lang.reflect.Proxy$ProxyBuilder.ensureVisible;879;;
Class.forName;org.springframework.context.annotation.Bean;jdk.proxy2.$Proxy33.<clinit>;;;
Class.forName;org.springframework.context.annotation.Bean;org.springframework.util.ClassUtils.forName;284;;
Class.forName;org.springframework.context.annotation.Bean;sun.reflect.generics.factory.CoreReflectionFactory.makeNamedType;114;;
Class.forName;org.springframework.context.annotation.ComponentScan$Filter;java.lang.reflect.Proxy$ProxyBuilder.ensureVisible;879;;
Class.forName;org.springframework.context.annotation.ComponentScan$Filter;jdk.proxy2.$Proxy14.<clinit>;;;
Class.forName;org.springframework.context.annotation.ComponentScan$Filter;sun.reflect.generics.factory.CoreReflectionFactory.makeNamedType;114;;
Class.forName;org.springframework.context.annotation.ComponentScan;java.lang.reflect.Proxy$ProxyBuilder.ensureVisible;879;;
Class.forName;org.springframework.context.annotation.ComponentScan;jdk.proxy2.$Proxy15.<clinit>;;;
Class.forName;org.springframework.context.annotation.ComponentScan;sun.reflect.generics.factory.CoreReflectionFactory.makeNamedType;114;;
Class.forName;org.springframework.context.annotation.ComponentScans;sun.reflect.generics.factory.CoreReflectionFactory.makeNamedType;114;;
Class.forName;org.springframework.context.annotation.Conditional;java.lang.reflect.Proxy$ProxyBuilder.ensureVisible;879;;
Class.forName;org.springframework.context.annotation.Conditional;jdk.proxy2.$Proxy28.<clinit>;;;
Class.forName;org.springframework.context.annotation.Conditional;org.springframework.util.ClassUtils.forName;284;;
Class.forName;org.springframework.context.annotation.Conditional;sun.reflect.generics.factory.CoreReflectionFactory.makeNamedType;114;;
Class.forName;org.springframework.context.annotation.Configuration;java.lang.reflect.Proxy$ProxyBuilder.ensureVisible;879;;
Class.forName;org.springframework.context.annotation.Configuration;jdk.proxy2.$Proxy16.<clinit>;;;
Class.forName;org.springframework.context.annotation.Configuration;org.springframework.util.ClassUtils.forName;284;;
Class.forName;org.springframework.context.annotation.Configuration;sun.reflect.generics.factory.CoreReflectionFactory.makeNamedType;114;;
Class.forName;org.springframework.context.annotation.ConfigurationClass;sun.reflect.generics.factory.CoreReflectionFactory.makeNamedType;114;;
Class.forName;org.springframework.context.annotation.EnableAspectJAutoProxy;java.lang.reflect.Proxy$ProxyBuilder.ensureVisible;879;;
Class.forName;org.springframework.context.annotation.EnableAspectJAutoProxy;jdk.proxy2.$Proxy64.<clinit>;;;
Class.forName;org.springframework.context.annotation.EnableAspectJAutoProxy;org.springframework.util.ClassUtils.forName;284;;
Class.forName;org.springframework.context.annotation.EnableAspectJAutoProxy;sun.reflect.generics.factory.CoreReflectionFactory.makeNamedType;114;;
Class.forName;org.springframework.context.annotation.FilterType;java.lang.reflect.Proxy$ProxyBuilder.ensureVisible;879;;
Class.forName;org.springframework.context.annotation.FilterType;sun.reflect.generics.factory.CoreReflectionFactory.makeNamedType;114;;
Class.forName;org.springframework.context.annotation.Import;java.lang.reflect.Proxy$ProxyBuilder.ensureVisible;879;;
Class.forName;org.springframework.context.annotation.Import;jdk.proxy2.$Proxy18.<clinit>;;;
Class.forName;org.springframework.context.annotation.Import;org.springframework.util.ClassUtils.forName;284;;
Class.forName;org.springframework.context.annotation.Import;sun.reflect.generics.factory.CoreReflectionFactory.makeNamedType;114;;
Class.forName;org.springframework.context.annotation.ImportRegistry;sun.reflect.generics.factory.CoreReflectionFactory.makeNamedType;114;;
Class.forName;org.springframework.context.annotation.Lazy;java.lang.reflect.Proxy$ProxyBuilder.ensureVisible;879;;
Class.forName;org.springframework.context.annotation.Lazy;jdk.proxy2.$Proxy38.<clinit>;;;
Class.forName;org.springframework.context.annotation.Lazy;org.springframework.util.ClassUtils.forName;284;;
Class.forName;org.springframework.context.annotation.Lazy;sun.reflect.generics.factory.CoreReflectionFactory.makeNamedType;114;;
Class.forName;org.springframework.context.annotation.Primary;java.lang.reflect.Proxy$ProxyBuilder.ensureVisible;879;;
Class.forName;org.springframework.context.annotation.Primary;jdk.proxy2.$Proxy43.<clinit>;;;
Class.forName;org.springframework.context.annotation.Primary;org.springframework.util.ClassUtils.forName;284;;
Class.forName;org.springframework.context.annotation.Primary;sun.reflect.generics.factory.CoreReflectionFactory.makeNamedType;114;;
Class.forName;org.springframework.context.annotation.Role;java.lang.reflect.Proxy$ProxyBuilder.ensureVisible;879;;
Class.forName;org.springframework.context.annotation.Role;jdk.proxy2.$Proxy34.<clinit>;;;
Class.forName;org.springframework.context.annotation.Role;org.springframework.util.ClassUtils.forName;284;;
Class.forName;org.springframework.context.annotation.Role;sun.reflect.generics.factory.CoreReflectionFactory.makeNamedType;114;;
Class.forName;org.springframework.context.annotation.Scope;java.lang.reflect.Proxy$ProxyBuilder.ensureVisible;879;;
Class.forName;org.springframework.context.annotation.Scope;jdk.proxy2.$Proxy42.<clinit>;;;
Class.forName;org.springframework.context.annotation.Scope;org.springframework.util.ClassUtils.forName;284;;
Class.forName;org.springframework.context.annotation.Scope;sun.reflect.generics.factory.CoreReflectionFactory.makeNamedType;114;;
Class.forName;org.springframework.context.annotation.ScopedProxyMode;java.lang.reflect.Proxy$ProxyBuilder.ensureVisible;879;;
Class.forName;org.springframework.context.annotation.ScopedProxyMode;sun.reflect.generics.factory.CoreReflectionFactory.makeNamedType;114;;
Class.forName;org.springframework.context.event.ContextClosedEvent;sun.reflect.generics.factory.CoreReflectionFactory.makeNamedType;114;;
Class.forName;org.springframework.context.event.ContextRefreshedEvent;sun.reflect.generics.factory.CoreReflectionFactory.makeNamedType;114;;
Class.forName;org.springframework.context.support.PropertySourcesPlaceholderConfigurer;org.springframework.boot.autoconfigure.condition.FilteringSpringBootCondition.resolve;108;;
Class.forName;org.springframework.core.DecoratingProxy;java.lang.reflect.Proxy$ProxyBuilder.ensureVisible;879;;
Class.forName;org.springframework.core.DecoratingProxy;jdk.proxy2.$Proxy139.<clinit>;;;
Class.forName;org.springframework.core.DecoratingProxy;jdk.proxy2.$Proxy143.<clinit>;;;
Class.forName;org.springframework.core.DecoratingProxy;jdk.proxy2.$Proxy148.<clinit>;;;
Class.forName;org.springframework.core.DecoratingProxy;jdk.proxy2.$Proxy72.<clinit>;;;
Class.forName;org.springframework.core.MethodClassKey;sun.reflect.generics.factory.CoreReflectionFactory.makeNamedType;114;;
Class.forName;org.springframework.core.Ordered;sun.reflect.generics.factory.CoreReflectionFactory.makeNamedType;114;;
Class.forName;org.springframework.core.ParameterizedTypeReference;sun.reflect.generics.factory.CoreReflectionFactory.makeNamedType;114;;
Class.forName;org.springframework.core.ResolvableTypeProvider;sun.reflect.generics.factory.CoreReflectionFactory.makeNamedType;114;;
Class.forName;org.springframework.core.SerializableTypeWrapper$SerializableTypeProxy;java.lang.reflect.Proxy$ProxyBuilder.ensureVisible;879;;
Class.forName;org.springframework.core.SerializableTypeWrapper$SerializableTypeProxy;org.springframework.core.$Proxy152.<clinit>;;;
Class.forName;org.springframework.core.SerializableTypeWrapper$SerializableTypeProxy;org.springframework.core.$Proxy7.<clinit>;;;
Class.forName;org.springframework.core.SerializableTypeWrapper$SerializableTypeProxy;org.springframework.core.$Proxy76.<clinit>;;;
Class.forName;org.springframework.core.SerializableTypeWrapper$TypeProvider;java.lang.reflect.Proxy$ProxyBuilder.ensureVisible;879;;
Class.forName;org.springframework.core.annotation.AliasFor;java.lang.reflect.Proxy$ProxyBuilder.ensureVisible;879;;
Class.forName;org.springframework.core.annotation.AliasFor;jdk.proxy2.$Proxy11.<clinit>;;;
Class.forName;org.springframework.core.annotation.AliasFor;org.springframework.util.ClassUtils.forName;284;;
Class.forName;org.springframework.core.annotation.AliasFor;sun.reflect.generics.factory.CoreReflectionFactory.makeNamedType;114;;
Class.forName;org.springframework.core.annotation.Order;java.lang.reflect.Proxy$ProxyBuilder.ensureVisible;879;;
Class.forName;org.springframework.core.annotation.Order;jdk.proxy2.$Proxy3.<clinit>;;;
Class.forName;org.springframework.core.annotation.Order;org.springframework.util.ClassUtils.forName;284;;
Class.forName;org.springframework.core.annotation.Order;sun.reflect.generics.factory.CoreReflectionFactory.makeNamedType;114;;
Class.forName;org.springframework.core.annotation.SynthesizedAnnotation;java.lang.reflect.Proxy$ProxyBuilder.ensureVisible;879;;
Class.forName;org.springframework.core.convert.ConversionService;sun.reflect.generics.factory.CoreReflectionFactory.makeNamedType;114;;
Class.forName;org.springframework.core.convert.converter.ConditionalConverter;sun.reflect.generics.factory.CoreReflectionFactory.makeNamedType;114;;
Class.forName;org.springframework.core.convert.converter.Converter;sun.reflect.generics.factory.CoreReflectionFactory.makeNamedType;114;;
Class.forName;org.springframework.core.convert.converter.ConverterFactory;sun.reflect.generics.factory.CoreReflectionFactory.makeNamedType;114;;
Class.forName;org.springframework.core.convert.converter.GenericConverter;sun.reflect.generics.factory.CoreReflectionFactory.makeNamedType;114;;
Class.forName;org.springframework.core.env.Environment;sun.reflect.generics.factory.CoreReflectionFactory.makeNamedType;114;;
Class.forName;org.springframework.core.io.InputStreamSource;sun.reflect.generics.factory.CoreReflectionFactory.makeNamedType;114;;
Class.forName;org.springframework.core.io.Resource;sun.reflect.generics.factory.CoreReflectionFactory.makeNamedType;114;;
Class.forName;org.springframework.core.io.support.PropertiesLoaderSupport;sun.reflect.generics.factory.CoreReflectionFactory.makeNamedType;114;;
Class.forName;org.springframework.core.io.support.ResourceRegion;sun.reflect.generics.factory.CoreReflectionFactory.makeNamedType;114;;
Class.forName;org.springframework.core.task.TaskDecorator;sun.reflect.generics.factory.CoreReflectionFactory.makeNamedType;114;;
Class.forName;org.springframework.dao.DataAccessException;java.lang.reflect.Proxy$ProxyBuilder.ensureVisible;879;;
Class.forName;org.springframework.dao.annotation.PersistenceExceptionTranslationPostProcessor;org.springframework.boot.autoconfigure.condition.FilteringSpringBootCondition.resolve;108;;
Class.forName;org.springframework.dao.annotation.PersistenceExceptionTranslationPostProcessor;org.springframework.util.ClassUtils.forName;284;;
Class.forName;org.springframework.dao.annotation.PersistenceExceptionTranslationPostProcessor;sun.reflect.generics.factory.CoreReflectionFactory.makeNamedType;114;;
Class.forName;org.springframework.dao.support.PersistenceExceptionTranslator;sun.reflect.generics.factory.CoreReflectionFactory.makeNamedType;114;;
Class.forName;org.springframework.data.annotation.QueryAnnotation;java.lang.reflect.Proxy$ProxyBuilder.ensureVisible;879;;
Class.forName;org.springframework.data.annotation.QueryAnnotation;jdk.proxy2.$Proxy25.<clinit>;;;
Class.forName;org.springframework.data.annotation.QueryAnnotation;sun.reflect.generics.factory.CoreReflectionFactory.makeNamedType;114;;
Class.forName;org.springframework.data.domain.AbstractPageRequest;org.ehcache.impl.serialization.PlainJavaSerializer$OIS.resolveClass;92;;
Class.forName;org.springframework.data.domain.Chunk;org.ehcache.impl.serialization.PlainJavaSerializer$OIS.resolveClass;92;;
Class.forName;org.springframework.data.domain.Page;java.lang.reflect.Proxy$ProxyBuilder.ensureVisible;879;;
Class.forName;org.springframework.data.domain.Page;sun.reflect.generics.factory.CoreReflectionFactory.makeNamedType;114;;
Class.forName;org.springframework.data.domain.PageImpl;org.ehcache.impl.serialization.PlainJavaSerializer$OIS.resolveClass;92;;
Class.forName;org.springframework.data.domain.PageRequest;org.ehcache.impl.serialization.PlainJavaSerializer$OIS.resolveClass;92;;
Class.forName;org.springframework.data.domain.Pageable;java.lang.reflect.Proxy$ProxyBuilder.ensureVisible;879;;
Class.forName;org.springframework.data.domain.Pageable;jdk.proxy2.$Proxy143.<clinit>;;;
Class.forName;org.springframework.data.domain.Pageable;jdk.proxy2.$Proxy148.<clinit>;;;
Class.forName;org.springframework.data.domain.Pageable;sun.reflect.generics.factory.CoreReflectionFactory.makeNamedType;114;;
Class.forName;org.springframework.data.domain.Sort$Order[];org.ehcache.impl.serialization.PlainJavaSerializer$OIS.resolveClass;92;;
Class.forName;org.springframework.data.domain.Sort;org.ehcache.impl.serialization.PlainJavaSerializer$OIS.resolveClass;92;;
Class.forName;org.springframework.data.geo.Distance;sun.reflect.generics.factory.CoreReflectionFactory.makeNamedType;114;;
Class.forName;org.springframework.data.geo.Point;sun.reflect.generics.factory.CoreReflectionFactory.makeNamedType;114;;
Class.forName;org.springframework.data.jpa.mapping.JpaMetamodelMappingContext;sun.reflect.generics.factory.CoreReflectionFactory.makeNamedType;114;;
Class.forName;org.springframework.data.jpa.mapping.JpaPersistentEntityImpl;sun.reflect.generics.factory.CoreReflectionFactory.makeNamedType;114;;
Class.forName;org.springframework.data.jpa.mapping.JpaPersistentProperty;sun.reflect.generics.factory.CoreReflectionFactory.makeNamedType;114;;
Class.forName;org.springframework.data.jpa.repository.JpaRepository;org.springframework.boot.autoconfigure.condition.FilteringSpringBootCondition.resolve;108;;
Class.forName;org.springframework.data.jpa.repository.JpaRepository;org.springframework.util.ClassUtils.forName;284;;
Class.forName;org.springframework.data.jpa.repository.JpaRepository;sun.reflect.generics.factory.CoreReflectionFactory.makeNamedType;114;;
Class.forName;org.springframework.data.jpa.repository.Query;java.lang.reflect.Proxy$ProxyBuilder.ensureVisible;879;;
Class.forName;org.springframework.data.jpa.repository.Query;jdk.proxy2.$Proxy140.<clinit>;;;
Class.forName;org.springframework.data.jpa.repository.Query;org.springframework.util.ClassUtils.forName;284;;
Class.forName;org.springframework.data.jpa.repository.Query;sun.reflect.generics.factory.CoreReflectionFactory.makeNamedType;114;;
Class.forName;org.springframework.data.jpa.repository.config.EnableJpaRepositories;java.lang.reflect.Proxy$ProxyBuilder.ensureVisible;879;;
Class.forName;org.springframework.data.jpa.repository.config.EnableJpaRepositories;jdk.proxy2.$Proxy51.<clinit>;;;
Class.forName;org.springframework.data.jpa.repository.config.EnableJpaRepositories;sun.reflect.generics.factory.CoreReflectionFactory.makeNamedType;114;;
Class.forName;org.springframework.data.jpa.repository.config.JpaRepositoriesRegistrar;sun.reflect.generics.factory.CoreReflectionFactory.makeNamedType;114;;
Class.forName;org.springframework.data.jpa.repository.config.JpaRepositoryConfigExtension;org.springframework.boot.autoconfigure.condition.FilteringSpringBootCondition.resolve;108;;
Class.forName;org.springframework.data.jpa.repository.config.JpaRepositoryConfigExtension;org.springframework.util.ClassUtils.forName;284;;
Class.forName;org.springframework.data.jpa.repository.config.JpaRepositoryConfigExtension;sun.reflect.generics.factory.CoreReflectionFactory.makeNamedType;114;;
Class.forName;org.springframework.data.jpa.repository.support.CrudMethodMetadata;java.lang.reflect.Proxy$ProxyBuilder.ensureVisible;879;;
Class.forName;org.springframework.data.jpa.repository.support.CrudMethodMetadata;jdk.proxy2.$Proxy139.<clinit>;;;
Class.forName;org.springframework.data.jpa.repository.support.JpaRepositoryFactoryBean;org.springframework.boot.autoconfigure.condition.FilteringSpringBootCondition.resolve;108;;
Class.forName;org.springframework.data.jpa.repository.support.JpaRepositoryFactoryBean;org.springframework.util.ClassUtils.forName;284;;
Class.forName;org.springframework.data.jpa.repository.support.JpaRepositoryFactoryBean;sun.reflect.generics.factory.CoreReflectionFactory.makeNamedType;114;;
Class.forName;org.springframework.data.jpa.repository.support.QueryHints;java.lang.reflect.Proxy$ProxyBuilder.ensureVisible;879;;
Class.forName;org.springframework.data.jpa.util.HibernateProxyDetector;org.springframework.util.ClassUtils.forName;284;;
Class.forName;org.springframework.data.jpa.util.JpaMetamodelCacheCleanup;org.springframework.util.ClassUtils.forName;284;;
Class.forName;org.springframework.data.mapping.PersistentEntity;sun.reflect.generics.factory.CoreReflectionFactory.makeNamedType;114;;
Class.forName;org.springframework.data.mapping.PersistentProperty;sun.reflect.generics.factory.CoreReflectionFactory.makeNamedType;114;;
Class.forName;org.springframework.data.mapping.PersistentPropertyAccessor;org.springframework.util.ClassUtils.forName;284;;
Class.forName;org.springframework.data.mapping.context.AbstractMappingContext;sun.reflect.generics.factory.CoreReflectionFactory.makeNamedType;114;;
Class.forName;org.springframework.data.mapping.context.MappingContext;sun.reflect.generics.factory.CoreReflectionFactory.makeNamedType;114;;
Class.forName;org.springframework.data.mapping.model.Property;sun.reflect.generics.factory.CoreReflectionFactory.makeNamedType;114;;
Class.forName;org.springframework.data.mapping.model.SimpleTypeHolder;sun.reflect.generics.factory.CoreReflectionFactory.makeNamedType;114;;
Class.forName;org.springframework.data.querydsl.EntityPathResolver;sun.reflect.generics.factory.CoreReflectionFactory.makeNamedType;114;;
Class.forName;org.springframework.data.querydsl.QuerydslPredicateExecutor;org.springframework.util.ClassUtils.forName;284;;
Class.forName;org.springframework.data.querydsl.ReactiveQuerydslPredicateExecutor;org.springframework.util.ClassUtils.forName;284;;
Class.forName;org.springframework.data.repository.NoRepositoryBean;java.lang.reflect.Proxy$ProxyBuilder.ensureVisible;879;;
Class.forName;org.springframework.data.repository.NoRepositoryBean;jdk.proxy2.$Proxy145.<clinit>;;;
Class.forName;org.springframework.data.repository.NoRepositoryBean;sun.reflect.generics.factory.CoreReflectionFactory.makeNamedType;114;;
Class.forName;org.springframework.data.repository.Repository;java.lang.reflect.Proxy$ProxyBuilder.ensureVisible;879;;
Class.forName;org.springframework.data.repository.Repository;org.springframework.boot.autoconfigure.condition.FilteringSpringBootCondition.resolve;108;;
Class.forName;org.springframework.data.repository.Repository;org.springframework.util.ClassUtils.forName;284;;
Class.forName;org.springframework.data.repository.Repository;sun.reflect.generics.factory.CoreReflectionFactory.makeNamedType;114;;
Class.forName;org.springframework.data.repository.config.BootstrapMode;java.lang.reflect.Proxy$ProxyBuilder.ensureVisible;879;;
Class.forName;org.springframework.data.repository.config.BootstrapMode;sun.reflect.generics.factory.CoreReflectionFactory.makeNamedType;114;;
Class.forName;org.springframework.data.repository.config.DefaultRepositoryBaseClass;sun.reflect.generics.factory.CoreReflectionFactory.makeNamedType;114;;
Class.forName;org.springframework.data.repository.core.EntityInformation;sun.reflect.generics.factory.CoreReflectionFactory.makeNamedType;114;;
Class.forName;org.springframework.data.repository.core.support.QueryCreationListener;sun.reflect.generics.factory.CoreReflectionFactory.makeNamedType;114;;
Class.forName;org.springframework.data.repository.core.support.RepositoryFactoryBeanSupport;sun.reflect.generics.factory.CoreReflectionFactory.makeNamedType;114;;
Class.forName;org.springframework.data.repository.core.support.RepositoryFactoryInformation;sun.reflect.generics.factory.CoreReflectionFactory.makeNamedType;114;;
Class.forName;org.springframework.data.repository.core.support.TransactionalRepositoryFactoryBeanSupport;sun.reflect.generics.factory.CoreReflectionFactory.makeNamedType;114;;
Class.forName;org.springframework.data.repository.query.Param;java.lang.reflect.Proxy$ProxyBuilder.ensureVisible;879;;
Class.forName;org.springframework.data.repository.query.Param;jdk.proxy2.$Proxy142.<clinit>;;;
Class.forName;org.springframework.data.repository.query.Param;sun.reflect.generics.factory.CoreReflectionFactory.makeNamedType;114;;
Class.forName;org.springframework.data.repository.query.QueryByExampleExecutor;org.springframework.util.ClassUtils.forName;284;;
Class.forName;org.springframework.data.repository.query.QueryLookupStrategy$Key;java.lang.reflect.Proxy$ProxyBuilder.ensureVisible;879;;
Class.forName;org.springframework.data.repository.query.QueryLookupStrategy$Key;sun.reflect.generics.factory.CoreReflectionFactory.makeNamedType;114;;
Class.forName;org.springframework.data.repository.query.QueryMethod;sun.reflect.generics.factory.CoreReflectionFactory.makeNamedType;114;;
Class.forName;org.springframework.data.repository.query.ReactiveQueryByExampleExecutor;org.springframework.util.ClassUtils.forName;284;;
Class.forName;org.springframework.data.repository.query.RepositoryQuery;sun.reflect.generics.factory.CoreReflectionFactory.makeNamedType;114;;
Class.forName;org.springframework.data.util.CustomCollections$EclipseCollections;org.springframework.util.ClassUtils.forName;292;;
Class.forName;org.springframework.data.util.CustomCollections$VavrCollections;org.springframework.util.ClassUtils.forName;292;;
Class.forName;org.springframework.data.util.TypeInformation;sun.reflect.generics.factory.CoreReflectionFactory.makeNamedType;114;;
Class.forName;org.springframework.data.web.PageableHandlerMethodArgumentResolver;org.springframework.boot.autoconfigure.condition.FilteringSpringBootCondition.resolve;108;;
Class.forName;org.springframework.data.web.PageableHandlerMethodArgumentResolver;org.springframework.util.ClassUtils.forName;284;;
Class.forName;org.springframework.data.web.PageableHandlerMethodArgumentResolver;sun.reflect.generics.factory.CoreReflectionFactory.makeNamedType;114;;
Class.forName;org.springframework.data.web.config.EnableSpringDataWebSupport$QuerydslActivator;org.springframework.util.ClassUtils.forName;284;;
Class.forName;org.springframework.data.web.config.EnableSpringDataWebSupport$QuerydslActivator;sun.reflect.generics.factory.CoreReflectionFactory.makeNamedType;114;;
Class.forName;org.springframework.data.web.config.EnableSpringDataWebSupport$SpringDataWebConfigurationImportSelector;org.springframework.util.ClassUtils.forName;284;;
Class.forName;org.springframework.data.web.config.EnableSpringDataWebSupport$SpringDataWebConfigurationImportSelector;sun.reflect.generics.factory.CoreReflectionFactory.makeNamedType;114;;
Class.forName;org.springframework.data.web.config.EnableSpringDataWebSupport;java.lang.reflect.Proxy$ProxyBuilder.ensureVisible;879;;
Class.forName;org.springframework.data.web.config.EnableSpringDataWebSupport;jdk.proxy2.$Proxy65.<clinit>;;;
Class.forName;org.springframework.data.web.config.EnableSpringDataWebSupport;org.springframework.util.ClassUtils.forName;284;;
Class.forName;org.springframework.data.web.config.EnableSpringDataWebSupport;sun.reflect.generics.factory.CoreReflectionFactory.makeNamedType;114;;
Class.forName;org.springframework.data.web.config.PageableHandlerMethodArgumentResolverCustomizer;org.springframework.boot.autoconfigure.condition.FilteringSpringBootCondition.resolve;108;;
Class.forName;org.springframework.data.web.config.ProjectingArgumentResolverRegistrar$ProjectingArgumentResolverBeanPostProcessor;sun.reflect.generics.factory.CoreReflectionFactory.makeNamedType;114;;
Class.forName;org.springframework.data.web.config.ProjectingArgumentResolverRegistrar;org.springframework.util.ClassUtils.forName;284;;
Class.forName;org.springframework.data.web.config.SortHandlerMethodArgumentResolverCustomizer;org.springframework.boot.autoconfigure.condition.FilteringSpringBootCondition.resolve;108;;
Class.forName;org.springframework.data.web.config.SpringDataJacksonConfiguration;org.springframework.util.ClassUtils.forName;284;;
Class.forName;org.springframework.data.web.config.SpringDataWebConfiguration;org.springframework.util.ClassUtils.forName;284;;
Class.forName;org.springframework.format.AnnotationFormatterFactory;sun.reflect.generics.factory.CoreReflectionFactory.makeNamedType;114;;
Class.forName;org.springframework.format.Formatter;sun.reflect.generics.factory.CoreReflectionFactory.makeNamedType;114;;
Class.forName;org.springframework.format.Parser;sun.reflect.generics.factory.CoreReflectionFactory.makeNamedType;114;;
Class.forName;org.springframework.format.Printer;sun.reflect.generics.factory.CoreReflectionFactory.makeNamedType;114;;
Class.forName;org.springframework.format.annotation.DateTimeFormat$ISO;java.lang.reflect.Proxy$ProxyBuilder.ensureVisible;879;;
Class.forName;org.springframework.format.annotation.DateTimeFormat$ISO;sun.reflect.generics.factory.CoreReflectionFactory.makeNamedType;114;;
Class.forName;org.springframework.format.annotation.DateTimeFormat;java.lang.reflect.Proxy$ProxyBuilder.ensureVisible;879;;
Class.forName;org.springframework.format.annotation.DateTimeFormat;jdk.proxy2.$Proxy108.<clinit>;;;
Class.forName;org.springframework.format.annotation.DateTimeFormat;sun.reflect.generics.factory.CoreReflectionFactory.makeNamedType;114;;
Class.forName;org.springframework.format.annotation.NumberFormat;sun.reflect.generics.factory.CoreReflectionFactory.makeNamedType;114;;
Class.forName;org.springframework.http.HttpHeaders;sun.reflect.generics.factory.CoreReflectionFactory.makeNamedType;114;;
Class.forName;org.springframework.http.HttpInputMessage;sun.reflect.generics.factory.CoreReflectionFactory.makeNamedType;114;;
Class.forName;org.springframework.http.HttpOutputMessage;sun.reflect.generics.factory.CoreReflectionFactory.makeNamedType;114;;
Class.forName;org.springframework.http.MediaType;sun.reflect.generics.factory.CoreReflectionFactory.makeNamedType;114;;
Class.forName;org.springframework.http.ReactiveHttpInputMessage;org.springframework.boot.autoconfigure.condition.FilteringSpringBootCondition.resolve;108;;
Class.forName;org.springframework.http.codec.CodecConfigurer;org.springframework.boot.autoconfigure.condition.FilteringSpringBootCondition.resolve;108;;
Class.forName;org.springframework.http.codec.multipart.DefaultPartHttpMessageReader;org.springframework.boot.autoconfigure.condition.FilteringSpringBootCondition.resolve;108;;
Class.forName;org.springframework.http.converter.AbstractGenericHttpMessageConverter;sun.reflect.generics.factory.CoreReflectionFactory.makeNamedType;114;;
Class.forName;org.springframework.http.converter.AbstractHttpMessageConverter;sun.reflect.generics.factory.CoreReflectionFactory.makeNamedType;114;;
Class.forName;org.springframework.http.converter.GenericHttpMessageConverter;sun.reflect.generics.factory.CoreReflectionFactory.makeNamedType;114;;
Class.forName;org.springframework.http.converter.HttpMessageConverter;org.springframework.boot.autoconfigure.condition.FilteringSpringBootCondition.resolve;108;;
Class.forName;org.springframework.http.converter.HttpMessageConverter;org.springframework.util.ClassUtils.forName;284;;
Class.forName;org.springframework.http.converter.HttpMessageConverter;sun.reflect.generics.factory.CoreReflectionFactory.makeNamedType;114;;
Class.forName;org.springframework.http.converter.StringHttpMessageConverter;org.springframework.boot.autoconfigure.condition.FilteringSpringBootCondition.resolve;108;;
Class.forName;org.springframework.http.converter.StringHttpMessageConverter;org.springframework.util.ClassUtils.forName;284;;
Class.forName;org.springframework.http.converter.StringHttpMessageConverter;sun.reflect.generics.factory.CoreReflectionFactory.makeNamedType;114;;
Class.forName;org.springframework.http.converter.json.GsonHttpMessageConverter;org.springframework.boot.autoconfigure.http.HttpMessageConverters.putIfExists;241;;
Class.forName;org.springframework.http.converter.json.Jackson2ObjectMapperBuilder;org.springframework.boot.autoconfigure.condition.FilteringSpringBootCondition.resolve;108;;
Class.forName;org.springframework.http.converter.json.Jackson2ObjectMapperBuilder;org.springframework.util.ClassUtils.forName;284;;
Class.forName;org.springframework.http.converter.json.Jackson2ObjectMapperBuilder;sun.reflect.generics.factory.CoreReflectionFactory.makeNamedType;114;;
Class.forName;org.springframework.http.converter.json.MappingJackson2HttpMessageConverter;org.springframework.boot.autoconfigure.condition.FilteringSpringBootCondition.resolve;108;;
Class.forName;org.springframework.http.converter.json.MappingJackson2HttpMessageConverter;org.springframework.boot.autoconfigure.http.HttpMessageConverters.putIfExists;241;;
Class.forName;org.springframework.http.converter.json.MappingJackson2HttpMessageConverter;sun.reflect.generics.factory.CoreReflectionFactory.makeNamedType;114;;
Class.forName;org.springframework.http.server.reactive.HttpHandler;org.springframework.boot.autoconfigure.condition.FilteringSpringBootCondition.resolve;108;;
Class.forName;org.springframework.jdbc.core.JdbcOperations;org.springframework.boot.autoconfigure.condition.FilteringSpringBootCondition.resolve;108;;
Class.forName;org.springframework.jdbc.core.JdbcOperations;org.springframework.util.ClassUtils.forName;284;;
Class.forName;org.springframework.jdbc.core.JdbcOperations;sun.reflect.generics.factory.CoreReflectionFactory.makeNamedType;114;;
Class.forName;org.springframework.jdbc.core.JdbcTemplate;org.springframework.boot.autoconfigure.condition.FilteringSpringBootCondition.resolve;108;;
Class.forName;org.springframework.jdbc.core.JdbcTemplate;org.springframework.util.ClassUtils.forName;284;;
Class.forName;org.springframework.jdbc.core.JdbcTemplate;sun.reflect.generics.factory.CoreReflectionFactory.makeNamedType;114;;
Class.forName;org.springframework.jdbc.core.namedparam.NamedParameterJdbcOperations;org.springframework.boot.autoconfigure.condition.FilteringSpringBootCondition.resolve;108;;
Class.forName;org.springframework.jdbc.core.namedparam.NamedParameterJdbcOperations;org.springframework.util.ClassUtils.forName;284;;
Class.forName;org.springframework.jdbc.core.namedparam.NamedParameterJdbcOperations;sun.reflect.generics.factory.CoreReflectionFactory.makeNamedType;114;;
Class.forName;org.springframework.jdbc.datasource.ConnectionProxy;java.lang.reflect.Proxy$ProxyBuilder.ensureVisible;879;;
Class.forName;org.springframework.jdbc.datasource.ConnectionProxy;jdk.proxy2.$Proxy86.<clinit>;;;
Class.forName;org.springframework.jdbc.datasource.DelegatingDataSource;org.springframework.util.ClassUtils.forName;284;;
Class.forName;org.springframework.jdbc.datasource.embedded.EmbeddedDatabaseType;org.springframework.boot.autoconfigure.condition.FilteringSpringBootCondition.resolve;108;;
Class.forName;org.springframework.jdbc.datasource.embedded.EmbeddedDatabaseType;org.springframework.util.ClassUtils.forName;284;;
Class.forName;org.springframework.jdbc.datasource.embedded.EmbeddedDatabaseType;sun.reflect.generics.factory.CoreReflectionFactory.makeNamedType;114;;
Class.forName;org.springframework.jdbc.datasource.init.DatabasePopulator;org.springframework.boot.autoconfigure.condition.FilteringSpringBootCondition.resolve;108;;
Class.forName;org.springframework.jdbc.datasource.init.DatabasePopulator;org.springframework.util.ClassUtils.forName;284;;
Class.forName;org.springframework.jdbc.datasource.init.DatabasePopulator;sun.reflect.generics.factory.CoreReflectionFactory.makeNamedType;114;;
Class.forName;org.springframework.jdbc.datasource.lookup.AbstractRoutingDataSource;org.springframework.boot.autoconfigure.condition.FilteringSpringBootCondition.resolve;108;;
Class.forName;org.springframework.jdbc.datasource.lookup.AbstractRoutingDataSource;org.springframework.util.ClassUtils.forName;284;;
Class.forName;org.springframework.jdbc.datasource.lookup.AbstractRoutingDataSource;sun.reflect.generics.factory.CoreReflectionFactory.makeNamedType;114;;
Class.forName;org.springframework.jmx.export.MBeanExporter;org.springframework.boot.autoconfigure.condition.FilteringSpringBootCondition.resolve;108;;
Class.forName;org.springframework.jmx.export.MBeanExporter;sun.reflect.generics.factory.CoreReflectionFactory.makeNamedType;114;;
Class.forName;org.springframework.jndi.JndiObjectFactoryBean;org.springframework.util.ClassUtils.forName;284;;
Class.forName;org.springframework.lang.NonNull;java.lang.reflect.Proxy$ProxyBuilder.ensureVisible;879;;
Class.forName;org.springframework.lang.NonNull;jdk.proxy2.$Proxy71.<clinit>;;;
Class.forName;org.springframework.lang.NonNull;sun.reflect.generics.factory.CoreReflectionFactory.makeNamedType;114;;
Class.forName;org.springframework.lang.NonNullApi;org.springframework.util.ClassUtils.forName;284;;
Class.forName;org.springframework.lang.Nullable;java.lang.reflect.Proxy$ProxyBuilder.ensureVisible;879;;
Class.forName;org.springframework.lang.Nullable;jdk.proxy2.$Proxy39.<clinit>;;;
Class.forName;org.springframework.lang.Nullable;org.springframework.util.ClassUtils.forName;284;;
Class.forName;org.springframework.lang.Nullable;sun.reflect.generics.factory.CoreReflectionFactory.makeNamedType;114;;
Class.forName;org.springframework.mail.javamail.JavaMailSenderImpl;org.springframework.boot.autoconfigure.condition.FilteringSpringBootCondition.resolve;108;;
Class.forName;org.springframework.orm.jpa.AbstractEntityManagerFactoryBean;org.springframework.boot.autoconfigure.condition.FilteringSpringBootCondition.resolve;108;;
Class.forName;org.springframework.orm.jpa.AbstractEntityManagerFactoryBean;org.springframework.util.ClassUtils.forName;284;;
Class.forName;org.springframework.orm.jpa.AbstractEntityManagerFactoryBean;sun.reflect.generics.factory.CoreReflectionFactory.makeNamedType;114;;
Class.forName;org.springframework.orm.jpa.EntityManagerFactoryInfo;java.lang.reflect.Proxy$ProxyBuilder.ensureVisible;879;;
Class.forName;org.springframework.orm.jpa.EntityManagerFactoryInfo;jdk.proxy2.$Proxy131.<clinit>;;;
Class.forName;org.springframework.orm.jpa.EntityManagerFactoryInfo;sun.reflect.generics.factory.CoreReflectionFactory.makeNamedType;114;;
Class.forName;org.springframework.orm.jpa.EntityManagerProxy;java.lang.reflect.Proxy$ProxyBuilder.ensureVisible;879;;
Class.forName;org.springframework.orm.jpa.EntityManagerProxy;jdk.proxy2.$Proxy137.<clinit>;;;
Class.forName;org.springframework.orm.jpa.JpaDialect;java.lang.reflect.Proxy$ProxyBuilder.ensureVisible;879;;
Class.forName;org.springframework.orm.jpa.JpaVendorAdapter;org.springframework.boot.autoconfigure.condition.FilteringSpringBootCondition.resolve;108;;
Class.forName;org.springframework.orm.jpa.JpaVendorAdapter;sun.reflect.generics.factory.CoreReflectionFactory.makeNamedType;114;;
Class.forName;org.springframework.orm.jpa.LocalContainerEntityManagerFactoryBean;org.springframework.boot.autoconfigure.condition.FilteringSpringBootCondition.resolve;108;;
Class.forName;org.springframework.orm.jpa.LocalContainerEntityManagerFactoryBean;org.springframework.util.ClassUtils.forName;284;;
Class.forName;org.springframework.orm.jpa.LocalContainerEntityManagerFactoryBean;sun.reflect.generics.factory.CoreReflectionFactory.makeNamedType;114;;
Class.forName;org.springframework.orm.jpa.SharedEntityManagerCreator;org.springframework.util.ClassUtils.forName;284;;
Class.forName;org.springframework.orm.jpa.persistenceunit.PersistenceUnitManager;sun.reflect.generics.factory.CoreReflectionFactory.makeNamedType;114;;
Class.forName;org.springframework.orm.jpa.support.OpenEntityManagerInViewFilter;org.springframework.boot.autoconfigure.condition.FilteringSpringBootCondition.resolve;108;;
Class.forName;org.springframework.orm.jpa.support.OpenEntityManagerInViewFilter;org.springframework.util.ClassUtils.forName;284;;
Class.forName;org.springframework.orm.jpa.support.OpenEntityManagerInViewFilter;sun.reflect.generics.factory.CoreReflectionFactory.makeNamedType;114;;
Class.forName;org.springframework.orm.jpa.support.OpenEntityManagerInViewInterceptor;org.springframework.boot.autoconfigure.condition.FilteringSpringBootCondition.resolve;108;;
Class.forName;org.springframework.orm.jpa.support.OpenEntityManagerInViewInterceptor;org.springframework.util.ClassUtils.forName;284;;
Class.forName;org.springframework.orm.jpa.support.OpenEntityManagerInViewInterceptor;sun.reflect.generics.factory.CoreReflectionFactory.makeNamedType;114;;
Class.forName;org.springframework.orm.jpa.support.PersistenceAnnotationBeanPostProcessor;org.springframework.util.ClassUtils.forName;284;;
Class.forName;org.springframework.samples.petclinic.PetClinicApplication$$EnhancerBySpringCGLIB$$915a30a4;org.springframework.cglib.core.ReflectUtils.defineClass;602;;
Class.forName;org.springframework.samples.petclinic.PetClinicApplication$$EnhancerBySpringCGLIB$$915a30a4;org.springframework.samples.petclinic.PetClinicApplication$$EnhancerBySpringCGLIB$$915a30a4.CGLIB$STATICHOOK1;;;
Class.forName;org.springframework.samples.petclinic.PetClinicApplication;org.springframework.boot.SpringApplication.deduceMainApplicationClass;277;;
Class.forName;org.springframework.samples.petclinic.PetClinicApplication;org.springframework.boot.loader.MainMethodRunner.run;46;;
Class.forName;org.springframework.samples.petclinic.model.BaseEntity;org.ehcache.impl.serialization.PlainJavaSerializer$OIS.resolveClass;92;;
Class.forName;org.springframework.samples.petclinic.model.BaseEntity;org.hibernate.boot.registry.classloading.internal.ClassLoaderServiceImpl.classForName;130;;
Class.forName;org.springframework.samples.petclinic.model.NamedEntity;org.ehcache.impl.serialization.PlainJavaSerializer$OIS.resolveClass;92;;
Class.forName;org.springframework.samples.petclinic.model.NamedEntity;org.hibernate.boot.registry.classloading.internal.ClassLoaderServiceImpl.classForName;130;;
Class.forName;org.springframework.samples.petclinic.model.Person;org.ehcache.impl.serialization.PlainJavaSerializer$OIS.resolveClass;92;;
Class.forName;org.springframework.samples.petclinic.model.Person;org.hibernate.boot.registry.classloading.internal.ClassLoaderServiceImpl.classForName;130;;
Class.forName;org.springframework.samples.petclinic.model.package-info;org.hibernate.boot.registry.classloading.internal.ClassLoaderServiceImpl.packageForNameOrNull;267;;
Class.forName;org.springframework.samples.petclinic.owner.Owner;java.lang.reflect.Proxy$ProxyBuilder.ensureVisible;879;;
Class.forName;org.springframework.samples.petclinic.owner.Owner;jdk.proxy2.$Proxy143.<clinit>;;;
Class.forName;org.springframework.samples.petclinic.owner.Owner;org.hibernate.boot.registry.classloading.internal.ClassLoaderServiceImpl.classForName;130;;
Class.forName;org.springframework.samples.petclinic.owner.Owner;sun.reflect.generics.factory.CoreReflectionFactory.makeNamedType;114;;
Class.forName;org.springframework.samples.petclinic.owner.OwnerController;org.springframework.util.ClassUtils.forName;284;;
Class.forName;org.springframework.samples.petclinic.owner.OwnerRepository;java.lang.reflect.Proxy$ProxyBuilder.ensureVisible;879;;
Class.forName;org.springframework.samples.petclinic.owner.OwnerRepository;jdk.proxy2.$Proxy143.<clinit>;;;
Class.forName;org.springframework.samples.petclinic.owner.OwnerRepository;org.springframework.util.ClassUtils.forName;284;;
Class.forName;org.springframework.samples.petclinic.owner.Pet;org.hibernate.boot.registry.classloading.internal.ClassLoaderServiceImpl.classForName;130;;
Class.forName;org.springframework.samples.petclinic.owner.Pet;sun.reflect.generics.factory.CoreReflectionFactory.makeNamedType;114;;
Class.forName;org.springframework.samples.petclinic.owner.PetController;org.springframework.util.ClassUtils.forName;284;;
Class.forName;org.springframework.samples.petclinic.owner.PetType;org.hibernate.boot.registry.classloading.internal.ClassLoaderServiceImpl.classForName;130;;
Class.forName;org.springframework.samples.petclinic.owner.PetType;sun.reflect.generics.factory.CoreReflectionFactory.makeNamedType;114;;
Class.forName;org.springframework.samples.petclinic.owner.PetTypeFormatter;org.springframework.util.ClassUtils.forName;284;;
Class.forName;org.springframework.samples.petclinic.owner.Visit;org.hibernate.boot.registry.classloading.internal.ClassLoaderServiceImpl.classForName;130;;
Class.forName;org.springframework.samples.petclinic.owner.Visit;sun.reflect.generics.factory.CoreReflectionFactory.makeNamedType;114;;
Class.forName;org.springframework.samples.petclinic.owner.VisitController;org.springframework.util.ClassUtils.forName;284;;
Class.forName;org.springframework.samples.petclinic.system.CacheConfiguration;org.springframework.util.ClassUtils.forName;284;;
Class.forName;org.springframework.samples.petclinic.system.CrashController;org.springframework.util.ClassUtils.forName;284;;
Class.forName;org.springframework.samples.petclinic.system.WelcomeController;org.springframework.util.ClassUtils.forName;284;;
Class.forName;org.springframework.samples.petclinic.vet.Specialty;org.ehcache.impl.serialization.PlainJavaSerializer$OIS.resolveClass;92;;
Class.forName;org.springframework.samples.petclinic.vet.Specialty;org.hibernate.boot.registry.classloading.internal.ClassLoaderServiceImpl.classForName;130;;
Class.forName;org.springframework.samples.petclinic.vet.Specialty;sun.reflect.generics.factory.CoreReflectionFactory.makeNamedType;114;;
Class.forName;org.springframework.samples.petclinic.vet.Vet;org.ehcache.impl.serialization.PlainJavaSerializer$OIS.resolveClass;92;;
Class.forName;org.springframework.samples.petclinic.vet.Vet;org.hibernate.boot.registry.classloading.internal.ClassLoaderServiceImpl.classForName;130;;
Class.forName;org.springframework.samples.petclinic.vet.Vet;sun.reflect.generics.factory.CoreReflectionFactory.makeNamedType;114;;
Class.forName;org.springframework.samples.petclinic.vet.VetController;org.springframework.util.ClassUtils.forName;284;;
Class.forName;org.springframework.samples.petclinic.vet.VetRepository;java.lang.reflect.Proxy$ProxyBuilder.ensureVisible;879;;
Class.forName;org.springframework.samples.petclinic.vet.VetRepository;jdk.proxy2.$Proxy148.<clinit>;;;
Class.forName;org.springframework.samples.petclinic.vet.VetRepository;org.springframework.util.ClassUtils.forName;284;;
Class.forName;org.springframework.scheduling.TaskScheduler;sun.reflect.generics.factory.CoreReflectionFactory.makeNamedType;114;;
Class.forName;org.springframework.scheduling.annotation.SchedulingConfigurer;sun.reflect.generics.factory.CoreReflectionFactory.makeNamedType;114;;
Class.forName;org.springframework.scheduling.concurrent.ThreadPoolTaskExecutor;org.springframework.boot.autoconfigure.condition.FilteringSpringBootCondition.resolve;108;;
Class.forName;org.springframework.scheduling.concurrent.ThreadPoolTaskExecutor;org.springframework.util.ClassUtils.forName;284;;
Class.forName;org.springframework.scheduling.concurrent.ThreadPoolTaskExecutor;sun.reflect.generics.factory.CoreReflectionFactory.makeNamedType;114;;
Class.forName;org.springframework.scheduling.concurrent.ThreadPoolTaskScheduler;org.springframework.boot.autoconfigure.condition.FilteringSpringBootCondition.resolve;108;;
Class.forName;org.springframework.scheduling.concurrent.ThreadPoolTaskScheduler;org.springframework.util.ClassUtils.forName;284;;
Class.forName;org.springframework.scheduling.concurrent.ThreadPoolTaskScheduler;sun.reflect.generics.factory.CoreReflectionFactory.makeNamedType;114;;
Class.forName;org.springframework.scheduling.config.ScheduledTaskHolder;sun.reflect.generics.factory.CoreReflectionFactory.makeNamedType;114;;
Class.forName;org.springframework.stereotype.Component;java.lang.reflect.Proxy$ProxyBuilder.ensureVisible;879;;
Class.forName;org.springframework.stereotype.Component;jdk.proxy2.$Proxy20.<clinit>;;;
Class.forName;org.springframework.stereotype.Component;org.springframework.util.ClassUtils.forName;284;;
Class.forName;org.springframework.stereotype.Component;sun.reflect.generics.factory.CoreReflectionFactory.makeNamedType;114;;
Class.forName;org.springframework.stereotype.Controller;java.lang.reflect.Proxy$ProxyBuilder.ensureVisible;879;;
Class.forName;org.springframework.stereotype.Controller;jdk.proxy2.$Proxy54.<clinit>;;;
Class.forName;org.springframework.stereotype.Controller;org.springframework.util.ClassUtils.forName;284;;
Class.forName;org.springframework.stereotype.Controller;sun.reflect.generics.factory.CoreReflectionFactory.makeNamedType;114;;
Class.forName;org.springframework.stereotype.Indexed;java.lang.reflect.Proxy$ProxyBuilder.ensureVisible;879;;
Class.forName;org.springframework.stereotype.Indexed;jdk.proxy2.$Proxy8.<clinit>;;;
Class.forName;org.springframework.stereotype.Indexed;org.springframework.util.ClassUtils.forName;284;;
Class.forName;org.springframework.stereotype.Indexed;sun.reflect.generics.factory.CoreReflectionFactory.makeNamedType;114;;
Class.forName;org.springframework.stereotype.Repository;java.lang.reflect.Proxy$ProxyBuilder.ensureVisible;879;;
Class.forName;org.springframework.stereotype.Repository;jdk.proxy2.$Proxy144.<clinit>;;;
Class.forName;org.springframework.stereotype.Repository;sun.reflect.generics.factory.CoreReflectionFactory.makeNamedType;114;;
Class.forName;org.springframework.transaction.PlatformTransactionManager;org.springframework.boot.autoconfigure.condition.FilteringSpringBootCondition.resolve;108;;
Class.forName;org.springframework.transaction.PlatformTransactionManager;org.springframework.util.ClassUtils.forName;284;;
Class.forName;org.springframework.transaction.PlatformTransactionManager;sun.reflect.generics.factory.CoreReflectionFactory.makeNamedType;114;;
Class.forName;org.springframework.transaction.ReactiveTransactionManager;org.springframework.boot.autoconfigure.condition.FilteringSpringBootCondition.resolve;108;;
Class.forName;org.springframework.transaction.ReactiveTransactionManager;sun.reflect.generics.factory.CoreReflectionFactory.makeNamedType;114;;
Class.forName;org.springframework.transaction.TransactionManager;org.springframework.boot.autoconfigure.condition.FilteringSpringBootCondition.resolve;108;;
Class.forName;org.springframework.transaction.TransactionManager;org.springframework.util.ClassUtils.forName;284;;
Class.forName;org.springframework.transaction.TransactionManager;sun.reflect.generics.factory.CoreReflectionFactory.makeNamedType;114;;
Class.forName;org.springframework.transaction.annotation.AbstractTransactionManagementConfiguration;org.springframework.boot.autoconfigure.condition.FilteringSpringBootCondition.resolve;108;;
Class.forName;org.springframework.transaction.annotation.AbstractTransactionManagementConfiguration;org.springframework.util.ClassUtils.forName;284;;
Class.forName;org.springframework.transaction.annotation.AbstractTransactionManagementConfiguration;sun.reflect.generics.factory.CoreReflectionFactory.makeNamedType;114;;
Class.forName;org.springframework.transaction.annotation.EnableTransactionManagement;java.lang.reflect.Proxy$ProxyBuilder.ensureVisible;879;;
Class.forName;org.springframework.transaction.annotation.EnableTransactionManagement;jdk.proxy2.$Proxy66.<clinit>;;;
Class.forName;org.springframework.transaction.annotation.EnableTransactionManagement;org.springframework.util.ClassUtils.forName;284;;
Class.forName;org.springframework.transaction.annotation.EnableTransactionManagement;sun.reflect.generics.factory.CoreReflectionFactory.makeNamedType;114;;
Class.forName;org.springframework.transaction.annotation.Isolation;java.lang.reflect.Proxy$ProxyBuilder.ensureVisible;879;;
Class.forName;org.springframework.transaction.annotation.Isolation;sun.reflect.generics.factory.CoreReflectionFactory.makeNamedType;114;;
Class.forName;org.springframework.transaction.annotation.Propagation;java.lang.reflect.Proxy$ProxyBuilder.ensureVisible;879;;
Class.forName;org.springframework.transaction.annotation.Propagation;sun.reflect.generics.factory.CoreReflectionFactory.makeNamedType;114;;
Class.forName;org.springframework.transaction.annotation.ProxyTransactionManagementConfiguration;org.springframework.util.ClassUtils.forName;284;;
Class.forName;org.springframework.transaction.annotation.TransactionManagementConfigurationSelector;org.springframework.util.ClassUtils.forName;284;;
Class.forName;org.springframework.transaction.annotation.TransactionManagementConfigurationSelector;sun.reflect.generics.factory.CoreReflectionFactory.makeNamedType;114;;
Class.forName;org.springframework.transaction.annotation.TransactionManagementConfigurer;sun.reflect.generics.factory.CoreReflectionFactory.makeNamedType;114;;
Class.forName;org.springframework.transaction.annotation.Transactional;java.lang.reflect.Proxy$ProxyBuilder.ensureVisible;879;;
Class.forName;org.springframework.transaction.annotation.Transactional;jdk.proxy2.$Proxy141.<clinit>;;;
Class.forName;org.springframework.transaction.annotation.Transactional;org.springframework.util.ClassUtils.forName;284;;
Class.forName;org.springframework.transaction.annotation.Transactional;sun.reflect.generics.factory.CoreReflectionFactory.makeNamedType;114;;
Class.forName;org.springframework.transaction.interceptor.TransactionalProxy;java.lang.reflect.Proxy$ProxyBuilder.ensureVisible;879;;
Class.forName;org.springframework.transaction.jta.JtaTransactionManager;org.springframework.boot.autoconfigure.condition.FilteringSpringBootCondition.resolve;108;;
Class.forName;org.springframework.transaction.jta.JtaTransactionManager;sun.reflect.generics.factory.CoreReflectionFactory.makeNamedType;114;;
Class.forName;org.springframework.transaction.support.AbstractPlatformTransactionManager;sun.reflect.generics.factory.CoreReflectionFactory.makeNamedType;114;;
Class.forName;org.springframework.transaction.support.TransactionOperations;org.springframework.boot.autoconfigure.condition.FilteringSpringBootCondition.resolve;108;;
Class.forName;org.springframework.transaction.support.TransactionOperations;sun.reflect.generics.factory.CoreReflectionFactory.makeNamedType;114;;
Class.forName;org.springframework.util.Assert;org.springframework.util.ClassUtils.forName;284;;
Class.forName;org.springframework.validation.beanvalidation.MethodValidationPostProcessor;org.springframework.boot.autoconfigure.condition.FilteringSpringBootCondition.resolve;108;;
Class.forName;org.springframework.validation.beanvalidation.MethodValidationPostProcessor;sun.reflect.generics.factory.CoreReflectionFactory.makeNamedType;114;;
Class.forName;org.springframework.web.HttpMediaTypeNotAcceptableException;sun.reflect.generics.factory.CoreReflectionFactory.makeNamedType;114;;
Class.forName;org.springframework.web.bind.annotation.ExceptionHandler;java.lang.reflect.Proxy$ProxyBuilder.ensureVisible;879;;
Class.forName;org.springframework.web.bind.annotation.ExceptionHandler;jdk.proxy2.$Proxy150.<clinit>;;;
Class.forName;org.springframework.web.bind.annotation.ExceptionHandler;sun.reflect.generics.factory.CoreReflectionFactory.makeNamedType;114;;
Class.forName;org.springframework.web.bind.annotation.GetMapping;java.lang.reflect.Proxy$ProxyBuilder.ensureVisible;879;;
Class.forName;org.springframework.web.bind.annotation.GetMapping;jdk.proxy2.$Proxy133.<clinit>;;;
Class.forName;org.springframework.web.bind.annotation.GetMapping;org.springframework.util.ClassUtils.forName;284;;
Class.forName;org.springframework.web.bind.annotation.GetMapping;sun.reflect.generics.factory.CoreReflectionFactory.makeNamedType;114;;
Class.forName;org.springframework.web.bind.annotation.InitBinder;java.lang.reflect.Proxy$ProxyBuilder.ensureVisible;879;;
Class.forName;org.springframework.web.bind.annotation.InitBinder;jdk.proxy2.$Proxy134.<clinit>;;;
Class.forName;org.springframework.web.bind.annotation.InitBinder;org.springframework.util.ClassUtils.forName;284;;
Class.forName;org.springframework.web.bind.annotation.InitBinder;sun.reflect.generics.factory.CoreReflectionFactory.makeNamedType;114;;
Class.forName;org.springframework.web.bind.annotation.Mapping;java.lang.reflect.Proxy$ProxyBuilder.ensureVisible;879;;
Class.forName;org.springframework.web.bind.annotation.Mapping;jdk.proxy2.$Proxy24.<clinit>;;;
Class.forName;org.springframework.web.bind.annotation.Mapping;org.springframework.util.ClassUtils.forName;284;;
Class.forName;org.springframework.web.bind.annotation.Mapping;sun.reflect.generics.factory.CoreReflectionFactory.makeNamedType;114;;
Class.forName;org.springframework.web.bind.annotation.ModelAttribute;java.lang.reflect.Proxy$ProxyBuilder.ensureVisible;879;;
Class.forName;org.springframework.web.bind.annotation.ModelAttribute;jdk.proxy2.$Proxy135.<clinit>;;;
Class.forName;org.springframework.web.bind.annotation.ModelAttribute;jdk.proxy2.$Proxy163.<clinit>;;;
Class.forName;org.springframework.web.bind.annotation.ModelAttribute;org.springframework.util.ClassUtils.forName;284;;
Class.forName;org.springframework.web.bind.annotation.ModelAttribute;sun.reflect.generics.factory.CoreReflectionFactory.makeNamedType;114;;
Class.forName;org.springframework.web.bind.annotation.PathVariable;java.lang.reflect.Proxy$ProxyBuilder.ensureVisible;879;;
Class.forName;org.springframework.web.bind.annotation.PathVariable;jdk.proxy2.$Proxy161.<clinit>;;;
Class.forName;org.springframework.web.bind.annotation.PathVariable;jdk.proxy2.$Proxy162.<clinit>;;;
Class.forName;org.springframework.web.bind.annotation.PathVariable;sun.reflect.generics.factory.CoreReflectionFactory.makeNamedType;114;;
Class.forName;org.springframework.web.bind.annotation.PostMapping;java.lang.reflect.Proxy$ProxyBuilder.ensureVisible;879;;
Class.forName;org.springframework.web.bind.annotation.PostMapping;jdk.proxy2.$Proxy132.<clinit>;;;
Class.forName;org.springframework.web.bind.annotation.PostMapping;org.springframework.util.ClassUtils.forName;284;;
Class.forName;org.springframework.web.bind.annotation.PostMapping;sun.reflect.generics.factory.CoreReflectionFactory.makeNamedType;114;;
Class.forName;org.springframework.web.bind.annotation.RequestMapping;java.lang.reflect.Proxy$ProxyBuilder.ensureVisible;879;;
Class.forName;org.springframework.web.bind.annotation.RequestMapping;jdk.proxy2.$Proxy153.<clinit>;;;
Class.forName;org.springframework.web.bind.annotation.RequestMapping;jdk.proxy2.$Proxy23.<clinit>;;;
Class.forName;org.springframework.web.bind.annotation.RequestMapping;org.springframework.util.ClassUtils.forName;284;;
Class.forName;org.springframework.web.bind.annotation.RequestMapping;sun.reflect.generics.factory.CoreReflectionFactory.makeNamedType;114;;
Class.forName;org.springframework.web.bind.annotation.RequestMethod;java.lang.reflect.Proxy$ProxyBuilder.ensureVisible;879;;
Class.forName;org.springframework.web.bind.annotation.RequestMethod;sun.reflect.generics.factory.CoreReflectionFactory.makeNamedType;114;;
Class.forName;org.springframework.web.bind.annotation.RequestParam;java.lang.reflect.Proxy$ProxyBuilder.ensureVisible;879;;
Class.forName;org.springframework.web.bind.annotation.RequestParam;jdk.proxy2.$Proxy164.<clinit>;;;
Class.forName;org.springframework.web.bind.annotation.RequestParam;jdk.proxy2.$Proxy165.<clinit>;;;
Class.forName;org.springframework.web.bind.annotation.RequestParam;sun.reflect.generics.factory.CoreReflectionFactory.makeNamedType;114;;
Class.forName;org.springframework.web.bind.annotation.ResponseBody;java.lang.reflect.Proxy$ProxyBuilder.ensureVisible;879;;
Class.forName;org.springframework.web.bind.annotation.ResponseBody;jdk.proxy2.$Proxy146.<clinit>;;;
Class.forName;org.springframework.web.bind.annotation.ResponseBody;org.springframework.util.ClassUtils.forName;284;;
Class.forName;org.springframework.web.bind.annotation.ResponseBody;sun.reflect.generics.factory.CoreReflectionFactory.makeNamedType;114;;
Class.forName;org.springframework.web.client.RestTemplate;org.springframework.boot.autoconfigure.condition.FilteringSpringBootCondition.resolve;108;;
Class.forName;org.springframework.web.client.RestTemplate;org.springframework.util.ClassUtils.forName;284;;
Class.forName;org.springframework.web.client.RestTemplate;sun.reflect.generics.factory.CoreReflectionFactory.makeNamedType;114;;
Class.forName;org.springframework.web.context.ConfigurableWebApplicationContext;org.springframework.util.ClassUtils.forName;284;;
Class.forName;org.springframework.web.context.WebApplicationContext;org.springframework.util.ClassUtils.forName;284;;
Class.forName;org.springframework.web.context.request.RequestContextListener;org.springframework.boot.autoconfigure.condition.FilteringSpringBootCondition.resolve;108;;
Class.forName;org.springframework.web.context.request.RequestContextListener;sun.reflect.generics.factory.CoreReflectionFactory.makeNamedType;114;;
Class.forName;org.springframework.web.context.support.GenericWebApplicationContext;org.springframework.boot.autoconfigure.condition.FilteringSpringBootCondition.resolve;108;;
Class.forName;org.springframework.web.filter.CharacterEncodingFilter;org.springframework.boot.autoconfigure.condition.FilteringSpringBootCondition.resolve;108;;
Class.forName;org.springframework.web.filter.CharacterEncodingFilter;org.springframework.util.ClassUtils.forName;284;;
Class.forName;org.springframework.web.filter.CharacterEncodingFilter;sun.reflect.generics.factory.CoreReflectionFactory.makeNamedType;114;;
Class.forName;org.springframework.web.filter.FormContentFilter;org.springframework.boot.autoconfigure.condition.FilteringSpringBootCondition.resolve;108;;
Class.forName;org.springframework.web.filter.FormContentFilter;sun.reflect.generics.factory.CoreReflectionFactory.makeNamedType;114;;
Class.forName;org.springframework.web.filter.HiddenHttpMethodFilter;sun.reflect.generics.factory.CoreReflectionFactory.makeNamedType;114;;
Class.forName;org.springframework.web.filter.OncePerRequestFilter;org.springframework.util.ClassUtils.forName;284;;
Class.forName;org.springframework.web.filter.RequestContextFilter;org.springframework.boot.autoconfigure.condition.FilteringSpringBootCondition.resolve;108;;
Class.forName;org.springframework.web.filter.RequestContextFilter;sun.reflect.generics.factory.CoreReflectionFactory.makeNamedType;114;;
Class.forName;org.springframework.web.multipart.MultipartResolver;org.springframework.boot.autoconfigure.condition.FilteringSpringBootCondition.resolve;108;;
Class.forName;org.springframework.web.multipart.MultipartResolver;sun.reflect.generics.factory.CoreReflectionFactory.makeNamedType;114;;
Class.forName;org.springframework.web.multipart.commons.CommonsMultipartResolver;org.springframework.boot.autoconfigure.condition.FilteringSpringBootCondition.resolve;108;;
Class.forName;org.springframework.web.multipart.commons.CommonsMultipartResolver;sun.reflect.generics.factory.CoreReflectionFactory.makeNamedType;114;;
Class.forName;org.springframework.web.multipart.support.StandardServletMultipartResolver;org.springframework.boot.autoconfigure.condition.FilteringSpringBootCondition.resolve;108;;
Class.forName;org.springframework.web.multipart.support.StandardServletMultipartResolver;org.springframework.util.ClassUtils.forName;284;;
Class.forName;org.springframework.web.multipart.support.StandardServletMultipartResolver;sun.reflect.generics.factory.CoreReflectionFactory.makeNamedType;114;;
Class.forName;org.springframework.web.servlet.DispatcherServlet;org.springframework.boot.autoconfigure.condition.FilteringSpringBootCondition.resolve;108;;
Class.forName;org.springframework.web.servlet.DispatcherServlet;org.springframework.util.ClassUtils.forName;284;;
Class.forName;org.springframework.web.servlet.DispatcherServlet;sun.reflect.generics.factory.CoreReflectionFactory.makeNamedType;114;;
Class.forName;org.springframework.web.servlet.View;org.springframework.boot.autoconfigure.condition.FilteringSpringBootCondition.resolve;108;;
Class.forName;org.springframework.web.servlet.View;org.thymeleaf.util.ClassLoaderUtils.loadClass;115;;
Class.forName;org.springframework.web.servlet.View;sun.reflect.generics.factory.CoreReflectionFactory.makeNamedType;114;;
Class.forName;org.springframework.web.servlet.ViewResolver;org.springframework.boot.autoconfigure.condition.FilteringSpringBootCondition.resolve;108;;
Class.forName;org.springframework.web.servlet.ViewResolver;sun.reflect.generics.factory.CoreReflectionFactory.makeNamedType;114;;
Class.forName;org.springframework.web.servlet.config.annotation.DelegatingWebMvcConfiguration;sun.reflect.generics.factory.CoreReflectionFactory.makeNamedType;114;;
Class.forName;org.springframework.web.servlet.config.annotation.EnableWebMvc;org.springframework.util.ClassUtils.forName;284;;
Class.forName;org.springframework.web.servlet.config.annotation.WebMvcConfigurationSupport;org.springframework.boot.autoconfigure.condition.FilteringSpringBootCondition.resolve;108;;
Class.forName;org.springframework.web.servlet.config.annotation.WebMvcConfigurationSupport;org.springframework.util.ClassUtils.forName;284;;
Class.forName;org.springframework.web.servlet.config.annotation.WebMvcConfigurationSupport;sun.reflect.generics.factory.CoreReflectionFactory.makeNamedType;114;;
Class.forName;org.springframework.web.servlet.config.annotation.WebMvcConfigurer;org.springframework.boot.autoconfigure.condition.FilteringSpringBootCondition.resolve;108;;
Class.forName;org.springframework.web.servlet.config.annotation.WebMvcConfigurer;org.springframework.util.ClassUtils.forName;284;;
Class.forName;org.springframework.web.servlet.config.annotation.WebMvcConfigurer;sun.reflect.generics.factory.CoreReflectionFactory.makeNamedType;114;;
Class.forName;org.springframework.web.servlet.handler.AbstractHandlerMethodMapping;sun.reflect.generics.factory.CoreReflectionFactory.makeNamedType;114;;
Class.forName;org.springframework.web.servlet.mvc.method.RequestMappingInfo;sun.reflect.generics.factory.CoreReflectionFactory.makeNamedType;114;;
Class.forName;org.springframework.web.servlet.resource.ResourceUrlEncodingFilter;org.springframework.boot.autoconfigure.condition.FilteringSpringBootCondition.resolve;108;;
Class.forName;org.springframework.web.servlet.resource.ResourceUrlEncodingFilter;sun.reflect.generics.factory.CoreReflectionFactory.makeNamedType;114;;
Class.forName;org.springframework.web.servlet.view.ContentNegotiatingViewResolver;org.springframework.boot.autoconfigure.condition.FilteringSpringBootCondition.resolve;108;;
Class.forName;org.springframework.web.servlet.view.ContentNegotiatingViewResolver;sun.reflect.generics.factory.CoreReflectionFactory.makeNamedType;114;;
Class.forName;org.springframework.web.servlet.view.InternalResourceViewResolver;org.springframework.boot.autoconfigure.condition.FilteringSpringBootCondition.resolve;108;;
Class.forName;org.thymeleaf.dialect.IDialect;sun.reflect.generics.factory.CoreReflectionFactory.makeNamedType;114;;
Class.forName;org.thymeleaf.extras.java8time.dialect.Java8TimeDialect;org.springframework.boot.autoconfigure.condition.FilteringSpringBootCondition.resolve;108;;
Class.forName;org.thymeleaf.extras.java8time.dialect.Java8TimeDialect;org.springframework.util.ClassUtils.forName;284;;
Class.forName;org.thymeleaf.extras.java8time.dialect.Java8TimeDialect;sun.reflect.generics.factory.CoreReflectionFactory.makeNamedType;114;;
Class.forName;org.thymeleaf.spring5.ISpringTemplateEngine;org.springframework.boot.autoconfigure.condition.FilteringSpringBootCondition.resolve;108;;
Class.forName;org.thymeleaf.spring5.ISpringTemplateEngine;sun.reflect.generics.factory.CoreReflectionFactory.makeNamedType;114;;
Class.forName;org.thymeleaf.spring5.SpringTemplateEngine;org.springframework.boot.autoconfigure.condition.FilteringSpringBootCondition.resolve;108;;
Class.forName;org.thymeleaf.spring5.SpringTemplateEngine;org.springframework.util.ClassUtils.forName;284;;
Class.forName;org.thymeleaf.spring5.SpringTemplateEngine;sun.reflect.generics.factory.CoreReflectionFactory.makeNamedType;114;;
Class.forName;org.thymeleaf.spring5.expression.Mvc$Spring41MvcUriComponentsBuilderDelegate;org.springframework.boot.web.embedded.tomcat.TomcatEmbeddedWebappClassLoader.loadFromParent;114;;
Class.forName;org.thymeleaf.spring5.expression.Mvc$Spring41MvcUriComponentsBuilderDelegate;org.thymeleaf.util.ClassLoaderUtils.loadClass;115;;
Class.forName;org.thymeleaf.templatemode.TemplateMode;org.springframework.boot.autoconfigure.condition.FilteringSpringBootCondition.resolve;108;;
Class.forName;org.thymeleaf.templatemode.TemplateMode;org.springframework.util.ClassUtils.forName;284;;
Class.forName;org.thymeleaf.templatemode.TemplateMode;sun.reflect.generics.factory.CoreReflectionFactory.makeNamedType;114;;
Class.forName;org.thymeleaf.templateresolver.ITemplateResolver;sun.reflect.generics.factory.CoreReflectionFactory.makeNamedType;114;;
Class.forName;org.webjars.WebJarAssetLocator;org.springframework.util.ClassUtils.forName;284;;
Class.forName;org.xml.sax.InputSource;sun.invoke.util.VerifyAccess$1.run;330;;
Class.forName;sun.misc.Unsafe;nonapi.io.github.classgraph.utils.FileUtils.lookupCleanMethodPrivileged;499;;
Class.forName;sun.misc.Unsafe;sun.invoke.util.VerifyAccess$1.run;330;;
Class.forName;sun.net.spi.DefaultProxySelector;java.net.ProxySelector.<clinit>;72;;
Class.forName;sun.reflect.misc.Trampoline;sun.reflect.misc.MethodUtil.getTrampolineClass;370;;
Class.forName;sun.security.ec.SunEC;java.util.ServiceLoader.loadProvider;859;;
Class.forName;sun.security.jgss.SunProvider;java.util.ServiceLoader.loadProvider;859;;
Class.forName;sun.security.pkcs11.SunPKCS11;java.util.ServiceLoader.loadProvider;859;;
Class.forName;sun.security.provider.MD5;java.security.Provider$Service.getImplClass;1933;;
Class.forName;sun.security.provider.NativePRNG;java.security.Provider$Service.getImplClass;1933;;
Class.forName;sun.security.provider.SHA2$SHA256;java.security.Provider$Service.getImplClass;1933;;
Class.forName;sun.security.provider.SHA;java.security.Provider$Service.getImplClass;1933;;
Class.forName;sun.security.provider.SecureRandom;java.security.Provider$Service.getImplClass;1933;;
Class.forName;sun.security.provider.certpath.ldap.JdkLDAP;java.util.ServiceLoader.loadProvider;859;;
Class.forName;sun.security.smartcardio.SunPCSC;java.util.ServiceLoader.loadProvider;859;;
Class.forName;sun.text.resources.cldr.FormatData;sun.util.resources.Bundles.findBundleOf;205;;
Class.forName;sun.text.resources.cldr.FormatData_en;sun.util.resources.Bundles.findBundleOf;205;;
Class.forName;sun.text.resources.cldr.FormatData_en_US;sun.util.resources.Bundles.findBundleOf;205;;
Class.forName;sun.text.resources.cldr.ext.FormatData_en_001;sun.util.resources.provider.LocaleDataProvider.loadResourceBundle;54;;
Class.forName;sun.text.resources.cldr.ext.FormatData_en_AU;sun.util.resources.provider.LocaleDataProvider.loadResourceBundle;54;;
Class.forName;sun.util.cldr.CLDRLocaleProviderAdapter;sun.util.locale.provider.LocaleProviderAdapter.forType;187;;
Class.forName;sun.util.locale.provider.JRELocaleProviderAdapter;sun.util.locale.provider.LocaleProviderAdapter.forType;187;;
Class.forName;sun.util.logging.internal.LoggingProviderImpl;java.util.ServiceLoader.loadProvider;859;;
Class.forName;sun.util.resources.TimeZoneNames;sun.util.resources.Bundles.findBundleOf;205;;
Class.forName;sun.util.resources.TimeZoneNames_en;sun.util.resources.Bundles.findBundleOf;205;;
Class.forName;sun.util.resources.cldr.CalendarData;sun.util.resources.Bundles.findBundleOf;205;;
Class.forName;sun.util.resources.cldr.TimeZoneNames;sun.util.resources.Bundles.findBundleOf;205;;
Class.forName;sun.util.resources.cldr.TimeZoneNames_en;sun.util.resources.Bundles.findBundleOf;205;;
Class.forName;sun.util.resources.cldr.TimeZoneNames_en_US;sun.util.resources.Bundles.findBundleOf;205;;
Class.forName;sun.util.resources.cldr.provider.CLDRLocaleDataMetaInfo;java.util.ServiceLoader.loadProvider;859;;
Class.forName;sun.util.resources.provider.LocaleDataProvider;java.util.ServiceLoader.loadProvider;859;;
Class.forName;sun.util.resources.provider.NonBaseLocaleDataMetaInfo;java.util.ServiceLoader.loadProvider;859;;
Class.newInstance;antlr.CommonToken;antlr.CharScanner.makeToken;173;;
Class.newInstance;ch.qos.logback.classic.pattern.DateConverter;ch.qos.logback.core.util.OptionHelper.instantiateByClassNameAndParameter;60;;
Class.newInstance;ch.qos.logback.classic.pattern.LevelConverter;ch.qos.logback.core.util.OptionHelper.instantiateByClassNameAndParameter;60;;
Class.newInstance;ch.qos.logback.classic.pattern.LineSeparatorConverter;ch.qos.logback.core.util.OptionHelper.instantiateByClassNameAndParameter;60;;
Class.newInstance;ch.qos.logback.classic.pattern.LoggerConverter;ch.qos.logback.core.util.OptionHelper.instantiateByClassNameAndParameter;60;;
Class.newInstance;ch.qos.logback.classic.pattern.MessageConverter;ch.qos.logback.core.util.OptionHelper.instantiateByClassNameAndParameter;60;;
Class.newInstance;ch.qos.logback.classic.pattern.ThreadConverter;ch.qos.logback.core.util.OptionHelper.instantiateByClassNameAndParameter;60;;
Class.newInstance;com.fasterxml.jackson.datatype.jsr310.JavaTimeModule;org.thymeleaf.standard.serializer.StandardJavaScriptSerializer$JacksonStandardJavaScriptSerializer.<init>;173;;
Class.newInstance;java.net.Inet6AddressImpl;java.net.InetAddress.loadImpl;1713;;
Class.newInstance;javax.management.MBeanServerBuilder;javax.management.MBeanServerFactory.newBuilder;461;;
Class.newInstance;jdk.internal.reflect.GeneratedConstructorAccessor10;jdk.internal.reflect.MethodAccessorGenerator$1.run;405;;
Class.newInstance;jdk.internal.reflect.GeneratedConstructorAccessor11;jdk.internal.reflect.MethodAccessorGenerator$1.run;405;;
Class.newInstance;jdk.internal.reflect.GeneratedConstructorAccessor12;jdk.internal.reflect.MethodAccessorGenerator$1.run;405;;
Class.newInstance;jdk.internal.reflect.GeneratedConstructorAccessor13;jdk.internal.reflect.MethodAccessorGenerator$1.run;405;;
Class.newInstance;jdk.internal.reflect.GeneratedConstructorAccessor14;jdk.internal.reflect.MethodAccessorGenerator$1.run;405;;
Class.newInstance;jdk.internal.reflect.GeneratedConstructorAccessor15;jdk.internal.reflect.MethodAccessorGenerator$1.run;405;;
Class.newInstance;jdk.internal.reflect.GeneratedConstructorAccessor16;jdk.internal.reflect.MethodAccessorGenerator$1.run;405;;
Class.newInstance;jdk.internal.reflect.GeneratedConstructorAccessor17;jdk.internal.reflect.MethodAccessorGenerator$1.run;405;;
Class.newInstance;jdk.internal.reflect.GeneratedConstructorAccessor18;jdk.internal.reflect.MethodAccessorGenerator$1.run;405;;
Class.newInstance;jdk.internal.reflect.GeneratedConstructorAccessor19;jdk.internal.reflect.MethodAccessorGenerator$1.run;405;;
Class.newInstance;jdk.internal.reflect.GeneratedConstructorAccessor1;jdk.internal.reflect.MethodAccessorGenerator$1.run;405;;
Class.newInstance;jdk.internal.reflect.GeneratedConstructorAccessor20;jdk.internal.reflect.MethodAccessorGenerator$1.run;405;;
Class.newInstance;jdk.internal.reflect.GeneratedConstructorAccessor21;jdk.internal.reflect.MethodAccessorGenerator$1.run;405;;
Class.newInstance;jdk.internal.reflect.GeneratedConstructorAccessor22;jdk.internal.reflect.MethodAccessorGenerator$1.run;405;;
Class.newInstance;jdk.internal.reflect.GeneratedConstructorAccessor23;jdk.internal.reflect.MethodAccessorGenerator$1.run;405;;
Class.newInstance;jdk.internal.reflect.GeneratedConstructorAccessor24;jdk.internal.reflect.MethodAccessorGenerator$1.run;405;;
Class.newInstance;jdk.internal.reflect.GeneratedConstructorAccessor25;jdk.internal.reflect.MethodAccessorGenerator$1.run;405;;
Class.newInstance;jdk.internal.reflect.GeneratedConstructorAccessor26;jdk.internal.reflect.MethodAccessorGenerator$1.run;405;;
Class.newInstance;jdk.internal.reflect.GeneratedConstructorAccessor27;jdk.internal.reflect.MethodAccessorGenerator$1.run;405;;
Class.newInstance;jdk.internal.reflect.GeneratedConstructorAccessor28;jdk.internal.reflect.MethodAccessorGenerator$1.run;405;;
Class.newInstance;jdk.internal.reflect.GeneratedConstructorAccessor29;jdk.internal.reflect.MethodAccessorGenerator$1.run;405;;
Class.newInstance;jdk.internal.reflect.GeneratedConstructorAccessor2;jdk.internal.reflect.MethodAccessorGenerator$1.run;405;;
Class.newInstance;jdk.internal.reflect.GeneratedConstructorAccessor30;jdk.internal.reflect.MethodAccessorGenerator$1.run;405;;
Class.newInstance;jdk.internal.reflect.GeneratedConstructorAccessor31;jdk.internal.reflect.MethodAccessorGenerator$1.run;405;;
Class.newInstance;jdk.internal.reflect.GeneratedConstructorAccessor32;jdk.internal.reflect.MethodAccessorGenerator$1.run;405;;
Class.newInstance;jdk.internal.reflect.GeneratedConstructorAccessor33;jdk.internal.reflect.MethodAccessorGenerator$1.run;405;;
Class.newInstance;jdk.internal.reflect.GeneratedConstructorAccessor34;jdk.internal.reflect.MethodAccessorGenerator$1.run;405;;
Class.newInstance;jdk.internal.reflect.GeneratedConstructorAccessor35;jdk.internal.reflect.MethodAccessorGenerator$1.run;405;;
Class.newInstance;jdk.internal.reflect.GeneratedConstructorAccessor36;jdk.internal.reflect.MethodAccessorGenerator$1.run;405;;
Class.newInstance;jdk.internal.reflect.GeneratedConstructorAccessor37;jdk.internal.reflect.MethodAccessorGenerator$1.run;405;;
Class.newInstance;jdk.internal.reflect.GeneratedConstructorAccessor38;jdk.internal.reflect.MethodAccessorGenerator$1.run;405;;
Class.newInstance;jdk.internal.reflect.GeneratedConstructorAccessor39;jdk.internal.reflect.MethodAccessorGenerator$1.run;405;;
Class.newInstance;jdk.internal.reflect.GeneratedConstructorAccessor3;jdk.internal.reflect.MethodAccessorGenerator$1.run;405;;
Class.newInstance;jdk.internal.reflect.GeneratedConstructorAccessor40;jdk.internal.reflect.MethodAccessorGenerator$1.run;405;;
Class.newInstance;jdk.internal.reflect.GeneratedConstructorAccessor41;jdk.internal.reflect.MethodAccessorGenerator$1.run;405;;
Class.newInstance;jdk.internal.reflect.GeneratedConstructorAccessor42;jdk.internal.reflect.MethodAccessorGenerator$1.run;405;;
Class.newInstance;jdk.internal.reflect.GeneratedConstructorAccessor43;jdk.internal.reflect.MethodAccessorGenerator$1.run;405;;
Class.newInstance;jdk.internal.reflect.GeneratedConstructorAccessor44;jdk.internal.reflect.MethodAccessorGenerator$1.run;405;;
Class.newInstance;jdk.internal.reflect.GeneratedConstructorAccessor45;jdk.internal.reflect.MethodAccessorGenerator$1.run;405;;
Class.newInstance;jdk.internal.reflect.GeneratedConstructorAccessor46;jdk.internal.reflect.MethodAccessorGenerator$1.run;405;;
Class.newInstance;jdk.internal.reflect.GeneratedConstructorAccessor47;jdk.internal.reflect.MethodAccessorGenerator$1.run;405;;
Class.newInstance;jdk.internal.reflect.GeneratedConstructorAccessor48;jdk.internal.reflect.MethodAccessorGenerator$1.run;405;;
Class.newInstance;jdk.internal.reflect.GeneratedConstructorAccessor49;jdk.internal.reflect.MethodAccessorGenerator$1.run;405;;
Class.newInstance;jdk.internal.reflect.GeneratedConstructorAccessor4;jdk.internal.reflect.MethodAccessorGenerator$1.run;405;;
Class.newInstance;jdk.internal.reflect.GeneratedConstructorAccessor50;jdk.internal.reflect.MethodAccessorGenerator$1.run;405;;
Class.newInstance;jdk.internal.reflect.GeneratedConstructorAccessor51;jdk.internal.reflect.MethodAccessorGenerator$1.run;405;;
Class.newInstance;jdk.internal.reflect.GeneratedConstructorAccessor52;jdk.internal.reflect.MethodAccessorGenerator$1.run;405;;
Class.newInstance;jdk.internal.reflect.GeneratedConstructorAccessor53;jdk.internal.reflect.MethodAccessorGenerator$1.run;405;;
Class.newInstance;jdk.internal.reflect.GeneratedConstructorAccessor54;jdk.internal.reflect.MethodAccessorGenerator$1.run;405;;
Class.newInstance;jdk.internal.reflect.GeneratedConstructorAccessor55;jdk.internal.reflect.MethodAccessorGenerator$1.run;405;;
Class.newInstance;jdk.internal.reflect.GeneratedConstructorAccessor56;jdk.internal.reflect.MethodAccessorGenerator$1.run;405;;
Class.newInstance;jdk.internal.reflect.GeneratedConstructorAccessor57;jdk.internal.reflect.MethodAccessorGenerator$1.run;405;;
Class.newInstance;jdk.internal.reflect.GeneratedConstructorAccessor58;jdk.internal.reflect.MethodAccessorGenerator$1.run;405;;
Class.newInstance;jdk.internal.reflect.GeneratedConstructorAccessor59;jdk.internal.reflect.MethodAccessorGenerator$1.run;405;;
Class.newInstance;jdk.internal.reflect.GeneratedConstructorAccessor5;jdk.internal.reflect.MethodAccessorGenerator$1.run;405;;
Class.newInstance;jdk.internal.reflect.GeneratedConstructorAccessor60;jdk.internal.reflect.MethodAccessorGenerator$1.run;405;;
Class.newInstance;jdk.internal.reflect.GeneratedConstructorAccessor61;jdk.internal.reflect.MethodAccessorGenerator$1.run;405;;
Class.newInstance;jdk.internal.reflect.GeneratedConstructorAccessor62;jdk.internal.reflect.MethodAccessorGenerator$1.run;405;;
Class.newInstance;jdk.internal.reflect.GeneratedConstructorAccessor63;jdk.internal.reflect.MethodAccessorGenerator$1.run;405;;
Class.newInstance;jdk.internal.reflect.GeneratedConstructorAccessor64;jdk.internal.reflect.MethodAccessorGenerator$1.run;405;;
Class.newInstance;jdk.internal.reflect.GeneratedConstructorAccessor65;jdk.internal.reflect.MethodAccessorGenerator$1.run;405;;
Class.newInstance;jdk.internal.reflect.GeneratedConstructorAccessor66;jdk.internal.reflect.MethodAccessorGenerator$1.run;405;;
Class.newInstance;jdk.internal.reflect.GeneratedConstructorAccessor67;jdk.internal.reflect.MethodAccessorGenerator$1.run;405;;
Class.newInstance;jdk.internal.reflect.GeneratedConstructorAccessor68;jdk.internal.reflect.MethodAccessorGenerator$1.run;405;;
Class.newInstance;jdk.internal.reflect.GeneratedConstructorAccessor69;jdk.internal.reflect.MethodAccessorGenerator$1.run;405;;
Class.newInstance;jdk.internal.reflect.GeneratedConstructorAccessor6;jdk.internal.reflect.MethodAccessorGenerator$1.run;405;;
Class.newInstance;jdk.internal.reflect.GeneratedConstructorAccessor70;jdk.internal.reflect.MethodAccessorGenerator$1.run;405;;
Class.newInstance;jdk.internal.reflect.GeneratedConstructorAccessor7;jdk.internal.reflect.MethodAccessorGenerator$1.run;405;;
Class.newInstance;jdk.internal.reflect.GeneratedConstructorAccessor8;jdk.internal.reflect.MethodAccessorGenerator$1.run;405;;
Class.newInstance;jdk.internal.reflect.GeneratedConstructorAccessor9;jdk.internal.reflect.MethodAccessorGenerator$1.run;405;;
Class.newInstance;jdk.internal.reflect.GeneratedMethodAccessor100;jdk.internal.reflect.MethodAccessorGenerator$1.run;405;;
Class.newInstance;jdk.internal.reflect.GeneratedMethodAccessor101;jdk.internal.reflect.MethodAccessorGenerator$1.run;405;;
Class.newInstance;jdk.internal.reflect.GeneratedMethodAccessor102;jdk.internal.reflect.MethodAccessorGenerator$1.run;405;;
Class.newInstance;jdk.internal.reflect.GeneratedMethodAccessor103;jdk.internal.reflect.MethodAccessorGenerator$1.run;405;;
Class.newInstance;jdk.internal.reflect.GeneratedMethodAccessor104;jdk.internal.reflect.MethodAccessorGenerator$1.run;405;;
Class.newInstance;jdk.internal.reflect.GeneratedMethodAccessor105;jdk.internal.reflect.MethodAccessorGenerator$1.run;405;;
Class.newInstance;jdk.internal.reflect.GeneratedMethodAccessor106;jdk.internal.reflect.MethodAccessorGenerator$1.run;405;;
Class.newInstance;jdk.internal.reflect.GeneratedMethodAccessor107;jdk.internal.reflect.MethodAccessorGenerator$1.run;405;;
Class.newInstance;jdk.internal.reflect.GeneratedMethodAccessor108;jdk.internal.reflect.MethodAccessorGenerator$1.run;405;;
Class.newInstance;jdk.internal.reflect.GeneratedMethodAccessor109;jdk.internal.reflect.MethodAccessorGenerator$1.run;405;;
Class.newInstance;jdk.internal.reflect.GeneratedMethodAccessor10;jdk.internal.reflect.MethodAccessorGenerator$1.run;405;;
Class.newInstance;jdk.internal.reflect.GeneratedMethodAccessor110;jdk.internal.reflect.MethodAccessorGenerator$1.run;405;;
Class.newInstance;jdk.internal.reflect.GeneratedMethodAccessor111;jdk.internal.reflect.MethodAccessorGenerator$1.run;405;;
Class.newInstance;jdk.internal.reflect.GeneratedMethodAccessor112;jdk.internal.reflect.MethodAccessorGenerator$1.run;405;;
Class.newInstance;jdk.internal.reflect.GeneratedMethodAccessor113;jdk.internal.reflect.MethodAccessorGenerator$1.run;405;;
Class.newInstance;jdk.internal.reflect.GeneratedMethodAccessor114;jdk.internal.reflect.MethodAccessorGenerator$1.run;405;;
Class.newInstance;jdk.internal.reflect.GeneratedMethodAccessor115;jdk.internal.reflect.MethodAccessorGenerator$1.run;405;;
Class.newInstance;jdk.internal.reflect.GeneratedMethodAccessor116;jdk.internal.reflect.MethodAccessorGenerator$1.run;405;;
Class.newInstance;jdk.internal.reflect.GeneratedMethodAccessor117;jdk.internal.reflect.MethodAccessorGenerator$1.run;405;;
Class.newInstance;jdk.internal.reflect.GeneratedMethodAccessor118;jdk.internal.reflect.MethodAccessorGenerator$1.run;405;;
Class.newInstance;jdk.internal.reflect.GeneratedMethodAccessor119;jdk.internal.reflect.MethodAccessorGenerator$1.run;405;;
Class.newInstance;jdk.internal.reflect.GeneratedMethodAccessor11;jdk.internal.reflect.MethodAccessorGenerator$1.run;405;;
Class.newInstance;jdk.internal.reflect.GeneratedMethodAccessor120;jdk.internal.reflect.MethodAccessorGenerator$1.run;405;;
Class.newInstance;jdk.internal.reflect.GeneratedMethodAccessor121;jdk.internal.reflect.MethodAccessorGenerator$1.run;405;;
Class.newInstance;jdk.internal.reflect.GeneratedMethodAccessor122;jdk.internal.reflect.MethodAccessorGenerator$1.run;405;;
Class.newInstance;jdk.internal.reflect.GeneratedMethodAccessor123;jdk.internal.reflect.MethodAccessorGenerator$1.run;405;;
Class.newInstance;jdk.internal.reflect.GeneratedMethodAccessor124;jdk.internal.reflect.MethodAccessorGenerator$1.run;405;;
Class.newInstance;jdk.internal.reflect.GeneratedMethodAccessor125;jdk.internal.reflect.MethodAccessorGenerator$1.run;405;;
Class.newInstance;jdk.internal.reflect.GeneratedMethodAccessor126;jdk.internal.reflect.MethodAccessorGenerator$1.run;405;;
Class.newInstance;jdk.internal.reflect.GeneratedMethodAccessor127;jdk.internal.reflect.MethodAccessorGenerator$1.run;405;;
Class.newInstance;jdk.internal.reflect.GeneratedMethodAccessor128;jdk.internal.reflect.MethodAccessorGenerator$1.run;405;;
Class.newInstance;jdk.internal.reflect.GeneratedMethodAccessor129;jdk.internal.reflect.MethodAccessorGenerator$1.run;405;;
Class.newInstance;jdk.internal.reflect.GeneratedMethodAccessor12;jdk.internal.reflect.MethodAccessorGenerator$1.run;405;;
Class.newInstance;jdk.internal.reflect.GeneratedMethodAccessor130;jdk.internal.reflect.MethodAccessorGenerator$1.run;405;;
Class.newInstance;jdk.internal.reflect.GeneratedMethodAccessor131;jdk.internal.reflect.MethodAccessorGenerator$1.run;405;;
Class.newInstance;jdk.internal.reflect.GeneratedMethodAccessor132;jdk.internal.reflect.MethodAccessorGenerator$1.run;405;;
Class.newInstance;jdk.internal.reflect.GeneratedMethodAccessor133;jdk.internal.reflect.MethodAccessorGenerator$1.run;405;;
Class.newInstance;jdk.internal.reflect.GeneratedMethodAccessor134;jdk.internal.reflect.MethodAccessorGenerator$1.run;405;;
Class.newInstance;jdk.internal.reflect.GeneratedMethodAccessor135;jdk.internal.reflect.MethodAccessorGenerator$1.run;405;;
Class.newInstance;jdk.internal.reflect.GeneratedMethodAccessor136;jdk.internal.reflect.MethodAccessorGenerator$1.run;405;;
Class.newInstance;jdk.internal.reflect.GeneratedMethodAccessor137;jdk.internal.reflect.MethodAccessorGenerator$1.run;405;;
Class.newInstance;jdk.internal.reflect.GeneratedMethodAccessor138;jdk.internal.reflect.MethodAccessorGenerator$1.run;405;;
Class.newInstance;jdk.internal.reflect.GeneratedMethodAccessor139;jdk.internal.reflect.MethodAccessorGenerator$1.run;405;;
Class.newInstance;jdk.internal.reflect.GeneratedMethodAccessor13;jdk.internal.reflect.MethodAccessorGenerator$1.run;405;;
Class.newInstance;jdk.internal.reflect.GeneratedMethodAccessor140;jdk.internal.reflect.MethodAccessorGenerator$1.run;405;;
Class.newInstance;jdk.internal.reflect.GeneratedMethodAccessor141;jdk.internal.reflect.MethodAccessorGenerator$1.run;405;;
Class.newInstance;jdk.internal.reflect.GeneratedMethodAccessor142;jdk.internal.reflect.MethodAccessorGenerator$1.run;405;;
Class.newInstance;jdk.internal.reflect.GeneratedMethodAccessor143;jdk.internal.reflect.MethodAccessorGenerator$1.run;405;;
Class.newInstance;jdk.internal.reflect.GeneratedMethodAccessor144;jdk.internal.reflect.MethodAccessorGenerator$1.run;405;;
Class.newInstance;jdk.internal.reflect.GeneratedMethodAccessor145;jdk.internal.reflect.MethodAccessorGenerator$1.run;405;;
Class.newInstance;jdk.internal.reflect.GeneratedMethodAccessor146;jdk.internal.reflect.MethodAccessorGenerator$1.run;405;;
Class.newInstance;jdk.internal.reflect.GeneratedMethodAccessor147;jdk.internal.reflect.MethodAccessorGenerator$1.run;405;;
Class.newInstance;jdk.internal.reflect.GeneratedMethodAccessor148;jdk.internal.reflect.MethodAccessorGenerator$1.run;405;;
Class.newInstance;jdk.internal.reflect.GeneratedMethodAccessor149;jdk.internal.reflect.MethodAccessorGenerator$1.run;405;;
Class.newInstance;jdk.internal.reflect.GeneratedMethodAccessor14;jdk.internal.reflect.MethodAccessorGenerator$1.run;405;;
Class.newInstance;jdk.internal.reflect.GeneratedMethodAccessor150;jdk.internal.reflect.MethodAccessorGenerator$1.run;405;;
Class.newInstance;jdk.internal.reflect.GeneratedMethodAccessor151;jdk.internal.reflect.MethodAccessorGenerator$1.run;405;;
Class.newInstance;jdk.internal.reflect.GeneratedMethodAccessor152;jdk.internal.reflect.MethodAccessorGenerator$1.run;405;;
Class.newInstance;jdk.internal.reflect.GeneratedMethodAccessor153;jdk.internal.reflect.MethodAccessorGenerator$1.run;405;;
Class.newInstance;jdk.internal.reflect.GeneratedMethodAccessor154;jdk.internal.reflect.MethodAccessorGenerator$1.run;405;;
Class.newInstance;jdk.internal.reflect.GeneratedMethodAccessor155;jdk.internal.reflect.MethodAccessorGenerator$1.run;405;;
Class.newInstance;jdk.internal.reflect.GeneratedMethodAccessor156;jdk.internal.reflect.MethodAccessorGenerator$1.run;405;;
Class.newInstance;jdk.internal.reflect.GeneratedMethodAccessor157;jdk.internal.reflect.MethodAccessorGenerator$1.run;405;;
Class.newInstance;jdk.internal.reflect.GeneratedMethodAccessor158;jdk.internal.reflect.MethodAccessorGenerator$1.run;405;;
Class.newInstance;jdk.internal.reflect.GeneratedMethodAccessor159;jdk.internal.reflect.MethodAccessorGenerator$1.run;405;;
Class.newInstance;jdk.internal.reflect.GeneratedMethodAccessor15;jdk.internal.reflect.MethodAccessorGenerator$1.run;405;;
Class.newInstance;jdk.internal.reflect.GeneratedMethodAccessor160;jdk.internal.reflect.MethodAccessorGenerator$1.run;405;;
Class.newInstance;jdk.internal.reflect.GeneratedMethodAccessor161;jdk.internal.reflect.MethodAccessorGenerator$1.run;405;;
Class.newInstance;jdk.internal.reflect.GeneratedMethodAccessor162;jdk.internal.reflect.MethodAccessorGenerator$1.run;405;;
Class.newInstance;jdk.internal.reflect.GeneratedMethodAccessor163;jdk.internal.reflect.MethodAccessorGenerator$1.run;405;;
Class.newInstance;jdk.internal.reflect.GeneratedMethodAccessor164;jdk.internal.reflect.MethodAccessorGenerator$1.run;405;;
Class.newInstance;jdk.internal.reflect.GeneratedMethodAccessor165;jdk.internal.reflect.MethodAccessorGenerator$1.run;405;;
Class.newInstance;jdk.internal.reflect.GeneratedMethodAccessor166;jdk.internal.reflect.MethodAccessorGenerator$1.run;405;;
Class.newInstance;jdk.internal.reflect.GeneratedMethodAccessor167;jdk.internal.reflect.MethodAccessorGenerator$1.run;405;;
Class.newInstance;jdk.internal.reflect.GeneratedMethodAccessor168;jdk.internal.reflect.MethodAccessorGenerator$1.run;405;;
Class.newInstance;jdk.internal.reflect.GeneratedMethodAccessor169;jdk.internal.reflect.MethodAccessorGenerator$1.run;405;;
Class.newInstance;jdk.internal.reflect.GeneratedMethodAccessor16;jdk.internal.reflect.MethodAccessorGenerator$1.run;405;;
Class.newInstance;jdk.internal.reflect.GeneratedMethodAccessor170;jdk.internal.reflect.MethodAccessorGenerator$1.run;405;;
Class.newInstance;jdk.internal.reflect.GeneratedMethodAccessor171;jdk.internal.reflect.MethodAccessorGenerator$1.run;405;;
Class.newInstance;jdk.internal.reflect.GeneratedMethodAccessor172;jdk.internal.reflect.MethodAccessorGenerator$1.run;405;;
Class.newInstance;jdk.internal.reflect.GeneratedMethodAccessor173;jdk.internal.reflect.MethodAccessorGenerator$1.run;405;;
Class.newInstance;jdk.internal.reflect.GeneratedMethodAccessor174;jdk.internal.reflect.MethodAccessorGenerator$1.run;405;;
Class.newInstance;jdk.internal.reflect.GeneratedMethodAccessor175;jdk.internal.reflect.MethodAccessorGenerator$1.run;405;;
Class.newInstance;jdk.internal.reflect.GeneratedMethodAccessor176;jdk.internal.reflect.MethodAccessorGenerator$1.run;405;;
Class.newInstance;jdk.internal.reflect.GeneratedMethodAccessor177;jdk.internal.reflect.MethodAccessorGenerator$1.run;405;;
Class.newInstance;jdk.internal.reflect.GeneratedMethodAccessor178;jdk.internal.reflect.MethodAccessorGenerator$1.run;405;;
Class.newInstance;jdk.internal.reflect.GeneratedMethodAccessor179;jdk.internal.reflect.MethodAccessorGenerator$1.run;405;;
Class.newInstance;jdk.internal.reflect.GeneratedMethodAccessor17;jdk.internal.reflect.MethodAccessorGenerator$1.run;405;;
Class.newInstance;jdk.internal.reflect.GeneratedMethodAccessor180;jdk.internal.reflect.MethodAccessorGenerator$1.run;405;;
Class.newInstance;jdk.internal.reflect.GeneratedMethodAccessor181;jdk.internal.reflect.MethodAccessorGenerator$1.run;405;;
Class.newInstance;jdk.internal.reflect.GeneratedMethodAccessor182;jdk.internal.reflect.MethodAccessorGenerator$1.run;405;;
Class.newInstance;jdk.internal.reflect.GeneratedMethodAccessor183;jdk.internal.reflect.MethodAccessorGenerator$1.run;405;;
Class.newInstance;jdk.internal.reflect.GeneratedMethodAccessor184;jdk.internal.reflect.MethodAccessorGenerator$1.run;405;;
Class.newInstance;jdk.internal.reflect.GeneratedMethodAccessor185;jdk.internal.reflect.MethodAccessorGenerator$1.run;405;;
Class.newInstance;jdk.internal.reflect.GeneratedMethodAccessor186;jdk.internal.reflect.MethodAccessorGenerator$1.run;405;;
Class.newInstance;jdk.internal.reflect.GeneratedMethodAccessor187;jdk.internal.reflect.MethodAccessorGenerator$1.run;405;;
Class.newInstance;jdk.internal.reflect.GeneratedMethodAccessor188;jdk.internal.reflect.MethodAccessorGenerator$1.run;405;;
Class.newInstance;jdk.internal.reflect.GeneratedMethodAccessor189;jdk.internal.reflect.MethodAccessorGenerator$1.run;405;;
Class.newInstance;jdk.internal.reflect.GeneratedMethodAccessor18;jdk.internal.reflect.MethodAccessorGenerator$1.run;405;;
Class.newInstance;jdk.internal.reflect.GeneratedMethodAccessor190;jdk.internal.reflect.MethodAccessorGenerator$1.run;405;;
Class.newInstance;jdk.internal.reflect.GeneratedMethodAccessor191;jdk.internal.reflect.MethodAccessorGenerator$1.run;405;;
Class.newInstance;jdk.internal.reflect.GeneratedMethodAccessor192;jdk.internal.reflect.MethodAccessorGenerator$1.run;405;;
Class.newInstance;jdk.internal.reflect.GeneratedMethodAccessor193;jdk.internal.reflect.MethodAccessorGenerator$1.run;405;;
Class.newInstance;jdk.internal.reflect.GeneratedMethodAccessor194;jdk.internal.reflect.MethodAccessorGenerator$1.run;405;;
Class.newInstance;jdk.internal.reflect.GeneratedMethodAccessor195;jdk.internal.reflect.MethodAccessorGenerator$1.run;405;;
Class.newInstance;jdk.internal.reflect.GeneratedMethodAccessor19;jdk.internal.reflect.MethodAccessorGenerator$1.run;405;;
Class.newInstance;jdk.internal.reflect.GeneratedMethodAccessor1;jdk.internal.reflect.MethodAccessorGenerator$1.run;405;;
Class.newInstance;jdk.internal.reflect.GeneratedMethodAccessor20;jdk.internal.reflect.MethodAccessorGenerator$1.run;405;;
Class.newInstance;jdk.internal.reflect.GeneratedMethodAccessor21;jdk.internal.reflect.MethodAccessorGenerator$1.run;405;;
Class.newInstance;jdk.internal.reflect.GeneratedMethodAccessor22;jdk.internal.reflect.MethodAccessorGenerator$1.run;405;;
Class.newInstance;jdk.internal.reflect.GeneratedMethodAccessor23;jdk.internal.reflect.MethodAccessorGenerator$1.run;405;;
Class.newInstance;jdk.internal.reflect.GeneratedMethodAccessor24;jdk.internal.reflect.MethodAccessorGenerator$1.run;405;;
Class.newInstance;jdk.internal.reflect.GeneratedMethodAccessor25;jdk.internal.reflect.MethodAccessorGenerator$1.run;405;;
Class.newInstance;jdk.internal.reflect.GeneratedMethodAccessor26;jdk.internal.reflect.MethodAccessorGenerator$1.run;405;;
Class.newInstance;jdk.internal.reflect.GeneratedMethodAccessor27;jdk.internal.reflect.MethodAccessorGenerator$1.run;405;;
Class.newInstance;jdk.internal.reflect.GeneratedMethodAccessor28;jdk.internal.reflect.MethodAccessorGenerator$1.run;405;;
Class.newInstance;jdk.internal.reflect.GeneratedMethodAccessor29;jdk.internal.reflect.MethodAccessorGenerator$1.run;405;;
Class.newInstance;jdk.internal.reflect.GeneratedMethodAccessor2;jdk.internal.reflect.MethodAccessorGenerator$1.run;405;;
Class.newInstance;jdk.internal.reflect.GeneratedMethodAccessor30;jdk.internal.reflect.MethodAccessorGenerator$1.run;405;;
Class.newInstance;jdk.internal.reflect.GeneratedMethodAccessor31;jdk.internal.reflect.MethodAccessorGenerator$1.run;405;;
Class.newInstance;jdk.internal.reflect.GeneratedMethodAccessor32;jdk.internal.reflect.MethodAccessorGenerator$1.run;405;;
Class.newInstance;jdk.internal.reflect.GeneratedMethodAccessor33;jdk.internal.reflect.MethodAccessorGenerator$1.run;405;;
Class.newInstance;jdk.internal.reflect.GeneratedMethodAccessor34;jdk.internal.reflect.MethodAccessorGenerator$1.run;405;;
Class.newInstance;jdk.internal.reflect.GeneratedMethodAccessor35;jdk.internal.reflect.MethodAccessorGenerator$1.run;405;;
Class.newInstance;jdk.internal.reflect.GeneratedMethodAccessor36;jdk.internal.reflect.MethodAccessorGenerator$1.run;405;;
Class.newInstance;jdk.internal.reflect.GeneratedMethodAccessor37;jdk.internal.reflect.MethodAccessorGenerator$1.run;405;;
Class.newInstance;jdk.internal.reflect.GeneratedMethodAccessor38;jdk.internal.reflect.MethodAccessorGenerator$1.run;405;;
Class.newInstance;jdk.internal.reflect.GeneratedMethodAccessor39;jdk.internal.reflect.MethodAccessorGenerator$1.run;405;;
Class.newInstance;jdk.internal.reflect.GeneratedMethodAccessor3;jdk.internal.reflect.MethodAccessorGenerator$1.run;405;;
Class.newInstance;jdk.internal.reflect.GeneratedMethodAccessor40;jdk.internal.reflect.MethodAccessorGenerator$1.run;405;;
Class.newInstance;jdk.internal.reflect.GeneratedMethodAccessor41;jdk.internal.reflect.MethodAccessorGenerator$1.run;405;;
Class.newInstance;jdk.internal.reflect.GeneratedMethodAccessor42;jdk.internal.reflect.MethodAccessorGenerator$1.run;405;;
Class.newInstance;jdk.internal.reflect.GeneratedMethodAccessor43;jdk.internal.reflect.MethodAccessorGenerator$1.run;405;;
Class.newInstance;jdk.internal.reflect.GeneratedMethodAccessor44;jdk.internal.reflect.MethodAccessorGenerator$1.run;405;;
Class.newInstance;jdk.internal.reflect.GeneratedMethodAccessor45;jdk.internal.reflect.MethodAccessorGenerator$1.run;405;;
Class.newInstance;jdk.internal.reflect.GeneratedMethodAccessor46;jdk.internal.reflect.MethodAccessorGenerator$1.run;405;;
Class.newInstance;jdk.internal.reflect.GeneratedMethodAccessor47;jdk.internal.reflect.MethodAccessorGenerator$1.run;405;;
Class.newInstance;jdk.internal.reflect.GeneratedMethodAccessor48;jdk.internal.reflect.MethodAccessorGenerator$1.run;405;;
Class.newInstance;jdk.internal.reflect.GeneratedMethodAccessor49;jdk.internal.reflect.MethodAccessorGenerator$1.run;405;;
Class.newInstance;jdk.internal.reflect.GeneratedMethodAccessor4;jdk.internal.reflect.MethodAccessorGenerator$1.run;405;;
Class.newInstance;jdk.internal.reflect.GeneratedMethodAccessor50;jdk.internal.reflect.MethodAccessorGenerator$1.run;405;;
Class.newInstance;jdk.internal.reflect.GeneratedMethodAccessor51;jdk.internal.reflect.MethodAccessorGenerator$1.run;405;;
Class.newInstance;jdk.internal.reflect.GeneratedMethodAccessor52;jdk.internal.reflect.MethodAccessorGenerator$1.run;405;;
Class.newInstance;jdk.internal.reflect.GeneratedMethodAccessor53;jdk.internal.reflect.MethodAccessorGenerator$1.run;405;;
Class.newInstance;jdk.internal.reflect.GeneratedMethodAccessor54;jdk.internal.reflect.MethodAccessorGenerator$1.run;405;;
Class.newInstance;jdk.internal.reflect.GeneratedMethodAccessor55;jdk.internal.reflect.MethodAccessorGenerator$1.run;405;;
Class.newInstance;jdk.internal.reflect.GeneratedMethodAccessor56;jdk.internal.reflect.MethodAccessorGenerator$1.run;405;;
Class.newInstance;jdk.internal.reflect.GeneratedMethodAccessor57;jdk.internal.reflect.MethodAccessorGenerator$1.run;405;;
Class.newInstance;jdk.internal.reflect.GeneratedMethodAccessor58;jdk.internal.reflect.MethodAccessorGenerator$1.run;405;;
Class.newInstance;jdk.internal.reflect.GeneratedMethodAccessor59;jdk.internal.reflect.MethodAccessorGenerator$1.run;405;;
Class.newInstance;jdk.internal.reflect.GeneratedMethodAccessor5;jdk.internal.reflect.MethodAccessorGenerator$1.run;405;;
Class.newInstance;jdk.internal.reflect.GeneratedMethodAccessor60;jdk.internal.reflect.MethodAccessorGenerator$1.run;405;;
Class.newInstance;jdk.internal.reflect.GeneratedMethodAccessor61;jdk.internal.reflect.MethodAccessorGenerator$1.run;405;;
Class.newInstance;jdk.internal.reflect.GeneratedMethodAccessor62;jdk.internal.reflect.MethodAccessorGenerator$1.run;405;;
Class.newInstance;jdk.internal.reflect.GeneratedMethodAccessor63;jdk.internal.reflect.MethodAccessorGenerator$1.run;405;;
Class.newInstance;jdk.internal.reflect.GeneratedMethodAccessor64;jdk.internal.reflect.MethodAccessorGenerator$1.run;405;;
Class.newInstance;jdk.internal.reflect.GeneratedMethodAccessor65;jdk.internal.reflect.MethodAccessorGenerator$1.run;405;;
Class.newInstance;jdk.internal.reflect.GeneratedMethodAccessor66;jdk.internal.reflect.MethodAccessorGenerator$1.run;405;;
Class.newInstance;jdk.internal.reflect.GeneratedMethodAccessor67;jdk.internal.reflect.MethodAccessorGenerator$1.run;405;;
Class.newInstance;jdk.internal.reflect.GeneratedMethodAccessor68;jdk.internal.reflect.MethodAccessorGenerator$1.run;405;;
Class.newInstance;jdk.internal.reflect.GeneratedMethodAccessor69;jdk.internal.reflect.MethodAccessorGenerator$1.run;405;;
Class.newInstance;jdk.internal.reflect.GeneratedMethodAccessor6;jdk.internal.reflect.MethodAccessorGenerator$1.run;405;;
Class.newInstance;jdk.internal.reflect.GeneratedMethodAccessor70;jdk.internal.reflect.MethodAccessorGenerator$1.run;405;;
Class.newInstance;jdk.internal.reflect.GeneratedMethodAccessor71;jdk.internal.reflect.MethodAccessorGenerator$1.run;405;;
Class.newInstance;jdk.internal.reflect.GeneratedMethodAccessor72;jdk.internal.reflect.MethodAccessorGenerator$1.run;405;;
Class.newInstance;jdk.internal.reflect.GeneratedMethodAccessor73;jdk.internal.reflect.MethodAccessorGenerator$1.run;405;;
Class.newInstance;jdk.internal.reflect.GeneratedMethodAccessor74;jdk.internal.reflect.MethodAccessorGenerator$1.run;405;;
Class.newInstance;jdk.internal.reflect.GeneratedMethodAccessor75;jdk.internal.reflect.MethodAccessorGenerator$1.run;405;;
Class.newInstance;jdk.internal.reflect.GeneratedMethodAccessor76;jdk.internal.reflect.MethodAccessorGenerator$1.run;405;;
Class.newInstance;jdk.internal.reflect.GeneratedMethodAccessor77;jdk.internal.reflect.MethodAccessorGenerator$1.run;405;;
Class.newInstance;jdk.internal.reflect.GeneratedMethodAccessor78;jdk.internal.reflect.MethodAccessorGenerator$1.run;405;;
Class.newInstance;jdk.internal.reflect.GeneratedMethodAccessor79;jdk.internal.reflect.MethodAccessorGenerator$1.run;405;;
Class.newInstance;jdk.internal.reflect.GeneratedMethodAccessor7;jdk.internal.reflect.MethodAccessorGenerator$1.run;405;;
Class.newInstance;jdk.internal.reflect.GeneratedMethodAccessor80;jdk.internal.reflect.MethodAccessorGenerator$1.run;405;;
Class.newInstance;jdk.internal.reflect.GeneratedMethodAccessor81;jdk.internal.reflect.MethodAccessorGenerator$1.run;405;;
Class.newInstance;jdk.internal.reflect.GeneratedMethodAccessor82;jdk.internal.reflect.MethodAccessorGenerator$1.run;405;;
Class.newInstance;jdk.internal.reflect.GeneratedMethodAccessor83;jdk.internal.reflect.MethodAccessorGenerator$1.run;405;;
Class.newInstance;jdk.internal.reflect.GeneratedMethodAccessor84;jdk.internal.reflect.MethodAccessorGenerator$1.run;405;;
Class.newInstance;jdk.internal.reflect.GeneratedMethodAccessor85;jdk.internal.reflect.MethodAccessorGenerator$1.run;405;;
Class.newInstance;jdk.internal.reflect.GeneratedMethodAccessor86;jdk.internal.reflect.MethodAccessorGenerator$1.run;405;;
Class.newInstance;jdk.internal.reflect.GeneratedMethodAccessor87;jdk.internal.reflect.MethodAccessorGenerator$1.run;405;;
Class.newInstance;jdk.internal.reflect.GeneratedMethodAccessor88;jdk.internal.reflect.MethodAccessorGenerator$1.run;405;;
Class.newInstance;jdk.internal.reflect.GeneratedMethodAccessor89;jdk.internal.reflect.MethodAccessorGenerator$1.run;405;;
Class.newInstance;jdk.internal.reflect.GeneratedMethodAccessor8;jdk.internal.reflect.MethodAccessorGenerator$1.run;405;;
Class.newInstance;jdk.internal.reflect.GeneratedMethodAccessor90;jdk.internal.reflect.MethodAccessorGenerator$1.run;405;;
Class.newInstance;jdk.internal.reflect.GeneratedMethodAccessor91;jdk.internal.reflect.MethodAccessorGenerator$1.run;405;;
Class.newInstance;jdk.internal.reflect.GeneratedMethodAccessor92;jdk.internal.reflect.MethodAccessorGenerator$1.run;405;;
Class.newInstance;jdk.internal.reflect.GeneratedMethodAccessor93;jdk.internal.reflect.MethodAccessorGenerator$1.run;405;;
Class.newInstance;jdk.internal.reflect.GeneratedMethodAccessor94;jdk.internal.reflect.MethodAccessorGenerator$1.run;405;;
Class.newInstance;jdk.internal.reflect.GeneratedMethodAccessor95;jdk.internal.reflect.MethodAccessorGenerator$1.run;405;;
Class.newInstance;jdk.internal.reflect.GeneratedMethodAccessor96;jdk.internal.reflect.MethodAccessorGenerator$1.run;405;;
Class.newInstance;jdk.internal.reflect.GeneratedMethodAccessor97;jdk.internal.reflect.MethodAccessorGenerator$1.run;405;;
Class.newInstance;jdk.internal.reflect.GeneratedMethodAccessor98;jdk.internal.reflect.MethodAccessorGenerator$1.run;405;;
Class.newInstance;jdk.internal.reflect.GeneratedMethodAccessor99;jdk.internal.reflect.MethodAccessorGenerator$1.run;405;;
Class.newInstance;jdk.internal.reflect.GeneratedMethodAccessor9;jdk.internal.reflect.MethodAccessorGenerator$1.run;405;;
Class.newInstance;jdk.internal.reflect.GeneratedSerializationConstructorAccessor10;jdk.internal.reflect.MethodAccessorGenerator$1.run;405;;
Class.newInstance;jdk.internal.reflect.GeneratedSerializationConstructorAccessor11;jdk.internal.reflect.MethodAccessorGenerator$1.run;405;;
Class.newInstance;jdk.internal.reflect.GeneratedSerializationConstructorAccessor12;jdk.internal.reflect.MethodAccessorGenerator$1.run;405;;
Class.newInstance;jdk.internal.reflect.GeneratedSerializationConstructorAccessor13;jdk.internal.reflect.MethodAccessorGenerator$1.run;405;;
Class.newInstance;jdk.internal.reflect.GeneratedSerializationConstructorAccessor14;jdk.internal.reflect.MethodAccessorGenerator$1.run;405;;
Class.newInstance;jdk.internal.reflect.GeneratedSerializationConstructorAccessor15;jdk.internal.reflect.MethodAccessorGenerator$1.run;405;;
Class.newInstance;jdk.internal.reflect.GeneratedSerializationConstructorAccessor16;jdk.internal.reflect.MethodAccessorGenerator$1.run;405;;
Class.newInstance;jdk.internal.reflect.GeneratedSerializationConstructorAccessor17;jdk.internal.reflect.MethodAccessorGenerator$1.run;405;;
Class.newInstance;jdk.internal.reflect.GeneratedSerializationConstructorAccessor18;jdk.internal.reflect.MethodAccessorGenerator$1.run;405;;
Class.newInstance;jdk.internal.reflect.GeneratedSerializationConstructorAccessor19;jdk.internal.reflect.MethodAccessorGenerator$1.run;405;;
Class.newInstance;jdk.internal.reflect.GeneratedSerializationConstructorAccessor1;jdk.internal.reflect.MethodAccessorGenerator$1.run;405;;
Class.newInstance;jdk.internal.reflect.GeneratedSerializationConstructorAccessor20;jdk.internal.reflect.MethodAccessorGenerator$1.run;405;;
Class.newInstance;jdk.internal.reflect.GeneratedSerializationConstructorAccessor21;jdk.internal.reflect.MethodAccessorGenerator$1.run;405;;
Class.newInstance;jdk.internal.reflect.GeneratedSerializationConstructorAccessor22;jdk.internal.reflect.MethodAccessorGenerator$1.run;405;;
Class.newInstance;jdk.internal.reflect.GeneratedSerializationConstructorAccessor23;jdk.internal.reflect.MethodAccessorGenerator$1.run;405;;
Class.newInstance;jdk.internal.reflect.GeneratedSerializationConstructorAccessor24;jdk.internal.reflect.MethodAccessorGenerator$1.run;405;;
Class.newInstance;jdk.internal.reflect.GeneratedSerializationConstructorAccessor25;jdk.internal.reflect.MethodAccessorGenerator$1.run;405;;
Class.newInstance;jdk.internal.reflect.GeneratedSerializationConstructorAccessor26;jdk.internal.reflect.MethodAccessorGenerator$1.run;405;;
Class.newInstance;jdk.internal.reflect.GeneratedSerializationConstructorAccessor27;jdk.internal.reflect.MethodAccessorGenerator$1.run;405;;
Class.newInstance;jdk.internal.reflect.GeneratedSerializationConstructorAccessor28;jdk.internal.reflect.MethodAccessorGenerator$1.run;405;;
Class.newInstance;jdk.internal.reflect.GeneratedSerializationConstructorAccessor29;jdk.internal.reflect.MethodAccessorGenerator$1.run;405;;
Class.newInstance;jdk.internal.reflect.GeneratedSerializationConstructorAccessor2;jdk.internal.reflect.MethodAccessorGenerator$1.run;405;;
Class.newInstance;jdk.internal.reflect.GeneratedSerializationConstructorAccessor30;jdk.internal.reflect.MethodAccessorGenerator$1.run;405;;
Class.newInstance;jdk.internal.reflect.GeneratedSerializationConstructorAccessor31;jdk.internal.reflect.MethodAccessorGenerator$1.run;405;;
Class.newInstance;jdk.internal.reflect.GeneratedSerializationConstructorAccessor32;jdk.internal.reflect.MethodAccessorGenerator$1.run;405;;
Class.newInstance;jdk.internal.reflect.GeneratedSerializationConstructorAccessor33;jdk.internal.reflect.MethodAccessorGenerator$1.run;405;;
Class.newInstance;jdk.internal.reflect.GeneratedSerializationConstructorAccessor34;jdk.internal.reflect.MethodAccessorGenerator$1.run;405;;
Class.newInstance;jdk.internal.reflect.GeneratedSerializationConstructorAccessor35;jdk.internal.reflect.MethodAccessorGenerator$1.run;405;;
Class.newInstance;jdk.internal.reflect.GeneratedSerializationConstructorAccessor36;jdk.internal.reflect.MethodAccessorGenerator$1.run;405;;
Class.newInstance;jdk.internal.reflect.GeneratedSerializationConstructorAccessor37;jdk.internal.reflect.MethodAccessorGenerator$1.run;405;;
Class.newInstance;jdk.internal.reflect.GeneratedSerializationConstructorAccessor38;jdk.internal.reflect.MethodAccessorGenerator$1.run;405;;
Class.newInstance;jdk.internal.reflect.GeneratedSerializationConstructorAccessor39;jdk.internal.reflect.MethodAccessorGenerator$1.run;405;;
Class.newInstance;jdk.internal.reflect.GeneratedSerializationConstructorAccessor3;jdk.internal.reflect.MethodAccessorGenerator$1.run;405;;
Class.newInstance;jdk.internal.reflect.GeneratedSerializationConstructorAccessor4;jdk.internal.reflect.MethodAccessorGenerator$1.run;405;;
Class.newInstance;jdk.internal.reflect.GeneratedSerializationConstructorAccessor5;jdk.internal.reflect.MethodAccessorGenerator$1.run;405;;
Class.newInstance;jdk.internal.reflect.GeneratedSerializationConstructorAccessor6;jdk.internal.reflect.MethodAccessorGenerator$1.run;405;;
Class.newInstance;jdk.internal.reflect.GeneratedSerializationConstructorAccessor7;jdk.internal.reflect.MethodAccessorGenerator$1.run;405;;
Class.newInstance;jdk.internal.reflect.GeneratedSerializationConstructorAccessor8;jdk.internal.reflect.MethodAccessorGenerator$1.run;405;;
Class.newInstance;jdk.internal.reflect.GeneratedSerializationConstructorAccessor9;jdk.internal.reflect.MethodAccessorGenerator$1.run;405;;
Class.newInstance;org.apache.commons.httpclient.cookie.RFC2109Spec;org.apache.commons.httpclient.cookie.CookiePolicy.getCookieSpec;;;
Class.newInstance;org.apache.commons.logging.impl.LogFactoryImpl;org.apache.commons.logging.LogFactory.createFactory;1047;;
Class.newInstance;org.apache.commons.logging.impl.WeakHashtable;org.apache.commons.logging.LogFactory.createFactoryStore;332;;
Class.newInstance;org.apache.logging.log4j.message.DefaultFlowMessageFactory;org.apache.logging.log4j.spi.AbstractLogger.createDefaultFlowMessageFactory;244;;
Class.newInstance;org.apache.logging.log4j.message.ParameterizedMessageFactory;org.apache.logging.log4j.spi.AbstractLogger.createDefaultMessageFactory;228;;
Class.newInstance;org.apache.logging.slf4j.MDCContextMap;org.apache.logging.log4j.spi.ThreadContextMapFactory.createThreadContextMap;106;;
Class.newInstance;org.apache.logging.slf4j.SLF4JLoggerContextFactory;org.apache.logging.log4j.LogManager.<clinit>;95;;
Class.newInstance;org.hibernate.boot.model.naming.CamelCaseToUnderscoresNamingStrategy;org.hibernate.boot.registry.selector.internal.StrategySelectorImpl.lambda$static$0;38;;
Class.newInstance;org.hibernate.dialect.H2Dialect;org.hibernate.dialect.Database.latestDialectInstance;577;;
Class.newInstance;org.hibernate.hql.internal.ast.HqlToken;antlr.CharScanner.makeToken;173;;
Class.newInstance;org.hibernate.hql.internal.ast.tree.BinaryLogicOperatorNode;org.hibernate.hql.internal.ast.SqlASTFactory.create;253;;
Class.newInstance;org.hibernate.hql.internal.ast.tree.CountNode;org.hibernate.hql.internal.ast.SqlASTFactory.create;253;;
Class.newInstance;org.hibernate.hql.internal.ast.tree.DotNode;org.hibernate.hql.internal.ast.SqlASTFactory.create;253;;
Class.newInstance;org.hibernate.hql.internal.ast.tree.FromClause;org.hibernate.hql.internal.ast.SqlASTFactory.create;253;;
Class.newInstance;org.hibernate.hql.internal.ast.tree.FromElement;org.hibernate.hql.internal.ast.SqlASTFactory.create;253;;
Class.newInstance;org.hibernate.hql.internal.ast.tree.IdentNode;org.hibernate.hql.internal.ast.SqlASTFactory.create;253;;
Class.newInstance;org.hibernate.hql.internal.ast.tree.Node;antlr.ASTFactory.create;262;;
Class.newInstance;org.hibernate.hql.internal.ast.tree.OrderByClause;org.hibernate.hql.internal.ast.SqlASTFactory.create;253;;
Class.newInstance;org.hibernate.hql.internal.ast.tree.ParameterNode;org.hibernate.hql.internal.ast.SqlASTFactory.create;253;;
Class.newInstance;org.hibernate.hql.internal.ast.tree.QueryNode;org.hibernate.hql.internal.ast.SqlASTFactory.create;253;;
Class.newInstance;org.hibernate.hql.internal.ast.tree.SelectClause;org.hibernate.hql.internal.ast.SqlASTFactory.create;253;;
Class.newInstance;org.hibernate.hql.internal.ast.tree.SelectExpressionImpl;org.hibernate.hql.internal.ast.SqlASTFactory.create;253;;
Class.newInstance;org.hibernate.hql.internal.ast.tree.SqlFragment;org.hibernate.hql.internal.ast.SqlASTFactory.create;253;;
Class.newInstance;org.hibernate.hql.internal.ast.tree.SqlNode;org.hibernate.hql.internal.ast.SqlASTFactory.create;253;;
Class.newInstance;org.hibernate.id.IdentityGenerator;org.hibernate.id.factory.internal.DefaultIdentifierGeneratorFactory.createIdentifierGenerator;121;;
Class.newInstance;org.hibernate.resource.transaction.backend.jdbc.internal.JdbcResourceLocalTransactionCoordinatorBuilderImpl;org.hibernate.boot.registry.selector.internal.StrategySelectorImpl.lambda$static$0;38;;
Class.newInstance;org.hibernate.sql.ordering.antlr.NodeSupport;antlr.ASTFactory.create;262;;
Class.newInstance;org.hibernate.sql.ordering.antlr.OrderByFragment;antlr.ASTFactory.create;262;;
Class.newInstance;org.hibernate.sql.ordering.antlr.OrderingSpecification;antlr.ASTFactory.create;262;;
Class.newInstance;org.hibernate.sql.ordering.antlr.SortKey;antlr.ASTFactory.create;262;;
Class.newInstance;org.hibernate.sql.ordering.antlr.SortSpecification;antlr.ASTFactory.create;262;;
Class.newInstance;org.springframework.boot.logging.logback.ColorConverter;ch.qos.logback.core.util.OptionHelper.instantiateByClassNameAndParameter;60;;
Class.newInstance;org.springframework.boot.logging.logback.ExtendedWhitespaceThrowableProxyConverter;ch.qos.logback.core.util.OptionHelper.instantiateByClassNameAndParameter;60;;
Class.newInstance;org.springframework.boot.orm.jpa.hibernate.SpringImplicitNamingStrategy;org.hibernate.boot.registry.selector.internal.StrategySelectorImpl.lambda$static$0;38;;
Class.newInstance;org.thymeleaf.spring5.expression.Mvc$Spring41MvcUriComponentsBuilderDelegate;org.thymeleaf.spring5.expression.Mvc.<clinit>;57;;
Class.newInstance;sun.net.spi.DefaultProxySelector;java.net.ProxySelector.<clinit>;75;;
Class.newInstance;sun.text.resources.cldr.ext.FormatData_en_001;sun.util.resources.provider.LocaleDataProvider.loadResourceBundle;58;;
Class.newInstance;sun.text.resources.cldr.ext.FormatData_en_AU;sun.util.resources.provider.LocaleDataProvider.loadResourceBundle;58;;
Constructor.newInstance;<com.fasterxml.jackson.databind.ext.Java7SupportImpl: void <init>()>;com.fasterxml.jackson.databind.util.ClassUtil.createInstance;566;isAccessible=false;
Constructor.newInstance;<com.fasterxml.jackson.datatype.jdk8.Jdk8Module: void <init>()>;org.springframework.beans.BeanUtils.instantiateClass;211;isAccessible=false;
Constructor.newInstance;<com.fasterxml.jackson.datatype.jsr310.JavaTimeModule: void <init>()>;org.springframework.beans.BeanUtils.instantiateClass;211;isAccessible=false;
Constructor.newInstance;<com.fasterxml.jackson.datatype.jsr310.deser.InstantDeserializer$$Lambda$338: void <init>()>;java.lang.invoke.InnerClassLambdaMetafactory.buildCallSite;261;isAccessible=true;
Constructor.newInstance;<com.fasterxml.jackson.datatype.jsr310.deser.InstantDeserializer$$Lambda$339: void <init>()>;java.lang.invoke.InnerClassLambdaMetafactory.buildCallSite;261;isAccessible=true;
Constructor.newInstance;<com.fasterxml.jackson.datatype.jsr310.deser.InstantDeserializer$$Lambda$340: void <init>()>;java.lang.invoke.InnerClassLambdaMetafactory.buildCallSite;261;isAccessible=true;
Constructor.newInstance;<com.fasterxml.jackson.datatype.jsr310.deser.InstantDeserializer$$Lambda$341: void <init>()>;java.lang.invoke.InnerClassLambdaMetafactory.buildCallSite;261;isAccessible=true;
Constructor.newInstance;<com.fasterxml.jackson.datatype.jsr310.deser.InstantDeserializer$$Lambda$342: void <init>()>;java.lang.invoke.InnerClassLambdaMetafactory.buildCallSite;261;isAccessible=true;
Constructor.newInstance;<com.fasterxml.jackson.datatype.jsr310.deser.InstantDeserializer$$Lambda$343: void <init>()>;java.lang.invoke.InnerClassLambdaMetafactory.buildCallSite;261;isAccessible=true;
Constructor.newInstance;<com.fasterxml.jackson.datatype.jsr310.deser.InstantDeserializer$$Lambda$344: void <init>()>;java.lang.invoke.InnerClassLambdaMetafactory.buildCallSite;261;isAccessible=true;
Constructor.newInstance;<com.fasterxml.jackson.datatype.jsr310.deser.InstantDeserializer$$Lambda$345: void <init>()>;java.lang.invoke.InnerClassLambdaMetafactory.buildCallSite;261;isAccessible=true;
Constructor.newInstance;<com.fasterxml.jackson.datatype.jsr310.deser.InstantDeserializer$$Lambda$346: void <init>()>;java.lang.invoke.InnerClassLambdaMetafactory.buildCallSite;261;isAccessible=true;
Constructor.newInstance;<com.fasterxml.jackson.datatype.jsr310.deser.InstantDeserializer$$Lambda$347: void <init>()>;java.lang.invoke.InnerClassLambdaMetafactory.buildCallSite;261;isAccessible=true;
Constructor.newInstance;<com.fasterxml.jackson.datatype.jsr310.deser.InstantDeserializer$$Lambda$348: void <init>()>;java.lang.invoke.InnerClassLambdaMetafactory.buildCallSite;261;isAccessible=true;
Constructor.newInstance;<com.fasterxml.jackson.datatype.jsr310.deser.InstantDeserializer$$Lambda$349: void <init>()>;java.lang.invoke.InnerClassLambdaMetafactory.buildCallSite;261;isAccessible=true;
Constructor.newInstance;<com.fasterxml.jackson.datatype.jsr310.ser.InstantSerializer$$Lambda$350: void <init>()>;java.lang.invoke.InnerClassLambdaMetafactory.buildCallSite;261;isAccessible=true;
Constructor.newInstance;<com.fasterxml.jackson.datatype.jsr310.ser.InstantSerializer$$Lambda$351: void <init>()>;java.lang.invoke.InnerClassLambdaMetafactory.buildCallSite;261;isAccessible=true;
Constructor.newInstance;<com.fasterxml.jackson.datatype.jsr310.ser.InstantSerializer$$Lambda$352: void <init>()>;java.lang.invoke.InnerClassLambdaMetafactory.buildCallSite;261;isAccessible=true;
Constructor.newInstance;<com.fasterxml.jackson.datatype.jsr310.ser.OffsetDateTimeSerializer$$Lambda$353: void <init>()>;java.lang.invoke.InnerClassLambdaMetafactory.buildCallSite;261;isAccessible=true;
Constructor.newInstance;<com.fasterxml.jackson.datatype.jsr310.ser.OffsetDateTimeSerializer$$Lambda$354: void <init>()>;java.lang.invoke.InnerClassLambdaMetafactory.buildCallSite;261;isAccessible=true;
Constructor.newInstance;<com.fasterxml.jackson.datatype.jsr310.ser.OffsetDateTimeSerializer$$Lambda$355: void <init>()>;java.lang.invoke.InnerClassLambdaMetafactory.buildCallSite;261;isAccessible=true;
Constructor.newInstance;<com.fasterxml.jackson.datatype.jsr310.ser.ZonedDateTimeSerializer$$Lambda$356: void <init>()>;java.lang.invoke.InnerClassLambdaMetafactory.buildCallSite;261;isAccessible=true;
Constructor.newInstance;<com.fasterxml.jackson.datatype.jsr310.ser.ZonedDateTimeSerializer$$Lambda$357: void <init>()>;java.lang.invoke.InnerClassLambdaMetafactory.buildCallSite;261;isAccessible=true;
Constructor.newInstance;<com.fasterxml.jackson.datatype.jsr310.ser.ZonedDateTimeSerializer$$Lambda$358: void <init>()>;java.lang.invoke.InnerClassLambdaMetafactory.buildCallSite;261;isAccessible=true;
Constructor.newInstance;<com.mysql.cj.jdbc.AbandonedConnectionCleanupThread$$Lambda$941: void <init>()>;java.lang.invoke.InnerClassLambdaMetafactory.buildCallSite;261;isAccessible=true;
Constructor.newInstance;<com.mysql.cj.jdbc.Driver: void <init>()>;java.util.ServiceLoader$ProviderImpl.newInstance;789;isAccessible=false;
Constructor.newInstance;<com.sun.management.internal.PlatformMBeanProviderImpl$$Lambda$220: void <init>()>;java.lang.invoke.InnerClassLambdaMetafactory.buildCallSite;261;isAccessible=true;
Constructor.newInstance;<com.sun.management.internal.PlatformMBeanProviderImpl: void <init>()>;java.util.ServiceLoader$ProviderImpl.newInstance;789;isAccessible=true;
Constructor.newInstance;<com.sun.naming.internal.VersionHelper$$Lambda$112: void <init>()>;java.lang.invoke.InnerClassLambdaMetafactory.buildCallSite;261;isAccessible=true;
Constructor.newInstance;<com.sun.naming.internal.VersionHelper$$Lambda$113: void <init>()>;java.lang.invoke.InnerClassLambdaMetafactory.buildCallSite;261;isAccessible=true;
Constructor.newInstance;<com.sun.naming.internal.VersionHelper$$Lambda$114: void <init>()>;java.lang.invoke.InnerClassLambdaMetafactory.buildCallSite;261;isAccessible=true;
Constructor.newInstance;<com.sun.org.apache.xalan.internal.xsltc.trax.TransformerFactoryImpl: void <init>()>;javax.xml.transform.FactoryFinder.newInstance;170;isAccessible=false;
Constructor.newInstance;<com.sun.org.apache.xerces.internal.jaxp.datatype.DatatypeFactoryImpl: void <init>()>;javax.xml.datatype.FactoryFinder.newInstance;189;isAccessible=false;
Constructor.newInstance;<com.sun.proxy.jdk.proxy1.$Proxy112: void <init>(java.lang.reflect.InvocationHandler)>;java.lang.reflect.Proxy.newProxyInstance;1053;isAccessible=true;
Constructor.newInstance;<com.sun.proxy.jdk.proxy1.$Proxy138: void <init>(java.lang.reflect.InvocationHandler)>;java.lang.reflect.Proxy.newProxyInstance;1053;isAccessible=true;
Constructor.newInstance;<com.sun.proxy.jdk.proxy1.$Proxy21: void <init>(java.lang.reflect.InvocationHandler)>;java.lang.reflect.Proxy.newProxyInstance;1053;isAccessible=true;
Constructor.newInstance;<com.sun.security.sasl.Provider: void <init>()>;java.util.ServiceLoader$ProviderImpl.newInstance;789;isAccessible=true;
Constructor.newInstance;<com.sun.security.sasl.gsskerb.JdkSASL: void <init>()>;java.util.ServiceLoader$ProviderImpl.newInstance;789;isAccessible=true;
Constructor.newInstance;<com.sun.xml.internal.stream.events.XMLEventFactoryImpl: void <init>()>;javax.xml.stream.FactoryFinder.newInstance;190;isAccessible=false;
Constructor.newInstance;<com.zaxxer.hikari.HikariDataSource: void <init>()>;org.springframework.beans.BeanUtils.instantiateClass;211;isAccessible=false;
Constructor.newInstance;<com.zaxxer.hikari.metrics.micrometer.MicrometerMetricsTracker$$Lambda$950: void <init>()>;java.lang.invoke.InnerClassLambdaMetafactory.buildCallSite;261;isAccessible=true;
Constructor.newInstance;<com.zaxxer.hikari.metrics.micrometer.MicrometerMetricsTracker$$Lambda$951: void <init>()>;java.lang.invoke.InnerClassLambdaMetafactory.buildCallSite;261;isAccessible=true;
Constructor.newInstance;<com.zaxxer.hikari.metrics.micrometer.MicrometerMetricsTracker$$Lambda$952: void <init>()>;java.lang.invoke.InnerClassLambdaMetafactory.buildCallSite;261;isAccessible=true;
Constructor.newInstance;<com.zaxxer.hikari.metrics.micrometer.MicrometerMetricsTracker$$Lambda$953: void <init>()>;java.lang.invoke.InnerClassLambdaMetafactory.buildCallSite;261;isAccessible=true;
Constructor.newInstance;<com.zaxxer.hikari.metrics.micrometer.MicrometerMetricsTracker$$Lambda$954: void <init>()>;java.lang.invoke.InnerClassLambdaMetafactory.buildCallSite;261;isAccessible=true;
Constructor.newInstance;<com.zaxxer.hikari.metrics.micrometer.MicrometerMetricsTracker$$Lambda$955: void <init>()>;java.lang.invoke.InnerClassLambdaMetafactory.buildCallSite;261;isAccessible=true;
Constructor.newInstance;<com.zaxxer.hikari.pool.ProxyConnection$ClosedConnection$$Lambda$956: void <init>()>;java.lang.invoke.InnerClassLambdaMetafactory.buildCallSite;261;isAccessible=true;
Constructor.newInstance;<com.zaxxer.hikari.util.ConcurrentBag$$Lambda$942: void <init>()>;java.lang.invoke.InnerClassLambdaMetafactory.buildCallSite;261;isAccessible=true;
Constructor.newInstance;<io.micrometer.core.instrument.MeterRegistry$$Lambda$770: void <init>()>;java.lang.invoke.InnerClassLambdaMetafactory.buildCallSite;261;isAccessible=true;
Constructor.newInstance;<io.micrometer.core.instrument.MeterRegistry$$Lambda$774: void <init>()>;java.lang.invoke.InnerClassLambdaMetafactory.buildCallSite;261;isAccessible=true;
Constructor.newInstance;<io.micrometer.core.instrument.MeterRegistry$$Lambda$788: void <init>()>;java.lang.invoke.InnerClassLambdaMetafactory.buildCallSite;261;isAccessible=true;
Constructor.newInstance;<io.micrometer.core.instrument.MeterRegistry$More$$Lambda$804: void <init>()>;java.lang.invoke.InnerClassLambdaMetafactory.buildCallSite;261;isAccessible=true;
Constructor.newInstance;<io.micrometer.core.instrument.MeterRegistry$More$$Lambda$807: void <init>()>;java.lang.invoke.InnerClassLambdaMetafactory.buildCallSite;261;isAccessible=true;
Constructor.newInstance;<io.micrometer.core.instrument.TimeGauge$$Lambda$1459: void <init>()>;java.lang.invoke.InnerClassLambdaMetafactory.buildCallSite;261;isAccessible=true;
Constructor.newInstance;<io.micrometer.core.instrument.binder.jvm.ClassLoaderMetrics$$Lambda$801: void <init>()>;java.lang.invoke.InnerClassLambdaMetafactory.buildCallSite;261;isAccessible=true;
Constructor.newInstance;<io.micrometer.core.instrument.binder.jvm.ClassLoaderMetrics$$Lambda$802: void <init>()>;java.lang.invoke.InnerClassLambdaMetafactory.buildCallSite;261;isAccessible=true;
Constructor.newInstance;<io.micrometer.core.instrument.binder.jvm.ExecutorServiceMetrics$$Lambda$1428: void <init>()>;java.lang.invoke.InnerClassLambdaMetafactory.buildCallSite;261;isAccessible=true;
Constructor.newInstance;<io.micrometer.core.instrument.binder.jvm.ExecutorServiceMetrics$$Lambda$1429: void <init>()>;java.lang.invoke.InnerClassLambdaMetafactory.buildCallSite;261;isAccessible=true;
Constructor.newInstance;<io.micrometer.core.instrument.binder.jvm.ExecutorServiceMetrics$$Lambda$1430: void <init>()>;java.lang.invoke.InnerClassLambdaMetafactory.buildCallSite;261;isAccessible=true;
Constructor.newInstance;<io.micrometer.core.instrument.binder.jvm.ExecutorServiceMetrics$$Lambda$1431: void <init>()>;java.lang.invoke.InnerClassLambdaMetafactory.buildCallSite;261;isAccessible=true;
Constructor.newInstance;<io.micrometer.core.instrument.binder.jvm.ExecutorServiceMetrics$$Lambda$1432: void <init>()>;java.lang.invoke.InnerClassLambdaMetafactory.buildCallSite;261;isAccessible=true;
Constructor.newInstance;<io.micrometer.core.instrument.binder.jvm.ExecutorServiceMetrics$$Lambda$1433: void <init>()>;java.lang.invoke.InnerClassLambdaMetafactory.buildCallSite;261;isAccessible=true;
Constructor.newInstance;<io.micrometer.core.instrument.binder.jvm.ExecutorServiceMetrics$$Lambda$1434: void <init>()>;java.lang.invoke.InnerClassLambdaMetafactory.buildCallSite;261;isAccessible=true;
Constructor.newInstance;<io.micrometer.core.instrument.binder.jvm.JvmGcMetrics$$Lambda$733: void <init>()>;java.lang.invoke.InnerClassLambdaMetafactory.buildCallSite;261;isAccessible=true;
Constructor.newInstance;<io.micrometer.core.instrument.binder.jvm.JvmGcMetrics$$Lambda$734: void <init>()>;java.lang.invoke.InnerClassLambdaMetafactory.buildCallSite;261;isAccessible=true;
Constructor.newInstance;<io.micrometer.core.instrument.binder.jvm.JvmGcMetrics$$Lambda$735: void <init>()>;java.lang.invoke.InnerClassLambdaMetafactory.buildCallSite;261;isAccessible=true;
Constructor.newInstance;<io.micrometer.core.instrument.binder.jvm.JvmGcMetrics$$Lambda$762: void <init>()>;java.lang.invoke.InnerClassLambdaMetafactory.buildCallSite;261;isAccessible=true;
Constructor.newInstance;<io.micrometer.core.instrument.binder.jvm.JvmGcMetrics$$Lambda$767: void <init>()>;java.lang.invoke.InnerClassLambdaMetafactory.buildCallSite;261;isAccessible=true;
Constructor.newInstance;<io.micrometer.core.instrument.binder.jvm.JvmGcMetrics$$Lambda$768: void <init>()>;java.lang.invoke.InnerClassLambdaMetafactory.buildCallSite;261;isAccessible=true;
Constructor.newInstance;<io.micrometer.core.instrument.binder.jvm.JvmGcMetrics$$Lambda$772: void <init>()>;java.lang.invoke.InnerClassLambdaMetafactory.buildCallSite;261;isAccessible=true;
Constructor.newInstance;<io.micrometer.core.instrument.binder.jvm.JvmGcMetrics$$Lambda$775: void <init>()>;java.lang.invoke.InnerClassLambdaMetafactory.buildCallSite;261;isAccessible=true;
Constructor.newInstance;<io.micrometer.core.instrument.binder.jvm.JvmHeapPressureMetrics$$Lambda$738: void <init>()>;java.lang.invoke.InnerClassLambdaMetafactory.buildCallSite;261;isAccessible=true;
Constructor.newInstance;<io.micrometer.core.instrument.binder.jvm.JvmHeapPressureMetrics$$Lambda$740: void <init>()>;java.lang.invoke.InnerClassLambdaMetafactory.buildCallSite;261;isAccessible=true;
Constructor.newInstance;<io.micrometer.core.instrument.binder.jvm.JvmHeapPressureMetrics$$Lambda$777: void <init>()>;java.lang.invoke.InnerClassLambdaMetafactory.buildCallSite;261;isAccessible=true;
Constructor.newInstance;<io.micrometer.core.instrument.binder.jvm.JvmMemory$$Lambda$736: void <init>()>;java.lang.invoke.InnerClassLambdaMetafactory.buildCallSite;261;isAccessible=true;
Constructor.newInstance;<io.micrometer.core.instrument.binder.jvm.JvmMemory$$Lambda$737: void <init>()>;java.lang.invoke.InnerClassLambdaMetafactory.buildCallSite;261;isAccessible=true;
Constructor.newInstance;<io.micrometer.core.instrument.binder.jvm.JvmMemoryMetrics$$Lambda$781: void <init>()>;java.lang.invoke.InnerClassLambdaMetafactory.buildCallSite;261;isAccessible=true;
Constructor.newInstance;<io.micrometer.core.instrument.binder.jvm.JvmMemoryMetrics$$Lambda$782: void <init>()>;java.lang.invoke.InnerClassLambdaMetafactory.buildCallSite;261;isAccessible=true;
Constructor.newInstance;<io.micrometer.core.instrument.binder.jvm.JvmMemoryMetrics$$Lambda$783: void <init>()>;java.lang.invoke.InnerClassLambdaMetafactory.buildCallSite;261;isAccessible=true;
Constructor.newInstance;<io.micrometer.core.instrument.binder.jvm.JvmMemoryMetrics$$Lambda$784: void <init>()>;java.lang.invoke.InnerClassLambdaMetafactory.buildCallSite;261;isAccessible=true;
Constructor.newInstance;<io.micrometer.core.instrument.binder.jvm.JvmMemoryMetrics$$Lambda$785: void <init>()>;java.lang.invoke.InnerClassLambdaMetafactory.buildCallSite;261;isAccessible=true;
Constructor.newInstance;<io.micrometer.core.instrument.binder.jvm.JvmMemoryMetrics$$Lambda$786: void <init>()>;java.lang.invoke.InnerClassLambdaMetafactory.buildCallSite;261;isAccessible=true;
Constructor.newInstance;<io.micrometer.core.instrument.binder.jvm.JvmThreadMetrics$$Lambda$789: void <init>()>;java.lang.invoke.InnerClassLambdaMetafactory.buildCallSite;261;isAccessible=true;
Constructor.newInstance;<io.micrometer.core.instrument.binder.jvm.JvmThreadMetrics$$Lambda$797: void <init>()>;java.lang.invoke.InnerClassLambdaMetafactory.buildCallSite;261;isAccessible=true;
Constructor.newInstance;<io.micrometer.core.instrument.binder.jvm.JvmThreadMetrics$$Lambda$799: void <init>()>;java.lang.invoke.InnerClassLambdaMetafactory.buildCallSite;261;isAccessible=true;
Constructor.newInstance;<io.micrometer.core.instrument.binder.system.DiskSpaceMetrics$$Lambda$817: void <init>()>;java.lang.invoke.InnerClassLambdaMetafactory.buildCallSite;261;isAccessible=true;
Constructor.newInstance;<io.micrometer.core.instrument.binder.system.DiskSpaceMetrics$$Lambda$818: void <init>()>;java.lang.invoke.InnerClassLambdaMetafactory.buildCallSite;261;isAccessible=true;
Constructor.newInstance;<io.micrometer.core.instrument.binder.system.ProcessorMetrics$$Lambda$810: void <init>()>;java.lang.invoke.InnerClassLambdaMetafactory.buildCallSite;261;isAccessible=true;
Constructor.newInstance;<io.micrometer.core.instrument.binder.system.ProcessorMetrics$$Lambda$811: void <init>()>;java.lang.invoke.InnerClassLambdaMetafactory.buildCallSite;261;isAccessible=true;
Constructor.newInstance;<io.micrometer.core.instrument.binder.system.UptimeMetrics$$Lambda$805: void <init>()>;java.lang.invoke.InnerClassLambdaMetafactory.buildCallSite;261;isAccessible=true;
Constructor.newInstance;<io.micrometer.core.instrument.binder.system.UptimeMetrics$$Lambda$809: void <init>()>;java.lang.invoke.InnerClassLambdaMetafactory.buildCallSite;261;isAccessible=true;
Constructor.newInstance;<io.micrometer.core.instrument.binder.tomcat.TomcatMetrics$$Lambda$1465: void <init>()>;java.lang.invoke.InnerClassLambdaMetafactory.buildCallSite;261;isAccessible=true;
Constructor.newInstance;<io.micrometer.core.instrument.binder.tomcat.TomcatMetrics$$Lambda$1466: void <init>()>;java.lang.invoke.InnerClassLambdaMetafactory.buildCallSite;261;isAccessible=true;
Constructor.newInstance;<io.micrometer.core.instrument.binder.tomcat.TomcatMetrics$$Lambda$1467: void <init>()>;java.lang.invoke.InnerClassLambdaMetafactory.buildCallSite;261;isAccessible=true;
Constructor.newInstance;<io.micrometer.core.instrument.binder.tomcat.TomcatMetrics$$Lambda$1468: void <init>()>;java.lang.invoke.InnerClassLambdaMetafactory.buildCallSite;261;isAccessible=true;
Constructor.newInstance;<io.micrometer.core.instrument.binder.tomcat.TomcatMetrics$$Lambda$1469: void <init>()>;java.lang.invoke.InnerClassLambdaMetafactory.buildCallSite;261;isAccessible=true;
Constructor.newInstance;<io.micrometer.core.instrument.binder.tomcat.TomcatMetrics$$Lambda$1470: void <init>()>;java.lang.invoke.InnerClassLambdaMetafactory.buildCallSite;261;isAccessible=true;
Constructor.newInstance;<io.micrometer.core.instrument.composite.CompositeMeterRegistry$$Lambda$832: void <init>()>;java.lang.invoke.InnerClassLambdaMetafactory.buildCallSite;261;isAccessible=true;
Constructor.newInstance;<io.micrometer.core.instrument.config.MeterRegistryConfigValidator$$Lambda$714: void <init>()>;java.lang.invoke.InnerClassLambdaMetafactory.buildCallSite;261;isAccessible=true;
Constructor.newInstance;<io.micrometer.core.instrument.config.MeterRegistryConfigValidator$$Lambda$715: void <init>()>;java.lang.invoke.InnerClassLambdaMetafactory.buildCallSite;261;isAccessible=true;
Constructor.newInstance;<io.micrometer.core.instrument.config.NamingConvention$$Lambda$709: void <init>()>;java.lang.invoke.InnerClassLambdaMetafactory.buildCallSite;261;isAccessible=true;
Constructor.newInstance;<io.micrometer.core.instrument.config.validate.Validated$$Lambda$722: void <init>()>;java.lang.invoke.InnerClassLambdaMetafactory.buildCallSite;261;isAccessible=true;
Constructor.newInstance;<io.micrometer.core.instrument.config.validate.Validated$$Lambda$723: void <init>()>;java.lang.invoke.InnerClassLambdaMetafactory.buildCallSite;261;isAccessible=true;
Constructor.newInstance;<io.micrometer.core.instrument.config.validate.Validated$Either$$Lambda$720: void <init>()>;java.lang.invoke.InnerClassLambdaMetafactory.buildCallSite;261;isAccessible=true;
Constructor.newInstance;<io.micrometer.core.instrument.config.validate.Validated$Either$$Lambda$721: void <init>()>;java.lang.invoke.InnerClassLambdaMetafactory.buildCallSite;261;isAccessible=true;
Constructor.newInstance;<io.micrometer.core.instrument.config.validate.Validated$Either$$Lambda$725: void <init>()>;java.lang.invoke.InnerClassLambdaMetafactory.buildCallSite;261;isAccessible=true;
Constructor.newInstance;<io.micrometer.core.instrument.config.validate.Validated$Either$$Lambda$726: void <init>()>;java.lang.invoke.InnerClassLambdaMetafactory.buildCallSite;261;isAccessible=true;
Constructor.newInstance;<io.micrometer.core.instrument.simple.SimpleConfig$$Lambda$708: void <init>()>;java.lang.invoke.InnerClassLambdaMetafactory.buildCallSite;261;isAccessible=true;
Constructor.newInstance;<io.micrometer.core.instrument.simple.SimpleConfig$$Lambda$710: void <init>()>;java.lang.invoke.InnerClassLambdaMetafactory.buildCallSite;261;isAccessible=true;
Constructor.newInstance;<io.micrometer.core.instrument.simple.SimpleConfig$$Lambda$712: void <init>()>;java.lang.invoke.InnerClassLambdaMetafactory.buildCallSite;261;isAccessible=true;
Constructor.newInstance;<java.io.ObjectInputFilter$Config$$Lambda$2189: void <init>()>;java.lang.invoke.InnerClassLambdaMetafactory.buildCallSite;261;isAccessible=true;
Constructor.newInstance;<java.io.ObjectInputFilter$Config$$Lambda$2190: void <init>()>;java.lang.invoke.InnerClassLambdaMetafactory.buildCallSite;261;isAccessible=true;
Constructor.newInstance;<java.io.ObjectInputFilter$Config$$Lambda$2191: void <init>()>;java.lang.invoke.InnerClassLambdaMetafactory.buildCallSite;261;isAccessible=true;
Constructor.newInstance;<java.io.ObjectInputStream$$Lambda$2186: void <init>()>;java.lang.invoke.InnerClassLambdaMetafactory.buildCallSite;261;isAccessible=true;
Constructor.newInstance;<java.io.ObjectInputStream$$Lambda$2187: void <init>()>;java.lang.invoke.InnerClassLambdaMetafactory.buildCallSite;261;isAccessible=true;
Constructor.newInstance;<java.lang.Class$$Lambda$283: void <init>()>;java.lang.invoke.InnerClassLambdaMetafactory.buildCallSite;261;isAccessible=true;
Constructor.newInstance;<java.lang.Module$$Lambda$24: void <init>()>;java.lang.invoke.InnerClassLambdaMetafactory.buildCallSite;261;isAccessible=true;
Constructor.newInstance;<java.lang.Object: void <init>()>;java.io.ObjectStreamClass.newInstance;1017;isAccessible=true;
Constructor.newInstance;<java.lang.Object: void <init>()>;org.springframework.beans.BeanUtils.instantiateClass;211;isAccessible=false;
Constructor.newInstance;<java.lang.System$LoggerFinder$$Lambda$678: void <init>()>;java.lang.invoke.InnerClassLambdaMetafactory.buildCallSite;261;isAccessible=true;
Constructor.newInstance;<java.lang.invoke.VarHandleByteArrayAsInts$ArrayHandle$$Lambda$40: void <init>()>;java.lang.invoke.InnerClassLambdaMetafactory.buildCallSite;261;isAccessible=true;
Constructor.newInstance;<java.lang.invoke.VarHandleByteArrayAsLongs$ArrayHandle$$Lambda$41: void <init>()>;java.lang.invoke.InnerClassLambdaMetafactory.buildCallSite;261;isAccessible=true;
Constructor.newInstance;<java.lang.management.DefaultPlatformMBeanProvider$5$$Lambda$886: void <init>()>;java.lang.invoke.InnerClassLambdaMetafactory.buildCallSite;261;isAccessible=true;
Constructor.newInstance;<java.lang.management.ManagementFactory$$Lambda$219: void <init>()>;java.lang.invoke.InnerClassLambdaMetafactory.buildCallSite;261;isAccessible=true;
Constructor.newInstance;<java.lang.management.ManagementFactory$$Lambda$881: void <init>()>;java.lang.invoke.InnerClassLambdaMetafactory.buildCallSite;261;isAccessible=true;
Constructor.newInstance;<java.lang.management.ManagementFactory$$Lambda$882: void <init>()>;java.lang.invoke.InnerClassLambdaMetafactory.buildCallSite;261;isAccessible=true;
Constructor.newInstance;<java.lang.management.ManagementFactory$$Lambda$883: void <init>()>;java.lang.invoke.InnerClassLambdaMetafactory.buildCallSite;261;isAccessible=true;
Constructor.newInstance;<java.lang.management.ManagementPermission: void <init>(java.lang.String)>;com.sun.management.internal.DiagnosticCommandImpl$Wrapper.<init>;122;isAccessible=false;
Constructor.newInstance;<java.lang.module.ModuleDescriptor$Builder$$Lambda$34: void <init>()>;java.lang.invoke.InnerClassLambdaMetafactory.buildCallSite;261;isAccessible=true;
Constructor.newInstance;<java.lang.reflect.Executable$$Lambda$1267: void <init>()>;java.lang.invoke.InnerClassLambdaMetafactory.buildCallSite;261;isAccessible=true;
Constructor.newInstance;<java.lang.reflect.Executable$$Lambda$18: void <init>()>;java.lang.invoke.InnerClassLambdaMetafactory.buildCallSite;261;isAccessible=true;
Constructor.newInstance;<java.lang.reflect.Executable$$Lambda$282: void <init>()>;java.lang.invoke.InnerClassLambdaMetafactory.buildCallSite;261;isAccessible=true;
Constructor.newInstance;<java.lang.reflect.Proxy$$Lambda$197: void <init>()>;java.lang.invoke.InnerClassLambdaMetafactory.buildCallSite;261;isAccessible=true;
Constructor.newInstance;<java.lang.reflect.Proxy$$Lambda$57: void <init>()>;java.lang.invoke.InnerClassLambdaMetafactory.buildCallSite;261;isAccessible=true;
Constructor.newInstance;<java.lang.reflect.Proxy$ProxyBuilder$$Lambda$58: void <init>()>;java.lang.invoke.InnerClassLambdaMetafactory.buildCallSite;261;isAccessible=true;
Constructor.newInstance;<java.lang.reflect.ProxyGenerator$$Lambda$61: void <init>()>;java.lang.invoke.InnerClassLambdaMetafactory.buildCallSite;261;isAccessible=true;
Constructor.newInstance;<java.lang.reflect.ProxyGenerator$$Lambda$62: void <init>()>;java.lang.invoke.InnerClassLambdaMetafactory.buildCallSite;261;isAccessible=true;
Constructor.newInstance;<java.net.DatagramSocket$$Lambda$52: void <init>()>;java.lang.invoke.InnerClassLambdaMetafactory.buildCallSite;261;isAccessible=true;
Constructor.newInstance;<java.net.InetSocketAddress: void <init>(java.net.InetAddress,int)>;org.apache.commons.httpclient.protocol.ReflectionSocketFactory.createSocket;;isAccessible=false;
Constructor.newInstance;<java.net.SocketImpl$$Lambda$50: void <init>()>;java.lang.invoke.InnerClassLambdaMetafactory.buildCallSite;261;isAccessible=true;
Constructor.newInstance;<java.net.URLPermission: void <init>(java.lang.String,java.lang.String)>;sun.security.provider.PolicyFile.getInstance;881;isAccessible=false;
Constructor.newInstance;<java.nio.channels.spi.SelectorProvider$Holder$$Lambda$1442: void <init>()>;java.lang.invoke.InnerClassLambdaMetafactory.buildCallSite;261;isAccessible=true;
Constructor.newInstance;<java.nio.file.Files$$Lambda$30: void <init>()>;java.lang.invoke.InnerClassLambdaMetafactory.buildCallSite;261;isAccessible=true;
Constructor.newInstance;<java.text.DecimalFormatSymbols$$Lambda$59: void <init>()>;java.lang.invoke.InnerClassLambdaMetafactory.buildCallSite;261;isAccessible=true;
Constructor.newInstance;<java.time.LocalDate$$Lambda$2142: void <init>()>;java.lang.invoke.InnerClassLambdaMetafactory.buildCallSite;261;isAccessible=true;
Constructor.newInstance;<java.time.format.DateTimeFormatter$$Lambda$49: void <init>()>;java.lang.invoke.InnerClassLambdaMetafactory.buildCallSite;261;isAccessible=true;
Constructor.newInstance;<java.time.format.DateTimeFormatter$$Lambda$50: void <init>()>;java.lang.invoke.InnerClassLambdaMetafactory.buildCallSite;261;isAccessible=true;
Constructor.newInstance;<java.time.format.DateTimeFormatterBuilder$$Lambda$48: void <init>()>;java.lang.invoke.InnerClassLambdaMetafactory.buildCallSite;261;isAccessible=true;
Constructor.newInstance;<java.util.AbstractList: void <init>()>;java.io.ObjectStreamClass.newInstance;1017;isAccessible=true;
Constructor.newInstance;<java.util.AbstractMap: void <init>()>;java.io.ObjectStreamClass.newInstance;1017;isAccessible=true;
Constructor.newInstance;<java.util.AbstractSet: void <init>()>;java.io.ObjectStreamClass.newInstance;1017;isAccessible=true;
Constructor.newInstance;<java.util.PropertyPermission: void <init>(java.lang.String,java.lang.String)>;com.sun.management.internal.DiagnosticCommandImpl$Wrapper.<init>;133;isAccessible=false;
Constructor.newInstance;<java.util.ResourceBundle$ResourceBundleControlProviderHolder$$Lambda$558: void <init>()>;java.lang.invoke.InnerClassLambdaMetafactory.buildCallSite;261;isAccessible=true;
Constructor.newInstance;<java.util.ResourceBundle$ResourceBundleControlProviderHolder$$Lambda$559: void <init>()>;java.lang.invoke.InnerClassLambdaMetafactory.buildCallSite;261;isAccessible=true;
Constructor.newInstance;<java.util.concurrent.ConcurrentLinkedQueue$$Lambda$2177: void <init>()>;java.lang.invoke.InnerClassLambdaMetafactory.buildCallSite;261;isAccessible=true;
Constructor.newInstance;<java.util.function.Function$$Lambda$27: void <init>()>;java.lang.invoke.InnerClassLambdaMetafactory.buildCallSite;261;isAccessible=true;
Constructor.newInstance;<java.util.jar.JarFile: void <init>(java.io.File,boolean,int,java.lang.Runtime$Version)>;org.apache.tomcat.util.compat.Jre9Compat.jarFileNewInstance;206;isAccessible=false;
Constructor.newInstance;<java.util.logging.Level$$Lambda$41: void <init>()>;java.lang.invoke.InnerClassLambdaMetafactory.buildCallSite;261;isAccessible=true;
Constructor.newInstance;<java.util.logging.Level$KnownLevel$$Lambda$111: void <init>()>;java.lang.invoke.InnerClassLambdaMetafactory.buildCallSite;261;isAccessible=true;
Constructor.newInstance;<java.util.logging.Level$KnownLevel$$Lambda$39: void <init>()>;java.lang.invoke.InnerClassLambdaMetafactory.buildCallSite;261;isAccessible=true;
Constructor.newInstance;<java.util.logging.Level$KnownLevel$$Lambda$40: void <init>()>;java.lang.invoke.InnerClassLambdaMetafactory.buildCallSite;261;isAccessible=true;
Constructor.newInstance;<java.util.regex.CharPredicates$$Lambda$1002: void <init>()>;java.lang.invoke.InnerClassLambdaMetafactory.buildCallSite;261;isAccessible=true;
Constructor.newInstance;<java.util.regex.CharPredicates$$Lambda$159: void <init>()>;java.lang.invoke.InnerClassLambdaMetafactory.buildCallSite;261;isAccessible=true;
Constructor.newInstance;<java.util.regex.CharPredicates$$Lambda$20: void <init>()>;java.lang.invoke.InnerClassLambdaMetafactory.buildCallSite;261;isAccessible=true;
Constructor.newInstance;<java.util.regex.CharPredicates$$Lambda$47: void <init>()>;java.lang.invoke.InnerClassLambdaMetafactory.buildCallSite;261;isAccessible=true;
Constructor.newInstance;<java.util.regex.Pattern$$Lambda$288: void <init>()>;java.lang.invoke.InnerClassLambdaMetafactory.buildCallSite;261;isAccessible=true;
Constructor.newInstance;<java.util.regex.Pattern$$Lambda$43: void <init>()>;java.lang.invoke.InnerClassLambdaMetafactory.buildCallSite;261;isAccessible=true;
Constructor.newInstance;<java.util.stream.Collectors$$Lambda$1032: void <init>()>;java.lang.invoke.InnerClassLambdaMetafactory.buildCallSite;261;isAccessible=true;
Constructor.newInstance;<java.util.stream.Collectors$$Lambda$185: void <init>()>;java.lang.invoke.InnerClassLambdaMetafactory.buildCallSite;261;isAccessible=true;
Constructor.newInstance;<java.util.stream.Collectors$$Lambda$186: void <init>()>;java.lang.invoke.InnerClassLambdaMetafactory.buildCallSite;261;isAccessible=true;
Constructor.newInstance;<java.util.stream.Collectors$$Lambda$221: void <init>()>;java.lang.invoke.InnerClassLambdaMetafactory.buildCallSite;261;isAccessible=true;
Constructor.newInstance;<java.util.stream.Collectors$$Lambda$222: void <init>()>;java.lang.invoke.InnerClassLambdaMetafactory.buildCallSite;261;isAccessible=true;
Constructor.newInstance;<java.util.stream.Collectors$$Lambda$223: void <init>()>;java.lang.invoke.InnerClassLambdaMetafactory.buildCallSite;261;isAccessible=true;
Constructor.newInstance;<java.util.stream.Collectors$$Lambda$297: void <init>()>;java.lang.invoke.InnerClassLambdaMetafactory.buildCallSite;261;isAccessible=true;
Constructor.newInstance;<java.util.stream.Collectors$$Lambda$34: void <init>()>;java.lang.invoke.InnerClassLambdaMetafactory.buildCallSite;261;isAccessible=true;
Constructor.newInstance;<java.util.stream.Collectors$$Lambda$35: void <init>()>;java.lang.invoke.InnerClassLambdaMetafactory.buildCallSite;261;isAccessible=true;
Constructor.newInstance;<java.util.stream.Collectors$$Lambda$36: void <init>()>;java.lang.invoke.InnerClassLambdaMetafactory.buildCallSite;261;isAccessible=true;
Constructor.newInstance;<java.util.stream.Collectors$$Lambda$37: void <init>()>;java.lang.invoke.InnerClassLambdaMetafactory.buildCallSite;261;isAccessible=true;
Constructor.newInstance;<java.util.stream.Collectors$$Lambda$44: void <init>()>;java.lang.invoke.InnerClassLambdaMetafactory.buildCallSite;261;isAccessible=true;
Constructor.newInstance;<java.util.stream.Collectors$$Lambda$45: void <init>()>;java.lang.invoke.InnerClassLambdaMetafactory.buildCallSite;261;isAccessible=true;
Constructor.newInstance;<java.util.stream.Collectors$$Lambda$46: void <init>()>;java.lang.invoke.InnerClassLambdaMetafactory.buildCallSite;261;isAccessible=true;
Constructor.newInstance;<java.util.stream.Collectors$$Lambda$658: void <init>()>;java.lang.invoke.InnerClassLambdaMetafactory.buildCallSite;261;isAccessible=true;
Constructor.newInstance;<java.util.stream.Collectors$$Lambda$659: void <init>()>;java.lang.invoke.InnerClassLambdaMetafactory.buildCallSite;261;isAccessible=true;
Constructor.newInstance;<java.util.stream.Collectors$$Lambda$660: void <init>()>;java.lang.invoke.InnerClassLambdaMetafactory.buildCallSite;261;isAccessible=true;
Constructor.newInstance;<java.util.stream.Collectors$$Lambda$661: void <init>()>;java.lang.invoke.InnerClassLambdaMetafactory.buildCallSite;261;isAccessible=true;
Constructor.newInstance;<java.util.stream.Collectors$$Lambda$840: void <init>()>;java.lang.invoke.InnerClassLambdaMetafactory.buildCallSite;261;isAccessible=true;
Constructor.newInstance;<java.util.stream.Collectors$$Lambda$842: void <init>()>;java.lang.invoke.InnerClassLambdaMetafactory.buildCallSite;261;isAccessible=true;
Constructor.newInstance;<java.util.stream.DoublePipeline$$Lambda$763: void <init>()>;java.lang.invoke.InnerClassLambdaMetafactory.buildCallSite;261;isAccessible=true;
Constructor.newInstance;<java.util.stream.DoublePipeline$$Lambda$764: void <init>()>;java.lang.invoke.InnerClassLambdaMetafactory.buildCallSite;261;isAccessible=true;
Constructor.newInstance;<java.util.stream.DoublePipeline$$Lambda$765: void <init>()>;java.lang.invoke.InnerClassLambdaMetafactory.buildCallSite;261;isAccessible=true;
Constructor.newInstance;<java.util.stream.FindOps$FindSink$OfInt$$Lambda$60: void <init>()>;java.lang.invoke.InnerClassLambdaMetafactory.buildCallSite;261;isAccessible=true;
Constructor.newInstance;<java.util.stream.FindOps$FindSink$OfInt$$Lambda$61: void <init>()>;java.lang.invoke.InnerClassLambdaMetafactory.buildCallSite;261;isAccessible=true;
Constructor.newInstance;<java.util.stream.FindOps$FindSink$OfInt$$Lambda$62: void <init>()>;java.lang.invoke.InnerClassLambdaMetafactory.buildCallSite;261;isAccessible=true;
Constructor.newInstance;<java.util.stream.FindOps$FindSink$OfInt$$Lambda$63: void <init>()>;java.lang.invoke.InnerClassLambdaMetafactory.buildCallSite;261;isAccessible=true;
Constructor.newInstance;<java.util.stream.IntPipeline$$Lambda$863: void <init>()>;java.lang.invoke.InnerClassLambdaMetafactory.buildCallSite;261;isAccessible=true;
Constructor.newInstance;<java.util.stream.LongPipeline$$Lambda$757: void <init>()>;java.lang.invoke.InnerClassLambdaMetafactory.buildCallSite;261;isAccessible=true;
Constructor.newInstance;<java.util.stream.ReferencePipeline$$Lambda$560: void <init>()>;java.lang.invoke.InnerClassLambdaMetafactory.buildCallSite;261;isAccessible=true;
Constructor.newInstance;<javax.persistence.Persistence: void <init>()>;org.hibernate.validator.internal.util.privilegedactions.NewInstance.run;41;isAccessible=false;
Constructor.newInstance;<javax.security.auth.message.config.AuthConfigFactory$$Lambda$1474: void <init>()>;java.lang.invoke.InnerClassLambdaMetafactory.buildCallSite;261;isAccessible=true;
Constructor.newInstance;<jdk.internal.jrtfs.JrtFileSystemProvider: void <init>()>;java.util.ServiceLoader$ProviderImpl.newInstance;789;isAccessible=true;
Constructor.newInstance;<jdk.internal.platform.CgroupSubsystemFactory$$Lambda$746: void <init>()>;java.lang.invoke.InnerClassLambdaMetafactory.buildCallSite;261;isAccessible=true;
Constructor.newInstance;<jdk.internal.platform.cgroupv1.CgroupV1Subsystem$$Lambda$747: void <init>()>;java.lang.invoke.InnerClassLambdaMetafactory.buildCallSite;261;isAccessible=true;
Constructor.newInstance;<jdk.jfr.internal.dcmd.DCmdCheck$$Lambda$890: void <init>()>;java.lang.invoke.InnerClassLambdaMetafactory.buildCallSite;261;isAccessible=true;
Constructor.newInstance;<jdk.jfr.internal.dcmd.DCmdDump$$Lambda$889: void <init>()>;java.lang.invoke.InnerClassLambdaMetafactory.buildCallSite;261;isAccessible=true;
Constructor.newInstance;<jdk.jfr.internal.dcmd.DCmdStart$$Lambda$888: void <init>()>;java.lang.invoke.InnerClassLambdaMetafactory.buildCallSite;261;isAccessible=true;
Constructor.newInstance;<jdk.jfr.internal.dcmd.DCmdStop$$Lambda$887: void <init>()>;java.lang.invoke.InnerClassLambdaMetafactory.buildCallSite;261;isAccessible=true;
Constructor.newInstance;<jdk.management.jfr.internal.FlightRecorderMXBeanProvider: void <init>()>;java.util.ServiceLoader$ProviderImpl.newInstance;789;isAccessible=true;
Constructor.newInstance;<jdk.net.LinuxSocketOptions: void <init>()>;jdk.net.ExtendedSocketOptions$PlatformSocketOptions.newInstance;353;isAccessible=false;
Constructor.newInstance;<jdk.nio.zipfs.ZipFileSystem$$Lambda$26: void <init>()>;java.lang.invoke.InnerClassLambdaMetafactory.buildCallSite;261;isAccessible=true;
Constructor.newInstance;<jdk.nio.zipfs.ZipFileSystemProvider: void <init>()>;java.util.ServiceLoader$ProviderImpl.newInstance;789;isAccessible=true;
Constructor.newInstance;<jdk.proxy1.$Proxy0: void <init>(java.lang.reflect.InvocationHandler)>;java.lang.reflect.Proxy.newProxyInstance;1053;isAccessible=true;
Constructor.newInstance;<jdk.proxy1.$Proxy136: void <init>(java.lang.reflect.InvocationHandler)>;java.lang.reflect.Proxy.newProxyInstance;1053;isAccessible=true;
Constructor.newInstance;<jdk.proxy1.$Proxy154: void <init>(java.lang.reflect.InvocationHandler)>;java.lang.reflect.Proxy.newProxyInstance;1053;isAccessible=true;
Constructor.newInstance;<jdk.proxy1.$Proxy155: void <init>(java.lang.reflect.InvocationHandler)>;java.lang.reflect.Proxy.newProxyInstance;1053;isAccessible=true;
Constructor.newInstance;<jdk.proxy1.$Proxy19: void <init>(java.lang.reflect.InvocationHandler)>;java.lang.reflect.Proxy.newProxyInstance;1053;isAccessible=true;
Constructor.newInstance;<jdk.proxy1.$Proxy1: void <init>(java.lang.reflect.InvocationHandler)>;java.lang.reflect.Proxy.newProxyInstance;1053;isAccessible=true;
Constructor.newInstance;<jdk.proxy1.$Proxy2: void <init>(java.lang.reflect.InvocationHandler)>;java.lang.reflect.Proxy.newProxyInstance;1053;isAccessible=true;
Constructor.newInstance;<jdk.proxy1.$Proxy4: void <init>(java.lang.reflect.InvocationHandler)>;java.lang.reflect.Proxy.newProxyInstance;1053;isAccessible=true;
Constructor.newInstance;<jdk.proxy1.$Proxy5: void <init>(java.lang.reflect.InvocationHandler)>;java.lang.reflect.Proxy.newProxyInstance;1053;isAccessible=true;
Constructor.newInstance;<jdk.proxy1.$Proxy85: void <init>(java.lang.reflect.InvocationHandler)>;java.lang.reflect.Proxy.newProxyInstance;1053;isAccessible=true;
Constructor.newInstance;<jdk.proxy1.$Proxy9: void <init>(java.lang.reflect.InvocationHandler)>;java.lang.reflect.Proxy.newProxyInstance;1053;isAccessible=true;
Constructor.newInstance;<jdk.proxy2.$Proxy100: void <init>(java.lang.reflect.InvocationHandler)>;java.lang.reflect.Proxy.newProxyInstance;1053;isAccessible=true;
Constructor.newInstance;<jdk.proxy2.$Proxy101: void <init>(java.lang.reflect.InvocationHandler)>;java.lang.reflect.Proxy.newProxyInstance;1053;isAccessible=true;
Constructor.newInstance;<jdk.proxy2.$Proxy102: void <init>(java.lang.reflect.InvocationHandler)>;java.lang.reflect.Proxy.newProxyInstance;1053;isAccessible=true;
Constructor.newInstance;<jdk.proxy2.$Proxy103: void <init>(java.lang.reflect.InvocationHandler)>;java.lang.reflect.Proxy.newProxyInstance;1053;isAccessible=true;
Constructor.newInstance;<jdk.proxy2.$Proxy104: void <init>(java.lang.reflect.InvocationHandler)>;java.lang.reflect.Proxy.newProxyInstance;1053;isAccessible=true;
Constructor.newInstance;<jdk.proxy2.$Proxy105: void <init>(java.lang.reflect.InvocationHandler)>;java.lang.reflect.Proxy.newProxyInstance;1053;isAccessible=true;
Constructor.newInstance;<jdk.proxy2.$Proxy106: void <init>(java.lang.reflect.InvocationHandler)>;java.lang.reflect.Proxy.newProxyInstance;1053;isAccessible=true;
Constructor.newInstance;<jdk.proxy2.$Proxy107: void <init>(java.lang.reflect.InvocationHandler)>;java.lang.reflect.Proxy.newProxyInstance;1053;isAccessible=true;
Constructor.newInstance;<jdk.proxy2.$Proxy108: void <init>(java.lang.reflect.InvocationHandler)>;java.lang.reflect.Proxy.newProxyInstance;1053;isAccessible=true;
Constructor.newInstance;<jdk.proxy2.$Proxy109: void <init>(java.lang.reflect.InvocationHandler)>;java.lang.reflect.Proxy.newProxyInstance;1053;isAccessible=true;
Constructor.newInstance;<jdk.proxy2.$Proxy10: void <init>(java.lang.reflect.InvocationHandler)>;java.lang.reflect.Proxy.newProxyInstance;1053;isAccessible=true;
Constructor.newInstance;<jdk.proxy2.$Proxy110: void <init>(java.lang.reflect.InvocationHandler)>;java.lang.reflect.Proxy.newProxyInstance;1053;isAccessible=true;
Constructor.newInstance;<jdk.proxy2.$Proxy111: void <init>(java.lang.reflect.InvocationHandler)>;java.lang.reflect.Proxy.newProxyInstance;1053;isAccessible=true;
Constructor.newInstance;<jdk.proxy2.$Proxy113: void <init>(java.lang.reflect.InvocationHandler)>;java.lang.reflect.Proxy.newProxyInstance;1053;isAccessible=true;
Constructor.newInstance;<jdk.proxy2.$Proxy114: void <init>(java.lang.reflect.InvocationHandler)>;java.lang.reflect.Proxy.newProxyInstance;1053;isAccessible=true;
Constructor.newInstance;<jdk.proxy2.$Proxy115: void <init>(java.lang.reflect.InvocationHandler)>;java.lang.reflect.Proxy.newProxyInstance;1053;isAccessible=true;
Constructor.newInstance;<jdk.proxy2.$Proxy116: void <init>(java.lang.reflect.InvocationHandler)>;java.lang.reflect.Proxy.newProxyInstance;1053;isAccessible=true;
Constructor.newInstance;<jdk.proxy2.$Proxy117: void <init>(java.lang.reflect.InvocationHandler)>;java.lang.reflect.Proxy.newProxyInstance;1053;isAccessible=true;
Constructor.newInstance;<jdk.proxy2.$Proxy118: void <init>(java.lang.reflect.InvocationHandler)>;java.lang.reflect.Proxy.newProxyInstance;1053;isAccessible=true;
Constructor.newInstance;<jdk.proxy2.$Proxy119: void <init>(java.lang.reflect.InvocationHandler)>;java.lang.reflect.Proxy.newProxyInstance;1053;isAccessible=true;
Constructor.newInstance;<jdk.proxy2.$Proxy11: void <init>(java.lang.reflect.InvocationHandler)>;java.lang.reflect.Proxy.newProxyInstance;1053;isAccessible=true;
Constructor.newInstance;<jdk.proxy2.$Proxy121: void <init>(java.lang.reflect.InvocationHandler)>;java.lang.reflect.Proxy.newProxyInstance;1053;isAccessible=true;
Constructor.newInstance;<jdk.proxy2.$Proxy122: void <init>(java.lang.reflect.InvocationHandler)>;java.lang.reflect.Proxy.newProxyInstance;1053;isAccessible=true;
Constructor.newInstance;<jdk.proxy2.$Proxy128: void <init>(java.lang.reflect.InvocationHandler)>;java.lang.reflect.Proxy.newProxyInstance;1053;isAccessible=true;
Constructor.newInstance;<jdk.proxy2.$Proxy12: void <init>(java.lang.reflect.InvocationHandler)>;java.lang.reflect.Proxy.newProxyInstance;1053;isAccessible=true;
Constructor.newInstance;<jdk.proxy2.$Proxy130: void <init>(java.lang.reflect.InvocationHandler)>;java.lang.reflect.Proxy.newProxyInstance;1053;isAccessible=true;
Constructor.newInstance;<jdk.proxy2.$Proxy131: void <init>(java.lang.reflect.InvocationHandler)>;java.lang.reflect.Proxy.newProxyInstance;1053;isAccessible=true;
Constructor.newInstance;<jdk.proxy2.$Proxy132: void <init>(java.lang.reflect.InvocationHandler)>;java.lang.reflect.Proxy.newProxyInstance;1053;isAccessible=true;
Constructor.newInstance;<jdk.proxy2.$Proxy133: void <init>(java.lang.reflect.InvocationHandler)>;java.lang.reflect.Proxy.newProxyInstance;1053;isAccessible=true;
Constructor.newInstance;<jdk.proxy2.$Proxy134: void <init>(java.lang.reflect.InvocationHandler)>;java.lang.reflect.Proxy.newProxyInstance;1053;isAccessible=true;
Constructor.newInstance;<jdk.proxy2.$Proxy135: void <init>(java.lang.reflect.InvocationHandler)>;java.lang.reflect.Proxy.newProxyInstance;1053;isAccessible=true;
Constructor.newInstance;<jdk.proxy2.$Proxy137: void <init>(java.lang.reflect.InvocationHandler)>;java.lang.reflect.Proxy.newProxyInstance;1053;isAccessible=true;
Constructor.newInstance;<jdk.proxy2.$Proxy139: void <init>(java.lang.reflect.InvocationHandler)>;java.lang.reflect.Proxy.newProxyInstance;1053;isAccessible=true;
Constructor.newInstance;<jdk.proxy2.$Proxy13: void <init>(java.lang.reflect.InvocationHandler)>;java.lang.reflect.Proxy.newProxyInstance;1053;isAccessible=true;
Constructor.newInstance;<jdk.proxy2.$Proxy140: void <init>(java.lang.reflect.InvocationHandler)>;java.lang.reflect.Proxy.newProxyInstance;1053;isAccessible=true;
Constructor.newInstance;<jdk.proxy2.$Proxy141: void <init>(java.lang.reflect.InvocationHandler)>;java.lang.reflect.Proxy.newProxyInstance;1053;isAccessible=true;
Constructor.newInstance;<jdk.proxy2.$Proxy142: void <init>(java.lang.reflect.InvocationHandler)>;java.lang.reflect.Proxy.newProxyInstance;1053;isAccessible=true;
Constructor.newInstance;<jdk.proxy2.$Proxy143: void <init>(java.lang.reflect.InvocationHandler)>;java.lang.reflect.Proxy.newProxyInstance;1053;isAccessible=true;
Constructor.newInstance;<jdk.proxy2.$Proxy144: void <init>(java.lang.reflect.InvocationHandler)>;java.lang.reflect.Proxy.newProxyInstance;1053;isAccessible=true;
Constructor.newInstance;<jdk.proxy2.$Proxy145: void <init>(java.lang.reflect.InvocationHandler)>;java.lang.reflect.Proxy.newProxyInstance;1053;isAccessible=true;
Constructor.newInstance;<jdk.proxy2.$Proxy146: void <init>(java.lang.reflect.InvocationHandler)>;java.lang.reflect.Proxy.newProxyInstance;1053;isAccessible=true;
Constructor.newInstance;<jdk.proxy2.$Proxy147: void <init>(java.lang.reflect.InvocationHandler)>;java.lang.reflect.Proxy.newProxyInstance;1053;isAccessible=true;
Constructor.newInstance;<jdk.proxy2.$Proxy148: void <init>(java.lang.reflect.InvocationHandler)>;java.lang.reflect.Proxy.newProxyInstance;1053;isAccessible=true;
Constructor.newInstance;<jdk.proxy2.$Proxy149: void <init>(java.lang.reflect.InvocationHandler)>;java.lang.reflect.Proxy.newProxyInstance;1053;isAccessible=true;
Constructor.newInstance;<jdk.proxy2.$Proxy14: void <init>(java.lang.reflect.InvocationHandler)>;java.lang.reflect.Proxy.newProxyInstance;1053;isAccessible=true;
Constructor.newInstance;<jdk.proxy2.$Proxy150: void <init>(java.lang.reflect.InvocationHandler)>;java.lang.reflect.Proxy.newProxyInstance;1053;isAccessible=true;
Constructor.newInstance;<jdk.proxy2.$Proxy151: void <init>(java.lang.reflect.InvocationHandler)>;java.lang.reflect.Proxy.newProxyInstance;1053;isAccessible=true;
Constructor.newInstance;<jdk.proxy2.$Proxy153: void <init>(java.lang.reflect.InvocationHandler)>;java.lang.reflect.Proxy.newProxyInstance;1053;isAccessible=true;
Constructor.newInstance;<jdk.proxy2.$Proxy156: void <init>(java.lang.reflect.InvocationHandler)>;java.lang.reflect.Proxy.newProxyInstance;1053;isAccessible=true;
Constructor.newInstance;<jdk.proxy2.$Proxy157: void <init>(java.lang.reflect.InvocationHandler)>;java.lang.reflect.Proxy.newProxyInstance;1053;isAccessible=true;
Constructor.newInstance;<jdk.proxy2.$Proxy158: void <init>(java.lang.reflect.InvocationHandler)>;java.lang.reflect.Proxy.newProxyInstance;1053;isAccessible=true;
Constructor.newInstance;<jdk.proxy2.$Proxy159: void <init>(java.lang.reflect.InvocationHandler)>;java.lang.reflect.Proxy.newProxyInstance;1053;isAccessible=true;
Constructor.newInstance;<jdk.proxy2.$Proxy15: void <init>(java.lang.reflect.InvocationHandler)>;java.lang.reflect.Proxy.newProxyInstance;1053;isAccessible=true;
Constructor.newInstance;<jdk.proxy2.$Proxy160: void <init>(java.lang.reflect.InvocationHandler)>;java.lang.reflect.Proxy.newProxyInstance;1053;isAccessible=true;
Constructor.newInstance;<jdk.proxy2.$Proxy161: void <init>(java.lang.reflect.InvocationHandler)>;java.lang.reflect.Proxy.newProxyInstance;1053;isAccessible=true;
Constructor.newInstance;<jdk.proxy2.$Proxy162: void <init>(java.lang.reflect.InvocationHandler)>;java.lang.reflect.Proxy.newProxyInstance;1053;isAccessible=true;
Constructor.newInstance;<jdk.proxy2.$Proxy163: void <init>(java.lang.reflect.InvocationHandler)>;java.lang.reflect.Proxy.newProxyInstance;1053;isAccessible=true;
Constructor.newInstance;<jdk.proxy2.$Proxy164: void <init>(java.lang.reflect.InvocationHandler)>;java.lang.reflect.Proxy.newProxyInstance;1053;isAccessible=true;
Constructor.newInstance;<jdk.proxy2.$Proxy165: void <init>(java.lang.reflect.InvocationHandler)>;java.lang.reflect.Proxy.newProxyInstance;1053;isAccessible=true;
Constructor.newInstance;<jdk.proxy2.$Proxy166: void <init>(java.lang.reflect.InvocationHandler)>;java.lang.reflect.Proxy.newProxyInstance;1053;isAccessible=true;
Constructor.newInstance;<jdk.proxy2.$Proxy16: void <init>(java.lang.reflect.InvocationHandler)>;java.lang.reflect.Proxy.newProxyInstance;1053;isAccessible=true;
Constructor.newInstance;<jdk.proxy2.$Proxy17: void <init>(java.lang.reflect.InvocationHandler)>;java.lang.reflect.Proxy.newProxyInstance;1053;isAccessible=true;
Constructor.newInstance;<jdk.proxy2.$Proxy18: void <init>(java.lang.reflect.InvocationHandler)>;java.lang.reflect.Proxy.newProxyInstance;1053;isAccessible=true;
Constructor.newInstance;<jdk.proxy2.$Proxy20: void <init>(java.lang.reflect.InvocationHandler)>;java.lang.reflect.Proxy.newProxyInstance;1053;isAccessible=true;
Constructor.newInstance;<jdk.proxy2.$Proxy22: void <init>(java.lang.reflect.InvocationHandler)>;java.lang.reflect.Proxy.newProxyInstance;1053;isAccessible=true;
Constructor.newInstance;<jdk.proxy2.$Proxy23: void <init>(java.lang.reflect.InvocationHandler)>;java.lang.reflect.Proxy.newProxyInstance;1053;isAccessible=true;
Constructor.newInstance;<jdk.proxy2.$Proxy24: void <init>(java.lang.reflect.InvocationHandler)>;java.lang.reflect.Proxy.newProxyInstance;1053;isAccessible=true;
Constructor.newInstance;<jdk.proxy2.$Proxy25: void <init>(java.lang.reflect.InvocationHandler)>;java.lang.reflect.Proxy.newProxyInstance;1053;isAccessible=true;
Constructor.newInstance;<jdk.proxy2.$Proxy26: void <init>(java.lang.reflect.InvocationHandler)>;java.lang.reflect.Proxy.newProxyInstance;1053;isAccessible=true;
Constructor.newInstance;<jdk.proxy2.$Proxy27: void <init>(java.lang.reflect.InvocationHandler)>;java.lang.reflect.Proxy.newProxyInstance;1053;isAccessible=true;
Constructor.newInstance;<jdk.proxy2.$Proxy28: void <init>(java.lang.reflect.InvocationHandler)>;java.lang.reflect.Proxy.newProxyInstance;1053;isAccessible=true;
Constructor.newInstance;<jdk.proxy2.$Proxy29: void <init>(java.lang.reflect.InvocationHandler)>;java.lang.reflect.Proxy.newProxyInstance;1053;isAccessible=true;
Constructor.newInstance;<jdk.proxy2.$Proxy30: void <init>(java.lang.reflect.InvocationHandler)>;java.lang.reflect.Proxy.newProxyInstance;1053;isAccessible=true;
Constructor.newInstance;<jdk.proxy2.$Proxy31: void <init>(java.lang.reflect.InvocationHandler)>;java.lang.reflect.Proxy.newProxyInstance;1053;isAccessible=true;
Constructor.newInstance;<jdk.proxy2.$Proxy32: void <init>(java.lang.reflect.InvocationHandler)>;java.lang.reflect.Proxy.newProxyInstance;1053;isAccessible=true;
Constructor.newInstance;<jdk.proxy2.$Proxy33: void <init>(java.lang.reflect.InvocationHandler)>;java.lang.reflect.Proxy.newProxyInstance;1053;isAccessible=true;
Constructor.newInstance;<jdk.proxy2.$Proxy34: void <init>(java.lang.reflect.InvocationHandler)>;java.lang.reflect.Proxy.newProxyInstance;1053;isAccessible=true;
Constructor.newInstance;<jdk.proxy2.$Proxy35: void <init>(java.lang.reflect.InvocationHandler)>;java.lang.reflect.Proxy.newProxyInstance;1053;isAccessible=true;
Constructor.newInstance;<jdk.proxy2.$Proxy36: void <init>(java.lang.reflect.InvocationHandler)>;java.lang.reflect.Proxy.newProxyInstance;1053;isAccessible=true;
Constructor.newInstance;<jdk.proxy2.$Proxy37: void <init>(java.lang.reflect.InvocationHandler)>;java.lang.reflect.Proxy.newProxyInstance;1053;isAccessible=true;
Constructor.newInstance;<jdk.proxy2.$Proxy38: void <init>(java.lang.reflect.InvocationHandler)>;java.lang.reflect.Proxy.newProxyInstance;1053;isAccessible=true;
Constructor.newInstance;<jdk.proxy2.$Proxy39: void <init>(java.lang.reflect.InvocationHandler)>;java.lang.reflect.Proxy.newProxyInstance;1053;isAccessible=true;
Constructor.newInstance;<jdk.proxy2.$Proxy3: void <init>(java.lang.reflect.InvocationHandler)>;java.lang.reflect.Proxy.newProxyInstance;1053;isAccessible=true;
Constructor.newInstance;<jdk.proxy2.$Proxy40: void <init>(java.lang.reflect.InvocationHandler)>;java.lang.reflect.Proxy.newProxyInstance;1053;isAccessible=true;
Constructor.newInstance;<jdk.proxy2.$Proxy41: void <init>(java.lang.reflect.InvocationHandler)>;java.lang.reflect.Proxy.newProxyInstance;1053;isAccessible=true;
Constructor.newInstance;<jdk.proxy2.$Proxy42: void <init>(java.lang.reflect.InvocationHandler)>;java.lang.reflect.Proxy.newProxyInstance;1053;isAccessible=true;
Constructor.newInstance;<jdk.proxy2.$Proxy43: void <init>(java.lang.reflect.InvocationHandler)>;java.lang.reflect.Proxy.newProxyInstance;1053;isAccessible=true;
Constructor.newInstance;<jdk.proxy2.$Proxy44: void <init>(java.lang.reflect.InvocationHandler)>;java.lang.reflect.Proxy.newProxyInstance;1053;isAccessible=true;
Constructor.newInstance;<jdk.proxy2.$Proxy45: void <init>(java.lang.reflect.InvocationHandler)>;java.lang.reflect.Proxy.newProxyInstance;1053;isAccessible=true;
Constructor.newInstance;<jdk.proxy2.$Proxy46: void <init>(java.lang.reflect.InvocationHandler)>;java.lang.reflect.Proxy.newProxyInstance;1053;isAccessible=true;
Constructor.newInstance;<jdk.proxy2.$Proxy47: void <init>(java.lang.reflect.InvocationHandler)>;java.lang.reflect.Proxy.newProxyInstance;1053;isAccessible=true;
Constructor.newInstance;<jdk.proxy2.$Proxy48: void <init>(java.lang.reflect.InvocationHandler)>;java.lang.reflect.Proxy.newProxyInstance;1053;isAccessible=true;
Constructor.newInstance;<jdk.proxy2.$Proxy49: void <init>(java.lang.reflect.InvocationHandler)>;java.lang.reflect.Proxy.newProxyInstance;1053;isAccessible=true;
Constructor.newInstance;<jdk.proxy2.$Proxy50: void <init>(java.lang.reflect.InvocationHandler)>;java.lang.reflect.Proxy.newProxyInstance;1053;isAccessible=true;
Constructor.newInstance;<jdk.proxy2.$Proxy51: void <init>(java.lang.reflect.InvocationHandler)>;java.lang.reflect.Proxy.newProxyInstance;1053;isAccessible=true;
Constructor.newInstance;<jdk.proxy2.$Proxy52: void <init>(java.lang.reflect.InvocationHandler)>;java.lang.reflect.Proxy.newProxyInstance;1053;isAccessible=true;
Constructor.newInstance;<jdk.proxy2.$Proxy53: void <init>(java.lang.reflect.InvocationHandler)>;java.lang.reflect.Proxy.newProxyInstance;1053;isAccessible=true;
Constructor.newInstance;<jdk.proxy2.$Proxy54: void <init>(java.lang.reflect.InvocationHandler)>;java.lang.reflect.Proxy.newProxyInstance;1053;isAccessible=true;
Constructor.newInstance;<jdk.proxy2.$Proxy55: void <init>(java.lang.reflect.InvocationHandler)>;java.lang.reflect.Proxy.newProxyInstance;1053;isAccessible=true;
Constructor.newInstance;<jdk.proxy2.$Proxy56: void <init>(java.lang.reflect.InvocationHandler)>;java.lang.reflect.Proxy.newProxyInstance;1053;isAccessible=true;
Constructor.newInstance;<jdk.proxy2.$Proxy57: void <init>(java.lang.reflect.InvocationHandler)>;java.lang.reflect.Proxy.newProxyInstance;1053;isAccessible=true;
Constructor.newInstance;<jdk.proxy2.$Proxy58: void <init>(java.lang.reflect.InvocationHandler)>;java.lang.reflect.Proxy.newProxyInstance;1053;isAccessible=true;
Constructor.newInstance;<jdk.proxy2.$Proxy59: void <init>(java.lang.reflect.InvocationHandler)>;java.lang.reflect.Proxy.newProxyInstance;1053;isAccessible=true;
Constructor.newInstance;<jdk.proxy2.$Proxy60: void <init>(java.lang.reflect.InvocationHandler)>;java.lang.reflect.Proxy.newProxyInstance;1053;isAccessible=true;
Constructor.newInstance;<jdk.proxy2.$Proxy61: void <init>(java.lang.reflect.InvocationHandler)>;java.lang.reflect.Proxy.newProxyInstance;1053;isAccessible=true;
Constructor.newInstance;<jdk.proxy2.$Proxy62: void <init>(java.lang.reflect.InvocationHandler)>;java.lang.reflect.Proxy.newProxyInstance;1053;isAccessible=true;
Constructor.newInstance;<jdk.proxy2.$Proxy63: void <init>(java.lang.reflect.InvocationHandler)>;java.lang.reflect.Proxy.newProxyInstance;1053;isAccessible=true;
Constructor.newInstance;<jdk.proxy2.$Proxy64: void <init>(java.lang.reflect.InvocationHandler)>;java.lang.reflect.Proxy.newProxyInstance;1053;isAccessible=true;
Constructor.newInstance;<jdk.proxy2.$Proxy65: void <init>(java.lang.reflect.InvocationHandler)>;java.lang.reflect.Proxy.newProxyInstance;1053;isAccessible=true;
Constructor.newInstance;<jdk.proxy2.$Proxy66: void <init>(java.lang.reflect.InvocationHandler)>;java.lang.reflect.Proxy.newProxyInstance;1053;isAccessible=true;
Constructor.newInstance;<jdk.proxy2.$Proxy67: void <init>(java.lang.reflect.InvocationHandler)>;java.lang.reflect.Proxy.newProxyInstance;1053;isAccessible=true;
Constructor.newInstance;<jdk.proxy2.$Proxy69: void <init>(java.lang.reflect.InvocationHandler)>;java.lang.reflect.Proxy.newProxyInstance;1053;isAccessible=true;
Constructor.newInstance;<jdk.proxy2.$Proxy6: void <init>(java.lang.reflect.InvocationHandler)>;java.lang.reflect.Proxy.newProxyInstance;1053;isAccessible=true;
Constructor.newInstance;<jdk.proxy2.$Proxy70: void <init>(java.lang.reflect.InvocationHandler)>;java.lang.reflect.Proxy.newProxyInstance;1053;isAccessible=true;
Constructor.newInstance;<jdk.proxy2.$Proxy71: void <init>(java.lang.reflect.InvocationHandler)>;java.lang.reflect.Proxy.newProxyInstance;1053;isAccessible=true;
Constructor.newInstance;<jdk.proxy2.$Proxy72: void <init>(java.lang.reflect.InvocationHandler)>;java.lang.reflect.Proxy.newProxyInstance;1053;isAccessible=true;
Constructor.newInstance;<jdk.proxy2.$Proxy73: void <init>(java.lang.reflect.InvocationHandler)>;java.lang.reflect.Proxy.newProxyInstance;1053;isAccessible=true;
Constructor.newInstance;<jdk.proxy2.$Proxy74: void <init>(java.lang.reflect.InvocationHandler)>;java.lang.reflect.Proxy.newProxyInstance;1053;isAccessible=true;
Constructor.newInstance;<jdk.proxy2.$Proxy75: void <init>(java.lang.reflect.InvocationHandler)>;java.lang.reflect.Proxy.newProxyInstance;1053;isAccessible=true;
Constructor.newInstance;<jdk.proxy2.$Proxy77: void <init>(java.lang.reflect.InvocationHandler)>;java.lang.reflect.Proxy.newProxyInstance;1053;isAccessible=true;
Constructor.newInstance;<jdk.proxy2.$Proxy78: void <init>(java.lang.reflect.InvocationHandler)>;java.lang.reflect.Proxy.newProxyInstance;1053;isAccessible=true;
Constructor.newInstance;<jdk.proxy2.$Proxy79: void <init>(java.lang.reflect.InvocationHandler)>;java.lang.reflect.Proxy.newProxyInstance;1053;isAccessible=true;
Constructor.newInstance;<jdk.proxy2.$Proxy80: void <init>(java.lang.reflect.InvocationHandler)>;java.lang.reflect.Proxy.newProxyInstance;1053;isAccessible=true;
Constructor.newInstance;<jdk.proxy2.$Proxy81: void <init>(java.lang.reflect.InvocationHandler)>;java.lang.reflect.Proxy.newProxyInstance;1053;isAccessible=true;
Constructor.newInstance;<jdk.proxy2.$Proxy82: void <init>(java.lang.reflect.InvocationHandler)>;java.lang.reflect.Proxy.newProxyInstance;1053;isAccessible=true;
Constructor.newInstance;<jdk.proxy2.$Proxy83: void <init>(java.lang.reflect.InvocationHandler)>;java.lang.reflect.Proxy.newProxyInstance;1053;isAccessible=true;
Constructor.newInstance;<jdk.proxy2.$Proxy84: void <init>(java.lang.reflect.InvocationHandler)>;java.lang.reflect.Proxy.newProxyInstance;1053;isAccessible=true;
Constructor.newInstance;<jdk.proxy2.$Proxy86: void <init>(java.lang.reflect.InvocationHandler)>;java.lang.reflect.Proxy.newProxyInstance;1053;isAccessible=true;
Constructor.newInstance;<jdk.proxy2.$Proxy88: void <init>(java.lang.reflect.InvocationHandler)>;java.lang.reflect.Proxy.newProxyInstance;1053;isAccessible=true;
Constructor.newInstance;<jdk.proxy2.$Proxy89: void <init>(java.lang.reflect.InvocationHandler)>;java.lang.reflect.Proxy.newProxyInstance;1053;isAccessible=true;
Constructor.newInstance;<jdk.proxy2.$Proxy8: void <init>(java.lang.reflect.InvocationHandler)>;java.lang.reflect.Proxy.newProxyInstance;1053;isAccessible=true;
Constructor.newInstance;<jdk.proxy2.$Proxy90: void <init>(java.lang.reflect.InvocationHandler)>;java.lang.reflect.Proxy.newProxyInstance;1053;isAccessible=true;
Constructor.newInstance;<jdk.proxy2.$Proxy93: void <init>(java.lang.reflect.InvocationHandler)>;java.lang.reflect.Proxy.newProxyInstance;1053;isAccessible=true;
Constructor.newInstance;<jdk.proxy2.$Proxy94: void <init>(java.lang.reflect.InvocationHandler)>;java.lang.reflect.Proxy.newProxyInstance;1053;isAccessible=true;
Constructor.newInstance;<jdk.proxy2.$Proxy98: void <init>(java.lang.reflect.InvocationHandler)>;java.lang.reflect.Proxy.newProxyInstance;1053;isAccessible=true;
Constructor.newInstance;<jdk.proxy2.$Proxy99: void <init>(java.lang.reflect.InvocationHandler)>;java.lang.reflect.Proxy.newProxyInstance;1053;isAccessible=true;
Constructor.newInstance;<jdk.proxy3.$Proxy87: void <init>(java.lang.reflect.InvocationHandler)>;java.lang.reflect.Proxy.newProxyInstance;1053;isAccessible=true;
Constructor.newInstance;<jdk.proxy4.$Proxy120: void <init>(java.lang.reflect.InvocationHandler)>;java.lang.reflect.Proxy.newProxyInstance;1053;isAccessible=true;
Constructor.newInstance;<jdk.xml.internal.SecuritySupport$$Lambda$48: void <init>()>;java.lang.invoke.InnerClassLambdaMetafactory.buildCallSite;261;isAccessible=true;
Constructor.newInstance;<net.bytebuddy.description.method.$Proxy92: void <init>(java.lang.reflect.InvocationHandler)>;java.lang.reflect.Proxy.newProxyInstance;1053;isAccessible=true;
Constructor.newInstance;<net.bytebuddy.description.method.$Proxy96: void <init>(java.lang.reflect.InvocationHandler)>;java.lang.reflect.Proxy.newProxyInstance;1053;isAccessible=true;
Constructor.newInstance;<net.bytebuddy.description.method.$Proxy97: void <init>(java.lang.reflect.InvocationHandler)>;java.lang.reflect.Proxy.newProxyInstance;1053;isAccessible=true;
Constructor.newInstance;<net.bytebuddy.description.type.$Proxy123: void <init>(java.lang.reflect.InvocationHandler)>;java.lang.reflect.Proxy.newProxyInstance;1053;isAccessible=true;
Constructor.newInstance;<net.bytebuddy.description.type.$Proxy124: void <init>(java.lang.reflect.InvocationHandler)>;java.lang.reflect.Proxy.newProxyInstance;1053;isAccessible=true;
Constructor.newInstance;<net.bytebuddy.description.type.$Proxy125: void <init>(java.lang.reflect.InvocationHandler)>;java.lang.reflect.Proxy.newProxyInstance;1053;isAccessible=true;
Constructor.newInstance;<net.bytebuddy.description.type.$Proxy126: void <init>(java.lang.reflect.InvocationHandler)>;java.lang.reflect.Proxy.newProxyInstance;1053;isAccessible=true;
Constructor.newInstance;<net.bytebuddy.description.type.$Proxy127: void <init>(java.lang.reflect.InvocationHandler)>;java.lang.reflect.Proxy.newProxyInstance;1053;isAccessible=true;
Constructor.newInstance;<net.bytebuddy.description.type.$Proxy91: void <init>(java.lang.reflect.InvocationHandler)>;java.lang.reflect.Proxy.newProxyInstance;1053;isAccessible=true;
Constructor.newInstance;<net.bytebuddy.description.type.$Proxy95: void <init>(java.lang.reflect.InvocationHandler)>;java.lang.reflect.Proxy.newProxyInstance;1053;isAccessible=true;
Constructor.newInstance;<net.bytebuddy.dynamic.loading.$Proxy129: void <init>(java.lang.reflect.InvocationHandler)>;java.lang.reflect.Proxy.newProxyInstance;1053;isAccessible=true;
Constructor.newInstance;<net.bytebuddy.utility.Invoker$Dispatcher: void <init>()>;net.bytebuddy.utility.dispatcher.JavaDispatcher$DynamicClassLoader.invoker;1389;isAccessible=false;
Constructor.newInstance;<org.apache.catalina.connector.CoyoteAdapter$$Lambda$683: void <init>()>;java.lang.invoke.InnerClassLambdaMetafactory.buildCallSite;261;isAccessible=true;
Constructor.newInstance;<org.apache.catalina.util.CharsetMapper: void <init>()>;org.apache.catalina.core.StandardContext.getCharsetMapper;1455;isAccessible=false;
Constructor.newInstance;<org.apache.commons.logging.impl.Jdk14Logger: void <init>(java.lang.String)>;org.apache.commons.logging.impl.LogFactoryImpl.createLogFromClass;1025;isAccessible=false;
Constructor.newInstance;<org.apache.commons.logging.impl.Jdk14Logger: void <init>(java.lang.String)>;org.apache.commons.logging.impl.LogFactoryImpl.newInstance;545;isAccessible=false;
Constructor.newInstance;<org.apache.el.ExpressionFactoryImpl: void <init>()>;java.util.ServiceLoader$ProviderImpl.newInstance;789;isAccessible=false;
Constructor.newInstance;<org.apache.el.ExpressionFactoryImpl: void <init>()>;javax.el.ExpressionFactory.newInstance;158;isAccessible=false;
Constructor.newInstance;<org.apache.logging.log4j.util.EnvironmentPropertySource: void <init>()>;java.util.ServiceLoader$ProviderImpl.newInstance;789;isAccessible=false;
Constructor.newInstance;<org.apache.logging.log4j.util.PropertiesUtil$Environment$$Lambda$243: void <init>()>;java.lang.invoke.InnerClassLambdaMetafactory.buildCallSite;261;isAccessible=true;
Constructor.newInstance;<org.apache.logging.log4j.util.SortedArrayStringMap$$Lambda$1058: void <init>()>;java.lang.invoke.InnerClassLambdaMetafactory.buildCallSite;261;isAccessible=true;
Constructor.newInstance;<org.apache.logging.log4j.util.Strings$$Lambda$246: void <init>()>;java.lang.invoke.InnerClassLambdaMetafactory.buildCallSite;261;isAccessible=true;
Constructor.newInstance;<org.apache.logging.log4j.util.SystemPropertiesPropertySource: void <init>()>;java.util.ServiceLoader$ProviderImpl.newInstance;789;isAccessible=false;
Constructor.newInstance;<org.apache.logging.slf4j.SLF4JProvider: void <init>()>;java.util.ServiceLoader$ProviderImpl.newInstance;789;isAccessible=false;
Constructor.newInstance;<org.apache.tomcat.util.http.CookieProcessorBase$$Lambda$685: void <init>()>;java.lang.invoke.InnerClassLambdaMetafactory.buildCallSite;261;isAccessible=true;
Constructor.newInstance;<org.dacapo.harness.Benchmark$$Lambda$39: void <init>()>;java.lang.invoke.InnerClassLambdaMetafactory.buildCallSite;261;isAccessible=true;
Constructor.newInstance;<org.dacapo.harness.CommandLineArgs$$Lambda$31: void <init>()>;java.lang.invoke.InnerClassLambdaMetafactory.buildCallSite;261;isAccessible=true;
Constructor.newInstance;<org.dacapo.harness.CommandLineArgs$$Lambda$32: void <init>()>;java.lang.invoke.InnerClassLambdaMetafactory.buildCallSite;261;isAccessible=true;
Constructor.newInstance;<org.dacapo.harness.CommandLineArgs$$Lambda$33: void <init>()>;java.lang.invoke.InnerClassLambdaMetafactory.buildCallSite;261;isAccessible=true;
Constructor.newInstance;<org.dacapo.harness.Spring: void <init>(org.dacapo.parser.Config,java.io.File,java.io.File)>;org.dacapo.harness.TestHarness.runBenchmark;218;isAccessible=false;
Constructor.newInstance;<org.dacapo.spring.Client: void <init>(int,org.dacapo.harness.LatencyReporter)>;org.dacapo.harness.Spring.iterate;89;isAccessible=false;
Constructor.newInstance;<org.ehcache.config.Eviction$$Lambda$911: void <init>()>;java.lang.invoke.InnerClassLambdaMetafactory.buildCallSite;261;isAccessible=true;
Constructor.newInstance;<org.ehcache.core.EhcacheManager$$Lambda$897: void <init>()>;java.lang.invoke.InnerClassLambdaMetafactory.buildCallSite;261;isAccessible=true;
Constructor.newInstance;<org.ehcache.core.EhcacheManager$$Lambda$898: void <init>()>;java.lang.invoke.InnerClassLambdaMetafactory.buildCallSite;261;isAccessible=true;
Constructor.newInstance;<org.ehcache.core.internal.statistics.DefaultStatisticsServiceFactory: void <init>()>;java.util.ServiceLoader$ProviderImpl.newInstance;789;isAccessible=false;
Constructor.newInstance;<org.ehcache.core.spi.ServiceLocator$DependencySet$$Lambda$861: void <init>()>;java.lang.invoke.InnerClassLambdaMetafactory.buildCallSite;261;isAccessible=true;
Constructor.newInstance;<org.ehcache.core.spi.ServiceLocator$DependencySet$$Lambda$862: void <init>()>;java.lang.invoke.InnerClassLambdaMetafactory.buildCallSite;261;isAccessible=true;
Constructor.newInstance;<org.ehcache.core.spi.ServiceLocator$DependencySet$$Lambda$867: void <init>()>;java.lang.invoke.InnerClassLambdaMetafactory.buildCallSite;261;isAccessible=true;
Constructor.newInstance;<org.ehcache.core.spi.ServiceLocator$DependencySet$$Lambda$868: void <init>()>;java.lang.invoke.InnerClassLambdaMetafactory.buildCallSite;261;isAccessible=true;
Constructor.newInstance;<org.ehcache.core.spi.ServiceLocator$DependencySet$$Lambda$871: void <init>()>;java.lang.invoke.InnerClassLambdaMetafactory.buildCallSite;261;isAccessible=true;
Constructor.newInstance;<org.ehcache.core.spi.ServiceLocator$DependencySet$$Lambda$876: void <init>()>;java.lang.invoke.InnerClassLambdaMetafactory.buildCallSite;261;isAccessible=true;
Constructor.newInstance;<org.ehcache.core.spi.ServiceLocator$DependencySet$$Lambda$878: void <init>()>;java.lang.invoke.InnerClassLambdaMetafactory.buildCallSite;261;isAccessible=true;
Constructor.newInstance;<org.ehcache.core.spi.ServiceLocator$DependencySet$$Lambda$879: void <init>()>;java.lang.invoke.InnerClassLambdaMetafactory.buildCallSite;261;isAccessible=true;
Constructor.newInstance;<org.ehcache.core.store.StoreSupport$$Lambda$901: void <init>()>;java.lang.invoke.InnerClassLambdaMetafactory.buildCallSite;261;isAccessible=true;
Constructor.newInstance;<org.ehcache.core.store.StoreSupport$$Lambda$902: void <init>()>;java.lang.invoke.InnerClassLambdaMetafactory.buildCallSite;261;isAccessible=true;
Constructor.newInstance;<org.ehcache.core.store.StoreSupport$$Lambda$904: void <init>()>;java.lang.invoke.InnerClassLambdaMetafactory.buildCallSite;261;isAccessible=true;
Constructor.newInstance;<org.ehcache.core.store.StoreSupport$$Lambda$905: void <init>()>;java.lang.invoke.InnerClassLambdaMetafactory.buildCallSite;261;isAccessible=true;
Constructor.newInstance;<org.ehcache.core.util.ClassLoading$$Lambda$856: void <init>()>;java.lang.invoke.InnerClassLambdaMetafactory.buildCallSite;261;isAccessible=true;
Constructor.newInstance;<org.ehcache.core.util.ClassLoading$$Lambda$858: void <init>()>;java.lang.invoke.InnerClassLambdaMetafactory.buildCallSite;261;isAccessible=true;
Constructor.newInstance;<org.ehcache.core.util.ClassLoading$$Lambda$874: void <init>()>;java.lang.invoke.InnerClassLambdaMetafactory.buildCallSite;261;isAccessible=true;
Constructor.newInstance;<org.ehcache.impl.config.ResourcePoolsImpl$$Lambda$893: void <init>()>;java.lang.invoke.InnerClassLambdaMetafactory.buildCallSite;261;isAccessible=true;
Constructor.newInstance;<org.ehcache.impl.internal.TimeSourceServiceFactory: void <init>()>;java.util.ServiceLoader$ProviderImpl.newInstance;789;isAccessible=false;
Constructor.newInstance;<org.ehcache.impl.internal.concurrent.ThreadLocalRandomUtil$$Lambda$912: void <init>()>;java.lang.invoke.InnerClassLambdaMetafactory.buildCallSite;261;isAccessible=true;
Constructor.newInstance;<org.ehcache.impl.internal.events.CacheEventNotificationListenerServiceProviderFactory: void <init>()>;java.util.ServiceLoader$ProviderImpl.newInstance;789;isAccessible=false;
Constructor.newInstance;<org.ehcache.impl.internal.executor.DefaultExecutionServiceFactory: void <init>()>;java.util.ServiceLoader$ProviderImpl.newInstance;789;isAccessible=false;
Constructor.newInstance;<org.ehcache.impl.internal.executor.OnDemandExecutionService$$Lambda$917: void <init>()>;java.lang.invoke.InnerClassLambdaMetafactory.buildCallSite;261;isAccessible=true;
Constructor.newInstance;<org.ehcache.impl.internal.executor.OnDemandExecutionService$$Lambda$918: void <init>()>;java.lang.invoke.InnerClassLambdaMetafactory.buildCallSite;261;isAccessible=true;
Constructor.newInstance;<org.ehcache.impl.internal.loaderwriter.writebehind.WriteBehindProviderFactory: void <init>()>;java.util.ServiceLoader$ProviderImpl.newInstance;789;isAccessible=false;
Constructor.newInstance;<org.ehcache.impl.internal.persistence.DefaultDiskResourceServiceFactory: void <init>()>;java.util.ServiceLoader$ProviderImpl.newInstance;789;isAccessible=false;
Constructor.newInstance;<org.ehcache.impl.internal.persistence.DefaultLocalPersistenceServiceFactory: void <init>()>;java.util.ServiceLoader$ProviderImpl.newInstance;789;isAccessible=false;
Constructor.newInstance;<org.ehcache.impl.internal.resilience.RobustResilienceStrategy: void <init>(org.ehcache.spi.resilience.RecoveryStore)>;org.ehcache.impl.internal.classes.commonslang.reflect.ConstructorUtils.invokeConstructor;114;isAccessible=false;
Constructor.newInstance;<org.ehcache.impl.internal.sizeof.DefaultSizeOfEngineProviderFactory: void <init>()>;java.util.ServiceLoader$ProviderImpl.newInstance;789;isAccessible=false;
Constructor.newInstance;<org.ehcache.impl.internal.spi.copy.DefaultCopyProviderFactory: void <init>()>;java.util.ServiceLoader$ProviderImpl.newInstance;789;isAccessible=false;
Constructor.newInstance;<org.ehcache.impl.internal.spi.event.DefaultCacheEventListenerProviderFactory: void <init>()>;java.util.ServiceLoader$ProviderImpl.newInstance;789;isAccessible=false;
Constructor.newInstance;<org.ehcache.impl.internal.spi.loaderwriter.DefaultCacheLoaderWriterProviderFactory: void <init>()>;java.util.ServiceLoader$ProviderImpl.newInstance;789;isAccessible=false;
Constructor.newInstance;<org.ehcache.impl.internal.spi.resilience.DefaultResilienceStrategyProviderFactory: void <init>()>;java.util.ServiceLoader$ProviderImpl.newInstance;789;isAccessible=false;
Constructor.newInstance;<org.ehcache.impl.internal.spi.serialization.DefaultSerializationProviderFactory: void <init>()>;java.util.ServiceLoader$ProviderImpl.newInstance;789;isAccessible=false;
Constructor.newInstance;<org.ehcache.impl.internal.store.disk.OffHeapDiskStoreProviderFactory: void <init>()>;java.util.ServiceLoader$ProviderImpl.newInstance;789;isAccessible=false;
Constructor.newInstance;<org.ehcache.impl.internal.store.heap.OnHeapStore$$Lambda$906: void <init>()>;java.lang.invoke.InnerClassLambdaMetafactory.buildCallSite;261;isAccessible=true;
Constructor.newInstance;<org.ehcache.impl.internal.store.heap.OnHeapStore$$Lambda$907: void <init>()>;java.lang.invoke.InnerClassLambdaMetafactory.buildCallSite;261;isAccessible=true;
Constructor.newInstance;<org.ehcache.impl.internal.store.heap.OnHeapStore$$Lambda$908: void <init>()>;java.lang.invoke.InnerClassLambdaMetafactory.buildCallSite;261;isAccessible=true;
Constructor.newInstance;<org.ehcache.impl.internal.store.heap.OnHeapStore$$Lambda$909: void <init>()>;java.lang.invoke.InnerClassLambdaMetafactory.buildCallSite;261;isAccessible=true;
Constructor.newInstance;<org.ehcache.impl.internal.store.heap.OnHeapStore$Provider$$Lambda$910: void <init>()>;java.lang.invoke.InnerClassLambdaMetafactory.buildCallSite;261;isAccessible=true;
Constructor.newInstance;<org.ehcache.impl.internal.store.heap.OnHeapStoreProviderFactory: void <init>()>;java.util.ServiceLoader$ProviderImpl.newInstance;789;isAccessible=false;
Constructor.newInstance;<org.ehcache.impl.internal.store.loaderwriter.LoaderWriterStoreProviderFactory: void <init>()>;java.util.ServiceLoader$ProviderImpl.newInstance;789;isAccessible=false;
Constructor.newInstance;<org.ehcache.impl.internal.store.offheap.OffHeapStoreProviderFactory: void <init>()>;java.util.ServiceLoader$ProviderImpl.newInstance;789;isAccessible=false;
Constructor.newInstance;<org.ehcache.impl.internal.store.tiering.CompoundCachingTierProviderFactory: void <init>()>;java.util.ServiceLoader$ProviderImpl.newInstance;789;isAccessible=false;
Constructor.newInstance;<org.ehcache.impl.internal.store.tiering.TieredStoreProviderFactory: void <init>()>;java.util.ServiceLoader$ProviderImpl.newInstance;789;isAccessible=false;
Constructor.newInstance;<org.ehcache.impl.serialization.PlainJavaSerializer: void <init>(java.lang.ClassLoader)>;org.ehcache.impl.internal.spi.serialization.DefaultSerializationProvider.constructSerializer;141;isAccessible=false;
Constructor.newInstance;<org.ehcache.jsr107.EhcacheCachingProvider: void <init>()>;java.util.ServiceLoader$ProviderImpl.newInstance;789;isAccessible=false;
Constructor.newInstance;<org.ehcache.shadow.org.terracotta.statistics.StatisticsManager$$Lambda$913: void <init>()>;java.lang.invoke.InnerClassLambdaMetafactory.buildCallSite;261;isAccessible=true;
Constructor.newInstance;<org.ehcache.shadow.org.terracotta.statistics.derived.latency.LatencyAccumulator$$Lambda$936: void <init>()>;java.lang.invoke.InnerClassLambdaMetafactory.buildCallSite;261;isAccessible=true;
Constructor.newInstance;<org.ehcache.shadow.org.terracotta.statistics.derived.latency.LatencyAccumulator$$Lambda$937: void <init>()>;java.lang.invoke.InnerClassLambdaMetafactory.buildCallSite;261;isAccessible=true;
Constructor.newInstance;<org.h2.Driver: void <init>()>;com.zaxxer.hikari.HikariConfig.setDriverClassName;495;isAccessible=false;
Constructor.newInstance;<org.h2.Driver: void <init>()>;java.util.ServiceLoader$ProviderImpl.newInstance;789;isAccessible=false;
Constructor.newInstance;<org.h2.engine.Database$$Lambda$946: void <init>()>;java.lang.invoke.InnerClassLambdaMetafactory.buildCallSite;261;isAccessible=true;
Constructor.newInstance;<org.h2.engine.Engine$$Lambda$944: void <init>()>;java.lang.invoke.InnerClassLambdaMetafactory.buildCallSite;261;isAccessible=true;
Constructor.newInstance;<org.h2.engine.MetaRecord$$Lambda$949: void <init>()>;java.lang.invoke.InnerClassLambdaMetafactory.buildCallSite;261;isAccessible=true;
Constructor.newInstance;<org.h2.engine.SettingsBase$$Lambda$2020: void <init>()>;java.lang.invoke.InnerClassLambdaMetafactory.buildCallSite;261;isAccessible=true;
Constructor.newInstance;<org.h2.engine.SettingsBase$$Lambda$2021: void <init>()>;java.lang.invoke.InnerClassLambdaMetafactory.buildCallSite;261;isAccessible=true;
Constructor.newInstance;<org.h2.engine.SettingsBase$$Lambda$2022: void <init>()>;java.lang.invoke.InnerClassLambdaMetafactory.buildCallSite;261;isAccessible=true;
Constructor.newInstance;<org.h2.engine.SettingsBase$$Lambda$2023: void <init>()>;java.lang.invoke.InnerClassLambdaMetafactory.buildCallSite;261;isAccessible=true;
Constructor.newInstance;<org.h2.engine.SettingsBase$$Lambda$2024: void <init>()>;java.lang.invoke.InnerClassLambdaMetafactory.buildCallSite;261;isAccessible=true;
Constructor.newInstance;<org.h2.engine.SettingsBase$$Lambda$2025: void <init>()>;java.lang.invoke.InnerClassLambdaMetafactory.buildCallSite;261;isAccessible=true;
Constructor.newInstance;<org.h2.engine.SettingsBase$$Lambda$2026: void <init>()>;java.lang.invoke.InnerClassLambdaMetafactory.buildCallSite;261;isAccessible=true;
Constructor.newInstance;<org.h2.engine.SettingsBase$$Lambda$2027: void <init>()>;java.lang.invoke.InnerClassLambdaMetafactory.buildCallSite;261;isAccessible=true;
Constructor.newInstance;<org.h2.engine.SettingsBase$$Lambda$2028: void <init>()>;java.lang.invoke.InnerClassLambdaMetafactory.buildCallSite;261;isAccessible=true;
Constructor.newInstance;<org.h2.engine.SettingsBase$$Lambda$2029: void <init>()>;java.lang.invoke.InnerClassLambdaMetafactory.buildCallSite;261;isAccessible=true;
Constructor.newInstance;<org.h2.mvstore.tx.TransactionMap$$Lambda$948: void <init>()>;java.lang.invoke.InnerClassLambdaMetafactory.buildCallSite;261;isAccessible=true;
Constructor.newInstance;<org.h2.mvstore.tx.TransactionStore$$Lambda$945: void <init>()>;java.lang.invoke.InnerClassLambdaMetafactory.buildCallSite;261;isAccessible=true;
Constructor.newInstance;<org.h2.table.TableFilter$$Lambda$959: void <init>()>;java.lang.invoke.InnerClassLambdaMetafactory.buildCallSite;261;isAccessible=true;
Constructor.newInstance;<org.h2.table.TableFilter$$Lambda$960: void <init>()>;java.lang.invoke.InnerClassLambdaMetafactory.buildCallSite;261;isAccessible=true;
Constructor.newInstance;<org.h2.util.MathUtils$$Lambda$957: void <init>()>;java.lang.invoke.InnerClassLambdaMetafactory.buildCallSite;261;isAccessible=true;
Constructor.newInstance;<org.hibernate.action.internal.EntityUpdateAction$$Lambda$2208: void <init>()>;java.lang.invoke.InnerClassLambdaMetafactory.buildCallSite;261;isAccessible=true;
Constructor.newInstance;<org.hibernate.annotations.common.util.impl.Log_$logger: void <init>(org.jboss.logging.Logger)>;org.jboss.logging.Logger.doGetMessageLogger;2573;isAccessible=false;
Constructor.newInstance;<org.hibernate.boot.archive.scan.internal.DisabledScanner: void <init>()>;org.hibernate.boot.model.process.internal.ScanningCoordinator.buildScanner;166;isAccessible=false;
Constructor.newInstance;<org.hibernate.boot.internal.MetadataImpl$$Lambda$1026: void <init>()>;java.lang.invoke.InnerClassLambdaMetafactory.buildCallSite;261;isAccessible=true;
Constructor.newInstance;<org.hibernate.boot.internal.SessionFactoryBuilderImpl$$Lambda$1019: void <init>()>;java.lang.invoke.InnerClassLambdaMetafactory.buildCallSite;261;isAccessible=true;
Constructor.newInstance;<org.hibernate.boot.internal.SessionFactoryOptionsBuilder$$Lambda$1016: void <init>()>;java.lang.invoke.InnerClassLambdaMetafactory.buildCallSite;261;isAccessible=true;
Constructor.newInstance;<org.hibernate.boot.model.convert.internal.AttributeConverterManager$$Lambda$1001: void <init>()>;java.lang.invoke.InnerClassLambdaMetafactory.buildCallSite;261;isAccessible=true;
Constructor.newInstance;<org.hibernate.boot.registry.selector.internal.StrategySelectorImpl$$Lambda$971: void <init>()>;java.lang.invoke.InnerClassLambdaMetafactory.buildCallSite;261;isAccessible=true;
Constructor.newInstance;<org.hibernate.bytecode.enhance.spi.interceptor.BytecodeInterceptorLogging_$logger: void <init>(org.jboss.logging.Logger)>;org.jboss.logging.Logger.doGetMessageLogger;2573;isAccessible=false;
Constructor.newInstance;<org.hibernate.bytecode.internal.bytebuddy.ByteBuddyState$ProxyDefinitionHelpers$$Lambda$972: void <init>()>;java.lang.invoke.InnerClassLambdaMetafactory.buildCallSite;261;isAccessible=true;
Constructor.newInstance;<org.hibernate.engine.internal.StatefulPersistenceContext$$Lambda$2010: void <init>()>;java.lang.invoke.InnerClassLambdaMetafactory.buildCallSite;261;isAccessible=true;
Constructor.newInstance;<org.hibernate.engine.internal.StatefulPersistenceContext$$Lambda$2011: void <init>()>;java.lang.invoke.InnerClassLambdaMetafactory.buildCallSite;261;isAccessible=true;
Constructor.newInstance;<org.hibernate.engine.internal.StatefulPersistenceContext$$Lambda$2012: void <init>()>;java.lang.invoke.InnerClassLambdaMetafactory.buildCallSite;261;isAccessible=true;
Constructor.newInstance;<org.hibernate.engine.internal.StatefulPersistenceContext$$Lambda$2013: void <init>()>;java.lang.invoke.InnerClassLambdaMetafactory.buildCallSite;261;isAccessible=true;
Constructor.newInstance;<org.hibernate.engine.internal.TwoPhaseLoad$$Lambda$1990: void <init>()>;java.lang.invoke.InnerClassLambdaMetafactory.buildCallSite;261;isAccessible=true;
Constructor.newInstance;<org.hibernate.engine.internal.TwoPhaseLoad$$Lambda$1991: void <init>()>;java.lang.invoke.InnerClassLambdaMetafactory.buildCallSite;261;isAccessible=true;
Constructor.newInstance;<org.hibernate.engine.internal.TwoPhaseLoad$$Lambda$1992: void <init>()>;java.lang.invoke.InnerClassLambdaMetafactory.buildCallSite;261;isAccessible=true;
Constructor.newInstance;<org.hibernate.engine.internal.TwoPhaseLoad$$Lambda$1993: void <init>()>;java.lang.invoke.InnerClassLambdaMetafactory.buildCallSite;261;isAccessible=true;
Constructor.newInstance;<org.hibernate.engine.internal.TwoPhaseLoad$$Lambda$1994: void <init>()>;java.lang.invoke.InnerClassLambdaMetafactory.buildCallSite;261;isAccessible=true;
Constructor.newInstance;<org.hibernate.engine.internal.TwoPhaseLoad$$Lambda$1995: void <init>()>;java.lang.invoke.InnerClassLambdaMetafactory.buildCallSite;261;isAccessible=true;
Constructor.newInstance;<org.hibernate.engine.internal.TwoPhaseLoad$$Lambda$1996: void <init>()>;java.lang.invoke.InnerClassLambdaMetafactory.buildCallSite;261;isAccessible=true;
Constructor.newInstance;<org.hibernate.engine.internal.TwoPhaseLoad$$Lambda$1997: void <init>()>;java.lang.invoke.InnerClassLambdaMetafactory.buildCallSite;261;isAccessible=true;
Constructor.newInstance;<org.hibernate.engine.internal.TwoPhaseLoad$$Lambda$1998: void <init>()>;java.lang.invoke.InnerClassLambdaMetafactory.buildCallSite;261;isAccessible=true;
Constructor.newInstance;<org.hibernate.engine.internal.TwoPhaseLoad$$Lambda$1999: void <init>()>;java.lang.invoke.InnerClassLambdaMetafactory.buildCallSite;261;isAccessible=true;
Constructor.newInstance;<org.hibernate.engine.internal.TwoPhaseLoad$EntityResolver$$Lambda$1989: void <init>()>;java.lang.invoke.InnerClassLambdaMetafactory.buildCallSite;261;isAccessible=true;
Constructor.newInstance;<org.hibernate.engine.transaction.jta.platform.internal.NoJtaPlatform: void <init>()>;org.springframework.boot.autoconfigure.orm.jpa.HibernateJpaConfiguration.getNoJtaPlatformManager;207;isAccessible=false;
Constructor.newInstance;<org.hibernate.event.internal.AbstractFlushingEventListener$$Lambda$2201: void <init>()>;java.lang.invoke.InnerClassLambdaMetafactory.buildCallSite;261;isAccessible=true;
Constructor.newInstance;<org.hibernate.event.internal.AbstractFlushingEventListener$$Lambda$2202: void <init>()>;java.lang.invoke.InnerClassLambdaMetafactory.buildCallSite;261;isAccessible=true;
Constructor.newInstance;<org.hibernate.event.internal.EntityCopyNotAllowedObserver$$Lambda$2185: void <init>()>;java.lang.invoke.InnerClassLambdaMetafactory.buildCallSite;261;isAccessible=true;
Constructor.newInstance;<org.hibernate.event.service.internal.EventListenerRegistryImpl$Builder$$Lambda$1020: void <init>()>;java.lang.invoke.InnerClassLambdaMetafactory.buildCallSite;261;isAccessible=true;
Constructor.newInstance;<org.hibernate.event.service.internal.EventListenerRegistryImpl$Builder$$Lambda$1023: void <init>()>;java.lang.invoke.InnerClassLambdaMetafactory.buildCallSite;261;isAccessible=true;
Constructor.newInstance;<org.hibernate.hql.internal.HolderInstantiator$$Lambda$2040: void <init>()>;java.lang.invoke.InnerClassLambdaMetafactory.buildCallSite;261;isAccessible=true;
Constructor.newInstance;<org.hibernate.hql.internal.HolderInstantiator$$Lambda$2041: void <init>()>;java.lang.invoke.InnerClassLambdaMetafactory.buildCallSite;261;isAccessible=true;
Constructor.newInstance;<org.hibernate.hql.internal.HolderInstantiator$$Lambda$2042: void <init>()>;java.lang.invoke.InnerClassLambdaMetafactory.buildCallSite;261;isAccessible=true;
Constructor.newInstance;<org.hibernate.hql.internal.HolderInstantiator$$Lambda$2043: void <init>()>;java.lang.invoke.InnerClassLambdaMetafactory.buildCallSite;261;isAccessible=true;
Constructor.newInstance;<org.hibernate.hql.internal.HolderInstantiator$$Lambda$2044: void <init>()>;java.lang.invoke.InnerClassLambdaMetafactory.buildCallSite;261;isAccessible=true;
Constructor.newInstance;<org.hibernate.hql.internal.HolderInstantiator$$Lambda$2045: void <init>()>;java.lang.invoke.InnerClassLambdaMetafactory.buildCallSite;261;isAccessible=true;
Constructor.newInstance;<org.hibernate.hql.internal.HolderInstantiator$$Lambda$2046: void <init>()>;java.lang.invoke.InnerClassLambdaMetafactory.buildCallSite;261;isAccessible=true;
Constructor.newInstance;<org.hibernate.internal.CoreMessageLogger_$logger: void <init>(org.jboss.logging.Logger)>;org.jboss.logging.Logger.doGetMessageLogger;2573;isAccessible=false;
Constructor.newInstance;<org.hibernate.internal.EntityManagerMessageLogger_$logger: void <init>(org.jboss.logging.Logger)>;org.jboss.logging.Logger.doGetMessageLogger;2573;isAccessible=false;
Constructor.newInstance;<org.hibernate.internal.FastSessionServices$$Lambda$2000: void <init>()>;java.lang.invoke.InnerClassLambdaMetafactory.buildCallSite;261;isAccessible=true;
Constructor.newInstance;<org.hibernate.internal.FastSessionServices$$Lambda$2001: void <init>()>;java.lang.invoke.InnerClassLambdaMetafactory.buildCallSite;261;isAccessible=true;
Constructor.newInstance;<org.hibernate.internal.FastSessionServices$$Lambda$2002: void <init>()>;java.lang.invoke.InnerClassLambdaMetafactory.buildCallSite;261;isAccessible=true;
Constructor.newInstance;<org.hibernate.internal.FastSessionServices$$Lambda$2003: void <init>()>;java.lang.invoke.InnerClassLambdaMetafactory.buildCallSite;261;isAccessible=true;
Constructor.newInstance;<org.hibernate.internal.FastSessionServices$$Lambda$2004: void <init>()>;java.lang.invoke.InnerClassLambdaMetafactory.buildCallSite;261;isAccessible=true;
Constructor.newInstance;<org.hibernate.internal.FastSessionServices$$Lambda$2005: void <init>()>;java.lang.invoke.InnerClassLambdaMetafactory.buildCallSite;261;isAccessible=true;
Constructor.newInstance;<org.hibernate.internal.FastSessionServices$$Lambda$2006: void <init>()>;java.lang.invoke.InnerClassLambdaMetafactory.buildCallSite;261;isAccessible=true;
Constructor.newInstance;<org.hibernate.internal.FastSessionServices$$Lambda$2007: void <init>()>;java.lang.invoke.InnerClassLambdaMetafactory.buildCallSite;261;isAccessible=true;
Constructor.newInstance;<org.hibernate.internal.FastSessionServices$$Lambda$2008: void <init>()>;java.lang.invoke.InnerClassLambdaMetafactory.buildCallSite;261;isAccessible=true;
Constructor.newInstance;<org.hibernate.internal.FastSessionServices$$Lambda$2009: void <init>()>;java.lang.invoke.InnerClassLambdaMetafactory.buildCallSite;261;isAccessible=true;
Constructor.newInstance;<org.hibernate.internal.SessionFactoryImpl$$Lambda$1046: void <init>()>;java.lang.invoke.InnerClassLambdaMetafactory.buildCallSite;261;isAccessible=true;
Constructor.newInstance;<org.hibernate.internal.SessionImpl$$Lambda$1969: void <init>()>;java.lang.invoke.InnerClassLambdaMetafactory.buildCallSite;261;isAccessible=true;
Constructor.newInstance;<org.hibernate.internal.SessionImpl$$Lambda$1970: void <init>()>;java.lang.invoke.InnerClassLambdaMetafactory.buildCallSite;261;isAccessible=true;
Constructor.newInstance;<org.hibernate.internal.SessionImpl$$Lambda$1971: void <init>()>;java.lang.invoke.InnerClassLambdaMetafactory.buildCallSite;261;isAccessible=true;
Constructor.newInstance;<org.hibernate.internal.SessionImpl$$Lambda$1972: void <init>()>;java.lang.invoke.InnerClassLambdaMetafactory.buildCallSite;261;isAccessible=true;
Constructor.newInstance;<org.hibernate.internal.SessionImpl$$Lambda$1973: void <init>()>;java.lang.invoke.InnerClassLambdaMetafactory.buildCallSite;261;isAccessible=true;
Constructor.newInstance;<org.hibernate.internal.SessionImpl$$Lambda$1974: void <init>()>;java.lang.invoke.InnerClassLambdaMetafactory.buildCallSite;261;isAccessible=true;
Constructor.newInstance;<org.hibernate.internal.SessionImpl$$Lambda$1975: void <init>()>;java.lang.invoke.InnerClassLambdaMetafactory.buildCallSite;261;isAccessible=true;
Constructor.newInstance;<org.hibernate.internal.SessionImpl$$Lambda$1976: void <init>()>;java.lang.invoke.InnerClassLambdaMetafactory.buildCallSite;261;isAccessible=true;
Constructor.newInstance;<org.hibernate.internal.SessionImpl$$Lambda$1977: void <init>()>;java.lang.invoke.InnerClassLambdaMetafactory.buildCallSite;261;isAccessible=true;
Constructor.newInstance;<org.hibernate.internal.SessionImpl$$Lambda$1978: void <init>()>;java.lang.invoke.InnerClassLambdaMetafactory.buildCallSite;261;isAccessible=true;
Constructor.newInstance;<org.hibernate.internal.SessionImpl$$Lambda$1979: void <init>()>;java.lang.invoke.InnerClassLambdaMetafactory.buildCallSite;261;isAccessible=true;
Constructor.newInstance;<org.hibernate.internal.SessionImpl$$Lambda$1980: void <init>()>;java.lang.invoke.InnerClassLambdaMetafactory.buildCallSite;261;isAccessible=true;
Constructor.newInstance;<org.hibernate.internal.SessionImpl$$Lambda$1981: void <init>()>;java.lang.invoke.InnerClassLambdaMetafactory.buildCallSite;261;isAccessible=true;
Constructor.newInstance;<org.hibernate.internal.SessionImpl$$Lambda$1982: void <init>()>;java.lang.invoke.InnerClassLambdaMetafactory.buildCallSite;261;isAccessible=true;
Constructor.newInstance;<org.hibernate.internal.SessionImpl$$Lambda$1983: void <init>()>;java.lang.invoke.InnerClassLambdaMetafactory.buildCallSite;261;isAccessible=true;
Constructor.newInstance;<org.hibernate.internal.SessionImpl$$Lambda$1984: void <init>()>;java.lang.invoke.InnerClassLambdaMetafactory.buildCallSite;261;isAccessible=true;
Constructor.newInstance;<org.hibernate.internal.SessionImpl$$Lambda$1985: void <init>()>;java.lang.invoke.InnerClassLambdaMetafactory.buildCallSite;261;isAccessible=true;
Constructor.newInstance;<org.hibernate.internal.SessionImpl$$Lambda$1986: void <init>()>;java.lang.invoke.InnerClassLambdaMetafactory.buildCallSite;261;isAccessible=true;
Constructor.newInstance;<org.hibernate.internal.SessionImpl$$Lambda$1987: void <init>()>;java.lang.invoke.InnerClassLambdaMetafactory.buildCallSite;261;isAccessible=true;
Constructor.newInstance;<org.hibernate.internal.SessionImpl$$Lambda$1988: void <init>()>;java.lang.invoke.InnerClassLambdaMetafactory.buildCallSite;261;isAccessible=true;
Constructor.newInstance;<org.hibernate.internal.SessionImpl$$Lambda$2030: void <init>()>;java.lang.invoke.InnerClassLambdaMetafactory.buildCallSite;261;isAccessible=true;
Constructor.newInstance;<org.hibernate.internal.SessionImpl$$Lambda$2031: void <init>()>;java.lang.invoke.InnerClassLambdaMetafactory.buildCallSite;261;isAccessible=true;
Constructor.newInstance;<org.hibernate.internal.SessionImpl$$Lambda$2032: void <init>()>;java.lang.invoke.InnerClassLambdaMetafactory.buildCallSite;261;isAccessible=true;
Constructor.newInstance;<org.hibernate.internal.SessionImpl$$Lambda$2033: void <init>()>;java.lang.invoke.InnerClassLambdaMetafactory.buildCallSite;261;isAccessible=true;
Constructor.newInstance;<org.hibernate.internal.SessionImpl$$Lambda$2034: void <init>()>;java.lang.invoke.InnerClassLambdaMetafactory.buildCallSite;261;isAccessible=true;
Constructor.newInstance;<org.hibernate.internal.SessionImpl$$Lambda$2035: void <init>()>;java.lang.invoke.InnerClassLambdaMetafactory.buildCallSite;261;isAccessible=true;
Constructor.newInstance;<org.hibernate.internal.SessionImpl$$Lambda$2036: void <init>()>;java.lang.invoke.InnerClassLambdaMetafactory.buildCallSite;261;isAccessible=true;
Constructor.newInstance;<org.hibernate.internal.SessionImpl$$Lambda$2037: void <init>()>;java.lang.invoke.InnerClassLambdaMetafactory.buildCallSite;261;isAccessible=true;
Constructor.newInstance;<org.hibernate.internal.SessionImpl$$Lambda$2038: void <init>()>;java.lang.invoke.InnerClassLambdaMetafactory.buildCallSite;261;isAccessible=true;
Constructor.newInstance;<org.hibernate.internal.SessionImpl$$Lambda$2039: void <init>()>;java.lang.invoke.InnerClassLambdaMetafactory.buildCallSite;261;isAccessible=true;
Constructor.newInstance;<org.hibernate.internal.SessionImpl$$Lambda$2178: void <init>()>;java.lang.invoke.InnerClassLambdaMetafactory.buildCallSite;261;isAccessible=true;
Constructor.newInstance;<org.hibernate.internal.SessionImpl$$Lambda$2188: void <init>()>;java.lang.invoke.InnerClassLambdaMetafactory.buildCallSite;261;isAccessible=true;
Constructor.newInstance;<org.hibernate.internal.SessionImpl$$Lambda$2199: void <init>()>;java.lang.invoke.InnerClassLambdaMetafactory.buildCallSite;261;isAccessible=true;
Constructor.newInstance;<org.hibernate.internal.SessionImpl$$Lambda$2200: void <init>()>;java.lang.invoke.InnerClassLambdaMetafactory.buildCallSite;261;isAccessible=true;
Constructor.newInstance;<org.hibernate.jpa.HibernatePersistenceProvider: void <init>()>;java.util.ServiceLoader$ProviderImpl.newInstance;789;isAccessible=false;
Constructor.newInstance;<org.hibernate.loader.plan.exec.process.spi.ResultSetProcessorResolver$$Lambda$1057: void <init>()>;java.lang.invoke.InnerClassLambdaMetafactory.buildCallSite;261;isAccessible=true;
Constructor.newInstance;<org.hibernate.metamodel.internal.MetamodelImpl$$Lambda$1054: void <init>()>;java.lang.invoke.InnerClassLambdaMetafactory.buildCallSite;261;isAccessible=true;
Constructor.newInstance;<org.hibernate.metamodel.internal.MetamodelImpl$$Lambda$1059: void <init>()>;java.lang.invoke.InnerClassLambdaMetafactory.buildCallSite;261;isAccessible=true;
Constructor.newInstance;<org.hibernate.persister.collection.BasicCollectionPersister: void <init>(org.hibernate.mapping.Collection,org.hibernate.cache.spi.access.CollectionDataAccess,org.hibernate.persister.spi.PersisterCreationContext)>;org.hibernate.persister.internal.PersisterFactoryImpl.createCollectionPersister;152;isAccessible=false;
Constructor.newInstance;<org.hibernate.persister.collection.OneToManyPersister: void <init>(org.hibernate.mapping.Collection,org.hibernate.cache.spi.access.CollectionDataAccess,org.hibernate.persister.spi.PersisterCreationContext)>;org.hibernate.persister.internal.PersisterFactoryImpl.createCollectionPersister;152;isAccessible=false;
Constructor.newInstance;<org.hibernate.persister.entity.SingleTableEntityPersister: void <init>(org.hibernate.mapping.PersistentClass,org.hibernate.cache.spi.access.EntityDataAccess,org.hibernate.cache.spi.access.NaturalIdDataAccess,org.hibernate.persister.spi.PersisterCreationContext)>;org.hibernate.persister.internal.PersisterFactoryImpl.createEntityPersister;96;isAccessible=false;
Constructor.newInstance;<org.hibernate.resource.jdbc.internal.ResourceRegistryStandardImpl$$Lambda$1094: void <init>()>;java.lang.invoke.InnerClassLambdaMetafactory.buildCallSite;261;isAccessible=true;
Constructor.newInstance;<org.hibernate.resource.jdbc.internal.ResourceRegistryStandardImpl$$Lambda$2014: void <init>()>;java.lang.invoke.InnerClassLambdaMetafactory.buildCallSite;261;isAccessible=true;
Constructor.newInstance;<org.hibernate.resource.jdbc.internal.ResourceRegistryStandardImpl$$Lambda$2015: void <init>()>;java.lang.invoke.InnerClassLambdaMetafactory.buildCallSite;261;isAccessible=true;
Constructor.newInstance;<org.hibernate.resource.jdbc.internal.ResourceRegistryStandardImpl$$Lambda$2016: void <init>()>;java.lang.invoke.InnerClassLambdaMetafactory.buildCallSite;261;isAccessible=true;
Constructor.newInstance;<org.hibernate.resource.jdbc.internal.ResourceRegistryStandardImpl$$Lambda$2017: void <init>()>;java.lang.invoke.InnerClassLambdaMetafactory.buildCallSite;261;isAccessible=true;
Constructor.newInstance;<org.hibernate.resource.jdbc.internal.ResourceRegistryStandardImpl$$Lambda$2018: void <init>()>;java.lang.invoke.InnerClassLambdaMetafactory.buildCallSite;261;isAccessible=true;
Constructor.newInstance;<org.hibernate.resource.jdbc.internal.ResourceRegistryStandardImpl$$Lambda$2019: void <init>()>;java.lang.invoke.InnerClassLambdaMetafactory.buildCallSite;261;isAccessible=true;
Constructor.newInstance;<org.hibernate.tuple.entity.PojoEntityTuplizer: void <init>(org.hibernate.tuple.entity.EntityMetamodel,org.hibernate.mapping.PersistentClass)>;org.hibernate.tuple.entity.EntityTuplizerFactory.constructTuplizer;88;isAccessible=true;
Constructor.newInstance;<org.hibernate.validator.HibernateValidator: void <init>()>;java.util.ServiceLoader$ProviderImpl.newInstance;789;isAccessible=false;
Constructor.newInstance;<org.hibernate.validator.internal.constraintvalidators.bv.DigitsValidatorForCharSequence: void <init>()>;org.hibernate.validator.internal.util.privilegedactions.NewInstance.run;41;isAccessible=false;
Constructor.newInstance;<org.hibernate.validator.internal.constraintvalidators.bv.DigitsValidatorForCharSequence: void <init>()>;org.springframework.beans.BeanUtils.instantiateClass;211;isAccessible=false;
Constructor.newInstance;<org.hibernate.validator.internal.constraintvalidators.bv.notempty.NotEmptyValidatorForCharSequence: void <init>()>;org.hibernate.validator.internal.util.privilegedactions.NewInstance.run;41;isAccessible=false;
Constructor.newInstance;<org.hibernate.validator.internal.constraintvalidators.bv.notempty.NotEmptyValidatorForCharSequence: void <init>()>;org.springframework.beans.BeanUtils.instantiateClass;211;isAccessible=false;
Constructor.newInstance;<org.hibernate.validator.internal.engine.AbstractConfigurationImpl$$Lambda$260: void <init>()>;java.lang.invoke.InnerClassLambdaMetafactory.buildCallSite;261;isAccessible=true;
Constructor.newInstance;<org.hibernate.validator.internal.engine.resolver.JPATraversableResolver: void <init>()>;org.hibernate.validator.internal.util.privilegedactions.NewInstance.run;41;isAccessible=false;
Constructor.newInstance;<org.hibernate.validator.internal.metadata.aggregated.AbstractConstraintMetaData$$Lambda$1034: void <init>()>;java.lang.invoke.InnerClassLambdaMetafactory.buildCallSite;261;isAccessible=true;
Constructor.newInstance;<org.hibernate.validator.internal.metadata.aggregated.BeanMetaDataImpl$$Lambda$1037: void <init>()>;java.lang.invoke.InnerClassLambdaMetafactory.buildCallSite;261;isAccessible=true;
Constructor.newInstance;<org.hibernate.validator.internal.metadata.aggregated.BeanMetaDataImpl$$Lambda$1038: void <init>()>;java.lang.invoke.InnerClassLambdaMetafactory.buildCallSite;261;isAccessible=true;
Constructor.newInstance;<org.hibernate.validator.internal.metadata.aggregated.CascadingMetaDataBuilder$$Lambda$1029: void <init>()>;java.lang.invoke.InnerClassLambdaMetafactory.buildCallSite;261;isAccessible=true;
Constructor.newInstance;<org.hibernate.validator.internal.metadata.aggregated.CascadingMetaDataBuilder$$Lambda$1030: void <init>()>;java.lang.invoke.InnerClassLambdaMetafactory.buildCallSite;261;isAccessible=true;
Constructor.newInstance;<org.hibernate.validator.internal.metadata.aggregated.CascadingMetaDataBuilder$$Lambda$1031: void <init>()>;java.lang.invoke.InnerClassLambdaMetafactory.buildCallSite;261;isAccessible=true;
Constructor.newInstance;<org.hibernate.validator.internal.metadata.aggregated.PropertyMetaData$Builder$$Lambda$1036: void <init>()>;java.lang.invoke.InnerClassLambdaMetafactory.buildCallSite;261;isAccessible=true;
Constructor.newInstance;<org.hibernate.validator.internal.metadata.aggregated.ValidatableParametersMetaData$$Lambda$1035: void <init>()>;java.lang.invoke.InnerClassLambdaMetafactory.buildCallSite;261;isAccessible=true;
Constructor.newInstance;<org.hibernate.validator.internal.metadata.core.MetaConstraints$$Lambda$1044: void <init>()>;java.lang.invoke.InnerClassLambdaMetafactory.buildCallSite;261;isAccessible=true;
Constructor.newInstance;<org.hibernate.validator.internal.metadata.descriptor.ConstraintDescriptorImpl$$Lambda$1040: void <init>()>;java.lang.invoke.InnerClassLambdaMetafactory.buildCallSite;261;isAccessible=true;
Constructor.newInstance;<org.hibernate.validator.internal.metadata.descriptor.ConstraintDescriptorImpl$$Lambda$1041: void <init>()>;java.lang.invoke.InnerClassLambdaMetafactory.buildCallSite;261;isAccessible=true;
Constructor.newInstance;<org.hibernate.validator.internal.metadata.provider.AnnotationMetaDataProvider$$Lambda$296: void <init>()>;java.lang.invoke.InnerClassLambdaMetafactory.buildCallSite;261;isAccessible=true;
Constructor.newInstance;<org.hibernate.validator.internal.util.logging.Log_$logger: void <init>(org.jboss.logging.Logger)>;org.jboss.logging.Logger.doGetMessageLogger;2573;isAccessible=false;
Constructor.newInstance;<org.jcp.xml.dsig.internal.dom.XMLDSigRI: void <init>()>;java.util.ServiceLoader$ProviderImpl.newInstance;789;isAccessible=true;
Constructor.newInstance;<org.postgresql.Driver: void <init>()>;java.util.ServiceLoader$ProviderImpl.newInstance;789;isAccessible=false;
Constructor.newInstance;<org.springframework.aop.aspectj.annotation.AnnotationAwareAspectJAutoProxyCreator: void <init>()>;org.springframework.beans.BeanUtils.instantiateClass;211;isAccessible=false;
Constructor.newInstance;<org.springframework.aop.aspectj.annotation.ReflectiveAspectJAdvisorFactory$$Lambda$496: void <init>()>;java.lang.invoke.InnerClassLambdaMetafactory.buildCallSite;261;isAccessible=true;
Constructor.newInstance;<org.springframework.aop.aspectj.annotation.ReflectiveAspectJAdvisorFactory$$Lambda$498: void <init>()>;java.lang.invoke.InnerClassLambdaMetafactory.buildCallSite;261;isAccessible=true;
Constructor.newInstance;<org.springframework.aop.aspectj.annotation.ReflectiveAspectJAdvisorFactory$$Lambda$499: void <init>()>;java.lang.invoke.InnerClassLambdaMetafactory.buildCallSite;261;isAccessible=true;
Constructor.newInstance;<org.springframework.beans.ExtendedBeanInfoFactory: void <init>()>;org.springframework.core.io.support.SpringFactoriesLoader.instantiateFactory;179;isAccessible=false;
Constructor.newInstance;<org.springframework.beans.factory.BeanFactoryUtils$$Lambda$276: void <init>()>;java.lang.invoke.InnerClassLambdaMetafactory.buildCallSite;261;isAccessible=true;
Constructor.newInstance;<org.springframework.beans.factory.annotation.AutowiredAnnotationBeanPostProcessor$$Lambda$513: void <init>()>;java.lang.invoke.InnerClassLambdaMetafactory.buildCallSite;261;isAccessible=true;
Constructor.newInstance;<org.springframework.beans.factory.annotation.AutowiredAnnotationBeanPostProcessor: void <init>()>;org.springframework.beans.BeanUtils.instantiateClass;211;isAccessible=false;
Constructor.newInstance;<org.springframework.beans.factory.config.PropertiesFactoryBean: void <init>()>;org.springframework.beans.BeanUtils.instantiateClass;211;isAccessible=false;
Constructor.newInstance;<org.springframework.beans.factory.support.AbstractAutowireCapableBeanFactory$$Lambda$401: void <init>()>;java.lang.invoke.InnerClassLambdaMetafactory.buildCallSite;261;isAccessible=true;
Constructor.newInstance;<org.springframework.beans.factory.support.AutowireUtils$$Lambda$501: void <init>()>;java.lang.invoke.InnerClassLambdaMetafactory.buildCallSite;261;isAccessible=true;
Constructor.newInstance;<org.springframework.beans.factory.support.DefaultListableBeanFactory$$Lambda$485: void <init>()>;java.lang.invoke.InnerClassLambdaMetafactory.buildCallSite;261;isAccessible=true;
Constructor.newInstance;<org.springframework.beans.factory.support.DefaultListableBeanFactory$$Lambda$507: void <init>()>;java.lang.invoke.InnerClassLambdaMetafactory.buildCallSite;261;isAccessible=true;
Constructor.newInstance;<org.springframework.beans.factory.support.DefaultSingletonBeanRegistry$$Lambda$1070: void <init>()>;java.lang.invoke.InnerClassLambdaMetafactory.buildCallSite;261;isAccessible=true;
Constructor.newInstance;<org.springframework.beans.factory.support.DefaultSingletonBeanRegistry$$Lambda$280: void <init>()>;java.lang.invoke.InnerClassLambdaMetafactory.buildCallSite;261;isAccessible=true;
Constructor.newInstance;<org.springframework.beans.factory.support.DefaultSingletonBeanRegistry$$Lambda$281: void <init>()>;java.lang.invoke.InnerClassLambdaMetafactory.buildCallSite;261;isAccessible=true;
Constructor.newInstance;<org.springframework.boot.ApplicationContextFactory$$Lambda$84: void <init>()>;java.lang.invoke.InnerClassLambdaMetafactory.buildCallSite;261;isAccessible=true;
Constructor.newInstance;<org.springframework.boot.ClearCachesApplicationListener: void <init>()>;org.springframework.beans.BeanUtils.instantiateClass;211;isAccessible=true;
Constructor.newInstance;<org.springframework.boot.actuate.autoconfigure.audit.AuditEventsEndpointAutoConfiguration: void <init>()>;org.springframework.beans.BeanUtils.instantiateClass;211;isAccessible=false;
Constructor.newInstance;<org.springframework.boot.actuate.autoconfigure.availability.AvailabilityHealthContributorAutoConfiguration: void <init>()>;org.springframework.beans.BeanUtils.instantiateClass;211;isAccessible=false;
Constructor.newInstance;<org.springframework.boot.actuate.autoconfigure.availability.AvailabilityProbesAutoConfiguration$ProbesCondition: void <init>()>;org.springframework.beans.BeanUtils.instantiateClass;211;isAccessible=true;
Constructor.newInstance;<org.springframework.boot.actuate.autoconfigure.beans.BeansEndpointAutoConfiguration: void <init>()>;org.springframework.beans.BeanUtils.instantiateClass;211;isAccessible=false;
Constructor.newInstance;<org.springframework.boot.actuate.autoconfigure.cache.CachesEndpointAutoConfiguration: void <init>()>;org.springframework.beans.BeanUtils.instantiateClass;211;isAccessible=false;
Constructor.newInstance;<org.springframework.boot.actuate.autoconfigure.condition.ConditionsReportEndpointAutoConfiguration: void <init>()>;org.springframework.beans.BeanUtils.instantiateClass;211;isAccessible=false;
Constructor.newInstance;<org.springframework.boot.actuate.autoconfigure.context.properties.ConfigurationPropertiesReportEndpointAutoConfiguration: void <init>()>;org.springframework.beans.BeanUtils.instantiateClass;211;isAccessible=false;
Constructor.newInstance;<org.springframework.boot.actuate.autoconfigure.context.properties.ConfigurationPropertiesReportEndpointProperties: void <init>()>;org.springframework.beans.BeanUtils.instantiateClass;211;isAccessible=false;
Constructor.newInstance;<org.springframework.boot.actuate.autoconfigure.endpoint.EndpointAutoConfiguration: void <init>()>;org.springframework.beans.BeanUtils.instantiateClass;211;isAccessible=false;
Constructor.newInstance;<org.springframework.boot.actuate.autoconfigure.endpoint.EndpointIdTimeToLivePropertyFunction$$Lambda$1388: void <init>()>;java.lang.invoke.InnerClassLambdaMetafactory.buildCallSite;261;isAccessible=true;
Constructor.newInstance;<org.springframework.boot.actuate.autoconfigure.endpoint.condition.OnAvailableEndpointCondition: void <init>()>;org.springframework.beans.BeanUtils.instantiateClass;211;isAccessible=true;
Constructor.newInstance;<org.springframework.boot.actuate.autoconfigure.endpoint.expose.IncludeExcludeEndpointFilter$$Lambda$367: void <init>()>;java.lang.invoke.InnerClassLambdaMetafactory.buildCallSite;261;isAccessible=true;
Constructor.newInstance;<org.springframework.boot.actuate.autoconfigure.endpoint.web.CorsEndpointProperties: void <init>()>;org.springframework.beans.BeanUtils.instantiateClass;211;isAccessible=false;
Constructor.newInstance;<org.springframework.boot.actuate.autoconfigure.endpoint.web.ServletEndpointManagementContextConfiguration$WebMvcServletEndpointManagementContextConfiguration: void <init>()>;org.springframework.beans.BeanUtils.instantiateClass;211;isAccessible=false;
Constructor.newInstance;<org.springframework.boot.actuate.autoconfigure.endpoint.web.ServletEndpointManagementContextConfiguration: void <init>()>;org.springframework.beans.BeanUtils.instantiateClass;211;isAccessible=false;
Constructor.newInstance;<org.springframework.boot.actuate.autoconfigure.endpoint.web.WebEndpointAutoConfiguration$$Lambda$1409: void <init>()>;java.lang.invoke.InnerClassLambdaMetafactory.buildCallSite;261;isAccessible=true;
Constructor.newInstance;<org.springframework.boot.actuate.autoconfigure.endpoint.web.WebEndpointAutoConfiguration$WebEndpointServletConfiguration: void <init>()>;org.springframework.beans.BeanUtils.instantiateClass;211;isAccessible=true;
Constructor.newInstance;<org.springframework.boot.actuate.autoconfigure.endpoint.web.WebEndpointAutoConfiguration: void <init>(org.springframework.context.ApplicationContext,org.springframework.boot.actuate.autoconfigure.endpoint.web.WebEndpointProperties)>;org.springframework.beans.BeanUtils.instantiateClass;211;isAccessible=false;
Constructor.newInstance;<org.springframework.boot.actuate.autoconfigure.endpoint.web.WebEndpointProperties: void <init>()>;org.springframework.beans.BeanUtils.instantiateClass;211;isAccessible=false;
Constructor.newInstance;<org.springframework.boot.actuate.autoconfigure.endpoint.web.servlet.WebMvcEndpointManagementContextConfiguration: void <init>()>;org.springframework.beans.BeanUtils.instantiateClass;211;isAccessible=false;
Constructor.newInstance;<org.springframework.boot.actuate.autoconfigure.env.EnvironmentEndpointAutoConfiguration: void <init>()>;org.springframework.beans.BeanUtils.instantiateClass;211;isAccessible=false;
Constructor.newInstance;<org.springframework.boot.actuate.autoconfigure.env.EnvironmentEndpointProperties: void <init>()>;org.springframework.beans.BeanUtils.instantiateClass;211;isAccessible=false;
Constructor.newInstance;<org.springframework.boot.actuate.autoconfigure.health.AutoConfiguredHealthEndpointGroups$$Lambda$1370: void <init>()>;java.lang.invoke.InnerClassLambdaMetafactory.buildCallSite;261;isAccessible=true;
Constructor.newInstance;<org.springframework.boot.actuate.autoconfigure.health.HealthContributorAutoConfiguration: void <init>()>;org.springframework.beans.BeanUtils.instantiateClass;211;isAccessible=false;
Constructor.newInstance;<org.springframework.boot.actuate.autoconfigure.health.HealthEndpointAutoConfiguration: void <init>()>;org.springframework.beans.BeanUtils.instantiateClass;211;isAccessible=false;
Constructor.newInstance;<org.springframework.boot.actuate.autoconfigure.health.HealthEndpointConfiguration$HealthEndpointGroupsBeanPostProcessor$$Lambda$1373: void <init>()>;java.lang.invoke.InnerClassLambdaMetafactory.buildCallSite;261;isAccessible=true;
Constructor.newInstance;<org.springframework.boot.actuate.autoconfigure.health.HealthEndpointConfiguration: void <init>()>;org.springframework.beans.BeanUtils.instantiateClass;211;isAccessible=true;
Constructor.newInstance;<org.springframework.boot.actuate.autoconfigure.health.HealthEndpointProperties: void <init>()>;org.springframework.beans.BeanUtils.instantiateClass;211;isAccessible=false;
Constructor.newInstance;<org.springframework.boot.actuate.autoconfigure.health.HealthEndpointWebExtensionConfiguration$$Lambda$1405: void <init>()>;java.lang.invoke.InnerClassLambdaMetafactory.buildCallSite;261;isAccessible=true;
Constructor.newInstance;<org.springframework.boot.actuate.autoconfigure.health.HealthEndpointWebExtensionConfiguration$MvcAdditionalHealthEndpointPathsConfiguration: void <init>()>;org.springframework.beans.BeanUtils.instantiateClass;211;isAccessible=true;
Constructor.newInstance;<org.springframework.boot.actuate.autoconfigure.health.HealthEndpointWebExtensionConfiguration: void <init>()>;org.springframework.beans.BeanUtils.instantiateClass;211;isAccessible=true;
Constructor.newInstance;<org.springframework.boot.actuate.autoconfigure.health.OnEnabledHealthIndicatorCondition: void <init>()>;org.springframework.beans.BeanUtils.instantiateClass;211;isAccessible=true;
Constructor.newInstance;<org.springframework.boot.actuate.autoconfigure.info.InfoContributorAutoConfiguration: void <init>()>;org.springframework.beans.BeanUtils.instantiateClass;211;isAccessible=false;
Constructor.newInstance;<org.springframework.boot.actuate.autoconfigure.info.InfoContributorProperties: void <init>()>;org.springframework.beans.BeanUtils.instantiateClass;211;isAccessible=false;
Constructor.newInstance;<org.springframework.boot.actuate.autoconfigure.info.InfoEndpointAutoConfiguration: void <init>()>;org.springframework.beans.BeanUtils.instantiateClass;211;isAccessible=false;
Constructor.newInstance;<org.springframework.boot.actuate.autoconfigure.info.OnEnabledInfoContributorCondition: void <init>()>;org.springframework.beans.BeanUtils.instantiateClass;211;isAccessible=true;
Constructor.newInstance;<org.springframework.boot.actuate.autoconfigure.jdbc.DataSourceHealthContributorAutoConfiguration: void <init>(org.springframework.beans.factory.ObjectProvider)>;org.springframework.beans.BeanUtils.instantiateClass;211;isAccessible=false;
Constructor.newInstance;<org.springframework.boot.actuate.autoconfigure.jdbc.DataSourceHealthIndicatorProperties: void <init>()>;org.springframework.beans.BeanUtils.instantiateClass;211;isAccessible=false;
Constructor.newInstance;<org.springframework.boot.actuate.autoconfigure.logging.LogFileWebEndpointAutoConfiguration$LogFileCondition: void <init>()>;org.springframework.beans.BeanUtils.instantiateClass;211;isAccessible=true;
Constructor.newInstance;<org.springframework.boot.actuate.autoconfigure.logging.LogFileWebEndpointAutoConfiguration: void <init>()>;org.springframework.beans.BeanUtils.instantiateClass;211;isAccessible=false;
Constructor.newInstance;<org.springframework.boot.actuate.autoconfigure.logging.LogFileWebEndpointProperties: void <init>()>;org.springframework.beans.BeanUtils.instantiateClass;211;isAccessible=false;
Constructor.newInstance;<org.springframework.boot.actuate.autoconfigure.logging.LoggersEndpointAutoConfiguration$$Lambda$1403: void <init>()>;java.lang.invoke.InnerClassLambdaMetafactory.buildCallSite;261;isAccessible=true;
Constructor.newInstance;<org.springframework.boot.actuate.autoconfigure.logging.LoggersEndpointAutoConfiguration$OnEnabledLoggingSystemCondition: void <init>()>;org.springframework.beans.BeanUtils.instantiateClass;211;isAccessible=true;
Constructor.newInstance;<org.springframework.boot.actuate.autoconfigure.logging.LoggersEndpointAutoConfiguration: void <init>()>;org.springframework.beans.BeanUtils.instantiateClass;211;isAccessible=false;
Constructor.newInstance;<org.springframework.boot.actuate.autoconfigure.management.HeapDumpWebEndpointAutoConfiguration: void <init>()>;org.springframework.beans.BeanUtils.instantiateClass;211;isAccessible=false;
Constructor.newInstance;<org.springframework.boot.actuate.autoconfigure.management.ThreadDumpEndpointAutoConfiguration: void <init>()>;org.springframework.beans.BeanUtils.instantiateClass;211;isAccessible=false;
Constructor.newInstance;<org.springframework.boot.actuate.autoconfigure.metrics.CompositeMeterRegistryAutoConfiguration: void <init>()>;org.springframework.beans.BeanUtils.instantiateClass;211;isAccessible=false;
Constructor.newInstance;<org.springframework.boot.actuate.autoconfigure.metrics.CompositeMeterRegistryConfiguration$MultipleNonPrimaryMeterRegistriesCondition: void <init>()>;org.springframework.beans.BeanUtils.instantiateClass;211;isAccessible=true;
Constructor.newInstance;<org.springframework.boot.actuate.autoconfigure.metrics.JvmMetricsAutoConfiguration: void <init>()>;org.springframework.beans.BeanUtils.instantiateClass;211;isAccessible=false;
Constructor.newInstance;<org.springframework.boot.actuate.autoconfigure.metrics.LogbackMetricsAutoConfiguration$LogbackLoggingCondition: void <init>()>;org.springframework.beans.BeanUtils.instantiateClass;211;isAccessible=true;
Constructor.newInstance;<org.springframework.boot.actuate.autoconfigure.metrics.LogbackMetricsAutoConfiguration: void <init>()>;org.springframework.beans.BeanUtils.instantiateClass;211;isAccessible=false;
Constructor.newInstance;<org.springframework.boot.actuate.autoconfigure.metrics.MetricsAutoConfiguration: void <init>()>;org.springframework.beans.BeanUtils.instantiateClass;211;isAccessible=false;
Constructor.newInstance;<org.springframework.boot.actuate.autoconfigure.metrics.MetricsEndpointAutoConfiguration: void <init>()>;org.springframework.beans.BeanUtils.instantiateClass;211;isAccessible=false;
Constructor.newInstance;<org.springframework.boot.actuate.autoconfigure.metrics.MetricsProperties: void <init>()>;org.springframework.beans.BeanUtils.instantiateClass;211;isAccessible=false;
Constructor.newInstance;<org.springframework.boot.actuate.autoconfigure.metrics.SystemMetricsAutoConfiguration: void <init>()>;org.springframework.beans.BeanUtils.instantiateClass;211;isAccessible=false;
Constructor.newInstance;<org.springframework.boot.actuate.autoconfigure.metrics.cache.CacheMeterBinderProvidersConfiguration$JCacheCacheMeterBinderProviderConfiguration: void <init>()>;org.springframework.beans.BeanUtils.instantiateClass;211;isAccessible=true;
Constructor.newInstance;<org.springframework.boot.actuate.autoconfigure.metrics.cache.CacheMeterBinderProvidersConfiguration: void <init>()>;org.springframework.beans.BeanUtils.instantiateClass;211;isAccessible=true;
Constructor.newInstance;<org.springframework.boot.actuate.autoconfigure.metrics.cache.CacheMetricsAutoConfiguration: void <init>()>;org.springframework.beans.BeanUtils.instantiateClass;211;isAccessible=false;
Constructor.newInstance;<org.springframework.boot.actuate.autoconfigure.metrics.cache.CacheMetricsRegistrarConfiguration: void <init>(io.micrometer.core.instrument.MeterRegistry,java.util.Collection,java.util.Map)>;org.springframework.beans.BeanUtils.instantiateClass;211;isAccessible=true;
Constructor.newInstance;<org.springframework.boot.actuate.autoconfigure.metrics.data.RepositoryMetricsAutoConfiguration: void <init>(org.springframework.boot.actuate.autoconfigure.metrics.MetricsProperties)>;org.springframework.beans.BeanUtils.instantiateClass;211;isAccessible=false;
Constructor.newInstance;<org.springframework.boot.actuate.autoconfigure.metrics.export.OnMetricsExportEnabledCondition: void <init>()>;org.springframework.beans.BeanUtils.instantiateClass;211;isAccessible=true;
Constructor.newInstance;<org.springframework.boot.actuate.autoconfigure.metrics.export.simple.SimpleMetricsExportAutoConfiguration: void <init>()>;org.springframework.beans.BeanUtils.instantiateClass;211;isAccessible=false;
Constructor.newInstance;<org.springframework.boot.actuate.autoconfigure.metrics.export.simple.SimpleProperties: void <init>()>;org.springframework.beans.BeanUtils.instantiateClass;211;isAccessible=false;
Constructor.newInstance;<org.springframework.boot.actuate.autoconfigure.metrics.export.simple.SimplePropertiesConfigAdapter$$Lambda$716: void <init>()>;java.lang.invoke.InnerClassLambdaMetafactory.buildCallSite;261;isAccessible=true;
Constructor.newInstance;<org.springframework.boot.actuate.autoconfigure.metrics.export.simple.SimplePropertiesConfigAdapter$$Lambda$718: void <init>()>;java.lang.invoke.InnerClassLambdaMetafactory.buildCallSite;261;isAccessible=true;
Constructor.newInstance;<org.springframework.boot.actuate.autoconfigure.metrics.integration.IntegrationMetricsAutoConfiguration: void <init>()>;org.springframework.beans.BeanUtils.instantiateClass;211;isAccessible=true;
Constructor.newInstance;<org.springframework.boot.actuate.autoconfigure.metrics.jdbc.DataSourcePoolMetricsAutoConfiguration$DataSourcePoolMetadataMetricsConfiguration: void <init>()>;org.springframework.beans.BeanUtils.instantiateClass;211;isAccessible=true;
Constructor.newInstance;<org.springframework.boot.actuate.autoconfigure.metrics.jdbc.DataSourcePoolMetricsAutoConfiguration$HikariDataSourceMetricsConfiguration: void <init>()>;org.springframework.beans.BeanUtils.instantiateClass;211;isAccessible=true;
Constructor.newInstance;<org.springframework.boot.actuate.autoconfigure.metrics.jdbc.DataSourcePoolMetricsAutoConfiguration: void <init>()>;org.springframework.beans.BeanUtils.instantiateClass;211;isAccessible=false;
Constructor.newInstance;<org.springframework.boot.actuate.autoconfigure.metrics.startup.StartupTimeMetricsListenerAutoConfiguration: void <init>()>;org.springframework.beans.BeanUtils.instantiateClass;211;isAccessible=false;
Constructor.newInstance;<org.springframework.boot.actuate.autoconfigure.metrics.task.TaskExecutorMetricsAutoConfiguration: void <init>()>;org.springframework.beans.BeanUtils.instantiateClass;211;isAccessible=false;
Constructor.newInstance;<org.springframework.boot.actuate.autoconfigure.metrics.web.client.HttpClientMetricsAutoConfiguration: void <init>()>;org.springframework.beans.BeanUtils.instantiateClass;211;isAccessible=false;
Constructor.newInstance;<org.springframework.boot.actuate.autoconfigure.metrics.web.client.RestTemplateMetricsConfiguration: void <init>()>;org.springframework.beans.BeanUtils.instantiateClass;211;isAccessible=true;
Constructor.newInstance;<org.springframework.boot.actuate.autoconfigure.metrics.web.servlet.WebMvcMetricsAutoConfiguration: void <init>(org.springframework.boot.actuate.autoconfigure.metrics.MetricsProperties)>;org.springframework.beans.BeanUtils.instantiateClass;211;isAccessible=false;
Constructor.newInstance;<org.springframework.boot.actuate.autoconfigure.metrics.web.tomcat.TomcatMetricsAutoConfiguration: void <init>()>;org.springframework.beans.BeanUtils.instantiateClass;211;isAccessible=false;
Constructor.newInstance;<org.springframework.boot.actuate.autoconfigure.scheduling.ScheduledTasksEndpointAutoConfiguration: void <init>()>;org.springframework.beans.BeanUtils.instantiateClass;211;isAccessible=false;
Constructor.newInstance;<org.springframework.boot.actuate.autoconfigure.startup.StartupEndpointAutoConfiguration$ApplicationStartupCondition: void <init>()>;org.springframework.beans.BeanUtils.instantiateClass;211;isAccessible=true;
Constructor.newInstance;<org.springframework.boot.actuate.autoconfigure.system.DiskSpaceHealthContributorAutoConfiguration: void <init>()>;org.springframework.beans.BeanUtils.instantiateClass;211;isAccessible=false;
Constructor.newInstance;<org.springframework.boot.actuate.autoconfigure.system.DiskSpaceHealthIndicatorProperties: void <init>()>;org.springframework.beans.BeanUtils.instantiateClass;211;isAccessible=false;
Constructor.newInstance;<org.springframework.boot.actuate.autoconfigure.trace.http.HttpTraceEndpointAutoConfiguration: void <init>()>;org.springframework.beans.BeanUtils.instantiateClass;211;isAccessible=false;
Constructor.newInstance;<org.springframework.boot.actuate.autoconfigure.web.mappings.MappingsEndpointAutoConfiguration$ServletWebConfiguration$SpringMvcConfiguration: void <init>()>;org.springframework.beans.BeanUtils.instantiateClass;211;isAccessible=true;
Constructor.newInstance;<org.springframework.boot.actuate.autoconfigure.web.mappings.MappingsEndpointAutoConfiguration$ServletWebConfiguration: void <init>()>;org.springframework.beans.BeanUtils.instantiateClass;211;isAccessible=true;
Constructor.newInstance;<org.springframework.boot.actuate.autoconfigure.web.mappings.MappingsEndpointAutoConfiguration: void <init>()>;org.springframework.beans.BeanUtils.instantiateClass;211;isAccessible=false;
Constructor.newInstance;<org.springframework.boot.actuate.autoconfigure.web.server.$Proxy68: void <init>(java.lang.reflect.InvocationHandler)>;java.lang.reflect.Proxy.newProxyInstance;1053;isAccessible=true;
Constructor.newInstance;<org.springframework.boot.actuate.autoconfigure.web.server.ManagementContextAutoConfiguration$SameManagementContextConfiguration$EnableSameManagementContextConfiguration: void <init>()>;org.springframework.beans.BeanUtils.instantiateClass;211;isAccessible=true;
Constructor.newInstance;<org.springframework.boot.actuate.autoconfigure.web.server.ManagementContextAutoConfiguration$SameManagementContextConfiguration: void <init>(org.springframework.core.env.Environment)>;org.springframework.beans.BeanUtils.instantiateClass;211;isAccessible=true;
Constructor.newInstance;<org.springframework.boot.actuate.autoconfigure.web.server.ManagementContextAutoConfiguration: void <init>()>;org.springframework.beans.BeanUtils.instantiateClass;211;isAccessible=false;
Constructor.newInstance;<org.springframework.boot.actuate.autoconfigure.web.server.ManagementContextConfigurationImportSelector: void <init>()>;org.springframework.beans.BeanUtils.instantiateClass;211;isAccessible=true;
Constructor.newInstance;<org.springframework.boot.actuate.autoconfigure.web.server.ManagementServerProperties: void <init>()>;org.springframework.beans.BeanUtils.instantiateClass;211;isAccessible=false;
Constructor.newInstance;<org.springframework.boot.actuate.autoconfigure.web.server.OnManagementPortCondition: void <init>()>;org.springframework.beans.BeanUtils.instantiateClass;211;isAccessible=true;
Constructor.newInstance;<org.springframework.boot.actuate.autoconfigure.web.servlet.ServletManagementContextAutoConfiguration: void <init>()>;org.springframework.beans.BeanUtils.instantiateClass;211;isAccessible=false;
Constructor.newInstance;<org.springframework.boot.actuate.endpoint.annotation.DiscoveredOperationsFactory$$Lambda$1385: void <init>()>;java.lang.invoke.InnerClassLambdaMetafactory.buildCallSite;261;isAccessible=true;
Constructor.newInstance;<org.springframework.boot.actuate.endpoint.annotation.EndpointDiscoverer$$Lambda$1394: void <init>()>;java.lang.invoke.InnerClassLambdaMetafactory.buildCallSite;261;isAccessible=true;
Constructor.newInstance;<org.springframework.boot.actuate.endpoint.annotation.EndpointDiscoverer$$Lambda$1395: void <init>()>;java.lang.invoke.InnerClassLambdaMetafactory.buildCallSite;261;isAccessible=true;
Constructor.newInstance;<org.springframework.boot.actuate.endpoint.annotation.EndpointDiscoverer$$Lambda$1397: void <init>()>;java.lang.invoke.InnerClassLambdaMetafactory.buildCallSite;261;isAccessible=true;
Constructor.newInstance;<org.springframework.boot.actuate.endpoint.annotation.EndpointDiscoverer$$Lambda$1398: void <init>()>;java.lang.invoke.InnerClassLambdaMetafactory.buildCallSite;261;isAccessible=true;
Constructor.newInstance;<org.springframework.boot.actuate.endpoint.annotation.EndpointDiscoverer$$Lambda$839: void <init>()>;java.lang.invoke.InnerClassLambdaMetafactory.buildCallSite;261;isAccessible=true;
Constructor.newInstance;<org.springframework.boot.actuate.endpoint.invoke.ParameterValueMapper$$Lambda$835: void <init>()>;java.lang.invoke.InnerClassLambdaMetafactory.buildCallSite;261;isAccessible=true;
Constructor.newInstance;<org.springframework.boot.actuate.endpoint.web.annotation.RequestPredicateFactory$$Lambda$1390: void <init>()>;java.lang.invoke.InnerClassLambdaMetafactory.buildCallSite;261;isAccessible=true;
Constructor.newInstance;<org.springframework.boot.actuate.endpoint.web.annotation.RequestPredicateFactory$$Lambda$1404: void <init>()>;java.lang.invoke.InnerClassLambdaMetafactory.buildCallSite;261;isAccessible=true;
Constructor.newInstance;<org.springframework.boot.actuate.endpoint.web.annotation.WebEndpointFilter: void <init>()>;org.springframework.beans.BeanUtils.instantiateClass;211;isAccessible=true;
Constructor.newInstance;<org.springframework.boot.actuate.health.SimpleStatusAggregator$$Lambda$1369: void <init>()>;java.lang.invoke.InnerClassLambdaMetafactory.buildCallSite;261;isAccessible=true;
Constructor.newInstance;<org.springframework.boot.actuate.metrics.AutoTimer$$Lambda$707: void <init>()>;java.lang.invoke.InnerClassLambdaMetafactory.buildCallSite;261;isAccessible=true;
Constructor.newInstance;<org.springframework.boot.actuate.metrics.cache.CacheMetricsRegistrar$$Lambda$1418: void <init>()>;java.lang.invoke.InnerClassLambdaMetafactory.buildCallSite;261;isAccessible=true;
Constructor.newInstance;<org.springframework.boot.actuate.metrics.data.DefaultRepositoryTagsProvider$$Lambda$2062: void <init>()>;java.lang.invoke.InnerClassLambdaMetafactory.buildCallSite;261;isAccessible=true;
Constructor.newInstance;<org.springframework.boot.actuate.metrics.data.DefaultRepositoryTagsProvider$$Lambda$2063: void <init>()>;java.lang.invoke.InnerClassLambdaMetafactory.buildCallSite;261;isAccessible=true;
Constructor.newInstance;<org.springframework.boot.actuate.metrics.data.DefaultRepositoryTagsProvider$$Lambda$2064: void <init>()>;java.lang.invoke.InnerClassLambdaMetafactory.buildCallSite;261;isAccessible=true;
Constructor.newInstance;<org.springframework.boot.actuate.metrics.data.DefaultRepositoryTagsProvider$$Lambda$2065: void <init>()>;java.lang.invoke.InnerClassLambdaMetafactory.buildCallSite;261;isAccessible=true;
Constructor.newInstance;<org.springframework.boot.actuate.metrics.data.DefaultRepositoryTagsProvider$$Lambda$2066: void <init>()>;java.lang.invoke.InnerClassLambdaMetafactory.buildCallSite;261;isAccessible=true;
Constructor.newInstance;<org.springframework.boot.actuate.metrics.data.DefaultRepositoryTagsProvider$$Lambda$2067: void <init>()>;java.lang.invoke.InnerClassLambdaMetafactory.buildCallSite;261;isAccessible=true;
Constructor.newInstance;<org.springframework.boot.actuate.metrics.data.DefaultRepositoryTagsProvider$$Lambda$2068: void <init>()>;java.lang.invoke.InnerClassLambdaMetafactory.buildCallSite;261;isAccessible=true;
Constructor.newInstance;<org.springframework.boot.actuate.metrics.data.DefaultRepositoryTagsProvider$$Lambda$2069: void <init>()>;java.lang.invoke.InnerClassLambdaMetafactory.buildCallSite;261;isAccessible=true;
Constructor.newInstance;<org.springframework.boot.actuate.metrics.jdbc.DataSourcePoolMetrics$$Lambda$821: void <init>()>;java.lang.invoke.InnerClassLambdaMetafactory.buildCallSite;261;isAccessible=true;
Constructor.newInstance;<org.springframework.boot.actuate.metrics.jdbc.DataSourcePoolMetrics$$Lambda$823: void <init>()>;java.lang.invoke.InnerClassLambdaMetafactory.buildCallSite;261;isAccessible=true;
Constructor.newInstance;<org.springframework.boot.actuate.metrics.jdbc.DataSourcePoolMetrics$$Lambda$824: void <init>()>;java.lang.invoke.InnerClassLambdaMetafactory.buildCallSite;261;isAccessible=true;
Constructor.newInstance;<org.springframework.boot.actuate.metrics.jdbc.DataSourcePoolMetrics$$Lambda$826: void <init>()>;java.lang.invoke.InnerClassLambdaMetafactory.buildCallSite;261;isAccessible=true;
Constructor.newInstance;<org.springframework.boot.actuate.metrics.web.servlet.LongTaskTimingHandlerInterceptor$$Lambda$1632: void <init>()>;java.lang.invoke.InnerClassLambdaMetafactory.buildCallSite;261;isAccessible=true;
Constructor.newInstance;<org.springframework.boot.actuate.metrics.web.servlet.LongTaskTimingHandlerInterceptor$$Lambda$1633: void <init>()>;java.lang.invoke.InnerClassLambdaMetafactory.buildCallSite;261;isAccessible=true;
Constructor.newInstance;<org.springframework.boot.actuate.metrics.web.servlet.LongTaskTimingHandlerInterceptor$$Lambda$1634: void <init>()>;java.lang.invoke.InnerClassLambdaMetafactory.buildCallSite;261;isAccessible=true;
Constructor.newInstance;<org.springframework.boot.actuate.metrics.web.servlet.LongTaskTimingHandlerInterceptor$$Lambda$1635: void <init>()>;java.lang.invoke.InnerClassLambdaMetafactory.buildCallSite;261;isAccessible=true;
Constructor.newInstance;<org.springframework.boot.actuate.metrics.web.servlet.LongTaskTimingHandlerInterceptor$$Lambda$1636: void <init>()>;java.lang.invoke.InnerClassLambdaMetafactory.buildCallSite;261;isAccessible=true;
Constructor.newInstance;<org.springframework.boot.actuate.metrics.web.servlet.LongTaskTimingHandlerInterceptor$$Lambda$1637: void <init>()>;java.lang.invoke.InnerClassLambdaMetafactory.buildCallSite;261;isAccessible=true;
Constructor.newInstance;<org.springframework.boot.actuate.metrics.web.servlet.LongTaskTimingHandlerInterceptor$$Lambda$1638: void <init>()>;java.lang.invoke.InnerClassLambdaMetafactory.buildCallSite;261;isAccessible=true;
Constructor.newInstance;<org.springframework.boot.actuate.metrics.web.servlet.LongTaskTimingHandlerInterceptor$$Lambda$1639: void <init>()>;java.lang.invoke.InnerClassLambdaMetafactory.buildCallSite;261;isAccessible=true;
Constructor.newInstance;<org.springframework.boot.actuate.metrics.web.servlet.LongTaskTimingHandlerInterceptor$$Lambda$1640: void <init>()>;java.lang.invoke.InnerClassLambdaMetafactory.buildCallSite;261;isAccessible=true;
Constructor.newInstance;<org.springframework.boot.actuate.metrics.web.servlet.LongTaskTimingHandlerInterceptor$$Lambda$1641: void <init>()>;java.lang.invoke.InnerClassLambdaMetafactory.buildCallSite;261;isAccessible=true;
Constructor.newInstance;<org.springframework.boot.actuate.metrics.web.servlet.LongTaskTimingHandlerInterceptor$$Lambda$1642: void <init>()>;java.lang.invoke.InnerClassLambdaMetafactory.buildCallSite;261;isAccessible=true;
Constructor.newInstance;<org.springframework.boot.actuate.metrics.web.servlet.LongTaskTimingHandlerInterceptor$$Lambda$1643: void <init>()>;java.lang.invoke.InnerClassLambdaMetafactory.buildCallSite;261;isAccessible=true;
Constructor.newInstance;<org.springframework.boot.actuate.metrics.web.servlet.LongTaskTimingHandlerInterceptor$$Lambda$1644: void <init>()>;java.lang.invoke.InnerClassLambdaMetafactory.buildCallSite;261;isAccessible=true;
Constructor.newInstance;<org.springframework.boot.actuate.metrics.web.servlet.LongTaskTimingHandlerInterceptor$$Lambda$1645: void <init>()>;java.lang.invoke.InnerClassLambdaMetafactory.buildCallSite;261;isAccessible=true;
Constructor.newInstance;<org.springframework.boot.actuate.metrics.web.servlet.LongTaskTimingHandlerInterceptor$$Lambda$1646: void <init>()>;java.lang.invoke.InnerClassLambdaMetafactory.buildCallSite;261;isAccessible=true;
Constructor.newInstance;<org.springframework.boot.actuate.metrics.web.servlet.LongTaskTimingHandlerInterceptor$$Lambda$1647: void <init>()>;java.lang.invoke.InnerClassLambdaMetafactory.buildCallSite;261;isAccessible=true;
Constructor.newInstance;<org.springframework.boot.actuate.metrics.web.servlet.LongTaskTimingHandlerInterceptor$$Lambda$1648: void <init>()>;java.lang.invoke.InnerClassLambdaMetafactory.buildCallSite;261;isAccessible=true;
Constructor.newInstance;<org.springframework.boot.actuate.metrics.web.servlet.LongTaskTimingHandlerInterceptor$$Lambda$1649: void <init>()>;java.lang.invoke.InnerClassLambdaMetafactory.buildCallSite;261;isAccessible=true;
Constructor.newInstance;<org.springframework.boot.actuate.metrics.web.servlet.LongTaskTimingHandlerInterceptor$$Lambda$1650: void <init>()>;java.lang.invoke.InnerClassLambdaMetafactory.buildCallSite;261;isAccessible=true;
Constructor.newInstance;<org.springframework.boot.actuate.metrics.web.servlet.LongTaskTimingHandlerInterceptor$$Lambda$1651: void <init>()>;java.lang.invoke.InnerClassLambdaMetafactory.buildCallSite;261;isAccessible=true;
Constructor.newInstance;<org.springframework.boot.actuate.metrics.web.servlet.LongTaskTimingHandlerInterceptor$$Lambda$1652: void <init>()>;java.lang.invoke.InnerClassLambdaMetafactory.buildCallSite;261;isAccessible=true;
Constructor.newInstance;<org.springframework.boot.actuate.metrics.web.servlet.LongTaskTimingHandlerInterceptor$$Lambda$1653: void <init>()>;java.lang.invoke.InnerClassLambdaMetafactory.buildCallSite;261;isAccessible=true;
Constructor.newInstance;<org.springframework.boot.actuate.metrics.web.servlet.LongTaskTimingHandlerInterceptor$$Lambda$1654: void <init>()>;java.lang.invoke.InnerClassLambdaMetafactory.buildCallSite;261;isAccessible=true;
Constructor.newInstance;<org.springframework.boot.actuate.metrics.web.servlet.LongTaskTimingHandlerInterceptor$$Lambda$1655: void <init>()>;java.lang.invoke.InnerClassLambdaMetafactory.buildCallSite;261;isAccessible=true;
Constructor.newInstance;<org.springframework.boot.actuate.metrics.web.servlet.LongTaskTimingHandlerInterceptor$$Lambda$1656: void <init>()>;java.lang.invoke.InnerClassLambdaMetafactory.buildCallSite;261;isAccessible=true;
Constructor.newInstance;<org.springframework.boot.actuate.metrics.web.servlet.LongTaskTimingHandlerInterceptor$$Lambda$1657: void <init>()>;java.lang.invoke.InnerClassLambdaMetafactory.buildCallSite;261;isAccessible=true;
Constructor.newInstance;<org.springframework.boot.actuate.metrics.web.servlet.LongTaskTimingHandlerInterceptor$$Lambda$1658: void <init>()>;java.lang.invoke.InnerClassLambdaMetafactory.buildCallSite;261;isAccessible=true;
Constructor.newInstance;<org.springframework.boot.actuate.metrics.web.servlet.LongTaskTimingHandlerInterceptor$$Lambda$1659: void <init>()>;java.lang.invoke.InnerClassLambdaMetafactory.buildCallSite;261;isAccessible=true;
Constructor.newInstance;<org.springframework.boot.actuate.metrics.web.servlet.LongTaskTimingHandlerInterceptor$$Lambda$1660: void <init>()>;java.lang.invoke.InnerClassLambdaMetafactory.buildCallSite;261;isAccessible=true;
Constructor.newInstance;<org.springframework.boot.actuate.metrics.web.servlet.LongTaskTimingHandlerInterceptor$$Lambda$1661: void <init>()>;java.lang.invoke.InnerClassLambdaMetafactory.buildCallSite;261;isAccessible=true;
Constructor.newInstance;<org.springframework.boot.actuate.metrics.web.servlet.LongTaskTimingHandlerInterceptor$$Lambda$1662: void <init>()>;java.lang.invoke.InnerClassLambdaMetafactory.buildCallSite;261;isAccessible=true;
Constructor.newInstance;<org.springframework.boot.actuate.metrics.web.servlet.LongTaskTimingHandlerInterceptor$$Lambda$1663: void <init>()>;java.lang.invoke.InnerClassLambdaMetafactory.buildCallSite;261;isAccessible=true;
Constructor.newInstance;<org.springframework.boot.actuate.metrics.web.servlet.LongTaskTimingHandlerInterceptor$$Lambda$1664: void <init>()>;java.lang.invoke.InnerClassLambdaMetafactory.buildCallSite;261;isAccessible=true;
Constructor.newInstance;<org.springframework.boot.actuate.metrics.web.servlet.LongTaskTimingHandlerInterceptor$$Lambda$1665: void <init>()>;java.lang.invoke.InnerClassLambdaMetafactory.buildCallSite;261;isAccessible=true;
Constructor.newInstance;<org.springframework.boot.actuate.metrics.web.servlet.LongTaskTimingHandlerInterceptor$$Lambda$1666: void <init>()>;java.lang.invoke.InnerClassLambdaMetafactory.buildCallSite;261;isAccessible=true;
Constructor.newInstance;<org.springframework.boot.actuate.metrics.web.servlet.LongTaskTimingHandlerInterceptor$$Lambda$1667: void <init>()>;java.lang.invoke.InnerClassLambdaMetafactory.buildCallSite;261;isAccessible=true;
Constructor.newInstance;<org.springframework.boot.actuate.metrics.web.servlet.LongTaskTimingHandlerInterceptor$$Lambda$1668: void <init>()>;java.lang.invoke.InnerClassLambdaMetafactory.buildCallSite;261;isAccessible=true;
Constructor.newInstance;<org.springframework.boot.actuate.metrics.web.servlet.LongTaskTimingHandlerInterceptor$$Lambda$1669: void <init>()>;java.lang.invoke.InnerClassLambdaMetafactory.buildCallSite;261;isAccessible=true;
Constructor.newInstance;<org.springframework.boot.actuate.metrics.web.servlet.LongTaskTimingHandlerInterceptor$$Lambda$1670: void <init>()>;java.lang.invoke.InnerClassLambdaMetafactory.buildCallSite;261;isAccessible=true;
Constructor.newInstance;<org.springframework.boot.actuate.metrics.web.servlet.LongTaskTimingHandlerInterceptor$$Lambda$1671: void <init>()>;java.lang.invoke.InnerClassLambdaMetafactory.buildCallSite;261;isAccessible=true;
Constructor.newInstance;<org.springframework.boot.actuate.metrics.web.servlet.LongTaskTimingHandlerInterceptor$$Lambda$1672: void <init>()>;java.lang.invoke.InnerClassLambdaMetafactory.buildCallSite;261;isAccessible=true;
Constructor.newInstance;<org.springframework.boot.actuate.metrics.web.servlet.LongTaskTimingHandlerInterceptor$$Lambda$1673: void <init>()>;java.lang.invoke.InnerClassLambdaMetafactory.buildCallSite;261;isAccessible=true;
Constructor.newInstance;<org.springframework.boot.actuate.metrics.web.servlet.LongTaskTimingHandlerInterceptor$$Lambda$1674: void <init>()>;java.lang.invoke.InnerClassLambdaMetafactory.buildCallSite;261;isAccessible=true;
Constructor.newInstance;<org.springframework.boot.actuate.metrics.web.servlet.LongTaskTimingHandlerInterceptor$$Lambda$1675: void <init>()>;java.lang.invoke.InnerClassLambdaMetafactory.buildCallSite;261;isAccessible=true;
Constructor.newInstance;<org.springframework.boot.actuate.metrics.web.servlet.LongTaskTimingHandlerInterceptor$$Lambda$1676: void <init>()>;java.lang.invoke.InnerClassLambdaMetafactory.buildCallSite;261;isAccessible=true;
Constructor.newInstance;<org.springframework.boot.ansi.AnsiPropertySource$$Lambda$240: void <init>()>;java.lang.invoke.InnerClassLambdaMetafactory.buildCallSite;261;isAccessible=true;
Constructor.newInstance;<org.springframework.boot.ansi.AnsiPropertySource$$Lambda$241: void <init>()>;java.lang.invoke.InnerClassLambdaMetafactory.buildCallSite;261;isAccessible=true;
Constructor.newInstance;<org.springframework.boot.autoconfigure.AbstractDependsOnBeanFactoryPostProcessor$$Lambda$480: void <init>()>;java.lang.invoke.InnerClassLambdaMetafactory.buildCallSite;261;isAccessible=true;
Constructor.newInstance;<org.springframework.boot.autoconfigure.AutoConfigurationExcludeFilter: void <init>()>;org.springframework.beans.BeanUtils.instantiateClass;211;isAccessible=false;
Constructor.newInstance;<org.springframework.boot.autoconfigure.AutoConfigurationImportSelector$$Lambda$317: void <init>()>;java.lang.invoke.InnerClassLambdaMetafactory.buildCallSite;261;isAccessible=true;
Constructor.newInstance;<org.springframework.boot.autoconfigure.AutoConfigurationImportSelector$AutoConfigurationGroup$$Lambda$319: void <init>()>;java.lang.invoke.InnerClassLambdaMetafactory.buildCallSite;261;isAccessible=true;
Constructor.newInstance;<org.springframework.boot.autoconfigure.AutoConfigurationImportSelector$AutoConfigurationGroup$$Lambda$320: void <init>()>;java.lang.invoke.InnerClassLambdaMetafactory.buildCallSite;261;isAccessible=true;
Constructor.newInstance;<org.springframework.boot.autoconfigure.AutoConfigurationImportSelector$AutoConfigurationGroup$$Lambda$321: void <init>()>;java.lang.invoke.InnerClassLambdaMetafactory.buildCallSite;261;isAccessible=true;
Constructor.newInstance;<org.springframework.boot.autoconfigure.AutoConfigurationImportSelector$AutoConfigurationGroup$$Lambda$322: void <init>()>;java.lang.invoke.InnerClassLambdaMetafactory.buildCallSite;261;isAccessible=true;
Constructor.newInstance;<org.springframework.boot.autoconfigure.AutoConfigurationImportSelector$AutoConfigurationGroup$$Lambda$323: void <init>()>;java.lang.invoke.InnerClassLambdaMetafactory.buildCallSite;261;isAccessible=true;
Constructor.newInstance;<org.springframework.boot.autoconfigure.AutoConfigurationImportSelector$AutoConfigurationGroup: void <init>()>;org.springframework.beans.BeanUtils.instantiateClass;211;isAccessible=true;
Constructor.newInstance;<org.springframework.boot.autoconfigure.AutoConfigurationImportSelector: void <init>()>;org.springframework.beans.BeanUtils.instantiateClass;211;isAccessible=false;
Constructor.newInstance;<org.springframework.boot.autoconfigure.AutoConfigurationPackages$Registrar: void <init>()>;org.springframework.beans.BeanUtils.instantiateClass;211;isAccessible=true;
Constructor.newInstance;<org.springframework.boot.autoconfigure.BackgroundPreinitializer: void <init>()>;org.springframework.beans.BeanUtils.instantiateClass;211;isAccessible=false;
Constructor.newInstance;<org.springframework.boot.autoconfigure.SharedMetadataReaderFactoryContextInitializer$CachingMetadataReaderFactoryPostProcessor$$Lambda$273: void <init>()>;java.lang.invoke.InnerClassLambdaMetafactory.buildCallSite;261;isAccessible=true;
Constructor.newInstance;<org.springframework.boot.autoconfigure.SharedMetadataReaderFactoryContextInitializer: void <init>()>;org.springframework.beans.BeanUtils.instantiateClass;211;isAccessible=true;
Constructor.newInstance;<org.springframework.boot.autoconfigure.aop.AopAutoConfiguration$AspectJAutoProxyingConfiguration$CglibAutoProxyConfiguration: void <init>()>;org.springframework.beans.BeanUtils.instantiateClass;211;isAccessible=true;
Constructor.newInstance;<org.springframework.boot.autoconfigure.aop.AopAutoConfiguration$AspectJAutoProxyingConfiguration: void <init>()>;org.springframework.beans.BeanUtils.instantiateClass;211;isAccessible=true;
Constructor.newInstance;<org.springframework.boot.autoconfigure.aop.AopAutoConfiguration: void <init>()>;org.springframework.beans.BeanUtils.instantiateClass;211;isAccessible=false;
Constructor.newInstance;<org.springframework.boot.autoconfigure.availability.ApplicationAvailabilityAutoConfiguration: void <init>()>;org.springframework.beans.BeanUtils.instantiateClass;211;isAccessible=false;
Constructor.newInstance;<org.springframework.boot.autoconfigure.batch.JobRepositoryDependsOnDatabaseInitializationDetector: void <init>()>;org.springframework.boot.util.Instantiator.instantiate;165;isAccessible=true;
Constructor.newInstance;<org.springframework.boot.autoconfigure.cache.CacheAutoConfiguration$CacheConfigurationImportSelector: void <init>()>;org.springframework.beans.BeanUtils.instantiateClass;211;isAccessible=true;
Constructor.newInstance;<org.springframework.boot.autoconfigure.cache.CacheAutoConfiguration$CacheManagerEntityManagerFactoryDependsOnPostProcessor: void <init>()>;org.springframework.beans.BeanUtils.instantiateClass;211;isAccessible=true;
Constructor.newInstance;<org.springframework.boot.autoconfigure.cache.CacheAutoConfiguration: void <init>()>;org.springframework.beans.BeanUtils.instantiateClass;211;isAccessible=false;
Constructor.newInstance;<org.springframework.boot.autoconfigure.cache.CacheCondition: void <init>()>;org.springframework.beans.BeanUtils.instantiateClass;211;isAccessible=true;
Constructor.newInstance;<org.springframework.boot.autoconfigure.cache.CacheProperties: void <init>()>;org.springframework.beans.BeanUtils.instantiateClass;211;isAccessible=false;
Constructor.newInstance;<org.springframework.boot.autoconfigure.cache.JCacheCacheConfiguration$JCacheAvailableCondition: void <init>()>;org.springframework.beans.BeanUtils.instantiateClass;211;isAccessible=true;
Constructor.newInstance;<org.springframework.boot.autoconfigure.cache.JCacheCacheConfiguration$JCacheProviderAvailableCondition: void <init>()>;org.springframework.beans.BeanUtils.instantiateClass;211;isAccessible=true;
Constructor.newInstance;<org.springframework.boot.autoconfigure.cache.JCacheCacheConfiguration: void <init>()>;org.springframework.beans.BeanUtils.instantiateClass;211;isAccessible=true;
Constructor.newInstance;<org.springframework.boot.autoconfigure.condition.ConditionEvaluationReportAutoConfigurationImportListener: void <init>()>;org.springframework.core.io.support.SpringFactoriesLoader.instantiateFactory;179;isAccessible=true;
Constructor.newInstance;<org.springframework.boot.autoconfigure.condition.OnBeanCondition$Spec$$Lambda$394: void <init>()>;java.lang.invoke.InnerClassLambdaMetafactory.buildCallSite;261;isAccessible=true;
Constructor.newInstance;<org.springframework.boot.autoconfigure.condition.OnBeanCondition: void <init>()>;org.springframework.beans.BeanUtils.instantiateClass;211;isAccessible=true;
Constructor.newInstance;<org.springframework.boot.autoconfigure.condition.OnBeanCondition: void <init>()>;org.springframework.core.io.support.SpringFactoriesLoader.instantiateFactory;179;isAccessible=true;
Constructor.newInstance;<org.springframework.boot.autoconfigure.condition.OnClassCondition: void <init>()>;org.springframework.beans.BeanUtils.instantiateClass;211;isAccessible=true;
Constructor.newInstance;<org.springframework.boot.autoconfigure.condition.OnClassCondition: void <init>()>;org.springframework.core.io.support.SpringFactoriesLoader.instantiateFactory;179;isAccessible=true;
Constructor.newInstance;<org.springframework.boot.autoconfigure.condition.OnCloudPlatformCondition: void <init>()>;org.springframework.beans.BeanUtils.instantiateClass;211;isAccessible=true;
Constructor.newInstance;<org.springframework.boot.autoconfigure.condition.OnJndiCondition: void <init>()>;org.springframework.beans.BeanUtils.instantiateClass;211;isAccessible=true;
Constructor.newInstance;<org.springframework.boot.autoconfigure.condition.OnPropertyCondition$$Lambda$362: void <init>()>;java.lang.invoke.InnerClassLambdaMetafactory.buildCallSite;261;isAccessible=true;
Constructor.newInstance;<org.springframework.boot.autoconfigure.condition.OnPropertyCondition$$Lambda$363: void <init>()>;java.lang.invoke.InnerClassLambdaMetafactory.buildCallSite;261;isAccessible=true;
Constructor.newInstance;<org.springframework.boot.autoconfigure.condition.OnPropertyCondition: void <init>()>;org.springframework.beans.BeanUtils.instantiateClass;211;isAccessible=true;
Constructor.newInstance;<org.springframework.boot.autoconfigure.condition.OnResourceCondition: void <init>()>;org.springframework.beans.BeanUtils.instantiateClass;211;isAccessible=true;
Constructor.newInstance;<org.springframework.boot.autoconfigure.condition.OnWebApplicationCondition: void <init>()>;org.springframework.beans.BeanUtils.instantiateClass;211;isAccessible=true;
Constructor.newInstance;<org.springframework.boot.autoconfigure.condition.OnWebApplicationCondition: void <init>()>;org.springframework.core.io.support.SpringFactoriesLoader.instantiateFactory;179;isAccessible=true;
Constructor.newInstance;<org.springframework.boot.autoconfigure.context.ConfigurationPropertiesAutoConfiguration: void <init>()>;org.springframework.beans.BeanUtils.instantiateClass;211;isAccessible=false;
Constructor.newInstance;<org.springframework.boot.autoconfigure.context.LifecycleAutoConfiguration: void <init>()>;org.springframework.beans.BeanUtils.instantiateClass;211;isAccessible=false;
Constructor.newInstance;<org.springframework.boot.autoconfigure.context.LifecycleProperties: void <init>()>;org.springframework.beans.BeanUtils.instantiateClass;211;isAccessible=false;
Constructor.newInstance;<org.springframework.boot.autoconfigure.context.MessageSourceAutoConfiguration$ResourceBundleCondition: void <init>()>;org.springframework.beans.BeanUtils.instantiateClass;211;isAccessible=true;
Constructor.newInstance;<org.springframework.boot.autoconfigure.context.MessageSourceAutoConfiguration: void <init>()>;org.springframework.beans.BeanUtils.instantiateClass;211;isAccessible=false;
Constructor.newInstance;<org.springframework.boot.autoconfigure.context.PropertyPlaceholderAutoConfiguration: void <init>()>;org.springframework.beans.BeanUtils.instantiateClass;211;isAccessible=false;
Constructor.newInstance;<org.springframework.boot.autoconfigure.dao.PersistenceExceptionTranslationAutoConfiguration: void <init>()>;org.springframework.beans.BeanUtils.instantiateClass;211;isAccessible=false;
Constructor.newInstance;<org.springframework.boot.autoconfigure.data.jpa.JpaRepositoriesAutoConfiguration$BootstrapExecutorCondition: void <init>()>;org.springframework.beans.BeanUtils.instantiateClass;211;isAccessible=true;
Constructor.newInstance;<org.springframework.boot.autoconfigure.data.jpa.JpaRepositoriesAutoConfiguration$JpaRepositoriesImportSelector: void <init>()>;org.springframework.beans.BeanUtils.instantiateClass;211;isAccessible=true;
Constructor.newInstance;<org.springframework.boot.autoconfigure.data.jpa.JpaRepositoriesAutoConfiguration: void <init>()>;org.springframework.beans.BeanUtils.instantiateClass;211;isAccessible=false;
Constructor.newInstance;<org.springframework.boot.autoconfigure.data.jpa.JpaRepositoriesRegistrar: void <init>()>;org.springframework.beans.BeanUtils.instantiateClass;211;isAccessible=true;
Constructor.newInstance;<org.springframework.boot.autoconfigure.data.web.SpringDataWebAutoConfiguration: void <init>(org.springframework.boot.autoconfigure.data.web.SpringDataWebProperties)>;org.springframework.beans.BeanUtils.instantiateClass;211;isAccessible=false;
Constructor.newInstance;<org.springframework.boot.autoconfigure.data.web.SpringDataWebProperties: void <init>()>;org.springframework.beans.BeanUtils.instantiateClass;211;isAccessible=false;
Constructor.newInstance;<org.springframework.boot.autoconfigure.flyway.FlywayMigrationInitializerDatabaseInitializerDetector: void <init>()>;org.springframework.boot.util.Instantiator.instantiate;165;isAccessible=true;
Constructor.newInstance;<org.springframework.boot.autoconfigure.freemarker.FreeMarkerTemplateAvailabilityProvider: void <init>()>;org.springframework.core.io.support.SpringFactoriesLoader.instantiateFactory;179;isAccessible=false;
Constructor.newInstance;<org.springframework.boot.autoconfigure.groovy.template.GroovyTemplateAvailabilityProvider: void <init>()>;org.springframework.core.io.support.SpringFactoriesLoader.instantiateFactory;179;isAccessible=false;
Constructor.newInstance;<org.springframework.boot.autoconfigure.http.HttpMessageConvertersAutoConfiguration$NotReactiveWebApplicationCondition: void <init>()>;org.springframework.beans.BeanUtils.instantiateClass;211;isAccessible=true;
Constructor.newInstance;<org.springframework.boot.autoconfigure.http.HttpMessageConvertersAutoConfiguration$StringHttpMessageConverterConfiguration: void <init>()>;org.springframework.beans.BeanUtils.instantiateClass;211;isAccessible=true;
Constructor.newInstance;<org.springframework.boot.autoconfigure.http.HttpMessageConvertersAutoConfiguration: void <init>()>;org.springframework.beans.BeanUtils.instantiateClass;211;isAccessible=false;
Constructor.newInstance;<org.springframework.boot.autoconfigure.http.JacksonHttpMessageConvertersConfiguration$MappingJackson2HttpMessageConverterConfiguration: void <init>()>;org.springframework.beans.BeanUtils.instantiateClass;211;isAccessible=true;
Constructor.newInstance;<org.springframework.boot.autoconfigure.http.JacksonHttpMessageConvertersConfiguration: void <init>()>;org.springframework.beans.BeanUtils.instantiateClass;211;isAccessible=true;
Constructor.newInstance;<org.springframework.boot.autoconfigure.info.ProjectInfoAutoConfiguration$GitResourceAvailableCondition: void <init>()>;org.springframework.beans.BeanUtils.instantiateClass;211;isAccessible=true;
Constructor.newInstance;<org.springframework.boot.autoconfigure.info.ProjectInfoAutoConfiguration: void <init>(org.springframework.boot.autoconfigure.info.ProjectInfoProperties)>;org.springframework.beans.BeanUtils.instantiateClass;211;isAccessible=false;
Constructor.newInstance;<org.springframework.boot.autoconfigure.info.ProjectInfoProperties: void <init>()>;org.springframework.beans.BeanUtils.instantiateClass;211;isAccessible=false;
Constructor.newInstance;<org.springframework.boot.autoconfigure.integration.IntegrationPropertiesEnvironmentPostProcessor: void <init>()>;org.springframework.boot.util.Instantiator.instantiate;165;isAccessible=true;
Constructor.newInstance;<org.springframework.boot.autoconfigure.jackson.JacksonAutoConfiguration$Jackson2ObjectMapperBuilderCustomizerConfiguration: void <init>()>;org.springframework.beans.BeanUtils.instantiateClass;211;isAccessible=true;
Constructor.newInstance;<org.springframework.boot.autoconfigure.jackson.JacksonAutoConfiguration$JacksonObjectMapperBuilderConfiguration: void <init>()>;org.springframework.beans.BeanUtils.instantiateClass;211;isAccessible=true;
Constructor.newInstance;<org.springframework.boot.autoconfigure.jackson.JacksonAutoConfiguration$JacksonObjectMapperConfiguration: void <init>()>;org.springframework.beans.BeanUtils.instantiateClass;211;isAccessible=true;
Constructor.newInstance;<org.springframework.boot.autoconfigure.jackson.JacksonAutoConfiguration$ParameterNamesModuleConfiguration: void <init>()>;org.springframework.beans.BeanUtils.instantiateClass;211;isAccessible=true;
Constructor.newInstance;<org.springframework.boot.autoconfigure.jackson.JacksonAutoConfiguration: void <init>()>;org.springframework.beans.BeanUtils.instantiateClass;211;isAccessible=false;
Constructor.newInstance;<org.springframework.boot.autoconfigure.jackson.JacksonProperties: void <init>()>;org.springframework.beans.BeanUtils.instantiateClass;211;isAccessible=false;
Constructor.newInstance;<org.springframework.boot.autoconfigure.jdbc.DataSourceAutoConfiguration$EmbeddedDatabaseCondition: void <init>()>;org.springframework.beans.BeanUtils.instantiateClass;211;isAccessible=true;
Constructor.newInstance;<org.springframework.boot.autoconfigure.jdbc.DataSourceAutoConfiguration$PooledDataSourceAvailableCondition: void <init>()>;org.springframework.beans.BeanUtils.instantiateClass;211;isAccessible=true;
Constructor.newInstance;<org.springframework.boot.autoconfigure.jdbc.DataSourceAutoConfiguration$PooledDataSourceCondition: void <init>()>;org.springframework.beans.BeanUtils.instantiateClass;211;isAccessible=true;
Constructor.newInstance;<org.springframework.boot.autoconfigure.jdbc.DataSourceAutoConfiguration$PooledDataSourceConfiguration: void <init>()>;org.springframework.beans.BeanUtils.instantiateClass;211;isAccessible=true;
Constructor.newInstance;<org.springframework.boot.autoconfigure.jdbc.DataSourceAutoConfiguration: void <init>()>;org.springframework.beans.BeanUtils.instantiateClass;211;isAccessible=false;
Constructor.newInstance;<org.springframework.boot.autoconfigure.jdbc.DataSourceConfiguration$Hikari: void <init>()>;org.springframework.beans.BeanUtils.instantiateClass;211;isAccessible=true;
Constructor.newInstance;<org.springframework.boot.autoconfigure.jdbc.DataSourceJmxConfiguration$Hikari: void <init>(javax.sql.DataSource,org.springframework.beans.factory.ObjectProvider)>;org.springframework.beans.BeanUtils.instantiateClass;211;isAccessible=true;
Constructor.newInstance;<org.springframework.boot.autoconfigure.jdbc.DataSourceJmxConfiguration: void <init>()>;org.springframework.beans.BeanUtils.instantiateClass;211;isAccessible=true;
Constructor.newInstance;<org.springframework.boot.autoconfigure.jdbc.DataSourceProperties: void <init>()>;org.springframework.beans.BeanUtils.instantiateClass;211;isAccessible=false;
Constructor.newInstance;<org.springframework.boot.autoconfigure.jdbc.DataSourceTransactionManagerAutoConfiguration$JdbcTransactionManagerConfiguration: void <init>()>;org.springframework.beans.BeanUtils.instantiateClass;211;isAccessible=true;
Constructor.newInstance;<org.springframework.boot.autoconfigure.jdbc.DataSourceTransactionManagerAutoConfiguration: void <init>()>;org.springframework.beans.BeanUtils.instantiateClass;211;isAccessible=false;
Constructor.newInstance;<org.springframework.boot.autoconfigure.jdbc.JdbcProperties: void <init>()>;org.springframework.beans.BeanUtils.instantiateClass;211;isAccessible=false;
Constructor.newInstance;<org.springframework.boot.autoconfigure.jdbc.JdbcTemplateAutoConfiguration: void <init>()>;org.springframework.beans.BeanUtils.instantiateClass;211;isAccessible=false;
Constructor.newInstance;<org.springframework.boot.autoconfigure.jdbc.JdbcTemplateConfiguration: void <init>()>;org.springframework.beans.BeanUtils.instantiateClass;211;isAccessible=true;
Constructor.newInstance;<org.springframework.boot.autoconfigure.jdbc.NamedParameterJdbcTemplateConfiguration: void <init>()>;org.springframework.beans.BeanUtils.instantiateClass;211;isAccessible=true;
Constructor.newInstance;<org.springframework.boot.autoconfigure.jdbc.metadata.DataSourcePoolMetadataProvidersConfiguration$HikariPoolDataSourceMetadataProviderConfiguration$$Lambda$819: void <init>()>;java.lang.invoke.InnerClassLambdaMetafactory.buildCallSite;261;isAccessible=true;
Constructor.newInstance;<org.springframework.boot.autoconfigure.jdbc.metadata.DataSourcePoolMetadataProvidersConfiguration$HikariPoolDataSourceMetadataProviderConfiguration: void <init>()>;org.springframework.beans.BeanUtils.instantiateClass;211;isAccessible=true;
Constructor.newInstance;<org.springframework.boot.autoconfigure.jdbc.metadata.DataSourcePoolMetadataProvidersConfiguration: void <init>()>;org.springframework.beans.BeanUtils.instantiateClass;211;isAccessible=false;
Constructor.newInstance;<org.springframework.boot.autoconfigure.logging.ConditionEvaluationReportLoggingListener: void <init>()>;org.springframework.beans.BeanUtils.instantiateClass;211;isAccessible=false;
Constructor.newInstance;<org.springframework.boot.autoconfigure.mustache.MustacheTemplateAvailabilityProvider: void <init>()>;org.springframework.core.io.support.SpringFactoriesLoader.instantiateFactory;179;isAccessible=false;
Constructor.newInstance;<org.springframework.boot.autoconfigure.orm.jpa.HibernateJpaAutoConfiguration: void <init>()>;org.springframework.beans.BeanUtils.instantiateClass;211;isAccessible=false;
Constructor.newInstance;<org.springframework.boot.autoconfigure.orm.jpa.HibernateJpaConfiguration: void <init>(javax.sql.DataSource,org.springframework.boot.autoconfigure.orm.jpa.JpaProperties,org.springframework.beans.factory.config.ConfigurableListableBeanFactory,org.springframework.beans.factory.ObjectProvider,org.springframework.boot.autoconfigure.orm.jpa.HibernateProperties,org.springframework.beans.factory.ObjectProvider,org.springframework.beans.factory.ObjectProvider,org.springframework.beans.factory.ObjectProvider,org.springframework.beans.factory.ObjectProvider,org.springframework.beans.factory.ObjectProvider)>;org.springframework.beans.BeanUtils.instantiateClass;211;isAccessible=true;
Constructor.newInstance;<org.springframework.boot.autoconfigure.orm.jpa.HibernateProperties$Naming$$Lambda$965: void <init>()>;java.lang.invoke.InnerClassLambdaMetafactory.buildCallSite;261;isAccessible=true;
Constructor.newInstance;<org.springframework.boot.autoconfigure.orm.jpa.HibernateProperties$Naming$$Lambda$967: void <init>()>;java.lang.invoke.InnerClassLambdaMetafactory.buildCallSite;261;isAccessible=true;
Constructor.newInstance;<org.springframework.boot.autoconfigure.orm.jpa.HibernateProperties: void <init>()>;org.springframework.beans.BeanUtils.instantiateClass;211;isAccessible=false;
Constructor.newInstance;<org.springframework.boot.autoconfigure.orm.jpa.JpaBaseConfiguration$JpaWebConfiguration: void <init>(org.springframework.boot.autoconfigure.orm.jpa.JpaProperties)>;org.springframework.beans.BeanUtils.instantiateClass;211;isAccessible=true;
Constructor.newInstance;<org.springframework.boot.autoconfigure.orm.jpa.JpaProperties: void <init>()>;org.springframework.beans.BeanUtils.instantiateClass;211;isAccessible=false;
Constructor.newInstance;<org.springframework.boot.autoconfigure.quartz.SchedulerDependsOnDatabaseInitializationDetector: void <init>()>;org.springframework.boot.util.Instantiator.instantiate;165;isAccessible=true;
Constructor.newInstance;<org.springframework.boot.autoconfigure.security.DefaultWebSecurityCondition: void <init>()>;org.springframework.beans.BeanUtils.instantiateClass;211;isAccessible=true;
Constructor.newInstance;<org.springframework.boot.autoconfigure.session.JdbcIndexedSessionRepositoryDependsOnDatabaseInitializationDetector: void <init>()>;org.springframework.boot.util.Instantiator.instantiate;165;isAccessible=true;
Constructor.newInstance;<org.springframework.boot.autoconfigure.sql.init.DataSourceInitializationConfiguration: void <init>()>;org.springframework.beans.BeanUtils.instantiateClass;211;isAccessible=true;
Constructor.newInstance;<org.springframework.boot.autoconfigure.sql.init.SqlInitializationAutoConfiguration$SqlInitializationModeCondition: void <init>()>;org.springframework.beans.BeanUtils.instantiateClass;211;isAccessible=true;
Constructor.newInstance;<org.springframework.boot.autoconfigure.sql.init.SqlInitializationAutoConfiguration: void <init>()>;org.springframework.beans.BeanUtils.instantiateClass;211;isAccessible=false;
Constructor.newInstance;<org.springframework.boot.autoconfigure.sql.init.SqlInitializationProperties: void <init>()>;org.springframework.beans.BeanUtils.instantiateClass;211;isAccessible=false;
Constructor.newInstance;<org.springframework.boot.autoconfigure.task.TaskExecutionAutoConfiguration: void <init>()>;org.springframework.beans.BeanUtils.instantiateClass;211;isAccessible=false;
Constructor.newInstance;<org.springframework.boot.autoconfigure.task.TaskExecutionProperties: void <init>()>;org.springframework.beans.BeanUtils.instantiateClass;211;isAccessible=false;
Constructor.newInstance;<org.springframework.boot.autoconfigure.task.TaskSchedulingAutoConfiguration: void <init>()>;org.springframework.beans.BeanUtils.instantiateClass;211;isAccessible=false;
Constructor.newInstance;<org.springframework.boot.autoconfigure.task.TaskSchedulingProperties: void <init>()>;org.springframework.beans.BeanUtils.instantiateClass;211;isAccessible=false;
Constructor.newInstance;<org.springframework.boot.autoconfigure.thymeleaf.TemplateEngineConfigurations$DefaultTemplateEngineConfiguration: void <init>()>;org.springframework.beans.BeanUtils.instantiateClass;211;isAccessible=true;
Constructor.newInstance;<org.springframework.boot.autoconfigure.thymeleaf.ThymeleafAutoConfiguration$DefaultTemplateResolverConfiguration: void <init>(org.springframework.boot.autoconfigure.thymeleaf.ThymeleafProperties,org.springframework.context.ApplicationContext)>;org.springframework.beans.BeanUtils.instantiateClass;211;isAccessible=true;
Constructor.newInstance;<org.springframework.boot.autoconfigure.thymeleaf.ThymeleafAutoConfiguration$ThymeleafJava8TimeDialect: void <init>()>;org.springframework.beans.BeanUtils.instantiateClass;211;isAccessible=true;
Constructor.newInstance;<org.springframework.boot.autoconfigure.thymeleaf.ThymeleafAutoConfiguration$ThymeleafWebMvcConfiguration$ThymeleafViewResolverConfiguration: void <init>()>;org.springframework.beans.BeanUtils.instantiateClass;211;isAccessible=true;
Constructor.newInstance;<org.springframework.boot.autoconfigure.thymeleaf.ThymeleafAutoConfiguration$ThymeleafWebMvcConfiguration: void <init>()>;org.springframework.beans.BeanUtils.instantiateClass;211;isAccessible=true;
Constructor.newInstance;<org.springframework.boot.autoconfigure.thymeleaf.ThymeleafAutoConfiguration: void <init>()>;org.springframework.beans.BeanUtils.instantiateClass;211;isAccessible=false;
Constructor.newInstance;<org.springframework.boot.autoconfigure.thymeleaf.ThymeleafProperties: void <init>()>;org.springframework.beans.BeanUtils.instantiateClass;211;isAccessible=false;
Constructor.newInstance;<org.springframework.boot.autoconfigure.thymeleaf.ThymeleafTemplateAvailabilityProvider: void <init>()>;org.springframework.core.io.support.SpringFactoriesLoader.instantiateFactory;179;isAccessible=false;
Constructor.newInstance;<org.springframework.boot.autoconfigure.transaction.TransactionAutoConfiguration$EnableTransactionManagementConfiguration$CglibAutoProxyConfiguration: void <init>()>;org.springframework.beans.BeanUtils.instantiateClass;211;isAccessible=false;
Constructor.newInstance;<org.springframework.boot.autoconfigure.transaction.TransactionAutoConfiguration$EnableTransactionManagementConfiguration: void <init>()>;org.springframework.beans.BeanUtils.instantiateClass;211;isAccessible=false;
Constructor.newInstance;<org.springframework.boot.autoconfigure.transaction.TransactionAutoConfiguration$TransactionTemplateConfiguration: void <init>()>;org.springframework.beans.BeanUtils.instantiateClass;211;isAccessible=false;
Constructor.newInstance;<org.springframework.boot.autoconfigure.transaction.TransactionAutoConfiguration: void <init>()>;org.springframework.beans.BeanUtils.instantiateClass;211;isAccessible=false;
Constructor.newInstance;<org.springframework.boot.autoconfigure.transaction.TransactionProperties: void <init>()>;org.springframework.beans.BeanUtils.instantiateClass;211;isAccessible=false;
Constructor.newInstance;<org.springframework.boot.autoconfigure.transaction.jta.JtaAutoConfiguration: void <init>()>;org.springframework.beans.BeanUtils.instantiateClass;211;isAccessible=false;
Constructor.newInstance;<org.springframework.boot.autoconfigure.validation.PrimaryDefaultValidatorPostProcessor: void <init>()>;org.springframework.beans.BeanUtils.instantiateClass;211;isAccessible=true;
Constructor.newInstance;<org.springframework.boot.autoconfigure.validation.ValidationAutoConfiguration: void <init>()>;org.springframework.beans.BeanUtils.instantiateClass;211;isAccessible=false;
Constructor.newInstance;<org.springframework.boot.autoconfigure.web.OnEnabledResourceChainCondition: void <init>()>;org.springframework.beans.BeanUtils.instantiateClass;211;isAccessible=true;
Constructor.newInstance;<org.springframework.boot.autoconfigure.web.ServerProperties: void <init>()>;org.springframework.beans.BeanUtils.instantiateClass;211;isAccessible=false;
Constructor.newInstance;<org.springframework.boot.autoconfigure.web.WebProperties: void <init>()>;org.springframework.beans.BeanUtils.instantiateClass;211;isAccessible=false;
Constructor.newInstance;<org.springframework.boot.autoconfigure.web.client.RestTemplateAutoConfiguration$NotReactiveWebApplicationCondition: void <init>()>;org.springframework.beans.BeanUtils.instantiateClass;211;isAccessible=true;
Constructor.newInstance;<org.springframework.boot.autoconfigure.web.client.RestTemplateAutoConfiguration: void <init>()>;org.springframework.beans.BeanUtils.instantiateClass;211;isAccessible=false;
Constructor.newInstance;<org.springframework.boot.autoconfigure.web.embedded.EmbeddedWebServerFactoryCustomizerAutoConfiguration$TomcatWebServerFactoryCustomizerConfiguration: void <init>()>;org.springframework.beans.BeanUtils.instantiateClass;211;isAccessible=false;
Constructor.newInstance;<org.springframework.boot.autoconfigure.web.embedded.EmbeddedWebServerFactoryCustomizerAutoConfiguration: void <init>()>;org.springframework.beans.BeanUtils.instantiateClass;211;isAccessible=false;
Constructor.newInstance;<org.springframework.boot.autoconfigure.web.embedded.TomcatWebServerFactoryCustomizer$$Lambda$602: void <init>()>;java.lang.invoke.InnerClassLambdaMetafactory.buildCallSite;261;isAccessible=true;
Constructor.newInstance;<org.springframework.boot.autoconfigure.web.embedded.TomcatWebServerFactoryCustomizer$$Lambda$606: void <init>()>;java.lang.invoke.InnerClassLambdaMetafactory.buildCallSite;261;isAccessible=true;
Constructor.newInstance;<org.springframework.boot.autoconfigure.web.embedded.TomcatWebServerFactoryCustomizer$$Lambda$616: void <init>()>;java.lang.invoke.InnerClassLambdaMetafactory.buildCallSite;261;isAccessible=true;
Constructor.newInstance;<org.springframework.boot.autoconfigure.web.embedded.TomcatWebServerFactoryCustomizer$$Lambda$622: void <init>()>;java.lang.invoke.InnerClassLambdaMetafactory.buildCallSite;261;isAccessible=true;
Constructor.newInstance;<org.springframework.boot.autoconfigure.web.embedded.TomcatWebServerFactoryCustomizer$$Lambda$626: void <init>()>;java.lang.invoke.InnerClassLambdaMetafactory.buildCallSite;261;isAccessible=true;
Constructor.newInstance;<org.springframework.boot.autoconfigure.web.embedded.TomcatWebServerFactoryCustomizer$$Lambda$627: void <init>()>;java.lang.invoke.InnerClassLambdaMetafactory.buildCallSite;261;isAccessible=true;
Constructor.newInstance;<org.springframework.boot.autoconfigure.web.embedded.TomcatWebServerFactoryCustomizer$$Lambda$631: void <init>()>;java.lang.invoke.InnerClassLambdaMetafactory.buildCallSite;261;isAccessible=true;
Constructor.newInstance;<org.springframework.boot.autoconfigure.web.embedded.TomcatWebServerFactoryCustomizer$$Lambda$657: void <init>()>;java.lang.invoke.InnerClassLambdaMetafactory.buildCallSite;261;isAccessible=true;
Constructor.newInstance;<org.springframework.boot.autoconfigure.web.embedded.TomcatWebServerFactoryCustomizer$$Lambda$669: void <init>()>;java.lang.invoke.InnerClassLambdaMetafactory.buildCallSite;261;isAccessible=true;
Constructor.newInstance;<org.springframework.boot.autoconfigure.web.servlet.DispatcherServletAutoConfiguration$DefaultDispatcherServletCondition: void <init>()>;org.springframework.beans.BeanUtils.instantiateClass;211;isAccessible=true;
Constructor.newInstance;<org.springframework.boot.autoconfigure.web.servlet.DispatcherServletAutoConfiguration$DispatcherServletConfiguration: void <init>()>;org.springframework.beans.BeanUtils.instantiateClass;211;isAccessible=true;
Constructor.newInstance;<org.springframework.boot.autoconfigure.web.servlet.DispatcherServletAutoConfiguration$DispatcherServletRegistrationCondition: void <init>()>;org.springframework.beans.BeanUtils.instantiateClass;211;isAccessible=true;
Constructor.newInstance;<org.springframework.boot.autoconfigure.web.servlet.DispatcherServletAutoConfiguration$DispatcherServletRegistrationConfiguration: void <init>()>;org.springframework.beans.BeanUtils.instantiateClass;211;isAccessible=true;
Constructor.newInstance;<org.springframework.boot.autoconfigure.web.servlet.DispatcherServletAutoConfiguration: void <init>()>;org.springframework.beans.BeanUtils.instantiateClass;211;isAccessible=false;
Constructor.newInstance;<org.springframework.boot.autoconfigure.web.servlet.HttpEncodingAutoConfiguration: void <init>(org.springframework.boot.autoconfigure.web.ServerProperties)>;org.springframework.beans.BeanUtils.instantiateClass;211;isAccessible=false;
Constructor.newInstance;<org.springframework.boot.autoconfigure.web.servlet.JspTemplateAvailabilityProvider: void <init>()>;org.springframework.core.io.support.SpringFactoriesLoader.instantiateFactory;179;isAccessible=false;
Constructor.newInstance;<org.springframework.boot.autoconfigure.web.servlet.MultipartAutoConfiguration: void <init>(org.springframework.boot.autoconfigure.web.servlet.MultipartProperties)>;org.springframework.beans.BeanUtils.instantiateClass;211;isAccessible=false;
Constructor.newInstance;<org.springframework.boot.autoconfigure.web.servlet.MultipartProperties: void <init>()>;org.springframework.beans.BeanUtils.instantiateClass;211;isAccessible=false;
Constructor.newInstance;<org.springframework.boot.autoconfigure.web.servlet.ServletWebServerFactoryAutoConfiguration$BeanPostProcessorsRegistrar$$Lambda$405: void <init>()>;java.lang.invoke.InnerClassLambdaMetafactory.buildCallSite;261;isAccessible=true;
Constructor.newInstance;<org.springframework.boot.autoconfigure.web.servlet.ServletWebServerFactoryAutoConfiguration$BeanPostProcessorsRegistrar$$Lambda$406: void <init>()>;java.lang.invoke.InnerClassLambdaMetafactory.buildCallSite;261;isAccessible=true;
Constructor.newInstance;<org.springframework.boot.autoconfigure.web.servlet.ServletWebServerFactoryAutoConfiguration$BeanPostProcessorsRegistrar: void <init>()>;org.springframework.beans.BeanUtils.instantiateClass;211;isAccessible=false;
Constructor.newInstance;<org.springframework.boot.autoconfigure.web.servlet.ServletWebServerFactoryAutoConfiguration: void <init>()>;org.springframework.beans.BeanUtils.instantiateClass;211;isAccessible=false;
Constructor.newInstance;<org.springframework.boot.autoconfigure.web.servlet.ServletWebServerFactoryConfiguration$EmbeddedTomcat: void <init>()>;org.springframework.beans.BeanUtils.instantiateClass;211;isAccessible=true;
Constructor.newInstance;<org.springframework.boot.autoconfigure.web.servlet.WebMvcAutoConfiguration$EnableWebMvcConfiguration: void <init>(org.springframework.boot.autoconfigure.web.servlet.WebMvcProperties,org.springframework.boot.autoconfigure.web.WebProperties,org.springframework.beans.factory.ObjectProvider,org.springframework.beans.factory.ObjectProvider,org.springframework.beans.factory.ListableBeanFactory)>;org.springframework.beans.BeanUtils.instantiateClass;211;isAccessible=false;
Constructor.newInstance;<org.springframework.boot.autoconfigure.web.servlet.WebMvcAutoConfiguration$ResourceChainCustomizerConfiguration: void <init>()>;org.springframework.beans.BeanUtils.instantiateClass;211;isAccessible=true;
Constructor.newInstance;<org.springframework.boot.autoconfigure.web.servlet.WebMvcAutoConfiguration$WebMvcAutoConfigurationAdapter$$Lambda$1319: void <init>()>;java.lang.invoke.InnerClassLambdaMetafactory.buildCallSite;261;isAccessible=true;
Constructor.newInstance;<org.springframework.boot.autoconfigure.web.servlet.WebMvcAutoConfiguration$WebMvcAutoConfigurationAdapter: void <init>(org.springframework.boot.autoconfigure.web.WebProperties,org.springframework.boot.autoconfigure.web.servlet.WebMvcProperties,org.springframework.beans.factory.ListableBeanFactory,org.springframework.beans.factory.ObjectProvider,org.springframework.beans.factory.ObjectProvider,org.springframework.beans.factory.ObjectProvider,org.springframework.beans.factory.ObjectProvider)>;org.springframework.beans.BeanUtils.instantiateClass;211;isAccessible=false;
Constructor.newInstance;<org.springframework.boot.autoconfigure.web.servlet.WebMvcAutoConfiguration: void <init>()>;org.springframework.beans.BeanUtils.instantiateClass;211;isAccessible=false;
Constructor.newInstance;<org.springframework.boot.autoconfigure.web.servlet.WebMvcProperties: void <init>()>;org.springframework.beans.BeanUtils.instantiateClass;211;isAccessible=false;
Constructor.newInstance;<org.springframework.boot.autoconfigure.web.servlet.error.ErrorMvcAutoConfiguration$DefaultErrorViewResolverConfiguration: void <init>(org.springframework.context.ApplicationContext,org.springframework.boot.autoconfigure.web.WebProperties)>;org.springframework.beans.BeanUtils.instantiateClass;211;isAccessible=true;
Constructor.newInstance;<org.springframework.boot.autoconfigure.web.servlet.error.ErrorMvcAutoConfiguration$ErrorTemplateMissingCondition: void <init>()>;org.springframework.beans.BeanUtils.instantiateClass;211;isAccessible=true;
Constructor.newInstance;<org.springframework.boot.autoconfigure.web.servlet.error.ErrorMvcAutoConfiguration: void <init>(org.springframework.boot.autoconfigure.web.ServerProperties)>;org.springframework.beans.BeanUtils.instantiateClass;211;isAccessible=false;
Constructor.newInstance;<org.springframework.boot.autoconfigure.websocket.servlet.TomcatWebSocketServletWebServerCustomizer$$Lambda$567: void <init>()>;java.lang.invoke.InnerClassLambdaMetafactory.buildCallSite;261;isAccessible=true;
Constructor.newInstance;<org.springframework.boot.autoconfigure.websocket.servlet.WebSocketServletAutoConfiguration$TomcatWebSocketConfiguration: void <init>()>;org.springframework.beans.BeanUtils.instantiateClass;211;isAccessible=true;
Constructor.newInstance;<org.springframework.boot.autoconfigure.websocket.servlet.WebSocketServletAutoConfiguration: void <init>()>;org.springframework.beans.BeanUtils.instantiateClass;211;isAccessible=false;
Constructor.newInstance;<org.springframework.boot.builder.ParentContextCloserApplicationListener: void <init>()>;org.springframework.beans.BeanUtils.instantiateClass;211;isAccessible=false;
Constructor.newInstance;<org.springframework.boot.cloud.CloudFoundryVcapEnvironmentPostProcessor: void <init>(org.apache.commons.logging.Log)>;org.springframework.boot.util.Instantiator.instantiate;165;isAccessible=false;
Constructor.newInstance;<org.springframework.boot.context.ConfigurationWarningsApplicationContextInitializer: void <init>()>;org.springframework.beans.BeanUtils.instantiateClass;211;isAccessible=false;
Constructor.newInstance;<org.springframework.boot.context.ContextIdApplicationContextInitializer: void <init>()>;org.springframework.beans.BeanUtils.instantiateClass;211;isAccessible=false;
Constructor.newInstance;<org.springframework.boot.context.FileEncodingApplicationListener: void <init>()>;org.springframework.beans.BeanUtils.instantiateClass;211;isAccessible=false;
Constructor.newInstance;<org.springframework.boot.context.TypeExcludeFilter: void <init>()>;org.springframework.beans.BeanUtils.instantiateClass;211;isAccessible=false;
Constructor.newInstance;<org.springframework.boot.context.config.AnsiOutputApplicationListener$$Lambda$217: void <init>()>;java.lang.invoke.InnerClassLambdaMetafactory.buildCallSite;261;isAccessible=true;
Constructor.newInstance;<org.springframework.boot.context.config.AnsiOutputApplicationListener: void <init>()>;org.springframework.beans.BeanUtils.instantiateClass;211;isAccessible=false;
Constructor.newInstance;<org.springframework.boot.context.config.ConfigDataEnvironment$$Lambda$205: void <init>()>;java.lang.invoke.InnerClassLambdaMetafactory.buildCallSite;261;isAccessible=true;
Constructor.newInstance;<org.springframework.boot.context.config.ConfigDataEnvironmentContributor$$Lambda$215: void <init>()>;java.lang.invoke.InnerClassLambdaMetafactory.buildCallSite;261;isAccessible=true;
Constructor.newInstance;<org.springframework.boot.context.config.ConfigDataEnvironmentContributors$$Lambda$172: void <init>()>;java.lang.invoke.InnerClassLambdaMetafactory.buildCallSite;261;isAccessible=true;
Constructor.newInstance;<org.springframework.boot.context.config.ConfigDataEnvironmentContributors$$Lambda$202: void <init>()>;java.lang.invoke.InnerClassLambdaMetafactory.buildCallSite;261;isAccessible=true;
Constructor.newInstance;<org.springframework.boot.context.config.ConfigDataEnvironmentPostProcessor: void <init>(org.springframework.boot.logging.DeferredLogFactory,org.springframework.boot.ConfigurableBootstrapContext)>;org.springframework.boot.util.Instantiator.instantiate;165;isAccessible=false;
Constructor.newInstance;<org.springframework.boot.context.config.ConfigTreeConfigDataLoader: void <init>()>;org.springframework.boot.util.Instantiator.instantiate;165;isAccessible=false;
Constructor.newInstance;<org.springframework.boot.context.config.ConfigTreeConfigDataLocationResolver: void <init>(org.springframework.core.io.ResourceLoader)>;org.springframework.boot.util.Instantiator.instantiate;165;isAccessible=false;
Constructor.newInstance;<org.springframework.boot.context.config.DelegatingApplicationContextInitializer: void <init>()>;org.springframework.beans.BeanUtils.instantiateClass;211;isAccessible=false;
Constructor.newInstance;<org.springframework.boot.context.config.DelegatingApplicationListener: void <init>()>;org.springframework.beans.BeanUtils.instantiateClass;211;isAccessible=false;
Constructor.newInstance;<org.springframework.boot.context.config.LocationResourceLoader$$Lambda$153: void <init>()>;java.lang.invoke.InnerClassLambdaMetafactory.buildCallSite;261;isAccessible=true;
Constructor.newInstance;<org.springframework.boot.context.config.LocationResourceLoader$$Lambda$155: void <init>()>;java.lang.invoke.InnerClassLambdaMetafactory.buildCallSite;261;isAccessible=true;
Constructor.newInstance;<org.springframework.boot.context.config.Profiles$$Lambda$209: void <init>()>;java.lang.invoke.InnerClassLambdaMetafactory.buildCallSite;261;isAccessible=true;
Constructor.newInstance;<org.springframework.boot.context.config.Profiles$Type$$Lambda$210: void <init>()>;java.lang.invoke.InnerClassLambdaMetafactory.buildCallSite;261;isAccessible=true;
Constructor.newInstance;<org.springframework.boot.context.config.Profiles$Type$$Lambda$211: void <init>()>;java.lang.invoke.InnerClassLambdaMetafactory.buildCallSite;261;isAccessible=true;
Constructor.newInstance;<org.springframework.boot.context.config.StandardConfigDataLoader: void <init>()>;org.springframework.boot.util.Instantiator.instantiate;165;isAccessible=false;
Constructor.newInstance;<org.springframework.boot.context.config.StandardConfigDataLocationResolver$$Lambda$182: void <init>()>;java.lang.invoke.InnerClassLambdaMetafactory.buildCallSite;261;isAccessible=true;
Constructor.newInstance;<org.springframework.boot.context.config.StandardConfigDataLocationResolver$$Lambda$184: void <init>()>;java.lang.invoke.InnerClassLambdaMetafactory.buildCallSite;261;isAccessible=true;
Constructor.newInstance;<org.springframework.boot.context.config.StandardConfigDataLocationResolver: void <init>(org.apache.commons.logging.Log,org.springframework.boot.context.properties.bind.Binder,org.springframework.core.io.ResourceLoader)>;org.springframework.boot.util.Instantiator.instantiate;165;isAccessible=false;
Constructor.newInstance;<org.springframework.boot.context.event.EventPublishingRunListener: void <init>(org.springframework.boot.SpringApplication,java.lang.String[])>;org.springframework.beans.BeanUtils.instantiateClass;211;isAccessible=false;
Constructor.newInstance;<org.springframework.boot.context.logging.LoggingApplicationListener$$Lambda$235: void <init>()>;java.lang.invoke.InnerClassLambdaMetafactory.buildCallSite;261;isAccessible=true;
Constructor.newInstance;<org.springframework.boot.context.logging.LoggingApplicationListener: void <init>()>;org.springframework.beans.BeanUtils.instantiateClass;211;isAccessible=false;
Constructor.newInstance;<org.springframework.boot.context.properties.BoundConfigurationProperties$$Lambda$396: void <init>()>;java.lang.invoke.InnerClassLambdaMetafactory.buildCallSite;261;isAccessible=true;
Constructor.newInstance;<org.springframework.boot.context.properties.ConfigurationPropertiesBinder$Factory: void <init>()>;org.springframework.beans.BeanUtils.instantiateClass;211;isAccessible=true;
Constructor.newInstance;<org.springframework.boot.context.properties.ConfigurationPropertiesBindingPostProcessor: void <init>()>;org.springframework.beans.BeanUtils.instantiateClass;211;isAccessible=false;
Constructor.newInstance;<org.springframework.boot.context.properties.EnableConfigurationPropertiesRegistrar$$Lambda$397: void <init>()>;java.lang.invoke.InnerClassLambdaMetafactory.buildCallSite;261;isAccessible=true;
Constructor.newInstance;<org.springframework.boot.context.properties.EnableConfigurationPropertiesRegistrar$$Lambda$398: void <init>()>;java.lang.invoke.InnerClassLambdaMetafactory.buildCallSite;261;isAccessible=true;
Constructor.newInstance;<org.springframework.boot.context.properties.EnableConfigurationPropertiesRegistrar$$Lambda$399: void <init>()>;java.lang.invoke.InnerClassLambdaMetafactory.buildCallSite;261;isAccessible=true;
Constructor.newInstance;<org.springframework.boot.context.properties.EnableConfigurationPropertiesRegistrar: void <init>()>;org.springframework.beans.BeanUtils.instantiateClass;211;isAccessible=true;
Constructor.newInstance;<org.springframework.boot.context.properties.PropertyMapper$$Lambda$568: void <init>()>;java.lang.invoke.InnerClassLambdaMetafactory.buildCallSite;261;isAccessible=true;
Constructor.newInstance;<org.springframework.boot.context.properties.PropertyMapper$Source$$Lambda$571: void <init>()>;java.lang.invoke.InnerClassLambdaMetafactory.buildCallSite;261;isAccessible=true;
Constructor.newInstance;<org.springframework.boot.context.properties.PropertyMapper$Source$$Lambda$617: void <init>()>;java.lang.invoke.InnerClassLambdaMetafactory.buildCallSite;261;isAccessible=true;
Constructor.newInstance;<org.springframework.boot.context.properties.PropertyMapper$Source$$Lambda$655: void <init>()>;java.lang.invoke.InnerClassLambdaMetafactory.buildCallSite;261;isAccessible=true;
Constructor.newInstance;<org.springframework.boot.context.properties.bind.ArrayBinder$$Lambda$162: void <init>()>;java.lang.invoke.InnerClassLambdaMetafactory.buildCallSite;261;isAccessible=true;
Constructor.newInstance;<org.springframework.boot.context.properties.bind.JavaBeanBinder$Bean$$Lambda$548: void <init>()>;java.lang.invoke.InnerClassLambdaMetafactory.buildCallSite;261;isAccessible=true;
Constructor.newInstance;<org.springframework.boot.context.properties.bind.JavaBeanBinder$Bean$$Lambda$549: void <init>()>;java.lang.invoke.InnerClassLambdaMetafactory.buildCallSite;261;isAccessible=true;
Constructor.newInstance;<org.springframework.boot.context.properties.bind.JavaBeanBinder$Bean$$Lambda$550: void <init>()>;java.lang.invoke.InnerClassLambdaMetafactory.buildCallSite;261;isAccessible=true;
Constructor.newInstance;<org.springframework.boot.context.properties.bind.JavaBeanBinder$Bean$$Lambda$551: void <init>()>;java.lang.invoke.InnerClassLambdaMetafactory.buildCallSite;261;isAccessible=true;
Constructor.newInstance;<org.springframework.boot.context.properties.bind.JavaBeanBinder$Bean$$Lambda$552: void <init>()>;java.lang.invoke.InnerClassLambdaMetafactory.buildCallSite;261;isAccessible=true;
Constructor.newInstance;<org.springframework.boot.context.properties.bind.JavaBeanBinder$Bean$$Lambda$554: void <init>()>;java.lang.invoke.InnerClassLambdaMetafactory.buildCallSite;261;isAccessible=true;
Constructor.newInstance;<org.springframework.boot.context.properties.bind.JavaBeanBinder$Bean$$Lambda$555: void <init>()>;java.lang.invoke.InnerClassLambdaMetafactory.buildCallSite;261;isAccessible=true;
Constructor.newInstance;<org.springframework.boot.context.properties.source.ConfigurationPropertyName$$Lambda$148: void <init>()>;java.lang.invoke.InnerClassLambdaMetafactory.buildCallSite;261;isAccessible=true;
Constructor.newInstance;<org.springframework.boot.context.properties.source.PropertyMapper$$Lambda$137: void <init>()>;java.lang.invoke.InnerClassLambdaMetafactory.buildCallSite;261;isAccessible=true;
Constructor.newInstance;<org.springframework.boot.context.properties.source.SpringIterableConfigurationPropertySource$$Lambda$164: void <init>()>;java.lang.invoke.InnerClassLambdaMetafactory.buildCallSite;261;isAccessible=true;
Constructor.newInstance;<org.springframework.boot.context.properties.source.SpringIterableConfigurationPropertySource$Mappings$$Lambda$141: void <init>()>;java.lang.invoke.InnerClassLambdaMetafactory.buildCallSite;261;isAccessible=true;
Constructor.newInstance;<org.springframework.boot.context.properties.source.SystemEnvironmentPropertyMapper$$Lambda$145: void <init>()>;java.lang.invoke.InnerClassLambdaMetafactory.buildCallSite;261;isAccessible=true;
Constructor.newInstance;<org.springframework.boot.convert.DelimitedStringToCollectionConverter$$Lambda$364: void <init>()>;java.lang.invoke.InnerClassLambdaMetafactory.buildCallSite;261;isAccessible=true;
Constructor.newInstance;<org.springframework.boot.convert.DurationStyle$Unit$$Lambda$1277: void <init>()>;java.lang.invoke.InnerClassLambdaMetafactory.buildCallSite;261;isAccessible=true;
Constructor.newInstance;<org.springframework.boot.convert.DurationStyle$Unit$$Lambda$1278: void <init>()>;java.lang.invoke.InnerClassLambdaMetafactory.buildCallSite;261;isAccessible=true;
Constructor.newInstance;<org.springframework.boot.convert.DurationStyle$Unit$$Lambda$1279: void <init>()>;java.lang.invoke.InnerClassLambdaMetafactory.buildCallSite;261;isAccessible=true;
Constructor.newInstance;<org.springframework.boot.convert.DurationStyle$Unit$$Lambda$1280: void <init>()>;java.lang.invoke.InnerClassLambdaMetafactory.buildCallSite;261;isAccessible=true;
Constructor.newInstance;<org.springframework.boot.convert.DurationStyle$Unit$$Lambda$1281: void <init>()>;java.lang.invoke.InnerClassLambdaMetafactory.buildCallSite;261;isAccessible=true;
Constructor.newInstance;<org.springframework.boot.convert.DurationStyle$Unit$$Lambda$1282: void <init>()>;java.lang.invoke.InnerClassLambdaMetafactory.buildCallSite;261;isAccessible=true;
Constructor.newInstance;<org.springframework.boot.convert.DurationStyle$Unit$$Lambda$1283: void <init>()>;java.lang.invoke.InnerClassLambdaMetafactory.buildCallSite;261;isAccessible=true;
Constructor.newInstance;<org.springframework.boot.env.EnvironmentPostProcessorApplicationListener$$Lambda$94: void <init>()>;java.lang.invoke.InnerClassLambdaMetafactory.buildCallSite;261;isAccessible=true;
Constructor.newInstance;<org.springframework.boot.env.EnvironmentPostProcessorApplicationListener: void <init>()>;org.springframework.beans.BeanUtils.instantiateClass;211;isAccessible=false;
Constructor.newInstance;<org.springframework.boot.env.PropertiesPropertySourceLoader: void <init>()>;org.springframework.core.io.support.SpringFactoriesLoader.instantiateFactory;179;isAccessible=false;
Constructor.newInstance;<org.springframework.boot.env.RandomValuePropertySourceEnvironmentPostProcessor: void <init>(org.apache.commons.logging.Log)>;org.springframework.boot.util.Instantiator.instantiate;165;isAccessible=false;
Constructor.newInstance;<org.springframework.boot.env.SpringApplicationJsonEnvironmentPostProcessor$$Lambda$134: void <init>()>;java.lang.invoke.InnerClassLambdaMetafactory.buildCallSite;261;isAccessible=true;
Constructor.newInstance;<org.springframework.boot.env.SpringApplicationJsonEnvironmentPostProcessor$$Lambda$135: void <init>()>;java.lang.invoke.InnerClassLambdaMetafactory.buildCallSite;261;isAccessible=true;
Constructor.newInstance;<org.springframework.boot.env.SpringApplicationJsonEnvironmentPostProcessor: void <init>()>;org.springframework.boot.util.Instantiator.instantiate;165;isAccessible=false;
Constructor.newInstance;<org.springframework.boot.env.SystemEnvironmentPropertySourceEnvironmentPostProcessor: void <init>()>;org.springframework.boot.util.Instantiator.instantiate;165;isAccessible=false;
Constructor.newInstance;<org.springframework.boot.env.YamlPropertySourceLoader: void <init>()>;org.springframework.core.io.support.SpringFactoriesLoader.instantiateFactory;179;isAccessible=false;
Constructor.newInstance;<org.springframework.boot.flyway.FlywayDatabaseInitializerDetector: void <init>()>;org.springframework.boot.util.Instantiator.instantiate;165;isAccessible=true;
Constructor.newInstance;<org.springframework.boot.info.BuildProperties$$Lambda$1400: void <init>()>;java.lang.invoke.InnerClassLambdaMetafactory.buildCallSite;261;isAccessible=true;
Constructor.newInstance;<org.springframework.boot.jdbc.AbstractDataSourceInitializerDatabaseInitializerDetector: void <init>()>;org.springframework.boot.util.Instantiator.instantiate;165;isAccessible=true;
Constructor.newInstance;<org.springframework.boot.jdbc.DataSourceBuilder$HikariDataSourceProperties$$Lambda$370: void <init>()>;java.lang.invoke.InnerClassLambdaMetafactory.buildCallSite;261;isAccessible=true;
Constructor.newInstance;<org.springframework.boot.jdbc.DataSourceBuilder$HikariDataSourceProperties$$Lambda$371: void <init>()>;java.lang.invoke.InnerClassLambdaMetafactory.buildCallSite;261;isAccessible=true;
Constructor.newInstance;<org.springframework.boot.jdbc.DataSourceBuilder$HikariDataSourceProperties$$Lambda$372: void <init>()>;java.lang.invoke.InnerClassLambdaMetafactory.buildCallSite;261;isAccessible=true;
Constructor.newInstance;<org.springframework.boot.jdbc.DataSourceBuilder$HikariDataSourceProperties$$Lambda$373: void <init>()>;java.lang.invoke.InnerClassLambdaMetafactory.buildCallSite;261;isAccessible=true;
Constructor.newInstance;<org.springframework.boot.jdbc.DataSourceBuilder$HikariDataSourceProperties$$Lambda$374: void <init>()>;java.lang.invoke.InnerClassLambdaMetafactory.buildCallSite;261;isAccessible=true;
Constructor.newInstance;<org.springframework.boot.jdbc.DataSourceBuilder$HikariDataSourceProperties$$Lambda$375: void <init>()>;java.lang.invoke.InnerClassLambdaMetafactory.buildCallSite;261;isAccessible=true;
Constructor.newInstance;<org.springframework.boot.jdbc.DataSourceBuilder$HikariDataSourceProperties$$Lambda$376: void <init>()>;java.lang.invoke.InnerClassLambdaMetafactory.buildCallSite;261;isAccessible=true;
Constructor.newInstance;<org.springframework.boot.jdbc.DataSourceBuilder$HikariDataSourceProperties$$Lambda$377: void <init>()>;java.lang.invoke.InnerClassLambdaMetafactory.buildCallSite;261;isAccessible=true;
Constructor.newInstance;<org.springframework.boot.jdbc.DataSourceBuilder$MappedDataSourceProperties$$Lambda$369: void <init>()>;java.lang.invoke.InnerClassLambdaMetafactory.buildCallSite;261;isAccessible=true;
Constructor.newInstance;<org.springframework.boot.jdbc.DataSourceBuilder$MappedDataSourceProperties$$Lambda$378: void <init>()>;java.lang.invoke.InnerClassLambdaMetafactory.buildCallSite;261;isAccessible=true;
Constructor.newInstance;<org.springframework.boot.jdbc.DataSourceBuilder$MappedDataSourceProperties$$Lambda$379: void <init>()>;java.lang.invoke.InnerClassLambdaMetafactory.buildCallSite;261;isAccessible=true;
Constructor.newInstance;<org.springframework.boot.jdbc.DataSourceBuilder$MappedDataSourceProperties$$Lambda$380: void <init>()>;java.lang.invoke.InnerClassLambdaMetafactory.buildCallSite;261;isAccessible=true;
Constructor.newInstance;<org.springframework.boot.jdbc.DataSourceBuilder$MappedDataSourceProperties$$Lambda$381: void <init>()>;java.lang.invoke.InnerClassLambdaMetafactory.buildCallSite;261;isAccessible=true;
Constructor.newInstance;<org.springframework.boot.jdbc.EmbeddedDatabaseConnection$$Lambda$749: void <init>()>;java.lang.invoke.InnerClassLambdaMetafactory.buildCallSite;261;isAccessible=true;
Constructor.newInstance;<org.springframework.boot.jdbc.EmbeddedDatabaseConnection$$Lambda$752: void <init>()>;java.lang.invoke.InnerClassLambdaMetafactory.buildCallSite;261;isAccessible=true;
Constructor.newInstance;<org.springframework.boot.jdbc.EmbeddedDatabaseConnection$$Lambda$753: void <init>()>;java.lang.invoke.InnerClassLambdaMetafactory.buildCallSite;261;isAccessible=true;
Constructor.newInstance;<org.springframework.boot.jdbc.EmbeddedDatabaseConnection$$Lambda$754: void <init>()>;java.lang.invoke.InnerClassLambdaMetafactory.buildCallSite;261;isAccessible=true;
Constructor.newInstance;<org.springframework.boot.jdbc.SpringJdbcDependsOnDatabaseInitializationDetector: void <init>()>;org.springframework.boot.util.Instantiator.instantiate;165;isAccessible=true;
Constructor.newInstance;<org.springframework.boot.jdbc.init.DataSourceScriptDatabaseInitializerDetector: void <init>()>;org.springframework.boot.util.Instantiator.instantiate;165;isAccessible=true;
Constructor.newInstance;<org.springframework.boot.jooq.JooqDependsOnDatabaseInitializationDetector: void <init>()>;org.springframework.boot.util.Instantiator.instantiate;165;isAccessible=true;
Constructor.newInstance;<org.springframework.boot.liquibase.LiquibaseDatabaseInitializerDetector: void <init>()>;org.springframework.boot.util.Instantiator.instantiate;165;isAccessible=true;
Constructor.newInstance;<org.springframework.boot.loader.JarLauncher$$Lambda$64: void <init>()>;java.lang.invoke.InnerClassLambdaMetafactory.buildCallSite;261;isAccessible=true;
Constructor.newInstance;<org.springframework.boot.loader.JarLauncher: void <init>(org.springframework.boot.loader.archive.Archive)>;org.dacapo.spring.Launcher.launch;;isAccessible=true;
Constructor.newInstance;<org.springframework.boot.loader.archive.JarFileArchive: void <init>(java.io.File)>;org.dacapo.spring.Launcher.launch;;isAccessible=false;
Constructor.newInstance;<org.springframework.boot.loader.jar.JarFileEntries$$Lambda$56: void <init>()>;java.lang.invoke.InnerClassLambdaMetafactory.buildCallSite;261;isAccessible=true;
Constructor.newInstance;<org.springframework.boot.logging.LoggingSystemFactory$$Lambda$106: void <init>()>;java.lang.invoke.InnerClassLambdaMetafactory.buildCallSite;261;isAccessible=true;
Constructor.newInstance;<org.springframework.boot.logging.LoggingSystemProperties$$Lambda$218: void <init>()>;java.lang.invoke.InnerClassLambdaMetafactory.buildCallSite;261;isAccessible=true;
Constructor.newInstance;<org.springframework.boot.logging.java.JavaLoggingSystem$Factory: void <init>()>;org.springframework.core.io.support.SpringFactoriesLoader.instantiateFactory;179;isAccessible=false;
Constructor.newInstance;<org.springframework.boot.logging.log4j2.Log4J2LoggingSystem$Factory: void <init>()>;org.springframework.core.io.support.SpringFactoriesLoader.instantiateFactory;179;isAccessible=false;
Constructor.newInstance;<org.springframework.boot.logging.log4j2.SpringBootPropertySource: void <init>()>;java.util.ServiceLoader$ProviderImpl.newInstance;789;isAccessible=false;
Constructor.newInstance;<org.springframework.boot.logging.logback.LogbackLoggingSystem$Factory: void <init>()>;org.springframework.core.io.support.SpringFactoriesLoader.instantiateFactory;179;isAccessible=false;
Constructor.newInstance;<org.springframework.boot.orm.jpa.JpaDatabaseInitializerDetector: void <init>(org.springframework.core.env.Environment)>;org.springframework.boot.util.Instantiator.instantiate;165;isAccessible=true;
Constructor.newInstance;<org.springframework.boot.orm.jpa.JpaDependsOnDatabaseInitializationDetector: void <init>(org.springframework.core.env.Environment)>;org.springframework.boot.util.Instantiator.instantiate;165;isAccessible=true;
Constructor.newInstance;<org.springframework.boot.r2dbc.init.R2dbcScriptDatabaseInitializerDetector: void <init>()>;org.springframework.boot.util.Instantiator.instantiate;165;isAccessible=true;
Constructor.newInstance;<org.springframework.boot.reactor.DebugAgentEnvironmentPostProcessor: void <init>()>;org.springframework.boot.util.Instantiator.instantiate;165;isAccessible=false;
Constructor.newInstance;<org.springframework.boot.rsocket.context.RSocketPortInfoApplicationContextInitializer: void <init>()>;org.springframework.beans.BeanUtils.instantiateClass;211;isAccessible=false;
Constructor.newInstance;<org.springframework.boot.sql.init.AbstractScriptDatabaseInitializer$ScriptLocationResolver$$Lambda$940: void <init>()>;java.lang.invoke.InnerClassLambdaMetafactory.buildCallSite;261;isAccessible=true;
Constructor.newInstance;<org.springframework.boot.sql.init.dependency.AnnotationDependsOnDatabaseInitializationDetector: void <init>()>;org.springframework.boot.util.Instantiator.instantiate;165;isAccessible=true;
Constructor.newInstance;<org.springframework.boot.sql.init.dependency.BeansOfTypeDetector$$Lambda$482: void <init>()>;java.lang.invoke.InnerClassLambdaMetafactory.buildCallSite;261;isAccessible=true;
Constructor.newInstance;<org.springframework.boot.sql.init.dependency.DatabaseInitializationDependencyConfigurer$DependsOnDatabaseInitializationPostProcessor$InitializerBeanNames$$Lambda$484: void <init>()>;java.lang.invoke.InnerClassLambdaMetafactory.buildCallSite;261;isAccessible=true;
Constructor.newInstance;<org.springframework.boot.sql.init.dependency.DatabaseInitializationDependencyConfigurer$DependsOnDatabaseInitializationPostProcessor: void <init>()>;org.springframework.beans.BeanUtils.instantiateClass;211;isAccessible=true;
Constructor.newInstance;<org.springframework.boot.sql.init.dependency.DatabaseInitializationDependencyConfigurer: void <init>()>;org.springframework.beans.BeanUtils.instantiateClass;211;isAccessible=false;
Constructor.newInstance;<org.springframework.boot.task.TaskExecutorBuilder$$Lambda$1309: void <init>()>;java.lang.invoke.InnerClassLambdaMetafactory.buildCallSite;261;isAccessible=true;
Constructor.newInstance;<org.springframework.boot.task.TaskExecutorBuilder$$Lambda$1313: void <init>()>;java.lang.invoke.InnerClassLambdaMetafactory.buildCallSite;261;isAccessible=true;
Constructor.newInstance;<org.springframework.boot.util.Instantiator$$Lambda$125: void <init>()>;java.lang.invoke.InnerClassLambdaMetafactory.buildCallSite;261;isAccessible=true;
Constructor.newInstance;<org.springframework.boot.util.Instantiator$$Lambda$127: void <init>()>;java.lang.invoke.InnerClassLambdaMetafactory.buildCallSite;261;isAccessible=true;
Constructor.newInstance;<org.springframework.boot.util.LambdaSafe$Callbacks$$Lambda$1416: void <init>()>;java.lang.invoke.InnerClassLambdaMetafactory.buildCallSite;261;isAccessible=true;
Constructor.newInstance;<org.springframework.boot.util.LambdaSafe$Callbacks$$Lambda$1417: void <init>()>;java.lang.invoke.InnerClassLambdaMetafactory.buildCallSite;261;isAccessible=true;
Constructor.newInstance;<org.springframework.boot.web.context.ServerPortInfoApplicationContextInitializer: void <init>()>;org.springframework.beans.BeanUtils.instantiateClass;211;isAccessible=false;
Constructor.newInstance;<org.springframework.boot.web.embedded.tomcat.TomcatEmbeddedContext$$Lambda$1447: void <init>()>;java.lang.invoke.InnerClassLambdaMetafactory.buildCallSite;261;isAccessible=true;
Constructor.newInstance;<org.springframework.boot.web.embedded.tomcat.TomcatEmbeddedWebappClassLoader: void <init>(java.lang.ClassLoader)>;org.apache.catalina.loader.WebappLoader.createClassLoader;545;isAccessible=false;
Constructor.newInstance;<org.springframework.boot.web.embedded.tomcat.TomcatWebServer$$Lambda$1451: void <init>()>;java.lang.invoke.InnerClassLambdaMetafactory.buildCallSite;261;isAccessible=true;
Constructor.newInstance;<org.springframework.boot.web.reactive.context.AnnotationConfigReactiveWebServerApplicationContext$Factory: void <init>()>;org.springframework.core.io.support.SpringFactoriesLoader.instantiateFactory;179;isAccessible=true;
Constructor.newInstance;<org.springframework.boot.web.servlet.ServletContextInitializerBeans$$Lambda$846: void <init>()>;java.lang.invoke.InnerClassLambdaMetafactory.buildCallSite;261;isAccessible=true;
Constructor.newInstance;<org.springframework.boot.web.servlet.ServletContextInitializerBeans$$Lambda$847: void <init>()>;java.lang.invoke.InnerClassLambdaMetafactory.buildCallSite;261;isAccessible=true;
Constructor.newInstance;<org.springframework.boot.web.servlet.context.AnnotationConfigServletWebServerApplicationContext$Factory: void <init>()>;org.springframework.core.io.support.SpringFactoriesLoader.instantiateFactory;179;isAccessible=true;
Constructor.newInstance;<org.springframework.boot.web.servlet.server.AbstractServletWebServerFactory$SessionConfiguringInitializer$$Lambda$705: void <init>()>;java.lang.invoke.InnerClassLambdaMetafactory.buildCallSite;261;isAccessible=true;
Constructor.newInstance;<org.springframework.boot.web.servlet.server.Encoding: void <init>()>;org.springframework.beans.BeanUtils.instantiateClass;211;isAccessible=false;
Constructor.newInstance;<org.springframework.cache.annotation.AbstractCachingConfiguration$$Lambda$516: void <init>()>;java.lang.invoke.InnerClassLambdaMetafactory.buildCallSite;261;isAccessible=true;
Constructor.newInstance;<org.springframework.cache.annotation.AbstractCachingConfiguration$$Lambda$518: void <init>()>;java.lang.invoke.InnerClassLambdaMetafactory.buildCallSite;261;isAccessible=true;
Constructor.newInstance;<org.springframework.cache.annotation.AbstractCachingConfiguration$$Lambda$519: void <init>()>;java.lang.invoke.InnerClassLambdaMetafactory.buildCallSite;261;isAccessible=true;
Constructor.newInstance;<org.springframework.cache.annotation.AbstractCachingConfiguration$$Lambda$520: void <init>()>;java.lang.invoke.InnerClassLambdaMetafactory.buildCallSite;261;isAccessible=true;
Constructor.newInstance;<org.springframework.cache.annotation.CachingConfigurationSelector: void <init>()>;org.springframework.beans.BeanUtils.instantiateClass;211;isAccessible=false;
Constructor.newInstance;<org.springframework.cache.annotation.ProxyCachingConfiguration: void <init>()>;org.springframework.beans.BeanUtils.instantiateClass;211;isAccessible=false;
Constructor.newInstance;<org.springframework.cache.annotation.SpringCacheAnnotationParser$$Lambda$1265: void <init>()>;java.lang.invoke.InnerClassLambdaMetafactory.buildCallSite;261;isAccessible=true;
Constructor.newInstance;<org.springframework.cache.annotation.SpringCacheAnnotationParser$$Lambda$1268: void <init>()>;java.lang.invoke.InnerClassLambdaMetafactory.buildCallSite;261;isAccessible=true;
Constructor.newInstance;<org.springframework.cache.annotation.SpringCacheAnnotationParser$$Lambda$1270: void <init>()>;java.lang.invoke.InnerClassLambdaMetafactory.buildCallSite;261;isAccessible=true;
Constructor.newInstance;<org.springframework.cache.annotation.SpringCacheAnnotationParser$$Lambda$1272: void <init>()>;java.lang.invoke.InnerClassLambdaMetafactory.buildCallSite;261;isAccessible=true;
Constructor.newInstance;<org.springframework.cache.interceptor.AbstractCacheInvoker$$Lambda$524: void <init>()>;java.lang.invoke.InnerClassLambdaMetafactory.buildCallSite;261;isAccessible=true;
Constructor.newInstance;<org.springframework.cache.interceptor.CacheAspectSupport$$Lambda$526: void <init>()>;java.lang.invoke.InnerClassLambdaMetafactory.buildCallSite;261;isAccessible=true;
Constructor.newInstance;<org.springframework.cache.interceptor.CacheAspectSupport$$Lambda$527: void <init>()>;java.lang.invoke.InnerClassLambdaMetafactory.buildCallSite;261;isAccessible=true;
Constructor.newInstance;<org.springframework.cache.interceptor.CacheAspectSupport$$Lambda$528: void <init>()>;java.lang.invoke.InnerClassLambdaMetafactory.buildCallSite;261;isAccessible=true;
Constructor.newInstance;<org.springframework.cache.jcache.config.AbstractJCacheConfiguration$$Lambda$521: void <init>()>;java.lang.invoke.InnerClassLambdaMetafactory.buildCallSite;261;isAccessible=true;
Constructor.newInstance;<org.springframework.cache.jcache.config.ProxyJCacheConfiguration: void <init>()>;org.springframework.beans.BeanUtils.instantiateClass;211;isAccessible=false;
Constructor.newInstance;<org.springframework.cache.jcache.interceptor.DefaultJCacheOperationSource$$Lambda$523: void <init>()>;java.lang.invoke.InnerClassLambdaMetafactory.buildCallSite;261;isAccessible=true;
Constructor.newInstance;<org.springframework.cache.jcache.interceptor.JCacheInterceptor$$Lambda$525: void <init>()>;java.lang.invoke.InnerClassLambdaMetafactory.buildCallSite;261;isAccessible=true;
Constructor.newInstance;<org.springframework.cglib.core.MethodWrapper$MethodWrapperKey$$KeyFactoryByCGLIB$$552be97a: void <init>()>;org.springframework.cglib.core.ReflectUtils.newInstance;313;isAccessible=true;
Constructor.newInstance;<org.springframework.cglib.proxy.Enhancer$EnhancerKey$$KeyFactoryByCGLIB$$4ce19e8f: void <init>()>;org.springframework.cglib.core.ReflectUtils.newInstance;313;isAccessible=true;
Constructor.newInstance;<org.springframework.context.annotation.AnnotationScopeMetadataResolver: void <init>()>;org.springframework.beans.BeanUtils.instantiateClass;211;isAccessible=false;
Constructor.newInstance;<org.springframework.context.annotation.AspectJAutoProxyRegistrar: void <init>()>;org.springframework.beans.BeanUtils.instantiateClass;211;isAccessible=true;
Constructor.newInstance;<org.springframework.context.annotation.AutoProxyRegistrar: void <init>()>;org.springframework.beans.BeanUtils.instantiateClass;211;isAccessible=false;
Constructor.newInstance;<org.springframework.context.annotation.CommonAnnotationBeanPostProcessor: void <init>()>;org.springframework.beans.BeanUtils.instantiateClass;211;isAccessible=false;
Constructor.newInstance;<org.springframework.context.annotation.ConfigurationClassParser$$Lambda$286: void <init>()>;java.lang.invoke.InnerClassLambdaMetafactory.buildCallSite;261;isAccessible=true;
Constructor.newInstance;<org.springframework.context.annotation.ConfigurationClassParser$$Lambda$287: void <init>()>;java.lang.invoke.InnerClassLambdaMetafactory.buildCallSite;261;isAccessible=true;
Constructor.newInstance;<org.springframework.context.annotation.ConfigurationClassParser$DefaultDeferredImportSelectorGroup: void <init>()>;org.springframework.beans.BeanUtils.instantiateClass;211;isAccessible=true;
Constructor.newInstance;<org.springframework.context.annotation.ConfigurationClassPostProcessor$$Lambda$285: void <init>()>;java.lang.invoke.InnerClassLambdaMetafactory.buildCallSite;261;isAccessible=true;
Constructor.newInstance;<org.springframework.context.annotation.ConfigurationClassPostProcessor: void <init>()>;org.springframework.beans.BeanUtils.instantiateClass;211;isAccessible=false;
Constructor.newInstance;<org.springframework.context.event.DefaultEventListenerFactory: void <init>()>;org.springframework.beans.BeanUtils.instantiateClass;211;isAccessible=false;
Constructor.newInstance;<org.springframework.context.event.EventListenerMethodProcessor$$Lambda$1438: void <init>()>;java.lang.invoke.InnerClassLambdaMetafactory.buildCallSite;261;isAccessible=true;
Constructor.newInstance;<org.springframework.context.event.EventListenerMethodProcessor: void <init>()>;org.springframework.beans.BeanUtils.instantiateClass;211;isAccessible=false;
Constructor.newInstance;<org.springframework.context.index.CandidateComponentsIndexLoader$$Lambda$250: void <init>()>;java.lang.invoke.InnerClassLambdaMetafactory.buildCallSite;261;isAccessible=true;
Constructor.newInstance;<org.springframework.context.support.DefaultLifecycleProcessor$$Lambda$1441: void <init>()>;java.lang.invoke.InnerClassLambdaMetafactory.buildCallSite;261;isAccessible=true;
Constructor.newInstance;<org.springframework.context.support.ResourceBundleMessageSource$$Lambda$2106: void <init>()>;java.lang.invoke.InnerClassLambdaMetafactory.buildCallSite;261;isAccessible=true;
Constructor.newInstance;<org.springframework.context.support.ResourceBundleMessageSource$$Lambda$2107: void <init>()>;java.lang.invoke.InnerClassLambdaMetafactory.buildCallSite;261;isAccessible=true;
Constructor.newInstance;<org.springframework.context.support.ResourceBundleMessageSource$$Lambda$2108: void <init>()>;java.lang.invoke.InnerClassLambdaMetafactory.buildCallSite;261;isAccessible=true;
Constructor.newInstance;<org.springframework.context.support.ResourceBundleMessageSource$$Lambda$2109: void <init>()>;java.lang.invoke.InnerClassLambdaMetafactory.buildCallSite;261;isAccessible=true;
Constructor.newInstance;<org.springframework.context.support.ResourceBundleMessageSource$$Lambda$2110: void <init>()>;java.lang.invoke.InnerClassLambdaMetafactory.buildCallSite;261;isAccessible=true;
Constructor.newInstance;<org.springframework.context.support.ResourceBundleMessageSource$$Lambda$2111: void <init>()>;java.lang.invoke.InnerClassLambdaMetafactory.buildCallSite;261;isAccessible=true;
Constructor.newInstance;<org.springframework.context.support.ResourceBundleMessageSource$$Lambda$2112: void <init>()>;java.lang.invoke.InnerClassLambdaMetafactory.buildCallSite;261;isAccessible=true;
Constructor.newInstance;<org.springframework.context.support.ResourceBundleMessageSource$$Lambda$2113: void <init>()>;java.lang.invoke.InnerClassLambdaMetafactory.buildCallSite;261;isAccessible=true;
Constructor.newInstance;<org.springframework.context.support.ResourceBundleMessageSource$$Lambda$2114: void <init>()>;java.lang.invoke.InnerClassLambdaMetafactory.buildCallSite;261;isAccessible=true;
Constructor.newInstance;<org.springframework.context.support.ResourceBundleMessageSource$$Lambda$2115: void <init>()>;java.lang.invoke.InnerClassLambdaMetafactory.buildCallSite;261;isAccessible=true;
Constructor.newInstance;<org.springframework.context.support.ResourceBundleMessageSource$$Lambda$2175: void <init>()>;java.lang.invoke.InnerClassLambdaMetafactory.buildCallSite;261;isAccessible=true;
Constructor.newInstance;<org.springframework.context.support.ResourceBundleMessageSource$$Lambda$2176: void <init>()>;java.lang.invoke.InnerClassLambdaMetafactory.buildCallSite;261;isAccessible=true;
Constructor.newInstance;<org.springframework.core.$Proxy152: void <init>(java.lang.reflect.InvocationHandler)>;java.lang.reflect.Proxy.newProxyInstance;1053;isAccessible=true;
Constructor.newInstance;<org.springframework.core.$Proxy76: void <init>(java.lang.reflect.InvocationHandler)>;java.lang.reflect.Proxy.newProxyInstance;1053;isAccessible=true;
Constructor.newInstance;<org.springframework.core.$Proxy7: void <init>(java.lang.reflect.InvocationHandler)>;java.lang.reflect.Proxy.newProxyInstance;1053;isAccessible=true;
Constructor.newInstance;<org.springframework.core.annotation.AbstractMergedAnnotation$$Lambda$266: void <init>()>;java.lang.invoke.InnerClassLambdaMetafactory.buildCallSite;261;isAccessible=true;
Constructor.newInstance;<org.springframework.core.annotation.AnnotatedElementUtils$$Lambda$1159: void <init>()>;java.lang.invoke.InnerClassLambdaMetafactory.buildCallSite;261;isAccessible=true;
Constructor.newInstance;<org.springframework.core.annotation.AnnotatedElementUtils$$Lambda$1163: void <init>()>;java.lang.invoke.InnerClassLambdaMetafactory.buildCallSite;261;isAccessible=true;
Constructor.newInstance;<org.springframework.core.annotation.AnnotatedElementUtils$$Lambda$532: void <init>()>;java.lang.invoke.InnerClassLambdaMetafactory.buildCallSite;261;isAccessible=true;
Constructor.newInstance;<org.springframework.core.annotation.AnnotationTypeMapping$$Lambda$257: void <init>()>;java.lang.invoke.InnerClassLambdaMetafactory.buildCallSite;261;isAccessible=true;
Constructor.newInstance;<org.springframework.core.annotation.AnnotationTypeMapping$$Lambda$259: void <init>()>;java.lang.invoke.InnerClassLambdaMetafactory.buildCallSite;261;isAccessible=true;
Constructor.newInstance;<org.springframework.core.annotation.AnnotationTypeMappings$$Lambda$101: void <init>()>;java.lang.invoke.InnerClassLambdaMetafactory.buildCallSite;261;isAccessible=true;
Constructor.newInstance;<org.springframework.core.annotation.AnnotationUtils$$Lambda$1069: void <init>()>;java.lang.invoke.InnerClassLambdaMetafactory.buildCallSite;261;isAccessible=true;
Constructor.newInstance;<org.springframework.core.annotation.AnnotationUtils$$Lambda$1112: void <init>()>;java.lang.invoke.InnerClassLambdaMetafactory.buildCallSite;261;isAccessible=true;
Constructor.newInstance;<org.springframework.core.annotation.AnnotationUtils$$Lambda$1221: void <init>()>;java.lang.invoke.InnerClassLambdaMetafactory.buildCallSite;261;isAccessible=true;
Constructor.newInstance;<org.springframework.core.annotation.AnnotationUtils$$Lambda$1288: void <init>()>;java.lang.invoke.InnerClassLambdaMetafactory.buildCallSite;261;isAccessible=true;
Constructor.newInstance;<org.springframework.core.annotation.AnnotationUtils$$Lambda$512: void <init>()>;java.lang.invoke.InnerClassLambdaMetafactory.buildCallSite;261;isAccessible=true;
Constructor.newInstance;<org.springframework.core.annotation.AnnotationUtils$$Lambda$514: void <init>()>;java.lang.invoke.InnerClassLambdaMetafactory.buildCallSite;261;isAccessible=true;
Constructor.newInstance;<org.springframework.core.annotation.AttributeMethods$$Lambda$95: void <init>()>;java.lang.invoke.InnerClassLambdaMetafactory.buildCallSite;261;isAccessible=true;
Constructor.newInstance;<org.springframework.core.annotation.AttributeMethods$$Lambda$96: void <init>()>;java.lang.invoke.InnerClassLambdaMetafactory.buildCallSite;261;isAccessible=true;
Constructor.newInstance;<org.springframework.core.annotation.MergedAnnotationCollectors$$Lambda$333: void <init>()>;java.lang.invoke.InnerClassLambdaMetafactory.buildCallSite;261;isAccessible=true;
Constructor.newInstance;<org.springframework.core.annotation.MergedAnnotationCollectors$$Lambda$335: void <init>()>;java.lang.invoke.InnerClassLambdaMetafactory.buildCallSite;261;isAccessible=true;
Constructor.newInstance;<org.springframework.core.annotation.MergedAnnotationCollectors$$Lambda$533: void <init>()>;java.lang.invoke.InnerClassLambdaMetafactory.buildCallSite;261;isAccessible=true;
Constructor.newInstance;<org.springframework.core.annotation.MergedAnnotationCollectors$$Lambda$534: void <init>()>;java.lang.invoke.InnerClassLambdaMetafactory.buildCallSite;261;isAccessible=true;
Constructor.newInstance;<org.springframework.core.annotation.MergedAnnotationCollectors$$Lambda$535: void <init>()>;java.lang.invoke.InnerClassLambdaMetafactory.buildCallSite;261;isAccessible=true;
Constructor.newInstance;<org.springframework.core.annotation.MergedAnnotationPredicates$$Lambda$541: void <init>()>;java.lang.invoke.InnerClassLambdaMetafactory.buildCallSite;261;isAccessible=true;
Constructor.newInstance;<org.springframework.core.annotation.RepeatableContainers$StandardRepeatableContainers$$Lambda$97: void <init>()>;java.lang.invoke.InnerClassLambdaMetafactory.buildCallSite;261;isAccessible=true;
Constructor.newInstance;<org.springframework.core.annotation.TypeMappedAnnotation$$Lambda$102: void <init>()>;java.lang.invoke.InnerClassLambdaMetafactory.buildCallSite;261;isAccessible=true;
Constructor.newInstance;<org.springframework.core.annotation.TypeMappedAnnotation$$Lambda$274: void <init>()>;java.lang.invoke.InnerClassLambdaMetafactory.buildCallSite;261;isAccessible=true;
Constructor.newInstance;<org.springframework.core.annotation.TypeMappedAnnotation$$Lambda$291: void <init>()>;java.lang.invoke.InnerClassLambdaMetafactory.buildCallSite;261;isAccessible=true;
Constructor.newInstance;<org.springframework.core.annotation.TypeMappedAnnotation$$Lambda$336: void <init>()>;java.lang.invoke.InnerClassLambdaMetafactory.buildCallSite;261;isAccessible=true;
Constructor.newInstance;<org.springframework.core.annotation.TypeMappedAnnotation$$Lambda$504: void <init>()>;java.lang.invoke.InnerClassLambdaMetafactory.buildCallSite;261;isAccessible=true;
Constructor.newInstance;<org.springframework.core.convert.support.GenericConversionService$Converters$$Lambda$118: void <init>()>;java.lang.invoke.InnerClassLambdaMetafactory.buildCallSite;261;isAccessible=true;
Constructor.newInstance;<org.springframework.core.io.DefaultResourceLoader$$Lambda$249: void <init>()>;java.lang.invoke.InnerClassLambdaMetafactory.buildCallSite;261;isAccessible=true;
Constructor.newInstance;<org.springframework.core.io.support.SpringFactoriesLoader$$Lambda$85: void <init>()>;java.lang.invoke.InnerClassLambdaMetafactory.buildCallSite;261;isAccessible=true;
Constructor.newInstance;<org.springframework.core.io.support.SpringFactoriesLoader$$Lambda$86: void <init>()>;java.lang.invoke.InnerClassLambdaMetafactory.buildCallSite;261;isAccessible=true;
Constructor.newInstance;<org.springframework.core.io.support.SpringFactoriesLoader$$Lambda$87: void <init>()>;java.lang.invoke.InnerClassLambdaMetafactory.buildCallSite;261;isAccessible=true;
Constructor.newInstance;<org.springframework.core.type.AnnotatedTypeMetadata$$Lambda$330: void <init>()>;java.lang.invoke.InnerClassLambdaMetafactory.buildCallSite;261;isAccessible=true;
Constructor.newInstance;<org.springframework.core.type.AnnotatedTypeMetadata$$Lambda$331: void <init>()>;java.lang.invoke.InnerClassLambdaMetafactory.buildCallSite;261;isAccessible=true;
Constructor.newInstance;<org.springframework.core.type.AnnotatedTypeMetadata$$Lambda$332: void <init>()>;java.lang.invoke.InnerClassLambdaMetafactory.buildCallSite;261;isAccessible=true;
Constructor.newInstance;<org.springframework.core.type.AnnotationMetadata$$Lambda$262: void <init>()>;java.lang.invoke.InnerClassLambdaMetafactory.buildCallSite;261;isAccessible=true;
Constructor.newInstance;<org.springframework.core.type.AnnotationMetadata$$Lambda$263: void <init>()>;java.lang.invoke.InnerClassLambdaMetafactory.buildCallSite;261;isAccessible=true;
Constructor.newInstance;<org.springframework.core.type.AnnotationMetadata$$Lambda$264: void <init>()>;java.lang.invoke.InnerClassLambdaMetafactory.buildCallSite;261;isAccessible=true;
Constructor.newInstance;<org.springframework.core.type.AnnotationMetadata$$Lambda$268: void <init>()>;java.lang.invoke.InnerClassLambdaMetafactory.buildCallSite;261;isAccessible=true;
Constructor.newInstance;<org.springframework.core.type.AnnotationMetadata$$Lambda$269: void <init>()>;java.lang.invoke.InnerClassLambdaMetafactory.buildCallSite;261;isAccessible=true;
Constructor.newInstance;<org.springframework.core.type.AnnotationMetadata$$Lambda$270: void <init>()>;java.lang.invoke.InnerClassLambdaMetafactory.buildCallSite;261;isAccessible=true;
Constructor.newInstance;<org.springframework.core.type.AnnotationMetadata$$Lambda$289: void <init>()>;java.lang.invoke.InnerClassLambdaMetafactory.buildCallSite;261;isAccessible=true;
Constructor.newInstance;<org.springframework.data.jpa.repository.config.JpaMetamodelMappingContextFactoryBean$$Lambda$1072: void <init>()>;java.lang.invoke.InnerClassLambdaMetafactory.buildCallSite;261;isAccessible=true;
Constructor.newInstance;<org.springframework.data.jpa.repository.config.JpaMetamodelMappingContextFactoryBean: void <init>()>;org.springframework.beans.BeanUtils.instantiateClass;211;isAccessible=false;
Constructor.newInstance;<org.springframework.data.jpa.repository.config.JpaRepositoryConfigExtension$$Lambda$411: void <init>()>;java.lang.invoke.InnerClassLambdaMetafactory.buildCallSite;261;isAccessible=true;
Constructor.newInstance;<org.springframework.data.jpa.repository.config.JpaRepositoryConfigExtension$$Lambda$412: void <init>()>;java.lang.invoke.InnerClassLambdaMetafactory.buildCallSite;261;isAccessible=true;
Constructor.newInstance;<org.springframework.data.jpa.repository.config.JpaRepositoryConfigExtension$$Lambda$413: void <init>()>;java.lang.invoke.InnerClassLambdaMetafactory.buildCallSite;261;isAccessible=true;
Constructor.newInstance;<org.springframework.data.jpa.repository.config.JpaRepositoryConfigExtension$$Lambda$414: void <init>()>;java.lang.invoke.InnerClassLambdaMetafactory.buildCallSite;261;isAccessible=true;
Constructor.newInstance;<org.springframework.data.jpa.repository.config.JpaRepositoryConfigExtension$$Lambda$415: void <init>()>;java.lang.invoke.InnerClassLambdaMetafactory.buildCallSite;261;isAccessible=true;
Constructor.newInstance;<org.springframework.data.jpa.repository.query.JpaQueryMethod$$Lambda$1959: void <init>()>;java.lang.invoke.InnerClassLambdaMetafactory.buildCallSite;261;isAccessible=true;
Constructor.newInstance;<org.springframework.data.jpa.repository.query.JpaQueryMethod$$Lambda$1960: void <init>()>;java.lang.invoke.InnerClassLambdaMetafactory.buildCallSite;261;isAccessible=true;
Constructor.newInstance;<org.springframework.data.jpa.repository.query.JpaQueryMethod$$Lambda$1961: void <init>()>;java.lang.invoke.InnerClassLambdaMetafactory.buildCallSite;261;isAccessible=true;
Constructor.newInstance;<org.springframework.data.jpa.repository.query.JpaQueryMethod$$Lambda$1962: void <init>()>;java.lang.invoke.InnerClassLambdaMetafactory.buildCallSite;261;isAccessible=true;
Constructor.newInstance;<org.springframework.data.jpa.repository.query.JpaQueryMethod$$Lambda$1963: void <init>()>;java.lang.invoke.InnerClassLambdaMetafactory.buildCallSite;261;isAccessible=true;
Constructor.newInstance;<org.springframework.data.jpa.repository.query.JpaQueryMethod$$Lambda$1964: void <init>()>;java.lang.invoke.InnerClassLambdaMetafactory.buildCallSite;261;isAccessible=true;
Constructor.newInstance;<org.springframework.data.jpa.repository.query.JpaQueryMethod$$Lambda$1965: void <init>()>;java.lang.invoke.InnerClassLambdaMetafactory.buildCallSite;261;isAccessible=true;
Constructor.newInstance;<org.springframework.data.jpa.repository.query.JpaQueryMethod$$Lambda$1966: void <init>()>;java.lang.invoke.InnerClassLambdaMetafactory.buildCallSite;261;isAccessible=true;
Constructor.newInstance;<org.springframework.data.jpa.repository.query.JpaQueryMethod$$Lambda$1967: void <init>()>;java.lang.invoke.InnerClassLambdaMetafactory.buildCallSite;261;isAccessible=true;
Constructor.newInstance;<org.springframework.data.jpa.repository.query.JpaQueryMethod$$Lambda$1968: void <init>()>;java.lang.invoke.InnerClassLambdaMetafactory.buildCallSite;261;isAccessible=true;
Constructor.newInstance;<org.springframework.data.jpa.repository.query.QueryParameterSetterFactory$BasicQueryParameterSetterFactory$$Lambda$1899: void <init>()>;java.lang.invoke.InnerClassLambdaMetafactory.buildCallSite;261;isAccessible=true;
Constructor.newInstance;<org.springframework.data.jpa.repository.query.QueryParameterSetterFactory$BasicQueryParameterSetterFactory$$Lambda$1900: void <init>()>;java.lang.invoke.InnerClassLambdaMetafactory.buildCallSite;261;isAccessible=true;
Constructor.newInstance;<org.springframework.data.jpa.repository.query.QueryParameterSetterFactory$BasicQueryParameterSetterFactory$$Lambda$1901: void <init>()>;java.lang.invoke.InnerClassLambdaMetafactory.buildCallSite;261;isAccessible=true;
Constructor.newInstance;<org.springframework.data.jpa.repository.query.QueryParameterSetterFactory$BasicQueryParameterSetterFactory$$Lambda$1902: void <init>()>;java.lang.invoke.InnerClassLambdaMetafactory.buildCallSite;261;isAccessible=true;
Constructor.newInstance;<org.springframework.data.jpa.repository.query.QueryParameterSetterFactory$BasicQueryParameterSetterFactory$$Lambda$1903: void <init>()>;java.lang.invoke.InnerClassLambdaMetafactory.buildCallSite;261;isAccessible=true;
Constructor.newInstance;<org.springframework.data.jpa.repository.query.QueryParameterSetterFactory$BasicQueryParameterSetterFactory$$Lambda$1904: void <init>()>;java.lang.invoke.InnerClassLambdaMetafactory.buildCallSite;261;isAccessible=true;
Constructor.newInstance;<org.springframework.data.jpa.repository.query.QueryParameterSetterFactory$BasicQueryParameterSetterFactory$$Lambda$1905: void <init>()>;java.lang.invoke.InnerClassLambdaMetafactory.buildCallSite;261;isAccessible=true;
Constructor.newInstance;<org.springframework.data.jpa.repository.query.QueryParameterSetterFactory$BasicQueryParameterSetterFactory$$Lambda$1906: void <init>()>;java.lang.invoke.InnerClassLambdaMetafactory.buildCallSite;261;isAccessible=true;
Constructor.newInstance;<org.springframework.data.jpa.repository.query.QueryParameterSetterFactory$BasicQueryParameterSetterFactory$$Lambda$1907: void <init>()>;java.lang.invoke.InnerClassLambdaMetafactory.buildCallSite;261;isAccessible=true;
Constructor.newInstance;<org.springframework.data.jpa.repository.query.QueryParameterSetterFactory$BasicQueryParameterSetterFactory$$Lambda$1908: void <init>()>;java.lang.invoke.InnerClassLambdaMetafactory.buildCallSite;261;isAccessible=true;
Constructor.newInstance;<org.springframework.data.jpa.repository.query.QueryParameterSetterFactory$ParameterImpl$$Lambda$1949: void <init>()>;java.lang.invoke.InnerClassLambdaMetafactory.buildCallSite;261;isAccessible=true;
Constructor.newInstance;<org.springframework.data.jpa.repository.query.QueryParameterSetterFactory$ParameterImpl$$Lambda$1950: void <init>()>;java.lang.invoke.InnerClassLambdaMetafactory.buildCallSite;261;isAccessible=true;
Constructor.newInstance;<org.springframework.data.jpa.repository.query.QueryParameterSetterFactory$ParameterImpl$$Lambda$1951: void <init>()>;java.lang.invoke.InnerClassLambdaMetafactory.buildCallSite;261;isAccessible=true;
Constructor.newInstance;<org.springframework.data.jpa.repository.query.QueryParameterSetterFactory$ParameterImpl$$Lambda$1952: void <init>()>;java.lang.invoke.InnerClassLambdaMetafactory.buildCallSite;261;isAccessible=true;
Constructor.newInstance;<org.springframework.data.jpa.repository.query.QueryParameterSetterFactory$ParameterImpl$$Lambda$1953: void <init>()>;java.lang.invoke.InnerClassLambdaMetafactory.buildCallSite;261;isAccessible=true;
Constructor.newInstance;<org.springframework.data.jpa.repository.query.QueryParameterSetterFactory$ParameterImpl$$Lambda$1954: void <init>()>;java.lang.invoke.InnerClassLambdaMetafactory.buildCallSite;261;isAccessible=true;
Constructor.newInstance;<org.springframework.data.jpa.repository.query.QueryParameterSetterFactory$ParameterImpl$$Lambda$1955: void <init>()>;java.lang.invoke.InnerClassLambdaMetafactory.buildCallSite;261;isAccessible=true;
Constructor.newInstance;<org.springframework.data.jpa.repository.query.StringQuery$$Lambda$1257: void <init>()>;java.lang.invoke.InnerClassLambdaMetafactory.buildCallSite;261;isAccessible=true;
Constructor.newInstance;<org.springframework.data.jpa.repository.query.StringQuery$ParameterBindingParser$$Lambda$1255: void <init>()>;java.lang.invoke.InnerClassLambdaMetafactory.buildCallSite;261;isAccessible=true;
Constructor.newInstance;<org.springframework.data.jpa.repository.support.CrudMethodMetadataPostProcessor$DefaultCrudMethodMetadata$$Lambda$1884: void <init>()>;java.lang.invoke.InnerClassLambdaMetafactory.buildCallSite;261;isAccessible=true;
Constructor.newInstance;<org.springframework.data.jpa.repository.support.CrudMethodMetadataPostProcessor$DefaultCrudMethodMetadata$$Lambda$1885: void <init>()>;java.lang.invoke.InnerClassLambdaMetafactory.buildCallSite;261;isAccessible=true;
Constructor.newInstance;<org.springframework.data.jpa.repository.support.CrudMethodMetadataPostProcessor$DefaultCrudMethodMetadata$$Lambda$1886: void <init>()>;java.lang.invoke.InnerClassLambdaMetafactory.buildCallSite;261;isAccessible=true;
Constructor.newInstance;<org.springframework.data.jpa.repository.support.CrudMethodMetadataPostProcessor$DefaultCrudMethodMetadata$$Lambda$1887: void <init>()>;java.lang.invoke.InnerClassLambdaMetafactory.buildCallSite;261;isAccessible=true;
Constructor.newInstance;<org.springframework.data.jpa.repository.support.CrudMethodMetadataPostProcessor$DefaultCrudMethodMetadata$$Lambda$1888: void <init>()>;java.lang.invoke.InnerClassLambdaMetafactory.buildCallSite;261;isAccessible=true;
Constructor.newInstance;<org.springframework.data.jpa.repository.support.CrudMethodMetadataPostProcessor$DefaultCrudMethodMetadata$$Lambda$1889: void <init>()>;java.lang.invoke.InnerClassLambdaMetafactory.buildCallSite;261;isAccessible=true;
Constructor.newInstance;<org.springframework.data.jpa.repository.support.CrudMethodMetadataPostProcessor$DefaultCrudMethodMetadata$$Lambda$1891: void <init>()>;java.lang.invoke.InnerClassLambdaMetafactory.buildCallSite;261;isAccessible=true;
Constructor.newInstance;<org.springframework.data.jpa.repository.support.CrudMethodMetadataPostProcessor$DefaultCrudMethodMetadata$$Lambda$1892: void <init>()>;java.lang.invoke.InnerClassLambdaMetafactory.buildCallSite;261;isAccessible=true;
Constructor.newInstance;<org.springframework.data.jpa.repository.support.CrudMethodMetadataPostProcessor$DefaultCrudMethodMetadata$$Lambda$1893: void <init>()>;java.lang.invoke.InnerClassLambdaMetafactory.buildCallSite;261;isAccessible=true;
Constructor.newInstance;<org.springframework.data.jpa.repository.support.CrudMethodMetadataPostProcessor$DefaultCrudMethodMetadata$$Lambda$1894: void <init>()>;java.lang.invoke.InnerClassLambdaMetafactory.buildCallSite;261;isAccessible=true;
Constructor.newInstance;<org.springframework.data.jpa.repository.support.CrudMethodMetadataPostProcessor$DefaultCrudMethodMetadata$$Lambda$1895: void <init>()>;java.lang.invoke.InnerClassLambdaMetafactory.buildCallSite;261;isAccessible=true;
Constructor.newInstance;<org.springframework.data.jpa.repository.support.CrudMethodMetadataPostProcessor$DefaultCrudMethodMetadata$$Lambda$1896: void <init>()>;java.lang.invoke.InnerClassLambdaMetafactory.buildCallSite;261;isAccessible=true;
Constructor.newInstance;<org.springframework.data.jpa.repository.support.EntityManagerBeanDefinitionRegistrarPostProcessor: void <init>()>;org.springframework.beans.BeanUtils.instantiateClass;211;isAccessible=false;
Constructor.newInstance;<org.springframework.data.jpa.repository.support.JpaEvaluationContextExtension: void <init>(char)>;org.springframework.beans.BeanUtils.instantiateClass;211;isAccessible=false;
Constructor.newInstance;<org.springframework.data.jpa.repository.support.JpaRepositoryFactory$$Lambda$1095: void <init>()>;java.lang.invoke.InnerClassLambdaMetafactory.buildCallSite;261;isAccessible=true;
Constructor.newInstance;<org.springframework.data.jpa.repository.support.JpaRepositoryFactoryBean$$Lambda$1068: void <init>()>;java.lang.invoke.InnerClassLambdaMetafactory.buildCallSite;261;isAccessible=true;
Constructor.newInstance;<org.springframework.data.jpa.repository.support.JpaRepositoryFactoryBean: void <init>(java.lang.Class)>;org.springframework.beans.BeanUtils.instantiateClass;211;isAccessible=false;
Constructor.newInstance;<org.springframework.data.jpa.repository.support.SimpleJpaRepository: void <init>(org.springframework.data.jpa.repository.support.JpaEntityInformation,javax.persistence.EntityManager)>;org.springframework.beans.BeanUtils.instantiateClass;211;isAccessible=false;
Constructor.newInstance;<org.springframework.data.jpa.util.HibernateProxyDetector$$Lambda$1108: void <init>()>;java.lang.invoke.InnerClassLambdaMetafactory.buildCallSite;261;isAccessible=true;
Constructor.newInstance;<org.springframework.data.jpa.util.HibernateProxyDetector: void <init>()>;org.springframework.core.io.support.SpringFactoriesLoader.instantiateFactory;179;isAccessible=true;
Constructor.newInstance;<org.springframework.data.jpa.util.JpaMetamodel$$Lambda$1109: void <init>()>;java.lang.invoke.InnerClassLambdaMetafactory.buildCallSite;261;isAccessible=true;
Constructor.newInstance;<org.springframework.data.jpa.util.JpaMetamodel$$Lambda$1172: void <init>()>;java.lang.invoke.InnerClassLambdaMetafactory.buildCallSite;261;isAccessible=true;
Constructor.newInstance;<org.springframework.data.jpa.util.JpaMetamodel$$Lambda$1173: void <init>()>;java.lang.invoke.InnerClassLambdaMetafactory.buildCallSite;261;isAccessible=true;
Constructor.newInstance;<org.springframework.data.jpa.util.JpaMetamodel$$Lambda$1177: void <init>()>;java.lang.invoke.InnerClassLambdaMetafactory.buildCallSite;261;isAccessible=true;
Constructor.newInstance;<org.springframework.data.jpa.util.JpaMetamodel$$Lambda$1178: void <init>()>;java.lang.invoke.InnerClassLambdaMetafactory.buildCallSite;261;isAccessible=true;
Constructor.newInstance;<org.springframework.data.jpa.util.JpaMetamodelCacheCleanup: void <init>()>;org.springframework.beans.BeanUtils.instantiateClass;211;isAccessible=true;
Constructor.newInstance;<org.springframework.data.mapping.context.AbstractMappingContext$PersistentPropertyCreator$$Lambda$1186: void <init>()>;java.lang.invoke.InnerClassLambdaMetafactory.buildCallSite;261;isAccessible=true;
Constructor.newInstance;<org.springframework.data.mapping.context.PersistentPropertyPathFactory$$Lambda$1075: void <init>()>;java.lang.invoke.InnerClassLambdaMetafactory.buildCallSite;261;isAccessible=true;
Constructor.newInstance;<org.springframework.data.mapping.model.AbstractPersistentProperty$$Lambda$1185: void <init>()>;java.lang.invoke.InnerClassLambdaMetafactory.buildCallSite;261;isAccessible=true;
Constructor.newInstance;<org.springframework.data.mapping.model.AnnotationBasedPersistentProperty$$Lambda$1162: void <init>()>;java.lang.invoke.InnerClassLambdaMetafactory.buildCallSite;261;isAccessible=true;
Constructor.newInstance;<org.springframework.data.mapping.model.AnnotationBasedPersistentProperty$$Lambda$1181: void <init>()>;java.lang.invoke.InnerClassLambdaMetafactory.buildCallSite;261;isAccessible=true;
Constructor.newInstance;<org.springframework.data.mapping.model.ClassGeneratingPropertyAccessorFactory$$Lambda$1076: void <init>()>;java.lang.invoke.InnerClassLambdaMetafactory.buildCallSite;261;isAccessible=true;
Constructor.newInstance;<org.springframework.data.mapping.model.Property$$Lambda$1128: void <init>()>;java.lang.invoke.InnerClassLambdaMetafactory.buildCallSite;261;isAccessible=true;
Constructor.newInstance;<org.springframework.data.mapping.model.Property$$Lambda$1132: void <init>()>;java.lang.invoke.InnerClassLambdaMetafactory.buildCallSite;261;isAccessible=true;
Constructor.newInstance;<org.springframework.data.mapping.model.Property$$Lambda$1135: void <init>()>;java.lang.invoke.InnerClassLambdaMetafactory.buildCallSite;261;isAccessible=true;
Constructor.newInstance;<org.springframework.data.mapping.model.Property$$Lambda$1141: void <init>()>;java.lang.invoke.InnerClassLambdaMetafactory.buildCallSite;261;isAccessible=true;
Constructor.newInstance;<org.springframework.data.mapping.model.Property$$Lambda$1142: void <init>()>;java.lang.invoke.InnerClassLambdaMetafactory.buildCallSite;261;isAccessible=true;
Constructor.newInstance;<org.springframework.data.repository.config.CustomRepositoryImplementationDetector$$Lambda$448: void <init>()>;java.lang.invoke.InnerClassLambdaMetafactory.buildCallSite;261;isAccessible=true;
Constructor.newInstance;<org.springframework.data.repository.config.CustomRepositoryImplementationDetector$$Lambda$454: void <init>()>;java.lang.invoke.InnerClassLambdaMetafactory.buildCallSite;261;isAccessible=true;
Constructor.newInstance;<org.springframework.data.repository.config.RepositoryBeanDefinitionBuilder$$Lambda$463: void <init>()>;java.lang.invoke.InnerClassLambdaMetafactory.buildCallSite;261;isAccessible=true;
Constructor.newInstance;<org.springframework.data.repository.config.RepositoryBeanDefinitionBuilder$$Lambda$466: void <init>()>;java.lang.invoke.InnerClassLambdaMetafactory.buildCallSite;261;isAccessible=true;
Constructor.newInstance;<org.springframework.data.repository.core.support.MethodLookups$$Lambda$1197: void <init>()>;java.lang.invoke.InnerClassLambdaMetafactory.buildCallSite;261;isAccessible=true;
Constructor.newInstance;<org.springframework.data.repository.core.support.PropertiesBasedNamedQueries: void <init>(java.util.Properties)>;org.springframework.beans.BeanUtils.instantiateClass;211;isAccessible=false;
Constructor.newInstance;<org.springframework.data.repository.core.support.RepositoryComposition$$Lambda$1195: void <init>()>;java.lang.invoke.InnerClassLambdaMetafactory.buildCallSite;261;isAccessible=true;
Constructor.newInstance;<org.springframework.data.repository.core.support.RepositoryComposition$$Lambda$1196: void <init>()>;java.lang.invoke.InnerClassLambdaMetafactory.buildCallSite;261;isAccessible=true;
Constructor.newInstance;<org.springframework.data.repository.core.support.RepositoryComposition$RepositoryFragments$$Lambda$1213: void <init>()>;java.lang.invoke.InnerClassLambdaMetafactory.buildCallSite;261;isAccessible=true;
Constructor.newInstance;<org.springframework.data.repository.core.support.RepositoryComposition$RepositoryFragments$$Lambda$2139: void <init>()>;java.lang.invoke.InnerClassLambdaMetafactory.buildCallSite;261;isAccessible=true;
Constructor.newInstance;<org.springframework.data.repository.core.support.RepositoryFactoryBeanSupport$$Lambda$1096: void <init>()>;java.lang.invoke.InnerClassLambdaMetafactory.buildCallSite;261;isAccessible=true;
Constructor.newInstance;<org.springframework.data.repository.core.support.RepositoryFactoryBeanSupport$$Lambda$1100: void <init>()>;java.lang.invoke.InnerClassLambdaMetafactory.buildCallSite;261;isAccessible=true;
Constructor.newInstance;<org.springframework.data.repository.core.support.RepositoryFactoryBeanSupport$$Lambda$1101: void <init>()>;java.lang.invoke.InnerClassLambdaMetafactory.buildCallSite;261;isAccessible=true;
Constructor.newInstance;<org.springframework.data.repository.core.support.RepositoryFactoryBeanSupport$$Lambda$1102: void <init>()>;java.lang.invoke.InnerClassLambdaMetafactory.buildCallSite;261;isAccessible=true;
Constructor.newInstance;<org.springframework.data.repository.core.support.RepositoryFactoryBeanSupport$$Lambda$1898: void <init>()>;java.lang.invoke.InnerClassLambdaMetafactory.buildCallSite;261;isAccessible=true;
Constructor.newInstance;<org.springframework.data.repository.core.support.RepositoryFactorySupport$RepositoryValidator$$Lambda$1206: void <init>()>;java.lang.invoke.InnerClassLambdaMetafactory.buildCallSite;261;isAccessible=true;
Constructor.newInstance;<org.springframework.data.repository.core.support.RepositoryFactorySupport$RepositoryValidator$$Lambda$1207: void <init>()>;java.lang.invoke.InnerClassLambdaMetafactory.buildCallSite;261;isAccessible=true;
Constructor.newInstance;<org.springframework.data.repository.core.support.RepositoryFactorySupport$RepositoryValidator$$Lambda$1208: void <init>()>;java.lang.invoke.InnerClassLambdaMetafactory.buildCallSite;261;isAccessible=true;
Constructor.newInstance;<org.springframework.data.repository.core.support.RepositoryFactorySupport$RepositoryValidator$$Lambda$1209: void <init>()>;java.lang.invoke.InnerClassLambdaMetafactory.buildCallSite;261;isAccessible=true;
Constructor.newInstance;<org.springframework.data.repository.core.support.RepositoryFragmentsFactoryBean: void <init>(java.util.List)>;org.springframework.beans.BeanUtils.instantiateClass;211;isAccessible=false;
Constructor.newInstance;<org.springframework.data.repository.util.QueryExecutionConverters$$Lambda$1085: void <init>()>;java.lang.invoke.InnerClassLambdaMetafactory.buildCallSite;261;isAccessible=true;
Constructor.newInstance;<org.springframework.data.repository.util.QueryExecutionConverters$AbstractWrapperTypeConverter$$Lambda$1089: void <init>()>;java.lang.invoke.InnerClassLambdaMetafactory.buildCallSite;261;isAccessible=true;
Constructor.newInstance;<org.springframework.data.repository.util.ReactiveWrappers$$Lambda$442: void <init>()>;java.lang.invoke.InnerClassLambdaMetafactory.buildCallSite;261;isAccessible=true;
Constructor.newInstance;<org.springframework.data.repository.util.ReactiveWrappers$$Lambda$443: void <init>()>;java.lang.invoke.InnerClassLambdaMetafactory.buildCallSite;261;isAccessible=true;
Constructor.newInstance;<org.springframework.data.repository.util.ReactiveWrappers$$Lambda$444: void <init>()>;java.lang.invoke.InnerClassLambdaMetafactory.buildCallSite;261;isAccessible=true;
Constructor.newInstance;<org.springframework.data.spel.EvaluationContextProvider$$Lambda$1073: void <init>()>;java.lang.invoke.InnerClassLambdaMetafactory.buildCallSite;261;isAccessible=true;
Constructor.newInstance;<org.springframework.data.util.ClassTypeInformation$$Lambda$433: void <init>()>;java.lang.invoke.InnerClassLambdaMetafactory.buildCallSite;261;isAccessible=true;
Constructor.newInstance;<org.springframework.data.util.ClassTypeInformation$$Lambda$434: void <init>()>;java.lang.invoke.InnerClassLambdaMetafactory.buildCallSite;261;isAccessible=true;
Constructor.newInstance;<org.springframework.data.util.CustomCollections$$Lambda$1079: void <init>()>;java.lang.invoke.InnerClassLambdaMetafactory.buildCallSite;261;isAccessible=true;
Constructor.newInstance;<org.springframework.data.util.CustomCollections$$Lambda$1080: void <init>()>;java.lang.invoke.InnerClassLambdaMetafactory.buildCallSite;261;isAccessible=true;
Constructor.newInstance;<org.springframework.data.util.CustomCollections$$Lambda$1084: void <init>()>;java.lang.invoke.InnerClassLambdaMetafactory.buildCallSite;261;isAccessible=true;
Constructor.newInstance;<org.springframework.data.util.CustomCollections$EclipseCollections: void <init>()>;org.springframework.core.io.support.SpringFactoriesLoader.instantiateFactory;179;isAccessible=true;
Constructor.newInstance;<org.springframework.data.util.CustomCollections$SearchableTypes$$Lambda$1081: void <init>()>;java.lang.invoke.InnerClassLambdaMetafactory.buildCallSite;261;isAccessible=true;
Constructor.newInstance;<org.springframework.data.util.CustomCollections$SearchableTypes$$Lambda$1082: void <init>()>;java.lang.invoke.InnerClassLambdaMetafactory.buildCallSite;261;isAccessible=true;
Constructor.newInstance;<org.springframework.data.util.CustomCollections$SearchableTypes$$Lambda$1083: void <init>()>;java.lang.invoke.InnerClassLambdaMetafactory.buildCallSite;261;isAccessible=true;
Constructor.newInstance;<org.springframework.data.util.CustomCollections$VavrCollections: void <init>()>;org.springframework.core.io.support.SpringFactoriesLoader.instantiateFactory;179;isAccessible=true;
Constructor.newInstance;<org.springframework.data.util.Lazy$$Lambda$420: void <init>()>;java.lang.invoke.InnerClassLambdaMetafactory.buildCallSite;261;isAccessible=true;
Constructor.newInstance;<org.springframework.data.util.NullableUtils$$Lambda$1215: void <init>()>;java.lang.invoke.InnerClassLambdaMetafactory.buildCallSite;261;isAccessible=true;
Constructor.newInstance;<org.springframework.data.util.NullableUtils$$Lambda$1216: void <init>()>;java.lang.invoke.InnerClassLambdaMetafactory.buildCallSite;261;isAccessible=true;
Constructor.newInstance;<org.springframework.data.util.NullableUtils$$Lambda$1217: void <init>()>;java.lang.invoke.InnerClassLambdaMetafactory.buildCallSite;261;isAccessible=true;
Constructor.newInstance;<org.springframework.data.util.NullableWrapperConverters$$Lambda$1176: void <init>()>;java.lang.invoke.InnerClassLambdaMetafactory.buildCallSite;261;isAccessible=true;
Constructor.newInstance;<org.springframework.data.util.NullableWrapperConverters$AbstractWrapperTypeConverter$$Lambda$539: void <init>()>;java.lang.invoke.InnerClassLambdaMetafactory.buildCallSite;261;isAccessible=true;
Constructor.newInstance;<org.springframework.data.util.Optionals$$Lambda$1119: void <init>()>;java.lang.invoke.InnerClassLambdaMetafactory.buildCallSite;261;isAccessible=true;
Constructor.newInstance;<org.springframework.data.util.Optionals$$Lambda$1125: void <init>()>;java.lang.invoke.InnerClassLambdaMetafactory.buildCallSite;261;isAccessible=true;
Constructor.newInstance;<org.springframework.data.util.Optionals$$Lambda$1126: void <init>()>;java.lang.invoke.InnerClassLambdaMetafactory.buildCallSite;261;isAccessible=true;
Constructor.newInstance;<org.springframework.data.util.Optionals$$Lambda$468: void <init>()>;java.lang.invoke.InnerClassLambdaMetafactory.buildCallSite;261;isAccessible=true;
Constructor.newInstance;<org.springframework.data.util.Optionals$$Lambda$469: void <init>()>;java.lang.invoke.InnerClassLambdaMetafactory.buildCallSite;261;isAccessible=true;
Constructor.newInstance;<org.springframework.data.util.Optionals$$Lambda$470: void <init>()>;java.lang.invoke.InnerClassLambdaMetafactory.buildCallSite;261;isAccessible=true;
Constructor.newInstance;<org.springframework.data.util.Pair$$Lambda$1230: void <init>()>;java.lang.invoke.InnerClassLambdaMetafactory.buildCallSite;261;isAccessible=true;
Constructor.newInstance;<org.springframework.data.util.Pair$$Lambda$1231: void <init>()>;java.lang.invoke.InnerClassLambdaMetafactory.buildCallSite;261;isAccessible=true;
Constructor.newInstance;<org.springframework.data.util.ProxyUtils$$Lambda$1105: void <init>()>;java.lang.invoke.InnerClassLambdaMetafactory.buildCallSite;261;isAccessible=true;
Constructor.newInstance;<org.springframework.data.util.ProxyUtils$$Lambda$1106: void <init>()>;java.lang.invoke.InnerClassLambdaMetafactory.buildCallSite;261;isAccessible=true;
Constructor.newInstance;<org.springframework.data.util.StreamUtils$$Lambda$2203: void <init>()>;java.lang.invoke.InnerClassLambdaMetafactory.buildCallSite;261;isAccessible=true;
Constructor.newInstance;<org.springframework.data.util.StreamUtils$$Lambda$453: void <init>()>;java.lang.invoke.InnerClassLambdaMetafactory.buildCallSite;261;isAccessible=true;
Constructor.newInstance;<org.springframework.data.web.config.EnableSpringDataWebSupport$QuerydslActivator: void <init>()>;org.springframework.beans.BeanUtils.instantiateClass;211;isAccessible=false;
Constructor.newInstance;<org.springframework.data.web.config.EnableSpringDataWebSupport$SpringDataWebConfigurationImportSelector$$Lambda$384: void <init>()>;java.lang.invoke.InnerClassLambdaMetafactory.buildCallSite;261;isAccessible=true;
Constructor.newInstance;<org.springframework.data.web.config.EnableSpringDataWebSupport$SpringDataWebConfigurationImportSelector$$Lambda$385: void <init>()>;java.lang.invoke.InnerClassLambdaMetafactory.buildCallSite;261;isAccessible=true;
Constructor.newInstance;<org.springframework.data.web.config.EnableSpringDataWebSupport$SpringDataWebConfigurationImportSelector$$Lambda$386: void <init>()>;java.lang.invoke.InnerClassLambdaMetafactory.buildCallSite;261;isAccessible=true;
Constructor.newInstance;<org.springframework.data.web.config.EnableSpringDataWebSupport$SpringDataWebConfigurationImportSelector$$Lambda$387: void <init>()>;java.lang.invoke.InnerClassLambdaMetafactory.buildCallSite;261;isAccessible=true;
Constructor.newInstance;<org.springframework.data.web.config.EnableSpringDataWebSupport$SpringDataWebConfigurationImportSelector$$Lambda$388: void <init>()>;java.lang.invoke.InnerClassLambdaMetafactory.buildCallSite;261;isAccessible=true;
Constructor.newInstance;<org.springframework.data.web.config.EnableSpringDataWebSupport$SpringDataWebConfigurationImportSelector$$Lambda$389: void <init>()>;java.lang.invoke.InnerClassLambdaMetafactory.buildCallSite;261;isAccessible=true;
Constructor.newInstance;<org.springframework.data.web.config.EnableSpringDataWebSupport$SpringDataWebConfigurationImportSelector: void <init>()>;org.springframework.beans.BeanUtils.instantiateClass;211;isAccessible=false;
Constructor.newInstance;<org.springframework.data.web.config.ProjectingArgumentResolverRegistrar: void <init>()>;org.springframework.beans.BeanUtils.instantiateClass;211;isAccessible=false;
Constructor.newInstance;<org.springframework.data.web.config.SpringDataJacksonConfiguration: void <init>()>;org.springframework.beans.BeanUtils.instantiateClass;211;isAccessible=false;
Constructor.newInstance;<org.springframework.data.web.config.SpringDataWebConfiguration: void <init>(org.springframework.context.ApplicationContext,org.springframework.beans.factory.ObjectFactory)>;org.springframework.beans.BeanUtils.instantiateClass;211;isAccessible=false;
Constructor.newInstance;<org.springframework.expression.spel.support.ReflectiveMethodResolver$$Lambda$2104: void <init>()>;java.lang.invoke.InnerClassLambdaMetafactory.buildCallSite;261;isAccessible=true;
Constructor.newInstance;<org.springframework.expression.spel.support.ReflectiveMethodResolver$$Lambda$2105: void <init>()>;java.lang.invoke.InnerClassLambdaMetafactory.buildCallSite;261;isAccessible=true;
Constructor.newInstance;<org.springframework.expression.spel.support.ReflectivePropertyAccessor$$Lambda$2085: void <init>()>;java.lang.invoke.InnerClassLambdaMetafactory.buildCallSite;261;isAccessible=true;
Constructor.newInstance;<org.springframework.expression.spel.support.ReflectivePropertyAccessor$$Lambda$2086: void <init>()>;java.lang.invoke.InnerClassLambdaMetafactory.buildCallSite;261;isAccessible=true;
Constructor.newInstance;<org.springframework.expression.spel.support.ReflectivePropertyAccessor$$Lambda$2087: void <init>()>;java.lang.invoke.InnerClassLambdaMetafactory.buildCallSite;261;isAccessible=true;
Constructor.newInstance;<org.springframework.expression.spel.support.ReflectivePropertyAccessor$$Lambda$2088: void <init>()>;java.lang.invoke.InnerClassLambdaMetafactory.buildCallSite;261;isAccessible=true;
Constructor.newInstance;<org.springframework.expression.spel.support.ReflectivePropertyAccessor$$Lambda$2091: void <init>()>;java.lang.invoke.InnerClassLambdaMetafactory.buildCallSite;261;isAccessible=true;
Constructor.newInstance;<org.springframework.expression.spel.support.ReflectivePropertyAccessor$$Lambda$2092: void <init>()>;java.lang.invoke.InnerClassLambdaMetafactory.buildCallSite;261;isAccessible=true;
Constructor.newInstance;<org.springframework.expression.spel.support.ReflectivePropertyAccessor$$Lambda$2094: void <init>()>;java.lang.invoke.InnerClassLambdaMetafactory.buildCallSite;261;isAccessible=true;
Constructor.newInstance;<org.springframework.expression.spel.support.ReflectivePropertyAccessor$$Lambda$2096: void <init>()>;java.lang.invoke.InnerClassLambdaMetafactory.buildCallSite;261;isAccessible=true;
Constructor.newInstance;<org.springframework.expression.spel.support.ReflectivePropertyAccessor$$Lambda$2097: void <init>()>;java.lang.invoke.InnerClassLambdaMetafactory.buildCallSite;261;isAccessible=true;
Constructor.newInstance;<org.springframework.expression.spel.support.ReflectivePropertyAccessor$$Lambda$2098: void <init>()>;java.lang.invoke.InnerClassLambdaMetafactory.buildCallSite;261;isAccessible=true;
Constructor.newInstance;<org.springframework.http.MediaType$$Lambda$302: void <init>()>;java.lang.invoke.InnerClassLambdaMetafactory.buildCallSite;261;isAccessible=true;
Constructor.newInstance;<org.springframework.http.converter.xml.Jaxb2RootElementHttpMessageConverter$$Lambda$309: void <init>()>;java.lang.invoke.InnerClassLambdaMetafactory.buildCallSite;261;isAccessible=true;
Constructor.newInstance;<org.springframework.http.converter.xml.SourceHttpMessageConverter$$Lambda$303: void <init>()>;java.lang.invoke.InnerClassLambdaMetafactory.buildCallSite;261;isAccessible=true;
Constructor.newInstance;<org.springframework.http.converter.xml.SourceHttpMessageConverter$$Lambda$304: void <init>()>;java.lang.invoke.InnerClassLambdaMetafactory.buildCallSite;261;isAccessible=true;
Constructor.newInstance;<org.springframework.http.server.DefaultPathContainer$$Lambda$1619: void <init>()>;java.lang.invoke.InnerClassLambdaMetafactory.buildCallSite;261;isAccessible=true;
Constructor.newInstance;<org.springframework.http.server.DefaultPathContainer$$Lambda$1620: void <init>()>;java.lang.invoke.InnerClassLambdaMetafactory.buildCallSite;261;isAccessible=true;
Constructor.newInstance;<org.springframework.http.server.DefaultPathContainer$$Lambda$1621: void <init>()>;java.lang.invoke.InnerClassLambdaMetafactory.buildCallSite;261;isAccessible=true;
Constructor.newInstance;<org.springframework.http.server.DefaultPathContainer$$Lambda$1622: void <init>()>;java.lang.invoke.InnerClassLambdaMetafactory.buildCallSite;261;isAccessible=true;
Constructor.newInstance;<org.springframework.http.server.DefaultPathContainer$$Lambda$1623: void <init>()>;java.lang.invoke.InnerClassLambdaMetafactory.buildCallSite;261;isAccessible=true;
Constructor.newInstance;<org.springframework.http.server.DefaultPathContainer$$Lambda$1624: void <init>()>;java.lang.invoke.InnerClassLambdaMetafactory.buildCallSite;261;isAccessible=true;
Constructor.newInstance;<org.springframework.http.server.DefaultPathContainer$$Lambda$1625: void <init>()>;java.lang.invoke.InnerClassLambdaMetafactory.buildCallSite;261;isAccessible=true;
Constructor.newInstance;<org.springframework.http.server.DefaultPathContainer$$Lambda$1626: void <init>()>;java.lang.invoke.InnerClassLambdaMetafactory.buildCallSite;261;isAccessible=true;
Constructor.newInstance;<org.springframework.http.server.DefaultPathContainer$$Lambda$1627: void <init>()>;java.lang.invoke.InnerClassLambdaMetafactory.buildCallSite;261;isAccessible=true;
Constructor.newInstance;<org.springframework.http.server.DefaultPathContainer$$Lambda$1628: void <init>()>;java.lang.invoke.InnerClassLambdaMetafactory.buildCallSite;261;isAccessible=true;
Constructor.newInstance;<org.springframework.http.server.DefaultPathContainer$$Lambda$1629: void <init>()>;java.lang.invoke.InnerClassLambdaMetafactory.buildCallSite;261;isAccessible=true;
Constructor.newInstance;<org.springframework.http.server.DefaultPathContainer$$Lambda$1630: void <init>()>;java.lang.invoke.InnerClassLambdaMetafactory.buildCallSite;261;isAccessible=true;
Constructor.newInstance;<org.springframework.http.server.DefaultPathContainer$$Lambda$1631: void <init>()>;java.lang.invoke.InnerClassLambdaMetafactory.buildCallSite;261;isAccessible=true;
Constructor.newInstance;<org.springframework.jdbc.core.namedparam.NamedParameterJdbcTemplate$$Lambda$1435: void <init>()>;java.lang.invoke.InnerClassLambdaMetafactory.buildCallSite;261;isAccessible=true;
Constructor.newInstance;<org.springframework.orm.jpa.ExtendedEntityManagerCreator$$Lambda$1093: void <init>()>;java.lang.invoke.InnerClassLambdaMetafactory.buildCallSite;261;isAccessible=true;
Constructor.newInstance;<org.springframework.orm.jpa.support.PersistenceAnnotationBeanPostProcessor: void <init>()>;org.springframework.beans.BeanUtils.instantiateClass;211;isAccessible=false;
Constructor.newInstance;<org.springframework.samples.petclinic.PetClinicApplication$$EnhancerBySpringCGLIB$$915a30a4: void <init>()>;org.springframework.beans.BeanUtils.instantiateClass;211;isAccessible=false;
Constructor.newInstance;<org.springframework.samples.petclinic.owner.Owner: void <init>()>;org.hibernate.engine.internal.UnsavedValueFactory.instantiate;40;isAccessible=true;
Constructor.newInstance;<org.springframework.samples.petclinic.owner.Owner: void <init>()>;org.hibernate.tuple.PojoInstantiator.instantiate;89;isAccessible=true;
Constructor.newInstance;<org.springframework.samples.petclinic.owner.OwnerController: void <init>(org.springframework.samples.petclinic.owner.OwnerRepository)>;org.springframework.beans.BeanUtils.instantiateClass;211;isAccessible=true;
Constructor.newInstance;<org.springframework.samples.petclinic.owner.Pet: void <init>()>;org.hibernate.engine.internal.UnsavedValueFactory.instantiate;40;isAccessible=true;
Constructor.newInstance;<org.springframework.samples.petclinic.owner.Pet: void <init>()>;org.hibernate.tuple.PojoInstantiator.instantiate;89;isAccessible=true;
Constructor.newInstance;<org.springframework.samples.petclinic.owner.PetController: void <init>(org.springframework.samples.petclinic.owner.OwnerRepository)>;org.springframework.beans.BeanUtils.instantiateClass;211;isAccessible=true;
Constructor.newInstance;<org.springframework.samples.petclinic.owner.PetType: void <init>()>;org.hibernate.engine.internal.UnsavedValueFactory.instantiate;40;isAccessible=true;
Constructor.newInstance;<org.springframework.samples.petclinic.owner.PetType: void <init>()>;org.hibernate.tuple.PojoInstantiator.instantiate;89;isAccessible=true;
Constructor.newInstance;<org.springframework.samples.petclinic.owner.PetTypeFormatter: void <init>(org.springframework.samples.petclinic.owner.OwnerRepository)>;org.springframework.beans.BeanUtils.instantiateClass;211;isAccessible=false;
Constructor.newInstance;<org.springframework.samples.petclinic.owner.Visit: void <init>()>;org.hibernate.engine.internal.UnsavedValueFactory.instantiate;40;isAccessible=true;
Constructor.newInstance;<org.springframework.samples.petclinic.owner.Visit: void <init>()>;org.hibernate.tuple.PojoInstantiator.instantiate;89;isAccessible=true;
Constructor.newInstance;<org.springframework.samples.petclinic.owner.VisitController: void <init>(org.springframework.samples.petclinic.owner.OwnerRepository)>;org.springframework.beans.BeanUtils.instantiateClass;211;isAccessible=true;
Constructor.newInstance;<org.springframework.samples.petclinic.system.CacheConfiguration: void <init>()>;org.springframework.beans.BeanUtils.instantiateClass;211;isAccessible=true;
Constructor.newInstance;<org.springframework.samples.petclinic.system.CrashController: void <init>()>;org.springframework.beans.BeanUtils.instantiateClass;211;isAccessible=true;
Constructor.newInstance;<org.springframework.samples.petclinic.system.WelcomeController: void <init>()>;org.springframework.beans.BeanUtils.instantiateClass;211;isAccessible=true;
Constructor.newInstance;<org.springframework.samples.petclinic.vet.Specialty: void <init>()>;org.hibernate.engine.internal.UnsavedValueFactory.instantiate;40;isAccessible=true;
Constructor.newInstance;<org.springframework.samples.petclinic.vet.Specialty: void <init>()>;org.hibernate.tuple.PojoInstantiator.instantiate;89;isAccessible=true;
Constructor.newInstance;<org.springframework.samples.petclinic.vet.Vet: void <init>()>;org.hibernate.engine.internal.UnsavedValueFactory.instantiate;40;isAccessible=true;
Constructor.newInstance;<org.springframework.samples.petclinic.vet.Vet: void <init>()>;org.hibernate.tuple.PojoInstantiator.instantiate;89;isAccessible=true;
Constructor.newInstance;<org.springframework.samples.petclinic.vet.VetController: void <init>(org.springframework.samples.petclinic.vet.VetRepository)>;org.springframework.beans.BeanUtils.instantiateClass;211;isAccessible=true;
Constructor.newInstance;<org.springframework.transaction.annotation.ProxyTransactionManagementConfiguration: void <init>()>;org.springframework.beans.BeanUtils.instantiateClass;211;isAccessible=false;
Constructor.newInstance;<org.springframework.transaction.annotation.TransactionManagementConfigurationSelector: void <init>()>;org.springframework.beans.BeanUtils.instantiateClass;211;isAccessible=false;
Constructor.newInstance;<org.springframework.util.ClassUtils$$Lambda$833: void <init>()>;java.lang.invoke.InnerClassLambdaMetafactory.buildCallSite;261;isAccessible=true;
Constructor.newInstance;<org.springframework.util.MimeTypeUtils$$Lambda$1330: void <init>()>;java.lang.invoke.InnerClassLambdaMetafactory.buildCallSite;261;isAccessible=true;
Constructor.newInstance;<org.springframework.util.MultiValueMapAdapter$$Lambda$93: void <init>()>;java.lang.invoke.InnerClassLambdaMetafactory.buildCallSite;261;isAccessible=true;
Constructor.newInstance;<org.springframework.util.ReflectionUtils$$Lambda$90: void <init>()>;java.lang.invoke.InnerClassLambdaMetafactory.buildCallSite;261;isAccessible=true;
Constructor.newInstance;<org.springframework.util.ReflectionUtils$$Lambda$91: void <init>()>;java.lang.invoke.InnerClassLambdaMetafactory.buildCallSite;261;isAccessible=true;
Constructor.newInstance;<org.springframework.web.accept.ContentNegotiationManager$$Lambda$1317: void <init>()>;java.lang.invoke.InnerClassLambdaMetafactory.buildCallSite;261;isAccessible=true;
Constructor.newInstance;<org.springframework.web.accept.MappingMediaTypeFileExtensionResolver$$Lambda$1292: void <init>()>;java.lang.invoke.InnerClassLambdaMetafactory.buildCallSite;261;isAccessible=true;
Constructor.newInstance;<org.springframework.web.servlet.config.annotation.InterceptorRegistry$$Lambda$1321: void <init>()>;java.lang.invoke.InnerClassLambdaMetafactory.buildCallSite;261;isAccessible=true;
Constructor.newInstance;<org.springframework.web.servlet.config.annotation.InterceptorRegistry$$Lambda$1322: void <init>()>;java.lang.invoke.InnerClassLambdaMetafactory.buildCallSite;261;isAccessible=true;
Constructor.newInstance;<org.springframework.web.servlet.function.support.RouterFunctionMapping$$Lambda$1335: void <init>()>;java.lang.invoke.InnerClassLambdaMetafactory.buildCallSite;261;isAccessible=true;
Constructor.newInstance;<org.springframework.web.servlet.function.support.RouterFunctionMapping$$Lambda$1336: void <init>()>;java.lang.invoke.InnerClassLambdaMetafactory.buildCallSite;261;isAccessible=true;
Constructor.newInstance;<org.springframework.web.servlet.handler.AbstractHandlerMethodMapping$$Lambda$1333: void <init>()>;java.lang.invoke.InnerClassLambdaMetafactory.buildCallSite;261;isAccessible=true;
Constructor.newInstance;<org.springframework.web.servlet.handler.AbstractHandlerMethodMapping$$Lambda$1334: void <init>()>;java.lang.invoke.InnerClassLambdaMetafactory.buildCallSite;261;isAccessible=true;
Constructor.newInstance;<org.springframework.web.servlet.mvc.method.annotation.RequestMappingHandlerAdapter$$Lambda$1295: void <init>()>;java.lang.invoke.InnerClassLambdaMetafactory.buildCallSite;261;isAccessible=true;
Constructor.newInstance;<org.springframework.web.servlet.mvc.method.annotation.RequestMappingHandlerAdapter$$Lambda$1296: void <init>()>;java.lang.invoke.InnerClassLambdaMetafactory.buildCallSite;261;isAccessible=true;
Constructor.newInstance;<org.springframework.web.servlet.view.AbstractCachingViewResolver$$Lambda$1361: void <init>()>;java.lang.invoke.InnerClassLambdaMetafactory.buildCallSite;261;isAccessible=true;
Constructor.newInstance;<org.springframework.web.util.ServletRequestPathUtils$$Lambda$1574: void <init>()>;java.lang.invoke.InnerClassLambdaMetafactory.buildCallSite;261;isAccessible=true;
Constructor.newInstance;<org.springframework.web.util.ServletRequestPathUtils$$Lambda$1575: void <init>()>;java.lang.invoke.InnerClassLambdaMetafactory.buildCallSite;261;isAccessible=true;
Constructor.newInstance;<org.springframework.web.util.ServletRequestPathUtils$$Lambda$1576: void <init>()>;java.lang.invoke.InnerClassLambdaMetafactory.buildCallSite;261;isAccessible=true;
Constructor.newInstance;<org.springframework.web.util.ServletRequestPathUtils$$Lambda$1577: void <init>()>;java.lang.invoke.InnerClassLambdaMetafactory.buildCallSite;261;isAccessible=true;
Constructor.newInstance;<org.springframework.web.util.ServletRequestPathUtils$$Lambda$1578: void <init>()>;java.lang.invoke.InnerClassLambdaMetafactory.buildCallSite;261;isAccessible=true;
Constructor.newInstance;<org.springframework.web.util.pattern.PathPattern$$Lambda$1326: void <init>()>;java.lang.invoke.InnerClassLambdaMetafactory.buildCallSite;261;isAccessible=true;
Constructor.newInstance;<org.springframework.web.util.pattern.PathPattern$$Lambda$1327: void <init>()>;java.lang.invoke.InnerClassLambdaMetafactory.buildCallSite;261;isAccessible=true;
Constructor.newInstance;<org.springframework.web.util.pattern.PathPattern$$Lambda$1328: void <init>()>;java.lang.invoke.InnerClassLambdaMetafactory.buildCallSite;261;isAccessible=true;
Constructor.newInstance;<org.springframework.web.util.pattern.PathPattern$$Lambda$1329: void <init>()>;java.lang.invoke.InnerClassLambdaMetafactory.buildCallSite;261;isAccessible=true;
Constructor.newInstance;<org.thymeleaf.spring5.context.webmvc.SpringWebMvcThymeleafRequestContext$$Lambda$2116: void <init>()>;java.lang.invoke.InnerClassLambdaMetafactory.buildCallSite;261;isAccessible=true;
Constructor.newInstance;<org.thymeleaf.spring5.context.webmvc.SpringWebMvcThymeleafRequestContext$$Lambda$2117: void <init>()>;java.lang.invoke.InnerClassLambdaMetafactory.buildCallSite;261;isAccessible=true;
Constructor.newInstance;<org.thymeleaf.spring5.context.webmvc.SpringWebMvcThymeleafRequestContext$$Lambda$2118: void <init>()>;java.lang.invoke.InnerClassLambdaMetafactory.buildCallSite;261;isAccessible=true;
Constructor.newInstance;<org.thymeleaf.spring5.context.webmvc.SpringWebMvcThymeleafRequestContext$$Lambda$2119: void <init>()>;java.lang.invoke.InnerClassLambdaMetafactory.buildCallSite;261;isAccessible=true;
Constructor.newInstance;<org.thymeleaf.spring5.context.webmvc.SpringWebMvcThymeleafRequestContext$$Lambda$2120: void <init>()>;java.lang.invoke.InnerClassLambdaMetafactory.buildCallSite;261;isAccessible=true;
Constructor.newInstance;<org.thymeleaf.spring5.context.webmvc.SpringWebMvcThymeleafRequestContext$$Lambda$2121: void <init>()>;java.lang.invoke.InnerClassLambdaMetafactory.buildCallSite;261;isAccessible=true;
Constructor.newInstance;<org.thymeleaf.spring5.context.webmvc.SpringWebMvcThymeleafRequestContext$$Lambda$2122: void <init>()>;java.lang.invoke.InnerClassLambdaMetafactory.buildCallSite;261;isAccessible=true;
Constructor.newInstance;<org.thymeleaf.spring5.context.webmvc.SpringWebMvcThymeleafRequestContext$$Lambda$2123: void <init>()>;java.lang.invoke.InnerClassLambdaMetafactory.buildCallSite;261;isAccessible=true;
Constructor.newInstance;<org.thymeleaf.spring5.context.webmvc.SpringWebMvcThymeleafRequestContext$$Lambda$2124: void <init>()>;java.lang.invoke.InnerClassLambdaMetafactory.buildCallSite;261;isAccessible=true;
Constructor.newInstance;<org.thymeleaf.spring5.context.webmvc.SpringWebMvcThymeleafRequestContext$$Lambda$2125: void <init>()>;java.lang.invoke.InnerClassLambdaMetafactory.buildCallSite;261;isAccessible=true;
Constructor.newInstance;<org.thymeleaf.spring5.context.webmvc.SpringWebMvcThymeleafRequestContext$$Lambda$2126: void <init>()>;java.lang.invoke.InnerClassLambdaMetafactory.buildCallSite;261;isAccessible=true;
Constructor.newInstance;<org.thymeleaf.spring5.context.webmvc.SpringWebMvcThymeleafRequestContext$$Lambda$2127: void <init>()>;java.lang.invoke.InnerClassLambdaMetafactory.buildCallSite;261;isAccessible=true;
Constructor.newInstance;<org.thymeleaf.spring5.context.webmvc.SpringWebMvcThymeleafRequestContext$$Lambda$2128: void <init>()>;java.lang.invoke.InnerClassLambdaMetafactory.buildCallSite;261;isAccessible=true;
Constructor.newInstance;<org.thymeleaf.spring5.context.webmvc.SpringWebMvcThymeleafRequestContext$$Lambda$2129: void <init>()>;java.lang.invoke.InnerClassLambdaMetafactory.buildCallSite;261;isAccessible=true;
Constructor.newInstance;<org.thymeleaf.spring5.context.webmvc.SpringWebMvcThymeleafRequestContext$$Lambda$2130: void <init>()>;java.lang.invoke.InnerClassLambdaMetafactory.buildCallSite;261;isAccessible=true;
Constructor.newInstance;<org.thymeleaf.spring5.context.webmvc.SpringWebMvcThymeleafRequestContext$$Lambda$2131: void <init>()>;java.lang.invoke.InnerClassLambdaMetafactory.buildCallSite;261;isAccessible=true;
Constructor.newInstance;<org.thymeleaf.spring5.view.ThymeleafView: void <init>()>;org.springframework.beans.BeanUtils.instantiateClass;211;isAccessible=false;
Constructor.newInstance;<org.thymeleaf.standard.expression.AdditionExpression: void <init>(org.thymeleaf.standard.expression.IStandardExpression,org.thymeleaf.standard.expression.IStandardExpression)>;org.thymeleaf.standard.expression.BinaryOperationExpression.doComposeBinaryOperationExpression;206;isAccessible=false;
Constructor.newInstance;<sun.management.ManagementFactoryHelper$$Lambda$750: void <init>()>;java.lang.invoke.InnerClassLambdaMetafactory.buildCallSite;261;isAccessible=true;
Constructor.newInstance;<sun.management.ManagementFactoryHelper$$Lambda$751: void <init>()>;java.lang.invoke.InnerClassLambdaMetafactory.buildCallSite;261;isAccessible=true;
Constructor.newInstance;<sun.management.ManagementFactoryHelper$$Lambda$779: void <init>()>;java.lang.invoke.InnerClassLambdaMetafactory.buildCallSite;261;isAccessible=true;
Constructor.newInstance;<sun.nio.ch.DatagramSocketAdaptor$DatagramSockets$$Lambda$55: void <init>()>;java.lang.invoke.InnerClassLambdaMetafactory.buildCallSite;261;isAccessible=true;
Constructor.newInstance;<sun.nio.ch.DefaultSelectorProvider$$Lambda$53: void <init>()>;java.lang.invoke.InnerClassLambdaMetafactory.buildCallSite;261;isAccessible=true;
Constructor.newInstance;<sun.reflect.annotation.AnnotationInvocationHandler$$Lambda$2143: void <init>()>;java.lang.invoke.InnerClassLambdaMetafactory.buildCallSite;261;isAccessible=true;
Constructor.newInstance;<sun.security.ec.SunEC: void <init>()>;java.util.ServiceLoader$ProviderImpl.newInstance;789;isAccessible=true;
Constructor.newInstance;<sun.security.jgss.SunProvider: void <init>()>;java.util.ServiceLoader$ProviderImpl.newInstance;789;isAccessible=true;
Constructor.newInstance;<sun.security.pkcs11.SunPKCS11: void <init>()>;java.util.ServiceLoader$ProviderImpl.newInstance;789;isAccessible=true;
Constructor.newInstance;<sun.security.provider.MD5: void <init>()>;java.security.Provider$Service.newInstanceOf;1879;isAccessible=false;
Constructor.newInstance;<sun.security.provider.NativePRNG: void <init>()>;java.security.Provider$Service.newInstanceOf;1879;isAccessible=false;
Constructor.newInstance;<sun.security.provider.SHA2$SHA256: void <init>()>;java.security.Provider$Service.newInstanceOf;1879;isAccessible=false;
Constructor.newInstance;<sun.security.provider.SHA: void <init>()>;java.security.Provider$Service.newInstanceOf;1879;isAccessible=false;
Constructor.newInstance;<sun.security.provider.SecureRandom: void <init>()>;java.security.Provider$Service.newInstanceOf;1879;isAccessible=false;
Constructor.newInstance;<sun.security.provider.certpath.ldap.JdkLDAP: void <init>()>;java.util.ServiceLoader$ProviderImpl.newInstance;789;isAccessible=true;
Constructor.newInstance;<sun.security.smartcardio.SunPCSC: void <init>()>;java.util.ServiceLoader$ProviderImpl.newInstance;789;isAccessible=true;
Constructor.newInstance;<sun.text.resources.cldr.FormatData: void <init>()>;java.util.ResourceBundle$ResourceBundleProviderHelper.newResourceBundle;3586;isAccessible=true;
Constructor.newInstance;<sun.text.resources.cldr.FormatData_en: void <init>()>;java.util.ResourceBundle$ResourceBundleProviderHelper.newResourceBundle;3586;isAccessible=true;
Constructor.newInstance;<sun.util.cldr.CLDRLocaleProviderAdapter$$Lambda$51: void <init>()>;java.lang.invoke.InnerClassLambdaMetafactory.buildCallSite;261;isAccessible=true;
Constructor.newInstance;<sun.util.cldr.CLDRLocaleProviderAdapter: void <init>()>;sun.util.locale.provider.LocaleProviderAdapter.forType;188;isAccessible=false;
Constructor.newInstance;<sun.util.locale.provider.JRELocaleProviderAdapter: void <init>()>;sun.util.locale.provider.LocaleProviderAdapter.forType;188;isAccessible=false;
Constructor.newInstance;<sun.util.logging.internal.LoggingProviderImpl: void <init>()>;java.util.ServiceLoader$ProviderImpl.newInstance;789;isAccessible=true;
Constructor.newInstance;<sun.util.resources.TimeZoneNames: void <init>()>;java.util.ResourceBundle$ResourceBundleProviderHelper.newResourceBundle;3586;isAccessible=true;
Constructor.newInstance;<sun.util.resources.TimeZoneNames_en: void <init>()>;java.util.ResourceBundle$ResourceBundleProviderHelper.newResourceBundle;3586;isAccessible=true;
Constructor.newInstance;<sun.util.resources.cldr.CalendarData: void <init>()>;java.util.ResourceBundle$ResourceBundleProviderHelper.newResourceBundle;3586;isAccessible=true;
Constructor.newInstance;<sun.util.resources.cldr.TimeZoneNames: void <init>()>;java.util.ResourceBundle$ResourceBundleProviderHelper.newResourceBundle;3586;isAccessible=true;
Constructor.newInstance;<sun.util.resources.cldr.TimeZoneNames_en: void <init>()>;java.util.ResourceBundle$ResourceBundleProviderHelper.newResourceBundle;3586;isAccessible=true;
Constructor.newInstance;<sun.util.resources.cldr.provider.CLDRLocaleDataMetaInfo: void <init>()>;java.util.ServiceLoader$ProviderImpl.newInstance;789;isAccessible=true;
Constructor.newInstance;<sun.util.resources.provider.LocaleDataProvider: void <init>()>;java.util.ServiceLoader$ProviderImpl.newInstance;789;isAccessible=true;
Constructor.newInstance;<sun.util.resources.provider.NonBaseLocaleDataMetaInfo: void <init>()>;java.util.ServiceLoader$ProviderImpl.newInstance;789;isAccessible=true;
Field.get*;<com.sun.management.GcInfo: com.sun.management.internal.GcInfoBuilder builder>;com.sun.management.internal.GarbageCollectionNotifInfoCompositeData$1.run;74;isAccessible=true;
Field.get*;<com.sun.management.GcInfo: com.sun.management.internal.GcInfoBuilder builder>;com.sun.management.internal.GcInfoCompositeData$1.run;78;isAccessible=true;
Field.get*;<com.sun.management.GcInfo: java.lang.Object[] extAttributes>;com.sun.management.internal.GcInfoCompositeData$2.run;91;isAccessible=true;
Field.get*;<com.zaxxer.hikari.HikariDataSource: com.zaxxer.hikari.pool.HikariPool pool>;org.springframework.beans.DirectFieldAccessor$FieldPropertyHandler.getValue;130;isAccessible=true;
Field.get*;<java.lang.Boolean: java.lang.Class TYPE>;com.sun.jmx.mbeanserver.DefaultMXBeanMappingFactory.<clinit>;216;isAccessible=false;
Field.get*;<java.lang.Boolean: java.lang.Class TYPE>;sun.management.MappedMXBeanType.<clinit>;834;isAccessible=false;
Field.get*;<java.lang.Byte: java.lang.Class TYPE>;com.sun.jmx.mbeanserver.DefaultMXBeanMappingFactory.<clinit>;216;isAccessible=false;
Field.get*;<java.lang.Byte: java.lang.Class TYPE>;sun.management.MappedMXBeanType.<clinit>;834;isAccessible=false;
Field.get*;<java.lang.Character: java.lang.Class TYPE>;com.sun.jmx.mbeanserver.DefaultMXBeanMappingFactory.<clinit>;216;isAccessible=false;
Field.get*;<java.lang.Character: java.lang.Class TYPE>;sun.management.MappedMXBeanType.<clinit>;834;isAccessible=false;
Field.get*;<java.lang.Double: java.lang.Class TYPE>;com.sun.jmx.mbeanserver.DefaultMXBeanMappingFactory.<clinit>;216;isAccessible=false;
Field.get*;<java.lang.Double: java.lang.Class TYPE>;sun.management.MappedMXBeanType.<clinit>;834;isAccessible=false;
Field.get*;<java.lang.Float: java.lang.Class TYPE>;com.sun.jmx.mbeanserver.DefaultMXBeanMappingFactory.<clinit>;216;isAccessible=false;
Field.get*;<java.lang.Float: java.lang.Class TYPE>;sun.management.MappedMXBeanType.<clinit>;834;isAccessible=false;
Field.get*;<java.lang.Integer: java.lang.Class TYPE>;com.sun.jmx.mbeanserver.DefaultMXBeanMappingFactory.<clinit>;216;isAccessible=false;
Field.get*;<java.lang.Integer: java.lang.Class TYPE>;sun.management.MappedMXBeanType.<clinit>;834;isAccessible=false;
Field.get*;<java.lang.Integer: long serialVersionUID>;java.io.ObjectStreamClass.getDeclaredSUID;1713;isAccessible=true;
Field.get*;<java.lang.Long: java.lang.Class TYPE>;com.sun.jmx.mbeanserver.DefaultMXBeanMappingFactory.<clinit>;216;isAccessible=false;
Field.get*;<java.lang.Long: java.lang.Class TYPE>;sun.management.MappedMXBeanType.<clinit>;834;isAccessible=false;
Field.get*;<java.lang.Number: long serialVersionUID>;java.io.ObjectStreamClass.getDeclaredSUID;1713;isAccessible=true;
Field.get*;<java.lang.Short: java.lang.Class TYPE>;com.sun.jmx.mbeanserver.DefaultMXBeanMappingFactory.<clinit>;216;isAccessible=false;
Field.get*;<java.lang.Short: java.lang.Class TYPE>;sun.management.MappedMXBeanType.<clinit>;834;isAccessible=false;
Field.get*;<java.lang.String: java.io.ObjectStreamField[] serialPersistentFields>;java.io.ObjectStreamClass.getDeclaredSerialFields;1640;isAccessible=true;
Field.get*;<java.lang.String: long serialVersionUID>;java.io.ObjectStreamClass.getDeclaredSUID;1713;isAccessible=true;
Field.get*;<java.lang.Void: java.lang.Class TYPE>;com.sun.jmx.mbeanserver.DefaultMXBeanMappingFactory.<clinit>;216;isAccessible=false;
Field.get*;<java.lang.Void: java.lang.Class TYPE>;sun.management.MappedMXBeanType.<clinit>;834;isAccessible=false;
Field.get*;<java.util.ArrayList: long serialVersionUID>;java.io.ObjectStreamClass.getDeclaredSUID;1713;isAccessible=true;
Field.get*;<java.util.Arrays$ArrayList: long serialVersionUID>;java.io.ObjectStreamClass.getDeclaredSUID;1713;isAccessible=true;
Field.get*;<java.util.HashMap: long serialVersionUID>;java.io.ObjectStreamClass.getDeclaredSUID;1713;isAccessible=true;
Field.get*;<java.util.HashSet: long serialVersionUID>;java.io.ObjectStreamClass.getDeclaredSUID;1713;isAccessible=true;
Field.get*;<jdk.internal.loader.BuiltinClassLoader: jdk.internal.loader.URLClassPath ucp>;nonapi.io.github.classgraph.reflection.StandardReflectionDriver.getField;124;isAccessible=true;
Field.get*;<nonapi.io.github.classgraph.scanspec.ScanSpec: nonapi.io.github.classgraph.scanspec.AcceptReject$AcceptRejectLeafname jarAcceptReject>;nonapi.io.github.classgraph.scanspec.ScanSpec.sortPrefixes;275;isAccessible=false;
Field.get*;<nonapi.io.github.classgraph.scanspec.ScanSpec: nonapi.io.github.classgraph.scanspec.AcceptReject$AcceptRejectLeafname libOrExtJarAcceptReject>;nonapi.io.github.classgraph.scanspec.ScanSpec.sortPrefixes;275;isAccessible=false;
Field.get*;<nonapi.io.github.classgraph.scanspec.ScanSpec: nonapi.io.github.classgraph.scanspec.AcceptReject$AcceptRejectPrefix packagePrefixAcceptReject>;nonapi.io.github.classgraph.scanspec.ScanSpec.sortPrefixes;275;isAccessible=false;
Field.get*;<nonapi.io.github.classgraph.scanspec.ScanSpec: nonapi.io.github.classgraph.scanspec.AcceptReject$AcceptRejectPrefix pathPrefixAcceptReject>;nonapi.io.github.classgraph.scanspec.ScanSpec.sortPrefixes;275;isAccessible=false;
Field.get*;<nonapi.io.github.classgraph.scanspec.ScanSpec: nonapi.io.github.classgraph.scanspec.AcceptReject$AcceptRejectWholeString classAcceptReject>;nonapi.io.github.classgraph.scanspec.ScanSpec.sortPrefixes;275;isAccessible=false;
Field.get*;<nonapi.io.github.classgraph.scanspec.ScanSpec: nonapi.io.github.classgraph.scanspec.AcceptReject$AcceptRejectWholeString classPackageAcceptReject>;nonapi.io.github.classgraph.scanspec.ScanSpec.sortPrefixes;275;isAccessible=false;
Field.get*;<nonapi.io.github.classgraph.scanspec.ScanSpec: nonapi.io.github.classgraph.scanspec.AcceptReject$AcceptRejectWholeString classPackagePathAcceptReject>;nonapi.io.github.classgraph.scanspec.ScanSpec.sortPrefixes;275;isAccessible=false;
Field.get*;<nonapi.io.github.classgraph.scanspec.ScanSpec: nonapi.io.github.classgraph.scanspec.AcceptReject$AcceptRejectWholeString classfilePathAcceptReject>;nonapi.io.github.classgraph.scanspec.ScanSpec.sortPrefixes;275;isAccessible=false;
Field.get*;<nonapi.io.github.classgraph.scanspec.ScanSpec: nonapi.io.github.classgraph.scanspec.AcceptReject$AcceptRejectWholeString classpathElementResourcePathAcceptReject>;nonapi.io.github.classgraph.scanspec.ScanSpec.sortPrefixes;275;isAccessible=false;
Field.get*;<nonapi.io.github.classgraph.scanspec.ScanSpec: nonapi.io.github.classgraph.scanspec.AcceptReject$AcceptRejectWholeString moduleAcceptReject>;nonapi.io.github.classgraph.scanspec.ScanSpec.sortPrefixes;275;isAccessible=false;
Field.get*;<nonapi.io.github.classgraph.scanspec.ScanSpec: nonapi.io.github.classgraph.scanspec.AcceptReject$AcceptRejectWholeString packageAcceptReject>;nonapi.io.github.classgraph.scanspec.ScanSpec.sortPrefixes;275;isAccessible=false;
Field.get*;<nonapi.io.github.classgraph.scanspec.ScanSpec: nonapi.io.github.classgraph.scanspec.AcceptReject$AcceptRejectWholeString pathAcceptReject>;nonapi.io.github.classgraph.scanspec.ScanSpec.sortPrefixes;275;isAccessible=false;
Field.get*;<org.ehcache.shadow.org.terracotta.statistics.AbstractOperationStatistic: java.lang.Class type>;org.ehcache.shadow.org.terracotta.context.extractor.ObjectContextExtractor.createFieldAttributeGetter;98;isAccessible=true;
Field.get*;<org.ehcache.shadow.org.terracotta.statistics.AbstractOperationStatistic: java.lang.String name>;org.ehcache.shadow.org.terracotta.context.extractor.ObjectContextExtractor.createFieldAttributeGetter;98;isAccessible=true;
Field.get*;<org.ehcache.shadow.org.terracotta.statistics.AbstractOperationStatistic: java.util.Map properties>;org.ehcache.shadow.org.terracotta.context.extractor.ObjectContextExtractor.createFieldAttributeGetter;98;isAccessible=true;
Field.get*;<org.ehcache.shadow.org.terracotta.statistics.AbstractOperationStatistic: java.util.Set tags>;org.ehcache.shadow.org.terracotta.context.extractor.ObjectContextExtractor.createFieldAttributeGetter;98;isAccessible=true;
Field.get*;<org.ehcache.shadow.org.terracotta.statistics.MappedOperationStatistic: java.lang.Class outcomeType>;org.ehcache.shadow.org.terracotta.context.extractor.ObjectContextExtractor.createFieldAttributeGetter;98;isAccessible=true;
Field.get*;<org.ehcache.shadow.org.terracotta.statistics.MappedOperationStatistic: java.lang.String name>;org.ehcache.shadow.org.terracotta.context.extractor.ObjectContextExtractor.createFieldAttributeGetter;98;isAccessible=true;
Field.get*;<org.ehcache.shadow.org.terracotta.statistics.MappedOperationStatistic: java.util.Map properties>;org.ehcache.shadow.org.terracotta.context.extractor.ObjectContextExtractor.createFieldAttributeGetter;98;isAccessible=true;
Field.get*;<org.ehcache.shadow.org.terracotta.statistics.MappedOperationStatistic: java.util.Set tags>;org.ehcache.shadow.org.terracotta.context.extractor.ObjectContextExtractor.createFieldAttributeGetter;98;isAccessible=true;
Field.get*;<org.ehcache.shadow.org.terracotta.statistics.PassThroughStatistic: java.lang.String name>;org.ehcache.shadow.org.terracotta.context.extractor.ObjectContextExtractor.createFieldAttributeGetter;98;isAccessible=true;
Field.get*;<org.ehcache.shadow.org.terracotta.statistics.PassThroughStatistic: java.util.Map properties>;org.ehcache.shadow.org.terracotta.context.extractor.ObjectContextExtractor.createFieldAttributeGetter;98;isAccessible=true;
Field.get*;<org.ehcache.shadow.org.terracotta.statistics.PassThroughStatistic: java.util.Set tags>;org.ehcache.shadow.org.terracotta.context.extractor.ObjectContextExtractor.createFieldAttributeGetter;98;isAccessible=true;
Field.get*;<org.ehcache.shadow.org.terracotta.statistics.PassThroughStatistic: org.ehcache.shadow.org.terracotta.statistics.StatisticType type>;org.ehcache.shadow.org.terracotta.context.extractor.ObjectContextExtractor.createFieldAttributeGetter;98;isAccessible=true;
Field.get*;<org.h2.engine.Constants: int BUILD_ID>;org.hibernate.dialect.H2Dialect.<init>;100;isAccessible=false;
Field.get*;<org.h2.engine.Constants: int VERSION_MAJOR>;org.hibernate.dialect.H2Dialect.<init>;98;isAccessible=false;
Field.get*;<org.h2.engine.Constants: int VERSION_MINOR>;org.hibernate.dialect.H2Dialect.<init>;99;isAccessible=false;
Field.get*;<org.hibernate.event.spi.EventType: org.hibernate.event.spi.EventType AUTO_FLUSH>;org.hibernate.event.spi.EventType$1.run;95;isAccessible=false;
Field.get*;<org.hibernate.event.spi.EventType: org.hibernate.event.spi.EventType CLEAR>;org.hibernate.event.spi.EventType$1.run;95;isAccessible=false;
Field.get*;<org.hibernate.event.spi.EventType: org.hibernate.event.spi.EventType DELETE>;org.hibernate.event.spi.EventType$1.run;95;isAccessible=false;
Field.get*;<org.hibernate.event.spi.EventType: org.hibernate.event.spi.EventType DIRTY_CHECK>;org.hibernate.event.spi.EventType$1.run;95;isAccessible=false;
Field.get*;<org.hibernate.event.spi.EventType: org.hibernate.event.spi.EventType EVICT>;org.hibernate.event.spi.EventType$1.run;95;isAccessible=false;
Field.get*;<org.hibernate.event.spi.EventType: org.hibernate.event.spi.EventType FLUSH>;org.hibernate.event.spi.EventType$1.run;95;isAccessible=false;
Field.get*;<org.hibernate.event.spi.EventType: org.hibernate.event.spi.EventType FLUSH_ENTITY>;org.hibernate.event.spi.EventType$1.run;95;isAccessible=false;
Field.get*;<org.hibernate.event.spi.EventType: org.hibernate.event.spi.EventType INIT_COLLECTION>;org.hibernate.event.spi.EventType$1.run;95;isAccessible=false;
Field.get*;<org.hibernate.event.spi.EventType: org.hibernate.event.spi.EventType LOAD>;org.hibernate.event.spi.EventType$1.run;95;isAccessible=false;
Field.get*;<org.hibernate.event.spi.EventType: org.hibernate.event.spi.EventType LOCK>;org.hibernate.event.spi.EventType$1.run;95;isAccessible=false;
Field.get*;<org.hibernate.event.spi.EventType: org.hibernate.event.spi.EventType MERGE>;org.hibernate.event.spi.EventType$1.run;95;isAccessible=false;
Field.get*;<org.hibernate.event.spi.EventType: org.hibernate.event.spi.EventType PERSIST>;org.hibernate.event.spi.EventType$1.run;95;isAccessible=false;
Field.get*;<org.hibernate.event.spi.EventType: org.hibernate.event.spi.EventType PERSIST_ONFLUSH>;org.hibernate.event.spi.EventType$1.run;95;isAccessible=false;
Field.get*;<org.hibernate.event.spi.EventType: org.hibernate.event.spi.EventType POST_COLLECTION_RECREATE>;org.hibernate.event.spi.EventType$1.run;95;isAccessible=false;
Field.get*;<org.hibernate.event.spi.EventType: org.hibernate.event.spi.EventType POST_COLLECTION_REMOVE>;org.hibernate.event.spi.EventType$1.run;95;isAccessible=false;
Field.get*;<org.hibernate.event.spi.EventType: org.hibernate.event.spi.EventType POST_COLLECTION_UPDATE>;org.hibernate.event.spi.EventType$1.run;95;isAccessible=false;
Field.get*;<org.hibernate.event.spi.EventType: org.hibernate.event.spi.EventType POST_COMMIT_DELETE>;org.hibernate.event.spi.EventType$1.run;95;isAccessible=false;
Field.get*;<org.hibernate.event.spi.EventType: org.hibernate.event.spi.EventType POST_COMMIT_INSERT>;org.hibernate.event.spi.EventType$1.run;95;isAccessible=false;
Field.get*;<org.hibernate.event.spi.EventType: org.hibernate.event.spi.EventType POST_COMMIT_UPDATE>;org.hibernate.event.spi.EventType$1.run;95;isAccessible=false;
Field.get*;<org.hibernate.event.spi.EventType: org.hibernate.event.spi.EventType POST_DELETE>;org.hibernate.event.spi.EventType$1.run;95;isAccessible=false;
Field.get*;<org.hibernate.event.spi.EventType: org.hibernate.event.spi.EventType POST_INSERT>;org.hibernate.event.spi.EventType$1.run;95;isAccessible=false;
Field.get*;<org.hibernate.event.spi.EventType: org.hibernate.event.spi.EventType POST_LOAD>;org.hibernate.event.spi.EventType$1.run;95;isAccessible=false;
Field.get*;<org.hibernate.event.spi.EventType: org.hibernate.event.spi.EventType POST_UPDATE>;org.hibernate.event.spi.EventType$1.run;95;isAccessible=false;
Field.get*;<org.hibernate.event.spi.EventType: org.hibernate.event.spi.EventType PRE_COLLECTION_RECREATE>;org.hibernate.event.spi.EventType$1.run;95;isAccessible=false;
Field.get*;<org.hibernate.event.spi.EventType: org.hibernate.event.spi.EventType PRE_COLLECTION_REMOVE>;org.hibernate.event.spi.EventType$1.run;95;isAccessible=false;
Field.get*;<org.hibernate.event.spi.EventType: org.hibernate.event.spi.EventType PRE_COLLECTION_UPDATE>;org.hibernate.event.spi.EventType$1.run;95;isAccessible=false;
Field.get*;<org.hibernate.event.spi.EventType: org.hibernate.event.spi.EventType PRE_DELETE>;org.hibernate.event.spi.EventType$1.run;95;isAccessible=false;
Field.get*;<org.hibernate.event.spi.EventType: org.hibernate.event.spi.EventType PRE_INSERT>;org.hibernate.event.spi.EventType$1.run;95;isAccessible=false;
Field.get*;<org.hibernate.event.spi.EventType: org.hibernate.event.spi.EventType PRE_LOAD>;org.hibernate.event.spi.EventType$1.run;95;isAccessible=false;
Field.get*;<org.hibernate.event.spi.EventType: org.hibernate.event.spi.EventType PRE_UPDATE>;org.hibernate.event.spi.EventType$1.run;95;isAccessible=false;
Field.get*;<org.hibernate.event.spi.EventType: org.hibernate.event.spi.EventType REFRESH>;org.hibernate.event.spi.EventType$1.run;95;isAccessible=false;
Field.get*;<org.hibernate.event.spi.EventType: org.hibernate.event.spi.EventType REPLICATE>;org.hibernate.event.spi.EventType$1.run;95;isAccessible=false;
Field.get*;<org.hibernate.event.spi.EventType: org.hibernate.event.spi.EventType RESOLVE_NATURAL_ID>;org.hibernate.event.spi.EventType$1.run;95;isAccessible=false;
Field.get*;<org.hibernate.event.spi.EventType: org.hibernate.event.spi.EventType SAVE>;org.hibernate.event.spi.EventType$1.run;95;isAccessible=false;
Field.get*;<org.hibernate.event.spi.EventType: org.hibernate.event.spi.EventType SAVE_UPDATE>;org.hibernate.event.spi.EventType$1.run;95;isAccessible=false;
Field.get*;<org.hibernate.event.spi.EventType: org.hibernate.event.spi.EventType UPDATE>;org.hibernate.event.spi.EventType$1.run;95;isAccessible=false;
Field.get*;<org.hibernate.validator.internal.util.logging.Messages_$bundle: org.hibernate.validator.internal.util.logging.Messages_$bundle INSTANCE>;org.jboss.logging.Messages.doGetBundle;101;isAccessible=false;
Field.get*;<org.springframework.beans.factory.xml.XmlBeanDefinitionReader: int VALIDATION_AUTO>;org.springframework.core.Constants.<init>;70;isAccessible=false;
Field.get*;<org.springframework.beans.factory.xml.XmlBeanDefinitionReader: int VALIDATION_DTD>;org.springframework.core.Constants.<init>;70;isAccessible=false;
Field.get*;<org.springframework.beans.factory.xml.XmlBeanDefinitionReader: int VALIDATION_NONE>;org.springframework.core.Constants.<init>;70;isAccessible=false;
Field.get*;<org.springframework.beans.factory.xml.XmlBeanDefinitionReader: int VALIDATION_XSD>;org.springframework.core.Constants.<init>;70;isAccessible=false;
Field.get*;<org.springframework.data.domain.AbstractPageRequest: long serialVersionUID>;java.io.ObjectStreamClass.getDeclaredSUID;1713;isAccessible=true;
Field.get*;<org.springframework.data.domain.Chunk: long serialVersionUID>;java.io.ObjectStreamClass.getDeclaredSUID;1713;isAccessible=true;
Field.get*;<org.springframework.data.domain.PageImpl: long serialVersionUID>;java.io.ObjectStreamClass.getDeclaredSUID;1713;isAccessible=true;
Field.get*;<org.springframework.data.domain.PageRequest: long serialVersionUID>;java.io.ObjectStreamClass.getDeclaredSUID;1713;isAccessible=true;
Field.get*;<org.springframework.data.domain.Sort: long serialVersionUID>;java.io.ObjectStreamClass.getDeclaredSUID;1713;isAccessible=true;
Field.get*;<org.springframework.samples.petclinic.model.BaseEntity: java.lang.Integer id>;org.hibernate.property.access.spi.GetterFieldImpl.get;71;isAccessible=true;
Field.get*;<org.springframework.samples.petclinic.model.NamedEntity: java.lang.String name>;org.hibernate.property.access.spi.GetterFieldImpl.get;71;isAccessible=true;
Field.get*;<org.springframework.samples.petclinic.model.Person: java.lang.String firstName>;org.hibernate.jpa.internal.util.PersistenceUtilHelper$FieldAttributeAccess.extractValue;264;isAccessible=true;
Field.get*;<org.springframework.samples.petclinic.model.Person: java.lang.String firstName>;org.hibernate.property.access.spi.GetterFieldImpl.get;71;isAccessible=true;
Field.get*;<org.springframework.samples.petclinic.model.Person: java.lang.String firstName>;org.hibernate.validator.internal.util.ReflectionHelper.getValue;114;isAccessible=true;
Field.get*;<org.springframework.samples.petclinic.model.Person: java.lang.String lastName>;org.hibernate.jpa.internal.util.PersistenceUtilHelper$FieldAttributeAccess.extractValue;264;isAccessible=true;
Field.get*;<org.springframework.samples.petclinic.model.Person: java.lang.String lastName>;org.hibernate.property.access.spi.GetterFieldImpl.get;71;isAccessible=true;
Field.get*;<org.springframework.samples.petclinic.model.Person: java.lang.String lastName>;org.hibernate.validator.internal.util.ReflectionHelper.getValue;114;isAccessible=true;
Field.get*;<org.springframework.samples.petclinic.owner.Owner: java.lang.String address>;org.hibernate.jpa.internal.util.PersistenceUtilHelper$FieldAttributeAccess.extractValue;264;isAccessible=true;
Field.get*;<org.springframework.samples.petclinic.owner.Owner: java.lang.String address>;org.hibernate.property.access.spi.GetterFieldImpl.get;71;isAccessible=true;
Field.get*;<org.springframework.samples.petclinic.owner.Owner: java.lang.String address>;org.hibernate.validator.internal.util.ReflectionHelper.getValue;114;isAccessible=true;
Field.get*;<org.springframework.samples.petclinic.owner.Owner: java.lang.String city>;org.hibernate.jpa.internal.util.PersistenceUtilHelper$FieldAttributeAccess.extractValue;264;isAccessible=true;
Field.get*;<org.springframework.samples.petclinic.owner.Owner: java.lang.String city>;org.hibernate.property.access.spi.GetterFieldImpl.get;71;isAccessible=true;
Field.get*;<org.springframework.samples.petclinic.owner.Owner: java.lang.String city>;org.hibernate.validator.internal.util.ReflectionHelper.getValue;114;isAccessible=true;
Field.get*;<org.springframework.samples.petclinic.owner.Owner: java.lang.String telephone>;org.hibernate.jpa.internal.util.PersistenceUtilHelper$FieldAttributeAccess.extractValue;264;isAccessible=true;
Field.get*;<org.springframework.samples.petclinic.owner.Owner: java.lang.String telephone>;org.hibernate.property.access.spi.GetterFieldImpl.get;71;isAccessible=true;
Field.get*;<org.springframework.samples.petclinic.owner.Owner: java.lang.String telephone>;org.hibernate.validator.internal.util.ReflectionHelper.getValue;114;isAccessible=true;
Field.get*;<org.springframework.samples.petclinic.owner.Owner: java.util.List pets>;org.hibernate.property.access.spi.GetterFieldImpl.get;71;isAccessible=true;
Field.get*;<org.springframework.samples.petclinic.owner.Pet: java.time.LocalDate birthDate>;org.hibernate.property.access.spi.GetterFieldImpl.get;71;isAccessible=true;
Field.get*;<org.springframework.samples.petclinic.owner.Pet: java.util.Set visits>;org.hibernate.property.access.spi.GetterFieldImpl.get;71;isAccessible=true;
Field.get*;<org.springframework.samples.petclinic.owner.Pet: org.springframework.samples.petclinic.owner.PetType type>;org.hibernate.property.access.spi.GetterFieldImpl.get;71;isAccessible=true;
Field.get*;<org.springframework.samples.petclinic.owner.Visit: java.lang.String description>;org.hibernate.jpa.internal.util.PersistenceUtilHelper$FieldAttributeAccess.extractValue;264;isAccessible=true;
Field.get*;<org.springframework.samples.petclinic.owner.Visit: java.lang.String description>;org.hibernate.property.access.spi.GetterFieldImpl.get;71;isAccessible=true;
Field.get*;<org.springframework.samples.petclinic.owner.Visit: java.lang.String description>;org.hibernate.validator.internal.util.ReflectionHelper.getValue;114;isAccessible=true;
Field.get*;<org.springframework.samples.petclinic.owner.Visit: java.time.LocalDate date>;org.hibernate.property.access.spi.GetterFieldImpl.get;71;isAccessible=true;
Field.get*;<org.springframework.transaction.TransactionDefinition: int ISOLATION_DEFAULT>;org.springframework.core.Constants.<init>;70;isAccessible=false;
Field.get*;<org.springframework.transaction.TransactionDefinition: int ISOLATION_READ_COMMITTED>;org.springframework.core.Constants.<init>;70;isAccessible=false;
Field.get*;<org.springframework.transaction.TransactionDefinition: int ISOLATION_READ_UNCOMMITTED>;org.springframework.core.Constants.<init>;70;isAccessible=false;
Field.get*;<org.springframework.transaction.TransactionDefinition: int ISOLATION_REPEATABLE_READ>;org.springframework.core.Constants.<init>;70;isAccessible=false;
Field.get*;<org.springframework.transaction.TransactionDefinition: int ISOLATION_SERIALIZABLE>;org.springframework.core.Constants.<init>;70;isAccessible=false;
Field.get*;<org.springframework.transaction.TransactionDefinition: int PROPAGATION_MANDATORY>;org.springframework.core.Constants.<init>;70;isAccessible=false;
Field.get*;<org.springframework.transaction.TransactionDefinition: int PROPAGATION_NESTED>;org.springframework.core.Constants.<init>;70;isAccessible=false;
Field.get*;<org.springframework.transaction.TransactionDefinition: int PROPAGATION_NEVER>;org.springframework.core.Constants.<init>;70;isAccessible=false;
Field.get*;<org.springframework.transaction.TransactionDefinition: int PROPAGATION_NOT_SUPPORTED>;org.springframework.core.Constants.<init>;70;isAccessible=false;
Field.get*;<org.springframework.transaction.TransactionDefinition: int PROPAGATION_REQUIRED>;org.springframework.core.Constants.<init>;70;isAccessible=false;
Field.get*;<org.springframework.transaction.TransactionDefinition: int PROPAGATION_REQUIRES_NEW>;org.springframework.core.Constants.<init>;70;isAccessible=false;
Field.get*;<org.springframework.transaction.TransactionDefinition: int PROPAGATION_SUPPORTS>;org.springframework.core.Constants.<init>;70;isAccessible=false;
Field.get*;<org.springframework.transaction.TransactionDefinition: int TIMEOUT_DEFAULT>;org.springframework.core.Constants.<init>;70;isAccessible=false;
Field.get*;<org.springframework.transaction.support.AbstractPlatformTransactionManager: int SYNCHRONIZATION_ALWAYS>;org.springframework.core.Constants.<init>;70;isAccessible=false;
Field.get*;<org.springframework.transaction.support.AbstractPlatformTransactionManager: int SYNCHRONIZATION_NEVER>;org.springframework.core.Constants.<init>;70;isAccessible=false;
Field.get*;<org.springframework.transaction.support.AbstractPlatformTransactionManager: int SYNCHRONIZATION_ON_ACTUAL_TRANSACTION>;org.springframework.core.Constants.<init>;70;isAccessible=false;
Field.get*;<org.springframework.web.servlet.View: java.lang.String PATH_VARIABLES>;org.thymeleaf.spring5.view.ThymeleafView.<clinit>;99;isAccessible=false;
Field.get*;<sun.misc.Unsafe: sun.misc.Unsafe theUnsafe>;nonapi.io.github.classgraph.utils.FileUtils.lookupCleanMethodPrivileged;505;isAccessible=true;
Field.get*;<sun.misc.Unsafe: sun.misc.Unsafe theUnsafe>;org.ehcache.impl.internal.concurrent.ThreadLocalRandomUtil.lambda$getSMU$0;62;isAccessible=true;
Field.set*;<org.springframework.samples.petclinic.PetClinicApplication$$EnhancerBySpringCGLIB$$915a30a4: java.lang.Object CGLIB$CALLBACK_FILTER>;org.springframework.cglib.proxy.Enhancer.wrapCachedClass;815;isAccessible=true;
Field.set*;<org.springframework.samples.petclinic.PetClinicApplication$$EnhancerBySpringCGLIB$$915a30a4: java.lang.Object CGLIB$FACTORY_DATA>;org.springframework.cglib.proxy.Enhancer.wrapCachedClass;812;isAccessible=false;
Field.set*;<org.springframework.samples.petclinic.PetClinicApplication$$EnhancerBySpringCGLIB$$915a30a4: org.springframework.beans.factory.BeanFactory $$beanFactory>;org.springframework.context.annotation.ConfigurationClassEnhancer$BeanFactoryAwareMethodInterceptor.intercept;244;isAccessible=false;
Field.set*;<org.springframework.samples.petclinic.model.BaseEntity: java.lang.Integer id>;org.hibernate.property.access.spi.SetterFieldImpl.set;52;isAccessible=true;
Field.set*;<org.springframework.samples.petclinic.model.NamedEntity: java.lang.String name>;org.hibernate.property.access.spi.SetterFieldImpl.set;52;isAccessible=true;
Field.set*;<org.springframework.samples.petclinic.model.Person: java.lang.String firstName>;org.hibernate.property.access.spi.SetterFieldImpl.set;52;isAccessible=true;
Field.set*;<org.springframework.samples.petclinic.model.Person: java.lang.String lastName>;org.hibernate.property.access.spi.SetterFieldImpl.set;52;isAccessible=true;
Field.set*;<org.springframework.samples.petclinic.owner.Owner: java.lang.String address>;org.hibernate.property.access.spi.SetterFieldImpl.set;52;isAccessible=true;
Field.set*;<org.springframework.samples.petclinic.owner.Owner: java.lang.String city>;org.hibernate.property.access.spi.SetterFieldImpl.set;52;isAccessible=true;
Field.set*;<org.springframework.samples.petclinic.owner.Owner: java.lang.String telephone>;org.hibernate.property.access.spi.SetterFieldImpl.set;52;isAccessible=true;
Field.set*;<org.springframework.samples.petclinic.owner.Owner: java.util.List pets>;org.hibernate.property.access.spi.SetterFieldImpl.set;52;isAccessible=true;
Field.set*;<org.springframework.samples.petclinic.owner.Pet: java.time.LocalDate birthDate>;org.hibernate.property.access.spi.SetterFieldImpl.set;52;isAccessible=true;
Field.set*;<org.springframework.samples.petclinic.owner.Pet: java.util.Set visits>;org.hibernate.property.access.spi.SetterFieldImpl.set;52;isAccessible=true;
Field.set*;<org.springframework.samples.petclinic.owner.Pet: org.springframework.samples.petclinic.owner.PetType type>;org.hibernate.property.access.spi.SetterFieldImpl.set;52;isAccessible=true;
Field.set*;<org.springframework.samples.petclinic.owner.Visit: java.lang.String description>;org.hibernate.property.access.spi.SetterFieldImpl.set;52;isAccessible=true;
Field.set*;<org.springframework.samples.petclinic.owner.Visit: java.time.LocalDate date>;org.hibernate.property.access.spi.SetterFieldImpl.set;52;isAccessible=true;
Field.set*;<org.springframework.samples.petclinic.vet.Vet: java.util.Set specialties>;org.hibernate.property.access.spi.SetterFieldImpl.set;52;isAccessible=true;
Method.invoke;<com.fasterxml.jackson.annotation.PropertyAccessor: com.fasterxml.jackson.annotation.PropertyAccessor[] values()>;java.lang.Class.getEnumConstantsShared;;isAccessible=true;
Method.invoke;<com.fasterxml.jackson.core.JsonGenerator$Feature: com.fasterxml.jackson.core.JsonGenerator$Feature[] values()>;java.lang.Class.getEnumConstantsShared;;isAccessible=true;
Method.invoke;<com.fasterxml.jackson.core.JsonParser$Feature: com.fasterxml.jackson.core.JsonParser$Feature[] values()>;java.lang.Class.getEnumConstantsShared;;isAccessible=true;
Method.invoke;<com.fasterxml.jackson.databind.DeserializationFeature: com.fasterxml.jackson.databind.DeserializationFeature[] values()>;java.lang.Class.getEnumConstantsShared;;isAccessible=true;
Method.invoke;<com.fasterxml.jackson.databind.MapperFeature: com.fasterxml.jackson.databind.MapperFeature[] values()>;java.lang.Class.getEnumConstantsShared;;isAccessible=true;
Method.invoke;<com.fasterxml.jackson.databind.SerializationFeature: com.fasterxml.jackson.databind.SerializationFeature[] values()>;java.lang.Class.getEnumConstantsShared;;isAccessible=true;
Method.invoke;<com.zaxxer.hikari.pool.HikariProxyConnection: java.sql.Clob createClob()>;org.hibernate.engine.jdbc.env.internal.LobCreatorBuilderImpl.useContextualLobCreation;121;isAccessible=false;
Method.invoke;<com.zaxxer.hikari.pool.HikariProxyConnection: java.sql.DatabaseMetaData getMetaData()>;org.springframework.jdbc.core.JdbcTemplate$CloseSuppressingInvocationHandler.invoke;1614;isAccessible=false;
Method.invoke;<java.lang.Class: boolean isSealed()>;org.springframework.util.ReflectionUtils.invokeMethod;282;isAccessible=false;
Method.invoke;<java.lang.Class: java.lang.Module getModule()>;net.bytebuddy.utility.dispatcher.JavaDispatcher$DynamicClassLoader$Resolver$ForModuleSystem.accept;1507;isAccessible=false;
Method.invoke;<java.lang.Class: java.lang.Module getModule()>;nonapi.io.github.classgraph.reflection.StandardReflectionDriver.invokeMethod;148;isAccessible=false;
Method.invoke;<java.lang.Class: java.lang.Module getModule()>;org.hibernate.validator.resourceloading.PlatformResourceBundleLocator.determineAvailabilityOfResourceBundleControl;289;isAccessible=false;
Method.invoke;<java.lang.Enum: java.lang.Enum valueOf(java.lang.Class,java.lang.String)>;nonapi.io.github.classgraph.classpath.CallStackReader.getCallStackViaStackWalker;71;isAccessible=false;
Method.invoke;<java.lang.Module: boolean isExported(java.lang.String)>;net.bytebuddy.utility.dispatcher.JavaDispatcher$DynamicClassLoader$Resolver$ForModuleSystem.accept;1508;isAccessible=false;
Method.invoke;<java.lang.Module: boolean isNamed()>;org.hibernate.validator.resourceloading.PlatformResourceBundleLocator.determineAvailabilityOfResourceBundleControl;291;isAccessible=false;
Method.invoke;<java.lang.Module: java.lang.ModuleLayer getLayer()>;nonapi.io.github.classgraph.reflection.StandardReflectionDriver.invokeMethod;148;isAccessible=false;
Method.invoke;<java.lang.ModuleLayer: java.lang.ClassLoader findLoader(java.lang.String)>;nonapi.io.github.classgraph.reflection.StandardReflectionDriver.invokeMethod;148;isAccessible=false;
Method.invoke;<java.lang.ModuleLayer: java.lang.ModuleLayer boot()>;nonapi.io.github.classgraph.reflection.StandardReflectionDriver.invokeStaticMethod;154;isAccessible=false;
Method.invoke;<java.lang.ModuleLayer: java.lang.module.Configuration configuration()>;nonapi.io.github.classgraph.reflection.StandardReflectionDriver.invokeMethod;148;isAccessible=false;
Method.invoke;<java.lang.ModuleLayer: java.util.List parents()>;nonapi.io.github.classgraph.reflection.StandardReflectionDriver.invokeMethod;148;isAccessible=false;
Method.invoke;<java.lang.Object: java.lang.String toString()>;org.springframework.orm.jpa.AbstractEntityManagerFactoryBean.invokeProxyMethod;487;isAccessible=false;
Method.invoke;<java.lang.Runtime$Version: int major()>;net.bytebuddy.ClassFileVersion$VersionLocator$Resolver.run;532;isAccessible=false;
Method.invoke;<java.lang.Runtime$Version: int major()>;org.apache.tomcat.util.compat.Jre9Compat.<clinit>;105;isAccessible=false;
Method.invoke;<java.lang.Runtime$Version: int major()>;org.springframework.boot.loader.jar.JarFileEntries.<clinit>;66;isAccessible=false;
Method.invoke;<java.lang.Runtime: java.lang.Runtime$Version version()>;net.bytebuddy.ClassFileVersion$VersionLocator$Resolver.run;532;isAccessible=false;
Method.invoke;<java.lang.Runtime: java.lang.Runtime$Version version()>;org.springframework.boot.loader.jar.JarFileEntries.<clinit>;65;isAccessible=false;
Method.invoke;<java.lang.StackFrameInfo: java.lang.Class getDeclaringClass()>;nonapi.io.github.classgraph.classpath.CallStackReader$1.invoke;86;isAccessible=false;
Method.invoke;<java.lang.StackWalker$Option: java.lang.StackWalker$Option[] values()>;java.lang.Class.getEnumConstantsShared;;isAccessible=true;
Method.invoke;<java.lang.StackWalker: java.lang.StackWalker getInstance(java.lang.StackWalker$Option)>;nonapi.io.github.classgraph.classpath.CallStackReader.getCallStackViaStackWalker;74;isAccessible=false;
Method.invoke;<java.lang.StackWalker: void forEach(java.util.function.Consumer)>;nonapi.io.github.classgraph.classpath.CallStackReader.getCallStackViaStackWalker;77;isAccessible=false;
Method.invoke;<java.lang.System: java.lang.SecurityManager getSecurityManager()>;net.bytebuddy.utility.dispatcher.JavaDispatcher.run;181;isAccessible=false;
Method.invoke;<java.lang.System: java.lang.SecurityManager getSecurityManager()>;nonapi.io.github.classgraph.concurrency.SimpleThreadFactory.newThread;75;isAccessible=false;
Method.invoke;<java.lang.annotation.ElementType: java.lang.annotation.ElementType[] values()>;java.lang.Class.getEnumConstantsShared;;isAccessible=true;
Method.invoke;<java.lang.annotation.RetentionPolicy: java.lang.annotation.RetentionPolicy[] values()>;java.lang.Class.getEnumConstantsShared;;isAccessible=true;
Method.invoke;<java.lang.invoke.MethodHandles$Lookup: int lookupModes()>;net.bytebuddy.utility.Invoker$Dispatcher.invoke;;isAccessible=false;
Method.invoke;<java.lang.invoke.MethodHandles$Lookup: java.lang.Class defineClass(byte[])>;net.bytebuddy.utility.Invoker$Dispatcher.invoke;;isAccessible=false;
Method.invoke;<java.lang.invoke.MethodHandles$Lookup: java.lang.Class defineClass(byte[])>;org.springframework.cglib.core.ReflectUtils.defineClass;506;isAccessible=false;
Method.invoke;<java.lang.invoke.MethodHandles$Lookup: java.lang.Class lookupClass()>;net.bytebuddy.utility.Invoker$Dispatcher.invoke;;isAccessible=false;
Method.invoke;<java.lang.invoke.MethodHandles: java.lang.invoke.MethodHandles$Lookup privateLookupIn(java.lang.Class,java.lang.invoke.MethodHandles$Lookup)>;org.hibernate.bytecode.spi.ClassLoadingStrategyHelper.resolveClassLoadingStrategy;44;isAccessible=false;
Method.invoke;<java.lang.invoke.MethodHandles: java.lang.invoke.MethodHandles$Lookup privateLookupIn(java.lang.Class,java.lang.invoke.MethodHandles$Lookup)>;org.springframework.cglib.core.ReflectUtils.defineClass;505;isAccessible=false;
Method.invoke;<java.lang.management.MemoryUsage: java.lang.management.MemoryUsage from(javax.management.openmbean.CompositeData)>;sun.management.MappedMXBeanType$CompositeDataMXBeanType.toJavaTypeData;757;isAccessible=false;
Method.invoke;<java.lang.module.Configuration: java.util.Set modules()>;nonapi.io.github.classgraph.reflection.StandardReflectionDriver.invokeMethod;148;isAccessible=false;
Method.invoke;<java.lang.module.ModuleDescriptor: java.lang.String name()>;nonapi.io.github.classgraph.reflection.StandardReflectionDriver.invokeMethod;148;isAccessible=false;
Method.invoke;<java.lang.module.ModuleDescriptor: java.util.Optional rawVersion()>;nonapi.io.github.classgraph.reflection.StandardReflectionDriver.invokeMethod;148;isAccessible=false;
Method.invoke;<java.lang.module.ModuleDescriptor: java.util.Set packages()>;nonapi.io.github.classgraph.reflection.StandardReflectionDriver.invokeMethod;148;isAccessible=false;
Method.invoke;<java.lang.module.ModuleReference: java.lang.module.ModuleDescriptor descriptor()>;nonapi.io.github.classgraph.reflection.StandardReflectionDriver.invokeMethod;148;isAccessible=false;
Method.invoke;<java.lang.module.ModuleReference: java.util.Optional location()>;nonapi.io.github.classgraph.reflection.StandardReflectionDriver.invokeMethod;148;isAccessible=false;
Method.invoke;<java.lang.module.ResolvedModule: java.lang.module.ModuleReference reference()>;nonapi.io.github.classgraph.reflection.StandardReflectionDriver.invokeMethod;148;isAccessible=false;
Method.invoke;<java.lang.reflect.AccessibleObject: boolean canAccess(java.lang.Object)>;nonapi.io.github.classgraph.reflection.ReflectionDriver.isAccessible;276;isAccessible=false;
Method.invoke;<java.lang.reflect.AccessibleObject: boolean trySetAccessible()>;nonapi.io.github.classgraph.reflection.StandardReflectionDriver.tryMakeAccessible;65;isAccessible=false;
Method.invoke;<java.lang.reflect.Constructor: int getParameterCount()>;net.bytebuddy.utility.Invoker$Dispatcher.invoke;;isAccessible=false;
Method.invoke;<java.lang.reflect.Constructor: java.lang.reflect.AnnotatedType getAnnotatedReceiverType()>;net.bytebuddy.utility.Invoker$Dispatcher.invoke;;isAccessible=false;
Method.invoke;<java.lang.reflect.Executable: java.lang.reflect.Parameter[] getParameters()>;net.bytebuddy.utility.Invoker$Dispatcher.invoke;;isAccessible=false;
Method.invoke;<java.lang.reflect.Method: int getParameterCount()>;net.bytebuddy.utility.Invoker$Dispatcher.invoke;;isAccessible=false;
Method.invoke;<java.lang.reflect.Parameter: boolean isNamePresent()>;net.bytebuddy.utility.Invoker$Dispatcher.invoke;;isAccessible=false;
Method.invoke;<java.lang.reflect.Parameter: int getModifiers()>;net.bytebuddy.utility.Invoker$Dispatcher.invoke;;isAccessible=false;
Method.invoke;<java.lang.reflect.Parameter: java.lang.String getName()>;net.bytebuddy.utility.Invoker$Dispatcher.invoke;;isAccessible=false;
Method.invoke;<java.net.Socket: void bind(java.net.SocketAddress)>;org.apache.commons.httpclient.protocol.ReflectionSocketFactory.createSocket;;isAccessible=false;
Method.invoke;<java.net.Socket: void connect(java.net.SocketAddress,int)>;org.apache.commons.httpclient.protocol.ReflectionSocketFactory.createSocket;;isAccessible=false;
Method.invoke;<java.nio.file.attribute.PosixFilePermission: java.nio.file.attribute.PosixFilePermission[] values()>;java.lang.Class.getEnumConstantsShared;;isAccessible=true;
Method.invoke;<java.security.AccessController: java.lang.Object doPrivileged(java.security.PrivilegedAction)>;nonapi.io.github.classgraph.reflection.ReflectionUtils.doPrivileged;411;isAccessible=false;
Method.invoke;<java.time.temporal.ChronoUnit: java.time.temporal.ChronoUnit[] values()>;java.lang.Class.getEnumConstantsShared;;isAccessible=true;
Method.invoke;<java.util.ArrayList: void readObject(java.io.ObjectInputStream)>;java.io.ObjectStreamClass.invokeReadObject;1100;isAccessible=true;
Method.invoke;<java.util.ArrayList: void writeObject(java.io.ObjectOutputStream)>;java.io.ObjectStreamClass.invokeWriteObject;1070;isAccessible=true;
Method.invoke;<java.util.HashMap: void readObject(java.io.ObjectInputStream)>;java.io.ObjectStreamClass.invokeReadObject;1100;isAccessible=true;
Method.invoke;<java.util.HashMap: void writeObject(java.io.ObjectOutputStream)>;java.io.ObjectStreamClass.invokeWriteObject;1070;isAccessible=true;
Method.invoke;<java.util.HashSet: void readObject(java.io.ObjectInputStream)>;java.io.ObjectStreamClass.invokeReadObject;1100;isAccessible=true;
Method.invoke;<java.util.HashSet: void writeObject(java.io.ObjectOutputStream)>;java.io.ObjectStreamClass.invokeWriteObject;1070;isAccessible=true;
Method.invoke;<java.util.Optional: boolean isPresent()>;nonapi.io.github.classgraph.reflection.StandardReflectionDriver.invokeMethod;148;isAccessible=false;
Method.invoke;<java.util.Optional: java.lang.Object get()>;nonapi.io.github.classgraph.reflection.StandardReflectionDriver.invokeMethod;148;isAccessible=false;
Method.invoke;<java.util.ServiceLoader: java.util.stream.Stream stream()>;org.hibernate.boot.registry.classloading.internal.AggregatedServiceLoader$ClassPathAndModulePathAggregatedServiceLoader.providerStream;231;isAccessible=false;
Method.invoke;<java.util.jar.JarFile: java.lang.Runtime$Version runtimeVersion()>;org.apache.tomcat.util.compat.Jre9Compat.<clinit>;104;isAccessible=false;
Method.invoke;<java.util.logging.LogManager: java.util.logging.LoggingMXBean getLoggingMXBean()>;sun.management.ManagementFactoryHelper$LoggingMXBeanAccess.getMXBeanImplementation;243;isAccessible=false;
Method.invoke;<javax.net.DefaultSocketFactory: java.net.Socket createSocket()>;org.apache.commons.httpclient.protocol.ReflectionSocketFactory.createSocket;;isAccessible=false;
Method.invoke;<javax.net.SocketFactory: javax.net.SocketFactory getDefault()>;org.apache.commons.httpclient.protocol.ReflectionSocketFactory.createSocket;;isAccessible=false;
Method.invoke;<javax.persistence.CascadeType: javax.persistence.CascadeType[] values()>;java.lang.Class.getEnumConstantsShared;;isAccessible=true;
Method.invoke;<javax.persistence.ConstraintMode: javax.persistence.ConstraintMode[] values()>;java.lang.Class.getEnumConstantsShared;;isAccessible=true;
Method.invoke;<javax.persistence.FetchType: javax.persistence.FetchType[] values()>;java.lang.Class.getEnumConstantsShared;;isAccessible=true;
Method.invoke;<javax.persistence.GenerationType: javax.persistence.GenerationType[] values()>;java.lang.Class.getEnumConstantsShared;;isAccessible=true;
Method.invoke;<javax.persistence.Persistence: javax.persistence.PersistenceUtil getPersistenceUtil()>;org.hibernate.validator.internal.util.ReflectionHelper.getValue;123;isAccessible=false;
Method.invoke;<javax.persistence.PersistenceContextType: javax.persistence.PersistenceContextType[] values()>;java.lang.Class.getEnumConstantsShared;;isAccessible=true;
Method.invoke;<javax.persistence.PessimisticLockScope: javax.persistence.PessimisticLockScope[] values()>;java.lang.Class.getEnumConstantsShared;;isAccessible=true;
Method.invoke;<javax.persistence.SynchronizationType: javax.persistence.SynchronizationType[] values()>;java.lang.Class.getEnumConstantsShared;;isAccessible=true;
Method.invoke;<javax.persistence.metamodel.Type$PersistenceType: javax.persistence.metamodel.Type$PersistenceType[] values()>;java.lang.Class.getEnumConstantsShared;;isAccessible=true;
Method.invoke;<javax.servlet.DispatcherType: javax.servlet.DispatcherType[] values()>;java.lang.Class.getEnumConstantsShared;;isAccessible=true;
Method.invoke;<javax.servlet.SessionTrackingMode: javax.servlet.SessionTrackingMode[] values()>;java.lang.Class.getEnumConstantsShared;;isAccessible=true;
Method.invoke;<javax.validation.constraintvalidation.ValidationTarget: javax.validation.constraintvalidation.ValidationTarget[] values()>;java.lang.Class.getEnumConstantsShared;;isAccessible=true;
Method.invoke;<javax.validation.executable.ExecutableType: javax.validation.executable.ExecutableType[] values()>;java.lang.Class.getEnumConstantsShared;;isAccessible=true;
Method.invoke;<jdk.internal.loader.URLClassPath: java.net.URL[] getURLs()>;nonapi.io.github.classgraph.reflection.StandardReflectionDriver.invokeMethod;148;isAccessible=false;
Method.invoke;<jdk.proxy1.$Proxy0: java.lang.annotation.RetentionPolicy value()>;org.springframework.core.annotation.AttributeMethods.validate;137;isAccessible=false;
Method.invoke;<jdk.proxy1.$Proxy19: java.lang.Class value()>;org.springframework.core.annotation.AttributeMethods.validate;137;isAccessible=false;
Method.invoke;<jdk.proxy2.$Proxy100: boolean includeSelf()>;net.bytebuddy.description.annotation.AnnotationDescription$ForLoadedAnnotation.getValue;803;isAccessible=false;
Method.invoke;<jdk.proxy2.$Proxy100: boolean nullIfEmpty()>;net.bytebuddy.description.annotation.AnnotationDescription$ForLoadedAnnotation.getValue;803;isAccessible=false;
Method.invoke;<jdk.proxy2.$Proxy100: net.bytebuddy.implementation.bind.annotation.AllArguments$Assignment value()>;net.bytebuddy.description.annotation.AnnotationDescription$ForLoadedAnnotation.getValue;803;isAccessible=false;
Method.invoke;<jdk.proxy2.$Proxy102: java.lang.Class declaringType()>;net.bytebuddy.description.annotation.AnnotationDescription$ForLoadedAnnotation.getValue;803;isAccessible=false;
Method.invoke;<jdk.proxy2.$Proxy102: java.lang.String value()>;net.bytebuddy.description.annotation.AnnotationDescription$ForLoadedAnnotation.getValue;803;isAccessible=false;
Method.invoke;<jdk.proxy2.$Proxy107: boolean updatable()>;org.springframework.core.annotation.AnnotationUtils.getValue;1056;isAccessible=false;
Method.invoke;<jdk.proxy2.$Proxy108: org.springframework.format.annotation.DateTimeFormat$ISO iso()>;org.springframework.core.annotation.AttributeMethods.isValid;112;isAccessible=false;
Method.invoke;<jdk.proxy2.$Proxy109: java.lang.Class[] groups()>;org.hibernate.validator.internal.util.privilegedactions.GetAnnotationAttributes.run;55;isAccessible=true;
Method.invoke;<jdk.proxy2.$Proxy109: java.lang.Class[] groups()>;org.springframework.core.annotation.AttributeMethods.isValid;112;isAccessible=false;
Method.invoke;<jdk.proxy2.$Proxy109: java.lang.Class[] payload()>;org.hibernate.validator.internal.util.privilegedactions.GetAnnotationAttributes.run;55;isAccessible=true;
Method.invoke;<jdk.proxy2.$Proxy109: java.lang.Class[] payload()>;org.springframework.core.annotation.AttributeMethods.isValid;112;isAccessible=false;
Method.invoke;<jdk.proxy2.$Proxy109: java.lang.String message()>;org.hibernate.validator.internal.util.privilegedactions.GetAnnotationAttributes.run;55;isAccessible=true;
Method.invoke;<jdk.proxy2.$Proxy10: boolean proxyBeanMethods()>;org.springframework.util.ReflectionUtils.invokeMethod;282;isAccessible=false;
Method.invoke;<jdk.proxy2.$Proxy10: java.lang.Class nameGenerator()>;org.springframework.core.annotation.AttributeMethods.isValid;112;isAccessible=false;
Method.invoke;<jdk.proxy2.$Proxy10: java.lang.Class nameGenerator()>;org.springframework.core.annotation.AttributeMethods.validate;137;isAccessible=false;
Method.invoke;<jdk.proxy2.$Proxy10: java.lang.Class nameGenerator()>;org.springframework.util.ReflectionUtils.invokeMethod;282;isAccessible=false;
Method.invoke;<jdk.proxy2.$Proxy10: java.lang.Class[] exclude()>;org.springframework.core.annotation.AttributeMethods.isValid;112;isAccessible=false;
Method.invoke;<jdk.proxy2.$Proxy10: java.lang.Class[] exclude()>;org.springframework.core.annotation.AttributeMethods.validate;137;isAccessible=false;
Method.invoke;<jdk.proxy2.$Proxy10: java.lang.Class[] exclude()>;org.springframework.util.ReflectionUtils.invokeMethod;282;isAccessible=false;
Method.invoke;<jdk.proxy2.$Proxy10: java.lang.Class[] scanBasePackageClasses()>;org.springframework.core.annotation.AttributeMethods.isValid;112;isAccessible=false;
Method.invoke;<jdk.proxy2.$Proxy10: java.lang.Class[] scanBasePackageClasses()>;org.springframework.core.annotation.AttributeMethods.validate;137;isAccessible=false;
Method.invoke;<jdk.proxy2.$Proxy10: java.lang.Class[] scanBasePackageClasses()>;org.springframework.util.ReflectionUtils.invokeMethod;282;isAccessible=false;
Method.invoke;<jdk.proxy2.$Proxy10: java.lang.String[] excludeName()>;org.springframework.util.ReflectionUtils.invokeMethod;282;isAccessible=false;
Method.invoke;<jdk.proxy2.$Proxy10: java.lang.String[] scanBasePackages()>;org.springframework.util.ReflectionUtils.invokeMethod;282;isAccessible=false;
Method.invoke;<jdk.proxy2.$Proxy111: javax.persistence.GenerationType strategy()>;org.springframework.core.annotation.AttributeMethods.isValid;112;isAccessible=false;
Method.invoke;<jdk.proxy2.$Proxy113: java.lang.Class[] validatedBy()>;org.springframework.core.annotation.AttributeMethods.isValid;112;isAccessible=false;
Method.invoke;<jdk.proxy2.$Proxy114: java.lang.Class targetEntity()>;org.springframework.core.annotation.AnnotationUtils.getValue;1056;isAccessible=false;
Method.invoke;<jdk.proxy2.$Proxy114: java.lang.Class targetEntity()>;org.springframework.core.annotation.AttributeMethods.isValid;112;isAccessible=false;
Method.invoke;<jdk.proxy2.$Proxy114: javax.persistence.FetchType fetch()>;org.springframework.core.annotation.AttributeMethods.isValid;112;isAccessible=false;
Method.invoke;<jdk.proxy2.$Proxy117: java.lang.Class targetEntity()>;org.springframework.core.annotation.AnnotationUtils.getValue;1056;isAccessible=false;
Method.invoke;<jdk.proxy2.$Proxy117: java.lang.Class targetEntity()>;org.springframework.core.annotation.AttributeMethods.isValid;112;isAccessible=false;
Method.invoke;<jdk.proxy2.$Proxy117: javax.persistence.FetchType fetch()>;org.springframework.core.annotation.AttributeMethods.isValid;112;isAccessible=false;
Method.invoke;<jdk.proxy2.$Proxy119: int fraction()>;org.hibernate.validator.internal.util.privilegedactions.GetAnnotationAttributes.run;55;isAccessible=true;
Method.invoke;<jdk.proxy2.$Proxy119: int integer()>;org.hibernate.validator.internal.util.privilegedactions.GetAnnotationAttributes.run;55;isAccessible=true;
Method.invoke;<jdk.proxy2.$Proxy119: java.lang.Class[] groups()>;org.hibernate.validator.internal.util.privilegedactions.GetAnnotationAttributes.run;55;isAccessible=true;
Method.invoke;<jdk.proxy2.$Proxy119: java.lang.Class[] groups()>;org.springframework.core.annotation.AttributeMethods.isValid;112;isAccessible=false;
Method.invoke;<jdk.proxy2.$Proxy119: java.lang.Class[] payload()>;org.hibernate.validator.internal.util.privilegedactions.GetAnnotationAttributes.run;55;isAccessible=true;
Method.invoke;<jdk.proxy2.$Proxy119: java.lang.Class[] payload()>;org.springframework.core.annotation.AttributeMethods.isValid;112;isAccessible=false;
Method.invoke;<jdk.proxy2.$Proxy119: java.lang.String message()>;org.hibernate.validator.internal.util.privilegedactions.GetAnnotationAttributes.run;55;isAccessible=true;
Method.invoke;<jdk.proxy2.$Proxy11: java.lang.Class annotation()>;org.springframework.core.annotation.AttributeMethods.isValid;112;isAccessible=false;
Method.invoke;<jdk.proxy2.$Proxy121: java.lang.Class targetEntity()>;org.springframework.core.annotation.AnnotationUtils.getValue;1056;isAccessible=false;
Method.invoke;<jdk.proxy2.$Proxy121: java.lang.Class targetEntity()>;org.springframework.core.annotation.AttributeMethods.isValid;112;isAccessible=false;
Method.invoke;<jdk.proxy2.$Proxy121: javax.persistence.FetchType fetch()>;org.springframework.core.annotation.AttributeMethods.isValid;112;isAccessible=false;
Method.invoke;<jdk.proxy2.$Proxy131: javax.persistence.criteria.CriteriaBuilder getCriteriaBuilder()>;org.springframework.orm.jpa.SharedEntityManagerCreator$SharedEntityManagerInvocationHandler.invoke;240;isAccessible=false;
Method.invoke;<jdk.proxy2.$Proxy131: org.hibernate.Metamodel getMetamodel()>;org.springframework.orm.jpa.SharedEntityManagerCreator$SharedEntityManagerInvocationHandler.invoke;240;isAccessible=false;
Method.invoke;<jdk.proxy2.$Proxy132: java.lang.String name()>;org.springframework.util.ReflectionUtils.invokeMethod;282;isAccessible=false;
Method.invoke;<jdk.proxy2.$Proxy132: java.lang.String[] consumes()>;org.springframework.util.ReflectionUtils.invokeMethod;282;isAccessible=false;
Method.invoke;<jdk.proxy2.$Proxy132: java.lang.String[] headers()>;org.springframework.util.ReflectionUtils.invokeMethod;282;isAccessible=false;
Method.invoke;<jdk.proxy2.$Proxy132: java.lang.String[] params()>;org.springframework.util.ReflectionUtils.invokeMethod;282;isAccessible=false;
Method.invoke;<jdk.proxy2.$Proxy132: java.lang.String[] path()>;org.springframework.util.ReflectionUtils.invokeMethod;282;isAccessible=false;
Method.invoke;<jdk.proxy2.$Proxy132: java.lang.String[] produces()>;org.springframework.util.ReflectionUtils.invokeMethod;282;isAccessible=false;
Method.invoke;<jdk.proxy2.$Proxy132: java.lang.String[] value()>;org.springframework.util.ReflectionUtils.invokeMethod;282;isAccessible=false;
Method.invoke;<jdk.proxy2.$Proxy133: java.lang.String name()>;org.springframework.util.ReflectionUtils.invokeMethod;282;isAccessible=false;
Method.invoke;<jdk.proxy2.$Proxy133: java.lang.String[] consumes()>;org.springframework.util.ReflectionUtils.invokeMethod;282;isAccessible=false;
Method.invoke;<jdk.proxy2.$Proxy133: java.lang.String[] headers()>;org.springframework.util.ReflectionUtils.invokeMethod;282;isAccessible=false;
Method.invoke;<jdk.proxy2.$Proxy133: java.lang.String[] params()>;org.springframework.util.ReflectionUtils.invokeMethod;282;isAccessible=false;
Method.invoke;<jdk.proxy2.$Proxy133: java.lang.String[] path()>;org.springframework.util.ReflectionUtils.invokeMethod;282;isAccessible=false;
Method.invoke;<jdk.proxy2.$Proxy133: java.lang.String[] produces()>;org.springframework.util.ReflectionUtils.invokeMethod;282;isAccessible=false;
Method.invoke;<jdk.proxy2.$Proxy133: java.lang.String[] value()>;org.springframework.util.ReflectionUtils.invokeMethod;282;isAccessible=false;
Method.invoke;<jdk.proxy2.$Proxy135: boolean binding()>;org.springframework.util.ReflectionUtils.invokeMethod;282;isAccessible=false;
Method.invoke;<jdk.proxy2.$Proxy135: java.lang.String name()>;org.springframework.util.ReflectionUtils.invokeMethod;282;isAccessible=false;
Method.invoke;<jdk.proxy2.$Proxy135: java.lang.String value()>;org.springframework.util.ReflectionUtils.invokeMethod;282;isAccessible=false;
Method.invoke;<jdk.proxy2.$Proxy137: java.lang.Object getDelegate()>;org.springframework.orm.jpa.SharedEntityManagerCreator$SharedEntityManagerInvocationHandler.invoke;311;isAccessible=false;
Method.invoke;<jdk.proxy2.$Proxy137: java.lang.Object merge(java.lang.Object)>;org.springframework.orm.jpa.SharedEntityManagerCreator$SharedEntityManagerInvocationHandler.invoke;311;isAccessible=false;
Method.invoke;<jdk.proxy2.$Proxy137: org.hibernate.query.Query createQuery(java.lang.String)>;org.springframework.orm.jpa.SharedEntityManagerCreator$SharedEntityManagerInvocationHandler.invoke;311;isAccessible=false;
Method.invoke;<jdk.proxy2.$Proxy137: org.hibernate.query.Query createQuery(java.lang.String,java.lang.Class)>;org.springframework.orm.jpa.SharedEntityManagerCreator$SharedEntityManagerInvocationHandler.invoke;311;isAccessible=false;
Method.invoke;<jdk.proxy2.$Proxy137: org.hibernate.query.Query createQuery(javax.persistence.criteria.CriteriaQuery)>;org.springframework.orm.jpa.SharedEntityManagerCreator$SharedEntityManagerInvocationHandler.invoke;311;isAccessible=false;
Method.invoke;<jdk.proxy2.$Proxy13: java.lang.Class[] exclude()>;org.springframework.core.annotation.AttributeMethods.isValid;112;isAccessible=false;
Method.invoke;<jdk.proxy2.$Proxy13: java.lang.Class[] exclude()>;org.springframework.core.annotation.AttributeMethods.validate;137;isAccessible=false;
Method.invoke;<jdk.proxy2.$Proxy140: boolean nativeQuery()>;org.springframework.core.annotation.AnnotationUtils.getValue;1056;isAccessible=false;
Method.invoke;<jdk.proxy2.$Proxy140: java.lang.String countName()>;org.springframework.core.annotation.AnnotationUtils.getValue;1056;isAccessible=false;
Method.invoke;<jdk.proxy2.$Proxy140: java.lang.String countProjection()>;org.springframework.core.annotation.AnnotationUtils.getValue;1056;isAccessible=false;
Method.invoke;<jdk.proxy2.$Proxy140: java.lang.String countQuery()>;org.springframework.core.annotation.AnnotationUtils.getValue;1056;isAccessible=false;
Method.invoke;<jdk.proxy2.$Proxy140: java.lang.String name()>;org.springframework.core.annotation.AnnotationUtils.getValue;1056;isAccessible=false;
Method.invoke;<jdk.proxy2.$Proxy140: java.lang.String value()>;org.springframework.core.annotation.AnnotationUtils.getValue;1056;isAccessible=false;
Method.invoke;<jdk.proxy2.$Proxy141: boolean readOnly()>;org.springframework.util.ReflectionUtils.invokeMethod;282;isAccessible=false;
Method.invoke;<jdk.proxy2.$Proxy141: int timeout()>;org.springframework.util.ReflectionUtils.invokeMethod;282;isAccessible=false;
Method.invoke;<jdk.proxy2.$Proxy141: java.lang.Class[] noRollbackFor()>;org.springframework.core.annotation.AttributeMethods.isValid;112;isAccessible=false;
Method.invoke;<jdk.proxy2.$Proxy141: java.lang.Class[] noRollbackFor()>;org.springframework.util.ReflectionUtils.invokeMethod;282;isAccessible=false;
Method.invoke;<jdk.proxy2.$Proxy141: java.lang.Class[] rollbackFor()>;org.springframework.core.annotation.AttributeMethods.isValid;112;isAccessible=false;
Method.invoke;<jdk.proxy2.$Proxy141: java.lang.Class[] rollbackFor()>;org.springframework.util.ReflectionUtils.invokeMethod;282;isAccessible=false;
Method.invoke;<jdk.proxy2.$Proxy141: java.lang.String timeoutString()>;org.springframework.util.ReflectionUtils.invokeMethod;282;isAccessible=false;
Method.invoke;<jdk.proxy2.$Proxy141: java.lang.String transactionManager()>;org.springframework.util.ReflectionUtils.invokeMethod;282;isAccessible=false;
Method.invoke;<jdk.proxy2.$Proxy141: java.lang.String value()>;org.springframework.util.ReflectionUtils.invokeMethod;282;isAccessible=false;
Method.invoke;<jdk.proxy2.$Proxy141: java.lang.String[] label()>;org.springframework.util.ReflectionUtils.invokeMethod;282;isAccessible=false;
Method.invoke;<jdk.proxy2.$Proxy141: java.lang.String[] noRollbackForClassName()>;org.springframework.util.ReflectionUtils.invokeMethod;282;isAccessible=false;
Method.invoke;<jdk.proxy2.$Proxy141: java.lang.String[] rollbackForClassName()>;org.springframework.util.ReflectionUtils.invokeMethod;282;isAccessible=false;
Method.invoke;<jdk.proxy2.$Proxy141: org.springframework.transaction.annotation.Isolation isolation()>;org.springframework.core.annotation.AttributeMethods.isValid;112;isAccessible=false;
Method.invoke;<jdk.proxy2.$Proxy141: org.springframework.transaction.annotation.Isolation isolation()>;org.springframework.util.ReflectionUtils.invokeMethod;282;isAccessible=false;
Method.invoke;<jdk.proxy2.$Proxy141: org.springframework.transaction.annotation.Propagation propagation()>;org.springframework.core.annotation.AttributeMethods.isValid;112;isAccessible=false;
Method.invoke;<jdk.proxy2.$Proxy141: org.springframework.transaction.annotation.Propagation propagation()>;org.springframework.util.ReflectionUtils.invokeMethod;282;isAccessible=false;
Method.invoke;<jdk.proxy2.$Proxy147: boolean sync()>;org.springframework.util.ReflectionUtils.invokeMethod;282;isAccessible=false;
Method.invoke;<jdk.proxy2.$Proxy147: java.lang.String cacheManager()>;org.springframework.util.ReflectionUtils.invokeMethod;282;isAccessible=false;
Method.invoke;<jdk.proxy2.$Proxy147: java.lang.String cacheResolver()>;org.springframework.util.ReflectionUtils.invokeMethod;282;isAccessible=false;
Method.invoke;<jdk.proxy2.$Proxy147: java.lang.String condition()>;org.springframework.util.ReflectionUtils.invokeMethod;282;isAccessible=false;
Method.invoke;<jdk.proxy2.$Proxy147: java.lang.String key()>;org.springframework.util.ReflectionUtils.invokeMethod;282;isAccessible=false;
Method.invoke;<jdk.proxy2.$Proxy147: java.lang.String keyGenerator()>;org.springframework.util.ReflectionUtils.invokeMethod;282;isAccessible=false;
Method.invoke;<jdk.proxy2.$Proxy147: java.lang.String unless()>;org.springframework.util.ReflectionUtils.invokeMethod;282;isAccessible=false;
Method.invoke;<jdk.proxy2.$Proxy147: java.lang.String[] cacheNames()>;org.springframework.util.ReflectionUtils.invokeMethod;282;isAccessible=false;
Method.invoke;<jdk.proxy2.$Proxy147: java.lang.String[] value()>;org.springframework.util.ReflectionUtils.invokeMethod;282;isAccessible=false;
Method.invoke;<jdk.proxy2.$Proxy148: org.springframework.data.domain.Page findAll(org.springframework.data.domain.Pageable)>;org.springframework.aop.support.AopUtils.invokeJoinpointUsingReflection;344;isAccessible=false;
Method.invoke;<jdk.proxy2.$Proxy14: java.lang.Class[] classes()>;org.springframework.util.ReflectionUtils.invokeMethod;282;isAccessible=false;
Method.invoke;<jdk.proxy2.$Proxy14: java.lang.Class[] value()>;org.springframework.util.ReflectionUtils.invokeMethod;282;isAccessible=false;
Method.invoke;<jdk.proxy2.$Proxy14: java.lang.String[] pattern()>;org.springframework.util.ReflectionUtils.invokeMethod;282;isAccessible=false;
Method.invoke;<jdk.proxy2.$Proxy14: org.springframework.context.annotation.FilterType type()>;org.springframework.util.ReflectionUtils.invokeMethod;282;isAccessible=false;
Method.invoke;<jdk.proxy2.$Proxy150: java.lang.Class[] value()>;org.springframework.core.annotation.AttributeMethods.isValid;112;isAccessible=false;
Method.invoke;<jdk.proxy2.$Proxy151: java.lang.String value()>;org.springframework.util.ReflectionUtils.invokeMethod;282;isAccessible=false;
Method.invoke;<jdk.proxy2.$Proxy156: java.lang.Class producesFrom()>;org.springframework.core.annotation.AttributeMethods.isValid;112;isAccessible=false;
Method.invoke;<jdk.proxy2.$Proxy156: java.lang.Class producesFrom()>;org.springframework.util.ReflectionUtils.invokeMethod;282;isAccessible=false;
Method.invoke;<jdk.proxy2.$Proxy156: java.lang.String[] produces()>;org.springframework.util.ReflectionUtils.invokeMethod;282;isAccessible=false;
Method.invoke;<jdk.proxy2.$Proxy157: java.lang.Class producesFrom()>;org.springframework.core.annotation.AttributeMethods.isValid;112;isAccessible=false;
Method.invoke;<jdk.proxy2.$Proxy157: java.lang.Class producesFrom()>;org.springframework.util.ReflectionUtils.invokeMethod;282;isAccessible=false;
Method.invoke;<jdk.proxy2.$Proxy157: java.lang.String[] produces()>;org.springframework.util.ReflectionUtils.invokeMethod;282;isAccessible=false;
Method.invoke;<jdk.proxy2.$Proxy15: boolean lazyInit()>;org.springframework.util.ReflectionUtils.invokeMethod;282;isAccessible=false;
Method.invoke;<jdk.proxy2.$Proxy15: boolean useDefaultFilters()>;org.springframework.util.ReflectionUtils.invokeMethod;282;isAccessible=false;
Method.invoke;<jdk.proxy2.$Proxy15: java.lang.Class nameGenerator()>;org.springframework.core.annotation.AttributeMethods.isValid;112;isAccessible=false;
Method.invoke;<jdk.proxy2.$Proxy15: java.lang.Class nameGenerator()>;org.springframework.core.annotation.AttributeMethods.validate;137;isAccessible=false;
Method.invoke;<jdk.proxy2.$Proxy15: java.lang.Class scopeResolver()>;org.springframework.core.annotation.AttributeMethods.isValid;112;isAccessible=false;
Method.invoke;<jdk.proxy2.$Proxy15: java.lang.Class scopeResolver()>;org.springframework.core.annotation.AttributeMethods.validate;137;isAccessible=false;
Method.invoke;<jdk.proxy2.$Proxy15: java.lang.Class scopeResolver()>;org.springframework.util.ReflectionUtils.invokeMethod;282;isAccessible=false;
Method.invoke;<jdk.proxy2.$Proxy15: java.lang.Class[] basePackageClasses()>;org.springframework.core.annotation.AttributeMethods.isValid;112;isAccessible=false;
Method.invoke;<jdk.proxy2.$Proxy15: java.lang.Class[] basePackageClasses()>;org.springframework.core.annotation.AttributeMethods.validate;137;isAccessible=false;
Method.invoke;<jdk.proxy2.$Proxy15: java.lang.String resourcePattern()>;org.springframework.util.ReflectionUtils.invokeMethod;282;isAccessible=false;
Method.invoke;<jdk.proxy2.$Proxy15: java.lang.String[] basePackages()>;org.springframework.util.ReflectionUtils.invokeMethod;282;isAccessible=false;
Method.invoke;<jdk.proxy2.$Proxy15: java.lang.String[] value()>;org.springframework.util.ReflectionUtils.invokeMethod;282;isAccessible=false;
Method.invoke;<jdk.proxy2.$Proxy15: org.springframework.context.annotation.ComponentScan$Filter[] excludeFilters()>;org.springframework.util.ReflectionUtils.invokeMethod;282;isAccessible=false;
Method.invoke;<jdk.proxy2.$Proxy15: org.springframework.context.annotation.ComponentScan$Filter[] includeFilters()>;org.springframework.util.ReflectionUtils.invokeMethod;282;isAccessible=false;
Method.invoke;<jdk.proxy2.$Proxy15: org.springframework.context.annotation.ScopedProxyMode scopedProxy()>;org.springframework.core.annotation.AttributeMethods.isValid;112;isAccessible=false;
Method.invoke;<jdk.proxy2.$Proxy15: org.springframework.context.annotation.ScopedProxyMode scopedProxy()>;org.springframework.core.annotation.AttributeMethods.validate;137;isAccessible=false;
Method.invoke;<jdk.proxy2.$Proxy15: org.springframework.context.annotation.ScopedProxyMode scopedProxy()>;org.springframework.util.ReflectionUtils.invokeMethod;282;isAccessible=false;
Method.invoke;<jdk.proxy2.$Proxy160: java.lang.Class producesFrom()>;org.springframework.core.annotation.AttributeMethods.isValid;112;isAccessible=false;
Method.invoke;<jdk.proxy2.$Proxy160: java.lang.Class producesFrom()>;org.springframework.util.ReflectionUtils.invokeMethod;282;isAccessible=false;
Method.invoke;<jdk.proxy2.$Proxy160: java.lang.String[] produces()>;org.springframework.util.ReflectionUtils.invokeMethod;282;isAccessible=false;
Method.invoke;<jdk.proxy2.$Proxy161: boolean required()>;org.springframework.util.ReflectionUtils.invokeMethod;282;isAccessible=false;
Method.invoke;<jdk.proxy2.$Proxy161: java.lang.String name()>;org.springframework.util.ReflectionUtils.invokeMethod;282;isAccessible=false;
Method.invoke;<jdk.proxy2.$Proxy161: java.lang.String value()>;org.springframework.util.ReflectionUtils.invokeMethod;282;isAccessible=false;
Method.invoke;<jdk.proxy2.$Proxy162: boolean required()>;org.springframework.util.ReflectionUtils.invokeMethod;282;isAccessible=false;
Method.invoke;<jdk.proxy2.$Proxy162: java.lang.String name()>;org.springframework.util.ReflectionUtils.invokeMethod;282;isAccessible=false;
Method.invoke;<jdk.proxy2.$Proxy162: java.lang.String value()>;org.springframework.util.ReflectionUtils.invokeMethod;282;isAccessible=false;
Method.invoke;<jdk.proxy2.$Proxy164: boolean required()>;org.springframework.util.ReflectionUtils.invokeMethod;282;isAccessible=false;
Method.invoke;<jdk.proxy2.$Proxy164: java.lang.String defaultValue()>;org.springframework.util.ReflectionUtils.invokeMethod;282;isAccessible=false;
Method.invoke;<jdk.proxy2.$Proxy164: java.lang.String name()>;org.springframework.util.ReflectionUtils.invokeMethod;282;isAccessible=false;
Method.invoke;<jdk.proxy2.$Proxy164: java.lang.String value()>;org.springframework.util.ReflectionUtils.invokeMethod;282;isAccessible=false;
Method.invoke;<jdk.proxy2.$Proxy165: boolean required()>;org.springframework.util.ReflectionUtils.invokeMethod;282;isAccessible=false;
Method.invoke;<jdk.proxy2.$Proxy165: java.lang.String defaultValue()>;org.springframework.util.ReflectionUtils.invokeMethod;282;isAccessible=false;
Method.invoke;<jdk.proxy2.$Proxy165: java.lang.String name()>;org.springframework.util.ReflectionUtils.invokeMethod;282;isAccessible=false;
Method.invoke;<jdk.proxy2.$Proxy165: java.lang.String value()>;org.springframework.util.ReflectionUtils.invokeMethod;282;isAccessible=false;
Method.invoke;<jdk.proxy2.$Proxy16: boolean proxyBeanMethods()>;org.springframework.util.ReflectionUtils.invokeMethod;282;isAccessible=false;
Method.invoke;<jdk.proxy2.$Proxy16: java.lang.String value()>;org.springframework.util.ReflectionUtils.invokeMethod;282;isAccessible=false;
Method.invoke;<jdk.proxy2.$Proxy17: java.lang.Class[] basePackageClasses()>;org.springframework.core.annotation.AttributeMethods.isValid;112;isAccessible=false;
Method.invoke;<jdk.proxy2.$Proxy17: java.lang.Class[] basePackageClasses()>;org.springframework.core.annotation.AttributeMethods.validate;137;isAccessible=false;
Method.invoke;<jdk.proxy2.$Proxy17: java.lang.Class[] basePackageClasses()>;org.springframework.util.ReflectionUtils.invokeMethod;282;isAccessible=false;
Method.invoke;<jdk.proxy2.$Proxy17: java.lang.String[] basePackages()>;org.springframework.util.ReflectionUtils.invokeMethod;282;isAccessible=false;
Method.invoke;<jdk.proxy2.$Proxy18: java.lang.Class[] value()>;org.springframework.core.annotation.AttributeMethods.isValid;112;isAccessible=false;
Method.invoke;<jdk.proxy2.$Proxy18: java.lang.Class[] value()>;org.springframework.core.annotation.AttributeMethods.validate;137;isAccessible=false;
Method.invoke;<jdk.proxy2.$Proxy18: java.lang.Class[] value()>;org.springframework.util.ReflectionUtils.invokeMethod;282;isAccessible=false;
Method.invoke;<jdk.proxy2.$Proxy23: java.lang.String name()>;org.springframework.util.ReflectionUtils.invokeMethod;282;isAccessible=false;
Method.invoke;<jdk.proxy2.$Proxy23: java.lang.String[] consumes()>;org.springframework.util.ReflectionUtils.invokeMethod;282;isAccessible=false;
Method.invoke;<jdk.proxy2.$Proxy23: java.lang.String[] headers()>;org.springframework.util.ReflectionUtils.invokeMethod;282;isAccessible=false;
Method.invoke;<jdk.proxy2.$Proxy23: java.lang.String[] params()>;org.springframework.util.ReflectionUtils.invokeMethod;282;isAccessible=false;
Method.invoke;<jdk.proxy2.$Proxy23: java.lang.String[] path()>;org.springframework.util.ReflectionUtils.invokeMethod;282;isAccessible=false;
Method.invoke;<jdk.proxy2.$Proxy23: java.lang.String[] produces()>;org.springframework.util.ReflectionUtils.invokeMethod;282;isAccessible=false;
Method.invoke;<jdk.proxy2.$Proxy23: java.lang.String[] value()>;org.springframework.util.ReflectionUtils.invokeMethod;282;isAccessible=false;
Method.invoke;<jdk.proxy2.$Proxy23: org.springframework.web.bind.annotation.RequestMethod[] method()>;org.springframework.util.ReflectionUtils.invokeMethod;282;isAccessible=false;
Method.invoke;<jdk.proxy2.$Proxy26: java.lang.Class[] value()>;org.springframework.core.annotation.AttributeMethods.isValid;112;isAccessible=false;
Method.invoke;<jdk.proxy2.$Proxy27: java.lang.Class[] value()>;org.springframework.core.annotation.AttributeMethods.isValid;112;isAccessible=false;
Method.invoke;<jdk.proxy2.$Proxy28: java.lang.Class[] value()>;org.springframework.core.annotation.AttributeMethods.isValid;112;isAccessible=false;
Method.invoke;<jdk.proxy2.$Proxy28: java.lang.Class[] value()>;org.springframework.util.ReflectionUtils.invokeMethod;282;isAccessible=false;
Method.invoke;<jdk.proxy2.$Proxy29: java.lang.Class[] annotation()>;org.springframework.core.annotation.AttributeMethods.isValid;112;isAccessible=false;
Method.invoke;<jdk.proxy2.$Proxy29: java.lang.Class[] annotation()>;org.springframework.util.ReflectionUtils.invokeMethod;282;isAccessible=false;
Method.invoke;<jdk.proxy2.$Proxy29: java.lang.Class[] ignored()>;org.springframework.core.annotation.AttributeMethods.isValid;112;isAccessible=false;
Method.invoke;<jdk.proxy2.$Proxy29: java.lang.Class[] ignored()>;org.springframework.util.ReflectionUtils.invokeMethod;282;isAccessible=false;
Method.invoke;<jdk.proxy2.$Proxy29: java.lang.Class[] parameterizedContainer()>;org.springframework.core.annotation.AttributeMethods.isValid;112;isAccessible=false;
Method.invoke;<jdk.proxy2.$Proxy29: java.lang.Class[] parameterizedContainer()>;org.springframework.util.ReflectionUtils.invokeMethod;282;isAccessible=false;
Method.invoke;<jdk.proxy2.$Proxy29: java.lang.Class[] value()>;org.springframework.core.annotation.AttributeMethods.isValid;112;isAccessible=false;
Method.invoke;<jdk.proxy2.$Proxy29: java.lang.String[] ignoredType()>;org.springframework.util.ReflectionUtils.invokeMethod;282;isAccessible=false;
Method.invoke;<jdk.proxy2.$Proxy29: java.lang.String[] name()>;org.springframework.util.ReflectionUtils.invokeMethod;282;isAccessible=false;
Method.invoke;<jdk.proxy2.$Proxy29: java.lang.String[] type()>;org.springframework.util.ReflectionUtils.invokeMethod;282;isAccessible=false;
Method.invoke;<jdk.proxy2.$Proxy29: org.springframework.boot.autoconfigure.condition.SearchStrategy search()>;org.springframework.core.annotation.AttributeMethods.isValid;112;isAccessible=false;
Method.invoke;<jdk.proxy2.$Proxy29: org.springframework.boot.autoconfigure.condition.SearchStrategy search()>;org.springframework.util.ReflectionUtils.invokeMethod;282;isAccessible=false;
Method.invoke;<jdk.proxy2.$Proxy30: boolean enableByDefault()>;org.springframework.util.ReflectionUtils.invokeMethod;282;isAccessible=false;
Method.invoke;<jdk.proxy2.$Proxy30: java.lang.String id()>;org.springframework.util.ReflectionUtils.invokeMethod;282;isAccessible=false;
Method.invoke;<jdk.proxy2.$Proxy31: boolean enableByDefault()>;org.springframework.util.ReflectionUtils.invokeMethod;282;isAccessible=false;
Method.invoke;<jdk.proxy2.$Proxy31: java.lang.String id()>;org.springframework.util.ReflectionUtils.invokeMethod;282;isAccessible=false;
Method.invoke;<jdk.proxy2.$Proxy32: java.lang.Class value()>;org.springframework.core.annotation.AttributeMethods.isValid;112;isAccessible=false;
Method.invoke;<jdk.proxy2.$Proxy32: java.lang.Class value()>;org.springframework.util.ReflectionUtils.invokeMethod;282;isAccessible=false;
Method.invoke;<jdk.proxy2.$Proxy33: boolean autowireCandidate()>;org.springframework.util.ReflectionUtils.invokeMethod;282;isAccessible=false;
Method.invoke;<jdk.proxy2.$Proxy33: java.lang.String destroyMethod()>;org.springframework.util.ReflectionUtils.invokeMethod;282;isAccessible=false;
Method.invoke;<jdk.proxy2.$Proxy33: java.lang.String initMethod()>;org.springframework.util.ReflectionUtils.invokeMethod;282;isAccessible=false;
Method.invoke;<jdk.proxy2.$Proxy33: java.lang.String[] name()>;org.springframework.util.ReflectionUtils.invokeMethod;282;isAccessible=false;
Method.invoke;<jdk.proxy2.$Proxy33: java.lang.String[] value()>;org.springframework.util.ReflectionUtils.invokeMethod;282;isAccessible=false;
Method.invoke;<jdk.proxy2.$Proxy33: org.springframework.beans.factory.annotation.Autowire autowire()>;org.springframework.core.annotation.AttributeMethods.isValid;112;isAccessible=false;
Method.invoke;<jdk.proxy2.$Proxy33: org.springframework.beans.factory.annotation.Autowire autowire()>;org.springframework.util.ReflectionUtils.invokeMethod;282;isAccessible=false;
Method.invoke;<jdk.proxy2.$Proxy35: boolean ignoreInvalidFields()>;org.springframework.util.ReflectionUtils.invokeMethod;282;isAccessible=false;
Method.invoke;<jdk.proxy2.$Proxy35: boolean ignoreUnknownFields()>;org.springframework.util.ReflectionUtils.invokeMethod;282;isAccessible=false;
Method.invoke;<jdk.proxy2.$Proxy35: java.lang.String prefix()>;org.springframework.util.ReflectionUtils.invokeMethod;282;isAccessible=false;
Method.invoke;<jdk.proxy2.$Proxy35: java.lang.String value()>;org.springframework.util.ReflectionUtils.invokeMethod;282;isAccessible=false;
Method.invoke;<jdk.proxy2.$Proxy36: java.lang.Class[] value()>;org.springframework.core.annotation.AttributeMethods.isValid;112;isAccessible=false;
Method.invoke;<jdk.proxy2.$Proxy37: java.lang.Class[] annotation()>;org.springframework.core.annotation.AttributeMethods.isValid;112;isAccessible=false;
Method.invoke;<jdk.proxy2.$Proxy37: java.lang.Class[] parameterizedContainer()>;org.springframework.core.annotation.AttributeMethods.isValid;112;isAccessible=false;
Method.invoke;<jdk.proxy2.$Proxy37: java.lang.Class[] value()>;org.springframework.core.annotation.AttributeMethods.isValid;112;isAccessible=false;
Method.invoke;<jdk.proxy2.$Proxy37: org.springframework.boot.autoconfigure.condition.SearchStrategy search()>;org.springframework.core.annotation.AttributeMethods.isValid;112;isAccessible=false;
Method.invoke;<jdk.proxy2.$Proxy3: int value()>;org.springframework.util.ReflectionUtils.invokeMethod;282;isAccessible=false;
Method.invoke;<jdk.proxy2.$Proxy40: java.lang.Class[] value()>;org.springframework.core.annotation.AttributeMethods.isValid;112;isAccessible=false;
Method.invoke;<jdk.proxy2.$Proxy42: org.springframework.context.annotation.ScopedProxyMode proxyMode()>;org.springframework.core.annotation.AttributeMethods.isValid;112;isAccessible=false;
Method.invoke;<jdk.proxy2.$Proxy44: java.lang.Class endpoint()>;org.springframework.core.annotation.AttributeMethods.isValid;112;isAccessible=false;
Method.invoke;<jdk.proxy2.$Proxy44: java.lang.Class endpoint()>;org.springframework.util.ReflectionUtils.invokeMethod;282;isAccessible=false;
Method.invoke;<jdk.proxy2.$Proxy45: java.lang.Class endpoint()>;org.springframework.core.annotation.AttributeMethods.isValid;112;isAccessible=false;
Method.invoke;<jdk.proxy2.$Proxy45: java.lang.Class filter()>;org.springframework.core.annotation.AttributeMethods.isValid;112;isAccessible=false;
Method.invoke;<jdk.proxy2.$Proxy45: java.lang.Class filter()>;org.springframework.util.ReflectionUtils.invokeMethod;282;isAccessible=false;
Method.invoke;<jdk.proxy2.$Proxy46: java.lang.Class endpoint()>;org.springframework.core.annotation.AttributeMethods.isValid;112;isAccessible=false;
Method.invoke;<jdk.proxy2.$Proxy48: org.springframework.boot.actuate.autoconfigure.info.InfoContributorFallback fallback()>;org.springframework.core.annotation.AttributeMethods.isValid;112;isAccessible=false;
Method.invoke;<jdk.proxy2.$Proxy49: java.lang.Class value()>;org.springframework.core.annotation.AttributeMethods.isValid;112;isAccessible=false;
Method.invoke;<jdk.proxy2.$Proxy49: org.springframework.boot.autoconfigure.condition.SearchStrategy search()>;org.springframework.core.annotation.AttributeMethods.isValid;112;isAccessible=false;
Method.invoke;<jdk.proxy2.$Proxy51: boolean considerNestedRepositories()>;org.springframework.util.ReflectionUtils.invokeMethod;282;isAccessible=false;
Method.invoke;<jdk.proxy2.$Proxy51: boolean enableDefaultTransactions()>;org.springframework.util.ReflectionUtils.invokeMethod;282;isAccessible=false;
Method.invoke;<jdk.proxy2.$Proxy51: char escapeCharacter()>;org.springframework.util.ReflectionUtils.invokeMethod;282;isAccessible=false;
Method.invoke;<jdk.proxy2.$Proxy51: java.lang.Class repositoryBaseClass()>;org.springframework.core.annotation.AttributeMethods.isValid;112;isAccessible=false;
Method.invoke;<jdk.proxy2.$Proxy51: java.lang.Class repositoryBaseClass()>;org.springframework.util.ReflectionUtils.invokeMethod;282;isAccessible=false;
Method.invoke;<jdk.proxy2.$Proxy51: java.lang.Class repositoryFactoryBeanClass()>;org.springframework.core.annotation.AttributeMethods.isValid;112;isAccessible=false;
Method.invoke;<jdk.proxy2.$Proxy51: java.lang.Class repositoryFactoryBeanClass()>;org.springframework.util.ReflectionUtils.invokeMethod;282;isAccessible=false;
Method.invoke;<jdk.proxy2.$Proxy51: java.lang.Class[] basePackageClasses()>;org.springframework.core.annotation.AttributeMethods.isValid;112;isAccessible=false;
Method.invoke;<jdk.proxy2.$Proxy51: java.lang.Class[] basePackageClasses()>;org.springframework.util.ReflectionUtils.invokeMethod;282;isAccessible=false;
Method.invoke;<jdk.proxy2.$Proxy51: java.lang.String entityManagerFactoryRef()>;org.springframework.util.ReflectionUtils.invokeMethod;282;isAccessible=false;
Method.invoke;<jdk.proxy2.$Proxy51: java.lang.String namedQueriesLocation()>;org.springframework.util.ReflectionUtils.invokeMethod;282;isAccessible=false;
Method.invoke;<jdk.proxy2.$Proxy51: java.lang.String repositoryImplementationPostfix()>;org.springframework.util.ReflectionUtils.invokeMethod;282;isAccessible=false;
Method.invoke;<jdk.proxy2.$Proxy51: java.lang.String transactionManagerRef()>;org.springframework.util.ReflectionUtils.invokeMethod;282;isAccessible=false;
Method.invoke;<jdk.proxy2.$Proxy51: java.lang.String[] basePackages()>;org.springframework.util.ReflectionUtils.invokeMethod;282;isAccessible=false;
Method.invoke;<jdk.proxy2.$Proxy51: java.lang.String[] value()>;org.springframework.util.ReflectionUtils.invokeMethod;282;isAccessible=false;
Method.invoke;<jdk.proxy2.$Proxy51: org.springframework.context.annotation.ComponentScan$Filter[] excludeFilters()>;org.springframework.util.ReflectionUtils.invokeMethod;282;isAccessible=false;
Method.invoke;<jdk.proxy2.$Proxy51: org.springframework.context.annotation.ComponentScan$Filter[] includeFilters()>;org.springframework.util.ReflectionUtils.invokeMethod;282;isAccessible=false;
Method.invoke;<jdk.proxy2.$Proxy51: org.springframework.data.repository.config.BootstrapMode bootstrapMode()>;org.springframework.core.annotation.AttributeMethods.isValid;112;isAccessible=false;
Method.invoke;<jdk.proxy2.$Proxy51: org.springframework.data.repository.config.BootstrapMode bootstrapMode()>;org.springframework.util.ReflectionUtils.invokeMethod;282;isAccessible=false;
Method.invoke;<jdk.proxy2.$Proxy51: org.springframework.data.repository.query.QueryLookupStrategy$Key queryLookupStrategy()>;org.springframework.core.annotation.AttributeMethods.isValid;112;isAccessible=false;
Method.invoke;<jdk.proxy2.$Proxy51: org.springframework.data.repository.query.QueryLookupStrategy$Key queryLookupStrategy()>;org.springframework.util.ReflectionUtils.invokeMethod;282;isAccessible=false;
Method.invoke;<jdk.proxy2.$Proxy55: org.springframework.context.annotation.AdviceMode mode()>;org.springframework.core.annotation.AttributeMethods.isValid;112;isAccessible=false;
Method.invoke;<jdk.proxy2.$Proxy56: boolean required()>;org.springframework.util.ReflectionUtils.invokeMethod;282;isAccessible=false;
Method.invoke;<jdk.proxy2.$Proxy57: java.lang.Class[] after()>;org.springframework.core.annotation.AttributeMethods.isValid;112;isAccessible=false;
Method.invoke;<jdk.proxy2.$Proxy57: java.lang.Class[] before()>;org.springframework.core.annotation.AttributeMethods.isValid;112;isAccessible=false;
Method.invoke;<jdk.proxy2.$Proxy59: java.lang.Class[] value()>;org.springframework.core.annotation.AttributeMethods.isValid;112;isAccessible=false;
Method.invoke;<jdk.proxy2.$Proxy60: org.springframework.boot.autoconfigure.condition.ConditionalOnWebApplication$Type type()>;org.springframework.core.annotation.AttributeMethods.isValid;112;isAccessible=false;
Method.invoke;<jdk.proxy2.$Proxy66: org.springframework.context.annotation.AdviceMode mode()>;org.springframework.core.annotation.AttributeMethods.isValid;112;isAccessible=false;
Method.invoke;<jdk.proxy2.$Proxy67: org.springframework.boot.actuate.autoconfigure.web.ManagementContextType value()>;org.springframework.core.annotation.AttributeMethods.isValid;112;isAccessible=false;
Method.invoke;<jdk.proxy2.$Proxy69: org.springframework.boot.actuate.autoconfigure.web.server.ManagementPortType value()>;org.springframework.core.annotation.AttributeMethods.isValid;112;isAccessible=false;
Method.invoke;<jdk.proxy2.$Proxy6: java.lang.String value()>;org.springframework.util.ReflectionUtils.invokeMethod;282;isAccessible=false;
Method.invoke;<jdk.proxy2.$Proxy70: javax.persistence.PersistenceContextType type()>;org.springframework.core.annotation.AttributeMethods.isValid;112;isAccessible=false;
Method.invoke;<jdk.proxy2.$Proxy70: javax.persistence.SynchronizationType synchronization()>;org.springframework.core.annotation.AttributeMethods.isValid;112;isAccessible=false;
Method.invoke;<jdk.proxy2.$Proxy73: java.time.temporal.ChronoUnit value()>;org.springframework.core.annotation.AttributeMethods.isValid;112;isAccessible=false;
Method.invoke;<jdk.proxy2.$Proxy98: boolean optional()>;net.bytebuddy.description.annotation.AnnotationDescription$ForLoadedAnnotation.getValue;803;isAccessible=false;
Method.invoke;<jdk.proxy2.$Proxy99: boolean cache()>;net.bytebuddy.description.annotation.AnnotationDescription$ForLoadedAnnotation.getValue;803;isAccessible=false;
Method.invoke;<jdk.proxy2.$Proxy99: boolean privileged()>;net.bytebuddy.description.annotation.AnnotationDescription$ForLoadedAnnotation.getValue;803;isAccessible=false;
Method.invoke;<jdk.proxy4.$Proxy120: java.lang.Class type()>;org.springframework.core.annotation.AttributeMethods.isValid;112;isAccessible=false;
Method.invoke;<net.bytebuddy.implementation.bind.annotation.AllArguments$Assignment: net.bytebuddy.implementation.bind.annotation.AllArguments$Assignment[] values()>;java.lang.Class.getEnumConstantsShared;;isAccessible=true;
Method.invoke;<nonapi.io.github.classgraph.classloaderhandler.AntClassLoaderHandler: boolean canHandle(java.lang.Class,nonapi.io.github.classgraph.utils.LogNode)>;nonapi.io.github.classgraph.classloaderhandler.ClassLoaderHandlerRegistry$ClassLoaderHandlerRegistryEntry.canHandle;192;isAccessible=false;
Method.invoke;<nonapi.io.github.classgraph.classloaderhandler.ClassGraphClassLoaderHandler: boolean canHandle(java.lang.Class,nonapi.io.github.classgraph.utils.LogNode)>;nonapi.io.github.classgraph.classloaderhandler.ClassLoaderHandlerRegistry$ClassLoaderHandlerRegistryEntry.canHandle;192;isAccessible=false;
Method.invoke;<nonapi.io.github.classgraph.classloaderhandler.CxfContainerClassLoaderHandler: boolean canHandle(java.lang.Class,nonapi.io.github.classgraph.utils.LogNode)>;nonapi.io.github.classgraph.classloaderhandler.ClassLoaderHandlerRegistry$ClassLoaderHandlerRegistryEntry.canHandle;192;isAccessible=false;
Method.invoke;<nonapi.io.github.classgraph.classloaderhandler.EquinoxClassLoaderHandler: boolean canHandle(java.lang.Class,nonapi.io.github.classgraph.utils.LogNode)>;nonapi.io.github.classgraph.classloaderhandler.ClassLoaderHandlerRegistry$ClassLoaderHandlerRegistryEntry.canHandle;192;isAccessible=false;
Method.invoke;<nonapi.io.github.classgraph.classloaderhandler.EquinoxContextFinderClassLoaderHandler: boolean canHandle(java.lang.Class,nonapi.io.github.classgraph.utils.LogNode)>;nonapi.io.github.classgraph.classloaderhandler.ClassLoaderHandlerRegistry$ClassLoaderHandlerRegistryEntry.canHandle;192;isAccessible=false;
Method.invoke;<nonapi.io.github.classgraph.classloaderhandler.FelixClassLoaderHandler: boolean canHandle(java.lang.Class,nonapi.io.github.classgraph.utils.LogNode)>;nonapi.io.github.classgraph.classloaderhandler.ClassLoaderHandlerRegistry$ClassLoaderHandlerRegistryEntry.canHandle;192;isAccessible=false;
Method.invoke;<nonapi.io.github.classgraph.classloaderhandler.JBossClassLoaderHandler: boolean canHandle(java.lang.Class,nonapi.io.github.classgraph.utils.LogNode)>;nonapi.io.github.classgraph.classloaderhandler.ClassLoaderHandlerRegistry$ClassLoaderHandlerRegistryEntry.canHandle;192;isAccessible=false;
Method.invoke;<nonapi.io.github.classgraph.classloaderhandler.JPMSClassLoaderHandler: boolean canHandle(java.lang.Class,nonapi.io.github.classgraph.utils.LogNode)>;nonapi.io.github.classgraph.classloaderhandler.ClassLoaderHandlerRegistry$ClassLoaderHandlerRegistryEntry.canHandle;192;isAccessible=false;
Method.invoke;<nonapi.io.github.classgraph.classloaderhandler.JPMSClassLoaderHandler: void findClassLoaderOrder(java.lang.ClassLoader,nonapi.io.github.classgraph.classpath.ClassLoaderOrder,nonapi.io.github.classgraph.utils.LogNode)>;nonapi.io.github.classgraph.classloaderhandler.ClassLoaderHandlerRegistry$ClassLoaderHandlerRegistryEntry.findClassLoaderOrder;213;isAccessible=false;
Method.invoke;<nonapi.io.github.classgraph.classloaderhandler.JPMSClassLoaderHandler: void findClasspathOrder(java.lang.ClassLoader,nonapi.io.github.classgraph.classpath.ClasspathOrder,nonapi.io.github.classgraph.scanspec.ScanSpec,nonapi.io.github.classgraph.utils.LogNode)>;nonapi.io.github.classgraph.classloaderhandler.ClassLoaderHandlerRegistry$ClassLoaderHandlerRegistryEntry.findClasspathOrder;236;isAccessible=false;
Method.invoke;<nonapi.io.github.classgraph.classloaderhandler.OSGiDefaultClassLoaderHandler: boolean canHandle(java.lang.Class,nonapi.io.github.classgraph.utils.LogNode)>;nonapi.io.github.classgraph.classloaderhandler.ClassLoaderHandlerRegistry$ClassLoaderHandlerRegistryEntry.canHandle;192;isAccessible=false;
Method.invoke;<nonapi.io.github.classgraph.classloaderhandler.ParentLastDelegationOrderTestClassLoaderHandler: boolean canHandle(java.lang.Class,nonapi.io.github.classgraph.utils.LogNode)>;nonapi.io.github.classgraph.classloaderhandler.ClassLoaderHandlerRegistry$ClassLoaderHandlerRegistryEntry.canHandle;192;isAccessible=false;
Method.invoke;<nonapi.io.github.classgraph.classloaderhandler.PlexusClassWorldsClassRealmClassLoaderHandler: boolean canHandle(java.lang.Class,nonapi.io.github.classgraph.utils.LogNode)>;nonapi.io.github.classgraph.classloaderhandler.ClassLoaderHandlerRegistry$ClassLoaderHandlerRegistryEntry.canHandle;192;isAccessible=false;
Method.invoke;<nonapi.io.github.classgraph.classloaderhandler.QuarkusClassLoaderHandler: boolean canHandle(java.lang.Class,nonapi.io.github.classgraph.utils.LogNode)>;nonapi.io.github.classgraph.classloaderhandler.ClassLoaderHandlerRegistry$ClassLoaderHandlerRegistryEntry.canHandle;192;isAccessible=false;
Method.invoke;<nonapi.io.github.classgraph.classloaderhandler.SpringBootRestartClassLoaderHandler: boolean canHandle(java.lang.Class,nonapi.io.github.classgraph.utils.LogNode)>;nonapi.io.github.classgraph.classloaderhandler.ClassLoaderHandlerRegistry$ClassLoaderHandlerRegistryEntry.canHandle;192;isAccessible=false;
Method.invoke;<nonapi.io.github.classgraph.classloaderhandler.TomcatWebappClassLoaderBaseHandler: boolean canHandle(java.lang.Class,nonapi.io.github.classgraph.utils.LogNode)>;nonapi.io.github.classgraph.classloaderhandler.ClassLoaderHandlerRegistry$ClassLoaderHandlerRegistryEntry.canHandle;192;isAccessible=false;
Method.invoke;<nonapi.io.github.classgraph.classloaderhandler.URLClassLoaderHandler: boolean canHandle(java.lang.Class,nonapi.io.github.classgraph.utils.LogNode)>;nonapi.io.github.classgraph.classloaderhandler.ClassLoaderHandlerRegistry$ClassLoaderHandlerRegistryEntry.canHandle;192;isAccessible=false;
Method.invoke;<nonapi.io.github.classgraph.classloaderhandler.URLClassLoaderHandler: void findClassLoaderOrder(java.lang.ClassLoader,nonapi.io.github.classgraph.classpath.ClassLoaderOrder,nonapi.io.github.classgraph.utils.LogNode)>;nonapi.io.github.classgraph.classloaderhandler.ClassLoaderHandlerRegistry$ClassLoaderHandlerRegistryEntry.findClassLoaderOrder;213;isAccessible=false;
Method.invoke;<nonapi.io.github.classgraph.classloaderhandler.URLClassLoaderHandler: void findClasspathOrder(java.lang.ClassLoader,nonapi.io.github.classgraph.classpath.ClasspathOrder,nonapi.io.github.classgraph.scanspec.ScanSpec,nonapi.io.github.classgraph.utils.LogNode)>;nonapi.io.github.classgraph.classloaderhandler.ClassLoaderHandlerRegistry$ClassLoaderHandlerRegistryEntry.findClasspathOrder;236;isAccessible=false;
Method.invoke;<nonapi.io.github.classgraph.classloaderhandler.UnoOneJarClassLoaderHandler: boolean canHandle(java.lang.Class,nonapi.io.github.classgraph.utils.LogNode)>;nonapi.io.github.classgraph.classloaderhandler.ClassLoaderHandlerRegistry$ClassLoaderHandlerRegistryEntry.canHandle;192;isAccessible=false;
Method.invoke;<nonapi.io.github.classgraph.classloaderhandler.WeblogicClassLoaderHandler: boolean canHandle(java.lang.Class,nonapi.io.github.classgraph.utils.LogNode)>;nonapi.io.github.classgraph.classloaderhandler.ClassLoaderHandlerRegistry$ClassLoaderHandlerRegistryEntry.canHandle;192;isAccessible=false;
Method.invoke;<nonapi.io.github.classgraph.classloaderhandler.WebsphereLibertyClassLoaderHandler: boolean canHandle(java.lang.Class,nonapi.io.github.classgraph.utils.LogNode)>;nonapi.io.github.classgraph.classloaderhandler.ClassLoaderHandlerRegistry$ClassLoaderHandlerRegistryEntry.canHandle;192;isAccessible=false;
Method.invoke;<nonapi.io.github.classgraph.classloaderhandler.WebsphereTraditionalClassLoaderHandler: boolean canHandle(java.lang.Class,nonapi.io.github.classgraph.utils.LogNode)>;nonapi.io.github.classgraph.classloaderhandler.ClassLoaderHandlerRegistry$ClassLoaderHandlerRegistryEntry.canHandle;192;isAccessible=false;
Method.invoke;<org.apache.coyote.AbstractProtocol: boolean setProperty(java.lang.String,java.lang.String)>;org.apache.tomcat.util.IntrospectionUtils.setProperty;177;isAccessible=false;
Method.invoke;<org.apache.coyote.AbstractProtocol: int getLocalPort()>;org.apache.tomcat.util.IntrospectionUtils.getProperty;248;isAccessible=false;
Method.invoke;<org.apache.coyote.AbstractProtocol: java.net.InetAddress getAddress()>;org.apache.tomcat.util.IntrospectionUtils.getProperty;248;isAccessible=false;
Method.invoke;<org.apache.coyote.AbstractProtocol: void setPort(int)>;org.apache.tomcat.util.IntrospectionUtils.setProperty;150;isAccessible=false;
Method.invoke;<org.apache.coyote.http11.AbstractHttp11Protocol: boolean isSSLEnabled()>;org.apache.tomcat.util.IntrospectionUtils.getProperty;251;isAccessible=false;
Method.invoke;<org.apache.logging.log4j.spi.StandardLevel: org.apache.logging.log4j.spi.StandardLevel[] values()>;java.lang.Class.getEnumConstantsShared;;isAccessible=true;
Method.invoke;<org.apache.tomcat.util.net.AbstractEndpoint: void setBindOnInit(boolean)>;org.apache.tomcat.util.IntrospectionUtils.setProperty;150;isAccessible=false;
Method.invoke;<org.dacapo.harness.Callback: org.dacapo.harness.Callback getCallback()>;org.apache.tomcat.util.threads.ThreadPoolExecutor.<init>;1380;isAccessible=false;
Method.invoke;<org.dacapo.harness.TestHarness: void main(java.lang.String[])>;Harness.main;39;isAccessible=false;
Method.invoke;<org.dacapo.spring.Client: void reset(java.lang.String[],int,int)>;org.dacapo.harness.Spring.preIteration;104;isAccessible=false;
Method.invoke;<org.dacapo.spring.Launcher: void launch(java.lang.String)>;org.dacapo.harness.Spring.prepare;57;isAccessible=false;
Method.invoke;<org.ehcache.core.statistics.AuthoritativeTierOperationOutcomes$GetAndFaultOutcome: org.ehcache.core.statistics.AuthoritativeTierOperationOutcomes$GetAndFaultOutcome[] values()>;java.lang.Class.getEnumConstantsShared;;isAccessible=true;
Method.invoke;<org.ehcache.core.statistics.BulkOps: org.ehcache.core.statistics.BulkOps[] values()>;java.lang.Class.getEnumConstantsShared;;isAccessible=true;
Method.invoke;<org.ehcache.core.statistics.CacheOperationOutcomes$ClearOutcome: org.ehcache.core.statistics.CacheOperationOutcomes$ClearOutcome[] values()>;java.lang.Class.getEnumConstantsShared;;isAccessible=true;
Method.invoke;<org.ehcache.core.statistics.CacheOperationOutcomes$ConditionalRemoveOutcome: org.ehcache.core.statistics.CacheOperationOutcomes$ConditionalRemoveOutcome[] values()>;java.lang.Class.getEnumConstantsShared;;isAccessible=true;
Method.invoke;<org.ehcache.core.statistics.CacheOperationOutcomes$GetAllOutcome: org.ehcache.core.statistics.CacheOperationOutcomes$GetAllOutcome[] values()>;java.lang.Class.getEnumConstantsShared;;isAccessible=true;
Method.invoke;<org.ehcache.core.statistics.CacheOperationOutcomes$GetOutcome: org.ehcache.core.statistics.CacheOperationOutcomes$GetOutcome[] values()>;java.lang.Class.getEnumConstantsShared;;isAccessible=true;
Method.invoke;<org.ehcache.core.statistics.CacheOperationOutcomes$PutAllOutcome: org.ehcache.core.statistics.CacheOperationOutcomes$PutAllOutcome[] values()>;java.lang.Class.getEnumConstantsShared;;isAccessible=true;
Method.invoke;<org.ehcache.core.statistics.CacheOperationOutcomes$PutIfAbsentOutcome: org.ehcache.core.statistics.CacheOperationOutcomes$PutIfAbsentOutcome[] values()>;java.lang.Class.getEnumConstantsShared;;isAccessible=true;
Method.invoke;<org.ehcache.core.statistics.CacheOperationOutcomes$PutOutcome: org.ehcache.core.statistics.CacheOperationOutcomes$PutOutcome[] values()>;java.lang.Class.getEnumConstantsShared;;isAccessible=true;
Method.invoke;<org.ehcache.core.statistics.CacheOperationOutcomes$RemoveAllOutcome: org.ehcache.core.statistics.CacheOperationOutcomes$RemoveAllOutcome[] values()>;java.lang.Class.getEnumConstantsShared;;isAccessible=true;
Method.invoke;<org.ehcache.core.statistics.CacheOperationOutcomes$RemoveOutcome: org.ehcache.core.statistics.CacheOperationOutcomes$RemoveOutcome[] values()>;java.lang.Class.getEnumConstantsShared;;isAccessible=true;
Method.invoke;<org.ehcache.core.statistics.CacheOperationOutcomes$ReplaceOutcome: org.ehcache.core.statistics.CacheOperationOutcomes$ReplaceOutcome[] values()>;java.lang.Class.getEnumConstantsShared;;isAccessible=true;
Method.invoke;<org.ehcache.core.statistics.CachingTierOperationOutcomes$GetOrComputeIfAbsentOutcome: org.ehcache.core.statistics.CachingTierOperationOutcomes$GetOrComputeIfAbsentOutcome[] values()>;java.lang.Class.getEnumConstantsShared;;isAccessible=true;
Method.invoke;<org.ehcache.core.statistics.LowerCachingTierOperationsOutcome$GetAndRemoveOutcome: org.ehcache.core.statistics.LowerCachingTierOperationsOutcome$GetAndRemoveOutcome[] values()>;java.lang.Class.getEnumConstantsShared;;isAccessible=true;
Method.invoke;<org.ehcache.core.statistics.StoreOperationOutcomes$EvictionOutcome: org.ehcache.core.statistics.StoreOperationOutcomes$EvictionOutcome[] values()>;java.lang.Class.getEnumConstantsShared;;isAccessible=true;
Method.invoke;<org.ehcache.core.statistics.StoreOperationOutcomes$ExpirationOutcome: org.ehcache.core.statistics.StoreOperationOutcomes$ExpirationOutcome[] values()>;java.lang.Class.getEnumConstantsShared;;isAccessible=true;
Method.invoke;<org.ehcache.core.statistics.StoreOperationOutcomes$GetOutcome: org.ehcache.core.statistics.StoreOperationOutcomes$GetOutcome[] values()>;java.lang.Class.getEnumConstantsShared;;isAccessible=true;
Method.invoke;<org.ehcache.core.statistics.TierOperationOutcomes$EvictionOutcome: org.ehcache.core.statistics.TierOperationOutcomes$EvictionOutcome[] values()>;java.lang.Class.getEnumConstantsShared;;isAccessible=true;
Method.invoke;<org.ehcache.core.statistics.TierOperationOutcomes$GetOutcome: org.ehcache.core.statistics.TierOperationOutcomes$GetOutcome[] values()>;java.lang.Class.getEnumConstantsShared;;isAccessible=true;
Method.invoke;<org.ehcache.jsr107.Eh107CacheStatisticsMXBean: long getCacheEvictions()>;sun.reflect.misc.Trampoline.invoke;72;isAccessible=false;
Method.invoke;<org.ehcache.jsr107.Eh107CacheStatisticsMXBean: long getCacheMisses()>;sun.reflect.misc.Trampoline.invoke;72;isAccessible=false;
Method.invoke;<org.h2.jdbc.JdbcLob: void free()>;org.hibernate.engine.jdbc.env.internal.LobCreatorBuilderImpl.useContextualLobCreation;124;isAccessible=false;
Method.invoke;<org.hibernate.FlushMode: org.hibernate.FlushMode[] values()>;java.lang.Class.getEnumConstantsShared;;isAccessible=true;
Method.invoke;<org.hibernate.LockMode: org.hibernate.LockMode[] values()>;java.lang.Class.getEnumConstantsShared;;isAccessible=true;
Method.invoke;<org.hibernate.annotations.CascadeType: org.hibernate.annotations.CascadeType[] values()>;java.lang.Class.getEnumConstantsShared;;isAccessible=true;
Method.invoke;<org.hibernate.cfg.beanvalidation.TypeSafeActivator: void activate(org.hibernate.cfg.beanvalidation.ActivationContext)>;org.hibernate.cfg.beanvalidation.BeanValidationIntegrator.integrate;137;isAccessible=false;
Method.invoke;<org.hibernate.cfg.beanvalidation.ValidationMode: org.hibernate.cfg.beanvalidation.ValidationMode[] values()>;java.lang.Class.getEnumConstantsShared;;isAccessible=true;
Method.invoke;<org.hibernate.engine.jdbc.connections.internal.DatasourceConnectionProviderImpl: void setJndiService(org.hibernate.engine.jndi.spi.JndiService)>;org.hibernate.service.internal.AbstractServiceRegistryImpl.processInjection;332;isAccessible=false;
Method.invoke;<org.hibernate.engine.spi.Status: org.hibernate.engine.spi.Status[] values()>;java.lang.Class.getEnumConstantsShared;;isAccessible=true;
Method.invoke;<org.hibernate.internal.AbstractSessionImpl: javax.persistence.EntityTransaction getTransaction()>;org.springframework.orm.jpa.ExtendedEntityManagerCreator$ExtendedEntityManagerInvocationHandler.invoke;362;isAccessible=false;
Method.invoke;<org.hibernate.internal.AbstractSessionImpl: javax.persistence.Query createQuery(java.lang.String)>;org.springframework.orm.jpa.ExtendedEntityManagerCreator$ExtendedEntityManagerInvocationHandler.invoke;362;isAccessible=false;
Method.invoke;<org.hibernate.internal.AbstractSessionImpl: javax.persistence.TypedQuery createQuery(java.lang.String,java.lang.Class)>;org.springframework.orm.jpa.ExtendedEntityManagerCreator$ExtendedEntityManagerInvocationHandler.invoke;362;isAccessible=false;
Method.invoke;<org.hibernate.internal.AbstractSessionImpl: javax.persistence.TypedQuery createQuery(javax.persistence.criteria.CriteriaQuery)>;org.springframework.orm.jpa.ExtendedEntityManagerCreator$ExtendedEntityManagerInvocationHandler.invoke;362;isAccessible=false;
Method.invoke;<org.hibernate.internal.SessionFactoryImpl: javax.persistence.criteria.CriteriaBuilder getCriteriaBuilder()>;org.springframework.orm.jpa.AbstractEntityManagerFactoryBean.invokeProxyMethod;519;isAccessible=false;
Method.invoke;<org.hibernate.internal.SessionFactoryImpl: org.hibernate.Session createEntityManager()>;org.springframework.orm.jpa.AbstractEntityManagerFactoryBean.invokeProxyMethod;519;isAccessible=false;
Method.invoke;<org.hibernate.internal.SessionFactoryImpl: org.hibernate.TypeHelper getTypeHelper()>;org.springframework.orm.jpa.AbstractEntityManagerFactoryBean.invokeProxyMethod;519;isAccessible=false;
Method.invoke;<org.hibernate.internal.SessionFactoryImpl: org.hibernate.metamodel.spi.MetamodelImplementor getMetamodel()>;org.springframework.orm.jpa.AbstractEntityManagerFactoryBean.invokeProxyMethod;519;isAccessible=false;
Method.invoke;<org.hibernate.internal.SessionImpl: boolean isOpen()>;org.springframework.orm.jpa.ExtendedEntityManagerCreator$ExtendedEntityManagerInvocationHandler.invoke;362;isAccessible=false;
Method.invoke;<org.hibernate.internal.SessionImpl: java.lang.Object getDelegate()>;org.springframework.orm.jpa.ExtendedEntityManagerCreator$ExtendedEntityManagerInvocationHandler.invoke;362;isAccessible=false;
Method.invoke;<org.hibernate.internal.SessionImpl: java.lang.Object merge(java.lang.Object)>;org.springframework.orm.jpa.ExtendedEntityManagerCreator$ExtendedEntityManagerInvocationHandler.invoke;362;isAccessible=false;
Method.invoke;<org.hibernate.internal.SessionImpl: java.lang.Object unwrap(java.lang.Class)>;org.springframework.orm.jpa.ExtendedEntityManagerCreator$ExtendedEntityManagerInvocationHandler.invoke;362;isAccessible=false;
Method.invoke;<org.hibernate.internal.SessionImpl: void close()>;org.springframework.orm.jpa.ExtendedEntityManagerCreator$ExtendedEntityManagerInvocationHandler.invoke;362;isAccessible=false;
Method.invoke;<org.hibernate.validator.internal.engine.AbstractConfigurationImpl: org.hibernate.validator.BaseHibernateValidatorConfiguration externalClassLoader(java.lang.ClassLoader)>;org.springframework.util.ReflectionUtils.invokeMethod;282;isAccessible=false;
Method.invoke;<org.hibernate.validator.internal.metadata.core.ConstraintOrigin: org.hibernate.validator.internal.metadata.core.ConstraintOrigin[] values()>;java.lang.Class.getEnumConstantsShared;;isAccessible=true;
Method.invoke;<org.hibernate.validator.internal.metadata.raw.ConstrainedElement$ConstrainedElementKind: org.hibernate.validator.internal.metadata.raw.ConstrainedElement$ConstrainedElementKind[] values()>;java.lang.Class.getEnumConstantsShared;;isAccessible=true;
Method.invoke;<org.hibernate.validator.internal.util.ConcurrentReferenceHashMap$Option: org.hibernate.validator.internal.util.ConcurrentReferenceHashMap$Option[] values()>;java.lang.Class.getEnumConstantsShared;;isAccessible=true;
Method.invoke;<org.springframework.aop.framework.AdvisedSupport: java.lang.Class getTargetClass()>;org.springframework.aop.support.AopUtils.invokeJoinpointUsingReflection;344;isAccessible=false;
Method.invoke;<org.springframework.aop.framework.AdvisedSupport: org.springframework.aop.TargetSource getTargetSource()>;org.springframework.aop.support.AopUtils.invokeJoinpointUsingReflection;344;isAccessible=false;
Method.invoke;<org.springframework.aop.framework.AdvisedSupport: void addAdvisor(org.springframework.aop.Advisor)>;org.springframework.aop.support.AopUtils.invokeJoinpointUsingReflection;344;isAccessible=false;
Method.invoke;<org.springframework.aop.framework.ProxyConfig: boolean isFrozen()>;org.springframework.aop.support.AopUtils.invokeJoinpointUsingReflection;344;isAccessible=false;
Method.invoke;<org.springframework.aop.framework.ProxyConfig: void setProxyTargetClass(boolean)>;org.springframework.beans.BeanWrapperImpl$BeanPropertyHandler.setValue;332;isAccessible=false;
Method.invoke;<org.springframework.aop.framework.ProxyProcessorSupport: void setOrder(int)>;org.springframework.beans.BeanWrapperImpl$BeanPropertyHandler.setValue;332;isAccessible=false;
Method.invoke;<org.springframework.beans.factory.annotation.Autowire: org.springframework.beans.factory.annotation.Autowire[] values()>;java.lang.Class.getEnumConstantsShared;;isAccessible=true;
Method.invoke;<org.springframework.boot.actuate.autoconfigure.beans.BeansEndpointAutoConfiguration: org.springframework.boot.actuate.beans.BeansEndpoint beansEndpoint(org.springframework.context.ConfigurableApplicationContext)>;org.springframework.beans.factory.support.SimpleInstantiationStrategy.instantiate;154;isAccessible=false;
Method.invoke;<org.springframework.boot.actuate.autoconfigure.cache.CachesEndpointAutoConfiguration: org.springframework.boot.actuate.cache.CachesEndpoint cachesEndpoint(java.util.Map)>;org.springframework.beans.factory.support.SimpleInstantiationStrategy.instantiate;154;isAccessible=false;
Method.invoke;<org.springframework.boot.actuate.autoconfigure.cache.CachesEndpointAutoConfiguration: org.springframework.boot.actuate.cache.CachesEndpointWebExtension cachesEndpointWebExtension(org.springframework.boot.actuate.cache.CachesEndpoint)>;org.springframework.beans.factory.support.SimpleInstantiationStrategy.instantiate;154;isAccessible=false;
Method.invoke;<org.springframework.boot.actuate.autoconfigure.condition.ConditionsReportEndpointAutoConfiguration: org.springframework.boot.actuate.autoconfigure.condition.ConditionsReportEndpoint conditionsReportEndpoint(org.springframework.context.ConfigurableApplicationContext)>;org.springframework.beans.factory.support.SimpleInstantiationStrategy.instantiate;154;isAccessible=false;
Method.invoke;<org.springframework.boot.actuate.autoconfigure.context.properties.ConfigurationPropertiesReportEndpointAutoConfiguration: org.springframework.boot.actuate.context.properties.ConfigurationPropertiesReportEndpoint configurationPropertiesReportEndpoint(org.springframework.boot.actuate.autoconfigure.context.properties.ConfigurationPropertiesReportEndpointProperties,org.springframework.beans.factory.ObjectProvider)>;org.springframework.beans.factory.support.SimpleInstantiationStrategy.instantiate;154;isAccessible=false;
Method.invoke;<org.springframework.boot.actuate.autoconfigure.context.properties.ConfigurationPropertiesReportEndpointAutoConfiguration: org.springframework.boot.actuate.context.properties.ConfigurationPropertiesReportEndpointWebExtension configurationPropertiesReportEndpointWebExtension(org.springframework.boot.actuate.context.properties.ConfigurationPropertiesReportEndpoint)>;org.springframework.beans.factory.support.SimpleInstantiationStrategy.instantiate;154;isAccessible=false;
Method.invoke;<org.springframework.boot.actuate.autoconfigure.endpoint.EndpointAutoConfiguration: org.springframework.boot.actuate.endpoint.invoke.ParameterValueMapper endpointOperationParameterMapper(org.springframework.beans.factory.ObjectProvider,org.springframework.beans.factory.ObjectProvider)>;org.springframework.beans.factory.support.SimpleInstantiationStrategy.instantiate;154;isAccessible=false;
Method.invoke;<org.springframework.boot.actuate.autoconfigure.endpoint.EndpointAutoConfiguration: org.springframework.boot.actuate.endpoint.invoker.cache.CachingOperationInvokerAdvisor endpointCachingOperationInvokerAdvisor(org.springframework.core.env.Environment)>;org.springframework.beans.factory.support.SimpleInstantiationStrategy.instantiate;154;isAccessible=false;
Method.invoke;<org.springframework.boot.actuate.autoconfigure.endpoint.expose.EndpointExposure: org.springframework.boot.actuate.autoconfigure.endpoint.expose.EndpointExposure[] values()>;java.lang.Class.getEnumConstantsShared;;isAccessible=true;
Method.invoke;<org.springframework.boot.actuate.autoconfigure.endpoint.web.ServletEndpointManagementContextConfiguration$WebMvcServletEndpointManagementContextConfiguration: org.springframework.boot.actuate.endpoint.web.ServletEndpointRegistrar servletEndpointRegistrar(org.springframework.boot.actuate.autoconfigure.endpoint.web.WebEndpointProperties,org.springframework.boot.actuate.endpoint.web.annotation.ServletEndpointsSupplier,org.springframework.boot.autoconfigure.web.servlet.DispatcherServletPath)>;org.springframework.beans.factory.support.SimpleInstantiationStrategy.instantiate;154;isAccessible=false;
Method.invoke;<org.springframework.boot.actuate.autoconfigure.endpoint.web.ServletEndpointManagementContextConfiguration: org.springframework.boot.actuate.autoconfigure.endpoint.expose.IncludeExcludeEndpointFilter servletExposeExcludePropertyEndpointFilter(org.springframework.boot.actuate.autoconfigure.endpoint.web.WebEndpointProperties)>;org.springframework.beans.factory.support.SimpleInstantiationStrategy.instantiate;154;isAccessible=false;
Method.invoke;<org.springframework.boot.actuate.autoconfigure.endpoint.web.WebEndpointAutoConfiguration$WebEndpointServletConfiguration: org.springframework.boot.actuate.endpoint.web.annotation.ServletEndpointDiscoverer servletEndpointDiscoverer(org.springframework.context.ApplicationContext,org.springframework.beans.factory.ObjectProvider,org.springframework.beans.factory.ObjectProvider)>;org.springframework.beans.factory.support.SimpleInstantiationStrategy.instantiate;154;isAccessible=true;
Method.invoke;<org.springframework.boot.actuate.autoconfigure.endpoint.web.WebEndpointAutoConfiguration: org.springframework.boot.actuate.autoconfigure.endpoint.expose.IncludeExcludeEndpointFilter controllerExposeExcludePropertyEndpointFilter()>;org.springframework.beans.factory.support.SimpleInstantiationStrategy.instantiate;154;isAccessible=false;
Method.invoke;<org.springframework.boot.actuate.autoconfigure.endpoint.web.WebEndpointAutoConfiguration: org.springframework.boot.actuate.autoconfigure.endpoint.expose.IncludeExcludeEndpointFilter webExposeExcludePropertyEndpointFilter()>;org.springframework.beans.factory.support.SimpleInstantiationStrategy.instantiate;154;isAccessible=false;
Method.invoke;<org.springframework.boot.actuate.autoconfigure.endpoint.web.WebEndpointAutoConfiguration: org.springframework.boot.actuate.endpoint.web.EndpointMediaTypes endpointMediaTypes()>;org.springframework.beans.factory.support.SimpleInstantiationStrategy.instantiate;154;isAccessible=false;
Method.invoke;<org.springframework.boot.actuate.autoconfigure.endpoint.web.WebEndpointAutoConfiguration: org.springframework.boot.actuate.endpoint.web.PathMappedEndpoints pathMappedEndpoints(java.util.Collection)>;org.springframework.beans.factory.support.SimpleInstantiationStrategy.instantiate;154;isAccessible=false;
Method.invoke;<org.springframework.boot.actuate.autoconfigure.endpoint.web.WebEndpointAutoConfiguration: org.springframework.boot.actuate.endpoint.web.PathMapper webEndpointPathMapper()>;org.springframework.beans.factory.support.SimpleInstantiationStrategy.instantiate;154;isAccessible=false;
Method.invoke;<org.springframework.boot.actuate.autoconfigure.endpoint.web.WebEndpointAutoConfiguration: org.springframework.boot.actuate.endpoint.web.annotation.ControllerEndpointDiscoverer controllerEndpointDiscoverer(org.springframework.beans.factory.ObjectProvider,org.springframework.beans.factory.ObjectProvider)>;org.springframework.beans.factory.support.SimpleInstantiationStrategy.instantiate;154;isAccessible=false;
Method.invoke;<org.springframework.boot.actuate.autoconfigure.endpoint.web.WebEndpointAutoConfiguration: org.springframework.boot.actuate.endpoint.web.annotation.WebEndpointDiscoverer webEndpointDiscoverer(org.springframework.boot.actuate.endpoint.invoke.ParameterValueMapper,org.springframework.boot.actuate.endpoint.web.EndpointMediaTypes,org.springframework.beans.factory.ObjectProvider,org.springframework.beans.factory.ObjectProvider,org.springframework.beans.factory.ObjectProvider)>;org.springframework.beans.factory.support.SimpleInstantiationStrategy.instantiate;154;isAccessible=false;
Method.invoke;<org.springframework.boot.actuate.autoconfigure.endpoint.web.WebEndpointProperties$Exposure: java.util.Set getInclude()>;org.springframework.boot.context.properties.bind.JavaBeanBinder$BeanProperty.lambda$getValue$0;349;isAccessible=true;
Method.invoke;<org.springframework.boot.actuate.autoconfigure.endpoint.web.WebEndpointProperties$Exposure: void setInclude(java.util.Set)>;org.springframework.boot.context.properties.bind.JavaBeanBinder$BeanProperty.setValue;364;isAccessible=true;
Method.invoke;<org.springframework.boot.actuate.autoconfigure.endpoint.web.WebEndpointProperties: org.springframework.boot.actuate.autoconfigure.endpoint.web.WebEndpointProperties$Exposure getExposure()>;org.springframework.boot.context.properties.bind.JavaBeanBinder$BeanProperty.lambda$getValue$0;349;isAccessible=true;
Method.invoke;<org.springframework.boot.actuate.autoconfigure.endpoint.web.servlet.WebMvcEndpointManagementContextConfiguration: org.springframework.boot.actuate.endpoint.web.servlet.ControllerEndpointHandlerMapping controllerEndpointHandlerMapping(org.springframework.boot.actuate.endpoint.web.annotation.ControllerEndpointsSupplier,org.springframework.boot.actuate.autoconfigure.endpoint.web.CorsEndpointProperties,org.springframework.boot.actuate.autoconfigure.endpoint.web.WebEndpointProperties)>;org.springframework.beans.factory.support.SimpleInstantiationStrategy.instantiate;154;isAccessible=false;
Method.invoke;<org.springframework.boot.actuate.autoconfigure.endpoint.web.servlet.WebMvcEndpointManagementContextConfiguration: org.springframework.boot.actuate.endpoint.web.servlet.WebMvcEndpointHandlerMapping webEndpointServletHandlerMapping(org.springframework.boot.actuate.endpoint.web.WebEndpointsSupplier,org.springframework.boot.actuate.endpoint.web.annotation.ServletEndpointsSupplier,org.springframework.boot.actuate.endpoint.web.annotation.ControllerEndpointsSupplier,org.springframework.boot.actuate.endpoint.web.EndpointMediaTypes,org.springframework.boot.actuate.autoconfigure.endpoint.web.CorsEndpointProperties,org.springframework.boot.actuate.autoconfigure.endpoint.web.WebEndpointProperties,org.springframework.core.env.Environment)>;org.springframework.beans.factory.support.SimpleInstantiationStrategy.instantiate;154;isAccessible=false;
Method.invoke;<org.springframework.boot.actuate.autoconfigure.env.EnvironmentEndpointAutoConfiguration: org.springframework.boot.actuate.env.EnvironmentEndpoint environmentEndpoint(org.springframework.core.env.Environment,org.springframework.boot.actuate.autoconfigure.env.EnvironmentEndpointProperties,org.springframework.beans.factory.ObjectProvider)>;org.springframework.beans.factory.support.SimpleInstantiationStrategy.instantiate;154;isAccessible=false;
Method.invoke;<org.springframework.boot.actuate.autoconfigure.env.EnvironmentEndpointAutoConfiguration: org.springframework.boot.actuate.env.EnvironmentEndpointWebExtension environmentEndpointWebExtension(org.springframework.boot.actuate.env.EnvironmentEndpoint)>;org.springframework.beans.factory.support.SimpleInstantiationStrategy.instantiate;154;isAccessible=false;
Method.invoke;<org.springframework.boot.actuate.autoconfigure.health.HealthContributorAutoConfiguration: org.springframework.boot.actuate.health.PingHealthIndicator pingHealthContributor()>;org.springframework.beans.factory.support.SimpleInstantiationStrategy.instantiate;154;isAccessible=false;
Method.invoke;<org.springframework.boot.actuate.autoconfigure.health.HealthEndpointConfiguration: org.springframework.boot.actuate.autoconfigure.health.HealthEndpointConfiguration$HealthEndpointGroupsBeanPostProcessor healthEndpointGroupsBeanPostProcessor(org.springframework.beans.factory.ObjectProvider)>;org.springframework.beans.factory.support.SimpleInstantiationStrategy.instantiate;154;isAccessible=true;
Method.invoke;<org.springframework.boot.actuate.autoconfigure.health.HealthEndpointConfiguration: org.springframework.boot.actuate.health.HealthContributorRegistry healthContributorRegistry(org.springframework.context.ApplicationContext,org.springframework.boot.actuate.health.HealthEndpointGroups,java.util.Map,java.util.Map)>;org.springframework.beans.factory.support.SimpleInstantiationStrategy.instantiate;154;isAccessible=true;
Method.invoke;<org.springframework.boot.actuate.autoconfigure.health.HealthEndpointConfiguration: org.springframework.boot.actuate.health.HealthEndpoint healthEndpoint(org.springframework.boot.actuate.health.HealthContributorRegistry,org.springframework.boot.actuate.health.HealthEndpointGroups,org.springframework.boot.actuate.autoconfigure.health.HealthEndpointProperties)>;org.springframework.beans.factory.support.SimpleInstantiationStrategy.instantiate;154;isAccessible=true;
Method.invoke;<org.springframework.boot.actuate.autoconfigure.health.HealthEndpointConfiguration: org.springframework.boot.actuate.health.HealthEndpointGroups healthEndpointGroups(org.springframework.context.ApplicationContext,org.springframework.boot.actuate.autoconfigure.health.HealthEndpointProperties)>;org.springframework.beans.factory.support.SimpleInstantiationStrategy.instantiate;154;isAccessible=true;
Method.invoke;<org.springframework.boot.actuate.autoconfigure.health.HealthEndpointConfiguration: org.springframework.boot.actuate.health.HttpCodeStatusMapper healthHttpCodeStatusMapper(org.springframework.boot.actuate.autoconfigure.health.HealthEndpointProperties)>;org.springframework.beans.factory.support.SimpleInstantiationStrategy.instantiate;154;isAccessible=true;
Method.invoke;<org.springframework.boot.actuate.autoconfigure.health.HealthEndpointConfiguration: org.springframework.boot.actuate.health.StatusAggregator healthStatusAggregator(org.springframework.boot.actuate.autoconfigure.health.HealthEndpointProperties)>;org.springframework.beans.factory.support.SimpleInstantiationStrategy.instantiate;154;isAccessible=true;
Method.invoke;<org.springframework.boot.actuate.autoconfigure.health.HealthEndpointWebExtensionConfiguration$MvcAdditionalHealthEndpointPathsConfiguration: org.springframework.boot.actuate.endpoint.web.servlet.AdditionalHealthEndpointPathsWebMvcHandlerMapping healthEndpointWebMvcHandlerMapping(org.springframework.boot.actuate.endpoint.web.WebEndpointsSupplier,org.springframework.boot.actuate.health.HealthEndpointGroups)>;org.springframework.beans.factory.support.SimpleInstantiationStrategy.instantiate;154;isAccessible=true;
Method.invoke;<org.springframework.boot.actuate.autoconfigure.health.HealthEndpointWebExtensionConfiguration: org.springframework.boot.actuate.health.HealthEndpointWebExtension healthEndpointWebExtension(org.springframework.boot.actuate.health.HealthContributorRegistry,org.springframework.boot.actuate.health.HealthEndpointGroups,org.springframework.boot.actuate.autoconfigure.health.HealthEndpointProperties)>;org.springframework.beans.factory.support.SimpleInstantiationStrategy.instantiate;154;isAccessible=true;
Method.invoke;<org.springframework.boot.actuate.autoconfigure.info.InfoContributorAutoConfiguration: org.springframework.boot.actuate.info.InfoContributor buildInfoContributor(org.springframework.boot.info.BuildProperties)>;org.springframework.beans.factory.support.SimpleInstantiationStrategy.instantiate;154;isAccessible=false;
Method.invoke;<org.springframework.boot.actuate.autoconfigure.info.InfoContributorFallback: org.springframework.boot.actuate.autoconfigure.info.InfoContributorFallback[] values()>;java.lang.Class.getEnumConstantsShared;;isAccessible=true;
Method.invoke;<org.springframework.boot.actuate.autoconfigure.info.InfoEndpointAutoConfiguration: org.springframework.boot.actuate.info.InfoEndpoint infoEndpoint(org.springframework.beans.factory.ObjectProvider)>;org.springframework.beans.factory.support.SimpleInstantiationStrategy.instantiate;154;isAccessible=false;
Method.invoke;<org.springframework.boot.actuate.autoconfigure.jdbc.DataSourceHealthContributorAutoConfiguration: org.springframework.boot.actuate.health.HealthContributor dbHealthContributor(java.util.Map,org.springframework.boot.actuate.autoconfigure.jdbc.DataSourceHealthIndicatorProperties)>;org.springframework.beans.factory.support.SimpleInstantiationStrategy.instantiate;154;isAccessible=false;
Method.invoke;<org.springframework.boot.actuate.autoconfigure.logging.LoggersEndpointAutoConfiguration: org.springframework.boot.actuate.logging.LoggersEndpoint loggersEndpoint(org.springframework.boot.logging.LoggingSystem,org.springframework.beans.factory.ObjectProvider)>;org.springframework.beans.factory.support.SimpleInstantiationStrategy.instantiate;154;isAccessible=false;
Method.invoke;<org.springframework.boot.actuate.autoconfigure.management.HeapDumpWebEndpointAutoConfiguration: org.springframework.boot.actuate.management.HeapDumpWebEndpoint heapDumpWebEndpoint()>;org.springframework.beans.factory.support.SimpleInstantiationStrategy.instantiate;154;isAccessible=false;
Method.invoke;<org.springframework.boot.actuate.autoconfigure.management.ThreadDumpEndpointAutoConfiguration: org.springframework.boot.actuate.management.ThreadDumpEndpoint dumpEndpoint()>;org.springframework.beans.factory.support.SimpleInstantiationStrategy.instantiate;154;isAccessible=false;
Method.invoke;<org.springframework.boot.actuate.autoconfigure.metrics.JvmMetricsAutoConfiguration: io.micrometer.core.instrument.binder.jvm.ClassLoaderMetrics classLoaderMetrics()>;org.springframework.beans.factory.support.SimpleInstantiationStrategy.instantiate;154;isAccessible=false;
Method.invoke;<org.springframework.boot.actuate.autoconfigure.metrics.JvmMetricsAutoConfiguration: io.micrometer.core.instrument.binder.jvm.JvmGcMetrics jvmGcMetrics()>;org.springframework.beans.factory.support.SimpleInstantiationStrategy.instantiate;154;isAccessible=false;
Method.invoke;<org.springframework.boot.actuate.autoconfigure.metrics.JvmMetricsAutoConfiguration: io.micrometer.core.instrument.binder.jvm.JvmHeapPressureMetrics jvmHeapPressureMetrics()>;org.springframework.beans.factory.support.SimpleInstantiationStrategy.instantiate;154;isAccessible=false;
Method.invoke;<org.springframework.boot.actuate.autoconfigure.metrics.JvmMetricsAutoConfiguration: io.micrometer.core.instrument.binder.jvm.JvmMemoryMetrics jvmMemoryMetrics()>;org.springframework.beans.factory.support.SimpleInstantiationStrategy.instantiate;154;isAccessible=false;
Method.invoke;<org.springframework.boot.actuate.autoconfigure.metrics.JvmMetricsAutoConfiguration: io.micrometer.core.instrument.binder.jvm.JvmThreadMetrics jvmThreadMetrics()>;org.springframework.beans.factory.support.SimpleInstantiationStrategy.instantiate;154;isAccessible=false;
Method.invoke;<org.springframework.boot.actuate.autoconfigure.metrics.LogbackMetricsAutoConfiguration: io.micrometer.core.instrument.binder.logging.LogbackMetrics logbackMetrics()>;org.springframework.beans.factory.support.SimpleInstantiationStrategy.instantiate;154;isAccessible=false;
Method.invoke;<org.springframework.boot.actuate.autoconfigure.metrics.MetricsAutoConfiguration: io.micrometer.core.instrument.Clock micrometerClock()>;org.springframework.beans.factory.support.SimpleInstantiationStrategy.instantiate;154;isAccessible=false;
Method.invoke;<org.springframework.boot.actuate.autoconfigure.metrics.MetricsAutoConfiguration: org.springframework.boot.actuate.autoconfigure.metrics.MeterRegistryPostProcessor meterRegistryPostProcessor(org.springframework.beans.factory.ObjectProvider,org.springframework.beans.factory.ObjectProvider,org.springframework.beans.factory.ObjectProvider,org.springframework.beans.factory.ObjectProvider,org.springframework.context.ApplicationContext)>;org.springframework.beans.factory.support.SimpleInstantiationStrategy.instantiate;154;isAccessible=false;
Method.invoke;<org.springframework.boot.actuate.autoconfigure.metrics.MetricsAutoConfiguration: org.springframework.boot.actuate.autoconfigure.metrics.PropertiesMeterFilter propertiesMeterFilter(org.springframework.boot.actuate.autoconfigure.metrics.MetricsProperties)>;org.springframework.beans.factory.support.SimpleInstantiationStrategy.instantiate;154;isAccessible=false;
Method.invoke;<org.springframework.boot.actuate.autoconfigure.metrics.MetricsEndpointAutoConfiguration: org.springframework.boot.actuate.metrics.MetricsEndpoint metricsEndpoint(io.micrometer.core.instrument.MeterRegistry)>;org.springframework.beans.factory.support.SimpleInstantiationStrategy.instantiate;154;isAccessible=false;
Method.invoke;<org.springframework.boot.actuate.autoconfigure.metrics.SystemMetricsAutoConfiguration: io.micrometer.core.instrument.binder.system.FileDescriptorMetrics fileDescriptorMetrics()>;org.springframework.beans.factory.support.SimpleInstantiationStrategy.instantiate;154;isAccessible=false;
Method.invoke;<org.springframework.boot.actuate.autoconfigure.metrics.SystemMetricsAutoConfiguration: io.micrometer.core.instrument.binder.system.ProcessorMetrics processorMetrics()>;org.springframework.beans.factory.support.SimpleInstantiationStrategy.instantiate;154;isAccessible=false;
Method.invoke;<org.springframework.boot.actuate.autoconfigure.metrics.SystemMetricsAutoConfiguration: io.micrometer.core.instrument.binder.system.UptimeMetrics uptimeMetrics()>;org.springframework.beans.factory.support.SimpleInstantiationStrategy.instantiate;154;isAccessible=false;
Method.invoke;<org.springframework.boot.actuate.autoconfigure.metrics.SystemMetricsAutoConfiguration: org.springframework.boot.actuate.metrics.system.DiskSpaceMetricsBinder diskSpaceMetrics(org.springframework.boot.actuate.autoconfigure.metrics.MetricsProperties)>;org.springframework.beans.factory.support.SimpleInstantiationStrategy.instantiate;154;isAccessible=false;
Method.invoke;<org.springframework.boot.actuate.autoconfigure.metrics.cache.CacheMeterBinderProvidersConfiguration$JCacheCacheMeterBinderProviderConfiguration: org.springframework.boot.actuate.metrics.cache.JCacheCacheMeterBinderProvider jCacheCacheMeterBinderProvider()>;org.springframework.beans.factory.support.SimpleInstantiationStrategy.instantiate;154;isAccessible=true;
Method.invoke;<org.springframework.boot.actuate.autoconfigure.metrics.cache.CacheMetricsRegistrarConfiguration: org.springframework.boot.actuate.metrics.cache.CacheMetricsRegistrar cacheMetricsRegistrar()>;org.springframework.beans.factory.support.SimpleInstantiationStrategy.instantiate;154;isAccessible=true;
Method.invoke;<org.springframework.boot.actuate.autoconfigure.metrics.data.RepositoryMetricsAutoConfiguration: org.springframework.boot.actuate.autoconfigure.metrics.data.MetricsRepositoryMethodInvocationListenerBeanPostProcessor metricsRepositoryMethodInvocationListenerBeanPostProcessor(org.springframework.beans.factory.ObjectProvider)>;org.springframework.beans.factory.support.SimpleInstantiationStrategy.instantiate;154;isAccessible=false;
Method.invoke;<org.springframework.boot.actuate.autoconfigure.metrics.data.RepositoryMetricsAutoConfiguration: org.springframework.boot.actuate.metrics.data.DefaultRepositoryTagsProvider repositoryTagsProvider()>;org.springframework.beans.factory.support.SimpleInstantiationStrategy.instantiate;154;isAccessible=false;
Method.invoke;<org.springframework.boot.actuate.autoconfigure.metrics.data.RepositoryMetricsAutoConfiguration: org.springframework.boot.actuate.metrics.data.MetricsRepositoryMethodInvocationListener metricsRepositoryMethodInvocationListener(org.springframework.beans.factory.ObjectProvider,org.springframework.boot.actuate.metrics.data.RepositoryTagsProvider)>;org.springframework.beans.factory.support.SimpleInstantiationStrategy.instantiate;154;isAccessible=false;
Method.invoke;<org.springframework.boot.actuate.autoconfigure.metrics.export.simple.SimpleMetricsExportAutoConfiguration: io.micrometer.core.instrument.simple.SimpleConfig simpleConfig(org.springframework.boot.actuate.autoconfigure.metrics.export.simple.SimpleProperties)>;org.springframework.beans.factory.support.SimpleInstantiationStrategy.instantiate;154;isAccessible=false;
Method.invoke;<org.springframework.boot.actuate.autoconfigure.metrics.export.simple.SimpleMetricsExportAutoConfiguration: io.micrometer.core.instrument.simple.SimpleMeterRegistry simpleMeterRegistry(io.micrometer.core.instrument.simple.SimpleConfig,io.micrometer.core.instrument.Clock)>;org.springframework.beans.factory.support.SimpleInstantiationStrategy.instantiate;154;isAccessible=false;
Method.invoke;<org.springframework.boot.actuate.autoconfigure.metrics.jdbc.DataSourcePoolMetricsAutoConfiguration$DataSourcePoolMetadataMetricsConfiguration: org.springframework.boot.actuate.autoconfigure.metrics.jdbc.DataSourcePoolMetricsAutoConfiguration$DataSourcePoolMetadataMetricsConfiguration$DataSourcePoolMetadataMeterBinder dataSourcePoolMetadataMeterBinder(java.util.Map,org.springframework.beans.factory.ObjectProvider)>;org.springframework.beans.factory.support.SimpleInstantiationStrategy.instantiate;154;isAccessible=true;
Method.invoke;<org.springframework.boot.actuate.autoconfigure.metrics.jdbc.DataSourcePoolMetricsAutoConfiguration$HikariDataSourceMetricsConfiguration: org.springframework.boot.actuate.autoconfigure.metrics.jdbc.DataSourcePoolMetricsAutoConfiguration$HikariDataSourceMetricsConfiguration$HikariDataSourceMeterBinder hikariDataSourceMeterBinder(org.springframework.beans.factory.ObjectProvider)>;org.springframework.beans.factory.support.SimpleInstantiationStrategy.instantiate;154;isAccessible=true;
Method.invoke;<org.springframework.boot.actuate.autoconfigure.metrics.startup.StartupTimeMetricsListenerAutoConfiguration: org.springframework.boot.actuate.metrics.startup.StartupTimeMetricsListener startupTimeMetrics(io.micrometer.core.instrument.MeterRegistry)>;org.springframework.beans.factory.support.SimpleInstantiationStrategy.instantiate;154;isAccessible=false;
Method.invoke;<org.springframework.boot.actuate.autoconfigure.metrics.task.TaskExecutorMetricsAutoConfiguration: void bindTaskExecutorsToRegistry(java.util.Map,io.micrometer.core.instrument.MeterRegistry)>;org.springframework.beans.factory.annotation.AutowiredAnnotationBeanPostProcessor$AutowiredMethodElement.inject;724;isAccessible=false;
Method.invoke;<org.springframework.boot.actuate.autoconfigure.metrics.web.client.HttpClientMetricsAutoConfiguration: io.micrometer.core.instrument.config.MeterFilter metricsHttpClientUriTagFilter(org.springframework.boot.actuate.autoconfigure.metrics.MetricsProperties)>;org.springframework.beans.factory.support.SimpleInstantiationStrategy.instantiate;154;isAccessible=false;
Method.invoke;<org.springframework.boot.actuate.autoconfigure.metrics.web.client.RestTemplateMetricsConfiguration: org.springframework.boot.actuate.metrics.web.client.DefaultRestTemplateExchangeTagsProvider restTemplateExchangeTagsProvider()>;org.springframework.beans.factory.support.SimpleInstantiationStrategy.instantiate;154;isAccessible=true;
Method.invoke;<org.springframework.boot.actuate.autoconfigure.metrics.web.client.RestTemplateMetricsConfiguration: org.springframework.boot.actuate.metrics.web.client.MetricsRestTemplateCustomizer metricsRestTemplateCustomizer(io.micrometer.core.instrument.MeterRegistry,org.springframework.boot.actuate.metrics.web.client.RestTemplateExchangeTagsProvider,org.springframework.boot.actuate.autoconfigure.metrics.MetricsProperties)>;org.springframework.beans.factory.support.SimpleInstantiationStrategy.instantiate;154;isAccessible=true;
Method.invoke;<org.springframework.boot.actuate.autoconfigure.metrics.web.servlet.WebMvcMetricsAutoConfiguration: io.micrometer.core.instrument.config.MeterFilter metricsHttpServerUriTagFilter()>;org.springframework.beans.factory.support.SimpleInstantiationStrategy.instantiate;154;isAccessible=false;
Method.invoke;<org.springframework.boot.actuate.autoconfigure.metrics.web.servlet.WebMvcMetricsAutoConfiguration: org.springframework.boot.actuate.autoconfigure.metrics.web.servlet.WebMvcMetricsAutoConfiguration$MetricsWebMvcConfigurer metricsWebMvcConfigurer(io.micrometer.core.instrument.MeterRegistry,org.springframework.boot.actuate.metrics.web.servlet.WebMvcTagsProvider)>;org.springframework.beans.factory.support.SimpleInstantiationStrategy.instantiate;154;isAccessible=false;
Method.invoke;<org.springframework.boot.actuate.autoconfigure.metrics.web.servlet.WebMvcMetricsAutoConfiguration: org.springframework.boot.actuate.metrics.web.servlet.DefaultWebMvcTagsProvider webMvcTagsProvider(org.springframework.beans.factory.ObjectProvider)>;org.springframework.beans.factory.support.SimpleInstantiationStrategy.instantiate;154;isAccessible=false;
Method.invoke;<org.springframework.boot.actuate.autoconfigure.metrics.web.servlet.WebMvcMetricsAutoConfiguration: org.springframework.boot.web.servlet.FilterRegistrationBean webMvcMetricsFilter(io.micrometer.core.instrument.MeterRegistry,org.springframework.boot.actuate.metrics.web.servlet.WebMvcTagsProvider)>;org.springframework.beans.factory.support.SimpleInstantiationStrategy.instantiate;154;isAccessible=false;
Method.invoke;<org.springframework.boot.actuate.autoconfigure.metrics.web.tomcat.TomcatMetricsAutoConfiguration: org.springframework.boot.actuate.metrics.web.tomcat.TomcatMetricsBinder tomcatMetricsBinder(io.micrometer.core.instrument.MeterRegistry)>;org.springframework.beans.factory.support.SimpleInstantiationStrategy.instantiate;154;isAccessible=false;
Method.invoke;<org.springframework.boot.actuate.autoconfigure.scheduling.ScheduledTasksEndpointAutoConfiguration: org.springframework.boot.actuate.scheduling.ScheduledTasksEndpoint scheduledTasksEndpoint(org.springframework.beans.factory.ObjectProvider)>;org.springframework.beans.factory.support.SimpleInstantiationStrategy.instantiate;154;isAccessible=false;
Method.invoke;<org.springframework.boot.actuate.autoconfigure.system.DiskSpaceHealthContributorAutoConfiguration: org.springframework.boot.actuate.system.DiskSpaceHealthIndicator diskSpaceHealthIndicator(org.springframework.boot.actuate.autoconfigure.system.DiskSpaceHealthIndicatorProperties)>;org.springframework.beans.factory.support.SimpleInstantiationStrategy.instantiate;154;isAccessible=false;
Method.invoke;<org.springframework.boot.actuate.autoconfigure.web.ManagementContextType: org.springframework.boot.actuate.autoconfigure.web.ManagementContextType[] values()>;java.lang.Class.getEnumConstantsShared;;isAccessible=true;
Method.invoke;<org.springframework.boot.actuate.autoconfigure.web.mappings.MappingsEndpointAutoConfiguration$ServletWebConfiguration$SpringMvcConfiguration: org.springframework.boot.actuate.web.mappings.servlet.DispatcherServletsMappingDescriptionProvider dispatcherServletMappingDescriptionProvider()>;org.springframework.beans.factory.support.SimpleInstantiationStrategy.instantiate;154;isAccessible=true;
Method.invoke;<org.springframework.boot.actuate.autoconfigure.web.mappings.MappingsEndpointAutoConfiguration$ServletWebConfiguration: org.springframework.boot.actuate.web.mappings.servlet.FiltersMappingDescriptionProvider filterMappingDescriptionProvider()>;org.springframework.beans.factory.support.SimpleInstantiationStrategy.instantiate;154;isAccessible=true;
Method.invoke;<org.springframework.boot.actuate.autoconfigure.web.mappings.MappingsEndpointAutoConfiguration$ServletWebConfiguration: org.springframework.boot.actuate.web.mappings.servlet.ServletsMappingDescriptionProvider servletMappingDescriptionProvider()>;org.springframework.beans.factory.support.SimpleInstantiationStrategy.instantiate;154;isAccessible=true;
Method.invoke;<org.springframework.boot.actuate.autoconfigure.web.mappings.MappingsEndpointAutoConfiguration: org.springframework.boot.actuate.web.mappings.MappingsEndpoint mappingsEndpoint(org.springframework.context.ApplicationContext,org.springframework.beans.factory.ObjectProvider)>;org.springframework.beans.factory.support.SimpleInstantiationStrategy.instantiate;154;isAccessible=false;
Method.invoke;<org.springframework.boot.actuate.autoconfigure.web.server.$Proxy68: org.springframework.boot.actuate.autoconfigure.web.ManagementContextType value()>;org.springframework.core.annotation.AttributeMethods.isValid;112;isAccessible=true;
Method.invoke;<org.springframework.boot.actuate.autoconfigure.web.server.ManagementPortType: org.springframework.boot.actuate.autoconfigure.web.server.ManagementPortType[] values()>;java.lang.Class.getEnumConstantsShared;;isAccessible=true;
Method.invoke;<org.springframework.boot.actuate.autoconfigure.web.servlet.ServletManagementContextAutoConfiguration: org.springframework.boot.actuate.autoconfigure.web.servlet.ManagementServletContext managementServletContext(org.springframework.boot.actuate.autoconfigure.endpoint.web.WebEndpointProperties)>;org.springframework.beans.factory.support.SimpleInstantiationStrategy.instantiate;154;isAccessible=false;
Method.invoke;<org.springframework.boot.actuate.autoconfigure.web.servlet.ServletManagementContextAutoConfiguration: org.springframework.boot.actuate.autoconfigure.web.servlet.ServletManagementContextFactory servletWebChildContextFactory()>;org.springframework.beans.factory.support.SimpleInstantiationStrategy.instantiate;154;isAccessible=false;
Method.invoke;<org.springframework.boot.actuate.endpoint.OperationType: org.springframework.boot.actuate.endpoint.OperationType[] values()>;java.lang.Class.getEnumConstantsShared;;isAccessible=true;
Method.invoke;<org.springframework.boot.actuate.endpoint.annotation.Selector$Match: org.springframework.boot.actuate.endpoint.annotation.Selector$Match[] values()>;java.lang.Class.getEnumConstantsShared;;isAccessible=true;
Method.invoke;<org.springframework.boot.ansi.AnsiBackground: org.springframework.boot.ansi.AnsiBackground[] values()>;java.lang.Class.getEnumConstantsShared;;isAccessible=true;
Method.invoke;<org.springframework.boot.ansi.AnsiColor: org.springframework.boot.ansi.AnsiColor[] values()>;java.lang.Class.getEnumConstantsShared;;isAccessible=true;
Method.invoke;<org.springframework.boot.ansi.AnsiStyle: org.springframework.boot.ansi.AnsiStyle[] values()>;java.lang.Class.getEnumConstantsShared;;isAccessible=true;
Method.invoke;<org.springframework.boot.autoconfigure.availability.ApplicationAvailabilityAutoConfiguration: org.springframework.boot.availability.ApplicationAvailabilityBean applicationAvailability()>;org.springframework.beans.factory.support.SimpleInstantiationStrategy.instantiate;154;isAccessible=false;
Method.invoke;<org.springframework.boot.autoconfigure.cache.CacheAutoConfiguration: org.springframework.boot.autoconfigure.cache.CacheAutoConfiguration$CacheManagerValidator cacheAutoConfigurationValidator(org.springframework.boot.autoconfigure.cache.CacheProperties,org.springframework.beans.factory.ObjectProvider)>;org.springframework.beans.factory.support.SimpleInstantiationStrategy.instantiate;154;isAccessible=false;
Method.invoke;<org.springframework.boot.autoconfigure.cache.CacheAutoConfiguration: org.springframework.boot.autoconfigure.cache.CacheManagerCustomizers cacheManagerCustomizers(org.springframework.beans.factory.ObjectProvider)>;org.springframework.beans.factory.support.SimpleInstantiationStrategy.instantiate;154;isAccessible=false;
Method.invoke;<org.springframework.boot.autoconfigure.cache.CacheType: org.springframework.boot.autoconfigure.cache.CacheType[] values()>;java.lang.Class.getEnumConstantsShared;;isAccessible=true;
Method.invoke;<org.springframework.boot.autoconfigure.cache.JCacheCacheConfiguration: javax.cache.CacheManager jCacheCacheManager(org.springframework.boot.autoconfigure.cache.CacheProperties,org.springframework.beans.factory.ObjectProvider,org.springframework.beans.factory.ObjectProvider,org.springframework.beans.factory.ObjectProvider)>;org.springframework.beans.factory.support.SimpleInstantiationStrategy.instantiate;154;isAccessible=true;
Method.invoke;<org.springframework.boot.autoconfigure.cache.JCacheCacheConfiguration: org.springframework.cache.jcache.JCacheCacheManager cacheManager(org.springframework.boot.autoconfigure.cache.CacheManagerCustomizers,javax.cache.CacheManager)>;org.springframework.beans.factory.support.SimpleInstantiationStrategy.instantiate;154;isAccessible=true;
Method.invoke;<org.springframework.boot.autoconfigure.condition.ConditionalOnWebApplication$Type: org.springframework.boot.autoconfigure.condition.ConditionalOnWebApplication$Type[] values()>;java.lang.Class.getEnumConstantsShared;;isAccessible=true;
Method.invoke;<org.springframework.boot.autoconfigure.condition.SearchStrategy: org.springframework.boot.autoconfigure.condition.SearchStrategy[] values()>;java.lang.Class.getEnumConstantsShared;;isAccessible=true;
Method.invoke;<org.springframework.boot.autoconfigure.context.LifecycleAutoConfiguration: org.springframework.context.support.DefaultLifecycleProcessor defaultLifecycleProcessor(org.springframework.boot.autoconfigure.context.LifecycleProperties)>;org.springframework.beans.factory.support.SimpleInstantiationStrategy.instantiate;154;isAccessible=false;
Method.invoke;<org.springframework.boot.autoconfigure.context.MessageSourceAutoConfiguration: org.springframework.boot.autoconfigure.context.MessageSourceProperties messageSourceProperties()>;org.springframework.beans.factory.support.SimpleInstantiationStrategy.instantiate;154;isAccessible=false;
Method.invoke;<org.springframework.boot.autoconfigure.context.MessageSourceAutoConfiguration: org.springframework.context.MessageSource messageSource(org.springframework.boot.autoconfigure.context.MessageSourceProperties)>;org.springframework.beans.factory.support.SimpleInstantiationStrategy.instantiate;154;isAccessible=false;
Method.invoke;<org.springframework.boot.autoconfigure.context.MessageSourceProperties: void setBasename(java.lang.String)>;org.springframework.boot.context.properties.bind.JavaBeanBinder$BeanProperty.setValue;364;isAccessible=true;
Method.invoke;<org.springframework.boot.autoconfigure.context.PropertyPlaceholderAutoConfiguration: org.springframework.context.support.PropertySourcesPlaceholderConfigurer propertySourcesPlaceholderConfigurer()>;org.springframework.beans.factory.support.SimpleInstantiationStrategy.instantiate;154;isAccessible=false;
Method.invoke;<org.springframework.boot.autoconfigure.dao.PersistenceExceptionTranslationAutoConfiguration: org.springframework.dao.annotation.PersistenceExceptionTranslationPostProcessor persistenceExceptionTranslationPostProcessor(org.springframework.core.env.Environment)>;org.springframework.beans.factory.support.SimpleInstantiationStrategy.instantiate;154;isAccessible=false;
Method.invoke;<org.springframework.boot.autoconfigure.data.web.SpringDataWebAutoConfiguration: org.springframework.data.web.config.PageableHandlerMethodArgumentResolverCustomizer pageableCustomizer()>;org.springframework.beans.factory.support.SimpleInstantiationStrategy.instantiate;154;isAccessible=false;
Method.invoke;<org.springframework.boot.autoconfigure.data.web.SpringDataWebAutoConfiguration: org.springframework.data.web.config.SortHandlerMethodArgumentResolverCustomizer sortCustomizer()>;org.springframework.beans.factory.support.SimpleInstantiationStrategy.instantiate;154;isAccessible=false;
Method.invoke;<org.springframework.boot.autoconfigure.http.HttpMessageConvertersAutoConfiguration$StringHttpMessageConverterConfiguration: org.springframework.http.converter.StringHttpMessageConverter stringHttpMessageConverter(org.springframework.core.env.Environment)>;org.springframework.beans.factory.support.SimpleInstantiationStrategy.instantiate;154;isAccessible=true;
Method.invoke;<org.springframework.boot.autoconfigure.http.HttpMessageConvertersAutoConfiguration: org.springframework.boot.autoconfigure.http.HttpMessageConverters messageConverters(org.springframework.beans.factory.ObjectProvider)>;org.springframework.beans.factory.support.SimpleInstantiationStrategy.instantiate;154;isAccessible=false;
Method.invoke;<org.springframework.boot.autoconfigure.http.JacksonHttpMessageConvertersConfiguration$MappingJackson2HttpMessageConverterConfiguration: org.springframework.http.converter.json.MappingJackson2HttpMessageConverter mappingJackson2HttpMessageConverter(com.fasterxml.jackson.databind.ObjectMapper)>;org.springframework.beans.factory.support.SimpleInstantiationStrategy.instantiate;154;isAccessible=true;
Method.invoke;<org.springframework.boot.autoconfigure.info.ProjectInfoAutoConfiguration: org.springframework.boot.info.BuildProperties buildProperties()>;org.springframework.beans.factory.support.SimpleInstantiationStrategy.instantiate;154;isAccessible=false;
Method.invoke;<org.springframework.boot.autoconfigure.jackson.JacksonAutoConfiguration$Jackson2ObjectMapperBuilderCustomizerConfiguration: org.springframework.boot.autoconfigure.jackson.JacksonAutoConfiguration$Jackson2ObjectMapperBuilderCustomizerConfiguration$StandardJackson2ObjectMapperBuilderCustomizer standardJacksonObjectMapperBuilderCustomizer(org.springframework.context.ApplicationContext,org.springframework.boot.autoconfigure.jackson.JacksonProperties)>;org.springframework.beans.factory.support.SimpleInstantiationStrategy.instantiate;154;isAccessible=true;
Method.invoke;<org.springframework.boot.autoconfigure.jackson.JacksonAutoConfiguration$JacksonObjectMapperBuilderConfiguration: org.springframework.http.converter.json.Jackson2ObjectMapperBuilder jacksonObjectMapperBuilder(org.springframework.context.ApplicationContext,java.util.List)>;org.springframework.beans.factory.support.SimpleInstantiationStrategy.instantiate;154;isAccessible=true;
Method.invoke;<org.springframework.boot.autoconfigure.jackson.JacksonAutoConfiguration$JacksonObjectMapperConfiguration: com.fasterxml.jackson.databind.ObjectMapper jacksonObjectMapper(org.springframework.http.converter.json.Jackson2ObjectMapperBuilder)>;org.springframework.beans.factory.support.SimpleInstantiationStrategy.instantiate;154;isAccessible=true;
Method.invoke;<org.springframework.boot.autoconfigure.jackson.JacksonAutoConfiguration$ParameterNamesModuleConfiguration: com.fasterxml.jackson.module.paramnames.ParameterNamesModule parameterNamesModule()>;org.springframework.beans.factory.support.SimpleInstantiationStrategy.instantiate;154;isAccessible=true;
Method.invoke;<org.springframework.boot.autoconfigure.jackson.JacksonAutoConfiguration: org.springframework.boot.jackson.JsonComponentModule jsonComponentModule()>;org.springframework.beans.factory.support.SimpleInstantiationStrategy.instantiate;154;isAccessible=false;
Method.invoke;<org.springframework.boot.autoconfigure.jackson.JacksonAutoConfiguration: org.springframework.boot.jackson.JsonMixinModule jsonMixinModule(org.springframework.context.ApplicationContext)>;org.springframework.beans.factory.support.SimpleInstantiationStrategy.instantiate;154;isAccessible=false;
Method.invoke;<org.springframework.boot.autoconfigure.jdbc.DataSourceConfiguration$Hikari: com.zaxxer.hikari.HikariDataSource dataSource(org.springframework.boot.autoconfigure.jdbc.DataSourceProperties)>;org.springframework.beans.factory.support.SimpleInstantiationStrategy.instantiate;154;isAccessible=true;
Method.invoke;<org.springframework.boot.autoconfigure.jdbc.JdbcTemplateConfiguration: org.springframework.jdbc.core.JdbcTemplate jdbcTemplate(javax.sql.DataSource,org.springframework.boot.autoconfigure.jdbc.JdbcProperties)>;org.springframework.beans.factory.support.SimpleInstantiationStrategy.instantiate;154;isAccessible=true;
Method.invoke;<org.springframework.boot.autoconfigure.jdbc.NamedParameterJdbcTemplateConfiguration: org.springframework.jdbc.core.namedparam.NamedParameterJdbcTemplate namedParameterJdbcTemplate(org.springframework.jdbc.core.JdbcTemplate)>;org.springframework.beans.factory.support.SimpleInstantiationStrategy.instantiate;154;isAccessible=true;
Method.invoke;<org.springframework.boot.autoconfigure.jdbc.metadata.DataSourcePoolMetadataProvidersConfiguration$HikariPoolDataSourceMetadataProviderConfiguration: org.springframework.boot.jdbc.metadata.DataSourcePoolMetadataProvider hikariPoolDataSourceMetadataProvider()>;org.springframework.beans.factory.support.SimpleInstantiationStrategy.instantiate;154;isAccessible=true;
Method.invoke;<org.springframework.boot.autoconfigure.orm.jpa.HibernateProperties: void setDdlAuto(java.lang.String)>;org.springframework.boot.context.properties.bind.JavaBeanBinder$BeanProperty.setValue;364;isAccessible=true;
Method.invoke;<org.springframework.boot.autoconfigure.orm.jpa.JpaBaseConfiguration$JpaWebConfiguration: org.springframework.orm.jpa.support.OpenEntityManagerInViewInterceptor openEntityManagerInViewInterceptor()>;org.springframework.beans.factory.support.SimpleInstantiationStrategy.instantiate;154;isAccessible=true;
Method.invoke;<org.springframework.boot.autoconfigure.orm.jpa.JpaBaseConfiguration$JpaWebConfiguration: org.springframework.web.servlet.config.annotation.WebMvcConfigurer openEntityManagerInViewInterceptorConfigurer(org.springframework.orm.jpa.support.OpenEntityManagerInViewInterceptor)>;org.springframework.beans.factory.support.SimpleInstantiationStrategy.instantiate;154;isAccessible=true;
Method.invoke;<org.springframework.boot.autoconfigure.orm.jpa.JpaBaseConfiguration: org.springframework.boot.orm.jpa.EntityManagerFactoryBuilder entityManagerFactoryBuilder(org.springframework.orm.jpa.JpaVendorAdapter,org.springframework.beans.factory.ObjectProvider,org.springframework.beans.factory.ObjectProvider)>;org.springframework.beans.factory.support.SimpleInstantiationStrategy.instantiate;154;isAccessible=false;
Method.invoke;<org.springframework.boot.autoconfigure.orm.jpa.JpaBaseConfiguration: org.springframework.orm.jpa.JpaVendorAdapter jpaVendorAdapter()>;org.springframework.beans.factory.support.SimpleInstantiationStrategy.instantiate;154;isAccessible=false;
Method.invoke;<org.springframework.boot.autoconfigure.orm.jpa.JpaBaseConfiguration: org.springframework.orm.jpa.LocalContainerEntityManagerFactoryBean entityManagerFactory(org.springframework.boot.orm.jpa.EntityManagerFactoryBuilder)>;org.springframework.beans.factory.support.SimpleInstantiationStrategy.instantiate;154;isAccessible=false;
Method.invoke;<org.springframework.boot.autoconfigure.orm.jpa.JpaBaseConfiguration: org.springframework.transaction.PlatformTransactionManager transactionManager(org.springframework.beans.factory.ObjectProvider)>;org.springframework.beans.factory.support.SimpleInstantiationStrategy.instantiate;154;isAccessible=false;
Method.invoke;<org.springframework.boot.autoconfigure.orm.jpa.JpaProperties: void setOpenInView(java.lang.Boolean)>;org.springframework.boot.context.properties.bind.JavaBeanBinder$BeanProperty.setValue;364;isAccessible=true;
Method.invoke;<org.springframework.boot.autoconfigure.sql.init.DataSourceInitializationConfiguration: org.springframework.boot.autoconfigure.sql.init.SqlDataSourceScriptDatabaseInitializer dataSourceScriptDatabaseInitializer(javax.sql.DataSource,org.springframework.boot.autoconfigure.sql.init.SqlInitializationProperties)>;org.springframework.beans.factory.support.SimpleInstantiationStrategy.instantiate;154;isAccessible=true;
Method.invoke;<org.springframework.boot.autoconfigure.sql.init.SqlInitializationProperties: java.util.List getDataLocations()>;org.springframework.boot.context.properties.bind.JavaBeanBinder$BeanProperty.lambda$getValue$0;349;isAccessible=true;
Method.invoke;<org.springframework.boot.autoconfigure.sql.init.SqlInitializationProperties: java.util.List getSchemaLocations()>;org.springframework.boot.context.properties.bind.JavaBeanBinder$BeanProperty.lambda$getValue$0;349;isAccessible=true;
Method.invoke;<org.springframework.boot.autoconfigure.sql.init.SqlInitializationProperties: void setDataLocations(java.util.List)>;org.springframework.boot.context.properties.bind.JavaBeanBinder$BeanProperty.setValue;364;isAccessible=true;
Method.invoke;<org.springframework.boot.autoconfigure.sql.init.SqlInitializationProperties: void setEncoding(java.nio.charset.Charset)>;org.springframework.boot.context.properties.bind.JavaBeanBinder$BeanProperty.setValue;364;isAccessible=true;
Method.invoke;<org.springframework.boot.autoconfigure.sql.init.SqlInitializationProperties: void setSchemaLocations(java.util.List)>;org.springframework.boot.context.properties.bind.JavaBeanBinder$BeanProperty.setValue;364;isAccessible=true;
Method.invoke;<org.springframework.boot.autoconfigure.task.TaskExecutionAutoConfiguration: org.springframework.boot.task.TaskExecutorBuilder taskExecutorBuilder(org.springframework.boot.autoconfigure.task.TaskExecutionProperties,org.springframework.beans.factory.ObjectProvider,org.springframework.beans.factory.ObjectProvider)>;org.springframework.beans.factory.support.SimpleInstantiationStrategy.instantiate;154;isAccessible=false;
Method.invoke;<org.springframework.boot.autoconfigure.task.TaskExecutionAutoConfiguration: org.springframework.scheduling.concurrent.ThreadPoolTaskExecutor applicationTaskExecutor(org.springframework.boot.task.TaskExecutorBuilder)>;org.springframework.beans.factory.support.SimpleInstantiationStrategy.instantiate;154;isAccessible=false;
Method.invoke;<org.springframework.boot.autoconfigure.task.TaskSchedulingAutoConfiguration: org.springframework.boot.LazyInitializationExcludeFilter scheduledBeanLazyInitializationExcludeFilter()>;org.springframework.beans.factory.support.SimpleInstantiationStrategy.instantiate;154;isAccessible=false;
Method.invoke;<org.springframework.boot.autoconfigure.task.TaskSchedulingAutoConfiguration: org.springframework.boot.task.TaskSchedulerBuilder taskSchedulerBuilder(org.springframework.boot.autoconfigure.task.TaskSchedulingProperties,org.springframework.beans.factory.ObjectProvider)>;org.springframework.beans.factory.support.SimpleInstantiationStrategy.instantiate;154;isAccessible=false;
Method.invoke;<org.springframework.boot.autoconfigure.thymeleaf.TemplateEngineConfigurations$DefaultTemplateEngineConfiguration: org.thymeleaf.spring5.SpringTemplateEngine templateEngine(org.springframework.boot.autoconfigure.thymeleaf.ThymeleafProperties,org.springframework.beans.factory.ObjectProvider,org.springframework.beans.factory.ObjectProvider)>;org.springframework.beans.factory.support.SimpleInstantiationStrategy.instantiate;154;isAccessible=true;
Method.invoke;<org.springframework.boot.autoconfigure.thymeleaf.ThymeleafAutoConfiguration$DefaultTemplateResolverConfiguration: org.thymeleaf.spring5.templateresolver.SpringResourceTemplateResolver defaultTemplateResolver()>;org.springframework.beans.factory.support.SimpleInstantiationStrategy.instantiate;154;isAccessible=true;
Method.invoke;<org.springframework.boot.autoconfigure.thymeleaf.ThymeleafAutoConfiguration$ThymeleafJava8TimeDialect: org.thymeleaf.extras.java8time.dialect.Java8TimeDialect java8TimeDialect()>;org.springframework.beans.factory.support.SimpleInstantiationStrategy.instantiate;154;isAccessible=true;
Method.invoke;<org.springframework.boot.autoconfigure.thymeleaf.ThymeleafAutoConfiguration$ThymeleafWebMvcConfiguration$ThymeleafViewResolverConfiguration: org.thymeleaf.spring5.view.ThymeleafViewResolver thymeleafViewResolver(org.springframework.boot.autoconfigure.thymeleaf.ThymeleafProperties,org.thymeleaf.spring5.SpringTemplateEngine)>;org.springframework.beans.factory.support.SimpleInstantiationStrategy.instantiate;154;isAccessible=true;
Method.invoke;<org.springframework.boot.autoconfigure.thymeleaf.ThymeleafAutoConfiguration$ThymeleafWebMvcConfiguration: org.springframework.boot.web.servlet.FilterRegistrationBean resourceUrlEncodingFilter()>;org.springframework.beans.factory.support.SimpleInstantiationStrategy.instantiate;154;isAccessible=true;
Method.invoke;<org.springframework.boot.autoconfigure.thymeleaf.ThymeleafProperties: void setMode(java.lang.String)>;org.springframework.boot.context.properties.bind.JavaBeanBinder$BeanProperty.setValue;364;isAccessible=true;
Method.invoke;<org.springframework.boot.autoconfigure.transaction.TransactionAutoConfiguration$TransactionTemplateConfiguration: org.springframework.transaction.support.TransactionTemplate transactionTemplate(org.springframework.transaction.PlatformTransactionManager)>;org.springframework.beans.factory.support.SimpleInstantiationStrategy.instantiate;154;isAccessible=false;
Method.invoke;<org.springframework.boot.autoconfigure.transaction.TransactionAutoConfiguration: org.springframework.boot.autoconfigure.transaction.TransactionManagerCustomizers platformTransactionManagerCustomizers(org.springframework.beans.factory.ObjectProvider)>;org.springframework.beans.factory.support.SimpleInstantiationStrategy.instantiate;154;isAccessible=false;
Method.invoke;<org.springframework.boot.autoconfigure.validation.ValidationAutoConfiguration: org.springframework.validation.beanvalidation.LocalValidatorFactoryBean defaultValidator(org.springframework.context.ApplicationContext)>;org.springframework.beans.factory.support.SimpleInstantiationStrategy.instantiate;154;isAccessible=false;
Method.invoke;<org.springframework.boot.autoconfigure.validation.ValidationAutoConfiguration: org.springframework.validation.beanvalidation.MethodValidationPostProcessor methodValidationPostProcessor(org.springframework.core.env.Environment,javax.validation.Validator,org.springframework.beans.factory.ObjectProvider)>;org.springframework.beans.factory.support.SimpleInstantiationStrategy.instantiate;154;isAccessible=false;
Method.invoke;<org.springframework.boot.autoconfigure.web.ServerProperties$Tomcat: void setBasedir(java.io.File)>;org.springframework.boot.context.properties.bind.JavaBeanBinder$BeanProperty.setValue;364;isAccessible=true;
Method.invoke;<org.springframework.boot.autoconfigure.web.ServerProperties: org.springframework.boot.autoconfigure.web.ServerProperties$Tomcat getTomcat()>;org.springframework.boot.context.properties.bind.JavaBeanBinder$BeanProperty.lambda$getValue$0;349;isAccessible=true;
Method.invoke;<org.springframework.boot.autoconfigure.web.ServerProperties: void setPort(java.lang.Integer)>;org.springframework.boot.context.properties.bind.JavaBeanBinder$BeanProperty.setValue;364;isAccessible=true;
Method.invoke;<org.springframework.boot.autoconfigure.web.WebProperties$Resources$Cache$Cachecontrol: void setMaxAge(java.time.Duration)>;org.springframework.boot.context.properties.bind.JavaBeanBinder$BeanProperty.setValue;364;isAccessible=true;
Method.invoke;<org.springframework.boot.autoconfigure.web.WebProperties$Resources$Cache: org.springframework.boot.autoconfigure.web.WebProperties$Resources$Cache$Cachecontrol getCachecontrol()>;org.springframework.boot.context.properties.bind.JavaBeanBinder$BeanProperty.lambda$getValue$0;349;isAccessible=true;
Method.invoke;<org.springframework.boot.autoconfigure.web.WebProperties$Resources: org.springframework.boot.autoconfigure.web.WebProperties$Resources$Cache getCache()>;org.springframework.boot.context.properties.bind.JavaBeanBinder$BeanProperty.lambda$getValue$0;349;isAccessible=true;
Method.invoke;<org.springframework.boot.autoconfigure.web.WebProperties: org.springframework.boot.autoconfigure.web.WebProperties$Resources getResources()>;org.springframework.boot.context.properties.bind.JavaBeanBinder$BeanProperty.lambda$getValue$0;349;isAccessible=true;
Method.invoke;<org.springframework.boot.autoconfigure.web.embedded.EmbeddedWebServerFactoryCustomizerAutoConfiguration$TomcatWebServerFactoryCustomizerConfiguration: org.springframework.boot.autoconfigure.web.embedded.TomcatWebServerFactoryCustomizer tomcatWebServerFactoryCustomizer(org.springframework.core.env.Environment,org.springframework.boot.autoconfigure.web.ServerProperties)>;org.springframework.beans.factory.support.SimpleInstantiationStrategy.instantiate;154;isAccessible=false;
Method.invoke;<org.springframework.boot.autoconfigure.web.servlet.DispatcherServletAutoConfiguration$DispatcherServletConfiguration: org.springframework.web.servlet.DispatcherServlet dispatcherServlet(org.springframework.boot.autoconfigure.web.servlet.WebMvcProperties)>;org.springframework.beans.factory.support.SimpleInstantiationStrategy.instantiate;154;isAccessible=true;
Method.invoke;<org.springframework.boot.autoconfigure.web.servlet.DispatcherServletAutoConfiguration$DispatcherServletRegistrationConfiguration: org.springframework.boot.autoconfigure.web.servlet.DispatcherServletRegistrationBean dispatcherServletRegistration(org.springframework.web.servlet.DispatcherServlet,org.springframework.boot.autoconfigure.web.servlet.WebMvcProperties,org.springframework.beans.factory.ObjectProvider)>;org.springframework.beans.factory.support.SimpleInstantiationStrategy.instantiate;154;isAccessible=true;
Method.invoke;<org.springframework.boot.autoconfigure.web.servlet.HttpEncodingAutoConfiguration: org.springframework.boot.autoconfigure.web.servlet.HttpEncodingAutoConfiguration$LocaleCharsetMappingsCustomizer localeCharsetMappingsCustomizer()>;org.springframework.beans.factory.support.SimpleInstantiationStrategy.instantiate;154;isAccessible=false;
Method.invoke;<org.springframework.boot.autoconfigure.web.servlet.HttpEncodingAutoConfiguration: org.springframework.web.filter.CharacterEncodingFilter characterEncodingFilter()>;org.springframework.beans.factory.support.SimpleInstantiationStrategy.instantiate;154;isAccessible=false;
Method.invoke;<org.springframework.boot.autoconfigure.web.servlet.MultipartAutoConfiguration: javax.servlet.MultipartConfigElement multipartConfigElement()>;org.springframework.beans.factory.support.SimpleInstantiationStrategy.instantiate;154;isAccessible=false;
Method.invoke;<org.springframework.boot.autoconfigure.web.servlet.MultipartAutoConfiguration: org.springframework.web.multipart.support.StandardServletMultipartResolver multipartResolver()>;org.springframework.beans.factory.support.SimpleInstantiationStrategy.instantiate;154;isAccessible=false;
Method.invoke;<org.springframework.boot.autoconfigure.web.servlet.ServletWebServerFactoryAutoConfiguration: org.springframework.boot.autoconfigure.web.servlet.ServletWebServerFactoryCustomizer servletWebServerFactoryCustomizer(org.springframework.boot.autoconfigure.web.ServerProperties,org.springframework.beans.factory.ObjectProvider,org.springframework.beans.factory.ObjectProvider)>;org.springframework.beans.factory.support.SimpleInstantiationStrategy.instantiate;154;isAccessible=false;
Method.invoke;<org.springframework.boot.autoconfigure.web.servlet.ServletWebServerFactoryAutoConfiguration: org.springframework.boot.autoconfigure.web.servlet.TomcatServletWebServerFactoryCustomizer tomcatServletWebServerFactoryCustomizer(org.springframework.boot.autoconfigure.web.ServerProperties)>;org.springframework.beans.factory.support.SimpleInstantiationStrategy.instantiate;154;isAccessible=false;
Method.invoke;<org.springframework.boot.autoconfigure.web.servlet.ServletWebServerFactoryConfiguration$EmbeddedTomcat: org.springframework.boot.web.embedded.tomcat.TomcatServletWebServerFactory tomcatServletWebServerFactory(org.springframework.beans.factory.ObjectProvider,org.springframework.beans.factory.ObjectProvider,org.springframework.beans.factory.ObjectProvider)>;org.springframework.beans.factory.support.SimpleInstantiationStrategy.instantiate;154;isAccessible=true;
Method.invoke;<org.springframework.boot.autoconfigure.web.servlet.WebMvcAutoConfiguration$EnableWebMvcConfiguration: org.springframework.boot.autoconfigure.web.servlet.WelcomePageHandlerMapping welcomePageHandlerMapping(org.springframework.context.ApplicationContext,org.springframework.format.support.FormattingConversionService,org.springframework.web.servlet.resource.ResourceUrlProvider)>;org.springframework.beans.factory.support.SimpleInstantiationStrategy.instantiate;154;isAccessible=false;
Method.invoke;<org.springframework.boot.autoconfigure.web.servlet.WebMvcAutoConfiguration$EnableWebMvcConfiguration: org.springframework.format.support.FormattingConversionService mvcConversionService()>;org.springframework.beans.factory.support.SimpleInstantiationStrategy.instantiate;154;isAccessible=false;
Method.invoke;<org.springframework.boot.autoconfigure.web.servlet.WebMvcAutoConfiguration$EnableWebMvcConfiguration: org.springframework.validation.Validator mvcValidator()>;org.springframework.beans.factory.support.SimpleInstantiationStrategy.instantiate;154;isAccessible=false;
Method.invoke;<org.springframework.boot.autoconfigure.web.servlet.WebMvcAutoConfiguration$EnableWebMvcConfiguration: org.springframework.web.accept.ContentNegotiationManager mvcContentNegotiationManager()>;org.springframework.beans.factory.support.SimpleInstantiationStrategy.instantiate;154;isAccessible=false;
Method.invoke;<org.springframework.boot.autoconfigure.web.servlet.WebMvcAutoConfiguration$EnableWebMvcConfiguration: org.springframework.web.servlet.FlashMapManager flashMapManager()>;org.springframework.beans.factory.support.SimpleInstantiationStrategy.instantiate;154;isAccessible=false;
Method.invoke;<org.springframework.boot.autoconfigure.web.servlet.WebMvcAutoConfiguration$EnableWebMvcConfiguration: org.springframework.web.servlet.LocaleResolver localeResolver()>;org.springframework.beans.factory.support.SimpleInstantiationStrategy.instantiate;154;isAccessible=false;
Method.invoke;<org.springframework.boot.autoconfigure.web.servlet.WebMvcAutoConfiguration$EnableWebMvcConfiguration: org.springframework.web.servlet.ThemeResolver themeResolver()>;org.springframework.beans.factory.support.SimpleInstantiationStrategy.instantiate;154;isAccessible=false;
Method.invoke;<org.springframework.boot.autoconfigure.web.servlet.WebMvcAutoConfiguration$EnableWebMvcConfiguration: org.springframework.web.servlet.mvc.method.annotation.RequestMappingHandlerAdapter requestMappingHandlerAdapter(org.springframework.web.accept.ContentNegotiationManager,org.springframework.format.support.FormattingConversionService,org.springframework.validation.Validator)>;org.springframework.beans.factory.support.SimpleInstantiationStrategy.instantiate;154;isAccessible=false;
Method.invoke;<org.springframework.boot.autoconfigure.web.servlet.WebMvcAutoConfiguration$ResourceChainCustomizerConfiguration: org.springframework.boot.autoconfigure.web.servlet.WebMvcAutoConfiguration$ResourceChainResourceHandlerRegistrationCustomizer resourceHandlerRegistrationCustomizer(org.springframework.boot.autoconfigure.web.WebProperties)>;org.springframework.beans.factory.support.SimpleInstantiationStrategy.instantiate;154;isAccessible=true;
Method.invoke;<org.springframework.boot.autoconfigure.web.servlet.WebMvcAutoConfiguration$WebMvcAutoConfigurationAdapter: org.springframework.web.filter.RequestContextFilter requestContextFilter()>;org.springframework.beans.factory.support.SimpleInstantiationStrategy.instantiate;154;isAccessible=false;
Method.invoke;<org.springframework.boot.autoconfigure.web.servlet.WebMvcAutoConfiguration$WebMvcAutoConfigurationAdapter: org.springframework.web.servlet.view.ContentNegotiatingViewResolver viewResolver(org.springframework.beans.factory.BeanFactory)>;org.springframework.beans.factory.support.SimpleInstantiationStrategy.instantiate;154;isAccessible=false;
Method.invoke;<org.springframework.boot.autoconfigure.web.servlet.WebMvcAutoConfiguration$WebMvcAutoConfigurationAdapter: org.springframework.web.servlet.view.InternalResourceViewResolver defaultViewResolver()>;org.springframework.beans.factory.support.SimpleInstantiationStrategy.instantiate;154;isAccessible=false;
Method.invoke;<org.springframework.boot.autoconfigure.web.servlet.WebMvcAutoConfiguration: org.springframework.boot.web.servlet.filter.OrderedFormContentFilter formContentFilter()>;org.springframework.beans.factory.support.SimpleInstantiationStrategy.instantiate;154;isAccessible=false;
Method.invoke;<org.springframework.boot.autoconfigure.web.servlet.error.ErrorMvcAutoConfiguration$DefaultErrorViewResolverConfiguration: org.springframework.boot.autoconfigure.web.servlet.error.DefaultErrorViewResolver conventionErrorViewResolver()>;org.springframework.beans.factory.support.SimpleInstantiationStrategy.instantiate;154;isAccessible=true;
Method.invoke;<org.springframework.boot.autoconfigure.web.servlet.error.ErrorMvcAutoConfiguration: org.springframework.boot.autoconfigure.web.servlet.error.BasicErrorController basicErrorController(org.springframework.boot.web.servlet.error.ErrorAttributes,org.springframework.beans.factory.ObjectProvider)>;org.springframework.beans.factory.support.SimpleInstantiationStrategy.instantiate;154;isAccessible=false;
Method.invoke;<org.springframework.boot.autoconfigure.web.servlet.error.ErrorMvcAutoConfiguration: org.springframework.boot.autoconfigure.web.servlet.error.ErrorMvcAutoConfiguration$ErrorPageCustomizer errorPageCustomizer(org.springframework.boot.autoconfigure.web.servlet.DispatcherServletPath)>;org.springframework.beans.factory.support.SimpleInstantiationStrategy.instantiate;154;isAccessible=false;
Method.invoke;<org.springframework.boot.autoconfigure.web.servlet.error.ErrorMvcAutoConfiguration: org.springframework.boot.autoconfigure.web.servlet.error.ErrorMvcAutoConfiguration$PreserveErrorControllerTargetClassPostProcessor preserveErrorControllerTargetClassPostProcessor()>;org.springframework.beans.factory.support.SimpleInstantiationStrategy.instantiate;154;isAccessible=false;
Method.invoke;<org.springframework.boot.autoconfigure.web.servlet.error.ErrorMvcAutoConfiguration: org.springframework.boot.web.servlet.error.DefaultErrorAttributes errorAttributes()>;org.springframework.beans.factory.support.SimpleInstantiationStrategy.instantiate;154;isAccessible=false;
Method.invoke;<org.springframework.boot.autoconfigure.websocket.servlet.WebSocketServletAutoConfiguration$TomcatWebSocketConfiguration: org.springframework.boot.autoconfigure.websocket.servlet.TomcatWebSocketServletWebServerCustomizer websocketServletWebServerCustomizer()>;org.springframework.beans.factory.support.SimpleInstantiationStrategy.instantiate;154;isAccessible=true;
Method.invoke;<org.springframework.boot.cloud.CloudPlatform: org.springframework.boot.cloud.CloudPlatform[] values()>;java.lang.Class.getEnumConstantsShared;;isAccessible=true;
Method.invoke;<org.springframework.boot.context.config.ConfigData$Option: org.springframework.boot.context.config.ConfigData$Option[] values()>;java.lang.Class.getEnumConstantsShared;;isAccessible=true;
Method.invoke;<org.springframework.boot.context.config.ConfigDataEnvironmentContributors$BinderOption: org.springframework.boot.context.config.ConfigDataEnvironmentContributors$BinderOption[] values()>;java.lang.Class.getEnumConstantsShared;;isAccessible=true;
Method.invoke;<org.springframework.boot.context.properties.bind.Bindable$BindRestriction: org.springframework.boot.context.properties.bind.Bindable$BindRestriction[] values()>;java.lang.Class.getEnumConstantsShared;;isAccessible=true;
Method.invoke;<org.springframework.boot.loader.LaunchedURLClassLoader: void clearCache()>;org.springframework.boot.ClearCachesApplicationListener.clearClassLoaderCaches;44;isAccessible=false;
Method.invoke;<org.springframework.boot.loader.Launcher: void launch(java.lang.String[])>;org.dacapo.spring.Launcher.launch;;isAccessible=true;
Method.invoke;<org.springframework.boot.logging.LogLevel: org.springframework.boot.logging.LogLevel[] values()>;java.lang.Class.getEnumConstantsShared;;isAccessible=true;
Method.invoke;<org.springframework.cache.annotation.AbstractCachingConfiguration: void setConfigurers(org.springframework.beans.factory.ObjectProvider)>;org.springframework.beans.factory.annotation.AutowiredAnnotationBeanPostProcessor$AutowiredMethodElement.inject;724;isAccessible=true;
Method.invoke;<org.springframework.cache.annotation.ProxyCachingConfiguration: org.springframework.cache.interceptor.BeanFactoryCacheOperationSourceAdvisor cacheAdvisor(org.springframework.cache.interceptor.CacheOperationSource,org.springframework.cache.interceptor.CacheInterceptor)>;org.springframework.beans.factory.support.SimpleInstantiationStrategy.instantiate;154;isAccessible=false;
Method.invoke;<org.springframework.cache.annotation.ProxyCachingConfiguration: org.springframework.cache.interceptor.CacheInterceptor cacheInterceptor(org.springframework.cache.interceptor.CacheOperationSource)>;org.springframework.beans.factory.support.SimpleInstantiationStrategy.instantiate;154;isAccessible=false;
Method.invoke;<org.springframework.cache.annotation.ProxyCachingConfiguration: org.springframework.cache.interceptor.CacheOperationSource cacheOperationSource()>;org.springframework.beans.factory.support.SimpleInstantiationStrategy.instantiate;154;isAccessible=false;
Method.invoke;<org.springframework.cache.jcache.config.AbstractJCacheConfiguration: org.springframework.cache.jcache.interceptor.JCacheOperationSource cacheOperationSource()>;org.springframework.beans.factory.support.SimpleInstantiationStrategy.instantiate;154;isAccessible=false;
Method.invoke;<org.springframework.cache.jcache.config.ProxyJCacheConfiguration: org.springframework.cache.jcache.interceptor.BeanFactoryJCacheOperationSourceAdvisor cacheAdvisor(org.springframework.cache.jcache.interceptor.JCacheOperationSource,org.springframework.cache.jcache.interceptor.JCacheInterceptor)>;org.springframework.beans.factory.support.SimpleInstantiationStrategy.instantiate;154;isAccessible=false;
Method.invoke;<org.springframework.cache.jcache.config.ProxyJCacheConfiguration: org.springframework.cache.jcache.interceptor.JCacheInterceptor cacheInterceptor(org.springframework.cache.jcache.interceptor.JCacheOperationSource)>;org.springframework.beans.factory.support.SimpleInstantiationStrategy.instantiate;154;isAccessible=false;
Method.invoke;<org.springframework.context.annotation.AdviceMode: org.springframework.context.annotation.AdviceMode[] values()>;java.lang.Class.getEnumConstantsShared;;isAccessible=true;
Method.invoke;<org.springframework.context.annotation.ConfigurationClassPostProcessor: void setMetadataReaderFactory(org.springframework.core.type.classreading.MetadataReaderFactory)>;org.springframework.beans.BeanWrapperImpl$BeanPropertyHandler.setValue;332;isAccessible=false;
Method.invoke;<org.springframework.context.annotation.FilterType: org.springframework.context.annotation.FilterType[] values()>;java.lang.Class.getEnumConstantsShared;;isAccessible=true;
Method.invoke;<org.springframework.context.annotation.ScopedProxyMode: org.springframework.context.annotation.ScopedProxyMode[] values()>;java.lang.Class.getEnumConstantsShared;;isAccessible=true;
Method.invoke;<org.springframework.core.annotation.MergedAnnotation$Adapt: org.springframework.core.annotation.MergedAnnotation$Adapt[] values()>;java.lang.Class.getEnumConstantsShared;;isAccessible=true;
Method.invoke;<org.springframework.core.io.support.PropertiesLoaderSupport: void setIgnoreResourceNotFound(boolean)>;org.springframework.beans.BeanWrapperImpl$BeanPropertyHandler.setValue;332;isAccessible=false;
Method.invoke;<org.springframework.core.io.support.PropertiesLoaderSupport: void setLocations(org.springframework.core.io.Resource[])>;org.springframework.beans.BeanWrapperImpl$BeanPropertyHandler.setValue;332;isAccessible=false;
Method.invoke;<org.springframework.data.jpa.repository.support.CrudMethodMetadataPostProcessor$DefaultCrudMethodMetadata: java.util.Optional getEntityGraph()>;org.springframework.aop.support.AopUtils.invokeJoinpointUsingReflection;344;isAccessible=false;
Method.invoke;<org.springframework.data.jpa.repository.support.CrudMethodMetadataPostProcessor$DefaultCrudMethodMetadata: javax.persistence.LockModeType getLockModeType()>;org.springframework.aop.support.AopUtils.invokeJoinpointUsingReflection;344;isAccessible=false;
Method.invoke;<org.springframework.data.jpa.repository.support.CrudMethodMetadataPostProcessor$DefaultCrudMethodMetadata: org.springframework.data.jpa.repository.support.QueryHints getQueryHints()>;org.springframework.aop.support.AopUtils.invokeJoinpointUsingReflection;344;isAccessible=false;
Method.invoke;<org.springframework.data.jpa.repository.support.JpaRepositoryFactoryBean: void setEntityManager(javax.persistence.EntityManager)>;org.springframework.beans.BeanWrapperImpl$BeanPropertyHandler.setValue;332;isAccessible=false;
Method.invoke;<org.springframework.data.jpa.repository.support.JpaRepositoryFactoryBean: void setEntityPathResolver(org.springframework.beans.factory.ObjectProvider)>;org.springframework.beans.factory.annotation.AutowiredAnnotationBeanPostProcessor$AutowiredMethodElement.inject;724;isAccessible=false;
Method.invoke;<org.springframework.data.jpa.repository.support.JpaRepositoryFactoryBean: void setEscapeCharacter(char)>;org.springframework.beans.BeanWrapperImpl$BeanPropertyHandler.setValue;332;isAccessible=false;
Method.invoke;<org.springframework.data.jpa.repository.support.JpaRepositoryFactoryBean: void setMappingContext(org.springframework.data.mapping.context.MappingContext)>;org.springframework.beans.BeanWrapperImpl$BeanPropertyHandler.setValue;332;isAccessible=false;
Method.invoke;<org.springframework.data.jpa.repository.support.JpaRepositoryFactoryBean: void setQueryMethodFactory(org.springframework.data.jpa.repository.query.JpaQueryMethodFactory)>;org.springframework.beans.factory.annotation.AutowiredAnnotationBeanPostProcessor$AutowiredMethodElement.inject;724;isAccessible=false;
Method.invoke;<org.springframework.data.jpa.repository.support.SimpleJpaRepository: java.lang.Object save(java.lang.Object)>;org.springframework.data.repository.core.support.RepositoryMethodInvoker$RepositoryFragmentMethodInvoker.lambda$new$0;289;isAccessible=false;
Method.invoke;<org.springframework.data.jpa.repository.support.SimpleJpaRepository: org.springframework.data.domain.Page findAll(org.springframework.data.domain.Pageable)>;org.springframework.data.repository.core.support.RepositoryMethodInvoker$RepositoryFragmentMethodInvoker.lambda$new$0;289;isAccessible=false;
Method.invoke;<org.springframework.data.repository.config.BootstrapMode: org.springframework.data.repository.config.BootstrapMode[] values()>;java.lang.Class.getEnumConstantsShared;;isAccessible=true;
Method.invoke;<org.springframework.data.repository.core.support.RepositoryFactoryBeanSupport: void setLazyInit(boolean)>;org.springframework.beans.BeanWrapperImpl$BeanPropertyHandler.setValue;332;isAccessible=false;
Method.invoke;<org.springframework.data.repository.core.support.RepositoryFactoryBeanSupport: void setNamedQueries(org.springframework.data.repository.core.NamedQueries)>;org.springframework.beans.BeanWrapperImpl$BeanPropertyHandler.setValue;332;isAccessible=false;
Method.invoke;<org.springframework.data.repository.core.support.RepositoryFactoryBeanSupport: void setQueryLookupStrategyKey(org.springframework.data.repository.query.QueryLookupStrategy$Key)>;org.springframework.beans.BeanWrapperImpl$BeanPropertyHandler.setValue;332;isAccessible=false;
Method.invoke;<org.springframework.data.repository.core.support.RepositoryFactoryBeanSupport: void setRepositoryFragments(org.springframework.data.repository.core.support.RepositoryComposition$RepositoryFragments)>;org.springframework.beans.BeanWrapperImpl$BeanPropertyHandler.setValue;332;isAccessible=false;
Method.invoke;<org.springframework.data.repository.core.support.TransactionalRepositoryFactoryBeanSupport: void setEnableDefaultTransactions(boolean)>;org.springframework.beans.BeanWrapperImpl$BeanPropertyHandler.setValue;332;isAccessible=false;
Method.invoke;<org.springframework.data.repository.core.support.TransactionalRepositoryFactoryBeanSupport: void setTransactionManager(java.lang.String)>;org.springframework.beans.BeanWrapperImpl$BeanPropertyHandler.setValue;332;isAccessible=false;
Method.invoke;<org.springframework.data.repository.query.QueryLookupStrategy$Key: org.springframework.data.repository.query.QueryLookupStrategy$Key[] values()>;java.lang.Class.getEnumConstantsShared;;isAccessible=true;
Method.invoke;<org.springframework.data.web.config.ProjectingArgumentResolverRegistrar: org.springframework.data.web.config.ProjectingArgumentResolverRegistrar$ProjectingArgumentResolverBeanPostProcessor projectingArgumentResolverBeanPostProcessor(org.springframework.beans.factory.ObjectFactory)>;org.springframework.beans.factory.support.SimpleInstantiationStrategy.instantiate;154;isAccessible=true;
Method.invoke;<org.springframework.data.web.config.SpringDataJacksonConfiguration: org.springframework.data.geo.GeoModule jacksonGeoModule()>;org.springframework.beans.factory.support.SimpleInstantiationStrategy.instantiate;154;isAccessible=false;
Method.invoke;<org.springframework.data.web.config.SpringDataWebConfiguration: org.springframework.data.web.PageableHandlerMethodArgumentResolver pageableResolver()>;org.springframework.beans.factory.support.SimpleInstantiationStrategy.instantiate;154;isAccessible=false;
Method.invoke;<org.springframework.data.web.config.SpringDataWebConfiguration: org.springframework.data.web.SortHandlerMethodArgumentResolver sortResolver()>;org.springframework.beans.factory.support.SimpleInstantiationStrategy.instantiate;154;isAccessible=false;
Method.invoke;<org.springframework.format.annotation.DateTimeFormat$ISO: org.springframework.format.annotation.DateTimeFormat$ISO[] values()>;java.lang.Class.getEnumConstantsShared;;isAccessible=true;
Method.invoke;<org.springframework.format.datetime.standard.DateTimeFormatterRegistrar$Type: org.springframework.format.datetime.standard.DateTimeFormatterRegistrar$Type[] values()>;java.lang.Class.getEnumConstantsShared;;isAccessible=true;
Method.invoke;<org.springframework.http.HttpMethod: org.springframework.http.HttpMethod[] values()>;java.lang.Class.getEnumConstantsShared;;isAccessible=true;
Method.invoke;<org.springframework.http.HttpStatus$Series: org.springframework.http.HttpStatus$Series[] values()>;java.lang.Class.getEnumConstantsShared;;isAccessible=true;
Method.invoke;<org.springframework.orm.jpa.AbstractEntityManagerFactoryBean: java.lang.Class getEntityManagerInterface()>;org.springframework.orm.jpa.AbstractEntityManagerFactoryBean.invokeProxyMethod;487;isAccessible=false;
Method.invoke;<org.springframework.orm.jpa.AbstractEntityManagerFactoryBean: java.lang.ClassLoader getBeanClassLoader()>;org.springframework.orm.jpa.AbstractEntityManagerFactoryBean.invokeProxyMethod;487;isAccessible=false;
Method.invoke;<org.springframework.orm.jpa.AbstractEntityManagerFactoryBean: org.springframework.orm.jpa.JpaDialect getJpaDialect()>;org.springframework.orm.jpa.AbstractEntityManagerFactoryBean.invokeProxyMethod;487;isAccessible=false;
Method.invoke;<org.springframework.orm.jpa.LocalContainerEntityManagerFactoryBean: javax.sql.DataSource getDataSource()>;org.springframework.orm.jpa.AbstractEntityManagerFactoryBean.invokeProxyMethod;487;isAccessible=false;
Method.invoke;<org.springframework.orm.jpa.SharedEntityManagerCreator: javax.persistence.EntityManager createSharedEntityManager(javax.persistence.EntityManagerFactory)>;org.springframework.beans.factory.support.SimpleInstantiationStrategy.instantiate;154;isAccessible=false;
Method.invoke;<org.springframework.samples.petclinic.PetClinicApplication$$EnhancerBySpringCGLIB$$915a30a4: void CGLIB$SET_STATIC_CALLBACKS(org.springframework.cglib.proxy.Callback[])>;org.springframework.cglib.proxy.Enhancer.setCallbacksHelper;898;isAccessible=false;
Method.invoke;<org.springframework.samples.petclinic.PetClinicApplication: void main(java.lang.String[])>;org.springframework.boot.loader.MainMethodRunner.run;49;isAccessible=true;
Method.invoke;<org.springframework.samples.petclinic.model.BaseEntity: boolean isNew()>;org.springframework.expression.spel.support.ReflectivePropertyAccessor$OptimalPropertyAccessor.read;704;isAccessible=false;
Method.invoke;<org.springframework.samples.petclinic.model.BaseEntity: java.lang.Integer getId()>;org.springframework.beans.BeanWrapperImpl$BeanPropertyHandler.getValue;308;isAccessible=false;
Method.invoke;<org.springframework.samples.petclinic.model.BaseEntity: java.lang.Integer getId()>;org.springframework.expression.spel.support.ReflectivePropertyAccessor$OptimalPropertyAccessor.read;704;isAccessible=false;
Method.invoke;<org.springframework.samples.petclinic.model.NamedEntity: java.lang.String getName()>;org.springframework.beans.BeanWrapperImpl$BeanPropertyHandler.getValue;308;isAccessible=false;
Method.invoke;<org.springframework.samples.petclinic.model.NamedEntity: java.lang.String getName()>;org.springframework.expression.spel.support.ReflectivePropertyAccessor$OptimalPropertyAccessor.read;704;isAccessible=false;
Method.invoke;<org.springframework.samples.petclinic.model.Person: java.lang.String getFirstName()>;org.springframework.beans.BeanWrapperImpl$BeanPropertyHandler.getValue;308;isAccessible=false;
Method.invoke;<org.springframework.samples.petclinic.model.Person: java.lang.String getFirstName()>;org.springframework.expression.spel.support.ReflectivePropertyAccessor$OptimalPropertyAccessor.read;704;isAccessible=false;
Method.invoke;<org.springframework.samples.petclinic.model.Person: java.lang.String getLastName()>;org.springframework.beans.BeanWrapperImpl$BeanPropertyHandler.getValue;308;isAccessible=false;
Method.invoke;<org.springframework.samples.petclinic.model.Person: java.lang.String getLastName()>;org.springframework.expression.spel.support.ReflectivePropertyAccessor$OptimalPropertyAccessor.read;704;isAccessible=false;
Method.invoke;<org.springframework.samples.petclinic.model.Person: void setFirstName(java.lang.String)>;org.springframework.beans.BeanWrapperImpl$BeanPropertyHandler.setValue;332;isAccessible=false;
Method.invoke;<org.springframework.samples.petclinic.model.Person: void setLastName(java.lang.String)>;org.springframework.beans.BeanWrapperImpl$BeanPropertyHandler.setValue;332;isAccessible=false;
Method.invoke;<org.springframework.samples.petclinic.owner.Owner: java.lang.String getAddress()>;org.springframework.beans.BeanWrapperImpl$BeanPropertyHandler.getValue;308;isAccessible=false;
Method.invoke;<org.springframework.samples.petclinic.owner.Owner: java.lang.String getAddress()>;org.springframework.expression.spel.support.ReflectivePropertyAccessor$OptimalPropertyAccessor.read;704;isAccessible=false;
Method.invoke;<org.springframework.samples.petclinic.owner.Owner: java.lang.String getCity()>;org.springframework.beans.BeanWrapperImpl$BeanPropertyHandler.getValue;308;isAccessible=false;
Method.invoke;<org.springframework.samples.petclinic.owner.Owner: java.lang.String getCity()>;org.springframework.expression.spel.support.ReflectivePropertyAccessor$OptimalPropertyAccessor.read;704;isAccessible=false;
Method.invoke;<org.springframework.samples.petclinic.owner.Owner: java.lang.String getTelephone()>;org.springframework.beans.BeanWrapperImpl$BeanPropertyHandler.getValue;308;isAccessible=false;
Method.invoke;<org.springframework.samples.petclinic.owner.Owner: java.lang.String getTelephone()>;org.springframework.expression.spel.support.ReflectivePropertyAccessor$OptimalPropertyAccessor.read;704;isAccessible=false;
Method.invoke;<org.springframework.samples.petclinic.owner.Owner: java.util.List getPets()>;org.springframework.expression.spel.support.ReflectivePropertyAccessor$OptimalPropertyAccessor.read;704;isAccessible=false;
Method.invoke;<org.springframework.samples.petclinic.owner.Owner: void setAddress(java.lang.String)>;org.springframework.beans.BeanWrapperImpl$BeanPropertyHandler.setValue;332;isAccessible=false;
Method.invoke;<org.springframework.samples.petclinic.owner.Owner: void setTelephone(java.lang.String)>;org.springframework.beans.BeanWrapperImpl$BeanPropertyHandler.setValue;332;isAccessible=false;
Method.invoke;<org.springframework.samples.petclinic.owner.OwnerController: java.lang.String initFindForm(java.util.Map)>;org.springframework.web.method.support.InvocableHandlerMethod.doInvoke;205;isAccessible=true;
Method.invoke;<org.springframework.samples.petclinic.owner.OwnerController: java.lang.String initUpdateOwnerForm(int,org.springframework.ui.Model)>;org.springframework.web.method.support.InvocableHandlerMethod.doInvoke;205;isAccessible=true;
Method.invoke;<org.springframework.samples.petclinic.owner.OwnerController: java.lang.String processFindForm(int,org.springframework.samples.petclinic.owner.Owner,org.springframework.validation.BindingResult,org.springframework.ui.Model)>;org.springframework.web.method.support.InvocableHandlerMethod.doInvoke;205;isAccessible=true;
Method.invoke;<org.springframework.samples.petclinic.owner.OwnerController: java.lang.String processUpdateOwnerForm(org.springframework.samples.petclinic.owner.Owner,org.springframework.validation.BindingResult,int)>;org.springframework.web.method.support.InvocableHandlerMethod.doInvoke;205;isAccessible=true;
Method.invoke;<org.springframework.samples.petclinic.owner.OwnerController: org.springframework.samples.petclinic.owner.Owner findOwner(java.lang.Integer)>;org.springframework.web.method.support.InvocableHandlerMethod.doInvoke;205;isAccessible=true;
Method.invoke;<org.springframework.samples.petclinic.owner.OwnerController: org.springframework.web.servlet.ModelAndView showOwner(int)>;org.springframework.web.method.support.InvocableHandlerMethod.doInvoke;205;isAccessible=true;
Method.invoke;<org.springframework.samples.petclinic.owner.OwnerController: void setAllowedFields(org.springframework.web.bind.WebDataBinder)>;org.springframework.web.method.support.InvocableHandlerMethod.doInvoke;205;isAccessible=true;
Method.invoke;<org.springframework.samples.petclinic.owner.Pet: java.time.LocalDate getBirthDate()>;org.springframework.expression.spel.support.ReflectivePropertyAccessor$OptimalPropertyAccessor.read;704;isAccessible=false;
Method.invoke;<org.springframework.samples.petclinic.owner.Pet: java.util.Collection getVisits()>;org.springframework.expression.spel.support.ReflectivePropertyAccessor$OptimalPropertyAccessor.read;704;isAccessible=false;
Method.invoke;<org.springframework.samples.petclinic.owner.Pet: org.springframework.samples.petclinic.owner.PetType getType()>;org.springframework.expression.spel.support.ReflectivePropertyAccessor$OptimalPropertyAccessor.read;704;isAccessible=false;
Method.invoke;<org.springframework.samples.petclinic.owner.Visit: java.lang.String getDescription()>;org.springframework.beans.BeanWrapperImpl$BeanPropertyHandler.getValue;308;isAccessible=false;
Method.invoke;<org.springframework.samples.petclinic.owner.Visit: java.lang.String getDescription()>;org.springframework.expression.spel.support.ReflectivePropertyAccessor$OptimalPropertyAccessor.read;704;isAccessible=false;
Method.invoke;<org.springframework.samples.petclinic.owner.Visit: java.time.LocalDate getDate()>;org.springframework.beans.BeanWrapperImpl$BeanPropertyHandler.getValue;308;isAccessible=false;
Method.invoke;<org.springframework.samples.petclinic.owner.Visit: java.time.LocalDate getDate()>;org.springframework.expression.spel.support.ReflectivePropertyAccessor$OptimalPropertyAccessor.read;704;isAccessible=false;
Method.invoke;<org.springframework.samples.petclinic.owner.Visit: void setDescription(java.lang.String)>;org.springframework.beans.BeanWrapperImpl$BeanPropertyHandler.setValue;332;isAccessible=false;
Method.invoke;<org.springframework.samples.petclinic.owner.VisitController: java.lang.String initNewVisitForm()>;org.springframework.web.method.support.InvocableHandlerMethod.doInvoke;205;isAccessible=true;
Method.invoke;<org.springframework.samples.petclinic.owner.VisitController: java.lang.String processNewVisitForm(org.springframework.samples.petclinic.owner.Owner,int,org.springframework.samples.petclinic.owner.Visit,org.springframework.validation.BindingResult)>;org.springframework.web.method.support.InvocableHandlerMethod.doInvoke;205;isAccessible=true;
Method.invoke;<org.springframework.samples.petclinic.owner.VisitController: org.springframework.samples.petclinic.owner.Visit loadPetWithVisit(int,int,java.util.Map)>;org.springframework.web.method.support.InvocableHandlerMethod.doInvoke;205;isAccessible=true;
Method.invoke;<org.springframework.samples.petclinic.owner.VisitController: void setAllowedFields(org.springframework.web.bind.WebDataBinder)>;org.springframework.web.method.support.InvocableHandlerMethod.doInvoke;205;isAccessible=true;
Method.invoke;<org.springframework.samples.petclinic.system.CacheConfiguration: org.springframework.boot.autoconfigure.cache.JCacheManagerCustomizer petclinicCacheConfigurationCustomizer()>;org.springframework.beans.factory.support.SimpleInstantiationStrategy.instantiate;154;isAccessible=true;
Method.invoke;<org.springframework.samples.petclinic.system.WelcomeController: java.lang.String welcome()>;org.springframework.web.method.support.InvocableHandlerMethod.doInvoke;205;isAccessible=true;
Method.invoke;<org.springframework.samples.petclinic.vet.Vet: int getNrOfSpecialties()>;org.springframework.expression.spel.support.ReflectivePropertyAccessor$OptimalPropertyAccessor.read;704;isAccessible=false;
Method.invoke;<org.springframework.samples.petclinic.vet.Vet: java.util.List getSpecialties()>;org.springframework.expression.spel.support.ReflectivePropertyAccessor$OptimalPropertyAccessor.read;704;isAccessible=false;
Method.invoke;<org.springframework.samples.petclinic.vet.VetController: java.lang.String showVetList(int,org.springframework.ui.Model)>;org.springframework.web.method.support.InvocableHandlerMethod.doInvoke;205;isAccessible=true;
Method.invoke;<org.springframework.transaction.annotation.AbstractTransactionManagementConfiguration: org.springframework.transaction.event.TransactionalEventListenerFactory transactionalEventListenerFactory()>;org.springframework.beans.factory.support.SimpleInstantiationStrategy.instantiate;154;isAccessible=false;
Method.invoke;<org.springframework.transaction.annotation.Isolation: org.springframework.transaction.annotation.Isolation[] values()>;java.lang.Class.getEnumConstantsShared;;isAccessible=true;
Method.invoke;<org.springframework.transaction.annotation.Propagation: org.springframework.transaction.annotation.Propagation[] values()>;java.lang.Class.getEnumConstantsShared;;isAccessible=true;
Method.invoke;<org.springframework.transaction.annotation.ProxyTransactionManagementConfiguration: org.springframework.transaction.interceptor.BeanFactoryTransactionAttributeSourceAdvisor transactionAdvisor(org.springframework.transaction.interceptor.TransactionAttributeSource,org.springframework.transaction.interceptor.TransactionInterceptor)>;org.springframework.beans.factory.support.SimpleInstantiationStrategy.instantiate;154;isAccessible=false;
Method.invoke;<org.springframework.transaction.annotation.ProxyTransactionManagementConfiguration: org.springframework.transaction.interceptor.TransactionAttributeSource transactionAttributeSource()>;org.springframework.beans.factory.support.SimpleInstantiationStrategy.instantiate;154;isAccessible=false;
Method.invoke;<org.springframework.transaction.annotation.ProxyTransactionManagementConfiguration: org.springframework.transaction.interceptor.TransactionInterceptor transactionInterceptor(org.springframework.transaction.interceptor.TransactionAttributeSource)>;org.springframework.beans.factory.support.SimpleInstantiationStrategy.instantiate;154;isAccessible=false;
Method.invoke;<org.springframework.util.ConcurrentReferenceHashMap$TaskOption: org.springframework.util.ConcurrentReferenceHashMap$TaskOption[] values()>;java.lang.Class.getEnumConstantsShared;;isAccessible=true;
Method.invoke;<org.springframework.web.bind.annotation.RequestMethod: org.springframework.web.bind.annotation.RequestMethod[] values()>;java.lang.Class.getEnumConstantsShared;;isAccessible=true;
Method.invoke;<org.springframework.web.servlet.config.annotation.DelegatingWebMvcConfiguration: void setConfigurers(java.util.List)>;org.springframework.beans.factory.annotation.AutowiredAnnotationBeanPostProcessor$AutowiredMethodElement.inject;724;isAccessible=false;
Method.invoke;<org.springframework.web.servlet.config.annotation.WebMvcConfigurationSupport: org.springframework.util.PathMatcher mvcPathMatcher()>;org.springframework.beans.factory.support.SimpleInstantiationStrategy.instantiate;154;isAccessible=false;
Method.invoke;<org.springframework.web.servlet.config.annotation.WebMvcConfigurationSupport: org.springframework.web.method.support.CompositeUriComponentsContributor mvcUriComponentsContributor(org.springframework.format.support.FormattingConversionService,org.springframework.web.servlet.mvc.method.annotation.RequestMappingHandlerAdapter)>;org.springframework.beans.factory.support.SimpleInstantiationStrategy.instantiate;154;isAccessible=false;
Method.invoke;<org.springframework.web.servlet.config.annotation.WebMvcConfigurationSupport: org.springframework.web.servlet.HandlerExceptionResolver handlerExceptionResolver(org.springframework.web.accept.ContentNegotiationManager)>;org.springframework.beans.factory.support.SimpleInstantiationStrategy.instantiate;154;isAccessible=false;
Method.invoke;<org.springframework.web.servlet.config.annotation.WebMvcConfigurationSupport: org.springframework.web.servlet.HandlerMapping defaultServletHandlerMapping()>;org.springframework.beans.factory.support.SimpleInstantiationStrategy.instantiate;154;isAccessible=false;
Method.invoke;<org.springframework.web.servlet.config.annotation.WebMvcConfigurationSupport: org.springframework.web.servlet.HandlerMapping resourceHandlerMapping(org.springframework.web.accept.ContentNegotiationManager,org.springframework.format.support.FormattingConversionService,org.springframework.web.servlet.resource.ResourceUrlProvider)>;org.springframework.beans.factory.support.SimpleInstantiationStrategy.instantiate;154;isAccessible=false;
Method.invoke;<org.springframework.web.servlet.config.annotation.WebMvcConfigurationSupport: org.springframework.web.servlet.HandlerMapping viewControllerHandlerMapping(org.springframework.format.support.FormattingConversionService,org.springframework.web.servlet.resource.ResourceUrlProvider)>;org.springframework.beans.factory.support.SimpleInstantiationStrategy.instantiate;154;isAccessible=false;
Method.invoke;<org.springframework.web.servlet.config.annotation.WebMvcConfigurationSupport: org.springframework.web.servlet.RequestToViewNameTranslator viewNameTranslator()>;org.springframework.beans.factory.support.SimpleInstantiationStrategy.instantiate;154;isAccessible=false;
Method.invoke;<org.springframework.web.servlet.config.annotation.WebMvcConfigurationSupport: org.springframework.web.servlet.ViewResolver mvcViewResolver(org.springframework.web.accept.ContentNegotiationManager)>;org.springframework.beans.factory.support.SimpleInstantiationStrategy.instantiate;154;isAccessible=false;
Method.invoke;<org.springframework.web.servlet.config.annotation.WebMvcConfigurationSupport: org.springframework.web.servlet.function.support.HandlerFunctionAdapter handlerFunctionAdapter()>;org.springframework.beans.factory.support.SimpleInstantiationStrategy.instantiate;154;isAccessible=false;
Method.invoke;<org.springframework.web.servlet.config.annotation.WebMvcConfigurationSupport: org.springframework.web.servlet.function.support.RouterFunctionMapping routerFunctionMapping(org.springframework.format.support.FormattingConversionService,org.springframework.web.servlet.resource.ResourceUrlProvider)>;org.springframework.beans.factory.support.SimpleInstantiationStrategy.instantiate;154;isAccessible=false;
Method.invoke;<org.springframework.web.servlet.config.annotation.WebMvcConfigurationSupport: org.springframework.web.servlet.handler.BeanNameUrlHandlerMapping beanNameHandlerMapping(org.springframework.format.support.FormattingConversionService,org.springframework.web.servlet.resource.ResourceUrlProvider)>;org.springframework.beans.factory.support.SimpleInstantiationStrategy.instantiate;154;isAccessible=false;
Method.invoke;<org.springframework.web.servlet.config.annotation.WebMvcConfigurationSupport: org.springframework.web.servlet.mvc.HttpRequestHandlerAdapter httpRequestHandlerAdapter()>;org.springframework.beans.factory.support.SimpleInstantiationStrategy.instantiate;154;isAccessible=false;
Method.invoke;<org.springframework.web.servlet.config.annotation.WebMvcConfigurationSupport: org.springframework.web.servlet.mvc.SimpleControllerHandlerAdapter simpleControllerHandlerAdapter()>;org.springframework.beans.factory.support.SimpleInstantiationStrategy.instantiate;154;isAccessible=false;
Method.invoke;<org.springframework.web.servlet.config.annotation.WebMvcConfigurationSupport: org.springframework.web.servlet.mvc.method.annotation.RequestMappingHandlerMapping requestMappingHandlerMapping(org.springframework.web.accept.ContentNegotiationManager,org.springframework.format.support.FormattingConversionService,org.springframework.web.servlet.resource.ResourceUrlProvider)>;org.springframework.beans.factory.support.SimpleInstantiationStrategy.instantiate;154;isAccessible=false;
Method.invoke;<org.springframework.web.servlet.config.annotation.WebMvcConfigurationSupport: org.springframework.web.servlet.resource.ResourceUrlProvider mvcResourceUrlProvider()>;org.springframework.beans.factory.support.SimpleInstantiationStrategy.instantiate;154;isAccessible=false;
Method.invoke;<org.springframework.web.servlet.config.annotation.WebMvcConfigurationSupport: org.springframework.web.util.UrlPathHelper mvcUrlPathHelper()>;org.springframework.beans.factory.support.SimpleInstantiationStrategy.instantiate;154;isAccessible=false;
Method.invoke;<org.springframework.web.servlet.config.annotation.WebMvcConfigurationSupport: org.springframework.web.util.pattern.PathPatternParser mvcPatternParser()>;org.springframework.beans.factory.support.SimpleInstantiationStrategy.instantiate;154;isAccessible=false;
Method.invoke;<org.thymeleaf.expression.Numbers: java.lang.Integer[] sequence(java.lang.Integer,java.lang.Integer)>;org.springframework.expression.spel.support.ReflectiveMethodExecutor.execute;139;isAccessible=false;
Method.invoke;<org.thymeleaf.expression.Strings: java.lang.String listJoin(java.util.List,java.lang.String)>;org.springframework.expression.spel.support.ReflectiveMethodExecutor.execute;139;isAccessible=false;
Method.invoke;<org.thymeleaf.extras.java8time.expression.Temporals: java.lang.String format(java.time.temporal.Temporal,java.lang.String)>;org.springframework.expression.spel.support.ReflectiveMethodExecutor.execute;139;isAccessible=false;
Method.invoke;<org.thymeleaf.spring5.expression.Fields: boolean hasAnyErrors()>;org.springframework.expression.spel.support.ReflectiveMethodExecutor.execute;139;isAccessible=false;
Method.invoke;<org.thymeleaf.spring5.expression.Fields: boolean hasErrors(java.lang.String)>;org.springframework.expression.spel.support.ReflectiveMethodExecutor.execute;139;isAccessible=false;
Method.invoke;<org.thymeleaf.standard.expression.AdditionSubtractionExpression: boolean isLeftAllowed(org.thymeleaf.standard.expression.IStandardExpression)>;org.thymeleaf.standard.expression.BinaryOperationExpression.doComposeBinaryOperationExpression;178;isAccessible=false;
Method.invoke;<org.thymeleaf.standard.expression.AdditionSubtractionExpression: boolean isRightAllowed(org.thymeleaf.standard.expression.IStandardExpression)>;org.thymeleaf.standard.expression.BinaryOperationExpression.doComposeBinaryOperationExpression;191;isAccessible=false;
Method.invoke;<org.thymeleaf.standard.expression.MultiplicationDivisionRemainderExpression: boolean isLeftAllowed(org.thymeleaf.standard.expression.IStandardExpression)>;org.thymeleaf.standard.expression.BinaryOperationExpression.doComposeBinaryOperationExpression;178;isAccessible=false;
Method.invoke;<org.thymeleaf.templatemode.TemplateMode: org.thymeleaf.templatemode.TemplateMode[] values()>;java.lang.Class.getEnumConstantsShared;;isAccessible=true;
Method.invoke;<sun.misc.Unsafe: void invokeCleaner(java.nio.ByteBuffer)>;nonapi.io.github.classgraph.utils.FileUtils.closeDirectByteBufferPrivileged;626;isAccessible=true;
Method.invoke;<sun.reflect.generics.reflectiveObjects.ParameterizedTypeImpl: java.lang.Class getRawType()>;org.springframework.util.ReflectionUtils.invokeMethod;282;isAccessible=false;
Method.invoke;<sun.reflect.generics.reflectiveObjects.ParameterizedTypeImpl: java.lang.reflect.Type getOwnerType()>;org.springframework.util.ReflectionUtils.invokeMethod;282;isAccessible=false;
Method.invoke;<sun.reflect.generics.reflectiveObjects.ParameterizedTypeImpl: java.lang.reflect.Type[] getActualTypeArguments()>;org.springframework.core.SerializableTypeWrapper$TypeProxyInvocationHandler.invoke;207;isAccessible=false;
Method.invoke;<sun.reflect.generics.reflectiveObjects.ParameterizedTypeImpl: java.lang.reflect.Type[] getActualTypeArguments()>;org.springframework.util.ReflectionUtils.invokeMethod;282;isAccessible=false;
Method.invoke;<sun.reflect.generics.reflectiveObjects.TypeVariableImpl: java.lang.String getName()>;org.springframework.core.SerializableTypeWrapper$TypeProxyInvocationHandler.invoke;215;isAccessible=false;
Method.invoke;<sun.reflect.generics.reflectiveObjects.TypeVariableImpl: java.lang.reflect.Type[] getBounds()>;org.springframework.core.SerializableTypeWrapper$TypeProxyInvocationHandler.invoke;207;isAccessible=false;
Method.invoke;<sun.reflect.generics.reflectiveObjects.TypeVariableImpl: java.lang.reflect.Type[] getBounds()>;org.springframework.util.ReflectionUtils.invokeMethod;282;isAccessible=false;
Method.invoke;<sun.reflect.generics.reflectiveObjects.WildcardTypeImpl: java.lang.reflect.Type[] getLowerBounds()>;org.springframework.core.SerializableTypeWrapper$TypeProxyInvocationHandler.invoke;207;isAccessible=false;
Method.invoke;<sun.reflect.generics.reflectiveObjects.WildcardTypeImpl: java.lang.reflect.Type[] getUpperBounds()>;org.springframework.core.SerializableTypeWrapper$TypeProxyInvocationHandler.invoke;207;isAccessible=false;
Method.invoke;<sun.reflect.generics.reflectiveObjects.WildcardTypeImpl: java.lang.reflect.Type[] getUpperBounds()>;org.springframework.util.ReflectionUtils.invokeMethod;282;isAccessible=false;
Method.invoke;<sun.reflect.misc.Trampoline: java.lang.Object invoke(java.lang.reflect.Method,java.lang.Object,java.lang.Object[])>;sun.reflect.misc.MethodUtil.invoke;262;isAccessible=true;
