Array.newInstance;boolean[];com.sun.jmx.mbeanserver.DefaultMXBeanMappingFactory.<clinit>;222;;
Array.newInstance;boolean[];java.lang.reflect.ProxyGenerator$PrimitiveTypeInfo.<init>;998;;
Array.newInstance;byte[];com.sun.jmx.mbeanserver.DefaultMXBeanMappingFactory.<clinit>;222;;
Array.newInstance;byte[];java.lang.reflect.ProxyGenerator$PrimitiveTypeInfo.<init>;998;;
Array.newInstance;char[];com.sun.jmx.mbeanserver.DefaultMXBeanMappingFactory.<clinit>;222;;
Array.newInstance;char[];java.lang.reflect.ProxyGenerator$PrimitiveTypeInfo.<init>;998;;
Array.newInstance;char[][];java.util.Arrays.copyOfRange;3786;;
Array.newInstance;com.sun.jmx.mbeanserver.ClassLoaderRepositorySupport$LoaderEntry[];java.util.Arrays.copyOf;3513;;
Array.newInstance;double[];com.sun.jmx.mbeanserver.DefaultMXBeanMappingFactory.<clinit>;222;;
Array.newInstance;double[];java.lang.reflect.ProxyGenerator$PrimitiveTypeInfo.<init>;998;;
Array.newInstance;float[];com.sun.jmx.mbeanserver.DefaultMXBeanMappingFactory.<clinit>;222;;
Array.newInstance;float[];java.lang.reflect.ProxyGenerator$PrimitiveTypeInfo.<init>;998;;
Array.newInstance;int[];com.sun.jmx.mbeanserver.DefaultMXBeanMappingFactory.<clinit>;222;;
Array.newInstance;int[];java.lang.reflect.ProxyGenerator$PrimitiveTypeInfo.<init>;998;;
Array.newInstance;jakarta.servlet.jsp.tagext.FunctionInfo[];java.util.Arrays.copyOf;3513;;
Array.newInstance;jakarta.servlet.jsp.tagext.TagAttributeInfo[];java.util.Arrays.copyOf;3513;;
Array.newInstance;jakarta.servlet.jsp.tagext.TagInfo[];java.util.Arrays.copyOf;3513;;
Array.newInstance;jakarta.servlet.jsp.tagext.TagVariableInfo[];java.util.Arrays.copyOf;3513;;
Array.newInstance;java.lang.Class[];java.util.Arrays.copyOf;3513;;
Array.newInstance;java.lang.Class[];java.util.Arrays.copyOfRange;3786;;
Array.newInstance;java.lang.Class[];java.util.ImmutableCollections$List12.toArray;640;;
Array.newInstance;java.lang.String[];java.util.Arrays.copyOf;3513;;
Array.newInstance;java.lang.String[];java.util.HashMap.prepareArray;926;;
Array.newInstance;java.lang.String[];java.util.concurrent.ConcurrentHashMap$CollectionView.toArray;4486;;
Array.newInstance;java.lang.Thread[];java.util.Arrays.copyOf;3513;;
Array.newInstance;java.lang.annotation.Annotation[];java.util.HashMap.prepareArray;926;;
Array.newInstance;java.lang.invoke.LambdaForm$Name[];java.util.Arrays.copyOf;3513;;
Array.newInstance;java.lang.reflect.Method[];java.util.TimSort.<init>;157;;
Array.newInstance;java.net.URL[];java.util.Arrays.copyOf;3513;;
Array.newInstance;java.net.URL[];java.util.HashMap.prepareArray;926;;
Array.newInstance;java.security.Provider[];java.util.AbstractCollection.toArray;185;;
Array.newInstance;javax.management.MBeanAttributeInfo[];java.util.Arrays.copyOf;3513;;
Array.newInstance;javax.management.MBeanOperationInfo[];java.util.Arrays.copyOf;3513;;
Array.newInstance;jdk.nio.zipfs.ZipFileSystem$IndexNode[];java.util.HashMap.prepareArray;926;;
Array.newInstance;long[];com.sun.jmx.mbeanserver.DefaultMXBeanMappingFactory.<clinit>;222;;
Array.newInstance;long[];java.lang.reflect.ProxyGenerator$PrimitiveTypeInfo.<init>;998;;
Array.newInstance;org.apache.catalina.Container[];java.util.HashMap.prepareArray;926;;
Array.newInstance;org.apache.catalina.Session[];java.util.concurrent.ConcurrentHashMap$CollectionView.toArray;4486;;
Array.newInstance;org.apache.catalina.Valve[];java.util.Arrays.copyOf;3513;;
Array.newInstance;org.apache.catalina.WebResource[];java.util.Arrays.copyOf;3513;;
Array.newInstance;org.apache.catalina.valves.AbstractAccessLogValve$AccessLogElement[];java.util.Arrays.copyOf;3513;;
Array.newInstance;org.apache.catalina.valves.AbstractAccessLogValve$CachedElement[];java.util.Arrays.copyOf;3513;;
Array.newInstance;org.apache.coyote.http11.InputFilter[];java.util.Arrays.copyOf;3513;;
Array.newInstance;org.apache.coyote.http11.OutputFilter[];java.util.Arrays.copyOf;3513;;
Array.newInstance;org.apache.tomcat.util.IntrospectionUtils$PropertySource[];java.util.Arrays.copyOf;3513;;
Array.newInstance;org.apache.tomcat.util.bcel.classfile.AnnotationEntry[];java.util.HashMap.prepareArray;926;;
Array.newInstance;org.apache.tomcat.util.bcel.classfile.Annotations[];java.util.Arrays.copyOf;3513;;
Array.newInstance;org.apache.tomcat.util.descriptor.web.ContextEnvironment[];java.util.HashMap.prepareArray;926;;
Array.newInstance;org.apache.tomcat.util.descriptor.web.ContextResource[];java.util.HashMap.prepareArray;926;;
Array.newInstance;org.apache.tomcat.util.descriptor.web.ErrorPage[];java.util.HashMap.prepareArray;926;;
Array.newInstance;org.apache.tomcat.util.descriptor.web.FilterDef[];java.util.HashMap.prepareArray;926;;
Array.newInstance;org.apache.tomcat.util.descriptor.web.FilterMap[];java.util.Arrays.copyOf;3513;;
Array.newInstance;org.apache.tomcat.util.descriptor.web.SecurityCollection[];java.util.Arrays.copyOf;3513;;
Array.newInstance;org.apache.tomcat.util.descriptor.web.SecurityConstraint[];java.util.Arrays.copyOf;3513;;
Array.newInstance;org.apache.tomcat.util.modeler.AttributeInfo[];java.util.HashMap.prepareArray;926;;
Array.newInstance;org.apache.tomcat.util.modeler.OperationInfo[];java.util.HashMap.prepareArray;926;;
Array.newInstance;org.eclipse.jdt.internal.compiler.lookup.FieldBinding[];java.util.TimSort.<init>;157;;
Array.newInstance;org.eclipse.jdt.internal.compiler.lookup.MethodBinding[];java.util.TimSort.<init>;157;;
Array.newInstance;short[];com.sun.jmx.mbeanserver.DefaultMXBeanMappingFactory.<clinit>;222;;
Array.newInstance;short[];java.lang.reflect.ProxyGenerator$PrimitiveTypeInfo.<init>;998;;
Array.newInstance;sun.security.jca.ProviderConfig[];java.util.Arrays.copyOf;3513;;
Array.newInstance;sun.security.util.DerValue[];java.util.Arrays.copyOf;3513;;
Class.forName;Harness;sun.launcher.LauncherHelper.loadMainClass;791;;
Class.forName;com.sun.jndi.dns.DnsContextFactory;java.util.ServiceLoader.loadProvider;859;;
Class.forName;com.sun.jndi.rmi.registry.RegistryContextFactory;java.util.ServiceLoader.loadProvider;859;;
Class.forName;com.sun.management.VMOption;sun.reflect.generics.factory.CoreReflectionFactory.makeNamedType;114;;
Class.forName;com.sun.management.internal.PlatformMBeanProviderImpl;java.util.ServiceLoader.loadProvider;859;;
Class.forName;com.sun.org.apache.xalan.internal.xsltc.trax.TransformerFactoryImpl;javax.xml.transform.FactoryFinder.getProviderClass;111;;
Class.forName;com.sun.org.apache.xerces.internal.jaxp.DocumentBuilderFactoryImpl;javax.xml.parsers.FactoryFinder.getProviderClass;108;;
Class.forName;com.sun.org.apache.xerces.internal.jaxp.SAXParserFactoryImpl;javax.xml.parsers.FactoryFinder.getProviderClass;108;;
Class.forName;com.sun.org.apache.xerces.internal.jaxp.datatype.DatatypeFactoryImpl;javax.xml.datatype.FactoryFinder.getProviderClass;109;;
Class.forName;com.sun.security.sasl.Provider;java.util.ServiceLoader.loadProvider;859;;
Class.forName;com.sun.security.sasl.gsskerb.JdkSASL;java.util.ServiceLoader.loadProvider;859;;
Class.forName;com.sun.xml.internal.stream.XMLInputFactoryImpl;javax.xml.stream.FactoryFinder.getProviderClass;110;;
Class.forName;jakarta.el.ELContext;org.apache.catalina.loader.WebappClassLoaderBase.loadClass;1381;;
Class.forName;jakarta.el.ELException;org.apache.catalina.loader.WebappClassLoaderBase.loadClass;1381;;
Class.forName;jakarta.el.ExpressionFactory;org.apache.catalina.loader.WebappClassLoaderBase.loadClass;1381;;
Class.forName;jakarta.el.FunctionMapper;org.apache.catalina.loader.WebappClassLoaderBase.loadClass;1381;;
Class.forName;jakarta.el.ValueExpression;org.apache.catalina.loader.WebappClassLoaderBase.loadClass;1381;;
Class.forName;jakarta.el.VariableMapper;org.apache.catalina.loader.WebappClassLoaderBase.loadClass;1381;;
Class.forName;jakarta.servlet.DispatcherType;org.apache.catalina.loader.WebappClassLoaderBase.loadClass;1381;;
Class.forName;jakarta.servlet.GenericFilter;org.apache.catalina.loader.WebappClassLoaderBase.loadClass;1381;;
Class.forName;jakarta.servlet.RequestDispatcher;org.apache.catalina.loader.WebappClassLoaderBase.loadClass;1381;;
Class.forName;jakarta.servlet.Servlet;org.apache.catalina.loader.WebappClassLoaderBase.loadClass;1381;;
Class.forName;jakarta.servlet.ServletConfig;org.apache.catalina.loader.WebappClassLoaderBase.loadClass;1381;;
Class.forName;jakarta.servlet.ServletContext;org.apache.catalina.loader.WebappClassLoaderBase.loadClass;1381;;
Class.forName;jakarta.servlet.ServletContextAttributeEvent;org.apache.catalina.loader.WebappClassLoaderBase.loadClass;1381;;
Class.forName;jakarta.servlet.ServletContextAttributeListener;org.apache.catalina.loader.WebappClassLoaderBase.loadClass;1381;;
Class.forName;jakarta.servlet.ServletContextEvent;org.apache.catalina.loader.WebappClassLoaderBase.loadClass;1381;;
Class.forName;jakarta.servlet.ServletContextListener;org.apache.catalina.loader.WebappClassLoaderBase.loadClass;1381;;
Class.forName;jakarta.servlet.ServletException;org.apache.catalina.loader.WebappClassLoaderBase.loadClass;1381;;
Class.forName;jakarta.servlet.ServletRequest;org.apache.catalina.loader.WebappClassLoaderBase.loadClass;1381;;
Class.forName;jakarta.servlet.ServletResponse;org.apache.catalina.loader.WebappClassLoaderBase.loadClass;1381;;
Class.forName;jakarta.servlet.annotation.HandlesTypes;java.lang.reflect.Proxy$ProxyBuilder.ensureVisible;879;;
Class.forName;jakarta.servlet.annotation.HandlesTypes;jdk.proxy2.$Proxy2.<clinit>;;;
Class.forName;jakarta.servlet.annotation.HandlesTypes;sun.reflect.generics.factory.CoreReflectionFactory.makeNamedType;114;;
Class.forName;jakarta.servlet.http.HttpServlet;org.apache.catalina.loader.WebappClassLoaderBase.loadClass;1381;;
Class.forName;jakarta.servlet.http.HttpServletRequest;org.apache.catalina.loader.WebappClassLoaderBase.loadClass;1381;;
Class.forName;jakarta.servlet.http.HttpServletResponse;org.apache.catalina.loader.WebappClassLoaderBase.loadClass;1381;;
Class.forName;jakarta.servlet.http.HttpSession;org.apache.catalina.loader.WebappClassLoaderBase.loadClass;1381;;
Class.forName;jakarta.servlet.http.HttpSessionAttributeListener;org.apache.catalina.loader.WebappClassLoaderBase.loadClass;1381;;
Class.forName;jakarta.servlet.http.HttpSessionBindingEvent;org.apache.catalina.loader.WebappClassLoaderBase.loadClass;1381;;
Class.forName;jakarta.servlet.http.HttpSessionEvent;org.apache.catalina.loader.WebappClassLoaderBase.loadClass;1381;;
Class.forName;jakarta.servlet.http.HttpSessionListener;org.apache.catalina.loader.WebappClassLoaderBase.loadClass;1381;;
Class.forName;jakarta.servlet.jsp.JspApplicationContext;org.apache.catalina.loader.WebappClassLoaderBase.loadClass;1381;;
Class.forName;jakarta.servlet.jsp.JspContext;org.apache.catalina.loader.WebappClassLoaderBase.loadClass;1381;;
Class.forName;jakarta.servlet.jsp.JspContext;org.apache.tomcat.util.descriptor.DigesterFactory.<clinit>;49;;
Class.forName;jakarta.servlet.jsp.JspException;org.apache.catalina.loader.WebappClassLoaderBase.loadClass;1381;;
Class.forName;jakarta.servlet.jsp.JspFactory;org.apache.catalina.loader.WebappClassLoaderBase.loadClass;1381;;
Class.forName;jakarta.servlet.jsp.JspTagException;org.apache.catalina.loader.WebappClassLoaderBase.loadClass;1381;;
Class.forName;jakarta.servlet.jsp.JspWriter;org.apache.catalina.loader.WebappClassLoaderBase.loadClass;1381;;
Class.forName;jakarta.servlet.jsp.PageContext;org.apache.catalina.loader.WebappClassLoaderBase.loadClass;1381;;
Class.forName;jakarta.servlet.jsp.SkipPageException;org.apache.catalina.loader.WebappClassLoaderBase.loadClass;1381;;
Class.forName;jakarta.servlet.jsp.el.ScopedAttributeELResolver;jakarta.el.CompositeELResolver.<clinit>;30;;
Class.forName;jakarta.servlet.jsp.tagext.BodyContent;org.apache.catalina.loader.WebappClassLoaderBase.loadClass;1381;;
Class.forName;jakarta.servlet.jsp.tagext.BodyTagSupport;org.apache.catalina.loader.WebappClassLoaderBase.loadClass;1381;;
Class.forName;jakarta.servlet.jsp.tagext.DynamicAttributes;org.apache.catalina.loader.WebappClassLoaderBase.loadClass;1381;;
Class.forName;jakarta.servlet.jsp.tagext.IterationTag;org.apache.catalina.loader.WebappClassLoaderBase.loadClass;1381;;
Class.forName;jakarta.servlet.jsp.tagext.JspFragment;org.apache.catalina.loader.WebappClassLoaderBase.loadClass;1381;;
Class.forName;jakarta.servlet.jsp.tagext.JspTag;org.apache.catalina.loader.WebappClassLoaderBase.loadClass;1381;;
Class.forName;jakarta.servlet.jsp.tagext.JspTag;sun.reflect.generics.factory.CoreReflectionFactory.makeNamedType;114;;
Class.forName;jakarta.servlet.jsp.tagext.PageData;org.apache.catalina.loader.WebappClassLoaderBase.loadClass;1381;;
Class.forName;jakarta.servlet.jsp.tagext.SimpleTag;org.apache.catalina.loader.WebappClassLoaderBase.loadClass;1381;;
Class.forName;jakarta.servlet.jsp.tagext.SimpleTagSupport;org.apache.catalina.loader.WebappClassLoaderBase.loadClass;1381;;
Class.forName;jakarta.servlet.jsp.tagext.Tag;org.apache.catalina.loader.WebappClassLoaderBase.loadClass;1381;;
Class.forName;jakarta.servlet.jsp.tagext.Tag;sun.reflect.generics.factory.CoreReflectionFactory.makeNamedType;114;;
Class.forName;jakarta.servlet.jsp.tagext.TagAdapter;org.apache.catalina.loader.WebappClassLoaderBase.loadClass;1381;;
Class.forName;jakarta.servlet.jsp.tagext.TagData;org.apache.catalina.loader.WebappClassLoaderBase.loadClass;1381;;
Class.forName;jakarta.servlet.jsp.tagext.TagExtraInfo;org.apache.catalina.loader.WebappClassLoaderBase.loadClass;1381;;
Class.forName;jakarta.servlet.jsp.tagext.TagLibraryValidator;org.apache.catalina.loader.WebappClassLoaderBase.loadClass;1381;;
Class.forName;jakarta.servlet.jsp.tagext.TagSupport;org.apache.catalina.loader.WebappClassLoaderBase.loadClass;1381;;
Class.forName;jakarta.servlet.jsp.tagext.TryCatchFinally;org.apache.catalina.loader.WebappClassLoaderBase.loadClass;1381;;
Class.forName;jakarta.websocket.CloseReason;org.apache.catalina.loader.WebappClassLoaderBase.loadClass;1381;;
Class.forName;jakarta.websocket.Endpoint;org.apache.catalina.loader.WebappClassLoaderBase.loadClass;1381;;
Class.forName;jakarta.websocket.Endpoint;sun.reflect.generics.factory.CoreReflectionFactory.makeNamedType;114;;
Class.forName;jakarta.websocket.EndpointConfig;org.apache.catalina.loader.WebappClassLoaderBase.loadClass;1381;;
Class.forName;jakarta.websocket.MessageHandler$Whole;org.apache.catalina.loader.WebappClassLoaderBase.loadClass;1381;;
Class.forName;jakarta.websocket.MessageHandler;org.apache.catalina.loader.WebappClassLoaderBase.loadClass;1381;;
Class.forName;jakarta.websocket.OnClose;java.lang.reflect.Proxy$ProxyBuilder.ensureVisible;879;;
Class.forName;jakarta.websocket.OnClose;jdk.proxy2.$Proxy4.<clinit>;;;
Class.forName;jakarta.websocket.OnClose;org.apache.catalina.loader.WebappClassLoaderBase.loadClass;1381;;
Class.forName;jakarta.websocket.OnClose;sun.reflect.generics.factory.CoreReflectionFactory.makeNamedType;114;;
Class.forName;jakarta.websocket.OnError;java.lang.reflect.Proxy$ProxyBuilder.ensureVisible;879;;
Class.forName;jakarta.websocket.OnError;jdk.proxy2.$Proxy5.<clinit>;;;
Class.forName;jakarta.websocket.OnError;org.apache.catalina.loader.WebappClassLoaderBase.loadClass;1381;;
Class.forName;jakarta.websocket.OnError;sun.reflect.generics.factory.CoreReflectionFactory.makeNamedType;114;;
Class.forName;jakarta.websocket.OnMessage;java.lang.reflect.Proxy$ProxyBuilder.ensureVisible;879;;
Class.forName;jakarta.websocket.OnMessage;jdk.proxy2.$Proxy7.<clinit>;;;
Class.forName;jakarta.websocket.OnMessage;org.apache.catalina.loader.WebappClassLoaderBase.loadClass;1381;;
Class.forName;jakarta.websocket.OnMessage;sun.reflect.generics.factory.CoreReflectionFactory.makeNamedType;114;;
Class.forName;jakarta.websocket.OnOpen;java.lang.reflect.Proxy$ProxyBuilder.ensureVisible;879;;
Class.forName;jakarta.websocket.OnOpen;jdk.proxy2.$Proxy6.<clinit>;;;
Class.forName;jakarta.websocket.OnOpen;org.apache.catalina.loader.WebappClassLoaderBase.loadClass;1381;;
Class.forName;jakarta.websocket.OnOpen;sun.reflect.generics.factory.CoreReflectionFactory.makeNamedType;114;;
Class.forName;jakarta.websocket.PongMessage;org.apache.catalina.loader.WebappClassLoaderBase.loadClass;1381;;
Class.forName;jakarta.websocket.Session;org.apache.catalina.loader.WebappClassLoaderBase.loadClass;1381;;
Class.forName;jakarta.websocket.server.ServerApplicationConfig;org.apache.catalina.loader.WebappClassLoaderBase.loadClass;1381;;
Class.forName;jakarta.websocket.server.ServerApplicationConfig;sun.reflect.generics.factory.CoreReflectionFactory.makeNamedType;114;;
Class.forName;jakarta.websocket.server.ServerEndpoint;java.lang.reflect.Proxy$ProxyBuilder.ensureVisible;879;;
Class.forName;jakarta.websocket.server.ServerEndpoint;jdk.proxy2.$Proxy3.<clinit>;;;
Class.forName;jakarta.websocket.server.ServerEndpoint;org.apache.catalina.loader.WebappClassLoaderBase.loadClass;1381;;
Class.forName;jakarta.websocket.server.ServerEndpoint;sun.reflect.generics.factory.CoreReflectionFactory.makeNamedType;114;;
Class.forName;jakarta.websocket.server.ServerEndpointConfig$Builder;org.apache.catalina.loader.WebappClassLoaderBase.loadClass;1381;;
Class.forName;jakarta.websocket.server.ServerEndpointConfig$Configurator;sun.reflect.generics.factory.CoreReflectionFactory.makeNamedType;114;;
Class.forName;java.beans.PropertyVetoException;com.sun.beans.introspect.PropertyInfo.<clinit>;56;;
Class.forName;java.io.ByteArrayInputStream;org.objectweb.asm.ClassWriter.getCommonSuperClass;1043;;
Class.forName;java.io.FilePermission;org.objectweb.asm.ClassWriter.getCommonSuperClass;1043;;
Class.forName;java.io.IOException;org.objectweb.asm.ClassWriter.getCommonSuperClass;1043;;
Class.forName;java.io.InputStream;org.objectweb.asm.ClassWriter.getCommonSuperClass;1049;;
Class.forName;java.io.ObjectStreamClass$Caches;org.apache.catalina.loader.WebappClassLoaderBase.clearReferencesObjectStreamClassCaches;2297;;
Class.forName;java.lang.Boolean;com.sun.jmx.mbeanserver.DefaultMXBeanMappingFactory.<clinit>;204;;
Class.forName;java.lang.Boolean;com.sun.jmx.mbeanserver.MXBeanMapping.makeOpenClass;172;;
Class.forName;java.lang.Boolean[];com.sun.jmx.mbeanserver.MXBeanMapping.makeOpenClass;172;;
Class.forName;java.lang.Byte;com.sun.jmx.mbeanserver.DefaultMXBeanMappingFactory.<clinit>;204;;
Class.forName;java.lang.Byte;com.sun.jmx.mbeanserver.MXBeanMapping.makeOpenClass;172;;
Class.forName;java.lang.Byte[];com.sun.jmx.mbeanserver.MXBeanMapping.makeOpenClass;172;;
Class.forName;java.lang.Byte[];sun.security.pkcs.PKCS9Attribute.<clinit>;196;;
Class.forName;java.lang.Character;com.sun.jmx.mbeanserver.DefaultMXBeanMappingFactory.<clinit>;204;;
Class.forName;java.lang.Character;com.sun.jmx.mbeanserver.MXBeanMapping.makeOpenClass;172;;
Class.forName;java.lang.Character[];com.sun.jmx.mbeanserver.MXBeanMapping.makeOpenClass;172;;
Class.forName;java.lang.Class;java.lang.reflect.Proxy$ProxyBuilder.ensureVisible;879;;
Class.forName;java.lang.Class;sun.reflect.generics.factory.CoreReflectionFactory.makeNamedType;114;;
Class.forName;java.lang.ClassLoader;org.apache.catalina.startup.Bootstrap.init;273;;
Class.forName;java.lang.ClassNotFoundException;org.objectweb.asm.ClassWriter.getCommonSuperClass;1043;;
Class.forName;java.lang.Deprecated;java.lang.reflect.Proxy$ProxyBuilder.ensureVisible;879;;
Class.forName;java.lang.Deprecated;jdk.proxy1.$Proxy1.<clinit>;;;
Class.forName;java.lang.Deprecated;sun.reflect.generics.factory.CoreReflectionFactory.makeNamedType;114;;
Class.forName;java.lang.Double;com.sun.jmx.mbeanserver.DefaultMXBeanMappingFactory.<clinit>;204;;
Class.forName;java.lang.Double;com.sun.jmx.mbeanserver.MXBeanMapping.makeOpenClass;172;;
Class.forName;java.lang.Double[];com.sun.jmx.mbeanserver.MXBeanMapping.makeOpenClass;172;;
Class.forName;java.lang.Error;jdk.internal.org.objectweb.asm.ClassWriter.getCommonSuperClass;1055;;
Class.forName;java.lang.Exception;org.objectweb.asm.ClassWriter.getCommonSuperClass;1049;;
Class.forName;java.lang.Float;com.sun.jmx.mbeanserver.DefaultMXBeanMappingFactory.<clinit>;204;;
Class.forName;java.lang.Float;com.sun.jmx.mbeanserver.MXBeanMapping.makeOpenClass;172;;
Class.forName;java.lang.Float[];com.sun.jmx.mbeanserver.MXBeanMapping.makeOpenClass;172;;
Class.forName;java.lang.Integer;com.sun.jmx.mbeanserver.DefaultMXBeanMappingFactory.<clinit>;204;;
Class.forName;java.lang.Integer;com.sun.jmx.mbeanserver.MXBeanMapping.makeOpenClass;172;;
Class.forName;java.lang.Integer[];com.sun.jmx.mbeanserver.MXBeanMapping.makeOpenClass;172;;
Class.forName;java.lang.Long;com.sun.jmx.mbeanserver.DefaultMXBeanMappingFactory.<clinit>;204;;
Class.forName;java.lang.Long;com.sun.jmx.mbeanserver.MXBeanMapping.makeOpenClass;172;;
Class.forName;java.lang.Long;sun.reflect.generics.factory.CoreReflectionFactory.makeNamedType;114;;
Class.forName;java.lang.Long[];com.sun.jmx.mbeanserver.MXBeanMapping.makeOpenClass;172;;
Class.forName;java.lang.Object;com.sun.proxy.jdk.proxy1.$Proxy8.<clinit>;;;
Class.forName;java.lang.Object;com.sun.proxy.jdk.proxy1.$Proxy9.<clinit>;;;
Class.forName;java.lang.Object;java.lang.reflect.Proxy$ProxyBuilder.ensureVisible;879;;
Class.forName;java.lang.Object;jdk.proxy1.$Proxy0.<clinit>;;;
Class.forName;java.lang.Object;jdk.proxy1.$Proxy1.<clinit>;;;
Class.forName;java.lang.Object;jdk.proxy2.$Proxy2.<clinit>;;;
Class.forName;java.lang.Object;jdk.proxy2.$Proxy3.<clinit>;;;
Class.forName;java.lang.Object;jdk.proxy2.$Proxy4.<clinit>;;;
Class.forName;java.lang.Object;jdk.proxy2.$Proxy5.<clinit>;;;
Class.forName;java.lang.Object;jdk.proxy2.$Proxy6.<clinit>;;;
Class.forName;java.lang.Object;jdk.proxy2.$Proxy7.<clinit>;;;
Class.forName;java.lang.Object;org.objectweb.asm.ClassWriter.getCommonSuperClass;1043;;
Class.forName;java.lang.Object;org.objectweb.asm.ClassWriter.getCommonSuperClass;1049;;
Class.forName;java.lang.Object;sun.reflect.generics.factory.CoreReflectionFactory.makeNamedType;114;;
Class.forName;java.lang.RuntimeException;jdk.internal.org.objectweb.asm.ClassWriter.getCommonSuperClass;1061;;
Class.forName;java.lang.SecurityManager;org.objectweb.asm.ClassWriter.getCommonSuperClass;1043;;
Class.forName;java.lang.Short;com.sun.jmx.mbeanserver.DefaultMXBeanMappingFactory.<clinit>;204;;
Class.forName;java.lang.Short;com.sun.jmx.mbeanserver.MXBeanMapping.makeOpenClass;172;;
Class.forName;java.lang.Short[];com.sun.jmx.mbeanserver.MXBeanMapping.makeOpenClass;172;;
Class.forName;java.lang.String;com.sun.jmx.mbeanserver.DefaultMXBeanMappingFactory.<clinit>;204;;
Class.forName;java.lang.String;com.sun.jmx.mbeanserver.MXBeanMapping.makeOpenClass;172;;
Class.forName;java.lang.String;java.lang.reflect.Proxy$ProxyBuilder.ensureVisible;879;;
Class.forName;java.lang.String;org.objectweb.asm.ClassWriter.getCommonSuperClass;1043;;
Class.forName;java.lang.String;org.objectweb.asm.ClassWriter.getCommonSuperClass;1049;;
Class.forName;java.lang.String;sun.reflect.generics.factory.CoreReflectionFactory.makeNamedType;114;;
Class.forName;java.lang.String;sun.security.pkcs.PKCS9Attribute.<clinit>;294;;
Class.forName;java.lang.String[];com.sun.jmx.mbeanserver.DefaultMXBeanMappingFactory.makeArrayOrCollectionMapping;331;;
Class.forName;java.lang.String[];com.sun.jmx.mbeanserver.MXBeanMapping.makeOpenClass;172;;
Class.forName;java.lang.String[];sun.security.pkcs.PKCS9Attribute.<clinit>;282;;
Class.forName;java.lang.ThreadLocal$ThreadLocalMap;org.apache.catalina.loader.WebappClassLoaderBase.checkThreadLocalsForLeaks;2001;;
Class.forName;java.lang.Throwable;org.objectweb.asm.ClassWriter.getCommonSuperClass;1043;;
Class.forName;java.lang.Void;com.sun.jmx.mbeanserver.DefaultMXBeanMappingFactory.<clinit>;204;;
Class.forName;java.lang.Void;com.sun.jmx.mbeanserver.MXBeanMapping.makeOpenClass;172;;
Class.forName;java.lang.annotation.Documented;sun.reflect.generics.factory.CoreReflectionFactory.makeNamedType;114;;
Class.forName;java.lang.annotation.Retention;java.lang.reflect.Proxy$ProxyBuilder.ensureVisible;879;;
Class.forName;java.lang.annotation.Retention;jdk.proxy1.$Proxy0.<clinit>;;;
Class.forName;java.lang.annotation.Retention;sun.reflect.generics.factory.CoreReflectionFactory.makeNamedType;114;;
Class.forName;java.lang.annotation.RetentionPolicy;java.lang.reflect.Proxy$ProxyBuilder.ensureVisible;879;;
Class.forName;java.lang.annotation.RetentionPolicy;sun.reflect.generics.factory.CoreReflectionFactory.makeNamedType;114;;
Class.forName;java.lang.annotation.Target;sun.reflect.generics.factory.CoreReflectionFactory.makeNamedType;114;;
Class.forName;java.lang.management.ManagementPermission;com.sun.management.internal.DiagnosticCommandImpl$Wrapper.<init>;118;;
Class.forName;java.lang.management.MemoryUsage;sun.reflect.generics.factory.CoreReflectionFactory.makeNamedType;114;;
Class.forName;java.math.BigDecimal;com.sun.jmx.mbeanserver.DefaultMXBeanMappingFactory.<clinit>;204;;
Class.forName;java.math.BigDecimal;com.sun.jmx.mbeanserver.MXBeanMapping.makeOpenClass;172;;
Class.forName;java.math.BigInteger;com.sun.jmx.mbeanserver.DefaultMXBeanMappingFactory.<clinit>;204;;
Class.forName;java.math.BigInteger;com.sun.jmx.mbeanserver.MXBeanMapping.makeOpenClass;172;;
Class.forName;java.net.Inet6AddressImpl;java.net.InetAddress.loadImpl;1713;;
Class.forName;java.net.InetSocketAddress;org.apache.commons.httpclient.protocol.ReflectionSocketFactory.createSocket;;;
Class.forName;java.net.SocketAddress;org.apache.commons.httpclient.protocol.ReflectionSocketFactory.createSocket;;;
Class.forName;java.net.SocketPermission;org.objectweb.asm.ClassWriter.getCommonSuperClass;1043;;
Class.forName;java.net.SocketTimeoutException;org.apache.commons.httpclient.util.ExceptionUtil.SocketTimeoutExceptionClass;;;
Class.forName;java.net.URISyntaxException;org.objectweb.asm.ClassWriter.getCommonSuperClass;1043;;
Class.forName;java.net.URISyntaxException;org.objectweb.asm.ClassWriter.getCommonSuperClass;1049;;
Class.forName;java.net.URL;org.objectweb.asm.ClassWriter.getCommonSuperClass;1049;;
Class.forName;java.net.UnixDomainSocketAddress;org.apache.tomcat.util.compat.Jre16Compat.<clinit>;47;;
Class.forName;java.security.MessageDigestSpi;java.security.Security.getSpiClass;656;;
Class.forName;java.security.Permission;org.objectweb.asm.ClassWriter.getCommonSuperClass;1043;;
Class.forName;java.security.Permission;org.objectweb.asm.ClassWriter.getCommonSuperClass;1049;;
Class.forName;java.security.SecureRandom;org.apache.catalina.filters.CsrfPreventionFilterBase.init;79;;
Class.forName;java.security.SecureRandomParameters;java.security.Provider$Service.newInstance;1843;;
Class.forName;java.security.interfaces.RSAPrivateKey;java.security.Provider$Service.getKeyClass;2070;;
Class.forName;java.security.interfaces.RSAPublicKey;java.security.Provider$Service.getKeyClass;2070;;
Class.forName;java.util.Date;com.sun.jmx.mbeanserver.DefaultMXBeanMappingFactory.<clinit>;204;;
Class.forName;java.util.Date;com.sun.jmx.mbeanserver.MXBeanMapping.makeOpenClass;172;;
Class.forName;java.util.Date;sun.security.pkcs.PKCS9Attribute.<clinit>;290;;
Class.forName;java.util.Enumeration;sun.reflect.generics.factory.CoreReflectionFactory.makeNamedType;114;;
Class.forName;java.util.ImmutableCollections$Access;jdk.internal.access.SharedSecrets.getJavaUtilCollectionAccess;95;;
Class.forName;java.util.Iterator;org.objectweb.asm.ClassWriter.getCommonSuperClass;1049;;
Class.forName;java.util.List;sun.reflect.generics.factory.CoreReflectionFactory.makeNamedType;114;;
Class.forName;java.util.Map;sun.reflect.generics.factory.CoreReflectionFactory.makeNamedType;114;;
Class.forName;java.util.PropertyPermission;com.sun.management.internal.DiagnosticCommandImpl$Wrapper.<init>;118;;
Class.forName;java.util.Set;sun.reflect.generics.factory.CoreReflectionFactory.makeNamedType;114;;
Class.forName;java.util.logging.LogManager;sun.management.ManagementFactoryHelper$LoggingMXBeanAccess$1.run;201;;
Class.forName;java.util.logging.LoggingMXBean;sun.management.ManagementFactoryHelper$LoggingMXBeanAccess$1.run;201;;
Class.forName;javax.management.ObjectName;com.sun.jmx.mbeanserver.DefaultMXBeanMappingFactory.<clinit>;204;;
Class.forName;javax.management.ObjectName;com.sun.jmx.mbeanserver.MXBeanMapping.makeOpenClass;172;;
Class.forName;javax.management.openmbean.CompositeData;com.sun.jmx.mbeanserver.MXBeanMapping.makeOpenClass;172;;
Class.forName;javax.management.openmbean.CompositeData[];com.sun.jmx.mbeanserver.DefaultMXBeanMappingFactory.makeArrayOrCollectionMapping;331;;
Class.forName;javax.management.openmbean.CompositeData[];com.sun.jmx.mbeanserver.MXBeanMapping.makeOpenClass;172;;
Class.forName;javax.management.openmbean.TabularData;com.sun.jmx.mbeanserver.MXBeanMapping.makeOpenClass;172;;
Class.forName;javax.net.SocketFactory;org.apache.commons.httpclient.protocol.ReflectionSocketFactory.createSocket;;;
Class.forName;javax.net.ssl.SSLHandshakeException;org.apache.commons.httpclient.DefaultHttpMethodRetryHandler.<clinit>;;;
Class.forName;jdk.internal.jrtfs.JrtFileSystemProvider;java.util.ServiceLoader$LazyClassPathLookupIterator.nextProviderClass;1217;;
Class.forName;jdk.internal.jrtfs.JrtFileSystemProvider;java.util.ServiceLoader.loadProvider;859;;
Class.forName;jdk.internal.reflect.CallerSensitive;com.sun.proxy.jdk.proxy1.$Proxy8.<clinit>;;;
Class.forName;jdk.internal.reflect.CallerSensitive;java.lang.reflect.Proxy$ProxyBuilder.ensureVisible;879;;
Class.forName;jdk.internal.reflect.CallerSensitive;sun.reflect.generics.factory.CoreReflectionFactory.makeNamedType;114;;
Class.forName;jdk.internal.vm.annotation.IntrinsicCandidate;com.sun.proxy.jdk.proxy1.$Proxy9.<clinit>;;;
Class.forName;jdk.internal.vm.annotation.IntrinsicCandidate;java.lang.reflect.Proxy$ProxyBuilder.ensureVisible;879;;
Class.forName;jdk.internal.vm.annotation.IntrinsicCandidate;sun.reflect.generics.factory.CoreReflectionFactory.makeNamedType;114;;
Class.forName;jdk.management.jfr.ConfigurationInfo;sun.reflect.generics.factory.CoreReflectionFactory.makeNamedType;114;;
Class.forName;jdk.management.jfr.EventTypeInfo;sun.reflect.generics.factory.CoreReflectionFactory.makeNamedType;114;;
Class.forName;jdk.management.jfr.RecordingInfo;sun.reflect.generics.factory.CoreReflectionFactory.makeNamedType;114;;
Class.forName;jdk.management.jfr.SettingDescriptorInfo;sun.reflect.generics.factory.CoreReflectionFactory.makeNamedType;114;;
Class.forName;jdk.management.jfr.internal.FlightRecorderMXBeanProvider;java.util.ServiceLoader.loadProvider;859;;
Class.forName;jdk.net.ExtendedSocketOptions;sun.net.ext.ExtendedSocketOptions.getInstance;178;;
Class.forName;jdk.net.LinuxSocketOptions;jdk.net.ExtendedSocketOptions$PlatformSocketOptions.newInstance;352;;
Class.forName;jdk.nio.zipfs.ZipFileSystemProvider;java.util.ServiceLoader.loadProvider;859;;
Class.forName;jsp2.examples.el.Functions;org.apache.jasper.compiler.ELFunctionMapper$ELFunctionVisitor.getCanonicalName;323;;
Class.forName;org.apache.catalina.authenticator.BasicAuthenticator;org.apache.catalina.startup.ContextConfig.authenticatorConfig;396;;
Class.forName;org.apache.catalina.authenticator.FormAuthenticator;org.apache.catalina.startup.ContextConfig.authenticatorConfig;396;;
Class.forName;org.apache.catalina.core.StandardContext;org.apache.catalina.startup.HostConfig.deployDirectory;1125;;
Class.forName;org.apache.catalina.ha.ClusterRuleSet;org.apache.catalina.startup.Catalina.addClusterRuleSet;538;;
Class.forName;org.apache.catalina.mbeans.ClassNameMBean;org.apache.tomcat.util.modeler.ManagedBean.createMBean;297;;
Class.forName;org.apache.catalina.mbeans.ConnectorMBean;org.apache.tomcat.util.modeler.ManagedBean.createMBean;297;;
Class.forName;org.apache.catalina.mbeans.ContainerMBean;org.apache.tomcat.util.modeler.ManagedBean.createMBean;297;;
Class.forName;org.apache.catalina.mbeans.ContextEnvironmentMBean;org.apache.tomcat.util.modeler.ManagedBean.createMBean;297;;
Class.forName;org.apache.catalina.mbeans.ContextMBean;org.apache.tomcat.util.modeler.ManagedBean.createMBean;297;;
Class.forName;org.apache.catalina.mbeans.ContextResourceMBean;org.apache.tomcat.util.modeler.ManagedBean.createMBean;297;;
Class.forName;org.apache.catalina.mbeans.MemoryUserDatabaseMBean;org.apache.tomcat.util.modeler.ManagedBean.createMBean;297;;
Class.forName;org.apache.catalina.mbeans.NamingResourcesMBean;org.apache.tomcat.util.modeler.ManagedBean.createMBean;297;;
Class.forName;org.apache.catalina.mbeans.RoleMBean;org.apache.tomcat.util.modeler.ManagedBean.createMBean;297;;
Class.forName;org.apache.catalina.mbeans.ServiceMBean;org.apache.tomcat.util.modeler.ManagedBean.createMBean;297;;
Class.forName;org.apache.catalina.mbeans.UserMBean;org.apache.tomcat.util.modeler.ManagedBean.createMBean;297;;
Class.forName;org.apache.catalina.startup.ContextConfig;org.apache.catalina.startup.HostConfig.deployDirectory;1128;;
Class.forName;org.apache.catalina.startup.EngineConfig;org.apache.catalina.startup.LifecycleListenerRule.begin;125;;
Class.forName;org.apache.catalina.startup.HostConfig;org.apache.catalina.startup.LifecycleListenerRule.begin;125;;
Class.forName;org.apache.catalina.util.CharsetMapper;org.apache.catalina.core.StandardContext.getCharsetMapper;1434;;
Class.forName;org.apache.commons.logging.impl.SimpleLog;org.apache.commons.logging.impl.LogFactoryImpl.createLogFromClass;998;;
Class.forName;org.apache.commons.logging.impl.WeakHashtable;org.apache.commons.logging.LogFactory.createFactoryStore;331;;
Class.forName;org.apache.el.ExpressionFactoryImpl;java.util.ServiceLoader$LazyClassPathLookupIterator.nextProviderClass;1217;;
Class.forName;org.apache.el.ExpressionFactoryImpl;org.apache.catalina.loader.WebappClassLoaderBase.loadClass;1381;;
Class.forName;org.apache.el.parser.AstIdentifier;jakarta.servlet.jsp.el.ImportELResolver.<clinit>;42;;
Class.forName;org.apache.jasper.compiler.JDTCompiler;org.apache.jasper.JspCompilationContext.createCompiler;245;;
Class.forName;org.apache.jasper.el.ELContextWrapper;org.apache.catalina.loader.WebappClassLoaderBase.loadClass;1381;;
Class.forName;org.apache.jasper.el.JspValueExpression;org.apache.catalina.loader.WebappClassLoaderBase.loadClass;1381;;
Class.forName;org.apache.jasper.runtime.HttpJspBase;org.apache.catalina.loader.WebappClassLoaderBase.loadClass;1381;;
Class.forName;org.apache.jasper.runtime.InstanceManagerFactory;org.apache.catalina.loader.WebappClassLoaderBase.loadClass;1381;;
Class.forName;org.apache.jasper.runtime.JspContextWrapper;org.apache.catalina.loader.WebappClassLoaderBase.loadClass;1381;;
Class.forName;org.apache.jasper.runtime.JspFragmentHelper;org.apache.catalina.loader.WebappClassLoaderBase.loadClass;1381;;
Class.forName;org.apache.jasper.runtime.JspRuntimeLibrary;org.apache.catalina.loader.WebappClassLoaderBase.loadClass;1381;;
Class.forName;org.apache.jasper.runtime.JspSourceDependent;org.apache.catalina.loader.WebappClassLoaderBase.loadClass;1381;;
Class.forName;org.apache.jasper.runtime.JspSourceDirectives;org.apache.catalina.loader.WebappClassLoaderBase.loadClass;1381;;
Class.forName;org.apache.jasper.runtime.JspSourceImports;org.apache.catalina.loader.WebappClassLoaderBase.loadClass;1381;;
Class.forName;org.apache.jasper.runtime.PageContextImpl;org.apache.catalina.loader.WebappClassLoaderBase.loadClass;1381;;
Class.forName;org.apache.jasper.runtime.ProtectedFunctionMapper;org.apache.catalina.loader.WebappClassLoaderBase.loadClass;1381;;
Class.forName;org.apache.jasper.runtime.TagHandlerPool;org.apache.catalina.loader.WebappClassLoaderBase.loadClass;1381;;
Class.forName;org.apache.jasper.servlet.JasperInitializer;org.apache.catalina.loader.WebappClassLoaderBase.loadClass;1381;;
Class.forName;org.apache.jasper.servlet.JasperInitializer;org.apache.catalina.startup.WebappServiceLoader.loadServices;235;;
Class.forName;org.apache.jasper.servlet.JspServlet;org.apache.catalina.loader.WebappClassLoaderBase.loadClass;1381;;
Class.forName;org.apache.juli.logging.LogFactory;org.apache.catalina.loader.WebappClassLoaderBase.loadClass;1381;;
Class.forName;org.apache.naming.factory.ResourceFactory;com.sun.naming.internal.VersionHelper.loadClass;128;;
Class.forName;org.apache.naming.java.javaURLContextFactory;com.sun.naming.internal.VersionHelper.loadClass;128;;
Class.forName;org.apache.taglibs.standard.functions.Functions;org.apache.jasper.compiler.ELFunctionMapper$ELFunctionVisitor.getCanonicalName;323;;
Class.forName;org.apache.tomcat.InstanceManager;org.apache.catalina.loader.WebappClassLoaderBase.loadClass;1381;;
Class.forName;org.apache.tomcat.util.descriptor.web.ContextEnvironment;org.apache.catalina.loader.WebappClassLoaderBase.loadClass;1381;;
Class.forName;org.apache.tomcat.util.descriptor.web.ErrorPage;org.apache.catalina.loader.WebappClassLoaderBase.loadClass;1381;;
Class.forName;org.apache.tomcat.util.descriptor.web.FilterDef;org.apache.catalina.loader.WebappClassLoaderBase.loadClass;1381;;
Class.forName;org.apache.tomcat.util.descriptor.web.FilterMap;org.apache.catalina.loader.WebappClassLoaderBase.loadClass;1381;;
Class.forName;org.apache.tomcat.util.descriptor.web.JspPropertyGroup;org.apache.catalina.loader.WebappClassLoaderBase.loadClass;1381;;
Class.forName;org.apache.tomcat.util.descriptor.web.LoginConfig;org.apache.catalina.loader.WebappClassLoaderBase.loadClass;1381;;
Class.forName;org.apache.tomcat.util.descriptor.web.MultipartDef;org.apache.catalina.loader.WebappClassLoaderBase.loadClass;1381;;
Class.forName;org.apache.tomcat.util.descriptor.web.SecurityCollection;org.apache.catalina.loader.WebappClassLoaderBase.loadClass;1381;;
Class.forName;org.apache.tomcat.util.descriptor.web.SecurityConstraint;org.apache.catalina.loader.WebappClassLoaderBase.loadClass;1381;;
Class.forName;org.apache.tomcat.util.descriptor.web.ServletDef;org.apache.catalina.loader.WebappClassLoaderBase.loadClass;1381;;
Class.forName;org.apache.tomcat.util.descriptor.web.SessionConfig;org.apache.catalina.loader.WebappClassLoaderBase.loadClass;1381;;
Class.forName;org.apache.tomcat.util.modeler.modules.MbeansDescriptorsDigesterSource;org.apache.tomcat.util.modeler.Registry.getModelerSource;729;;
Class.forName;org.apache.tomcat.util.modeler.modules.MbeansDescriptorsIntrospectionSource;org.apache.tomcat.util.modeler.Registry.getModelerSource;729;;
Class.forName;org.apache.tomcat.websocket.server.DefaultServerEndpointConfigurator;java.util.ServiceLoader$LazyClassPathLookupIterator.nextProviderClass;1217;;
Class.forName;org.apache.tomcat.websocket.server.DefaultServerEndpointConfigurator;org.apache.catalina.loader.WebappClassLoaderBase.loadClass;1381;;
Class.forName;org.apache.tomcat.websocket.server.WsSci;org.apache.catalina.loader.WebappClassLoaderBase.loadClass;1381;;
Class.forName;org.apache.tomcat.websocket.server.WsSci;org.apache.catalina.startup.WebappServiceLoader.loadServices;235;;
Class.forName;org.dacapo.harness.Callback;org.apache.tomcat.util.threads.ThreadPoolExecutor.<init>;1379;;
Class.forName;org.dacapo.harness.Tomcat;org.dacapo.harness.TestHarness.findClass;274;;
Class.forName;org.dacapo.tomcat.Client;org.dacapo.harness.Tomcat.<init>;61;;
Class.forName;org.dacapo.tomcat.Client;org.dacapo.harness.Tomcat.iterate;170;;
Class.forName;org.dacapo.tomcat.Control;org.dacapo.harness.Tomcat.<init>;52;;
Class.forName;org.jcp.xml.dsig.internal.dom.XMLDSigRI;java.util.ServiceLoader.loadProvider;859;;
Class.forName;sun.net.spi.DefaultProxySelector;java.net.ProxySelector.<clinit>;72;;
Class.forName;sun.rmi.transport.Target;org.apache.catalina.loader.WebappClassLoaderBase.clearReferencesRmiTargets;2220;;
Class.forName;sun.security.ec.SunEC;java.util.ServiceLoader.loadProvider;859;;
Class.forName;sun.security.jgss.SunProvider;java.util.ServiceLoader.loadProvider;859;;
Class.forName;sun.security.pkcs.SignerInfo[];sun.security.pkcs.PKCS9Attribute.<clinit>;292;;
Class.forName;sun.security.pkcs11.SunPKCS11;java.util.ServiceLoader.loadProvider;859;;
Class.forName;sun.security.provider.MD5;java.security.Provider$Service.getImplClass;1933;;
Class.forName;sun.security.provider.NativePRNG;java.security.Provider$Service.getImplClass;1933;;
Class.forName;sun.security.provider.SHA2$SHA256;java.security.Provider$Service.getImplClass;1933;;
Class.forName;sun.security.provider.SHA5$SHA384;java.security.Provider$Service.getImplClass;1933;;
Class.forName;sun.security.provider.SHA;java.security.Provider$Service.getImplClass;1933;;
Class.forName;sun.security.provider.SecureRandom;java.security.Provider$Service.getImplClass;1933;;
Class.forName;sun.security.provider.X509Factory;java.security.Provider$Service.getImplClass;1933;;
Class.forName;sun.security.provider.certpath.ldap.JdkLDAP;java.util.ServiceLoader.loadProvider;859;;
Class.forName;sun.security.rsa.RSAKeyFactory$Legacy;java.security.Provider$Service.getImplClass;1933;;
Class.forName;sun.security.rsa.RSASignature$SHA256withRSA;java.security.Provider$Service.getImplClass;1933;;
Class.forName;sun.security.rsa.RSASignature$SHA384withRSA;java.security.Provider$Service.getImplClass;1933;;
Class.forName;sun.security.smartcardio.SunPCSC;java.util.ServiceLoader.loadProvider;859;;
Class.forName;sun.security.util.ObjectIdentifier;sun.security.pkcs.PKCS9Attribute.<clinit>;288;;
Class.forName;sun.security.x509.AuthorityInfoAccessExtension;sun.security.x509.OIDMap$OIDInfo.getClazz;207;;
Class.forName;sun.security.x509.AuthorityKeyIdentifierExtension;sun.security.x509.OIDMap$OIDInfo.getClazz;207;;
Class.forName;sun.security.x509.BasicConstraintsExtension;sun.security.x509.OIDMap$OIDInfo.getClazz;207;;
Class.forName;sun.security.x509.CRLDistributionPointsExtension;sun.security.x509.OIDMap$OIDInfo.getClazz;207;;
Class.forName;sun.security.x509.CertificateExtensions;sun.security.pkcs.PKCS9Attribute.<clinit>;302;;
Class.forName;sun.security.x509.CertificatePoliciesExtension;sun.security.x509.OIDMap$OIDInfo.getClazz;207;;
Class.forName;sun.security.x509.ExtendedKeyUsageExtension;sun.security.x509.OIDMap$OIDInfo.getClazz;207;;
Class.forName;sun.security.x509.KeyUsageExtension;sun.security.x509.OIDMap$OIDInfo.getClazz;207;;
Class.forName;sun.security.x509.SubjectAlternativeNameExtension;sun.security.x509.OIDMap$OIDInfo.getClazz;207;;
Class.forName;sun.security.x509.SubjectKeyIdentifierExtension;sun.security.x509.OIDMap$OIDInfo.getClazz;207;;
Class.forName;sun.text.resources.cldr.FormatData;sun.util.resources.Bundles.findBundleOf;205;;
Class.forName;sun.text.resources.cldr.FormatData_en;sun.util.resources.Bundles.findBundleOf;205;;
Class.forName;sun.text.resources.cldr.FormatData_en_US;sun.util.resources.Bundles.findBundleOf;205;;
Class.forName;sun.text.resources.cldr.ext.FormatData_en_001;sun.util.resources.provider.LocaleDataProvider.loadResourceBundle;54;;
Class.forName;sun.text.resources.cldr.ext.FormatData_en_AU;sun.util.resources.provider.LocaleDataProvider.loadResourceBundle;54;;
Class.forName;sun.util.cldr.CLDRLocaleProviderAdapter;sun.util.locale.provider.LocaleProviderAdapter.forType;187;;
Class.forName;sun.util.locale.provider.JRELocaleProviderAdapter;sun.util.locale.provider.LocaleProviderAdapter.forType;187;;
Class.forName;sun.util.logging.internal.LoggingProviderImpl;java.util.ServiceLoader.loadProvider;859;;
Class.forName;sun.util.resources.TimeZoneNames;sun.util.resources.Bundles.findBundleOf;205;;
Class.forName;sun.util.resources.TimeZoneNames_en;sun.util.resources.Bundles.findBundleOf;205;;
Class.forName;sun.util.resources.cldr.CalendarData;sun.util.resources.Bundles.findBundleOf;205;;
Class.forName;sun.util.resources.cldr.TimeZoneNames;sun.util.resources.Bundles.findBundleOf;205;;
Class.forName;sun.util.resources.cldr.TimeZoneNames_en;sun.util.resources.Bundles.findBundleOf;205;;
Class.forName;sun.util.resources.cldr.TimeZoneNames_en_US;sun.util.resources.Bundles.findBundleOf;205;;
Class.forName;sun.util.resources.cldr.provider.CLDRLocaleDataMetaInfo;java.util.ServiceLoader.loadProvider;859;;
Class.forName;sun.util.resources.provider.LocaleDataProvider;java.util.ServiceLoader.loadProvider;859;;
Class.forName;sun.util.resources.provider.NonBaseLocaleDataMetaInfo;java.util.ServiceLoader.loadProvider;859;;
Class.newInstance;java.net.Inet6AddressImpl;java.net.InetAddress.loadImpl;1713;;
Class.newInstance;javax.management.MBeanServerBuilder;javax.management.MBeanServerFactory.newBuilder;461;;
Class.newInstance;jdk.internal.reflect.GeneratedConstructorAccessor10;jdk.internal.reflect.MethodAccessorGenerator$1.run;405;;
Class.newInstance;jdk.internal.reflect.GeneratedConstructorAccessor11;jdk.internal.reflect.MethodAccessorGenerator$1.run;405;;
Class.newInstance;jdk.internal.reflect.GeneratedConstructorAccessor12;jdk.internal.reflect.MethodAccessorGenerator$1.run;405;;
Class.newInstance;jdk.internal.reflect.GeneratedConstructorAccessor13;jdk.internal.reflect.MethodAccessorGenerator$1.run;405;;
Class.newInstance;jdk.internal.reflect.GeneratedConstructorAccessor14;jdk.internal.reflect.MethodAccessorGenerator$1.run;405;;
Class.newInstance;jdk.internal.reflect.GeneratedConstructorAccessor15;jdk.internal.reflect.MethodAccessorGenerator$1.run;405;;
Class.newInstance;jdk.internal.reflect.GeneratedConstructorAccessor16;jdk.internal.reflect.MethodAccessorGenerator$1.run;405;;
Class.newInstance;jdk.internal.reflect.GeneratedConstructorAccessor17;jdk.internal.reflect.MethodAccessorGenerator$1.run;405;;
Class.newInstance;jdk.internal.reflect.GeneratedConstructorAccessor18;jdk.internal.reflect.MethodAccessorGenerator$1.run;405;;
Class.newInstance;jdk.internal.reflect.GeneratedConstructorAccessor19;jdk.internal.reflect.MethodAccessorGenerator$1.run;405;;
Class.newInstance;jdk.internal.reflect.GeneratedConstructorAccessor1;jdk.internal.reflect.MethodAccessorGenerator$1.run;405;;
Class.newInstance;jdk.internal.reflect.GeneratedConstructorAccessor20;jdk.internal.reflect.MethodAccessorGenerator$1.run;405;;
Class.newInstance;jdk.internal.reflect.GeneratedConstructorAccessor21;jdk.internal.reflect.MethodAccessorGenerator$1.run;405;;
Class.newInstance;jdk.internal.reflect.GeneratedConstructorAccessor22;jdk.internal.reflect.MethodAccessorGenerator$1.run;405;;
Class.newInstance;jdk.internal.reflect.GeneratedConstructorAccessor23;jdk.internal.reflect.MethodAccessorGenerator$1.run;405;;
Class.newInstance;jdk.internal.reflect.GeneratedConstructorAccessor24;jdk.internal.reflect.MethodAccessorGenerator$1.run;405;;
Class.newInstance;jdk.internal.reflect.GeneratedConstructorAccessor25;jdk.internal.reflect.MethodAccessorGenerator$1.run;405;;
Class.newInstance;jdk.internal.reflect.GeneratedConstructorAccessor26;jdk.internal.reflect.MethodAccessorGenerator$1.run;405;;
Class.newInstance;jdk.internal.reflect.GeneratedConstructorAccessor27;jdk.internal.reflect.MethodAccessorGenerator$1.run;405;;
Class.newInstance;jdk.internal.reflect.GeneratedConstructorAccessor28;jdk.internal.reflect.MethodAccessorGenerator$1.run;405;;
Class.newInstance;jdk.internal.reflect.GeneratedConstructorAccessor29;jdk.internal.reflect.MethodAccessorGenerator$1.run;405;;
Class.newInstance;jdk.internal.reflect.GeneratedConstructorAccessor2;jdk.internal.reflect.MethodAccessorGenerator$1.run;405;;
Class.newInstance;jdk.internal.reflect.GeneratedConstructorAccessor3;jdk.internal.reflect.MethodAccessorGenerator$1.run;405;;
Class.newInstance;jdk.internal.reflect.GeneratedConstructorAccessor4;jdk.internal.reflect.MethodAccessorGenerator$1.run;405;;
Class.newInstance;jdk.internal.reflect.GeneratedConstructorAccessor5;jdk.internal.reflect.MethodAccessorGenerator$1.run;405;;
Class.newInstance;jdk.internal.reflect.GeneratedConstructorAccessor6;jdk.internal.reflect.MethodAccessorGenerator$1.run;405;;
Class.newInstance;jdk.internal.reflect.GeneratedConstructorAccessor7;jdk.internal.reflect.MethodAccessorGenerator$1.run;405;;
Class.newInstance;jdk.internal.reflect.GeneratedConstructorAccessor8;jdk.internal.reflect.MethodAccessorGenerator$1.run;405;;
Class.newInstance;jdk.internal.reflect.GeneratedConstructorAccessor9;jdk.internal.reflect.MethodAccessorGenerator$1.run;405;;
Class.newInstance;jdk.internal.reflect.GeneratedMethodAccessor10;jdk.internal.reflect.MethodAccessorGenerator$1.run;405;;
Class.newInstance;jdk.internal.reflect.GeneratedMethodAccessor11;jdk.internal.reflect.MethodAccessorGenerator$1.run;405;;
Class.newInstance;jdk.internal.reflect.GeneratedMethodAccessor12;jdk.internal.reflect.MethodAccessorGenerator$1.run;405;;
Class.newInstance;jdk.internal.reflect.GeneratedMethodAccessor13;jdk.internal.reflect.MethodAccessorGenerator$1.run;405;;
Class.newInstance;jdk.internal.reflect.GeneratedMethodAccessor14;jdk.internal.reflect.MethodAccessorGenerator$1.run;405;;
Class.newInstance;jdk.internal.reflect.GeneratedMethodAccessor15;jdk.internal.reflect.MethodAccessorGenerator$1.run;405;;
Class.newInstance;jdk.internal.reflect.GeneratedMethodAccessor16;jdk.internal.reflect.MethodAccessorGenerator$1.run;405;;
Class.newInstance;jdk.internal.reflect.GeneratedMethodAccessor17;jdk.internal.reflect.MethodAccessorGenerator$1.run;405;;
Class.newInstance;jdk.internal.reflect.GeneratedMethodAccessor18;jdk.internal.reflect.MethodAccessorGenerator$1.run;405;;
Class.newInstance;jdk.internal.reflect.GeneratedMethodAccessor19;jdk.internal.reflect.MethodAccessorGenerator$1.run;405;;
Class.newInstance;jdk.internal.reflect.GeneratedMethodAccessor1;jdk.internal.reflect.MethodAccessorGenerator$1.run;405;;
Class.newInstance;jdk.internal.reflect.GeneratedMethodAccessor20;jdk.internal.reflect.MethodAccessorGenerator$1.run;405;;
Class.newInstance;jdk.internal.reflect.GeneratedMethodAccessor21;jdk.internal.reflect.MethodAccessorGenerator$1.run;405;;
Class.newInstance;jdk.internal.reflect.GeneratedMethodAccessor22;jdk.internal.reflect.MethodAccessorGenerator$1.run;405;;
Class.newInstance;jdk.internal.reflect.GeneratedMethodAccessor23;jdk.internal.reflect.MethodAccessorGenerator$1.run;405;;
Class.newInstance;jdk.internal.reflect.GeneratedMethodAccessor24;jdk.internal.reflect.MethodAccessorGenerator$1.run;405;;
Class.newInstance;jdk.internal.reflect.GeneratedMethodAccessor25;jdk.internal.reflect.MethodAccessorGenerator$1.run;405;;
Class.newInstance;jdk.internal.reflect.GeneratedMethodAccessor26;jdk.internal.reflect.MethodAccessorGenerator$1.run;405;;
Class.newInstance;jdk.internal.reflect.GeneratedMethodAccessor27;jdk.internal.reflect.MethodAccessorGenerator$1.run;405;;
Class.newInstance;jdk.internal.reflect.GeneratedMethodAccessor28;jdk.internal.reflect.MethodAccessorGenerator$1.run;405;;
Class.newInstance;jdk.internal.reflect.GeneratedMethodAccessor29;jdk.internal.reflect.MethodAccessorGenerator$1.run;405;;
Class.newInstance;jdk.internal.reflect.GeneratedMethodAccessor2;jdk.internal.reflect.MethodAccessorGenerator$1.run;405;;
Class.newInstance;jdk.internal.reflect.GeneratedMethodAccessor30;jdk.internal.reflect.MethodAccessorGenerator$1.run;405;;
Class.newInstance;jdk.internal.reflect.GeneratedMethodAccessor31;jdk.internal.reflect.MethodAccessorGenerator$1.run;405;;
Class.newInstance;jdk.internal.reflect.GeneratedMethodAccessor32;jdk.internal.reflect.MethodAccessorGenerator$1.run;405;;
Class.newInstance;jdk.internal.reflect.GeneratedMethodAccessor33;jdk.internal.reflect.MethodAccessorGenerator$1.run;405;;
Class.newInstance;jdk.internal.reflect.GeneratedMethodAccessor34;jdk.internal.reflect.MethodAccessorGenerator$1.run;405;;
Class.newInstance;jdk.internal.reflect.GeneratedMethodAccessor35;jdk.internal.reflect.MethodAccessorGenerator$1.run;405;;
Class.newInstance;jdk.internal.reflect.GeneratedMethodAccessor36;jdk.internal.reflect.MethodAccessorGenerator$1.run;405;;
Class.newInstance;jdk.internal.reflect.GeneratedMethodAccessor37;jdk.internal.reflect.MethodAccessorGenerator$1.run;405;;
Class.newInstance;jdk.internal.reflect.GeneratedMethodAccessor38;jdk.internal.reflect.MethodAccessorGenerator$1.run;405;;
Class.newInstance;jdk.internal.reflect.GeneratedMethodAccessor39;jdk.internal.reflect.MethodAccessorGenerator$1.run;405;;
Class.newInstance;jdk.internal.reflect.GeneratedMethodAccessor3;jdk.internal.reflect.MethodAccessorGenerator$1.run;405;;
Class.newInstance;jdk.internal.reflect.GeneratedMethodAccessor40;jdk.internal.reflect.MethodAccessorGenerator$1.run;405;;
Class.newInstance;jdk.internal.reflect.GeneratedMethodAccessor41;jdk.internal.reflect.MethodAccessorGenerator$1.run;405;;
Class.newInstance;jdk.internal.reflect.GeneratedMethodAccessor42;jdk.internal.reflect.MethodAccessorGenerator$1.run;405;;
Class.newInstance;jdk.internal.reflect.GeneratedMethodAccessor43;jdk.internal.reflect.MethodAccessorGenerator$1.run;405;;
Class.newInstance;jdk.internal.reflect.GeneratedMethodAccessor44;jdk.internal.reflect.MethodAccessorGenerator$1.run;405;;
Class.newInstance;jdk.internal.reflect.GeneratedMethodAccessor45;jdk.internal.reflect.MethodAccessorGenerator$1.run;405;;
Class.newInstance;jdk.internal.reflect.GeneratedMethodAccessor46;jdk.internal.reflect.MethodAccessorGenerator$1.run;405;;
Class.newInstance;jdk.internal.reflect.GeneratedMethodAccessor47;jdk.internal.reflect.MethodAccessorGenerator$1.run;405;;
Class.newInstance;jdk.internal.reflect.GeneratedMethodAccessor48;jdk.internal.reflect.MethodAccessorGenerator$1.run;405;;
Class.newInstance;jdk.internal.reflect.GeneratedMethodAccessor49;jdk.internal.reflect.MethodAccessorGenerator$1.run;405;;
Class.newInstance;jdk.internal.reflect.GeneratedMethodAccessor4;jdk.internal.reflect.MethodAccessorGenerator$1.run;405;;
Class.newInstance;jdk.internal.reflect.GeneratedMethodAccessor50;jdk.internal.reflect.MethodAccessorGenerator$1.run;405;;
Class.newInstance;jdk.internal.reflect.GeneratedMethodAccessor51;jdk.internal.reflect.MethodAccessorGenerator$1.run;405;;
Class.newInstance;jdk.internal.reflect.GeneratedMethodAccessor52;jdk.internal.reflect.MethodAccessorGenerator$1.run;405;;
Class.newInstance;jdk.internal.reflect.GeneratedMethodAccessor53;jdk.internal.reflect.MethodAccessorGenerator$1.run;405;;
Class.newInstance;jdk.internal.reflect.GeneratedMethodAccessor54;jdk.internal.reflect.MethodAccessorGenerator$1.run;405;;
Class.newInstance;jdk.internal.reflect.GeneratedMethodAccessor5;jdk.internal.reflect.MethodAccessorGenerator$1.run;405;;
Class.newInstance;jdk.internal.reflect.GeneratedMethodAccessor6;jdk.internal.reflect.MethodAccessorGenerator$1.run;405;;
Class.newInstance;jdk.internal.reflect.GeneratedMethodAccessor7;jdk.internal.reflect.MethodAccessorGenerator$1.run;405;;
Class.newInstance;jdk.internal.reflect.GeneratedMethodAccessor8;jdk.internal.reflect.MethodAccessorGenerator$1.run;405;;
Class.newInstance;jdk.internal.reflect.GeneratedMethodAccessor9;jdk.internal.reflect.MethodAccessorGenerator$1.run;405;;
Class.newInstance;org.apache.commons.httpclient.auth.BasicScheme;org.apache.commons.httpclient.auth.AuthPolicy.getAuthScheme;;;
Class.newInstance;org.apache.commons.httpclient.cookie.RFC2109Spec;org.apache.commons.httpclient.cookie.CookiePolicy.getCookieSpec;;;
Class.newInstance;org.apache.commons.logging.impl.LogFactoryImpl;org.apache.commons.logging.LogFactory.createFactory;1047;;
Class.newInstance;org.apache.commons.logging.impl.WeakHashtable;org.apache.commons.logging.LogFactory.createFactoryStore;332;;
Class.newInstance;org.apache.naming.factory.ResourceFactory;javax.naming.spi.NamingManager.getObjectFactoryFromReference;180;;
Class.newInstance;org.apache.naming.java.javaURLContextFactory;com.sun.naming.internal.ResourceManager.getFactory;403;;
Class.newInstance;org.apache.naming.java.javaURLContextFactory;javax.naming.spi.NamingManager.getFactory;759;;
Class.newInstance;sun.net.spi.DefaultProxySelector;java.net.ProxySelector.<clinit>;75;;
Class.newInstance;sun.text.resources.cldr.ext.FormatData_en_001;sun.util.resources.provider.LocaleDataProvider.loadResourceBundle;58;;
Class.newInstance;sun.text.resources.cldr.ext.FormatData_en_AU;sun.util.resources.provider.LocaleDataProvider.loadResourceBundle;58;;
Constructor.newInstance;<ServletToJsp: void <init>()>;org.apache.catalina.core.DefaultInstanceManager.newInstance;144;isAccessible=false;
Constructor.newInstance;<async.AsyncStockContextListener: void <init>()>;org.apache.catalina.core.DefaultInstanceManager.newInstance;144;isAccessible=false;
Constructor.newInstance;<com.sun.management.internal.PlatformMBeanProviderImpl$$Lambda$87: void <init>()>;java.lang.invoke.InnerClassLambdaMetafactory.buildCallSite;261;isAccessible=true;
Constructor.newInstance;<com.sun.management.internal.PlatformMBeanProviderImpl: void <init>()>;java.util.ServiceLoader$ProviderImpl.newInstance;789;isAccessible=true;
Constructor.newInstance;<com.sun.naming.internal.VersionHelper$$Lambda$131: void <init>()>;java.lang.invoke.InnerClassLambdaMetafactory.buildCallSite;261;isAccessible=true;
Constructor.newInstance;<com.sun.naming.internal.VersionHelper$$Lambda$133: void <init>()>;java.lang.invoke.InnerClassLambdaMetafactory.buildCallSite;261;isAccessible=true;
Constructor.newInstance;<com.sun.naming.internal.VersionHelper$$Lambda$134: void <init>()>;java.lang.invoke.InnerClassLambdaMetafactory.buildCallSite;261;isAccessible=true;
Constructor.newInstance;<com.sun.org.apache.xalan.internal.xsltc.trax.TransformerFactoryImpl: void <init>()>;javax.xml.transform.FactoryFinder.newInstance;170;isAccessible=false;
Constructor.newInstance;<com.sun.org.apache.xerces.internal.jaxp.DocumentBuilderFactoryImpl: void <init>()>;javax.xml.parsers.FactoryFinder.newInstance;188;isAccessible=false;
Constructor.newInstance;<com.sun.org.apache.xerces.internal.jaxp.SAXParserFactoryImpl: void <init>()>;javax.xml.parsers.FactoryFinder.newInstance;188;isAccessible=false;
Constructor.newInstance;<com.sun.org.apache.xerces.internal.jaxp.datatype.DatatypeFactoryImpl: void <init>()>;javax.xml.datatype.FactoryFinder.newInstance;189;isAccessible=false;
Constructor.newInstance;<com.sun.proxy.jdk.proxy1.$Proxy8: void <init>(java.lang.reflect.InvocationHandler)>;java.lang.reflect.Proxy.newProxyInstance;1053;isAccessible=true;
Constructor.newInstance;<com.sun.proxy.jdk.proxy1.$Proxy9: void <init>(java.lang.reflect.InvocationHandler)>;java.lang.reflect.Proxy.newProxyInstance;1053;isAccessible=true;
Constructor.newInstance;<com.sun.security.sasl.Provider: void <init>()>;java.util.ServiceLoader$ProviderImpl.newInstance;789;isAccessible=true;
Constructor.newInstance;<com.sun.security.sasl.gsskerb.JdkSASL: void <init>()>;java.util.ServiceLoader$ProviderImpl.newInstance;789;isAccessible=true;
Constructor.newInstance;<com.sun.xml.internal.stream.XMLInputFactoryImpl: void <init>()>;javax.xml.stream.FactoryFinder.newInstance;190;isAccessible=false;
Constructor.newInstance;<compressionFilters.CompressionFilter: void <init>()>;org.apache.catalina.core.DefaultInstanceManager.newInstance;144;isAccessible=false;
Constructor.newInstance;<filters.ExampleFilter: void <init>()>;org.apache.catalina.core.DefaultInstanceManager.newInstance;144;isAccessible=false;
Constructor.newInstance;<jakarta.security.auth.message.config.AuthConfigFactory$$Lambda$170: void <init>()>;java.lang.invoke.InnerClassLambdaMetafactory.buildCallSite;261;isAccessible=true;
Constructor.newInstance;<java.io.ObjectInputFilter$Config$$Lambda$141: void <init>()>;java.lang.invoke.InnerClassLambdaMetafactory.buildCallSite;261;isAccessible=true;
Constructor.newInstance;<java.io.ObjectInputFilter$Config$$Lambda$142: void <init>()>;java.lang.invoke.InnerClassLambdaMetafactory.buildCallSite;261;isAccessible=true;
Constructor.newInstance;<java.io.ObjectInputFilter$Config$$Lambda$143: void <init>()>;java.lang.invoke.InnerClassLambdaMetafactory.buildCallSite;261;isAccessible=true;
Constructor.newInstance;<java.io.ObjectInputFilter$Config$Global$$Lambda$147: void <init>()>;java.lang.invoke.InnerClassLambdaMetafactory.buildCallSite;261;isAccessible=true;
Constructor.newInstance;<java.lang.Class$$Lambda$71: void <init>()>;java.lang.invoke.InnerClassLambdaMetafactory.buildCallSite;261;isAccessible=true;
Constructor.newInstance;<java.lang.Module$$Lambda$24: void <init>()>;java.lang.invoke.InnerClassLambdaMetafactory.buildCallSite;261;isAccessible=true;
Constructor.newInstance;<java.lang.System$LoggerFinder$$Lambda$96: void <init>()>;java.lang.invoke.InnerClassLambdaMetafactory.buildCallSite;261;isAccessible=true;
Constructor.newInstance;<java.lang.invoke.VarHandleByteArrayAsInts$ArrayHandle$$Lambda$46: void <init>()>;java.lang.invoke.InnerClassLambdaMetafactory.buildCallSite;261;isAccessible=true;
Constructor.newInstance;<java.lang.invoke.VarHandleByteArrayAsLongs$ArrayHandle$$Lambda$47: void <init>()>;java.lang.invoke.InnerClassLambdaMetafactory.buildCallSite;261;isAccessible=true;
Constructor.newInstance;<java.lang.management.DefaultPlatformMBeanProvider$5$$Lambda$116: void <init>()>;java.lang.invoke.InnerClassLambdaMetafactory.buildCallSite;261;isAccessible=true;
Constructor.newInstance;<java.lang.management.ManagementFactory$$Lambda$86: void <init>()>;java.lang.invoke.InnerClassLambdaMetafactory.buildCallSite;261;isAccessible=true;
Constructor.newInstance;<java.lang.management.ManagementFactory$$Lambda$97: void <init>()>;java.lang.invoke.InnerClassLambdaMetafactory.buildCallSite;261;isAccessible=true;
Constructor.newInstance;<java.lang.management.ManagementFactory$$Lambda$98: void <init>()>;java.lang.invoke.InnerClassLambdaMetafactory.buildCallSite;261;isAccessible=true;
Constructor.newInstance;<java.lang.management.ManagementFactory$$Lambda$99: void <init>()>;java.lang.invoke.InnerClassLambdaMetafactory.buildCallSite;261;isAccessible=true;
Constructor.newInstance;<java.lang.management.ManagementPermission: void <init>(java.lang.String)>;com.sun.management.internal.DiagnosticCommandImpl$Wrapper.<init>;122;isAccessible=false;
Constructor.newInstance;<java.lang.module.ModuleDescriptor$Builder$$Lambda$34: void <init>()>;java.lang.invoke.InnerClassLambdaMetafactory.buildCallSite;261;isAccessible=true;
Constructor.newInstance;<java.lang.reflect.Executable$$Lambda$18: void <init>()>;java.lang.invoke.InnerClassLambdaMetafactory.buildCallSite;261;isAccessible=true;
Constructor.newInstance;<java.lang.reflect.Executable$$Lambda$197: void <init>()>;java.lang.invoke.InnerClassLambdaMetafactory.buildCallSite;261;isAccessible=true;
Constructor.newInstance;<java.lang.reflect.Proxy$$Lambda$109: void <init>()>;java.lang.invoke.InnerClassLambdaMetafactory.buildCallSite;261;isAccessible=true;
Constructor.newInstance;<java.lang.reflect.Proxy$ProxyBuilder$$Lambda$110: void <init>()>;java.lang.invoke.InnerClassLambdaMetafactory.buildCallSite;261;isAccessible=true;
Constructor.newInstance;<java.lang.reflect.ProxyGenerator$$Lambda$113: void <init>()>;java.lang.invoke.InnerClassLambdaMetafactory.buildCallSite;261;isAccessible=true;
Constructor.newInstance;<java.lang.reflect.ProxyGenerator$$Lambda$114: void <init>()>;java.lang.invoke.InnerClassLambdaMetafactory.buildCallSite;261;isAccessible=true;
Constructor.newInstance;<java.net.DatagramSocket$$Lambda$40: void <init>()>;java.lang.invoke.InnerClassLambdaMetafactory.buildCallSite;261;isAccessible=true;
Constructor.newInstance;<java.net.InetSocketAddress: void <init>(java.net.InetAddress,int)>;org.apache.commons.httpclient.protocol.ReflectionSocketFactory.createSocket;;isAccessible=false;
Constructor.newInstance;<java.net.SocketImpl$$Lambda$38: void <init>()>;java.lang.invoke.InnerClassLambdaMetafactory.buildCallSite;261;isAccessible=true;
Constructor.newInstance;<java.nio.channels.spi.SelectorProvider$Holder$$Lambda$129: void <init>()>;java.lang.invoke.InnerClassLambdaMetafactory.buildCallSite;261;isAccessible=true;
Constructor.newInstance;<java.nio.file.Files$$Lambda$30: void <init>()>;java.lang.invoke.InnerClassLambdaMetafactory.buildCallSite;261;isAccessible=true;
Constructor.newInstance;<java.security.SecureRandom: void <init>()>;org.apache.catalina.filters.CsrfPreventionFilterBase.init;80;isAccessible=false;
Constructor.newInstance;<java.text.DecimalFormatSymbols$$Lambda$59: void <init>()>;java.lang.invoke.InnerClassLambdaMetafactory.buildCallSite;261;isAccessible=true;
Constructor.newInstance;<java.util.PropertyPermission: void <init>(java.lang.String,java.lang.String)>;com.sun.management.internal.DiagnosticCommandImpl$Wrapper.<init>;133;isAccessible=false;
Constructor.newInstance;<java.util.ResourceBundle$ResourceBundleControlProviderHolder$$Lambda$62: void <init>()>;java.lang.invoke.InnerClassLambdaMetafactory.buildCallSite;261;isAccessible=true;
Constructor.newInstance;<java.util.ResourceBundle$ResourceBundleControlProviderHolder$$Lambda$63: void <init>()>;java.lang.invoke.InnerClassLambdaMetafactory.buildCallSite;261;isAccessible=true;
Constructor.newInstance;<java.util.concurrent.ConcurrentLinkedQueue$$Lambda$209: void <init>()>;java.lang.invoke.InnerClassLambdaMetafactory.buildCallSite;261;isAccessible=true;
Constructor.newInstance;<java.util.function.Function$$Lambda$27: void <init>()>;java.lang.invoke.InnerClassLambdaMetafactory.buildCallSite;261;isAccessible=true;
Constructor.newInstance;<java.util.logging.Level$$Lambda$41: void <init>()>;java.lang.invoke.InnerClassLambdaMetafactory.buildCallSite;261;isAccessible=true;
Constructor.newInstance;<java.util.logging.Level$KnownLevel$$Lambda$39: void <init>()>;java.lang.invoke.InnerClassLambdaMetafactory.buildCallSite;261;isAccessible=true;
Constructor.newInstance;<java.util.logging.Level$KnownLevel$$Lambda$40: void <init>()>;java.lang.invoke.InnerClassLambdaMetafactory.buildCallSite;261;isAccessible=true;
Constructor.newInstance;<java.util.logging.Level$KnownLevel$$Lambda$59: void <init>()>;java.lang.invoke.InnerClassLambdaMetafactory.buildCallSite;261;isAccessible=true;
Constructor.newInstance;<java.util.regex.CharPredicates$$Lambda$20: void <init>()>;java.lang.invoke.InnerClassLambdaMetafactory.buildCallSite;261;isAccessible=true;
Constructor.newInstance;<java.util.regex.CharPredicates$$Lambda$47: void <init>()>;java.lang.invoke.InnerClassLambdaMetafactory.buildCallSite;261;isAccessible=true;
Constructor.newInstance;<java.util.regex.Pattern$$Lambda$177: void <init>()>;java.lang.invoke.InnerClassLambdaMetafactory.buildCallSite;261;isAccessible=true;
Constructor.newInstance;<java.util.regex.Pattern$$Lambda$49: void <init>()>;java.lang.invoke.InnerClassLambdaMetafactory.buildCallSite;261;isAccessible=true;
Constructor.newInstance;<java.util.stream.Collectors$$Lambda$117: void <init>()>;java.lang.invoke.InnerClassLambdaMetafactory.buildCallSite;261;isAccessible=true;
Constructor.newInstance;<java.util.stream.Collectors$$Lambda$119: void <init>()>;java.lang.invoke.InnerClassLambdaMetafactory.buildCallSite;261;isAccessible=true;
Constructor.newInstance;<java.util.stream.Collectors$$Lambda$34: void <init>()>;java.lang.invoke.InnerClassLambdaMetafactory.buildCallSite;261;isAccessible=true;
Constructor.newInstance;<java.util.stream.Collectors$$Lambda$35: void <init>()>;java.lang.invoke.InnerClassLambdaMetafactory.buildCallSite;261;isAccessible=true;
Constructor.newInstance;<java.util.stream.Collectors$$Lambda$36: void <init>()>;java.lang.invoke.InnerClassLambdaMetafactory.buildCallSite;261;isAccessible=true;
Constructor.newInstance;<java.util.stream.Collectors$$Lambda$37: void <init>()>;java.lang.invoke.InnerClassLambdaMetafactory.buildCallSite;261;isAccessible=true;
Constructor.newInstance;<java.util.stream.Collectors$$Lambda$44: void <init>()>;java.lang.invoke.InnerClassLambdaMetafactory.buildCallSite;261;isAccessible=true;
Constructor.newInstance;<java.util.stream.Collectors$$Lambda$45: void <init>()>;java.lang.invoke.InnerClassLambdaMetafactory.buildCallSite;261;isAccessible=true;
Constructor.newInstance;<java.util.stream.Collectors$$Lambda$46: void <init>()>;java.lang.invoke.InnerClassLambdaMetafactory.buildCallSite;261;isAccessible=true;
Constructor.newInstance;<java.util.stream.Collectors$$Lambda$88: void <init>()>;java.lang.invoke.InnerClassLambdaMetafactory.buildCallSite;261;isAccessible=true;
Constructor.newInstance;<java.util.stream.Collectors$$Lambda$89: void <init>()>;java.lang.invoke.InnerClassLambdaMetafactory.buildCallSite;261;isAccessible=true;
Constructor.newInstance;<java.util.stream.Collectors$$Lambda$90: void <init>()>;java.lang.invoke.InnerClassLambdaMetafactory.buildCallSite;261;isAccessible=true;
Constructor.newInstance;<java.util.stream.FindOps$FindSink$OfInt$$Lambda$60: void <init>()>;java.lang.invoke.InnerClassLambdaMetafactory.buildCallSite;261;isAccessible=true;
Constructor.newInstance;<java.util.stream.FindOps$FindSink$OfInt$$Lambda$61: void <init>()>;java.lang.invoke.InnerClassLambdaMetafactory.buildCallSite;261;isAccessible=true;
Constructor.newInstance;<java.util.stream.FindOps$FindSink$OfInt$$Lambda$62: void <init>()>;java.lang.invoke.InnerClassLambdaMetafactory.buildCallSite;261;isAccessible=true;
Constructor.newInstance;<java.util.stream.FindOps$FindSink$OfInt$$Lambda$63: void <init>()>;java.lang.invoke.InnerClassLambdaMetafactory.buildCallSite;261;isAccessible=true;
Constructor.newInstance;<java.util.stream.IntPipeline$$Lambda$185: void <init>()>;java.lang.invoke.InnerClassLambdaMetafactory.buildCallSite;261;isAccessible=true;
Constructor.newInstance;<java.util.stream.ReferencePipeline$$Lambda$64: void <init>()>;java.lang.invoke.InnerClassLambdaMetafactory.buildCallSite;261;isAccessible=true;
Constructor.newInstance;<javax.naming.spi.NamingManager$$Lambda$138: void <init>()>;java.lang.invoke.InnerClassLambdaMetafactory.buildCallSite;261;isAccessible=true;
Constructor.newInstance;<javax.naming.spi.NamingManager$$Lambda$140: void <init>()>;java.lang.invoke.InnerClassLambdaMetafactory.buildCallSite;261;isAccessible=true;
Constructor.newInstance;<javax.security.auth.x500.X500Principal: void <init>(sun.security.x509.X500Name)>;sun.security.x509.X500Name.asX500Principal;1366;isAccessible=true;
Constructor.newInstance;<jdk.internal.jrtfs.JrtFileSystemProvider: void <init>()>;java.util.ServiceLoader$ProviderImpl.newInstance;789;isAccessible=true;
Constructor.newInstance;<jdk.internal.platform.CgroupSubsystemFactory$$Lambda$106: void <init>()>;java.lang.invoke.InnerClassLambdaMetafactory.buildCallSite;261;isAccessible=true;
Constructor.newInstance;<jdk.internal.platform.cgroupv1.CgroupV1Subsystem$$Lambda$107: void <init>()>;java.lang.invoke.InnerClassLambdaMetafactory.buildCallSite;261;isAccessible=true;
Constructor.newInstance;<jdk.jfr.internal.dcmd.DCmdCheck$$Lambda$126: void <init>()>;java.lang.invoke.InnerClassLambdaMetafactory.buildCallSite;261;isAccessible=true;
Constructor.newInstance;<jdk.jfr.internal.dcmd.DCmdDump$$Lambda$125: void <init>()>;java.lang.invoke.InnerClassLambdaMetafactory.buildCallSite;261;isAccessible=true;
Constructor.newInstance;<jdk.jfr.internal.dcmd.DCmdStart$$Lambda$124: void <init>()>;java.lang.invoke.InnerClassLambdaMetafactory.buildCallSite;261;isAccessible=true;
Constructor.newInstance;<jdk.jfr.internal.dcmd.DCmdStop$$Lambda$123: void <init>()>;java.lang.invoke.InnerClassLambdaMetafactory.buildCallSite;261;isAccessible=true;
Constructor.newInstance;<jdk.management.jfr.internal.FlightRecorderMXBeanProvider: void <init>()>;java.util.ServiceLoader$ProviderImpl.newInstance;789;isAccessible=true;
Constructor.newInstance;<jdk.net.LinuxSocketOptions: void <init>()>;jdk.net.ExtendedSocketOptions$PlatformSocketOptions.newInstance;353;isAccessible=false;
Constructor.newInstance;<jdk.nio.zipfs.ZipFileSystem$$Lambda$26: void <init>()>;java.lang.invoke.InnerClassLambdaMetafactory.buildCallSite;261;isAccessible=true;
Constructor.newInstance;<jdk.nio.zipfs.ZipFileSystemProvider: void <init>()>;java.util.ServiceLoader$ProviderImpl.newInstance;789;isAccessible=true;
Constructor.newInstance;<jdk.proxy1.$Proxy0: void <init>(java.lang.reflect.InvocationHandler)>;java.lang.reflect.Proxy.newProxyInstance;1053;isAccessible=true;
Constructor.newInstance;<jdk.proxy1.$Proxy1: void <init>(java.lang.reflect.InvocationHandler)>;java.lang.reflect.Proxy.newProxyInstance;1053;isAccessible=true;
Constructor.newInstance;<jdk.proxy2.$Proxy2: void <init>(java.lang.reflect.InvocationHandler)>;java.lang.reflect.Proxy.newProxyInstance;1053;isAccessible=true;
Constructor.newInstance;<jdk.proxy2.$Proxy3: void <init>(java.lang.reflect.InvocationHandler)>;java.lang.reflect.Proxy.newProxyInstance;1053;isAccessible=true;
Constructor.newInstance;<jdk.proxy2.$Proxy4: void <init>(java.lang.reflect.InvocationHandler)>;java.lang.reflect.Proxy.newProxyInstance;1053;isAccessible=true;
Constructor.newInstance;<jdk.proxy2.$Proxy5: void <init>(java.lang.reflect.InvocationHandler)>;java.lang.reflect.Proxy.newProxyInstance;1053;isAccessible=true;
Constructor.newInstance;<jdk.proxy2.$Proxy6: void <init>(java.lang.reflect.InvocationHandler)>;java.lang.reflect.Proxy.newProxyInstance;1053;isAccessible=true;
Constructor.newInstance;<jdk.proxy2.$Proxy7: void <init>(java.lang.reflect.InvocationHandler)>;java.lang.reflect.Proxy.newProxyInstance;1053;isAccessible=true;
Constructor.newInstance;<jdk.xml.internal.SecuritySupport$$Lambda$54: void <init>()>;java.lang.invoke.InnerClassLambdaMetafactory.buildCallSite;261;isAccessible=true;
Constructor.newInstance;<listeners.ContextListener: void <init>()>;org.apache.catalina.core.DefaultInstanceManager.newInstance;144;isAccessible=false;
Constructor.newInstance;<listeners.SessionListener: void <init>()>;org.apache.catalina.core.DefaultInstanceManager.newInstance;144;isAccessible=false;
Constructor.newInstance;<org.apache.catalina.authenticator.BasicAuthenticator: void <init>()>;org.apache.catalina.startup.ContextConfig.authenticatorConfig;397;isAccessible=false;
Constructor.newInstance;<org.apache.catalina.authenticator.FormAuthenticator: void <init>()>;org.apache.catalina.startup.ContextConfig.authenticatorConfig;397;isAccessible=false;
Constructor.newInstance;<org.apache.catalina.core.AprLifecycleListener: void <init>()>;org.apache.tomcat.util.digester.ObjectCreateRule.begin;103;isAccessible=false;
Constructor.newInstance;<org.apache.catalina.core.JreMemoryLeakPreventionListener: void <init>()>;org.apache.tomcat.util.digester.ObjectCreateRule.begin;103;isAccessible=false;
Constructor.newInstance;<org.apache.catalina.core.StandardContext$$Lambda$164: void <init>()>;java.lang.invoke.InnerClassLambdaMetafactory.buildCallSite;261;isAccessible=true;
Constructor.newInstance;<org.apache.catalina.core.StandardContext: void <init>()>;org.apache.catalina.startup.HostConfig.deployDirectory;1125;isAccessible=false;
Constructor.newInstance;<org.apache.catalina.core.StandardContext: void <init>()>;org.apache.tomcat.util.digester.ObjectCreateRule.begin;103;isAccessible=false;
Constructor.newInstance;<org.apache.catalina.core.StandardEngine: void <init>()>;org.apache.tomcat.util.digester.ObjectCreateRule.begin;103;isAccessible=false;
Constructor.newInstance;<org.apache.catalina.core.StandardHost: void <init>()>;org.apache.tomcat.util.digester.ObjectCreateRule.begin;103;isAccessible=false;
Constructor.newInstance;<org.apache.catalina.core.StandardServer: void <init>()>;org.apache.tomcat.util.digester.ObjectCreateRule.begin;103;isAccessible=false;
Constructor.newInstance;<org.apache.catalina.core.StandardService: void <init>()>;org.apache.tomcat.util.digester.ObjectCreateRule.begin;103;isAccessible=false;
Constructor.newInstance;<org.apache.catalina.core.ThreadLocalLeakPreventionListener: void <init>()>;org.apache.tomcat.util.digester.ObjectCreateRule.begin;103;isAccessible=false;
Constructor.newInstance;<org.apache.catalina.deploy.NamingResourcesImpl: void <init>()>;org.apache.tomcat.util.digester.ObjectCreateRule.begin;103;isAccessible=false;
Constructor.newInstance;<org.apache.catalina.filters.CsrfPreventionFilter: void <init>()>;org.apache.catalina.core.DefaultInstanceManager.newInstance;144;isAccessible=false;
Constructor.newInstance;<org.apache.catalina.filters.HttpHeaderSecurityFilter: void <init>()>;org.apache.catalina.core.DefaultInstanceManager.newInstance;144;isAccessible=false;
Constructor.newInstance;<org.apache.catalina.filters.RequestDumperFilter$$Lambda$163: void <init>()>;java.lang.invoke.InnerClassLambdaMetafactory.buildCallSite;261;isAccessible=true;
Constructor.newInstance;<org.apache.catalina.filters.RequestDumperFilter: void <init>()>;org.apache.catalina.core.DefaultInstanceManager.newInstance;144;isAccessible=false;
Constructor.newInstance;<org.apache.catalina.ha.ClusterRuleSet: void <init>(java.lang.String)>;org.apache.catalina.startup.Catalina.addClusterRuleSet;540;isAccessible=false;
Constructor.newInstance;<org.apache.catalina.loader.JdbcLeakPrevention: void <init>()>;org.apache.catalina.loader.WebappClassLoaderBase.clearReferencesJdbc;1767;isAccessible=false;
Constructor.newInstance;<org.apache.catalina.manager.ManagerServlet: void <init>()>;org.apache.catalina.core.DefaultInstanceManager.newInstance;144;isAccessible=false;
Constructor.newInstance;<org.apache.catalina.mbeans.ClassNameMBean: void <init>()>;org.apache.tomcat.util.modeler.ManagedBean.createMBean;318;isAccessible=false;
Constructor.newInstance;<org.apache.catalina.mbeans.ConnectorMBean: void <init>()>;org.apache.tomcat.util.modeler.ManagedBean.createMBean;318;isAccessible=false;
Constructor.newInstance;<org.apache.catalina.mbeans.ContainerMBean: void <init>()>;org.apache.tomcat.util.modeler.ManagedBean.createMBean;318;isAccessible=false;
Constructor.newInstance;<org.apache.catalina.mbeans.ContextEnvironmentMBean: void <init>()>;org.apache.tomcat.util.modeler.ManagedBean.createMBean;318;isAccessible=false;
Constructor.newInstance;<org.apache.catalina.mbeans.ContextMBean: void <init>()>;org.apache.tomcat.util.modeler.ManagedBean.createMBean;318;isAccessible=false;
Constructor.newInstance;<org.apache.catalina.mbeans.ContextResourceMBean: void <init>()>;org.apache.tomcat.util.modeler.ManagedBean.createMBean;318;isAccessible=false;
Constructor.newInstance;<org.apache.catalina.mbeans.GlobalResourcesLifecycleListener: void <init>()>;org.apache.tomcat.util.digester.ObjectCreateRule.begin;103;isAccessible=false;
Constructor.newInstance;<org.apache.catalina.mbeans.MemoryUserDatabaseMBean: void <init>()>;org.apache.tomcat.util.modeler.ManagedBean.createMBean;318;isAccessible=false;
Constructor.newInstance;<org.apache.catalina.mbeans.NamingResourcesMBean: void <init>()>;org.apache.tomcat.util.modeler.ManagedBean.createMBean;318;isAccessible=false;
Constructor.newInstance;<org.apache.catalina.mbeans.RoleMBean: void <init>()>;org.apache.tomcat.util.modeler.ManagedBean.createMBean;318;isAccessible=false;
Constructor.newInstance;<org.apache.catalina.mbeans.ServiceMBean: void <init>()>;org.apache.tomcat.util.modeler.ManagedBean.createMBean;318;isAccessible=false;
Constructor.newInstance;<org.apache.catalina.mbeans.UserMBean: void <init>()>;org.apache.tomcat.util.modeler.ManagedBean.createMBean;318;isAccessible=false;
Constructor.newInstance;<org.apache.catalina.realm.LockOutRealm: void <init>()>;org.apache.tomcat.util.digester.ObjectCreateRule.begin;103;isAccessible=false;
Constructor.newInstance;<org.apache.catalina.realm.UserDatabaseRealm: void <init>()>;org.apache.tomcat.util.digester.ObjectCreateRule.begin;103;isAccessible=false;
Constructor.newInstance;<org.apache.catalina.servlets.DefaultServlet: void <init>()>;org.apache.catalina.core.DefaultInstanceManager.newInstance;144;isAccessible=false;
Constructor.newInstance;<org.apache.catalina.session.StandardManager: void <init>()>;org.apache.tomcat.util.digester.ObjectCreateRule.begin;103;isAccessible=false;
Constructor.newInstance;<org.apache.catalina.startup.Catalina: void <init>()>;org.apache.catalina.startup.Bootstrap.init;265;isAccessible=false;
Constructor.newInstance;<org.apache.catalina.startup.ContextConfig$$Lambda$156: void <init>()>;java.lang.invoke.InnerClassLambdaMetafactory.buildCallSite;261;isAccessible=true;
Constructor.newInstance;<org.apache.catalina.startup.ContextConfig$$Lambda$157: void <init>()>;java.lang.invoke.InnerClassLambdaMetafactory.buildCallSite;261;isAccessible=true;
Constructor.newInstance;<org.apache.catalina.startup.ContextConfig: void <init>()>;org.apache.catalina.startup.HostConfig.deployDirectory;1129;isAccessible=false;
Constructor.newInstance;<org.apache.catalina.startup.EngineConfig: void <init>()>;org.apache.catalina.startup.LifecycleListenerRule.begin;126;isAccessible=false;
Constructor.newInstance;<org.apache.catalina.startup.HostConfig: void <init>()>;org.apache.catalina.startup.LifecycleListenerRule.begin;126;isAccessible=false;
Constructor.newInstance;<org.apache.catalina.startup.VersionLoggerListener: void <init>()>;org.apache.tomcat.util.digester.ObjectCreateRule.begin;103;isAccessible=false;
Constructor.newInstance;<org.apache.catalina.users.MemoryUserDatabaseFactory: void <init>()>;org.apache.naming.factory.FactoryBase.getObjectInstance;75;isAccessible=false;
Constructor.newInstance;<org.apache.catalina.util.CharsetMapper: void <init>()>;org.apache.catalina.core.StandardContext.getCharsetMapper;1435;isAccessible=false;
Constructor.newInstance;<org.apache.catalina.valves.AbstractAccessLogValve$$Lambda$84: void <init>()>;java.lang.invoke.InnerClassLambdaMetafactory.buildCallSite;261;isAccessible=true;
Constructor.newInstance;<org.apache.catalina.valves.AbstractAccessLogValve$$Lambda$85: void <init>()>;java.lang.invoke.InnerClassLambdaMetafactory.buildCallSite;261;isAccessible=true;
Constructor.newInstance;<org.apache.catalina.valves.AccessLogValve: void <init>()>;org.apache.tomcat.util.digester.ObjectCreateRule.begin;103;isAccessible=false;
Constructor.newInstance;<org.apache.catalina.valves.RemoteAddrValve: void <init>()>;org.apache.tomcat.util.digester.ObjectCreateRule.begin;103;isAccessible=false;
Constructor.newInstance;<org.apache.commons.logging.impl.SimpleLog: void <init>(java.lang.String)>;org.apache.commons.logging.impl.LogFactoryImpl.createLogFromClass;1025;isAccessible=false;
Constructor.newInstance;<org.apache.commons.logging.impl.SimpleLog: void <init>(java.lang.String)>;org.apache.commons.logging.impl.LogFactoryImpl.newInstance;545;isAccessible=false;
Constructor.newInstance;<org.apache.el.ExpressionFactoryImpl: void <init>()>;jakarta.el.ExpressionFactory.newInstance;155;isAccessible=false;
Constructor.newInstance;<org.apache.el.ExpressionFactoryImpl: void <init>()>;java.util.ServiceLoader$ProviderImpl.newInstance;789;isAccessible=false;
Constructor.newInstance;<org.apache.jasper.compiler.Generator$GenerateVisitor$$Lambda$196: void <init>()>;java.lang.invoke.InnerClassLambdaMetafactory.buildCallSite;261;isAccessible=true;
Constructor.newInstance;<org.apache.jasper.compiler.JDTCompiler: void <init>()>;org.apache.jasper.JspCompilationContext.createCompiler;245;isAccessible=false;
Constructor.newInstance;<org.apache.jasper.compiler.PageInfo$$Lambda$205: void <init>()>;java.lang.invoke.InnerClassLambdaMetafactory.buildCallSite;261;isAccessible=true;
Constructor.newInstance;<org.apache.jasper.servlet.JasperInitializer: void <init>()>;org.apache.catalina.startup.WebappServiceLoader.loadServices;236;isAccessible=false;
Constructor.newInstance;<org.apache.jasper.servlet.JspServlet: void <init>()>;org.apache.catalina.core.DefaultInstanceManager.newInstance;144;isAccessible=false;
Constructor.newInstance;<org.apache.jsp.jsp.dates.date_jsp: void <init>()>;org.apache.catalina.core.DefaultInstanceManager.newInstance;152;isAccessible=false;
Constructor.newInstance;<org.apache.jsp.jsp.error.err_jsp: void <init>()>;org.apache.catalina.core.DefaultInstanceManager.newInstance;152;isAccessible=false;
Constructor.newInstance;<org.apache.jsp.jsp.error.errorpge_jsp: void <init>()>;org.apache.catalina.core.DefaultInstanceManager.newInstance;152;isAccessible=false;
Constructor.newInstance;<org.apache.jsp.jsp.forward.forward_jsp: void <init>()>;org.apache.catalina.core.DefaultInstanceManager.newInstance;152;isAccessible=false;
Constructor.newInstance;<org.apache.jsp.jsp.forward.one_jsp: void <init>()>;org.apache.catalina.core.DefaultInstanceManager.newInstance;152;isAccessible=false;
Constructor.newInstance;<org.apache.jsp.jsp.include.foo_jsp: void <init>()>;org.apache.catalina.core.DefaultInstanceManager.newInstance;152;isAccessible=false;
Constructor.newInstance;<org.apache.jsp.jsp.include.include_jsp: void <init>()>;org.apache.catalina.core.DefaultInstanceManager.newInstance;152;isAccessible=false;
Constructor.newInstance;<org.apache.jsp.jsp.jsp2.el.basic_002darithmetic_jsp: void <init>()>;org.apache.catalina.core.DefaultInstanceManager.newInstance;152;isAccessible=false;
Constructor.newInstance;<org.apache.jsp.jsp.jsp2.el.basic_002dcomparisons_jsp: void <init>()>;org.apache.catalina.core.DefaultInstanceManager.newInstance;152;isAccessible=false;
Constructor.newInstance;<org.apache.jsp.jsp.jsp2.el.functions_jsp: void <init>()>;org.apache.catalina.core.DefaultInstanceManager.newInstance;152;isAccessible=false;
Constructor.newInstance;<org.apache.jsp.jsp.jsp2.el.implicit_002dobjects_jsp: void <init>()>;org.apache.catalina.core.DefaultInstanceManager.newInstance;152;isAccessible=false;
Constructor.newInstance;<org.apache.jsp.jsp.jsp2.jspattribute.jspattribute_jsp: void <init>()>;org.apache.catalina.core.DefaultInstanceManager.newInstance;152;isAccessible=false;
Constructor.newInstance;<org.apache.jsp.jsp.jsp2.jspattribute.shuffle_jsp: void <init>()>;org.apache.catalina.core.DefaultInstanceManager.newInstance;152;isAccessible=false;
Constructor.newInstance;<org.apache.jsp.jsp.jsp2.jspx.basic_jspx: void <init>()>;org.apache.catalina.core.DefaultInstanceManager.newInstance;152;isAccessible=false;
Constructor.newInstance;<org.apache.jsp.jsp.jsp2.jspx.textRotate_jspx: void <init>()>;org.apache.catalina.core.DefaultInstanceManager.newInstance;152;isAccessible=false;
Constructor.newInstance;<org.apache.jsp.jsp.jsp2.misc.config_jsp: void <init>()>;org.apache.catalina.core.DefaultInstanceManager.newInstance;152;isAccessible=false;
Constructor.newInstance;<org.apache.jsp.jsp.jsp2.misc.dynamicattrs_jsp: void <init>()>;org.apache.catalina.core.DefaultInstanceManager.newInstance;152;isAccessible=false;
Constructor.newInstance;<org.apache.jsp.jsp.jsp2.simpletag.book_jsp: void <init>()>;org.apache.catalina.core.DefaultInstanceManager.newInstance;152;isAccessible=false;
Constructor.newInstance;<org.apache.jsp.jsp.jsp2.simpletag.hello_jsp: void <init>()>;org.apache.catalina.core.DefaultInstanceManager.newInstance;152;isAccessible=false;
Constructor.newInstance;<org.apache.jsp.jsp.jsp2.simpletag.repeat_jsp: void <init>()>;org.apache.catalina.core.DefaultInstanceManager.newInstance;152;isAccessible=false;
Constructor.newInstance;<org.apache.jsp.jsp.jsp2.tagfiles.hello_jsp: void <init>()>;org.apache.catalina.core.DefaultInstanceManager.newInstance;152;isAccessible=false;
Constructor.newInstance;<org.apache.jsp.jsp.jsp2.tagfiles.panel_jsp: void <init>()>;org.apache.catalina.core.DefaultInstanceManager.newInstance;152;isAccessible=false;
Constructor.newInstance;<org.apache.jsp.jsp.jsp2.tagfiles.products_jsp: void <init>()>;org.apache.catalina.core.DefaultInstanceManager.newInstance;152;isAccessible=false;
Constructor.newInstance;<org.apache.jsp.jsp.jsptoserv.hello_jsp: void <init>()>;org.apache.catalina.core.DefaultInstanceManager.newInstance;152;isAccessible=false;
Constructor.newInstance;<org.apache.jsp.jsp.jsptoserv.jsptoservlet_jsp: void <init>()>;org.apache.catalina.core.DefaultInstanceManager.newInstance;152;isAccessible=false;
Constructor.newInstance;<org.apache.jsp.jsp.num.numguess_jsp: void <init>()>;org.apache.catalina.core.DefaultInstanceManager.newInstance;152;isAccessible=false;
Constructor.newInstance;<org.apache.jsp.jsp.sessions.carts_jsp: void <init>()>;org.apache.catalina.core.DefaultInstanceManager.newInstance;152;isAccessible=false;
Constructor.newInstance;<org.apache.jsp.jsp.snp.snoop_jsp: void <init>()>;org.apache.catalina.core.DefaultInstanceManager.newInstance;152;isAccessible=false;
Constructor.newInstance;<org.apache.jsp.jsp.tagplugin.choose_jsp: void <init>()>;org.apache.catalina.core.DefaultInstanceManager.newInstance;152;isAccessible=false;
Constructor.newInstance;<org.apache.jsp.jsp.tagplugin.foreach_jsp: void <init>()>;org.apache.catalina.core.DefaultInstanceManager.newInstance;152;isAccessible=false;
Constructor.newInstance;<org.apache.jsp.jsp.tagplugin.if_jsp: void <init>()>;org.apache.catalina.core.DefaultInstanceManager.newInstance;152;isAccessible=false;
Constructor.newInstance;<org.apache.jsp.jsp.xml.xml_jsp: void <init>()>;org.apache.catalina.core.DefaultInstanceManager.newInstance;152;isAccessible=false;
Constructor.newInstance;<org.apache.jsp.tag.web.displayProducts_tag: void <init>()>;org.apache.jasper.compiler.TagFileProcessor.loadTagFile;594;isAccessible=false;
Constructor.newInstance;<org.apache.jsp.tag.web.helloWorld_tag: void <init>()>;org.apache.jasper.compiler.TagFileProcessor.loadTagFile;594;isAccessible=false;
Constructor.newInstance;<org.apache.jsp.tag.web.panel_tag: void <init>()>;org.apache.jasper.compiler.TagFileProcessor.loadTagFile;594;isAccessible=false;
Constructor.newInstance;<org.apache.taglibs.standard.tag.common.core.ChooseTag: void <init>()>;org.apache.jasper.runtime.TagHandlerPool.get;119;isAccessible=false;
Constructor.newInstance;<org.apache.taglibs.standard.tag.common.core.OtherwiseTag: void <init>()>;org.apache.jasper.runtime.TagHandlerPool.get;119;isAccessible=false;
Constructor.newInstance;<org.apache.taglibs.standard.tag.rt.core.ForEachTag: void <init>()>;org.apache.jasper.runtime.TagHandlerPool.get;119;isAccessible=false;
Constructor.newInstance;<org.apache.taglibs.standard.tag.rt.core.IfTag: void <init>()>;org.apache.jasper.runtime.TagHandlerPool.get;119;isAccessible=false;
Constructor.newInstance;<org.apache.taglibs.standard.tag.rt.core.SetTag: void <init>()>;org.apache.jasper.runtime.TagHandlerPool.get;119;isAccessible=false;
Constructor.newInstance;<org.apache.taglibs.standard.tag.rt.core.WhenTag: void <init>()>;org.apache.jasper.runtime.TagHandlerPool.get;119;isAccessible=false;
Constructor.newInstance;<org.apache.taglibs.standard.tag.rt.fmt.FormatDateTag: void <init>()>;org.apache.jasper.runtime.TagHandlerPool.get;119;isAccessible=false;
Constructor.newInstance;<org.apache.taglibs.standard.tei.ForEachTEI: void <init>()>;org.apache.jasper.compiler.TagLibraryInfoImpl.createTagInfo;293;isAccessible=false;
Constructor.newInstance;<org.apache.taglibs.standard.tei.ImportTEI: void <init>()>;org.apache.jasper.compiler.TagLibraryInfoImpl.createTagInfo;293;isAccessible=false;
Constructor.newInstance;<org.apache.taglibs.standard.tlv.JstlCoreTLV: void <init>()>;org.apache.jasper.compiler.TagLibraryInfoImpl.createValidator;356;isAccessible=false;
Constructor.newInstance;<org.apache.taglibs.standard.tlv.JstlFmtTLV: void <init>()>;org.apache.jasper.compiler.TagLibraryInfoImpl.createValidator;356;isAccessible=false;
Constructor.newInstance;<org.apache.tomcat.util.buf.StringCache$$Lambda$207: void <init>()>;java.lang.invoke.InnerClassLambdaMetafactory.buildCallSite;261;isAccessible=true;
Constructor.newInstance;<org.apache.tomcat.util.descriptor.tld.TagXml: void <init>()>;org.apache.tomcat.util.digester.ObjectCreateRule.begin;103;isAccessible=false;
Constructor.newInstance;<org.apache.tomcat.util.descriptor.tld.ValidatorXml: void <init>()>;org.apache.tomcat.util.digester.ObjectCreateRule.begin;103;isAccessible=false;
Constructor.newInstance;<org.apache.tomcat.util.descriptor.web.ContextEnvironment: void <init>()>;org.apache.tomcat.util.digester.ObjectCreateRule.begin;103;isAccessible=false;
Constructor.newInstance;<org.apache.tomcat.util.descriptor.web.ContextResource: void <init>()>;org.apache.tomcat.util.digester.ObjectCreateRule.begin;103;isAccessible=false;
Constructor.newInstance;<org.apache.tomcat.util.descriptor.web.ErrorPage: void <init>()>;org.apache.tomcat.util.digester.ObjectCreateRule.begin;103;isAccessible=false;
Constructor.newInstance;<org.apache.tomcat.util.descriptor.web.FilterDef: void <init>()>;org.apache.tomcat.util.digester.ObjectCreateRule.begin;103;isAccessible=false;
Constructor.newInstance;<org.apache.tomcat.util.descriptor.web.FilterMap: void <init>()>;org.apache.tomcat.util.digester.ObjectCreateRule.begin;103;isAccessible=false;
Constructor.newInstance;<org.apache.tomcat.util.descriptor.web.JspPropertyGroup: void <init>()>;org.apache.tomcat.util.digester.ObjectCreateRule.begin;103;isAccessible=false;
Constructor.newInstance;<org.apache.tomcat.util.descriptor.web.LoginConfig: void <init>()>;org.apache.tomcat.util.digester.ObjectCreateRule.begin;103;isAccessible=false;
Constructor.newInstance;<org.apache.tomcat.util.descriptor.web.MultipartDef: void <init>()>;org.apache.tomcat.util.digester.ObjectCreateRule.begin;103;isAccessible=false;
Constructor.newInstance;<org.apache.tomcat.util.descriptor.web.SecurityCollection: void <init>()>;org.apache.tomcat.util.digester.ObjectCreateRule.begin;103;isAccessible=false;
Constructor.newInstance;<org.apache.tomcat.util.descriptor.web.SecurityConstraint$$Lambda$162: void <init>()>;java.lang.invoke.InnerClassLambdaMetafactory.buildCallSite;261;isAccessible=true;
Constructor.newInstance;<org.apache.tomcat.util.descriptor.web.SecurityConstraint: void <init>()>;org.apache.tomcat.util.digester.ObjectCreateRule.begin;103;isAccessible=false;
Constructor.newInstance;<org.apache.tomcat.util.descriptor.web.SessionConfig: void <init>()>;org.apache.tomcat.util.digester.ObjectCreateRule.begin;103;isAccessible=false;
Constructor.newInstance;<org.apache.tomcat.util.digester.RulesBase$$Lambda$66: void <init>()>;java.lang.invoke.InnerClassLambdaMetafactory.buildCallSite;261;isAccessible=true;
Constructor.newInstance;<org.apache.tomcat.util.http.CookieProcessorBase$$Lambda$149: void <init>()>;java.lang.invoke.InnerClassLambdaMetafactory.buildCallSite;261;isAccessible=true;
Constructor.newInstance;<org.apache.tomcat.util.http.Parameters$$Lambda$172: void <init>()>;java.lang.invoke.InnerClassLambdaMetafactory.buildCallSite;261;isAccessible=true;
Constructor.newInstance;<org.apache.tomcat.util.http.Rfc6265CookieProcessor: void <init>()>;org.apache.tomcat.util.digester.ObjectCreateRule.begin;103;isAccessible=false;
Constructor.newInstance;<org.apache.tomcat.util.modeler.AttributeInfo: void <init>()>;org.apache.tomcat.util.digester.ObjectCreateRule.begin;103;isAccessible=false;
Constructor.newInstance;<org.apache.tomcat.util.modeler.ManagedBean$$Lambda$95: void <init>()>;java.lang.invoke.InnerClassLambdaMetafactory.buildCallSite;261;isAccessible=true;
Constructor.newInstance;<org.apache.tomcat.util.modeler.ManagedBean: void <init>()>;org.apache.tomcat.util.digester.ObjectCreateRule.begin;103;isAccessible=false;
Constructor.newInstance;<org.apache.tomcat.util.modeler.OperationInfo: void <init>()>;org.apache.tomcat.util.digester.ObjectCreateRule.begin;103;isAccessible=false;
Constructor.newInstance;<org.apache.tomcat.util.modeler.ParameterInfo: void <init>()>;org.apache.tomcat.util.digester.ObjectCreateRule.begin;103;isAccessible=false;
Constructor.newInstance;<org.apache.tomcat.util.modeler.modules.MbeansDescriptorsDigesterSource: void <init>()>;org.apache.tomcat.util.modeler.Registry.getModelerSource;730;isAccessible=false;
Constructor.newInstance;<org.apache.tomcat.util.modeler.modules.MbeansDescriptorsIntrospectionSource: void <init>()>;org.apache.tomcat.util.modeler.Registry.getModelerSource;730;isAccessible=false;
Constructor.newInstance;<org.apache.tomcat.websocket.server.DefaultServerEndpointConfigurator: void <init>()>;java.util.ServiceLoader$ProviderImpl.newInstance;789;isAccessible=false;
Constructor.newInstance;<org.apache.tomcat.websocket.server.WsSci: void <init>()>;org.apache.catalina.startup.WebappServiceLoader.loadServices;236;isAccessible=false;
Constructor.newInstance;<org.apache.tomcat.websocket.server.WsWriteTimeout$$Lambda$160: void <init>()>;java.lang.invoke.InnerClassLambdaMetafactory.buildCallSite;261;isAccessible=true;
Constructor.newInstance;<org.dacapo.harness.Benchmark$$Lambda$45: void <init>()>;java.lang.invoke.InnerClassLambdaMetafactory.buildCallSite;261;isAccessible=true;
Constructor.newInstance;<org.dacapo.harness.CommandLineArgs$$Lambda$31: void <init>()>;java.lang.invoke.InnerClassLambdaMetafactory.buildCallSite;261;isAccessible=true;
Constructor.newInstance;<org.dacapo.harness.CommandLineArgs$$Lambda$32: void <init>()>;java.lang.invoke.InnerClassLambdaMetafactory.buildCallSite;261;isAccessible=true;
Constructor.newInstance;<org.dacapo.harness.CommandLineArgs$$Lambda$33: void <init>()>;java.lang.invoke.InnerClassLambdaMetafactory.buildCallSite;261;isAccessible=true;
Constructor.newInstance;<org.dacapo.harness.Tomcat: void <init>(org.dacapo.parser.Config,java.io.File,java.io.File)>;org.dacapo.harness.TestHarness.runBenchmark;218;isAccessible=false;
Constructor.newInstance;<org.dacapo.tomcat.Client: void <init>(java.io.File,int,int,boolean,int)>;org.dacapo.harness.Tomcat.iterate;178;isAccessible=false;
Constructor.newInstance;<org.dacapo.tomcat.Control: void <init>(java.io.File,java.lang.ClassLoader,int)>;org.dacapo.harness.Tomcat.<init>;57;isAccessible=false;
Constructor.newInstance;<org.eclipse.jdt.internal.compiler.ClassFile$$Lambda$200: void <init>()>;java.lang.invoke.InnerClassLambdaMetafactory.buildCallSite;261;isAccessible=true;
Constructor.newInstance;<org.eclipse.jdt.internal.compiler.Compiler$$Lambda$181: void <init>()>;java.lang.invoke.InnerClassLambdaMetafactory.buildCallSite;261;isAccessible=true;
Constructor.newInstance;<org.eclipse.jdt.internal.compiler.ast.MethodDeclaration$$Lambda$188: void <init>()>;java.lang.invoke.InnerClassLambdaMetafactory.buildCallSite;261;isAccessible=true;
Constructor.newInstance;<org.eclipse.jdt.internal.compiler.ast.SwitchStatement$$Lambda$199: void <init>()>;java.lang.invoke.InnerClassLambdaMetafactory.buildCallSite;261;isAccessible=true;
Constructor.newInstance;<org.eclipse.jdt.internal.compiler.lookup.CompilationUnitScope$$Lambda$182: void <init>()>;java.lang.invoke.InnerClassLambdaMetafactory.buildCallSite;261;isAccessible=true;
Constructor.newInstance;<org.eclipse.jdt.internal.compiler.lookup.ReferenceBinding$$Lambda$178: void <init>()>;java.lang.invoke.InnerClassLambdaMetafactory.buildCallSite;261;isAccessible=true;
Constructor.newInstance;<org.eclipse.jdt.internal.compiler.parser.Scanner$Goal$$Lambda$184: void <init>()>;java.lang.invoke.InnerClassLambdaMetafactory.buildCallSite;261;isAccessible=true;
Constructor.newInstance;<org.eclipse.jdt.internal.compiler.parser.Scanner$Goal$$Lambda$186: void <init>()>;java.lang.invoke.InnerClassLambdaMetafactory.buildCallSite;261;isAccessible=true;
Constructor.newInstance;<org.eclipse.jdt.internal.compiler.parser.Scanner$Goal$$Lambda$187: void <init>()>;java.lang.invoke.InnerClassLambdaMetafactory.buildCallSite;261;isAccessible=true;
Constructor.newInstance;<org.eclipse.jdt.internal.compiler.util.CharDeduplication$$Lambda$179: void <init>()>;java.lang.invoke.InnerClassLambdaMetafactory.buildCallSite;261;isAccessible=true;
Constructor.newInstance;<org.eclipse.jdt.internal.compiler.util.CharDeduplication$$Lambda$180: void <init>()>;java.lang.invoke.InnerClassLambdaMetafactory.buildCallSite;261;isAccessible=true;
Constructor.newInstance;<org.jcp.xml.dsig.internal.dom.XMLDSigRI: void <init>()>;java.util.ServiceLoader$ProviderImpl.newInstance;789;isAccessible=true;
Constructor.newInstance;<sun.management.ManagementFactoryHelper$$Lambda$127: void <init>()>;java.lang.invoke.InnerClassLambdaMetafactory.buildCallSite;261;isAccessible=true;
Constructor.newInstance;<sun.nio.ch.DatagramSocketAdaptor$DatagramSockets$$Lambda$43: void <init>()>;java.lang.invoke.InnerClassLambdaMetafactory.buildCallSite;261;isAccessible=true;
Constructor.newInstance;<sun.nio.ch.DefaultSelectorProvider$$Lambda$41: void <init>()>;java.lang.invoke.InnerClassLambdaMetafactory.buildCallSite;261;isAccessible=true;
Constructor.newInstance;<sun.security.ec.SunEC: void <init>()>;java.util.ServiceLoader$ProviderImpl.newInstance;789;isAccessible=true;
Constructor.newInstance;<sun.security.jgss.SunProvider: void <init>()>;java.util.ServiceLoader$ProviderImpl.newInstance;789;isAccessible=true;
Constructor.newInstance;<sun.security.pkcs11.SunPKCS11: void <init>()>;java.util.ServiceLoader$ProviderImpl.newInstance;789;isAccessible=true;
Constructor.newInstance;<sun.security.provider.MD5: void <init>()>;java.security.Provider$Service.newInstanceOf;1879;isAccessible=false;
Constructor.newInstance;<sun.security.provider.NativePRNG: void <init>()>;java.security.Provider$Service.newInstanceOf;1879;isAccessible=false;
Constructor.newInstance;<sun.security.provider.SHA2$SHA256: void <init>()>;java.security.Provider$Service.newInstanceOf;1879;isAccessible=false;
Constructor.newInstance;<sun.security.provider.SHA5$SHA384: void <init>()>;java.security.Provider$Service.newInstanceOf;1879;isAccessible=false;
Constructor.newInstance;<sun.security.provider.SHA: void <init>()>;java.security.Provider$Service.newInstanceOf;1879;isAccessible=false;
Constructor.newInstance;<sun.security.provider.SecureRandom: void <init>()>;java.security.Provider$Service.newInstanceOf;1879;isAccessible=false;
Constructor.newInstance;<sun.security.provider.X509Factory: void <init>()>;java.security.Provider$Service.newInstanceOf;1879;isAccessible=false;
Constructor.newInstance;<sun.security.provider.certpath.ldap.JdkLDAP: void <init>()>;java.util.ServiceLoader$ProviderImpl.newInstance;789;isAccessible=true;
Constructor.newInstance;<sun.security.rsa.RSAKeyFactory$Legacy: void <init>()>;java.security.Provider$Service.newInstanceOf;1879;isAccessible=false;
Constructor.newInstance;<sun.security.rsa.RSASignature$SHA256withRSA: void <init>()>;java.security.Provider$Service.newInstanceOf;1879;isAccessible=false;
Constructor.newInstance;<sun.security.rsa.RSASignature$SHA384withRSA: void <init>()>;java.security.Provider$Service.newInstanceOf;1879;isAccessible=false;
Constructor.newInstance;<sun.security.smartcardio.SunPCSC: void <init>()>;java.util.ServiceLoader$ProviderImpl.newInstance;789;isAccessible=true;
Constructor.newInstance;<sun.security.util.ManifestDigester$$Lambda$173: void <init>()>;java.lang.invoke.InnerClassLambdaMetafactory.buildCallSite;261;isAccessible=true;
Constructor.newInstance;<sun.security.x509.AuthorityInfoAccessExtension: void <init>(java.lang.Boolean,java.lang.Object)>;sun.security.x509.CertificateExtensions.parseExtension;113;isAccessible=false;
Constructor.newInstance;<sun.security.x509.AuthorityKeyIdentifierExtension: void <init>(java.lang.Boolean,java.lang.Object)>;sun.security.x509.CertificateExtensions.parseExtension;113;isAccessible=false;
Constructor.newInstance;<sun.security.x509.BasicConstraintsExtension: void <init>(java.lang.Boolean,java.lang.Object)>;sun.security.x509.CertificateExtensions.parseExtension;113;isAccessible=false;
Constructor.newInstance;<sun.security.x509.CRLDistributionPointsExtension: void <init>(java.lang.Boolean,java.lang.Object)>;sun.security.x509.CertificateExtensions.parseExtension;113;isAccessible=false;
Constructor.newInstance;<sun.security.x509.CertificatePoliciesExtension: void <init>(java.lang.Boolean,java.lang.Object)>;sun.security.x509.CertificateExtensions.parseExtension;113;isAccessible=false;
Constructor.newInstance;<sun.security.x509.ExtendedKeyUsageExtension: void <init>(java.lang.Boolean,java.lang.Object)>;sun.security.x509.CertificateExtensions.parseExtension;113;isAccessible=false;
Constructor.newInstance;<sun.security.x509.KeyUsageExtension: void <init>(java.lang.Boolean,java.lang.Object)>;sun.security.x509.CertificateExtensions.parseExtension;113;isAccessible=false;
Constructor.newInstance;<sun.security.x509.SubjectAlternativeNameExtension: void <init>(java.lang.Boolean,java.lang.Object)>;sun.security.x509.CertificateExtensions.parseExtension;113;isAccessible=false;
Constructor.newInstance;<sun.security.x509.SubjectKeyIdentifierExtension: void <init>(java.lang.Boolean,java.lang.Object)>;sun.security.x509.CertificateExtensions.parseExtension;113;isAccessible=false;
Constructor.newInstance;<sun.text.resources.cldr.FormatData: void <init>()>;java.util.ResourceBundle$ResourceBundleProviderHelper.newResourceBundle;3586;isAccessible=true;
Constructor.newInstance;<sun.text.resources.cldr.FormatData_en: void <init>()>;java.util.ResourceBundle$ResourceBundleProviderHelper.newResourceBundle;3586;isAccessible=true;
Constructor.newInstance;<sun.util.cldr.CLDRLocaleProviderAdapter$$Lambda$51: void <init>()>;java.lang.invoke.InnerClassLambdaMetafactory.buildCallSite;261;isAccessible=true;
Constructor.newInstance;<sun.util.cldr.CLDRLocaleProviderAdapter: void <init>()>;sun.util.locale.provider.LocaleProviderAdapter.forType;188;isAccessible=false;
Constructor.newInstance;<sun.util.locale.provider.JRELocaleProviderAdapter: void <init>()>;sun.util.locale.provider.LocaleProviderAdapter.forType;188;isAccessible=false;
Constructor.newInstance;<sun.util.logging.internal.LoggingProviderImpl: void <init>()>;java.util.ServiceLoader$ProviderImpl.newInstance;789;isAccessible=true;
Constructor.newInstance;<sun.util.resources.TimeZoneNames: void <init>()>;java.util.ResourceBundle$ResourceBundleProviderHelper.newResourceBundle;3586;isAccessible=true;
Constructor.newInstance;<sun.util.resources.TimeZoneNames_en: void <init>()>;java.util.ResourceBundle$ResourceBundleProviderHelper.newResourceBundle;3586;isAccessible=true;
Constructor.newInstance;<sun.util.resources.cldr.CalendarData: void <init>()>;java.util.ResourceBundle$ResourceBundleProviderHelper.newResourceBundle;3586;isAccessible=true;
Constructor.newInstance;<sun.util.resources.cldr.TimeZoneNames: void <init>()>;java.util.ResourceBundle$ResourceBundleProviderHelper.newResourceBundle;3586;isAccessible=true;
Constructor.newInstance;<sun.util.resources.cldr.TimeZoneNames_en: void <init>()>;java.util.ResourceBundle$ResourceBundleProviderHelper.newResourceBundle;3586;isAccessible=true;
Constructor.newInstance;<sun.util.resources.cldr.provider.CLDRLocaleDataMetaInfo: void <init>()>;java.util.ServiceLoader$ProviderImpl.newInstance;789;isAccessible=true;
Constructor.newInstance;<sun.util.resources.provider.LocaleDataProvider: void <init>()>;java.util.ServiceLoader$ProviderImpl.newInstance;789;isAccessible=true;
Constructor.newInstance;<sun.util.resources.provider.NonBaseLocaleDataMetaInfo: void <init>()>;java.util.ServiceLoader$ProviderImpl.newInstance;789;isAccessible=true;
Constructor.newInstance;<websocket.ExamplesConfig: void <init>()>;org.apache.tomcat.websocket.server.WsSci.onStartup;72;isAccessible=false;
Constructor.newInstance;<websocket.drawboard.DrawboardContextListener: void <init>()>;org.apache.catalina.core.DefaultInstanceManager.newInstance;144;isAccessible=false;
Field.get*;<java.io.ObjectStreamClass$Caches: java.io.ClassCache localDescs>;org.apache.catalina.loader.WebappClassLoaderBase.clearCache;2323;isAccessible=true;
Field.get*;<java.io.ObjectStreamClass$Caches: java.io.ClassCache reflectors>;org.apache.catalina.loader.WebappClassLoaderBase.clearCache;2323;isAccessible=true;
Field.get*;<java.lang.Boolean: java.lang.Class TYPE>;com.sun.jmx.mbeanserver.DefaultMXBeanMappingFactory.<clinit>;216;isAccessible=false;
Field.get*;<java.lang.Byte: java.lang.Class TYPE>;com.sun.jmx.mbeanserver.DefaultMXBeanMappingFactory.<clinit>;216;isAccessible=false;
Field.get*;<java.lang.Character: java.lang.Class TYPE>;com.sun.jmx.mbeanserver.DefaultMXBeanMappingFactory.<clinit>;216;isAccessible=false;
Field.get*;<java.lang.Double: java.lang.Class TYPE>;com.sun.jmx.mbeanserver.DefaultMXBeanMappingFactory.<clinit>;216;isAccessible=false;
Field.get*;<java.lang.Float: java.lang.Class TYPE>;com.sun.jmx.mbeanserver.DefaultMXBeanMappingFactory.<clinit>;216;isAccessible=false;
Field.get*;<java.lang.Integer: java.lang.Class TYPE>;com.sun.jmx.mbeanserver.DefaultMXBeanMappingFactory.<clinit>;216;isAccessible=false;
Field.get*;<java.lang.Long: java.lang.Class TYPE>;com.sun.jmx.mbeanserver.DefaultMXBeanMappingFactory.<clinit>;216;isAccessible=false;
Field.get*;<java.lang.Short: java.lang.Class TYPE>;com.sun.jmx.mbeanserver.DefaultMXBeanMappingFactory.<clinit>;216;isAccessible=false;
Field.get*;<java.lang.Thread: java.lang.ThreadLocal$ThreadLocalMap inheritableThreadLocals>;org.apache.catalina.loader.WebappClassLoaderBase.checkThreadLocalsForLeaks;2019;isAccessible=true;
Field.get*;<java.lang.Thread: java.lang.ThreadLocal$ThreadLocalMap threadLocals>;org.apache.catalina.loader.WebappClassLoaderBase.checkThreadLocalsForLeaks;2012;isAccessible=true;
Field.get*;<java.lang.ThreadLocal$ThreadLocalMap$Entry: java.lang.Object value>;org.apache.catalina.loader.WebappClassLoaderBase.checkThreadLocalMapForLeaks;2062;isAccessible=true;
Field.get*;<java.lang.ThreadLocal$ThreadLocalMap: java.lang.ThreadLocal$ThreadLocalMap$Entry[] table>;org.apache.catalina.loader.WebappClassLoaderBase.checkThreadLocalMapForLeaks;2047;isAccessible=true;
Field.get*;<java.lang.Void: java.lang.Class TYPE>;com.sun.jmx.mbeanserver.DefaultMXBeanMappingFactory.<clinit>;216;isAccessible=false;
Field.get*;<org.dacapo.tomcat.Client: int BATCH_SIZE>;org.dacapo.harness.Tomcat.iterate;171;isAccessible=false;
Field.get*;<org.eclipse.jdt.internal.compiler.util.Messages: java.lang.String abort_againstSourceModel>;org.eclipse.jdt.internal.compiler.util.Messages.initializeMessages;220;isAccessible=false;
Field.get*;<org.eclipse.jdt.internal.compiler.util.Messages: java.lang.String abort_externaAnnotationFile>;org.eclipse.jdt.internal.compiler.util.Messages.initializeMessages;220;isAccessible=false;
Field.get*;<org.eclipse.jdt.internal.compiler.util.Messages: java.lang.String abort_invalidAttribute>;org.eclipse.jdt.internal.compiler.util.Messages.initializeMessages;220;isAccessible=false;
Field.get*;<org.eclipse.jdt.internal.compiler.util.Messages: java.lang.String abort_invalidExceptionAttribute>;org.eclipse.jdt.internal.compiler.util.Messages.initializeMessages;220;isAccessible=false;
Field.get*;<org.eclipse.jdt.internal.compiler.util.Messages: java.lang.String abort_invalidOpcode>;org.eclipse.jdt.internal.compiler.util.Messages.initializeMessages;220;isAccessible=false;
Field.get*;<org.eclipse.jdt.internal.compiler.util.Messages: java.lang.String abort_missingCode>;org.eclipse.jdt.internal.compiler.util.Messages.initializeMessages;220;isAccessible=false;
Field.get*;<org.eclipse.jdt.internal.compiler.util.Messages: java.lang.String accept_cannot>;org.eclipse.jdt.internal.compiler.util.Messages.initializeMessages;220;isAccessible=false;
Field.get*;<org.eclipse.jdt.internal.compiler.util.Messages: java.lang.String ast_missingCode>;org.eclipse.jdt.internal.compiler.util.Messages.initializeMessages;220;isAccessible=false;
Field.get*;<org.eclipse.jdt.internal.compiler.util.Messages: java.lang.String compilation_beginningToCompile>;org.eclipse.jdt.internal.compiler.util.Messages.initializeMessages;220;isAccessible=false;
Field.get*;<org.eclipse.jdt.internal.compiler.util.Messages: java.lang.String compilation_done>;org.eclipse.jdt.internal.compiler.util.Messages.initializeMessages;220;isAccessible=false;
Field.get*;<org.eclipse.jdt.internal.compiler.util.Messages: java.lang.String compilation_internalError>;org.eclipse.jdt.internal.compiler.util.Messages.initializeMessages;220;isAccessible=false;
Field.get*;<org.eclipse.jdt.internal.compiler.util.Messages: java.lang.String compilation_loadBinary>;org.eclipse.jdt.internal.compiler.util.Messages.initializeMessages;220;isAccessible=false;
Field.get*;<org.eclipse.jdt.internal.compiler.util.Messages: java.lang.String compilation_process>;org.eclipse.jdt.internal.compiler.util.Messages.initializeMessages;220;isAccessible=false;
Field.get*;<org.eclipse.jdt.internal.compiler.util.Messages: java.lang.String compilation_processing>;org.eclipse.jdt.internal.compiler.util.Messages.initializeMessages;220;isAccessible=false;
Field.get*;<org.eclipse.jdt.internal.compiler.util.Messages: java.lang.String compilation_request>;org.eclipse.jdt.internal.compiler.util.Messages.initializeMessages;220;isAccessible=false;
Field.get*;<org.eclipse.jdt.internal.compiler.util.Messages: java.lang.String compilation_unit>;org.eclipse.jdt.internal.compiler.util.Messages.initializeMessages;220;isAccessible=false;
Field.get*;<org.eclipse.jdt.internal.compiler.util.Messages: java.lang.String compilation_units>;org.eclipse.jdt.internal.compiler.util.Messages.initializeMessages;220;isAccessible=false;
Field.get*;<org.eclipse.jdt.internal.compiler.util.Messages: java.lang.String compilation_unresolvedProblem>;org.eclipse.jdt.internal.compiler.util.Messages.initializeMessages;220;isAccessible=false;
Field.get*;<org.eclipse.jdt.internal.compiler.util.Messages: java.lang.String compilation_unresolvedProblems>;org.eclipse.jdt.internal.compiler.util.Messages.initializeMessages;220;isAccessible=false;
Field.get*;<org.eclipse.jdt.internal.compiler.util.Messages: java.lang.String compilation_write>;org.eclipse.jdt.internal.compiler.util.Messages.initializeMessages;220;isAccessible=false;
Field.get*;<org.eclipse.jdt.internal.compiler.util.Messages: java.lang.String constant_cannotCastedInto>;org.eclipse.jdt.internal.compiler.util.Messages.initializeMessages;220;isAccessible=false;
Field.get*;<org.eclipse.jdt.internal.compiler.util.Messages: java.lang.String constant_cannotConvertedTo>;org.eclipse.jdt.internal.compiler.util.Messages.initializeMessages;220;isAccessible=false;
Field.get*;<org.eclipse.jdt.internal.compiler.util.Messages: java.lang.String output_isFile>;org.eclipse.jdt.internal.compiler.util.Messages.initializeMessages;220;isAccessible=false;
Field.get*;<org.eclipse.jdt.internal.compiler.util.Messages: java.lang.String output_notValid>;org.eclipse.jdt.internal.compiler.util.Messages.initializeMessages;220;isAccessible=false;
Field.get*;<org.eclipse.jdt.internal.compiler.util.Messages: java.lang.String output_notValidAll>;org.eclipse.jdt.internal.compiler.util.Messages.initializeMessages;220;isAccessible=false;
Field.get*;<org.eclipse.jdt.internal.compiler.util.Messages: java.lang.String parser_corruptedFile>;org.eclipse.jdt.internal.compiler.util.Messages.initializeMessages;220;isAccessible=false;
Field.get*;<org.eclipse.jdt.internal.compiler.util.Messages: java.lang.String parser_endOfConstructor>;org.eclipse.jdt.internal.compiler.util.Messages.initializeMessages;220;isAccessible=false;
Field.get*;<org.eclipse.jdt.internal.compiler.util.Messages: java.lang.String parser_endOfFile>;org.eclipse.jdt.internal.compiler.util.Messages.initializeMessages;220;isAccessible=false;
Field.get*;<org.eclipse.jdt.internal.compiler.util.Messages: java.lang.String parser_endOfInitializer>;org.eclipse.jdt.internal.compiler.util.Messages.initializeMessages;220;isAccessible=false;
Field.get*;<org.eclipse.jdt.internal.compiler.util.Messages: java.lang.String parser_endOfMethod>;org.eclipse.jdt.internal.compiler.util.Messages.initializeMessages;220;isAccessible=false;
Field.get*;<org.eclipse.jdt.internal.compiler.util.Messages: java.lang.String parser_incorrectPath>;org.eclipse.jdt.internal.compiler.util.Messages.initializeMessages;220;isAccessible=false;
Field.get*;<org.eclipse.jdt.internal.compiler.util.Messages: java.lang.String parser_missingFile>;org.eclipse.jdt.internal.compiler.util.Messages.initializeMessages;220;isAccessible=false;
Field.get*;<org.eclipse.jdt.internal.compiler.util.Messages: java.lang.String parser_moveFiles>;org.eclipse.jdt.internal.compiler.util.Messages.initializeMessages;220;isAccessible=false;
Field.get*;<org.eclipse.jdt.internal.compiler.util.Messages: java.lang.String parser_regularParse>;org.eclipse.jdt.internal.compiler.util.Messages.initializeMessages;220;isAccessible=false;
Field.get*;<org.eclipse.jdt.internal.compiler.util.Messages: java.lang.String parser_syntaxRecovery>;org.eclipse.jdt.internal.compiler.util.Messages.initializeMessages;220;isAccessible=false;
Field.get*;<org.eclipse.jdt.internal.compiler.util.Messages: java.lang.String pattern_matching_instanceof>;org.eclipse.jdt.internal.compiler.util.Messages.initializeMessages;220;isAccessible=false;
Field.get*;<org.eclipse.jdt.internal.compiler.util.Messages: java.lang.String pattern_matching_switch>;org.eclipse.jdt.internal.compiler.util.Messages.initializeMessages;220;isAccessible=false;
Field.get*;<org.eclipse.jdt.internal.compiler.util.Messages: java.lang.String problem_atLine>;org.eclipse.jdt.internal.compiler.util.Messages.initializeMessages;220;isAccessible=false;
Field.get*;<org.eclipse.jdt.internal.compiler.util.Messages: java.lang.String problem_noSourceInformation>;org.eclipse.jdt.internal.compiler.util.Messages.initializeMessages;220;isAccessible=false;
Field.get*;<org.eclipse.jdt.internal.compiler.util.Messages: java.lang.String record_patterns>;org.eclipse.jdt.internal.compiler.util.Messages.initializeMessages;220;isAccessible=false;
Field.get*;<org.eclipse.jdt.internal.compiler.util.Messages: java.lang.String records>;org.eclipse.jdt.internal.compiler.util.Messages.initializeMessages;220;isAccessible=false;
Field.get*;<org.eclipse.jdt.internal.compiler.util.Messages: java.lang.String sealed_types>;org.eclipse.jdt.internal.compiler.util.Messages.initializeMessages;220;isAccessible=false;
Field.get*;<org.eclipse.jdt.internal.compiler.util.Messages: java.lang.String switch_expression>;org.eclipse.jdt.internal.compiler.util.Messages.initializeMessages;220;isAccessible=false;
Field.get*;<org.eclipse.jdt.internal.compiler.util.Messages: java.lang.String text_block>;org.eclipse.jdt.internal.compiler.util.Messages.initializeMessages;220;isAccessible=false;
Field.get*;<sun.misc.Unsafe: sun.misc.Unsafe theUnsafe>;org.dacapo.harness.Tomcat.prepare;93;isAccessible=true;
Field.set*;<org.eclipse.jdt.internal.compiler.util.Messages: java.lang.String abort_againstSourceModel>;org.eclipse.jdt.internal.compiler.util.Messages$MessagesProperties.put;61;isAccessible=false;
Field.set*;<org.eclipse.jdt.internal.compiler.util.Messages: java.lang.String abort_externaAnnotationFile>;org.eclipse.jdt.internal.compiler.util.Messages$MessagesProperties.put;61;isAccessible=false;
Field.set*;<org.eclipse.jdt.internal.compiler.util.Messages: java.lang.String abort_invalidAttribute>;org.eclipse.jdt.internal.compiler.util.Messages$MessagesProperties.put;61;isAccessible=false;
Field.set*;<org.eclipse.jdt.internal.compiler.util.Messages: java.lang.String abort_invalidExceptionAttribute>;org.eclipse.jdt.internal.compiler.util.Messages$MessagesProperties.put;61;isAccessible=false;
Field.set*;<org.eclipse.jdt.internal.compiler.util.Messages: java.lang.String abort_invalidOpcode>;org.eclipse.jdt.internal.compiler.util.Messages$MessagesProperties.put;61;isAccessible=false;
Field.set*;<org.eclipse.jdt.internal.compiler.util.Messages: java.lang.String abort_missingCode>;org.eclipse.jdt.internal.compiler.util.Messages$MessagesProperties.put;61;isAccessible=false;
Field.set*;<org.eclipse.jdt.internal.compiler.util.Messages: java.lang.String accept_cannot>;org.eclipse.jdt.internal.compiler.util.Messages$MessagesProperties.put;61;isAccessible=false;
Field.set*;<org.eclipse.jdt.internal.compiler.util.Messages: java.lang.String ast_missingCode>;org.eclipse.jdt.internal.compiler.util.Messages$MessagesProperties.put;61;isAccessible=false;
Field.set*;<org.eclipse.jdt.internal.compiler.util.Messages: java.lang.String compilation_beginningToCompile>;org.eclipse.jdt.internal.compiler.util.Messages$MessagesProperties.put;61;isAccessible=false;
Field.set*;<org.eclipse.jdt.internal.compiler.util.Messages: java.lang.String compilation_done>;org.eclipse.jdt.internal.compiler.util.Messages$MessagesProperties.put;61;isAccessible=false;
Field.set*;<org.eclipse.jdt.internal.compiler.util.Messages: java.lang.String compilation_internalError>;org.eclipse.jdt.internal.compiler.util.Messages$MessagesProperties.put;61;isAccessible=false;
Field.set*;<org.eclipse.jdt.internal.compiler.util.Messages: java.lang.String compilation_loadBinary>;org.eclipse.jdt.internal.compiler.util.Messages$MessagesProperties.put;61;isAccessible=false;
Field.set*;<org.eclipse.jdt.internal.compiler.util.Messages: java.lang.String compilation_process>;org.eclipse.jdt.internal.compiler.util.Messages$MessagesProperties.put;61;isAccessible=false;
Field.set*;<org.eclipse.jdt.internal.compiler.util.Messages: java.lang.String compilation_processing>;org.eclipse.jdt.internal.compiler.util.Messages$MessagesProperties.put;61;isAccessible=false;
Field.set*;<org.eclipse.jdt.internal.compiler.util.Messages: java.lang.String compilation_request>;org.eclipse.jdt.internal.compiler.util.Messages$MessagesProperties.put;61;isAccessible=false;
Field.set*;<org.eclipse.jdt.internal.compiler.util.Messages: java.lang.String compilation_unit>;org.eclipse.jdt.internal.compiler.util.Messages$MessagesProperties.put;61;isAccessible=false;
Field.set*;<org.eclipse.jdt.internal.compiler.util.Messages: java.lang.String compilation_units>;org.eclipse.jdt.internal.compiler.util.Messages$MessagesProperties.put;61;isAccessible=false;
Field.set*;<org.eclipse.jdt.internal.compiler.util.Messages: java.lang.String compilation_unresolvedProblem>;org.eclipse.jdt.internal.compiler.util.Messages$MessagesProperties.put;61;isAccessible=false;
Field.set*;<org.eclipse.jdt.internal.compiler.util.Messages: java.lang.String compilation_unresolvedProblems>;org.eclipse.jdt.internal.compiler.util.Messages$MessagesProperties.put;61;isAccessible=false;
Field.set*;<org.eclipse.jdt.internal.compiler.util.Messages: java.lang.String compilation_write>;org.eclipse.jdt.internal.compiler.util.Messages$MessagesProperties.put;61;isAccessible=false;
Field.set*;<org.eclipse.jdt.internal.compiler.util.Messages: java.lang.String constant_cannotCastedInto>;org.eclipse.jdt.internal.compiler.util.Messages$MessagesProperties.put;61;isAccessible=false;
Field.set*;<org.eclipse.jdt.internal.compiler.util.Messages: java.lang.String constant_cannotConvertedTo>;org.eclipse.jdt.internal.compiler.util.Messages$MessagesProperties.put;61;isAccessible=false;
Field.set*;<org.eclipse.jdt.internal.compiler.util.Messages: java.lang.String output_isFile>;org.eclipse.jdt.internal.compiler.util.Messages$MessagesProperties.put;61;isAccessible=false;
Field.set*;<org.eclipse.jdt.internal.compiler.util.Messages: java.lang.String output_notValid>;org.eclipse.jdt.internal.compiler.util.Messages$MessagesProperties.put;61;isAccessible=false;
Field.set*;<org.eclipse.jdt.internal.compiler.util.Messages: java.lang.String output_notValidAll>;org.eclipse.jdt.internal.compiler.util.Messages$MessagesProperties.put;61;isAccessible=false;
Field.set*;<org.eclipse.jdt.internal.compiler.util.Messages: java.lang.String parser_corruptedFile>;org.eclipse.jdt.internal.compiler.util.Messages$MessagesProperties.put;61;isAccessible=false;
Field.set*;<org.eclipse.jdt.internal.compiler.util.Messages: java.lang.String parser_endOfConstructor>;org.eclipse.jdt.internal.compiler.util.Messages$MessagesProperties.put;61;isAccessible=false;
Field.set*;<org.eclipse.jdt.internal.compiler.util.Messages: java.lang.String parser_endOfFile>;org.eclipse.jdt.internal.compiler.util.Messages$MessagesProperties.put;61;isAccessible=false;
Field.set*;<org.eclipse.jdt.internal.compiler.util.Messages: java.lang.String parser_endOfInitializer>;org.eclipse.jdt.internal.compiler.util.Messages$MessagesProperties.put;61;isAccessible=false;
Field.set*;<org.eclipse.jdt.internal.compiler.util.Messages: java.lang.String parser_endOfMethod>;org.eclipse.jdt.internal.compiler.util.Messages$MessagesProperties.put;61;isAccessible=false;
Field.set*;<org.eclipse.jdt.internal.compiler.util.Messages: java.lang.String parser_incorrectPath>;org.eclipse.jdt.internal.compiler.util.Messages$MessagesProperties.put;61;isAccessible=false;
Field.set*;<org.eclipse.jdt.internal.compiler.util.Messages: java.lang.String parser_missingFile>;org.eclipse.jdt.internal.compiler.util.Messages$MessagesProperties.put;61;isAccessible=false;
Field.set*;<org.eclipse.jdt.internal.compiler.util.Messages: java.lang.String parser_moveFiles>;org.eclipse.jdt.internal.compiler.util.Messages$MessagesProperties.put;61;isAccessible=false;
Field.set*;<org.eclipse.jdt.internal.compiler.util.Messages: java.lang.String parser_regularParse>;org.eclipse.jdt.internal.compiler.util.Messages$MessagesProperties.put;61;isAccessible=false;
Field.set*;<org.eclipse.jdt.internal.compiler.util.Messages: java.lang.String parser_syntaxRecovery>;org.eclipse.jdt.internal.compiler.util.Messages$MessagesProperties.put;61;isAccessible=false;
Field.set*;<org.eclipse.jdt.internal.compiler.util.Messages: java.lang.String pattern_matching_instanceof>;org.eclipse.jdt.internal.compiler.util.Messages$MessagesProperties.put;61;isAccessible=false;
Field.set*;<org.eclipse.jdt.internal.compiler.util.Messages: java.lang.String pattern_matching_switch>;org.eclipse.jdt.internal.compiler.util.Messages$MessagesProperties.put;61;isAccessible=false;
Field.set*;<org.eclipse.jdt.internal.compiler.util.Messages: java.lang.String problem_atLine>;org.eclipse.jdt.internal.compiler.util.Messages$MessagesProperties.put;61;isAccessible=false;
Field.set*;<org.eclipse.jdt.internal.compiler.util.Messages: java.lang.String problem_noSourceInformation>;org.eclipse.jdt.internal.compiler.util.Messages$MessagesProperties.put;61;isAccessible=false;
Field.set*;<org.eclipse.jdt.internal.compiler.util.Messages: java.lang.String record_patterns>;org.eclipse.jdt.internal.compiler.util.Messages$MessagesProperties.put;61;isAccessible=false;
Field.set*;<org.eclipse.jdt.internal.compiler.util.Messages: java.lang.String records>;org.eclipse.jdt.internal.compiler.util.Messages$MessagesProperties.put;61;isAccessible=false;
Field.set*;<org.eclipse.jdt.internal.compiler.util.Messages: java.lang.String sealed_types>;org.eclipse.jdt.internal.compiler.util.Messages$MessagesProperties.put;61;isAccessible=false;
Field.set*;<org.eclipse.jdt.internal.compiler.util.Messages: java.lang.String switch_expression>;org.eclipse.jdt.internal.compiler.util.Messages$MessagesProperties.put;61;isAccessible=false;
Field.set*;<org.eclipse.jdt.internal.compiler.util.Messages: java.lang.String text_block>;org.eclipse.jdt.internal.compiler.util.Messages$MessagesProperties.put;61;isAccessible=false;
Method.invoke;<jakarta.servlet.DispatcherType: jakarta.servlet.DispatcherType[] values()>;java.lang.Class.getEnumConstantsShared;;isAccessible=true;
Method.invoke;<jakarta.servlet.SessionTrackingMode: jakarta.servlet.SessionTrackingMode[] values()>;java.lang.Class.getEnumConstantsShared;;isAccessible=true;
Method.invoke;<java.lang.Thread: java.lang.ClassLoader getContextClassLoader()>;org.apache.commons.logging.impl.SimpleLog.getContextClassLoader;592;isAccessible=false;
Method.invoke;<java.lang.ThreadLocal$ThreadLocalMap: void expungeStaleEntries()>;org.apache.catalina.loader.WebappClassLoaderBase.checkThreadLocalsForLeaks;2014;isAccessible=true;
Method.invoke;<java.lang.annotation.RetentionPolicy: java.lang.annotation.RetentionPolicy[] values()>;java.lang.Class.getEnumConstantsShared;;isAccessible=true;
Method.invoke;<java.net.Socket: void bind(java.net.SocketAddress)>;org.apache.commons.httpclient.protocol.ReflectionSocketFactory.createSocket;;isAccessible=false;
Method.invoke;<java.net.Socket: void connect(java.net.SocketAddress,int)>;org.apache.commons.httpclient.protocol.ReflectionSocketFactory.createSocket;;isAccessible=false;
Method.invoke;<java.nio.file.FileVisitOption: java.nio.file.FileVisitOption[] values()>;java.lang.Class.getEnumConstantsShared;;isAccessible=true;
Method.invoke;<java.nio.file.attribute.PosixFilePermission: java.nio.file.attribute.PosixFilePermission[] values()>;java.lang.Class.getEnumConstantsShared;;isAccessible=true;
Method.invoke;<java.util.ArrayList: boolean add(java.lang.Object)>;org.apache.tomcat.util.IntrospectionUtils.callMethod1;476;isAccessible=false;
Method.invoke;<java.util.logging.LogManager: java.util.logging.LoggingMXBean getLoggingMXBean()>;sun.management.ManagementFactoryHelper$LoggingMXBeanAccess.getMXBeanImplementation;243;isAccessible=false;
Method.invoke;<javax.net.DefaultSocketFactory: java.net.Socket createSocket()>;org.apache.commons.httpclient.protocol.ReflectionSocketFactory.createSocket;;isAccessible=false;
Method.invoke;<javax.net.SocketFactory: javax.net.SocketFactory getDefault()>;org.apache.commons.httpclient.protocol.ReflectionSocketFactory.createSocket;;isAccessible=false;
Method.invoke;<jsp2.examples.BookBean: java.lang.String getAuthor()>;jakarta.el.BeanELResolver.getValue;101;isAccessible=false;
Method.invoke;<jsp2.examples.BookBean: java.lang.String getIsbn()>;jakarta.el.BeanELResolver.getValue;101;isAccessible=false;
Method.invoke;<jsp2.examples.BookBean: java.lang.String getTitle()>;jakarta.el.BeanELResolver.getValue;101;isAccessible=false;
Method.invoke;<jsp2.examples.FooBean: java.lang.String getBar()>;jakarta.el.BeanELResolver.getValue;101;isAccessible=false;
Method.invoke;<jsp2.examples.FooBean: void setBar(java.lang.String)>;org.apache.jasper.runtime.JspRuntimeLibrary.introspecthelper;369;isAccessible=false;
Method.invoke;<jsp2.examples.el.Functions: int numVowels(java.lang.String)>;org.apache.el.parser.AstFunction.getValue;187;isAccessible=false;
Method.invoke;<jsp2.examples.el.Functions: java.lang.String caps(java.lang.String)>;org.apache.el.parser.AstFunction.getValue;187;isAccessible=false;
Method.invoke;<jsp2.examples.el.Functions: java.lang.String reverse(java.lang.String)>;org.apache.el.parser.AstFunction.getValue;187;isAccessible=false;
Method.invoke;<num.NumberGuessBean: void setGuess(java.lang.String)>;org.apache.jasper.runtime.JspRuntimeLibrary.introspecthelper;369;isAccessible=false;
Method.invoke;<org.apache.catalina.connector.Connector: boolean setProperty(java.lang.String,java.lang.String)>;org.apache.tomcat.util.IntrospectionUtils.setProperty;179;isAccessible=false;
Method.invoke;<org.apache.catalina.connector.Connector: void setMaxParameterCount(int)>;org.apache.tomcat.util.IntrospectionUtils.setProperty;152;isAccessible=false;
Method.invoke;<org.apache.catalina.connector.Connector: void setPort(int)>;org.apache.tomcat.util.IntrospectionUtils.setProperty;152;isAccessible=false;
Method.invoke;<org.apache.catalina.connector.Connector: void setRedirectPort(int)>;org.apache.tomcat.util.IntrospectionUtils.setProperty;152;isAccessible=false;
Method.invoke;<org.apache.catalina.core.AprLifecycleListener: void setSSLEngine(java.lang.String)>;org.apache.tomcat.util.IntrospectionUtils.setProperty;82;isAccessible=false;
Method.invoke;<org.apache.catalina.core.ContainerBase: void addValve(org.apache.catalina.Valve)>;org.apache.tomcat.util.IntrospectionUtils.callMethod1;476;isAccessible=false;
Method.invoke;<org.apache.catalina.core.ContainerBase: void setName(java.lang.String)>;org.apache.tomcat.util.IntrospectionUtils.setProperty;82;isAccessible=false;
Method.invoke;<org.apache.catalina.core.ContainerBase: void setRealm(org.apache.catalina.Realm)>;org.apache.tomcat.util.IntrospectionUtils.callMethod1;476;isAccessible=false;
Method.invoke;<org.apache.catalina.core.StandardContext: void addWatchedResource(java.lang.String)>;org.apache.tomcat.util.IntrospectionUtils.callMethodN;495;isAccessible=false;
Method.invoke;<org.apache.catalina.core.StandardContext: void setAntiResourceLocking(boolean)>;org.apache.tomcat.util.IntrospectionUtils.setProperty;152;isAccessible=false;
Method.invoke;<org.apache.catalina.core.StandardContext: void setCookieProcessor(org.apache.tomcat.util.http.CookieProcessor)>;org.apache.tomcat.util.IntrospectionUtils.callMethod1;476;isAccessible=false;
Method.invoke;<org.apache.catalina.core.StandardContext: void setManager(org.apache.catalina.Manager)>;org.apache.tomcat.util.IntrospectionUtils.callMethod1;476;isAccessible=false;
Method.invoke;<org.apache.catalina.core.StandardContext: void setPrivileged(boolean)>;org.apache.tomcat.util.IntrospectionUtils.setProperty;152;isAccessible=false;
Method.invoke;<org.apache.catalina.core.StandardEngine: java.lang.ClassLoader getParentClassLoader()>;org.apache.catalina.startup.CopyParentClassLoaderRule.begin;70;isAccessible=false;
Method.invoke;<org.apache.catalina.core.StandardEngine: void addChild(org.apache.catalina.Container)>;org.apache.tomcat.util.IntrospectionUtils.callMethod1;476;isAccessible=false;
Method.invoke;<org.apache.catalina.core.StandardEngine: void setDefaultHost(java.lang.String)>;org.apache.tomcat.util.IntrospectionUtils.setProperty;82;isAccessible=false;
Method.invoke;<org.apache.catalina.core.StandardHost: void setAppBase(java.lang.String)>;org.apache.tomcat.util.IntrospectionUtils.setProperty;82;isAccessible=false;
Method.invoke;<org.apache.catalina.core.StandardHost: void setAutoDeploy(boolean)>;org.apache.tomcat.util.IntrospectionUtils.setProperty;152;isAccessible=false;
Method.invoke;<org.apache.catalina.core.StandardHost: void setName(java.lang.String)>;org.apache.tomcat.util.IntrospectionUtils.setProperty;82;isAccessible=false;
Method.invoke;<org.apache.catalina.core.StandardHost: void setUnpackWARs(boolean)>;org.apache.tomcat.util.IntrospectionUtils.setProperty;152;isAccessible=false;
Method.invoke;<org.apache.catalina.core.StandardServer: void addService(org.apache.catalina.Service)>;org.apache.tomcat.util.IntrospectionUtils.callMethod1;476;isAccessible=false;
Method.invoke;<org.apache.catalina.core.StandardServer: void setGlobalNamingResources(org.apache.catalina.deploy.NamingResourcesImpl)>;org.apache.tomcat.util.IntrospectionUtils.callMethod1;476;isAccessible=false;
Method.invoke;<org.apache.catalina.core.StandardServer: void setPort(int)>;org.apache.tomcat.util.IntrospectionUtils.setProperty;152;isAccessible=false;
Method.invoke;<org.apache.catalina.core.StandardServer: void setShutdown(java.lang.String)>;org.apache.tomcat.util.IntrospectionUtils.setProperty;82;isAccessible=false;
Method.invoke;<org.apache.catalina.core.StandardService: void addConnector(org.apache.catalina.connector.Connector)>;org.apache.tomcat.util.IntrospectionUtils.callMethod1;476;isAccessible=false;
Method.invoke;<org.apache.catalina.core.StandardService: void setContainer(org.apache.catalina.Engine)>;org.apache.tomcat.util.IntrospectionUtils.callMethod1;476;isAccessible=false;
Method.invoke;<org.apache.catalina.core.StandardService: void setName(java.lang.String)>;org.apache.tomcat.util.IntrospectionUtils.setProperty;82;isAccessible=false;
Method.invoke;<org.apache.catalina.deploy.NamingResourcesImpl: void addResource(org.apache.tomcat.util.descriptor.web.ContextResource)>;org.apache.tomcat.util.IntrospectionUtils.callMethod1;476;isAccessible=false;
Method.invoke;<org.apache.catalina.filters.CsrfPreventionFilter: void setEntryPoints(java.lang.String)>;org.apache.tomcat.util.IntrospectionUtils.setProperty;82;isAccessible=false;
Method.invoke;<org.apache.catalina.filters.HttpHeaderSecurityFilter: void setHstsEnabled(boolean)>;org.apache.tomcat.util.IntrospectionUtils.setProperty;152;isAccessible=false;
Method.invoke;<org.apache.catalina.loader.JdbcLeakPrevention: java.util.List clearJdbcDriverRegistrations()>;org.apache.catalina.loader.WebappClassLoaderBase.clearReferencesJdbc;1770;isAccessible=false;
Method.invoke;<org.apache.catalina.realm.CombinedRealm: void addRealm(org.apache.catalina.Realm)>;org.apache.tomcat.util.IntrospectionUtils.callMethod1;476;isAccessible=false;
Method.invoke;<org.apache.catalina.realm.UserDatabaseRealm: void setResourceName(java.lang.String)>;org.apache.tomcat.util.IntrospectionUtils.setProperty;82;isAccessible=false;
Method.invoke;<org.apache.catalina.session.ManagerBase: void setSessionAttributeValueClassNameFilter(java.lang.String)>;org.apache.tomcat.util.IntrospectionUtils.setProperty;82;isAccessible=false;
Method.invoke;<org.apache.catalina.startup.Catalina: void load(java.lang.String[])>;org.apache.catalina.startup.Bootstrap.load;307;isAccessible=false;
Method.invoke;<org.apache.catalina.startup.Catalina: void setParentClassLoader(java.lang.ClassLoader)>;org.apache.catalina.startup.Bootstrap.init;278;isAccessible=false;
Method.invoke;<org.apache.catalina.startup.Catalina: void setServer(org.apache.catalina.Server)>;org.apache.tomcat.util.IntrospectionUtils.callMethod1;476;isAccessible=false;
Method.invoke;<org.apache.catalina.startup.Catalina: void start()>;org.apache.catalina.startup.Bootstrap.start;347;isAccessible=false;
Method.invoke;<org.apache.catalina.startup.Catalina: void stop()>;org.apache.catalina.startup.Bootstrap.stop;357;isAccessible=false;
Method.invoke;<org.apache.catalina.util.LifecycleBase: void addLifecycleListener(org.apache.catalina.LifecycleListener)>;org.apache.tomcat.util.IntrospectionUtils.callMethod1;476;isAccessible=false;
Method.invoke;<org.apache.catalina.valves.AbstractAccessLogValve: void setPattern(java.lang.String)>;org.apache.tomcat.util.IntrospectionUtils.setProperty;82;isAccessible=false;
Method.invoke;<org.apache.catalina.valves.AccessLogValve: void setDirectory(java.lang.String)>;org.apache.tomcat.util.IntrospectionUtils.setProperty;82;isAccessible=false;
Method.invoke;<org.apache.catalina.valves.AccessLogValve: void setPrefix(java.lang.String)>;org.apache.tomcat.util.IntrospectionUtils.setProperty;82;isAccessible=false;
Method.invoke;<org.apache.catalina.valves.AccessLogValve: void setSuffix(java.lang.String)>;org.apache.tomcat.util.IntrospectionUtils.setProperty;82;isAccessible=false;
Method.invoke;<org.apache.catalina.valves.RequestFilterValve: void setAllow(java.lang.String)>;org.apache.tomcat.util.IntrospectionUtils.setProperty;82;isAccessible=false;
Method.invoke;<org.apache.coyote.AbstractProtocol: java.net.InetAddress getAddress()>;org.apache.tomcat.util.IntrospectionUtils.getProperty;250;isAccessible=false;
Method.invoke;<org.apache.coyote.AbstractProtocol: void setConnectionTimeout(int)>;org.apache.tomcat.util.IntrospectionUtils.setProperty;152;isAccessible=false;
Method.invoke;<org.apache.coyote.AbstractProtocol: void setPort(int)>;org.apache.tomcat.util.IntrospectionUtils.setProperty;152;isAccessible=false;
Method.invoke;<org.apache.coyote.AbstractProtocol: void setPortOffset(int)>;org.apache.tomcat.util.IntrospectionUtils.setProperty;152;isAccessible=false;
Method.invoke;<org.apache.coyote.http11.AbstractHttp11Protocol: boolean isSSLEnabled()>;org.apache.tomcat.util.IntrospectionUtils.getProperty;253;isAccessible=false;
Method.invoke;<org.apache.taglibs.standard.functions.Functions: java.lang.String escapeXml(java.lang.String)>;org.apache.el.parser.AstFunction.getValue;187;isAccessible=false;
Method.invoke;<org.apache.tomcat.util.descriptor.tld.TagXml: void setBodyContent(java.lang.String)>;org.apache.tomcat.util.IntrospectionUtils.callMethodN;495;isAccessible=false;
Method.invoke;<org.apache.tomcat.util.descriptor.tld.TagXml: void setDynamicAttributes(boolean)>;org.apache.tomcat.util.descriptor.tld.TldRuleSet$GenericBooleanRule.body;399;isAccessible=false;
Method.invoke;<org.apache.tomcat.util.descriptor.tld.TagXml: void setInfo(java.lang.String)>;org.apache.tomcat.util.IntrospectionUtils.callMethodN;495;isAccessible=false;
Method.invoke;<org.apache.tomcat.util.descriptor.tld.TagXml: void setName(java.lang.String)>;org.apache.tomcat.util.IntrospectionUtils.callMethodN;495;isAccessible=false;
Method.invoke;<org.apache.tomcat.util.descriptor.tld.TagXml: void setTagClass(java.lang.String)>;org.apache.tomcat.util.IntrospectionUtils.callMethodN;495;isAccessible=false;
Method.invoke;<org.apache.tomcat.util.descriptor.tld.TagXml: void setTeiClass(java.lang.String)>;org.apache.tomcat.util.IntrospectionUtils.callMethodN;495;isAccessible=false;
Method.invoke;<org.apache.tomcat.util.descriptor.tld.TaglibXml: void addFunction(java.lang.String,java.lang.String,java.lang.String)>;org.apache.tomcat.util.IntrospectionUtils.callMethodN;495;isAccessible=false;
Method.invoke;<org.apache.tomcat.util.descriptor.tld.TaglibXml: void addTag(org.apache.tomcat.util.descriptor.tld.TagXml)>;org.apache.tomcat.util.IntrospectionUtils.callMethod1;476;isAccessible=false;
Method.invoke;<org.apache.tomcat.util.descriptor.tld.TaglibXml: void setInfo(java.lang.String)>;org.apache.tomcat.util.IntrospectionUtils.callMethodN;495;isAccessible=false;
Method.invoke;<org.apache.tomcat.util.descriptor.tld.TaglibXml: void setJspVersion(java.lang.String)>;org.apache.tomcat.util.IntrospectionUtils.callMethodN;495;isAccessible=false;
Method.invoke;<org.apache.tomcat.util.descriptor.tld.TaglibXml: void setShortName(java.lang.String)>;org.apache.tomcat.util.IntrospectionUtils.callMethodN;495;isAccessible=false;
Method.invoke;<org.apache.tomcat.util.descriptor.tld.TaglibXml: void setTlibVersion(java.lang.String)>;org.apache.tomcat.util.IntrospectionUtils.callMethodN;495;isAccessible=false;
Method.invoke;<org.apache.tomcat.util.descriptor.tld.TaglibXml: void setUri(java.lang.String)>;org.apache.tomcat.util.IntrospectionUtils.callMethodN;495;isAccessible=false;
Method.invoke;<org.apache.tomcat.util.descriptor.tld.TaglibXml: void setValidator(org.apache.tomcat.util.descriptor.tld.ValidatorXml)>;org.apache.tomcat.util.IntrospectionUtils.callMethod1;476;isAccessible=false;
Method.invoke;<org.apache.tomcat.util.descriptor.tld.TldRuleSet$Attribute: void setDeferredValue()>;org.apache.tomcat.util.IntrospectionUtils.callMethodN;495;isAccessible=false;
Method.invoke;<org.apache.tomcat.util.descriptor.tld.TldRuleSet$Attribute: void setDescription(java.lang.String)>;org.apache.tomcat.util.IntrospectionUtils.callMethodN;495;isAccessible=false;
Method.invoke;<org.apache.tomcat.util.descriptor.tld.TldRuleSet$Attribute: void setExpectedTypeName(java.lang.String)>;org.apache.tomcat.util.IntrospectionUtils.callMethodN;495;isAccessible=false;
Method.invoke;<org.apache.tomcat.util.descriptor.tld.TldRuleSet$Attribute: void setFragment(boolean)>;org.apache.tomcat.util.descriptor.tld.TldRuleSet$GenericBooleanRule.body;399;isAccessible=false;
Method.invoke;<org.apache.tomcat.util.descriptor.tld.TldRuleSet$Attribute: void setName(java.lang.String)>;org.apache.tomcat.util.IntrospectionUtils.callMethodN;495;isAccessible=false;
Method.invoke;<org.apache.tomcat.util.descriptor.tld.TldRuleSet$Attribute: void setRequestTime(boolean)>;org.apache.tomcat.util.descriptor.tld.TldRuleSet$GenericBooleanRule.body;399;isAccessible=false;
Method.invoke;<org.apache.tomcat.util.descriptor.tld.TldRuleSet$Attribute: void setRequired(boolean)>;org.apache.tomcat.util.descriptor.tld.TldRuleSet$GenericBooleanRule.body;399;isAccessible=false;
Method.invoke;<org.apache.tomcat.util.descriptor.tld.TldRuleSet$Attribute: void setType(java.lang.String)>;org.apache.tomcat.util.IntrospectionUtils.callMethodN;495;isAccessible=false;
Method.invoke;<org.apache.tomcat.util.descriptor.tld.TldRuleSet$Variable: void setNameGiven(java.lang.String)>;org.apache.tomcat.util.IntrospectionUtils.callMethodN;495;isAccessible=false;
Method.invoke;<org.apache.tomcat.util.descriptor.tld.ValidatorXml: void addInitParam(java.lang.String,java.lang.String)>;org.apache.tomcat.util.IntrospectionUtils.callMethodN;495;isAccessible=false;
Method.invoke;<org.apache.tomcat.util.descriptor.tld.ValidatorXml: void setValidatorClass(java.lang.String)>;org.apache.tomcat.util.IntrospectionUtils.callMethodN;495;isAccessible=false;
Method.invoke;<org.apache.tomcat.util.descriptor.web.ContextEnvironment: void setValue(java.lang.String)>;org.apache.tomcat.util.IntrospectionUtils.callMethodN;495;isAccessible=false;
Method.invoke;<org.apache.tomcat.util.descriptor.web.ContextResource: void setAuth(java.lang.String)>;org.apache.tomcat.util.IntrospectionUtils.setProperty;82;isAccessible=false;
Method.invoke;<org.apache.tomcat.util.descriptor.web.ErrorPage: void setErrorCode(java.lang.String)>;org.apache.tomcat.util.IntrospectionUtils.callMethodN;495;isAccessible=false;
Method.invoke;<org.apache.tomcat.util.descriptor.web.ErrorPage: void setLocation(java.lang.String)>;org.apache.tomcat.util.IntrospectionUtils.callMethodN;495;isAccessible=false;
Method.invoke;<org.apache.tomcat.util.descriptor.web.FilterDef: void addInitParameter(java.lang.String,java.lang.String)>;org.apache.tomcat.util.IntrospectionUtils.callMethodN;495;isAccessible=false;
Method.invoke;<org.apache.tomcat.util.descriptor.web.FilterDef: void setAsyncSupported(java.lang.String)>;org.apache.tomcat.util.IntrospectionUtils.callMethodN;495;isAccessible=false;
Method.invoke;<org.apache.tomcat.util.descriptor.web.FilterDef: void setFilterClass(java.lang.String)>;org.apache.tomcat.util.IntrospectionUtils.callMethodN;495;isAccessible=false;
Method.invoke;<org.apache.tomcat.util.descriptor.web.FilterDef: void setFilterName(java.lang.String)>;org.apache.tomcat.util.IntrospectionUtils.callMethodN;495;isAccessible=false;
Method.invoke;<org.apache.tomcat.util.descriptor.web.FilterMap: void addServletName(java.lang.String)>;org.apache.tomcat.util.IntrospectionUtils.callMethodN;495;isAccessible=false;
Method.invoke;<org.apache.tomcat.util.descriptor.web.FilterMap: void addURLPattern(java.lang.String)>;org.apache.tomcat.util.IntrospectionUtils.callMethodN;495;isAccessible=false;
Method.invoke;<org.apache.tomcat.util.descriptor.web.FilterMap: void setFilterName(java.lang.String)>;org.apache.tomcat.util.IntrospectionUtils.callMethodN;495;isAccessible=false;
Method.invoke;<org.apache.tomcat.util.descriptor.web.JspPropertyGroup: void addIncludeCoda(java.lang.String)>;org.apache.tomcat.util.IntrospectionUtils.callMethodN;495;isAccessible=false;
Method.invoke;<org.apache.tomcat.util.descriptor.web.JspPropertyGroup: void addIncludePrelude(java.lang.String)>;org.apache.tomcat.util.IntrospectionUtils.callMethodN;495;isAccessible=false;
Method.invoke;<org.apache.tomcat.util.descriptor.web.JspPropertyGroup: void addUrlPattern(java.lang.String)>;org.apache.tomcat.util.IntrospectionUtils.callMethodN;495;isAccessible=false;
Method.invoke;<org.apache.tomcat.util.descriptor.web.JspPropertyGroup: void setElIgnored(java.lang.String)>;org.apache.tomcat.util.IntrospectionUtils.callMethodN;495;isAccessible=false;
Method.invoke;<org.apache.tomcat.util.descriptor.web.JspPropertyGroup: void setPageEncoding(java.lang.String)>;org.apache.tomcat.util.IntrospectionUtils.callMethodN;495;isAccessible=false;
Method.invoke;<org.apache.tomcat.util.descriptor.web.JspPropertyGroup: void setScriptingInvalid(java.lang.String)>;org.apache.tomcat.util.IntrospectionUtils.callMethodN;495;isAccessible=false;
Method.invoke;<org.apache.tomcat.util.descriptor.web.LoginConfig: void setAuthMethod(java.lang.String)>;org.apache.tomcat.util.IntrospectionUtils.callMethodN;495;isAccessible=false;
Method.invoke;<org.apache.tomcat.util.descriptor.web.LoginConfig: void setErrorPage(java.lang.String)>;org.apache.tomcat.util.IntrospectionUtils.callMethodN;495;isAccessible=false;
Method.invoke;<org.apache.tomcat.util.descriptor.web.LoginConfig: void setLoginPage(java.lang.String)>;org.apache.tomcat.util.IntrospectionUtils.callMethodN;495;isAccessible=false;
Method.invoke;<org.apache.tomcat.util.descriptor.web.LoginConfig: void setRealmName(java.lang.String)>;org.apache.tomcat.util.IntrospectionUtils.callMethodN;495;isAccessible=false;
Method.invoke;<org.apache.tomcat.util.descriptor.web.MultipartDef: void setFileSizeThreshold(java.lang.String)>;org.apache.tomcat.util.IntrospectionUtils.callMethodN;495;isAccessible=false;
Method.invoke;<org.apache.tomcat.util.descriptor.web.MultipartDef: void setMaxFileSize(java.lang.String)>;org.apache.tomcat.util.IntrospectionUtils.callMethodN;495;isAccessible=false;
Method.invoke;<org.apache.tomcat.util.descriptor.web.MultipartDef: void setMaxRequestSize(java.lang.String)>;org.apache.tomcat.util.IntrospectionUtils.callMethodN;495;isAccessible=false;
Method.invoke;<org.apache.tomcat.util.descriptor.web.ResourceBase: void setDescription(java.lang.String)>;org.apache.tomcat.util.IntrospectionUtils.setProperty;82;isAccessible=false;
Method.invoke;<org.apache.tomcat.util.descriptor.web.ResourceBase: void setName(java.lang.String)>;org.apache.tomcat.util.IntrospectionUtils.callMethodN;495;isAccessible=false;
Method.invoke;<org.apache.tomcat.util.descriptor.web.ResourceBase: void setName(java.lang.String)>;org.apache.tomcat.util.IntrospectionUtils.setProperty;82;isAccessible=false;
Method.invoke;<org.apache.tomcat.util.descriptor.web.ResourceBase: void setProperty(java.lang.String,java.lang.Object)>;org.apache.tomcat.util.IntrospectionUtils.setProperty;192;isAccessible=false;
Method.invoke;<org.apache.tomcat.util.descriptor.web.ResourceBase: void setType(java.lang.String)>;org.apache.tomcat.util.IntrospectionUtils.callMethodN;495;isAccessible=false;
Method.invoke;<org.apache.tomcat.util.descriptor.web.ResourceBase: void setType(java.lang.String)>;org.apache.tomcat.util.IntrospectionUtils.setProperty;82;isAccessible=false;
Method.invoke;<org.apache.tomcat.util.descriptor.web.SecurityCollection: void addMethod(java.lang.String)>;org.apache.tomcat.util.IntrospectionUtils.callMethodN;495;isAccessible=false;
Method.invoke;<org.apache.tomcat.util.descriptor.web.SecurityCollection: void addOmittedMethod(java.lang.String)>;org.apache.tomcat.util.IntrospectionUtils.callMethodN;495;isAccessible=false;
Method.invoke;<org.apache.tomcat.util.descriptor.web.SecurityCollection: void addPattern(java.lang.String)>;org.apache.tomcat.util.IntrospectionUtils.callMethodN;495;isAccessible=false;
Method.invoke;<org.apache.tomcat.util.descriptor.web.SecurityCollection: void setName(java.lang.String)>;org.apache.tomcat.util.IntrospectionUtils.callMethodN;495;isAccessible=false;
Method.invoke;<org.apache.tomcat.util.descriptor.web.SecurityConstraint: void addAuthRole(java.lang.String)>;org.apache.tomcat.util.IntrospectionUtils.callMethodN;495;isAccessible=false;
Method.invoke;<org.apache.tomcat.util.descriptor.web.SecurityConstraint: void addCollection(org.apache.tomcat.util.descriptor.web.SecurityCollection)>;org.apache.tomcat.util.IntrospectionUtils.callMethod1;476;isAccessible=false;
Method.invoke;<org.apache.tomcat.util.descriptor.web.SecurityConstraint: void setDisplayName(java.lang.String)>;org.apache.tomcat.util.IntrospectionUtils.callMethodN;495;isAccessible=false;
Method.invoke;<org.apache.tomcat.util.descriptor.web.ServletDef: void addInitParameter(java.lang.String,java.lang.String)>;org.apache.tomcat.util.IntrospectionUtils.callMethodN;495;isAccessible=false;
Method.invoke;<org.apache.tomcat.util.descriptor.web.ServletDef: void setAsyncSupported(java.lang.String)>;org.apache.tomcat.util.IntrospectionUtils.callMethodN;495;isAccessible=false;
Method.invoke;<org.apache.tomcat.util.descriptor.web.ServletDef: void setLoadOnStartup(java.lang.String)>;org.apache.tomcat.util.IntrospectionUtils.callMethodN;495;isAccessible=false;
Method.invoke;<org.apache.tomcat.util.descriptor.web.ServletDef: void setMultipartDef(org.apache.tomcat.util.descriptor.web.MultipartDef)>;org.apache.tomcat.util.IntrospectionUtils.callMethod1;476;isAccessible=false;
Method.invoke;<org.apache.tomcat.util.descriptor.web.ServletDef: void setServletClass(java.lang.String)>;org.apache.tomcat.util.IntrospectionUtils.callMethodN;495;isAccessible=false;
Method.invoke;<org.apache.tomcat.util.descriptor.web.ServletDef: void setServletName(java.lang.String)>;org.apache.tomcat.util.IntrospectionUtils.callMethodN;495;isAccessible=false;
Method.invoke;<org.apache.tomcat.util.descriptor.web.SessionConfig: void setSessionTimeout(java.lang.String)>;org.apache.tomcat.util.IntrospectionUtils.callMethodN;495;isAccessible=false;
Method.invoke;<org.apache.tomcat.util.descriptor.web.WebXml: void addEnvEntry(org.apache.tomcat.util.descriptor.web.ContextEnvironment)>;org.apache.tomcat.util.IntrospectionUtils.callMethod1;476;isAccessible=false;
Method.invoke;<org.apache.tomcat.util.descriptor.web.WebXml: void addErrorPage(org.apache.tomcat.util.descriptor.web.ErrorPage)>;org.apache.tomcat.util.IntrospectionUtils.callMethod1;476;isAccessible=false;
Method.invoke;<org.apache.tomcat.util.descriptor.web.WebXml: void addFilter(org.apache.tomcat.util.descriptor.web.FilterDef)>;org.apache.tomcat.util.IntrospectionUtils.callMethod1;476;isAccessible=false;
Method.invoke;<org.apache.tomcat.util.descriptor.web.WebXml: void addFilterMapping(org.apache.tomcat.util.descriptor.web.FilterMap)>;org.apache.tomcat.util.IntrospectionUtils.callMethod1;476;isAccessible=false;
Method.invoke;<org.apache.tomcat.util.descriptor.web.WebXml: void addJspPropertyGroup(org.apache.tomcat.util.descriptor.web.JspPropertyGroup)>;org.apache.tomcat.util.IntrospectionUtils.callMethod1;476;isAccessible=false;
Method.invoke;<org.apache.tomcat.util.descriptor.web.WebXml: void addListener(java.lang.String)>;org.apache.tomcat.util.IntrospectionUtils.callMethodN;495;isAccessible=false;
Method.invoke;<org.apache.tomcat.util.descriptor.web.WebXml: void addMimeMapping(java.lang.String,java.lang.String)>;org.apache.tomcat.util.IntrospectionUtils.callMethodN;495;isAccessible=false;
Method.invoke;<org.apache.tomcat.util.descriptor.web.WebXml: void addSecurityConstraint(org.apache.tomcat.util.descriptor.web.SecurityConstraint)>;org.apache.tomcat.util.IntrospectionUtils.callMethod1;476;isAccessible=false;
Method.invoke;<org.apache.tomcat.util.descriptor.web.WebXml: void addSecurityRole(java.lang.String)>;org.apache.tomcat.util.IntrospectionUtils.callMethodN;495;isAccessible=false;
Method.invoke;<org.apache.tomcat.util.descriptor.web.WebXml: void addServlet(org.apache.tomcat.util.descriptor.web.ServletDef)>;org.apache.tomcat.util.IntrospectionUtils.callMethod1;476;isAccessible=false;
Method.invoke;<org.apache.tomcat.util.descriptor.web.WebXml: void addServletMapping(java.lang.String,java.lang.String)>;org.apache.tomcat.util.IntrospectionUtils.callMethodN;495;isAccessible=false;
Method.invoke;<org.apache.tomcat.util.descriptor.web.WebXml: void addTaglib(java.lang.String,java.lang.String)>;org.apache.tomcat.util.IntrospectionUtils.callMethodN;495;isAccessible=false;
Method.invoke;<org.apache.tomcat.util.descriptor.web.WebXml: void addWelcomeFile(java.lang.String)>;org.apache.tomcat.util.IntrospectionUtils.callMethodN;495;isAccessible=false;
Method.invoke;<org.apache.tomcat.util.descriptor.web.WebXml: void setDisplayName(java.lang.String)>;org.apache.tomcat.util.IntrospectionUtils.callMethodN;495;isAccessible=false;
Method.invoke;<org.apache.tomcat.util.descriptor.web.WebXml: void setLoginConfig(org.apache.tomcat.util.descriptor.web.LoginConfig)>;org.apache.tomcat.util.IntrospectionUtils.callMethod1;476;isAccessible=false;
Method.invoke;<org.apache.tomcat.util.descriptor.web.WebXml: void setPublicId(java.lang.String)>;org.apache.tomcat.util.descriptor.web.SetPublicIdRule.begin;912;isAccessible=false;
Method.invoke;<org.apache.tomcat.util.descriptor.web.WebXml: void setRequestCharacterEncoding(java.lang.String)>;org.apache.tomcat.util.IntrospectionUtils.callMethodN;495;isAccessible=false;
Method.invoke;<org.apache.tomcat.util.descriptor.web.WebXml: void setResponseCharacterEncoding(java.lang.String)>;org.apache.tomcat.util.IntrospectionUtils.callMethodN;495;isAccessible=false;
Method.invoke;<org.apache.tomcat.util.descriptor.web.WebXml: void setSessionConfig(org.apache.tomcat.util.descriptor.web.SessionConfig)>;org.apache.tomcat.util.IntrospectionUtils.callMethod1;476;isAccessible=false;
Method.invoke;<org.apache.tomcat.util.http.CookieProcessorBase: void setSameSiteCookies(java.lang.String)>;org.apache.tomcat.util.IntrospectionUtils.setProperty;82;isAccessible=false;
Method.invoke;<org.apache.tomcat.util.modeler.AttributeInfo: void setIs(boolean)>;org.apache.tomcat.util.IntrospectionUtils.setProperty;152;isAccessible=false;
Method.invoke;<org.apache.tomcat.util.modeler.AttributeInfo: void setReadable(boolean)>;org.apache.tomcat.util.IntrospectionUtils.setProperty;152;isAccessible=false;
Method.invoke;<org.apache.tomcat.util.modeler.AttributeInfo: void setWriteable(boolean)>;org.apache.tomcat.util.IntrospectionUtils.setProperty;152;isAccessible=false;
Method.invoke;<org.apache.tomcat.util.modeler.FeatureInfo: void setDescription(java.lang.String)>;org.apache.tomcat.util.IntrospectionUtils.setProperty;82;isAccessible=false;
Method.invoke;<org.apache.tomcat.util.modeler.FeatureInfo: void setName(java.lang.String)>;org.apache.tomcat.util.IntrospectionUtils.setProperty;82;isAccessible=false;
Method.invoke;<org.apache.tomcat.util.modeler.FeatureInfo: void setType(java.lang.String)>;org.apache.tomcat.util.IntrospectionUtils.setProperty;82;isAccessible=false;
Method.invoke;<org.apache.tomcat.util.modeler.ManagedBean: void addAttribute(org.apache.tomcat.util.modeler.AttributeInfo)>;org.apache.tomcat.util.IntrospectionUtils.callMethod1;476;isAccessible=false;
Method.invoke;<org.apache.tomcat.util.modeler.ManagedBean: void addOperation(org.apache.tomcat.util.modeler.OperationInfo)>;org.apache.tomcat.util.IntrospectionUtils.callMethod1;476;isAccessible=false;
Method.invoke;<org.apache.tomcat.util.modeler.ManagedBean: void setClassName(java.lang.String)>;org.apache.tomcat.util.IntrospectionUtils.setProperty;82;isAccessible=false;
Method.invoke;<org.apache.tomcat.util.modeler.ManagedBean: void setDescription(java.lang.String)>;org.apache.tomcat.util.IntrospectionUtils.setProperty;82;isAccessible=false;
Method.invoke;<org.apache.tomcat.util.modeler.ManagedBean: void setDomain(java.lang.String)>;org.apache.tomcat.util.IntrospectionUtils.setProperty;82;isAccessible=false;
Method.invoke;<org.apache.tomcat.util.modeler.ManagedBean: void setGroup(java.lang.String)>;org.apache.tomcat.util.IntrospectionUtils.setProperty;82;isAccessible=false;
Method.invoke;<org.apache.tomcat.util.modeler.ManagedBean: void setName(java.lang.String)>;org.apache.tomcat.util.IntrospectionUtils.setProperty;82;isAccessible=false;
Method.invoke;<org.apache.tomcat.util.modeler.ManagedBean: void setType(java.lang.String)>;org.apache.tomcat.util.IntrospectionUtils.setProperty;82;isAccessible=false;
Method.invoke;<org.apache.tomcat.util.modeler.OperationInfo: void addParameter(org.apache.tomcat.util.modeler.ParameterInfo)>;org.apache.tomcat.util.IntrospectionUtils.callMethod1;476;isAccessible=false;
Method.invoke;<org.apache.tomcat.util.modeler.OperationInfo: void setImpact(java.lang.String)>;org.apache.tomcat.util.IntrospectionUtils.setProperty;82;isAccessible=false;
Method.invoke;<org.apache.tomcat.util.modeler.OperationInfo: void setReturnType(java.lang.String)>;org.apache.tomcat.util.IntrospectionUtils.setProperty;82;isAccessible=false;
Method.invoke;<org.dacapo.harness.Callback: org.dacapo.harness.Callback getCallback()>;org.apache.tomcat.util.threads.ThreadPoolExecutor.<init>;1381;isAccessible=false;
Method.invoke;<org.dacapo.harness.TestHarness: void main(java.lang.String[])>;Harness.main;39;isAccessible=false;
Method.invoke;<org.dacapo.tomcat.Control: void exec(java.lang.String)>;org.dacapo.harness.Tomcat.cleanup;203;isAccessible=false;
Method.invoke;<org.dacapo.tomcat.Control: void exec(java.lang.String)>;org.dacapo.harness.Tomcat.iterate;164;isAccessible=false;
Method.invoke;<org.dacapo.tomcat.Control: void exec(java.lang.String)>;org.dacapo.harness.Tomcat.iterate;187;isAccessible=false;
Method.invoke;<org.dacapo.tomcat.Control: void exec(java.lang.String)>;org.dacapo.harness.Tomcat.prepare;111;isAccessible=false;
Method.invoke;<sessions.DummyCart: void setItem(java.lang.String)>;org.apache.jasper.runtime.JspRuntimeLibrary.introspecthelper;369;isAccessible=false;
Method.invoke;<sessions.DummyCart: void setSubmit(java.lang.String)>;org.apache.jasper.runtime.JspRuntimeLibrary.introspecthelper;369;isAccessible=false;
