Array.newInstance;ai.h2o.org.joda.time.DurationFieldType[];java.util.Arrays.copyOf;3513;;
Array.newInstance;boolean[];com.sun.jmx.mbeanserver.DefaultMXBeanMappingFactory.<clinit>;222;;
Array.newInstance;boolean[];java.lang.reflect.ProxyGenerator$PrimitiveTypeInfo.<init>;998;;
Array.newInstance;byte[];com.sun.jmx.mbeanserver.DefaultMXBeanMappingFactory.<clinit>;222;;
Array.newInstance;byte[];java.lang.reflect.ProxyGenerator$PrimitiveTypeInfo.<init>;998;;
Array.newInstance;byte[];sun.reflect.generics.factory.CoreReflectionFactory.makeArrayType;123;;
Array.newInstance;char[];com.sun.jmx.mbeanserver.DefaultMXBeanMappingFactory.<clinit>;222;;
Array.newInstance;char[];java.lang.reflect.ProxyGenerator$PrimitiveTypeInfo.<init>;998;;
Array.newInstance;char[];sun.reflect.generics.factory.CoreReflectionFactory.makeArrayType;123;;
Array.newInstance;com.sun.jmx.mbeanserver.ClassLoaderRepositorySupport$LoaderEntry[];java.util.Arrays.copyOf;3513;;
Array.newInstance;double[];com.sun.jmx.mbeanserver.DefaultMXBeanMappingFactory.<clinit>;222;;
Array.newInstance;double[];java.lang.reflect.ProxyGenerator$PrimitiveTypeInfo.<init>;998;;
Array.newInstance;float[];com.sun.jmx.mbeanserver.DefaultMXBeanMappingFactory.<clinit>;222;;
Array.newInstance;float[];java.lang.reflect.ProxyGenerator$PrimitiveTypeInfo.<init>;998;;
Array.newInstance;hex.ModelBuilder$ValidationMessage[];java.util.Arrays.copyOf;3513;;
Array.newInstance;hex.ModelBuilder[];java.util.Arrays.copyOf;3513;;
Array.newInstance;hex.tree.DHistogram[];java.util.Arrays.copyOf;3513;;
Array.newInstance;hex.tree.DHistogram[][];java.util.Arrays.copyOf;3513;;
Array.newInstance;hex.tree.DTree$Node[];java.util.Arrays.copyOf;3513;;
Array.newInstance;int[];com.sun.jmx.mbeanserver.DefaultMXBeanMappingFactory.<clinit>;222;;
Array.newInstance;int[];java.lang.reflect.ProxyGenerator$PrimitiveTypeInfo.<init>;998;;
Array.newInstance;java.lang.Boolean[];net.sf.ezmorph.array.ObjectArrayMorpher.setMorpher;145;;
Array.newInstance;java.lang.Byte[];net.sf.ezmorph.array.ObjectArrayMorpher.setMorpher;145;;
Array.newInstance;java.lang.Character[];net.sf.ezmorph.array.ObjectArrayMorpher.setMorpher;145;;
Array.newInstance;java.lang.Class[];java.util.Arrays.copyOf;3513;;
Array.newInstance;java.lang.Class[];java.util.Arrays.copyOfRange;3786;;
Array.newInstance;java.lang.Class[];java.util.ImmutableCollections$List12.toArray;640;;
Array.newInstance;java.lang.Class[];net.sf.ezmorph.array.ObjectArrayMorpher.setMorpher;145;;
Array.newInstance;java.lang.Double[];net.sf.ezmorph.array.ObjectArrayMorpher.setMorpher;145;;
Array.newInstance;java.lang.Float[];net.sf.ezmorph.array.ObjectArrayMorpher.setMorpher;145;;
Array.newInstance;java.lang.Integer[];java.util.TimSort.<init>;157;;
Array.newInstance;java.lang.Integer[];java.util.TimSort.ensureCapacity;933;;
Array.newInstance;java.lang.Integer[];net.sf.ezmorph.array.ObjectArrayMorpher.setMorpher;145;;
Array.newInstance;java.lang.Long[];net.sf.ezmorph.array.ObjectArrayMorpher.setMorpher;145;;
Array.newInstance;java.lang.Object[];sun.reflect.generics.factory.CoreReflectionFactory.makeArrayType;123;;
Array.newInstance;java.lang.Short[];net.sf.ezmorph.array.ObjectArrayMorpher.setMorpher;145;;
Array.newInstance;java.lang.String[];java.util.Arrays.copyOf;3513;;
Array.newInstance;java.lang.String[];java.util.Arrays.copyOfRange;3786;;
Array.newInstance;java.lang.String[];net.sf.ezmorph.array.ObjectArrayMorpher.setMorpher;145;;
Array.newInstance;java.lang.String[];water.api.Schema.parse;502;;
Array.newInstance;java.lang.String[][];java.util.Arrays.copyOfRange;3786;;
Array.newInstance;java.lang.Thread[];java.util.Arrays.copyOf;3513;;
Array.newInstance;java.lang.annotation.Annotation[];java.util.Arrays.copyOf;3513;;
Array.newInstance;java.lang.annotation.Annotation[];java.util.HashMap.prepareArray;926;;
Array.newInstance;java.lang.annotation.ElementType[];sun.reflect.annotation.AnnotationParser.parseEnumArray;722;;
Array.newInstance;java.lang.invoke.LambdaForm$Name[];java.util.Arrays.copyOf;3513;;
Array.newInstance;java.lang.reflect.Field[];java.util.Arrays.copyOf;3513;;
Array.newInstance;java.lang.reflect.Field[];java.util.TimSort.<init>;157;;
Array.newInstance;java.lang.reflect.Field[];jdk.internal.reflect.Reflection.filter;317;;
Array.newInstance;java.lang.reflect.Method[];java.util.TimSort.<init>;157;;
Array.newInstance;java.math.BigDecimal[];net.sf.ezmorph.array.ObjectArrayMorpher.setMorpher;145;;
Array.newInstance;java.math.BigInteger[];net.sf.ezmorph.array.ObjectArrayMorpher.setMorpher;145;;
Array.newInstance;java.net.InetAddress[];java.util.Arrays.copyOf;3513;;
Array.newInstance;java.time.format.DateTimeFormatterBuilder$DateTimePrinterParser[];java.util.Arrays.copyOf;3513;;
Array.newInstance;java.util.concurrent.Future[];java.util.Arrays.copyOf;3513;;
Array.newInstance;javax.management.MBeanAttributeInfo[];java.util.Arrays.copyOf;3513;;
Array.newInstance;javax.management.MBeanOperationInfo[];java.util.Arrays.copyOf;3513;;
Array.newInstance;jdk.nio.zipfs.ZipFileSystem$IndexNode[];java.util.HashMap.prepareArray;926;;
Array.newInstance;long[];com.sun.jmx.mbeanserver.DefaultMXBeanMappingFactory.<clinit>;222;;
Array.newInstance;long[];java.lang.reflect.ProxyGenerator$PrimitiveTypeInfo.<init>;998;;
Array.newInstance;org.apache.logging.log4j.core.Appender[];org.apache.logging.log4j.core.config.plugins.visitors.PluginElementVisitor.visit;82;;
Array.newInstance;org.apache.logging.log4j.core.appender.rolling.TriggeringPolicy[];org.apache.logging.log4j.core.config.plugins.visitors.PluginElementVisitor.visit;82;;
Array.newInstance;org.apache.logging.log4j.core.appender.rolling.action.Action[];org.apache.logging.log4j.core.config.plugins.visitors.PluginElementVisitor.visit;82;;
Array.newInstance;org.apache.logging.log4j.core.config.AppenderControl[];java.util.Arrays.copyOf;3513;;
Array.newInstance;org.apache.logging.log4j.core.config.AppenderRef[];org.apache.logging.log4j.core.config.plugins.visitors.PluginElementVisitor.visit;82;;
Array.newInstance;org.apache.logging.log4j.core.config.LoggerConfig[];org.apache.logging.log4j.core.config.plugins.visitors.PluginElementVisitor.visit;82;;
Array.newInstance;org.apache.logging.log4j.core.config.Property[];org.apache.logging.log4j.core.config.plugins.visitors.PluginElementVisitor.visit;82;;
Array.newInstance;org.apache.logging.log4j.core.pattern.PatternFormatter[];java.util.Arrays.copyOf;3513;;
Array.newInstance;org.eclipse.jetty.server.Handler[];java.util.Arrays.copyOf;3513;;
Array.newInstance;org.eclipse.jetty.servlet.ServletHolder[];java.util.Arrays.copyOf;3513;;
Array.newInstance;org.eclipse.jetty.servlet.ServletMapping[];java.util.Arrays.copyOf;3513;;
Array.newInstance;org.eclipse.jetty.servlet.ServletMapping[];org.eclipse.jetty.util.ArrayUtil.addToArray;91;;
Array.newInstance;short[];com.sun.jmx.mbeanserver.DefaultMXBeanMappingFactory.<clinit>;222;;
Array.newInstance;short[];java.lang.reflect.ProxyGenerator$PrimitiveTypeInfo.<init>;998;;
Array.newInstance;sun.security.jca.ProviderConfig[];java.util.Arrays.copyOf;3513;;
Array.newInstance;water.H2ONode[];java.util.Arrays.copyOf;3513;;
Array.newInstance;water.Icer[];java.util.Arrays.copyOf;3513;;
Array.newInstance;water.Key[];java.util.Arrays.copyOf;3513;;
Array.newInstance;water.Key[];java.util.Arrays.copyOfRange;3786;;
Array.newInstance;water.Key[];water.AutoBuffer.getA;938;;
Array.newInstance;water.api.Schema[];java.util.HashMap.prepareArray;926;;
Array.newInstance;water.api.schemas3.KeyV3$FrameKeyV3[];water.api.Schema.parse;502;;
Array.newInstance;water.fvec.Vec[];java.util.Arrays.copyOf;3513;;
Array.newInstance;water.fvec.Vec[];java.util.Arrays.copyOfRange;3786;;
Array.newInstance;water.parser.ParseWriter$ParseErr[];java.util.Arrays.copyOf;3513;;
Class.forName;Harness;sun.launcher.LauncherHelper.loadMainClass;791;;
Class.forName;ai.h2o.automl.AutoML;sun.reflect.generics.factory.CoreReflectionFactory.makeNamedType;114;;
Class.forName;ai.h2o.automl.AutoMLBuildSpec$AutoMLBuildControl;sun.reflect.generics.factory.CoreReflectionFactory.makeNamedType;114;;
Class.forName;ai.h2o.automl.AutoMLBuildSpec$AutoMLBuildModels;sun.reflect.generics.factory.CoreReflectionFactory.makeNamedType;114;;
Class.forName;ai.h2o.automl.AutoMLBuildSpec$AutoMLInput;sun.reflect.generics.factory.CoreReflectionFactory.makeNamedType;114;;
Class.forName;ai.h2o.automl.AutoMLBuildSpec$AutoMLStoppingCriteria;sun.reflect.generics.factory.CoreReflectionFactory.makeNamedType;114;;
Class.forName;ai.h2o.automl.AutoMLBuildSpec;sun.reflect.generics.factory.CoreReflectionFactory.makeNamedType;114;;
Class.forName;ai.h2o.automl.Models;sun.reflect.generics.factory.CoreReflectionFactory.makeNamedType;114;;
Class.forName;ai.h2o.automl.StepDefinition$Step;sun.reflect.generics.factory.CoreReflectionFactory.makeNamedType;114;;
Class.forName;ai.h2o.automl.StepDefinition;sun.reflect.generics.factory.CoreReflectionFactory.makeNamedType;114;;
Class.forName;ai.h2o.automl.events.EventLog;sun.reflect.generics.factory.CoreReflectionFactory.makeNamedType;114;;
Class.forName;ai.h2o.automl.events.EventLogEntry;sun.reflect.generics.factory.CoreReflectionFactory.makeNamedType;114;;
Class.forName;ai.h2o.automl.preprocessing.PreprocessingStepDefinition;sun.reflect.generics.factory.CoreReflectionFactory.makeNamedType;114;;
Class.forName;ai.h2o.targetencoding.ColumnsMapping;sun.reflect.generics.factory.CoreReflectionFactory.makeNamedType;114;;
Class.forName;ai.h2o.targetencoding.TargetEncoder;sun.reflect.generics.factory.CoreReflectionFactory.makeNamedType;114;;
Class.forName;ai.h2o.targetencoding.TargetEncoderModel$TargetEncoderOutput;sun.reflect.generics.factory.CoreReflectionFactory.makeNamedType;114;;
Class.forName;ai.h2o.targetencoding.TargetEncoderModel$TargetEncoderParameters;sun.reflect.generics.factory.CoreReflectionFactory.makeNamedType;114;;
Class.forName;ai.h2o.targetencoding.TargetEncoderModel;sun.reflect.generics.factory.CoreReflectionFactory.makeNamedType;114;;
Class.forName;com.fasterxml.jackson.databind.ext.Java7SupportImpl;com.fasterxml.jackson.databind.ext.Java7Support.<clinit>;22;;
Class.forName;com.google.gson.reflect.TypeToken;sun.reflect.generics.factory.CoreReflectionFactory.makeNamedType;114;;
Class.forName;com.sun.management.VMOption;sun.reflect.generics.factory.CoreReflectionFactory.makeNamedType;114;;
Class.forName;com.sun.management.internal.PlatformMBeanProviderImpl;java.util.ServiceLoader.loadProvider;859;;
Class.forName;com.sun.org.apache.xerces.internal.jaxp.datatype.DatatypeFactoryImpl;javax.xml.datatype.FactoryFinder.getProviderClass;109;;
Class.forName;hex.CMetricScoringTask$Icer;water.Weaver.javassistLoadClass;115;;
Class.forName;hex.ClusteringModel$ClusteringParameters;sun.reflect.generics.factory.CoreReflectionFactory.makeNamedType;114;;
Class.forName;hex.ClusteringModelBuilder;sun.reflect.generics.factory.CoreReflectionFactory.makeNamedType;114;;
Class.forName;hex.ConfusionMatrix;sun.reflect.generics.factory.CoreReflectionFactory.makeNamedType;114;;
Class.forName;hex.CreateFrame;sun.reflect.generics.factory.CoreReflectionFactory.makeNamedType;114;;
Class.forName;hex.DefaultPojoWriter$Icer;water.Weaver.javassistLoadClass;115;;
Class.forName;hex.Distribution$Icer;water.Weaver.javassistLoadClass;115;;
Class.forName;hex.GaussianDistribution$Icer;water.Weaver.javassistLoadClass;115;;
Class.forName;hex.IdentityFunction$Icer;water.Weaver.javassistLoadClass;115;;
Class.forName;hex.Infogram.Infogram;sun.reflect.generics.factory.CoreReflectionFactory.makeNamedType;114;;
Class.forName;hex.Infogram.InfogramExtension;java.util.ServiceLoader$LazyClassPathLookupIterator.nextProviderClass;1217;;
Class.forName;hex.Infogram.InfogramModel$InfogramModelOutput;sun.reflect.generics.factory.CoreReflectionFactory.makeNamedType;114;;
Class.forName;hex.Infogram.InfogramModel$InfogramParameters;sun.reflect.generics.factory.CoreReflectionFactory.makeNamedType;114;;
Class.forName;hex.Infogram.InfogramModel;sun.reflect.generics.factory.CoreReflectionFactory.makeNamedType;114;;
Class.forName;hex.Interaction;sun.reflect.generics.factory.CoreReflectionFactory.makeNamedType;114;;
Class.forName;hex.KeyValue;sun.reflect.generics.factory.CoreReflectionFactory.makeNamedType;114;;
Class.forName;hex.LinkFunction$Icer;water.Weaver.javassistLoadClass;115;;
Class.forName;hex.Model$Icer;water.Weaver.javassistLoadClass;115;;
Class.forName;hex.Model$Output$Icer;water.Weaver.javassistLoadClass;115;;
Class.forName;hex.Model$Output;sun.reflect.generics.factory.CoreReflectionFactory.makeNamedType;114;;
Class.forName;hex.Model$Parameters$Icer;water.Weaver.javassistLoadClass;115;;
Class.forName;hex.Model$Parameters;sun.reflect.generics.factory.CoreReflectionFactory.makeNamedType;114;;
Class.forName;hex.Model;sun.reflect.generics.factory.CoreReflectionFactory.makeNamedType;114;;
Class.forName;hex.ModelBuilder$ValidationMessage;sun.reflect.generics.factory.CoreReflectionFactory.makeNamedType;114;;
Class.forName;hex.ModelBuilder;sun.reflect.generics.factory.CoreReflectionFactory.makeNamedType;114;;
Class.forName;hex.ModelMetricHGLMGaussianGaussianGeneric;sun.reflect.generics.factory.CoreReflectionFactory.makeNamedType;114;;
Class.forName;hex.ModelMetrics$Icer;water.Weaver.javassistLoadClass;115;;
Class.forName;hex.ModelMetrics;sun.reflect.generics.factory.CoreReflectionFactory.makeNamedType;114;;
Class.forName;hex.ModelMetricsAutoEncoder;sun.reflect.generics.factory.CoreReflectionFactory.makeNamedType;114;;
Class.forName;hex.ModelMetricsBinomial;sun.reflect.generics.factory.CoreReflectionFactory.makeNamedType;114;;
Class.forName;hex.ModelMetricsBinomialGLM$ModelMetricsMultinomialGLM;sun.reflect.generics.factory.CoreReflectionFactory.makeNamedType;114;;
Class.forName;hex.ModelMetricsBinomialGLM$ModelMetricsOrdinalGLM;sun.reflect.generics.factory.CoreReflectionFactory.makeNamedType;114;;
Class.forName;hex.ModelMetricsBinomialGLM;sun.reflect.generics.factory.CoreReflectionFactory.makeNamedType;114;;
Class.forName;hex.ModelMetricsBinomialGLMGeneric;sun.reflect.generics.factory.CoreReflectionFactory.makeNamedType;114;;
Class.forName;hex.ModelMetricsBinomialGeneric;sun.reflect.generics.factory.CoreReflectionFactory.makeNamedType;114;;
Class.forName;hex.ModelMetricsBinomialUplift;sun.reflect.generics.factory.CoreReflectionFactory.makeNamedType;114;;
Class.forName;hex.ModelMetricsClustering;sun.reflect.generics.factory.CoreReflectionFactory.makeNamedType;114;;
Class.forName;hex.ModelMetricsHGLM;sun.reflect.generics.factory.CoreReflectionFactory.makeNamedType;114;;
Class.forName;hex.ModelMetricsHGLMGaussianGaussian;sun.reflect.generics.factory.CoreReflectionFactory.makeNamedType;114;;
Class.forName;hex.ModelMetricsHGLMGeneric;sun.reflect.generics.factory.CoreReflectionFactory.makeNamedType;114;;
Class.forName;hex.ModelMetricsMultinomial;sun.reflect.generics.factory.CoreReflectionFactory.makeNamedType;114;;
Class.forName;hex.ModelMetricsMultinomialGLMGeneric;sun.reflect.generics.factory.CoreReflectionFactory.makeNamedType;114;;
Class.forName;hex.ModelMetricsMultinomialGeneric;sun.reflect.generics.factory.CoreReflectionFactory.makeNamedType;114;;
Class.forName;hex.ModelMetricsOrdinal;sun.reflect.generics.factory.CoreReflectionFactory.makeNamedType;114;;
Class.forName;hex.ModelMetricsOrdinalGLMGeneric;sun.reflect.generics.factory.CoreReflectionFactory.makeNamedType;114;;
Class.forName;hex.ModelMetricsOrdinalGeneric;sun.reflect.generics.factory.CoreReflectionFactory.makeNamedType;114;;
Class.forName;hex.ModelMetricsRegression$Icer;water.Weaver.javassistLoadClass;115;;
Class.forName;hex.ModelMetricsRegression;sun.reflect.generics.factory.CoreReflectionFactory.makeNamedType;114;;
Class.forName;hex.ModelMetricsRegressionCoxPH;sun.reflect.generics.factory.CoreReflectionFactory.makeNamedType;114;;
Class.forName;hex.ModelMetricsRegressionCoxPHGeneric;sun.reflect.generics.factory.CoreReflectionFactory.makeNamedType;114;;
Class.forName;hex.ModelMetricsRegressionGLM;sun.reflect.generics.factory.CoreReflectionFactory.makeNamedType;114;;
Class.forName;hex.ModelMetricsRegressionGLMGeneric;sun.reflect.generics.factory.CoreReflectionFactory.makeNamedType;114;;
Class.forName;hex.ModelMetricsRegressionGeneric;sun.reflect.generics.factory.CoreReflectionFactory.makeNamedType;114;;
Class.forName;hex.ModelMetricsSupervised$Icer;water.Weaver.javassistLoadClass;115;;
Class.forName;hex.ObjectConsistencyChecker$Icer;water.Weaver.javassistLoadClass;115;;
Class.forName;hex.PartialDependence;sun.reflect.generics.factory.CoreReflectionFactory.makeNamedType;114;;
Class.forName;hex.ScoreKeeper$Icer;water.Weaver.javassistLoadClass;115;;
Class.forName;hex.SplitFrame;sun.reflect.generics.factory.CoreReflectionFactory.makeNamedType;114;;
Class.forName;hex.StringPair;sun.reflect.generics.factory.CoreReflectionFactory.makeNamedType;114;;
Class.forName;hex.VarImp$Icer;water.Weaver.javassistLoadClass;115;;
Class.forName;hex.VarImp;sun.reflect.generics.factory.CoreReflectionFactory.makeNamedType;114;;
Class.forName;hex.aggregator.Aggregator;sun.reflect.generics.factory.CoreReflectionFactory.makeNamedType;114;;
Class.forName;hex.aggregator.AggregatorModel$AggregatorOutput;sun.reflect.generics.factory.CoreReflectionFactory.makeNamedType;114;;
Class.forName;hex.aggregator.AggregatorModel$AggregatorParameters;sun.reflect.generics.factory.CoreReflectionFactory.makeNamedType;114;;
Class.forName;hex.aggregator.AggregatorModel;sun.reflect.generics.factory.CoreReflectionFactory.makeNamedType;114;;
Class.forName;hex.anovaglm.ANOVAGLM;sun.reflect.generics.factory.CoreReflectionFactory.makeNamedType;114;;
Class.forName;hex.anovaglm.ANOVAGLMModel$ANOVAGLMModelOutput;sun.reflect.generics.factory.CoreReflectionFactory.makeNamedType;114;;
Class.forName;hex.anovaglm.ANOVAGLMModel$ANOVAGLMParameters;sun.reflect.generics.factory.CoreReflectionFactory.makeNamedType;114;;
Class.forName;hex.anovaglm.ANOVAGLMModel;sun.reflect.generics.factory.CoreReflectionFactory.makeNamedType;114;;
Class.forName;hex.api.MojoPipelineApiRegister;java.util.ServiceLoader$LazyClassPathLookupIterator.nextProviderClass;1217;;
Class.forName;hex.api.RegisterAlgos;java.util.ServiceLoader$LazyClassPathLookupIterator.nextProviderClass;1217;;
Class.forName;hex.api.targetencoding.TargetEncoderAlgoRegister;java.util.ServiceLoader$LazyClassPathLookupIterator.nextProviderClass;1217;;
Class.forName;hex.api.targetencoding.TargetEncoderHandler$TargetEncoderTransformParameters;sun.reflect.generics.factory.CoreReflectionFactory.makeNamedType;114;;
Class.forName;hex.api.xgboost.RegisterRestApi;java.util.ServiceLoader$LazyClassPathLookupIterator.nextProviderClass;1217;;
Class.forName;hex.coxph.CoxPH;sun.reflect.generics.factory.CoreReflectionFactory.makeNamedType;114;;
Class.forName;hex.coxph.CoxPHModel$CoxPHOutput;sun.reflect.generics.factory.CoreReflectionFactory.makeNamedType;114;;
Class.forName;hex.coxph.CoxPHModel$CoxPHParameters;sun.reflect.generics.factory.CoreReflectionFactory.makeNamedType;114;;
Class.forName;hex.coxph.CoxPHModel;sun.reflect.generics.factory.CoreReflectionFactory.makeNamedType;114;;
Class.forName;hex.createframe.recipes.OriginalCreateFrameRecipe;sun.reflect.generics.factory.CoreReflectionFactory.makeNamedType;114;;
Class.forName;hex.createframe.recipes.SimpleCreateFrameRecipe;sun.reflect.generics.factory.CoreReflectionFactory.makeNamedType;114;;
Class.forName;hex.deeplearning.DeepLearning;sun.reflect.generics.factory.CoreReflectionFactory.makeNamedType;114;;
Class.forName;hex.deeplearning.DeepLearningModel$DeepLearningModelOutput;sun.reflect.generics.factory.CoreReflectionFactory.makeNamedType;114;;
Class.forName;hex.deeplearning.DeepLearningModel$DeepLearningParameters;sun.reflect.generics.factory.CoreReflectionFactory.makeNamedType;114;;
Class.forName;hex.deeplearning.DeepLearningModel;sun.reflect.generics.factory.CoreReflectionFactory.makeNamedType;114;;
Class.forName;hex.ensemble.StackedEnsemble;sun.reflect.generics.factory.CoreReflectionFactory.makeNamedType;114;;
Class.forName;hex.ensemble.StackedEnsembleModel$StackedEnsembleOutput;sun.reflect.generics.factory.CoreReflectionFactory.makeNamedType;114;;
Class.forName;hex.ensemble.StackedEnsembleModel$StackedEnsembleParameters;sun.reflect.generics.factory.CoreReflectionFactory.makeNamedType;114;;
Class.forName;hex.ensemble.StackedEnsembleModel;sun.reflect.generics.factory.CoreReflectionFactory.makeNamedType;114;;
Class.forName;hex.gam.GAM;sun.reflect.generics.factory.CoreReflectionFactory.makeNamedType;114;;
Class.forName;hex.gam.GAMModel$GAMModelOutput;sun.reflect.generics.factory.CoreReflectionFactory.makeNamedType;114;;
Class.forName;hex.gam.GAMModel$GAMParameters;sun.reflect.generics.factory.CoreReflectionFactory.makeNamedType;114;;
Class.forName;hex.gam.GAMModel;sun.reflect.generics.factory.CoreReflectionFactory.makeNamedType;114;;
Class.forName;hex.generic.Generic;sun.reflect.generics.factory.CoreReflectionFactory.makeNamedType;114;;
Class.forName;hex.generic.GenericModel;sun.reflect.generics.factory.CoreReflectionFactory.makeNamedType;114;;
Class.forName;hex.generic.GenericModelOutput;sun.reflect.generics.factory.CoreReflectionFactory.makeNamedType;114;;
Class.forName;hex.generic.GenericModelParameters;sun.reflect.generics.factory.CoreReflectionFactory.makeNamedType;114;;
Class.forName;hex.glm.GLM;sun.reflect.generics.factory.CoreReflectionFactory.makeNamedType;114;;
Class.forName;hex.glm.GLMModel$GLMOutput;sun.reflect.generics.factory.CoreReflectionFactory.makeNamedType;114;;
Class.forName;hex.glm.GLMModel$GLMParameters;sun.reflect.generics.factory.CoreReflectionFactory.makeNamedType;114;;
Class.forName;hex.glm.GLMModel$RegularizationPath;sun.reflect.generics.factory.CoreReflectionFactory.makeNamedType;114;;
Class.forName;hex.glm.GLMModel;sun.reflect.generics.factory.CoreReflectionFactory.makeNamedType;114;;
Class.forName;hex.glrm.GLRM;sun.reflect.generics.factory.CoreReflectionFactory.makeNamedType;114;;
Class.forName;hex.glrm.GLRMModel$GLRMOutput;sun.reflect.generics.factory.CoreReflectionFactory.makeNamedType;114;;
Class.forName;hex.glrm.GLRMModel$GLRMParameters;sun.reflect.generics.factory.CoreReflectionFactory.makeNamedType;114;;
Class.forName;hex.glrm.GLRMModel;sun.reflect.generics.factory.CoreReflectionFactory.makeNamedType;114;;
Class.forName;hex.glrm.ModelMetricsGLRM;sun.reflect.generics.factory.CoreReflectionFactory.makeNamedType;114;;
Class.forName;hex.grep.Grep;sun.reflect.generics.factory.CoreReflectionFactory.makeNamedType;114;;
Class.forName;hex.grep.GrepModel$GrepOutput;sun.reflect.generics.factory.CoreReflectionFactory.makeNamedType;114;;
Class.forName;hex.grep.GrepModel$GrepParameters;sun.reflect.generics.factory.CoreReflectionFactory.makeNamedType;114;;
Class.forName;hex.grep.GrepModel;sun.reflect.generics.factory.CoreReflectionFactory.makeNamedType;114;;
Class.forName;hex.grid.Grid;sun.reflect.generics.factory.CoreReflectionFactory.makeNamedType;114;;
Class.forName;hex.grid.HyperSpaceSearchCriteria$CartesianSearchCriteria;sun.reflect.generics.factory.CoreReflectionFactory.makeNamedType;114;;
Class.forName;hex.grid.HyperSpaceSearchCriteria$RandomDiscreteValueSearchCriteria;sun.reflect.generics.factory.CoreReflectionFactory.makeNamedType;114;;
Class.forName;hex.grid.HyperSpaceSearchCriteria$SequentialSearchCriteria;sun.reflect.generics.factory.CoreReflectionFactory.makeNamedType;114;;
Class.forName;hex.grid.HyperSpaceSearchCriteria;sun.reflect.generics.factory.CoreReflectionFactory.makeNamedType;114;;
Class.forName;hex.isotonic.IsotonicRegression;sun.reflect.generics.factory.CoreReflectionFactory.makeNamedType;114;;
Class.forName;hex.isotonic.IsotonicRegressionModel$IsotonicRegressionOutput;sun.reflect.generics.factory.CoreReflectionFactory.makeNamedType;114;;
Class.forName;hex.isotonic.IsotonicRegressionModel$IsotonicRegressionParameters;sun.reflect.generics.factory.CoreReflectionFactory.makeNamedType;114;;
Class.forName;hex.isotonic.IsotonicRegressionModel;sun.reflect.generics.factory.CoreReflectionFactory.makeNamedType;114;;
Class.forName;hex.kmeans.KMeans;sun.reflect.generics.factory.CoreReflectionFactory.makeNamedType;114;;
Class.forName;hex.kmeans.KMeansModel$KMeansOutput;sun.reflect.generics.factory.CoreReflectionFactory.makeNamedType;114;;
Class.forName;hex.kmeans.KMeansModel$KMeansParameters;sun.reflect.generics.factory.CoreReflectionFactory.makeNamedType;114;;
Class.forName;hex.kmeans.KMeansModel;sun.reflect.generics.factory.CoreReflectionFactory.makeNamedType;114;;
Class.forName;hex.leaderboard.Leaderboard;sun.reflect.generics.factory.CoreReflectionFactory.makeNamedType;114;;
Class.forName;hex.modelselection.ModelSelection;sun.reflect.generics.factory.CoreReflectionFactory.makeNamedType;114;;
Class.forName;hex.modelselection.ModelSelectionModel$ModelSelectionModelOutput;sun.reflect.generics.factory.CoreReflectionFactory.makeNamedType;114;;
Class.forName;hex.modelselection.ModelSelectionModel$ModelSelectionParameters;sun.reflect.generics.factory.CoreReflectionFactory.makeNamedType;114;;
Class.forName;hex.modelselection.ModelSelectionModel;sun.reflect.generics.factory.CoreReflectionFactory.makeNamedType;114;;
Class.forName;hex.mojopipeline.MojoPipelineExtension;java.util.ServiceLoader$LazyClassPathLookupIterator.nextProviderClass;1217;;
Class.forName;hex.naivebayes.NaiveBayes;sun.reflect.generics.factory.CoreReflectionFactory.makeNamedType;114;;
Class.forName;hex.naivebayes.NaiveBayesModel$NaiveBayesOutput;sun.reflect.generics.factory.CoreReflectionFactory.makeNamedType;114;;
Class.forName;hex.naivebayes.NaiveBayesModel$NaiveBayesParameters;sun.reflect.generics.factory.CoreReflectionFactory.makeNamedType;114;;
Class.forName;hex.naivebayes.NaiveBayesModel;sun.reflect.generics.factory.CoreReflectionFactory.makeNamedType;114;;
Class.forName;hex.pca.ModelMetricsPCA;sun.reflect.generics.factory.CoreReflectionFactory.makeNamedType;114;;
Class.forName;hex.pca.PCA;sun.reflect.generics.factory.CoreReflectionFactory.makeNamedType;114;;
Class.forName;hex.pca.PCAModel$PCAOutput;sun.reflect.generics.factory.CoreReflectionFactory.makeNamedType;114;;
Class.forName;hex.pca.PCAModel$PCAParameters;sun.reflect.generics.factory.CoreReflectionFactory.makeNamedType;114;;
Class.forName;hex.pca.PCAModel;sun.reflect.generics.factory.CoreReflectionFactory.makeNamedType;114;;
Class.forName;hex.psvm.PSVM;sun.reflect.generics.factory.CoreReflectionFactory.makeNamedType;114;;
Class.forName;hex.psvm.PSVMModel$PSVMModelOutput;sun.reflect.generics.factory.CoreReflectionFactory.makeNamedType;114;;
Class.forName;hex.psvm.PSVMModel$PSVMParameters;sun.reflect.generics.factory.CoreReflectionFactory.makeNamedType;114;;
Class.forName;hex.psvm.PSVMModel;sun.reflect.generics.factory.CoreReflectionFactory.makeNamedType;114;;
Class.forName;hex.quantile.Quantile;sun.reflect.generics.factory.CoreReflectionFactory.makeNamedType;114;;
Class.forName;hex.quantile.QuantileModel$QuantileParameters;sun.reflect.generics.factory.CoreReflectionFactory.makeNamedType;114;;
Class.forName;hex.rulefit.RuleFit;sun.reflect.generics.factory.CoreReflectionFactory.makeNamedType;114;;
Class.forName;hex.rulefit.RuleFitModel$RuleFitOutput;sun.reflect.generics.factory.CoreReflectionFactory.makeNamedType;114;;
Class.forName;hex.rulefit.RuleFitModel$RuleFitParameters;sun.reflect.generics.factory.CoreReflectionFactory.makeNamedType;114;;
Class.forName;hex.rulefit.RuleFitModel;sun.reflect.generics.factory.CoreReflectionFactory.makeNamedType;114;;
Class.forName;hex.schemas.ANOVAGLMModelV3$ANOVAGLMModelOutputV3;java.util.ServiceLoader$LazyClassPathLookupIterator.nextProviderClass;1217;;
Class.forName;hex.schemas.ANOVAGLMModelV3$ANOVAGLMModelOutputV3;sun.reflect.generics.factory.CoreReflectionFactory.makeNamedType;114;;
Class.forName;hex.schemas.ANOVAGLMModelV3;java.util.ServiceLoader$LazyClassPathLookupIterator.nextProviderClass;1217;;
Class.forName;hex.schemas.ANOVAGLMModelV3;sun.reflect.generics.factory.CoreReflectionFactory.makeNamedType;114;;
Class.forName;hex.schemas.ANOVAGLMV3$ANOVAGLMParametersV3;java.util.ServiceLoader$LazyClassPathLookupIterator.nextProviderClass;1217;;
Class.forName;hex.schemas.ANOVAGLMV3$ANOVAGLMParametersV3;sun.reflect.generics.factory.CoreReflectionFactory.makeNamedType;114;;
Class.forName;hex.schemas.ANOVAGLMV3;java.util.ServiceLoader$LazyClassPathLookupIterator.nextProviderClass;1217;;
Class.forName;hex.schemas.ANOVAGLMV3;sun.reflect.generics.factory.CoreReflectionFactory.makeNamedType;114;;
Class.forName;hex.schemas.AggregatorModelV99$AggregatorModelOutputV99;java.util.ServiceLoader$LazyClassPathLookupIterator.nextProviderClass;1217;;
Class.forName;hex.schemas.AggregatorModelV99$AggregatorModelOutputV99;sun.reflect.generics.factory.CoreReflectionFactory.makeNamedType;114;;
Class.forName;hex.schemas.AggregatorModelV99;java.util.ServiceLoader$LazyClassPathLookupIterator.nextProviderClass;1217;;
Class.forName;hex.schemas.AggregatorModelV99;sun.reflect.generics.factory.CoreReflectionFactory.makeNamedType;114;;
Class.forName;hex.schemas.AggregatorV99$AggregatorParametersV99;java.util.ServiceLoader$LazyClassPathLookupIterator.nextProviderClass;1217;;
Class.forName;hex.schemas.AggregatorV99$AggregatorParametersV99;sun.reflect.generics.factory.CoreReflectionFactory.makeNamedType;114;;
Class.forName;hex.schemas.AggregatorV99;java.util.ServiceLoader$LazyClassPathLookupIterator.nextProviderClass;1217;;
Class.forName;hex.schemas.AggregatorV99;sun.reflect.generics.factory.CoreReflectionFactory.makeNamedType;114;;
Class.forName;hex.schemas.ClusteringModelBuilderSchema;java.util.ServiceLoader$LazyClassPathLookupIterator.nextProviderClass;1217;;
Class.forName;hex.schemas.ClusteringModelBuilderSchema;sun.reflect.generics.factory.CoreReflectionFactory.makeNamedType;114;;
Class.forName;hex.schemas.CoxPHModelV3$CoxPHModelOutputV3;java.util.ServiceLoader$LazyClassPathLookupIterator.nextProviderClass;1217;;
Class.forName;hex.schemas.CoxPHModelV3$CoxPHModelOutputV3;sun.reflect.generics.factory.CoreReflectionFactory.makeNamedType;114;;
Class.forName;hex.schemas.CoxPHModelV3;java.util.ServiceLoader$LazyClassPathLookupIterator.nextProviderClass;1217;;
Class.forName;hex.schemas.CoxPHModelV3;sun.reflect.generics.factory.CoreReflectionFactory.makeNamedType;114;;
Class.forName;hex.schemas.CoxPHV3$CoxPHParametersV3;java.util.ServiceLoader$LazyClassPathLookupIterator.nextProviderClass;1217;;
Class.forName;hex.schemas.CoxPHV3$CoxPHParametersV3;sun.reflect.generics.factory.CoreReflectionFactory.makeNamedType;114;;
Class.forName;hex.schemas.CoxPHV3;java.util.ServiceLoader$LazyClassPathLookupIterator.nextProviderClass;1217;;
Class.forName;hex.schemas.CoxPHV3;sun.reflect.generics.factory.CoreReflectionFactory.makeNamedType;114;;
Class.forName;hex.schemas.DRFModelV3$DRFModelOutputV3;java.util.ServiceLoader$LazyClassPathLookupIterator.nextProviderClass;1217;;
Class.forName;hex.schemas.DRFModelV3$DRFModelOutputV3;sun.reflect.generics.factory.CoreReflectionFactory.makeNamedType;114;;
Class.forName;hex.schemas.DRFModelV3;java.util.ServiceLoader$LazyClassPathLookupIterator.nextProviderClass;1217;;
Class.forName;hex.schemas.DRFModelV3;sun.reflect.generics.factory.CoreReflectionFactory.makeNamedType;114;;
Class.forName;hex.schemas.DRFV3$DRFParametersV3$Icer;water.Weaver.javassistLoadClass;115;;
Class.forName;hex.schemas.DRFV3$DRFParametersV3;java.util.ServiceLoader$LazyClassPathLookupIterator.nextProviderClass;1217;;
Class.forName;hex.schemas.DRFV3$DRFParametersV3;sun.reflect.generics.factory.CoreReflectionFactory.makeNamedType;114;;
Class.forName;hex.schemas.DRFV3$DRFParametersV3;water.TypeMap.theFreezable;306;;
Class.forName;hex.schemas.DRFV3$Icer;water.Weaver.javassistLoadClass;115;;
Class.forName;hex.schemas.DRFV3;java.util.ServiceLoader$LazyClassPathLookupIterator.nextProviderClass;1217;;
Class.forName;hex.schemas.DRFV3;sun.reflect.generics.factory.CoreReflectionFactory.makeNamedType;114;;
Class.forName;hex.schemas.DRFV3;water.TypeMap.theFreezable;306;;
Class.forName;hex.schemas.DTModelV3$DTModelOutputV3;java.util.ServiceLoader$LazyClassPathLookupIterator.nextProviderClass;1217;;
Class.forName;hex.schemas.DTModelV3$DTModelOutputV3;sun.reflect.generics.factory.CoreReflectionFactory.makeNamedType;114;;
Class.forName;hex.schemas.DTModelV3;java.util.ServiceLoader$LazyClassPathLookupIterator.nextProviderClass;1217;;
Class.forName;hex.schemas.DTModelV3;sun.reflect.generics.factory.CoreReflectionFactory.makeNamedType;114;;
Class.forName;hex.schemas.DTV3$DTParametersV3;java.util.ServiceLoader$LazyClassPathLookupIterator.nextProviderClass;1217;;
Class.forName;hex.schemas.DTV3$DTParametersV3;sun.reflect.generics.factory.CoreReflectionFactory.makeNamedType;114;;
Class.forName;hex.schemas.DTV3;java.util.ServiceLoader$LazyClassPathLookupIterator.nextProviderClass;1217;;
Class.forName;hex.schemas.DTV3;sun.reflect.generics.factory.CoreReflectionFactory.makeNamedType;114;;
Class.forName;hex.schemas.DataInfoFrameV3;java.util.ServiceLoader$LazyClassPathLookupIterator.nextProviderClass;1217;;
Class.forName;hex.schemas.DataInfoFrameV3;sun.reflect.generics.factory.CoreReflectionFactory.makeNamedType;114;;
Class.forName;hex.schemas.DeepLearningModelV3$DeepLearningModelOutputV3;java.util.ServiceLoader$LazyClassPathLookupIterator.nextProviderClass;1217;;
Class.forName;hex.schemas.DeepLearningModelV3$DeepLearningModelOutputV3;sun.reflect.generics.factory.CoreReflectionFactory.makeNamedType;114;;
Class.forName;hex.schemas.DeepLearningModelV3;java.util.ServiceLoader$LazyClassPathLookupIterator.nextProviderClass;1217;;
Class.forName;hex.schemas.DeepLearningModelV3;sun.reflect.generics.factory.CoreReflectionFactory.makeNamedType;114;;
Class.forName;hex.schemas.DeepLearningV3$DeepLearningParametersV3;java.util.ServiceLoader$LazyClassPathLookupIterator.nextProviderClass;1217;;
Class.forName;hex.schemas.DeepLearningV3$DeepLearningParametersV3;sun.reflect.generics.factory.CoreReflectionFactory.makeNamedType;114;;
Class.forName;hex.schemas.DeepLearningV3;java.util.ServiceLoader$LazyClassPathLookupIterator.nextProviderClass;1217;;
Class.forName;hex.schemas.DeepLearningV3;sun.reflect.generics.factory.CoreReflectionFactory.makeNamedType;114;;
Class.forName;hex.schemas.ExtendedIsolationForestModelV3$ExtendedIsolationForestModelOutputV3;java.util.ServiceLoader$LazyClassPathLookupIterator.nextProviderClass;1217;;
Class.forName;hex.schemas.ExtendedIsolationForestModelV3$ExtendedIsolationForestModelOutputV3;sun.reflect.generics.factory.CoreReflectionFactory.makeNamedType;114;;
Class.forName;hex.schemas.ExtendedIsolationForestModelV3;java.util.ServiceLoader$LazyClassPathLookupIterator.nextProviderClass;1217;;
Class.forName;hex.schemas.ExtendedIsolationForestModelV3;sun.reflect.generics.factory.CoreReflectionFactory.makeNamedType;114;;
Class.forName;hex.schemas.ExtendedIsolationForestV3$ExtendedIsolationForestParametersV3;java.util.ServiceLoader$LazyClassPathLookupIterator.nextProviderClass;1217;;
Class.forName;hex.schemas.ExtendedIsolationForestV3$ExtendedIsolationForestParametersV3;sun.reflect.generics.factory.CoreReflectionFactory.makeNamedType;114;;
Class.forName;hex.schemas.ExtendedIsolationForestV3;java.util.ServiceLoader$LazyClassPathLookupIterator.nextProviderClass;1217;;
Class.forName;hex.schemas.ExtendedIsolationForestV3;sun.reflect.generics.factory.CoreReflectionFactory.makeNamedType;114;;
Class.forName;hex.schemas.GAMModelV3$GAMModelOutputV3;java.util.ServiceLoader$LazyClassPathLookupIterator.nextProviderClass;1217;;
Class.forName;hex.schemas.GAMModelV3$GAMModelOutputV3;sun.reflect.generics.factory.CoreReflectionFactory.makeNamedType;114;;
Class.forName;hex.schemas.GAMModelV3;java.util.ServiceLoader$LazyClassPathLookupIterator.nextProviderClass;1217;;
Class.forName;hex.schemas.GAMModelV3;sun.reflect.generics.factory.CoreReflectionFactory.makeNamedType;114;;
Class.forName;hex.schemas.GAMV3$GAMParametersV3;java.util.ServiceLoader$LazyClassPathLookupIterator.nextProviderClass;1217;;
Class.forName;hex.schemas.GAMV3$GAMParametersV3;sun.reflect.generics.factory.CoreReflectionFactory.makeNamedType;114;;
Class.forName;hex.schemas.GAMV3;java.util.ServiceLoader$LazyClassPathLookupIterator.nextProviderClass;1217;;
Class.forName;hex.schemas.GAMV3;sun.reflect.generics.factory.CoreReflectionFactory.makeNamedType;114;;
Class.forName;hex.schemas.GBMModelV3$GBMModelOutputV3;java.util.ServiceLoader$LazyClassPathLookupIterator.nextProviderClass;1217;;
Class.forName;hex.schemas.GBMModelV3$GBMModelOutputV3;sun.reflect.generics.factory.CoreReflectionFactory.makeNamedType;114;;
Class.forName;hex.schemas.GBMModelV3;java.util.ServiceLoader$LazyClassPathLookupIterator.nextProviderClass;1217;;
Class.forName;hex.schemas.GBMModelV3;sun.reflect.generics.factory.CoreReflectionFactory.makeNamedType;114;;
Class.forName;hex.schemas.GBMV3$GBMParametersV3;java.util.ServiceLoader$LazyClassPathLookupIterator.nextProviderClass;1217;;
Class.forName;hex.schemas.GBMV3$GBMParametersV3;sun.reflect.generics.factory.CoreReflectionFactory.makeNamedType;114;;
Class.forName;hex.schemas.GBMV3;java.util.ServiceLoader$LazyClassPathLookupIterator.nextProviderClass;1217;;
Class.forName;hex.schemas.GBMV3;sun.reflect.generics.factory.CoreReflectionFactory.makeNamedType;114;;
Class.forName;hex.schemas.GLMModelV3$GLMModelOutputV3;java.util.ServiceLoader$LazyClassPathLookupIterator.nextProviderClass;1217;;
Class.forName;hex.schemas.GLMModelV3$GLMModelOutputV3;sun.reflect.generics.factory.CoreReflectionFactory.makeNamedType;114;;
Class.forName;hex.schemas.GLMModelV3;java.util.ServiceLoader$LazyClassPathLookupIterator.nextProviderClass;1217;;
Class.forName;hex.schemas.GLMModelV3;sun.reflect.generics.factory.CoreReflectionFactory.makeNamedType;114;;
Class.forName;hex.schemas.GLMRegularizationPathV3;java.util.ServiceLoader$LazyClassPathLookupIterator.nextProviderClass;1217;;
Class.forName;hex.schemas.GLMRegularizationPathV3;sun.reflect.generics.factory.CoreReflectionFactory.makeNamedType;114;;
Class.forName;hex.schemas.GLMV3$GLMParametersV3;java.util.ServiceLoader$LazyClassPathLookupIterator.nextProviderClass;1217;;
Class.forName;hex.schemas.GLMV3$GLMParametersV3;sun.reflect.generics.factory.CoreReflectionFactory.makeNamedType;114;;
Class.forName;hex.schemas.GLMV3;java.util.ServiceLoader$LazyClassPathLookupIterator.nextProviderClass;1217;;
Class.forName;hex.schemas.GLMV3;sun.reflect.generics.factory.CoreReflectionFactory.makeNamedType;114;;
Class.forName;hex.schemas.GLRMModelV3$GLRMModelOutputV3;java.util.ServiceLoader$LazyClassPathLookupIterator.nextProviderClass;1217;;
Class.forName;hex.schemas.GLRMModelV3$GLRMModelOutputV3;sun.reflect.generics.factory.CoreReflectionFactory.makeNamedType;114;;
Class.forName;hex.schemas.GLRMModelV3;java.util.ServiceLoader$LazyClassPathLookupIterator.nextProviderClass;1217;;
Class.forName;hex.schemas.GLRMModelV3;sun.reflect.generics.factory.CoreReflectionFactory.makeNamedType;114;;
Class.forName;hex.schemas.GLRMV3$GLRMParametersV3;java.util.ServiceLoader$LazyClassPathLookupIterator.nextProviderClass;1217;;
Class.forName;hex.schemas.GLRMV3$GLRMParametersV3;sun.reflect.generics.factory.CoreReflectionFactory.makeNamedType;114;;
Class.forName;hex.schemas.GLRMV3;java.util.ServiceLoader$LazyClassPathLookupIterator.nextProviderClass;1217;;
Class.forName;hex.schemas.GLRMV3;sun.reflect.generics.factory.CoreReflectionFactory.makeNamedType;114;;
Class.forName;hex.schemas.GenericModelV3$GenericModelOutputV3;java.util.ServiceLoader$LazyClassPathLookupIterator.nextProviderClass;1217;;
Class.forName;hex.schemas.GenericModelV3$GenericModelOutputV3;sun.reflect.generics.factory.CoreReflectionFactory.makeNamedType;114;;
Class.forName;hex.schemas.GenericModelV3;java.util.ServiceLoader$LazyClassPathLookupIterator.nextProviderClass;1217;;
Class.forName;hex.schemas.GenericModelV3;sun.reflect.generics.factory.CoreReflectionFactory.makeNamedType;114;;
Class.forName;hex.schemas.GenericV3$GenericParametersV3;java.util.ServiceLoader$LazyClassPathLookupIterator.nextProviderClass;1217;;
Class.forName;hex.schemas.GenericV3$GenericParametersV3;sun.reflect.generics.factory.CoreReflectionFactory.makeNamedType;114;;
Class.forName;hex.schemas.GenericV3;java.util.ServiceLoader$LazyClassPathLookupIterator.nextProviderClass;1217;;
Class.forName;hex.schemas.GenericV3;sun.reflect.generics.factory.CoreReflectionFactory.makeNamedType;114;;
Class.forName;hex.schemas.GramV3;java.util.ServiceLoader$LazyClassPathLookupIterator.nextProviderClass;1217;;
Class.forName;hex.schemas.GramV3;sun.reflect.generics.factory.CoreReflectionFactory.makeNamedType;114;;
Class.forName;hex.schemas.GrepModelV3$GrepModelOutputV3;java.util.ServiceLoader$LazyClassPathLookupIterator.nextProviderClass;1217;;
Class.forName;hex.schemas.GrepModelV3$GrepModelOutputV3;sun.reflect.generics.factory.CoreReflectionFactory.makeNamedType;114;;
Class.forName;hex.schemas.GrepModelV3;java.util.ServiceLoader$LazyClassPathLookupIterator.nextProviderClass;1217;;
Class.forName;hex.schemas.GrepModelV3;sun.reflect.generics.factory.CoreReflectionFactory.makeNamedType;114;;
Class.forName;hex.schemas.GrepV3$GrepParametersV3;java.util.ServiceLoader$LazyClassPathLookupIterator.nextProviderClass;1217;;
Class.forName;hex.schemas.GrepV3$GrepParametersV3;sun.reflect.generics.factory.CoreReflectionFactory.makeNamedType;114;;
Class.forName;hex.schemas.GrepV3;java.util.ServiceLoader$LazyClassPathLookupIterator.nextProviderClass;1217;;
Class.forName;hex.schemas.GrepV3;sun.reflect.generics.factory.CoreReflectionFactory.makeNamedType;114;;
Class.forName;hex.schemas.GridSchemaV99;java.util.ServiceLoader$LazyClassPathLookupIterator.nextProviderClass;1217;;
Class.forName;hex.schemas.GridSchemaV99;sun.reflect.generics.factory.CoreReflectionFactory.makeNamedType;114;;
Class.forName;hex.schemas.GridSearchSchema;java.util.ServiceLoader$LazyClassPathLookupIterator.nextProviderClass;1217;;
Class.forName;hex.schemas.GridSearchSchema;sun.reflect.generics.factory.CoreReflectionFactory.makeNamedType;114;;
Class.forName;hex.schemas.HyperSpaceSearchCriteriaV99$CartesianSearchCriteriaV99;java.util.ServiceLoader$LazyClassPathLookupIterator.nextProviderClass;1217;;
Class.forName;hex.schemas.HyperSpaceSearchCriteriaV99$CartesianSearchCriteriaV99;sun.reflect.generics.factory.CoreReflectionFactory.makeNamedType;114;;
Class.forName;hex.schemas.HyperSpaceSearchCriteriaV99$RandomDiscreteValueSearchCriteriaV99;java.util.ServiceLoader$LazyClassPathLookupIterator.nextProviderClass;1217;;
Class.forName;hex.schemas.HyperSpaceSearchCriteriaV99$RandomDiscreteValueSearchCriteriaV99;sun.reflect.generics.factory.CoreReflectionFactory.makeNamedType;114;;
Class.forName;hex.schemas.HyperSpaceSearchCriteriaV99$RandomSearchStoppingMetricValuesProvider;sun.reflect.generics.factory.CoreReflectionFactory.makeNamedType;114;;
Class.forName;hex.schemas.HyperSpaceSearchCriteriaV99$SequentialSearchCriteriaV99;java.util.ServiceLoader$LazyClassPathLookupIterator.nextProviderClass;1217;;
Class.forName;hex.schemas.HyperSpaceSearchCriteriaV99$SequentialSearchCriteriaV99;sun.reflect.generics.factory.CoreReflectionFactory.makeNamedType;114;;
Class.forName;hex.schemas.HyperSpaceSearchCriteriaV99$StrategyValuesProvider;sun.reflect.generics.factory.CoreReflectionFactory.makeNamedType;114;;
Class.forName;hex.schemas.HyperSpaceSearchCriteriaV99;java.util.ServiceLoader$LazyClassPathLookupIterator.nextProviderClass;1217;;
Class.forName;hex.schemas.HyperSpaceSearchCriteriaV99;sun.reflect.generics.factory.CoreReflectionFactory.makeNamedType;114;;
Class.forName;hex.schemas.InfogramModelV3$InfogramModelOutputV3;java.util.ServiceLoader$LazyClassPathLookupIterator.nextProviderClass;1217;;
Class.forName;hex.schemas.InfogramModelV3$InfogramModelOutputV3;sun.reflect.generics.factory.CoreReflectionFactory.makeNamedType;114;;
Class.forName;hex.schemas.InfogramModelV3;java.util.ServiceLoader$LazyClassPathLookupIterator.nextProviderClass;1217;;
Class.forName;hex.schemas.InfogramModelV3;sun.reflect.generics.factory.CoreReflectionFactory.makeNamedType;114;;
Class.forName;hex.schemas.InfogramV3$InfogramAlrogithmProvider;sun.reflect.generics.factory.CoreReflectionFactory.makeNamedType;114;;
Class.forName;hex.schemas.InfogramV3$InfogramParametersV3;java.util.ServiceLoader$LazyClassPathLookupIterator.nextProviderClass;1217;;
Class.forName;hex.schemas.InfogramV3$InfogramParametersV3;sun.reflect.generics.factory.CoreReflectionFactory.makeNamedType;114;;
Class.forName;hex.schemas.InfogramV3;java.util.ServiceLoader$LazyClassPathLookupIterator.nextProviderClass;1217;;
Class.forName;hex.schemas.InfogramV3;sun.reflect.generics.factory.CoreReflectionFactory.makeNamedType;114;;
Class.forName;hex.schemas.IsolationForestModelV3$IsolationForestModelOutputV3;java.util.ServiceLoader$LazyClassPathLookupIterator.nextProviderClass;1217;;
Class.forName;hex.schemas.IsolationForestModelV3$IsolationForestModelOutputV3;sun.reflect.generics.factory.CoreReflectionFactory.makeNamedType;114;;
Class.forName;hex.schemas.IsolationForestModelV3;java.util.ServiceLoader$LazyClassPathLookupIterator.nextProviderClass;1217;;
Class.forName;hex.schemas.IsolationForestModelV3;sun.reflect.generics.factory.CoreReflectionFactory.makeNamedType;114;;
Class.forName;hex.schemas.IsolationForestV3$IsolationForestParametersV3;java.util.ServiceLoader$LazyClassPathLookupIterator.nextProviderClass;1217;;
Class.forName;hex.schemas.IsolationForestV3$IsolationForestParametersV3;sun.reflect.generics.factory.CoreReflectionFactory.makeNamedType;114;;
Class.forName;hex.schemas.IsolationForestV3;java.util.ServiceLoader$LazyClassPathLookupIterator.nextProviderClass;1217;;
Class.forName;hex.schemas.IsolationForestV3;sun.reflect.generics.factory.CoreReflectionFactory.makeNamedType;114;;
Class.forName;hex.schemas.IsotonicRegressionModelV3$IsotonicRegressionModelOutputV3;java.util.ServiceLoader$LazyClassPathLookupIterator.nextProviderClass;1217;;
Class.forName;hex.schemas.IsotonicRegressionModelV3$IsotonicRegressionModelOutputV3;sun.reflect.generics.factory.CoreReflectionFactory.makeNamedType;114;;
Class.forName;hex.schemas.IsotonicRegressionModelV3;java.util.ServiceLoader$LazyClassPathLookupIterator.nextProviderClass;1217;;
Class.forName;hex.schemas.IsotonicRegressionModelV3;sun.reflect.generics.factory.CoreReflectionFactory.makeNamedType;114;;
Class.forName;hex.schemas.IsotonicRegressionV3$IsotonicRegressionParametersV3;java.util.ServiceLoader$LazyClassPathLookupIterator.nextProviderClass;1217;;
Class.forName;hex.schemas.IsotonicRegressionV3$IsotonicRegressionParametersV3;sun.reflect.generics.factory.CoreReflectionFactory.makeNamedType;114;;
Class.forName;hex.schemas.IsotonicRegressionV3;java.util.ServiceLoader$LazyClassPathLookupIterator.nextProviderClass;1217;;
Class.forName;hex.schemas.IsotonicRegressionV3;sun.reflect.generics.factory.CoreReflectionFactory.makeNamedType;114;;
Class.forName;hex.schemas.KMeansModelV3$KMeansModelOutputV3;java.util.ServiceLoader$LazyClassPathLookupIterator.nextProviderClass;1217;;
Class.forName;hex.schemas.KMeansModelV3$KMeansModelOutputV3;sun.reflect.generics.factory.CoreReflectionFactory.makeNamedType;114;;
Class.forName;hex.schemas.KMeansModelV3;java.util.ServiceLoader$LazyClassPathLookupIterator.nextProviderClass;1217;;
Class.forName;hex.schemas.KMeansModelV3;sun.reflect.generics.factory.CoreReflectionFactory.makeNamedType;114;;
Class.forName;hex.schemas.KMeansV3$KMeansParametersV3;java.util.ServiceLoader$LazyClassPathLookupIterator.nextProviderClass;1217;;
Class.forName;hex.schemas.KMeansV3$KMeansParametersV3;sun.reflect.generics.factory.CoreReflectionFactory.makeNamedType;114;;
Class.forName;hex.schemas.KMeansV3;java.util.ServiceLoader$LazyClassPathLookupIterator.nextProviderClass;1217;;
Class.forName;hex.schemas.KMeansV3;sun.reflect.generics.factory.CoreReflectionFactory.makeNamedType;114;;
Class.forName;hex.schemas.MakeGLMModelV3;java.util.ServiceLoader$LazyClassPathLookupIterator.nextProviderClass;1217;;
Class.forName;hex.schemas.MakeGLMModelV3;sun.reflect.generics.factory.CoreReflectionFactory.makeNamedType;114;;
Class.forName;hex.schemas.ModelBuilderSchema$Icer;water.Weaver.javassistLoadClass;115;;
Class.forName;hex.schemas.ModelBuilderSchema;java.util.ServiceLoader$LazyClassPathLookupIterator.nextProviderClass;1217;;
Class.forName;hex.schemas.ModelBuilderSchema;sun.reflect.generics.factory.CoreReflectionFactory.makeNamedType;114;;
Class.forName;hex.schemas.ModelSelectionModelV3$ModelSelectionModelOutputV3;java.util.ServiceLoader$LazyClassPathLookupIterator.nextProviderClass;1217;;
Class.forName;hex.schemas.ModelSelectionModelV3$ModelSelectionModelOutputV3;sun.reflect.generics.factory.CoreReflectionFactory.makeNamedType;114;;
Class.forName;hex.schemas.ModelSelectionModelV3;java.util.ServiceLoader$LazyClassPathLookupIterator.nextProviderClass;1217;;
Class.forName;hex.schemas.ModelSelectionModelV3;sun.reflect.generics.factory.CoreReflectionFactory.makeNamedType;114;;
Class.forName;hex.schemas.ModelSelectionV3$ModelSelectionModeProvider;sun.reflect.generics.factory.CoreReflectionFactory.makeNamedType;114;;
Class.forName;hex.schemas.ModelSelectionV3$ModelSelectionParametersV3;java.util.ServiceLoader$LazyClassPathLookupIterator.nextProviderClass;1217;;
Class.forName;hex.schemas.ModelSelectionV3$ModelSelectionParametersV3;sun.reflect.generics.factory.CoreReflectionFactory.makeNamedType;114;;
Class.forName;hex.schemas.ModelSelectionV3;java.util.ServiceLoader$LazyClassPathLookupIterator.nextProviderClass;1217;;
Class.forName;hex.schemas.ModelSelectionV3;sun.reflect.generics.factory.CoreReflectionFactory.makeNamedType;114;;
Class.forName;hex.schemas.NaiveBayesModelV3$NaiveBayesModelOutputV3;java.util.ServiceLoader$LazyClassPathLookupIterator.nextProviderClass;1217;;
Class.forName;hex.schemas.NaiveBayesModelV3$NaiveBayesModelOutputV3;sun.reflect.generics.factory.CoreReflectionFactory.makeNamedType;114;;
Class.forName;hex.schemas.NaiveBayesModelV3;java.util.ServiceLoader$LazyClassPathLookupIterator.nextProviderClass;1217;;
Class.forName;hex.schemas.NaiveBayesModelV3;sun.reflect.generics.factory.CoreReflectionFactory.makeNamedType;114;;
Class.forName;hex.schemas.NaiveBayesV3$NaiveBayesParametersV3;java.util.ServiceLoader$LazyClassPathLookupIterator.nextProviderClass;1217;;
Class.forName;hex.schemas.NaiveBayesV3$NaiveBayesParametersV3;sun.reflect.generics.factory.CoreReflectionFactory.makeNamedType;114;;
Class.forName;hex.schemas.NaiveBayesV3;java.util.ServiceLoader$LazyClassPathLookupIterator.nextProviderClass;1217;;
Class.forName;hex.schemas.NaiveBayesV3;sun.reflect.generics.factory.CoreReflectionFactory.makeNamedType;114;;
Class.forName;hex.schemas.PCAModelV3$PCAModelOutputV3;java.util.ServiceLoader$LazyClassPathLookupIterator.nextProviderClass;1217;;
Class.forName;hex.schemas.PCAModelV3$PCAModelOutputV3;sun.reflect.generics.factory.CoreReflectionFactory.makeNamedType;114;;
Class.forName;hex.schemas.PCAModelV3;java.util.ServiceLoader$LazyClassPathLookupIterator.nextProviderClass;1217;;
Class.forName;hex.schemas.PCAModelV3;sun.reflect.generics.factory.CoreReflectionFactory.makeNamedType;114;;
Class.forName;hex.schemas.PCAV3$PCAParametersV3;java.util.ServiceLoader$LazyClassPathLookupIterator.nextProviderClass;1217;;
Class.forName;hex.schemas.PCAV3$PCAParametersV3;sun.reflect.generics.factory.CoreReflectionFactory.makeNamedType;114;;
Class.forName;hex.schemas.PCAV3;java.util.ServiceLoader$LazyClassPathLookupIterator.nextProviderClass;1217;;
Class.forName;hex.schemas.PCAV3;sun.reflect.generics.factory.CoreReflectionFactory.makeNamedType;114;;
Class.forName;hex.schemas.PSVMModelV3$PSVMModelOutputV3;java.util.ServiceLoader$LazyClassPathLookupIterator.nextProviderClass;1217;;
Class.forName;hex.schemas.PSVMModelV3$PSVMModelOutputV3;sun.reflect.generics.factory.CoreReflectionFactory.makeNamedType;114;;
Class.forName;hex.schemas.PSVMModelV3;java.util.ServiceLoader$LazyClassPathLookupIterator.nextProviderClass;1217;;
Class.forName;hex.schemas.PSVMModelV3;sun.reflect.generics.factory.CoreReflectionFactory.makeNamedType;114;;
Class.forName;hex.schemas.PSVMV3$PSVMParametersV3;java.util.ServiceLoader$LazyClassPathLookupIterator.nextProviderClass;1217;;
Class.forName;hex.schemas.PSVMV3$PSVMParametersV3;sun.reflect.generics.factory.CoreReflectionFactory.makeNamedType;114;;
Class.forName;hex.schemas.PSVMV3;java.util.ServiceLoader$LazyClassPathLookupIterator.nextProviderClass;1217;;
Class.forName;hex.schemas.PSVMV3;sun.reflect.generics.factory.CoreReflectionFactory.makeNamedType;114;;
Class.forName;hex.schemas.QuantileV3$QuantileParametersV3;java.util.ServiceLoader$LazyClassPathLookupIterator.nextProviderClass;1217;;
Class.forName;hex.schemas.QuantileV3$QuantileParametersV3;sun.reflect.generics.factory.CoreReflectionFactory.makeNamedType;114;;
Class.forName;hex.schemas.QuantileV3;java.util.ServiceLoader$LazyClassPathLookupIterator.nextProviderClass;1217;;
Class.forName;hex.schemas.QuantileV3;sun.reflect.generics.factory.CoreReflectionFactory.makeNamedType;114;;
Class.forName;hex.schemas.RuleFitModelV3$RuleFitModelOutputV3;java.util.ServiceLoader$LazyClassPathLookupIterator.nextProviderClass;1217;;
Class.forName;hex.schemas.RuleFitModelV3$RuleFitModelOutputV3;sun.reflect.generics.factory.CoreReflectionFactory.makeNamedType;114;;
Class.forName;hex.schemas.RuleFitModelV3;java.util.ServiceLoader$LazyClassPathLookupIterator.nextProviderClass;1217;;
Class.forName;hex.schemas.RuleFitModelV3;sun.reflect.generics.factory.CoreReflectionFactory.makeNamedType;114;;
Class.forName;hex.schemas.RuleFitV3$RuleFitParametersV3;java.util.ServiceLoader$LazyClassPathLookupIterator.nextProviderClass;1217;;
Class.forName;hex.schemas.RuleFitV3$RuleFitParametersV3;sun.reflect.generics.factory.CoreReflectionFactory.makeNamedType;114;;
Class.forName;hex.schemas.RuleFitV3;java.util.ServiceLoader$LazyClassPathLookupIterator.nextProviderClass;1217;;
Class.forName;hex.schemas.RuleFitV3;sun.reflect.generics.factory.CoreReflectionFactory.makeNamedType;114;;
Class.forName;hex.schemas.SVDModelV99$SVDModelOutputV99;java.util.ServiceLoader$LazyClassPathLookupIterator.nextProviderClass;1217;;
Class.forName;hex.schemas.SVDModelV99$SVDModelOutputV99;sun.reflect.generics.factory.CoreReflectionFactory.makeNamedType;114;;
Class.forName;hex.schemas.SVDModelV99;java.util.ServiceLoader$LazyClassPathLookupIterator.nextProviderClass;1217;;
Class.forName;hex.schemas.SVDModelV99;sun.reflect.generics.factory.CoreReflectionFactory.makeNamedType;114;;
Class.forName;hex.schemas.SVDV99$SVDParametersV99;java.util.ServiceLoader$LazyClassPathLookupIterator.nextProviderClass;1217;;
Class.forName;hex.schemas.SVDV99$SVDParametersV99;sun.reflect.generics.factory.CoreReflectionFactory.makeNamedType;114;;
Class.forName;hex.schemas.SVDV99;java.util.ServiceLoader$LazyClassPathLookupIterator.nextProviderClass;1217;;
Class.forName;hex.schemas.SVDV99;sun.reflect.generics.factory.CoreReflectionFactory.makeNamedType;114;;
Class.forName;hex.schemas.SharedTreeModelV3$SharedTreeModelOutputV3;java.util.ServiceLoader$LazyClassPathLookupIterator.nextProviderClass;1217;;
Class.forName;hex.schemas.SharedTreeModelV3$SharedTreeModelOutputV3;sun.reflect.generics.factory.CoreReflectionFactory.makeNamedType;114;;
Class.forName;hex.schemas.SharedTreeModelV3;java.util.ServiceLoader$LazyClassPathLookupIterator.nextProviderClass;1217;;
Class.forName;hex.schemas.SharedTreeModelV3;sun.reflect.generics.factory.CoreReflectionFactory.makeNamedType;114;;
Class.forName;hex.schemas.SharedTreeV3$Icer;water.Weaver.javassistLoadClass;115;;
Class.forName;hex.schemas.SharedTreeV3$SharedTreeParametersV3$Icer;water.Weaver.javassistLoadClass;115;;
Class.forName;hex.schemas.SharedTreeV3$SharedTreeParametersV3;java.util.ServiceLoader$LazyClassPathLookupIterator.nextProviderClass;1217;;
Class.forName;hex.schemas.SharedTreeV3$SharedTreeParametersV3;sun.reflect.generics.factory.CoreReflectionFactory.makeNamedType;114;;
Class.forName;hex.schemas.SharedTreeV3;java.util.ServiceLoader$LazyClassPathLookupIterator.nextProviderClass;1217;;
Class.forName;hex.schemas.SharedTreeV3;sun.reflect.generics.factory.CoreReflectionFactory.makeNamedType;114;;
Class.forName;hex.schemas.StackedEnsembleModelV99$StackedEnsembleModelOutputV99;java.util.ServiceLoader$LazyClassPathLookupIterator.nextProviderClass;1217;;
Class.forName;hex.schemas.StackedEnsembleModelV99$StackedEnsembleModelOutputV99;sun.reflect.generics.factory.CoreReflectionFactory.makeNamedType;114;;
Class.forName;hex.schemas.StackedEnsembleModelV99$StackingStrategyProvider;sun.reflect.generics.factory.CoreReflectionFactory.makeNamedType;114;;
Class.forName;hex.schemas.StackedEnsembleModelV99;java.util.ServiceLoader$LazyClassPathLookupIterator.nextProviderClass;1217;;
Class.forName;hex.schemas.StackedEnsembleModelV99;sun.reflect.generics.factory.CoreReflectionFactory.makeNamedType;114;;
Class.forName;hex.schemas.StackedEnsembleV99$StackedEnsembleParametersV99$AlgorithmValuesProvider;sun.reflect.generics.factory.CoreReflectionFactory.makeNamedType;114;;
Class.forName;hex.schemas.StackedEnsembleV99$StackedEnsembleParametersV99;java.util.ServiceLoader$LazyClassPathLookupIterator.nextProviderClass;1217;;
Class.forName;hex.schemas.StackedEnsembleV99$StackedEnsembleParametersV99;sun.reflect.generics.factory.CoreReflectionFactory.makeNamedType;114;;
Class.forName;hex.schemas.StackedEnsembleV99;java.util.ServiceLoader$LazyClassPathLookupIterator.nextProviderClass;1217;;
Class.forName;hex.schemas.StackedEnsembleV99;sun.reflect.generics.factory.CoreReflectionFactory.makeNamedType;114;;
Class.forName;hex.schemas.TargetEncoderModelOutputV3$ColumnsMappingV3;java.util.ServiceLoader$LazyClassPathLookupIterator.nextProviderClass;1217;;
Class.forName;hex.schemas.TargetEncoderModelOutputV3$ColumnsMappingV3;sun.reflect.generics.factory.CoreReflectionFactory.makeNamedType;114;;
Class.forName;hex.schemas.TargetEncoderModelOutputV3;java.util.ServiceLoader$LazyClassPathLookupIterator.nextProviderClass;1217;;
Class.forName;hex.schemas.TargetEncoderModelOutputV3;sun.reflect.generics.factory.CoreReflectionFactory.makeNamedType;114;;
Class.forName;hex.schemas.TargetEncoderModelV3;java.util.ServiceLoader$LazyClassPathLookupIterator.nextProviderClass;1217;;
Class.forName;hex.schemas.TargetEncoderModelV3;sun.reflect.generics.factory.CoreReflectionFactory.makeNamedType;114;;
Class.forName;hex.schemas.TargetEncoderTransformParametersV3;java.util.ServiceLoader$LazyClassPathLookupIterator.nextProviderClass;1217;;
Class.forName;hex.schemas.TargetEncoderTransformParametersV3;sun.reflect.generics.factory.CoreReflectionFactory.makeNamedType;114;;
Class.forName;hex.schemas.TargetEncoderV3$DataLeakageHandlingStrategyProvider;sun.reflect.generics.factory.CoreReflectionFactory.makeNamedType;114;;
Class.forName;hex.schemas.TargetEncoderV3$TargetEncoderParametersV3;java.util.ServiceLoader$LazyClassPathLookupIterator.nextProviderClass;1217;;
Class.forName;hex.schemas.TargetEncoderV3$TargetEncoderParametersV3;sun.reflect.generics.factory.CoreReflectionFactory.makeNamedType;114;;
Class.forName;hex.schemas.TargetEncoderV3;java.util.ServiceLoader$LazyClassPathLookupIterator.nextProviderClass;1217;;
Class.forName;hex.schemas.TargetEncoderV3;sun.reflect.generics.factory.CoreReflectionFactory.makeNamedType;114;;
Class.forName;hex.schemas.TreeStatsV3;java.util.ServiceLoader$LazyClassPathLookupIterator.nextProviderClass;1217;;
Class.forName;hex.schemas.TreeStatsV3;sun.reflect.generics.factory.CoreReflectionFactory.makeNamedType;114;;
Class.forName;hex.schemas.TreeV3;java.util.ServiceLoader$LazyClassPathLookupIterator.nextProviderClass;1217;;
Class.forName;hex.schemas.TreeV3;sun.reflect.generics.factory.CoreReflectionFactory.makeNamedType;114;;
Class.forName;hex.schemas.UpliftDRFModelV3$UpliftDRFModelOutputV3;java.util.ServiceLoader$LazyClassPathLookupIterator.nextProviderClass;1217;;
Class.forName;hex.schemas.UpliftDRFModelV3$UpliftDRFModelOutputV3;sun.reflect.generics.factory.CoreReflectionFactory.makeNamedType;114;;
Class.forName;hex.schemas.UpliftDRFModelV3;java.util.ServiceLoader$LazyClassPathLookupIterator.nextProviderClass;1217;;
Class.forName;hex.schemas.UpliftDRFModelV3;sun.reflect.generics.factory.CoreReflectionFactory.makeNamedType;114;;
Class.forName;hex.schemas.UpliftDRFV3$UpliftDRFParametersV3;java.util.ServiceLoader$LazyClassPathLookupIterator.nextProviderClass;1217;;
Class.forName;hex.schemas.UpliftDRFV3$UpliftDRFParametersV3;sun.reflect.generics.factory.CoreReflectionFactory.makeNamedType;114;;
Class.forName;hex.schemas.UpliftDRFV3;java.util.ServiceLoader$LazyClassPathLookupIterator.nextProviderClass;1217;;
Class.forName;hex.schemas.UpliftDRFV3;sun.reflect.generics.factory.CoreReflectionFactory.makeNamedType;114;;
Class.forName;hex.schemas.Word2VecModelV3$Word2VecModelOutputV3;java.util.ServiceLoader$LazyClassPathLookupIterator.nextProviderClass;1217;;
Class.forName;hex.schemas.Word2VecModelV3$Word2VecModelOutputV3;sun.reflect.generics.factory.CoreReflectionFactory.makeNamedType;114;;
Class.forName;hex.schemas.Word2VecModelV3;java.util.ServiceLoader$LazyClassPathLookupIterator.nextProviderClass;1217;;
Class.forName;hex.schemas.Word2VecModelV3;sun.reflect.generics.factory.CoreReflectionFactory.makeNamedType;114;;
Class.forName;hex.schemas.Word2VecSynonymsV3;java.util.ServiceLoader$LazyClassPathLookupIterator.nextProviderClass;1217;;
Class.forName;hex.schemas.Word2VecSynonymsV3;sun.reflect.generics.factory.CoreReflectionFactory.makeNamedType;114;;
Class.forName;hex.schemas.Word2VecTransformV3;java.util.ServiceLoader$LazyClassPathLookupIterator.nextProviderClass;1217;;
Class.forName;hex.schemas.Word2VecTransformV3;sun.reflect.generics.factory.CoreReflectionFactory.makeNamedType;114;;
Class.forName;hex.schemas.Word2VecV3$Word2VecParametersV3;java.util.ServiceLoader$LazyClassPathLookupIterator.nextProviderClass;1217;;
Class.forName;hex.schemas.Word2VecV3$Word2VecParametersV3;sun.reflect.generics.factory.CoreReflectionFactory.makeNamedType;114;;
Class.forName;hex.schemas.Word2VecV3;java.util.ServiceLoader$LazyClassPathLookupIterator.nextProviderClass;1217;;
Class.forName;hex.schemas.Word2VecV3;sun.reflect.generics.factory.CoreReflectionFactory.makeNamedType;114;;
Class.forName;hex.schemas.XGBoostExecReqV3;java.util.ServiceLoader$LazyClassPathLookupIterator.nextProviderClass;1217;;
Class.forName;hex.schemas.XGBoostExecReqV3;sun.reflect.generics.factory.CoreReflectionFactory.makeNamedType;114;;
Class.forName;hex.schemas.XGBoostExecRespV3;java.util.ServiceLoader$LazyClassPathLookupIterator.nextProviderClass;1217;;
Class.forName;hex.schemas.XGBoostExecRespV3;sun.reflect.generics.factory.CoreReflectionFactory.makeNamedType;114;;
Class.forName;hex.schemas.XGBoostModelV3$XGBoostModelOutputV3;java.util.ServiceLoader$LazyClassPathLookupIterator.nextProviderClass;1217;;
Class.forName;hex.schemas.XGBoostModelV3$XGBoostModelOutputV3;sun.reflect.generics.factory.CoreReflectionFactory.makeNamedType;114;;
Class.forName;hex.schemas.XGBoostModelV3;java.util.ServiceLoader$LazyClassPathLookupIterator.nextProviderClass;1217;;
Class.forName;hex.schemas.XGBoostModelV3;sun.reflect.generics.factory.CoreReflectionFactory.makeNamedType;114;;
Class.forName;hex.schemas.XGBoostV3$XGBoostParametersV3;java.util.ServiceLoader$LazyClassPathLookupIterator.nextProviderClass;1217;;
Class.forName;hex.schemas.XGBoostV3$XGBoostParametersV3;sun.reflect.generics.factory.CoreReflectionFactory.makeNamedType;114;;
Class.forName;hex.schemas.XGBoostV3;java.util.ServiceLoader$LazyClassPathLookupIterator.nextProviderClass;1217;;
Class.forName;hex.schemas.XGBoostV3;sun.reflect.generics.factory.CoreReflectionFactory.makeNamedType;114;;
Class.forName;hex.security.KerberosExtension;java.util.ServiceLoader$LazyClassPathLookupIterator.nextProviderClass;1217;;
Class.forName;hex.segments.SegmentModels;sun.reflect.generics.factory.CoreReflectionFactory.makeNamedType;114;;
Class.forName;hex.segments.SegmentModelsBuilder$SegmentModelsParameters;sun.reflect.generics.factory.CoreReflectionFactory.makeNamedType;114;;
Class.forName;hex.steam.SteamHelloMessenger;java.util.ServiceLoader$LazyClassPathLookupIterator.nextProviderClass;1217;;
Class.forName;hex.steam.SteamWebsocketServletProvider;java.util.ServiceLoader$LazyClassPathLookupIterator.nextProviderClass;1217;;
Class.forName;hex.svd.SVD;sun.reflect.generics.factory.CoreReflectionFactory.makeNamedType;114;;
Class.forName;hex.svd.SVDModel$ModelMetricsSVD;sun.reflect.generics.factory.CoreReflectionFactory.makeNamedType;114;;
Class.forName;hex.svd.SVDModel$SVDOutput;sun.reflect.generics.factory.CoreReflectionFactory.makeNamedType;114;;
Class.forName;hex.svd.SVDModel$SVDParameters;sun.reflect.generics.factory.CoreReflectionFactory.makeNamedType;114;;
Class.forName;hex.svd.SVDModel;sun.reflect.generics.factory.CoreReflectionFactory.makeNamedType;114;;
Class.forName;hex.tree.CompressedTree$Icer;water.Weaver.javassistLoadClass;115;;
Class.forName;hex.tree.Sample$Icer;water.Weaver.javassistLoadClass;115;;
Class.forName;hex.tree.Score$Icer;water.Weaver.javassistLoadClass;115;;
Class.forName;hex.tree.ScoreBuildHistogram$Icer;water.Weaver.javassistLoadClass;115;;
Class.forName;hex.tree.ScoreBuildHistogram2$Icer;water.Weaver.javassistLoadClass;115;;
Class.forName;hex.tree.SharedTree$ComputeModelSize$Icer;water.Weaver.javassistLoadClass;115;;
Class.forName;hex.tree.SharedTree$InitialValue$Icer;water.Weaver.javassistLoadClass;115;;
Class.forName;hex.tree.SharedTree;sun.reflect.generics.factory.CoreReflectionFactory.makeNamedType;114;;
Class.forName;hex.tree.SharedTreeModel$Icer;water.Weaver.javassistLoadClass;115;;
Class.forName;hex.tree.SharedTreeModel$SharedTreeOutput$Icer;water.Weaver.javassistLoadClass;115;;
Class.forName;hex.tree.SharedTreeModel$SharedTreeOutput;sun.reflect.generics.factory.CoreReflectionFactory.makeNamedType;114;;
Class.forName;hex.tree.SharedTreeModel$SharedTreeParameters$Icer;water.Weaver.javassistLoadClass;115;;
Class.forName;hex.tree.SharedTreeModel$SharedTreeParameters;sun.reflect.generics.factory.CoreReflectionFactory.makeNamedType;114;;
Class.forName;hex.tree.SharedTreeModel;sun.reflect.generics.factory.CoreReflectionFactory.makeNamedType;114;;
Class.forName;hex.tree.SharedTreeModelWithContributions$Icer;water.Weaver.javassistLoadClass;115;;
Class.forName;hex.tree.TreeStats$Icer;water.Weaver.javassistLoadClass;115;;
Class.forName;hex.tree.TreeStats;sun.reflect.generics.factory.CoreReflectionFactory.makeNamedType;114;;
Class.forName;hex.tree.drf.DRF$DRFDriver$1$Icer;water.Weaver.javassistLoadClass;115;;
Class.forName;hex.tree.drf.DRF$DRFDriver$CollectPreds$Icer;water.Weaver.javassistLoadClass;115;;
Class.forName;hex.tree.drf.DRF;sun.reflect.generics.factory.CoreReflectionFactory.makeNamedType;114;;
Class.forName;hex.tree.drf.DRFModel$DRFOutput$Icer;water.Weaver.javassistLoadClass;115;;
Class.forName;hex.tree.drf.DRFModel$DRFOutput;sun.reflect.generics.factory.CoreReflectionFactory.makeNamedType;114;;
Class.forName;hex.tree.drf.DRFModel$DRFParameters$Icer;water.Weaver.javassistLoadClass;115;;
Class.forName;hex.tree.drf.DRFModel$DRFParameters;sun.reflect.generics.factory.CoreReflectionFactory.makeNamedType;114;;
Class.forName;hex.tree.drf.DRFModel$Icer;water.Weaver.javassistLoadClass;115;;
Class.forName;hex.tree.drf.DRFModel;sun.reflect.generics.factory.CoreReflectionFactory.makeNamedType;114;;
Class.forName;hex.tree.drf.DRFModel;water.TypeMap.getIcedId;152;;
Class.forName;hex.tree.drf.DRFModel;water.TypeMap.theFreezable;306;;
Class.forName;hex.tree.dt.DT;sun.reflect.generics.factory.CoreReflectionFactory.makeNamedType;114;;
Class.forName;hex.tree.dt.DTModel$DTOutput;sun.reflect.generics.factory.CoreReflectionFactory.makeNamedType;114;;
Class.forName;hex.tree.dt.DTModel$DTParameters;sun.reflect.generics.factory.CoreReflectionFactory.makeNamedType;114;;
Class.forName;hex.tree.dt.DTModel;sun.reflect.generics.factory.CoreReflectionFactory.makeNamedType;114;;
Class.forName;hex.tree.gbm.GBM;sun.reflect.generics.factory.CoreReflectionFactory.makeNamedType;114;;
Class.forName;hex.tree.gbm.GBMModel$GBMOutput;sun.reflect.generics.factory.CoreReflectionFactory.makeNamedType;114;;
Class.forName;hex.tree.gbm.GBMModel$GBMParameters;sun.reflect.generics.factory.CoreReflectionFactory.makeNamedType;114;;
Class.forName;hex.tree.gbm.GBMModel;sun.reflect.generics.factory.CoreReflectionFactory.makeNamedType;114;;
Class.forName;hex.tree.isofor.IsolationForest;sun.reflect.generics.factory.CoreReflectionFactory.makeNamedType;114;;
Class.forName;hex.tree.isofor.IsolationForestModel$IsolationForestOutput;sun.reflect.generics.factory.CoreReflectionFactory.makeNamedType;114;;
Class.forName;hex.tree.isofor.IsolationForestModel$IsolationForestParameters;sun.reflect.generics.factory.CoreReflectionFactory.makeNamedType;114;;
Class.forName;hex.tree.isofor.IsolationForestModel;sun.reflect.generics.factory.CoreReflectionFactory.makeNamedType;114;;
Class.forName;hex.tree.isofor.ModelMetricsAnomaly;sun.reflect.generics.factory.CoreReflectionFactory.makeNamedType;114;;
Class.forName;hex.tree.isoforextended.ExtendedIsolationForest;sun.reflect.generics.factory.CoreReflectionFactory.makeNamedType;114;;
Class.forName;hex.tree.isoforextended.ExtendedIsolationForestModel$ExtendedIsolationForestOutput;sun.reflect.generics.factory.CoreReflectionFactory.makeNamedType;114;;
Class.forName;hex.tree.isoforextended.ExtendedIsolationForestModel$ExtendedIsolationForestParameters;sun.reflect.generics.factory.CoreReflectionFactory.makeNamedType;114;;
Class.forName;hex.tree.isoforextended.ExtendedIsolationForestModel;sun.reflect.generics.factory.CoreReflectionFactory.makeNamedType;114;;
Class.forName;hex.tree.uplift.UpliftDRF;sun.reflect.generics.factory.CoreReflectionFactory.makeNamedType;114;;
Class.forName;hex.tree.uplift.UpliftDRFModel$UpliftDRFOutput;sun.reflect.generics.factory.CoreReflectionFactory.makeNamedType;114;;
Class.forName;hex.tree.uplift.UpliftDRFModel$UpliftDRFParameters;sun.reflect.generics.factory.CoreReflectionFactory.makeNamedType;114;;
Class.forName;hex.tree.uplift.UpliftDRFModel;sun.reflect.generics.factory.CoreReflectionFactory.makeNamedType;114;;
Class.forName;hex.tree.xgboost.XGBoost;sun.reflect.generics.factory.CoreReflectionFactory.makeNamedType;114;;
Class.forName;hex.tree.xgboost.XGBoostExtension;java.util.ServiceLoader$LazyClassPathLookupIterator.nextProviderClass;1217;;
Class.forName;hex.tree.xgboost.XGBoostModel$XGBoostParameters;sun.reflect.generics.factory.CoreReflectionFactory.makeNamedType;114;;
Class.forName;hex.tree.xgboost.XGBoostModel;sun.reflect.generics.factory.CoreReflectionFactory.makeNamedType;114;;
Class.forName;hex.tree.xgboost.XGBoostOutput;sun.reflect.generics.factory.CoreReflectionFactory.makeNamedType;114;;
Class.forName;hex.tree.xgboost.XGBoostTypeMapExtension;java.util.ServiceLoader$LazyClassPathLookupIterator.nextProviderClass;1217;;
Class.forName;hex.tree.xgboost.remote.RemoteXGBoostServletProvider;java.util.ServiceLoader$LazyClassPathLookupIterator.nextProviderClass;1217;;
Class.forName;hex.tree.xgboost.remote.SteamExecutorStarter;java.util.ServiceLoader$LazyClassPathLookupIterator.nextProviderClass;1217;;
Class.forName;hex.tree.xgboost.util.NativeLibraryLoaderChain;java.util.ServiceLoader$LazyClassPathLookupIterator.nextProviderClass;1217;;
Class.forName;hex.word2vec.Word2Vec;sun.reflect.generics.factory.CoreReflectionFactory.makeNamedType;114;;
Class.forName;hex.word2vec.Word2VecModel$Word2VecOutput;sun.reflect.generics.factory.CoreReflectionFactory.makeNamedType;114;;
Class.forName;hex.word2vec.Word2VecModel$Word2VecParameters;sun.reflect.generics.factory.CoreReflectionFactory.makeNamedType;114;;
Class.forName;hex.word2vec.Word2VecModel;sun.reflect.generics.factory.CoreReflectionFactory.makeNamedType;114;;
Class.forName;java.io.File;sun.reflect.generics.factory.CoreReflectionFactory.makeNamedType;114;;
Class.forName;java.io.FilePermission;org.objectweb.asm.ClassWriter.getCommonSuperClass;1043;;
Class.forName;java.io.IOException;org.objectweb.asm.ClassWriter.getCommonSuperClass;1043;;
Class.forName;java.lang.Boolean;com.sun.jmx.mbeanserver.DefaultMXBeanMappingFactory.<clinit>;204;;
Class.forName;java.lang.Boolean;com.sun.jmx.mbeanserver.MXBeanMapping.makeOpenClass;172;;
Class.forName;java.lang.Boolean;net.sf.ezmorph.object.BooleanObjectMorpher.morphsTo;120;;
Class.forName;java.lang.Boolean;sun.reflect.generics.factory.CoreReflectionFactory.makeNamedType;114;;
Class.forName;java.lang.Boolean[];com.sun.jmx.mbeanserver.MXBeanMapping.makeOpenClass;172;;
Class.forName;java.lang.Boolean[];net.sf.ezmorph.array.BooleanArrayMorpher.<clinit>;34;;
Class.forName;java.lang.Byte;com.sun.jmx.mbeanserver.DefaultMXBeanMappingFactory.<clinit>;204;;
Class.forName;java.lang.Byte;com.sun.jmx.mbeanserver.MXBeanMapping.makeOpenClass;172;;
Class.forName;java.lang.Byte;net.sf.ezmorph.MorphUtils.registerStandardObjectMorphers;139;;
Class.forName;java.lang.Byte;net.sf.ezmorph.object.NumberMorpher.<init>;88;;
Class.forName;java.lang.Byte;sun.reflect.generics.factory.CoreReflectionFactory.makeNamedType;114;;
Class.forName;java.lang.Byte[];com.sun.jmx.mbeanserver.MXBeanMapping.makeOpenClass;172;;
Class.forName;java.lang.Byte[];net.sf.ezmorph.array.ByteArrayMorpher.<clinit>;34;;
Class.forName;java.lang.Character;com.sun.jmx.mbeanserver.DefaultMXBeanMappingFactory.<clinit>;204;;
Class.forName;java.lang.Character;com.sun.jmx.mbeanserver.MXBeanMapping.makeOpenClass;172;;
Class.forName;java.lang.Character;net.sf.ezmorph.object.CharacterObjectMorpher.morphsTo;117;;
Class.forName;java.lang.Character;sun.reflect.generics.factory.CoreReflectionFactory.makeNamedType;114;;
Class.forName;java.lang.Character[];com.sun.jmx.mbeanserver.MXBeanMapping.makeOpenClass;172;;
Class.forName;java.lang.Character[];net.sf.ezmorph.array.CharArrayMorpher.<clinit>;34;;
Class.forName;java.lang.Class;java.lang.reflect.Proxy$ProxyBuilder.ensureVisible;879;;
Class.forName;java.lang.Class;net.sf.ezmorph.object.ClassMorpher.morphsTo;78;;
Class.forName;java.lang.Class;net.sf.json.AbstractJSON.class$;53;;
Class.forName;java.lang.Class;sun.reflect.generics.factory.CoreReflectionFactory.makeNamedType;114;;
Class.forName;java.lang.Deprecated;java.lang.reflect.Proxy$ProxyBuilder.ensureVisible;879;;
Class.forName;java.lang.Deprecated;jdk.proxy1.$Proxy16.<clinit>;;;
Class.forName;java.lang.Deprecated;sun.reflect.generics.factory.CoreReflectionFactory.makeNamedType;114;;
Class.forName;java.lang.Double;com.sun.jmx.mbeanserver.DefaultMXBeanMappingFactory.<clinit>;204;;
Class.forName;java.lang.Double;com.sun.jmx.mbeanserver.MXBeanMapping.makeOpenClass;172;;
Class.forName;java.lang.Double;net.sf.ezmorph.MorphUtils.registerStandardObjectMorphers;144;;
Class.forName;java.lang.Double;net.sf.ezmorph.object.NumberMorpher.<init>;91;;
Class.forName;java.lang.Double;sun.reflect.generics.factory.CoreReflectionFactory.makeNamedType;114;;
Class.forName;java.lang.Double[];com.sun.jmx.mbeanserver.MXBeanMapping.makeOpenClass;172;;
Class.forName;java.lang.Double[];net.sf.ezmorph.array.DoubleArrayMorpher.<clinit>;34;;
Class.forName;java.lang.Error;jdk.internal.org.objectweb.asm.ClassWriter.getCommonSuperClass;1055;;
Class.forName;java.lang.Float;com.sun.jmx.mbeanserver.DefaultMXBeanMappingFactory.<clinit>;204;;
Class.forName;java.lang.Float;com.sun.jmx.mbeanserver.MXBeanMapping.makeOpenClass;172;;
Class.forName;java.lang.Float;net.sf.ezmorph.MorphUtils.registerStandardObjectMorphers;143;;
Class.forName;java.lang.Float;net.sf.ezmorph.object.NumberMorpher.<init>;90;;
Class.forName;java.lang.Float;sun.reflect.generics.factory.CoreReflectionFactory.makeNamedType;114;;
Class.forName;java.lang.Float[];com.sun.jmx.mbeanserver.MXBeanMapping.makeOpenClass;172;;
Class.forName;java.lang.Float[];net.sf.ezmorph.array.FloatArrayMorpher.<clinit>;34;;
Class.forName;java.lang.Integer;com.sun.jmx.mbeanserver.DefaultMXBeanMappingFactory.<clinit>;204;;
Class.forName;java.lang.Integer;com.sun.jmx.mbeanserver.MXBeanMapping.makeOpenClass;172;;
Class.forName;java.lang.Integer;net.sf.ezmorph.MorphUtils.registerStandardObjectMorphers;141;;
Class.forName;java.lang.Integer;net.sf.ezmorph.object.NumberMorpher.<init>;89;;
Class.forName;java.lang.Integer;sun.reflect.generics.factory.CoreReflectionFactory.makeNamedType;114;;
Class.forName;java.lang.Integer[];com.sun.jmx.mbeanserver.MXBeanMapping.makeOpenClass;172;;
Class.forName;java.lang.Integer[];net.sf.ezmorph.array.IntArrayMorpher.<clinit>;34;;
Class.forName;java.lang.Long;com.sun.jmx.mbeanserver.DefaultMXBeanMappingFactory.<clinit>;204;;
Class.forName;java.lang.Long;com.sun.jmx.mbeanserver.MXBeanMapping.makeOpenClass;172;;
Class.forName;java.lang.Long;net.sf.ezmorph.MorphUtils.registerStandardObjectMorphers;142;;
Class.forName;java.lang.Long;net.sf.ezmorph.object.NumberMorpher.<init>;90;;
Class.forName;java.lang.Long;sun.reflect.generics.factory.CoreReflectionFactory.makeNamedType;114;;
Class.forName;java.lang.Long[];com.sun.jmx.mbeanserver.MXBeanMapping.makeOpenClass;172;;
Class.forName;java.lang.Long[];net.sf.ezmorph.array.LongArrayMorpher.<clinit>;34;;
Class.forName;java.lang.Module;javassist.bytecode.ClassFile.<clinit>;170;;
Class.forName;java.lang.Object;java.lang.reflect.Proxy$ProxyBuilder.ensureVisible;879;;
Class.forName;java.lang.Object;jdk.proxy1.$Proxy0.<clinit>;;;
Class.forName;java.lang.Object;jdk.proxy1.$Proxy16.<clinit>;;;
Class.forName;java.lang.Object;jdk.proxy1.$Proxy7.<clinit>;;;
Class.forName;java.lang.Object;jdk.proxy1.$Proxy8.<clinit>;;;
Class.forName;java.lang.Object;jdk.proxy2.$Proxy1.<clinit>;;;
Class.forName;java.lang.Object;jdk.proxy2.$Proxy10.<clinit>;;;
Class.forName;java.lang.Object;jdk.proxy2.$Proxy11.<clinit>;;;
Class.forName;java.lang.Object;jdk.proxy2.$Proxy12.<clinit>;;;
Class.forName;java.lang.Object;jdk.proxy2.$Proxy13.<clinit>;;;
Class.forName;java.lang.Object;jdk.proxy2.$Proxy14.<clinit>;;;
Class.forName;java.lang.Object;jdk.proxy2.$Proxy15.<clinit>;;;
Class.forName;java.lang.Object;jdk.proxy2.$Proxy17.<clinit>;;;
Class.forName;java.lang.Object;jdk.proxy2.$Proxy2.<clinit>;;;
Class.forName;java.lang.Object;jdk.proxy2.$Proxy3.<clinit>;;;
Class.forName;java.lang.Object;jdk.proxy2.$Proxy4.<clinit>;;;
Class.forName;java.lang.Object;jdk.proxy2.$Proxy5.<clinit>;;;
Class.forName;java.lang.Object;jdk.proxy2.$Proxy6.<clinit>;;;
Class.forName;java.lang.Object;jdk.proxy2.$Proxy9.<clinit>;;;
Class.forName;java.lang.Object;net.sf.ezmorph.array.ObjectArrayMorpher.setMorpher;151;;
Class.forName;java.lang.Object;org.objectweb.asm.ClassWriter.getCommonSuperClass;1043;;
Class.forName;java.lang.Object;org.objectweb.asm.ClassWriter.getCommonSuperClass;1049;;
Class.forName;java.lang.Object;sun.reflect.generics.factory.CoreReflectionFactory.makeNamedType;114;;
Class.forName;java.lang.RuntimeException;jdk.internal.org.objectweb.asm.ClassWriter.getCommonSuperClass;1061;;
Class.forName;java.lang.SecurityManager;org.objectweb.asm.ClassWriter.getCommonSuperClass;1043;;
Class.forName;java.lang.Short;com.sun.jmx.mbeanserver.DefaultMXBeanMappingFactory.<clinit>;204;;
Class.forName;java.lang.Short;com.sun.jmx.mbeanserver.MXBeanMapping.makeOpenClass;172;;
Class.forName;java.lang.Short;net.sf.ezmorph.MorphUtils.registerStandardObjectMorphers;140;;
Class.forName;java.lang.Short;net.sf.ezmorph.object.NumberMorpher.<init>;89;;
Class.forName;java.lang.Short;sun.reflect.generics.factory.CoreReflectionFactory.makeNamedType;114;;
Class.forName;java.lang.Short[];com.sun.jmx.mbeanserver.MXBeanMapping.makeOpenClass;172;;
Class.forName;java.lang.Short[];net.sf.ezmorph.array.ShortArrayMorpher.<clinit>;34;;
Class.forName;java.lang.String;com.sun.jmx.mbeanserver.DefaultMXBeanMappingFactory.<clinit>;204;;
Class.forName;java.lang.String;com.sun.jmx.mbeanserver.MXBeanMapping.makeOpenClass;172;;
Class.forName;java.lang.String;java.lang.reflect.Proxy$ProxyBuilder.ensureVisible;879;;
Class.forName;java.lang.String;net.sf.ezmorph.object.StringMorpher.morphsTo;73;;
Class.forName;java.lang.String;net.sf.json.util.JSONUtils.class$;174;;
Class.forName;java.lang.String;org.apache.commons.logging.impl.LogFactoryImpl.class$;210;;
Class.forName;java.lang.String;org.objectweb.asm.ClassWriter.getCommonSuperClass;1043;;
Class.forName;java.lang.String;org.objectweb.asm.ClassWriter.getCommonSuperClass;1049;;
Class.forName;java.lang.String;sun.reflect.generics.factory.CoreReflectionFactory.makeNamedType;114;;
Class.forName;java.lang.StringBuilder;javassist.bytecode.ClassFile.<clinit>;162;;
Class.forName;java.lang.String[];com.sun.jmx.mbeanserver.DefaultMXBeanMappingFactory.makeArrayOrCollectionMapping;331;;
Class.forName;java.lang.String[];com.sun.jmx.mbeanserver.MXBeanMapping.makeOpenClass;172;;
Class.forName;java.lang.Throwable;org.objectweb.asm.ClassWriter.getCommonSuperClass;1043;;
Class.forName;java.lang.Void;com.sun.jmx.mbeanserver.DefaultMXBeanMappingFactory.<clinit>;204;;
Class.forName;java.lang.Void;com.sun.jmx.mbeanserver.MXBeanMapping.makeOpenClass;172;;
Class.forName;java.lang.annotation.Annotation;javassist.bytecode.annotation.AnnotationImpl.<clinit>;51;;
Class.forName;java.lang.annotation.Documented;java.lang.reflect.Proxy$ProxyBuilder.ensureVisible;879;;
Class.forName;java.lang.annotation.Documented;jdk.proxy1.$Proxy7.<clinit>;;;
Class.forName;java.lang.annotation.Documented;sun.reflect.generics.factory.CoreReflectionFactory.makeNamedType;114;;
Class.forName;java.lang.annotation.ElementType;java.lang.reflect.Proxy$ProxyBuilder.ensureVisible;879;;
Class.forName;java.lang.annotation.ElementType;sun.reflect.generics.factory.CoreReflectionFactory.makeNamedType;114;;
Class.forName;java.lang.annotation.Retention;java.lang.reflect.Proxy$ProxyBuilder.ensureVisible;879;;
Class.forName;java.lang.annotation.Retention;jdk.proxy1.$Proxy0.<clinit>;;;
Class.forName;java.lang.annotation.Retention;sun.reflect.generics.factory.CoreReflectionFactory.makeNamedType;114;;
Class.forName;java.lang.annotation.RetentionPolicy;java.lang.reflect.Proxy$ProxyBuilder.ensureVisible;879;;
Class.forName;java.lang.annotation.RetentionPolicy;sun.reflect.generics.factory.CoreReflectionFactory.makeNamedType;114;;
Class.forName;java.lang.annotation.Target;java.lang.reflect.Proxy$ProxyBuilder.ensureVisible;879;;
Class.forName;java.lang.annotation.Target;jdk.proxy1.$Proxy8.<clinit>;;;
Class.forName;java.lang.annotation.Target;sun.reflect.generics.factory.CoreReflectionFactory.makeNamedType;114;;
Class.forName;java.lang.invoke.CallSite;javassist.bytecode.ClassFile.<clinit>;166;;
Class.forName;java.lang.management.ManagementFactory;org.eclipse.jetty.util.Uptime$DefaultImpl.<init>;46;;
Class.forName;java.lang.management.ManagementPermission;com.sun.management.internal.DiagnosticCommandImpl$Wrapper.<init>;118;;
Class.forName;java.lang.management.MemoryUsage;sun.reflect.generics.factory.CoreReflectionFactory.makeNamedType;114;;
Class.forName;java.lang.management.RuntimeMXBean;org.eclipse.jetty.util.Uptime$DefaultImpl.<init>;47;;
Class.forName;java.math.BigDecimal;com.sun.jmx.mbeanserver.DefaultMXBeanMappingFactory.<clinit>;204;;
Class.forName;java.math.BigDecimal;com.sun.jmx.mbeanserver.MXBeanMapping.makeOpenClass;172;;
Class.forName;java.math.BigDecimal;net.sf.ezmorph.MorphUtils.registerStandardObjectMorphers;146;;
Class.forName;java.math.BigDecimal;net.sf.ezmorph.object.NumberMorpher.<init>;92;;
Class.forName;java.math.BigDecimal;sun.reflect.generics.factory.CoreReflectionFactory.makeNamedType;114;;
Class.forName;java.math.BigInteger;com.sun.jmx.mbeanserver.DefaultMXBeanMappingFactory.<clinit>;204;;
Class.forName;java.math.BigInteger;com.sun.jmx.mbeanserver.MXBeanMapping.makeOpenClass;172;;
Class.forName;java.math.BigInteger;net.sf.ezmorph.MorphUtils.registerStandardObjectMorphers;145;;
Class.forName;java.math.BigInteger;net.sf.ezmorph.object.NumberMorpher.<init>;91;;
Class.forName;java.math.BigInteger;sun.reflect.generics.factory.CoreReflectionFactory.makeNamedType;114;;
Class.forName;java.net.Inet6AddressImpl;java.net.InetAddress.loadImpl;1713;;
Class.forName;java.net.InetAddress;sun.reflect.generics.factory.CoreReflectionFactory.makeNamedType;114;;
Class.forName;java.net.SocketPermission;org.objectweb.asm.ClassWriter.getCommonSuperClass;1043;;
Class.forName;java.net.URI;sun.reflect.generics.factory.CoreReflectionFactory.makeNamedType;114;;
Class.forName;java.net.URL;org.objectweb.asm.ClassWriter.getCommonSuperClass;1049;;
Class.forName;java.net.URL;sun.reflect.generics.factory.CoreReflectionFactory.makeNamedType;114;;
Class.forName;java.nio.charset.Charset;sun.reflect.generics.factory.CoreReflectionFactory.makeNamedType;114;;
Class.forName;java.nio.file.Path;sun.reflect.generics.factory.CoreReflectionFactory.makeNamedType;114;;
Class.forName;java.security.Permission;org.objectweb.asm.ClassWriter.getCommonSuperClass;1043;;
Class.forName;java.security.Permission;org.objectweb.asm.ClassWriter.getCommonSuperClass;1049;;
Class.forName;java.security.Provider;sun.reflect.generics.factory.CoreReflectionFactory.makeNamedType;114;;
Class.forName;java.security.SecureRandomParameters;java.security.Provider$Service.newInstance;1843;;
Class.forName;java.sql.Date;com.google.gson.internal.sql.SqlTypesSupport.<clinit>;37;;
Class.forName;java.util.Date;com.sun.jmx.mbeanserver.DefaultMXBeanMappingFactory.<clinit>;204;;
Class.forName;java.util.Date;com.sun.jmx.mbeanserver.MXBeanMapping.makeOpenClass;172;;
Class.forName;java.util.ImmutableCollections$Access;jdk.internal.access.SharedSecrets.getJavaUtilCollectionAccess;95;;
Class.forName;java.util.Iterator;org.objectweb.asm.ClassWriter.getCommonSuperClass;1049;;
Class.forName;java.util.List;net.sf.json.JsonConfig.class$;64;;
Class.forName;java.util.List;sun.reflect.generics.factory.CoreReflectionFactory.makeNamedType;114;;
Class.forName;java.util.Map;sun.reflect.generics.factory.CoreReflectionFactory.makeNamedType;114;;
Class.forName;java.util.Optional;javassist.bytecode.ClassFile.<clinit>;174;;
Class.forName;java.util.PropertyPermission;com.sun.management.internal.DiagnosticCommandImpl$Wrapper.<init>;118;;
Class.forName;java.util.UUID;sun.reflect.generics.factory.CoreReflectionFactory.makeNamedType;114;;
Class.forName;java.util.function.Function;javassist.bytecode.ClassFile.<clinit>;168;;
Class.forName;java.util.jar.JarEntry;org.objectweb.asm.ClassWriter.getCommonSuperClass;1049;;
Class.forName;java.util.logging.LogManager;sun.management.ManagementFactoryHelper$LoggingMXBeanAccess$1.run;201;;
Class.forName;java.util.logging.LoggingMXBean;sun.management.ManagementFactoryHelper$LoggingMXBeanAccess$1.run;201;;
Class.forName;java.util.regex.Pattern;sun.reflect.generics.factory.CoreReflectionFactory.makeNamedType;114;;
Class.forName;java.util.zip.DeflaterInputStream;javassist.bytecode.ClassFile.<clinit>;164;;
Class.forName;javax.management.ObjectName;com.sun.jmx.mbeanserver.DefaultMXBeanMappingFactory.<clinit>;204;;
Class.forName;javax.management.ObjectName;com.sun.jmx.mbeanserver.MXBeanMapping.makeOpenClass;172;;
Class.forName;javax.management.openmbean.CompositeData;com.sun.jmx.mbeanserver.MXBeanMapping.makeOpenClass;172;;
Class.forName;javax.management.openmbean.CompositeData[];com.sun.jmx.mbeanserver.DefaultMXBeanMappingFactory.makeArrayOrCollectionMapping;331;;
Class.forName;javax.management.openmbean.CompositeData[];com.sun.jmx.mbeanserver.MXBeanMapping.makeOpenClass;172;;
Class.forName;javax.management.openmbean.TabularData;com.sun.jmx.mbeanserver.MXBeanMapping.makeOpenClass;172;;
Class.forName;javax.xml.parsers.FactoryFinder;javax.xml.parsers.FactoryFinder.class$;;;
Class.forName;jdk.internal.jrtfs.JrtFileSystemProvider;java.util.ServiceLoader$LazyClassPathLookupIterator.nextProviderClass;1217;;
Class.forName;jdk.internal.jrtfs.JrtFileSystemProvider;java.util.ServiceLoader.loadProvider;859;;
Class.forName;jdk.management.jfr.ConfigurationInfo;sun.reflect.generics.factory.CoreReflectionFactory.makeNamedType;114;;
Class.forName;jdk.management.jfr.EventTypeInfo;sun.reflect.generics.factory.CoreReflectionFactory.makeNamedType;114;;
Class.forName;jdk.management.jfr.RecordingInfo;sun.reflect.generics.factory.CoreReflectionFactory.makeNamedType;114;;
Class.forName;jdk.management.jfr.SettingDescriptorInfo;sun.reflect.generics.factory.CoreReflectionFactory.makeNamedType;114;;
Class.forName;jdk.management.jfr.internal.FlightRecorderMXBeanProvider;java.util.ServiceLoader.loadProvider;859;;
Class.forName;jdk.net.ExtendedSocketOptions;sun.net.ext.ExtendedSocketOptions.getInstance;178;;
Class.forName;jdk.net.LinuxSocketOptions;jdk.net.ExtendedSocketOptions$PlatformSocketOptions.newInstance;352;;
Class.forName;jdk.nio.zipfs.ZipFileSystemProvider;java.util.ServiceLoader.loadProvider;859;;
Class.forName;net.sf.json.AbstractJSON;net.sf.json.AbstractJSON.class$;53;;
Class.forName;net.sf.json.JSONArray;org.dacapo.h2o.RestUtil.<init>;50;;
Class.forName;net.sf.json.JSONObject;org.dacapo.h2o.DacapoH2OFacade.<init>;87;;
Class.forName;net.sf.json.JSONObject;org.dacapo.h2o.RestUtil.<init>;45;;
Class.forName;org.apache.commons.logging.LogFactory;org.apache.commons.logging.LogFactory.class$;1021;;
Class.forName;org.apache.commons.logging.LogFactory;org.apache.commons.logging.impl.LogFactoryImpl.class$;210;;
Class.forName;org.apache.commons.logging.impl.Log4JLogger;org.apache.commons.logging.impl.Log4JLogger.class$;53;;
Class.forName;org.apache.commons.logging.impl.Log4JLogger;org.apache.commons.logging.impl.LogFactoryImpl.createLogFromClass;998;;
Class.forName;org.apache.commons.logging.impl.LogFactoryImpl;org.apache.commons.logging.impl.LogFactoryImpl.class$;210;;
Class.forName;org.apache.commons.logging.impl.WeakHashtable;org.apache.commons.logging.LogFactory.createFactoryStore;331;;
Class.forName;org.apache.log4j.Level;org.apache.commons.logging.impl.Log4JLogger.class$;53;;
Class.forName;org.apache.log4j.Priority;org.apache.commons.logging.impl.Log4JLogger.class$;53;;
Class.forName;org.apache.logging.log4j.Level;sun.reflect.generics.factory.CoreReflectionFactory.makeNamedType;114;;
Class.forName;org.apache.logging.log4j.core.Logger;org.apache.log4j.Category.<clinit>;63;;
Class.forName;org.apache.logging.log4j.core.LoggerContext;org.apache.log4j.LogManager.<clinit>;76;;
Class.forName;org.apache.logging.log4j.core.appender.rolling.action.Duration;sun.reflect.generics.factory.CoreReflectionFactory.makeNamedType;114;;
Class.forName;org.apache.logging.log4j.core.config.Order;java.lang.reflect.Proxy$ProxyBuilder.ensureVisible;879;;
Class.forName;org.apache.logging.log4j.core.config.Order;jdk.proxy2.$Proxy3.<clinit>;;;
Class.forName;org.apache.logging.log4j.core.config.Order;sun.reflect.generics.factory.CoreReflectionFactory.makeNamedType;114;;
Class.forName;org.apache.logging.log4j.core.config.plugins.Plugin;java.lang.reflect.Proxy$ProxyBuilder.ensureVisible;879;;
Class.forName;org.apache.logging.log4j.core.config.plugins.Plugin;jdk.proxy2.$Proxy1.<clinit>;;;
Class.forName;org.apache.logging.log4j.core.config.plugins.Plugin;sun.reflect.generics.factory.CoreReflectionFactory.makeNamedType;114;;
Class.forName;org.apache.logging.log4j.core.config.plugins.PluginAliases;java.lang.reflect.Proxy$ProxyBuilder.ensureVisible;879;;
Class.forName;org.apache.logging.log4j.core.config.plugins.PluginAliases;jdk.proxy2.$Proxy4.<clinit>;;;
Class.forName;org.apache.logging.log4j.core.config.plugins.PluginAliases;sun.reflect.generics.factory.CoreReflectionFactory.makeNamedType;114;;
Class.forName;org.apache.logging.log4j.core.config.plugins.PluginAttribute;java.lang.reflect.Proxy$ProxyBuilder.ensureVisible;879;;
Class.forName;org.apache.logging.log4j.core.config.plugins.PluginAttribute;jdk.proxy2.$Proxy15.<clinit>;;;
Class.forName;org.apache.logging.log4j.core.config.plugins.PluginAttribute;sun.reflect.generics.factory.CoreReflectionFactory.makeNamedType;114;;
Class.forName;org.apache.logging.log4j.core.config.plugins.PluginBuilderAttribute;java.lang.reflect.Proxy$ProxyBuilder.ensureVisible;879;;
Class.forName;org.apache.logging.log4j.core.config.plugins.PluginBuilderAttribute;jdk.proxy2.$Proxy6.<clinit>;;;
Class.forName;org.apache.logging.log4j.core.config.plugins.PluginBuilderAttribute;sun.reflect.generics.factory.CoreReflectionFactory.makeNamedType;114;;
Class.forName;org.apache.logging.log4j.core.config.plugins.PluginBuilderFactory;java.lang.reflect.Proxy$ProxyBuilder.ensureVisible;879;;
Class.forName;org.apache.logging.log4j.core.config.plugins.PluginBuilderFactory;jdk.proxy2.$Proxy5.<clinit>;;;
Class.forName;org.apache.logging.log4j.core.config.plugins.PluginBuilderFactory;sun.reflect.generics.factory.CoreReflectionFactory.makeNamedType;114;;
Class.forName;org.apache.logging.log4j.core.config.plugins.PluginConfiguration;java.lang.reflect.Proxy$ProxyBuilder.ensureVisible;879;;
Class.forName;org.apache.logging.log4j.core.config.plugins.PluginConfiguration;jdk.proxy2.$Proxy11.<clinit>;;;
Class.forName;org.apache.logging.log4j.core.config.plugins.PluginConfiguration;sun.reflect.generics.factory.CoreReflectionFactory.makeNamedType;114;;
Class.forName;org.apache.logging.log4j.core.config.plugins.PluginElement;java.lang.reflect.Proxy$ProxyBuilder.ensureVisible;879;;
Class.forName;org.apache.logging.log4j.core.config.plugins.PluginElement;jdk.proxy2.$Proxy10.<clinit>;;;
Class.forName;org.apache.logging.log4j.core.config.plugins.PluginElement;sun.reflect.generics.factory.CoreReflectionFactory.makeNamedType;114;;
Class.forName;org.apache.logging.log4j.core.config.plugins.PluginFactory;java.lang.reflect.Proxy$ProxyBuilder.ensureVisible;879;;
Class.forName;org.apache.logging.log4j.core.config.plugins.PluginFactory;jdk.proxy2.$Proxy14.<clinit>;;;
Class.forName;org.apache.logging.log4j.core.config.plugins.PluginFactory;sun.reflect.generics.factory.CoreReflectionFactory.makeNamedType;114;;
Class.forName;org.apache.logging.log4j.core.config.plugins.PluginVisitorStrategy;java.lang.reflect.Proxy$ProxyBuilder.ensureVisible;879;;
Class.forName;org.apache.logging.log4j.core.config.plugins.PluginVisitorStrategy;jdk.proxy2.$Proxy9.<clinit>;;;
Class.forName;org.apache.logging.log4j.core.config.plugins.PluginVisitorStrategy;sun.reflect.generics.factory.CoreReflectionFactory.makeNamedType;114;;
Class.forName;org.apache.logging.log4j.core.config.plugins.convert.TypeConverter;sun.reflect.generics.factory.CoreReflectionFactory.makeNamedType;114;;
Class.forName;org.apache.logging.log4j.core.config.plugins.validation.Constraint;java.lang.reflect.Proxy$ProxyBuilder.ensureVisible;879;;
Class.forName;org.apache.logging.log4j.core.config.plugins.validation.Constraint;jdk.proxy2.$Proxy13.<clinit>;;;
Class.forName;org.apache.logging.log4j.core.config.plugins.validation.Constraint;sun.reflect.generics.factory.CoreReflectionFactory.makeNamedType;114;;
Class.forName;org.apache.logging.log4j.core.config.plugins.validation.ConstraintValidator;sun.reflect.generics.factory.CoreReflectionFactory.makeNamedType;114;;
Class.forName;org.apache.logging.log4j.core.config.plugins.validation.constraints.Required;java.lang.reflect.Proxy$ProxyBuilder.ensureVisible;879;;
Class.forName;org.apache.logging.log4j.core.config.plugins.validation.constraints.Required;jdk.proxy2.$Proxy12.<clinit>;;;
Class.forName;org.apache.logging.log4j.core.config.plugins.validation.constraints.Required;sun.reflect.generics.factory.CoreReflectionFactory.makeNamedType;114;;
Class.forName;org.apache.logging.log4j.core.config.plugins.validation.validators.RequiredValidator;sun.reflect.generics.factory.CoreReflectionFactory.makeNamedType;114;;
Class.forName;org.apache.logging.log4j.core.config.plugins.visitors.PluginAttributeVisitor;sun.reflect.generics.factory.CoreReflectionFactory.makeNamedType;114;;
Class.forName;org.apache.logging.log4j.core.config.plugins.visitors.PluginBuilderAttributeVisitor;sun.reflect.generics.factory.CoreReflectionFactory.makeNamedType;114;;
Class.forName;org.apache.logging.log4j.core.config.plugins.visitors.PluginConfigurationVisitor;sun.reflect.generics.factory.CoreReflectionFactory.makeNamedType;114;;
Class.forName;org.apache.logging.log4j.core.config.plugins.visitors.PluginElementVisitor;sun.reflect.generics.factory.CoreReflectionFactory.makeNamedType;114;;
Class.forName;org.apache.logging.log4j.core.impl.Log4jProvider;java.util.ServiceLoader$LazyClassPathLookupIterator.nextProviderClass;1217;;
Class.forName;org.apache.logging.log4j.core.impl.ThreadContextDataProvider;java.util.ServiceLoader$LazyClassPathLookupIterator.nextProviderClass;1217;;
Class.forName;org.apache.logging.log4j.core.pattern.ConverterKeys;java.lang.reflect.Proxy$ProxyBuilder.ensureVisible;879;;
Class.forName;org.apache.logging.log4j.core.pattern.ConverterKeys;jdk.proxy2.$Proxy2.<clinit>;;;
Class.forName;org.apache.logging.log4j.core.pattern.ConverterKeys;sun.reflect.generics.factory.CoreReflectionFactory.makeNamedType;114;;
Class.forName;org.apache.logging.log4j.core.util.CronExpression;sun.reflect.generics.factory.CoreReflectionFactory.makeNamedType;114;;
Class.forName;org.apache.logging.log4j.util.EnvironmentPropertySource;java.util.ServiceLoader$LazyClassPathLookupIterator.nextProviderClass;1217;;
Class.forName;org.apache.logging.log4j.util.SystemPropertiesPropertySource;java.util.ServiceLoader$LazyClassPathLookupIterator.nextProviderClass;1217;;
Class.forName;org.apache.logging.log4j.util.internal.DefaultObjectInputFilter;org.apache.logging.log4j.util.SortedArrayStringMap.<clinit>;104;;
Class.forName;org.dacapo.harness.H2O;org.dacapo.harness.TestHarness.findClass;274;;
Class.forName;org.eclipse.jetty.http.Http1FieldPreEncoder;java.util.ServiceLoader$LazyClassPathLookupIterator.nextProviderClass;1217;;
Class.forName;org.eclipse.jetty.websocket.common.extensions.compress.DeflateFrameExtension;java.util.ServiceLoader$LazyClassPathLookupIterator.nextProviderClass;1217;;
Class.forName;org.eclipse.jetty.websocket.common.extensions.compress.PerMessageDeflateExtension;java.util.ServiceLoader$LazyClassPathLookupIterator.nextProviderClass;1217;;
Class.forName;org.eclipse.jetty.websocket.common.extensions.compress.XWebkitDeflateFrameExtension;java.util.ServiceLoader$LazyClassPathLookupIterator.nextProviderClass;1217;;
Class.forName;org.eclipse.jetty.websocket.common.extensions.fragment.FragmentExtension;java.util.ServiceLoader$LazyClassPathLookupIterator.nextProviderClass;1217;;
Class.forName;org.eclipse.jetty.websocket.common.extensions.identity.IdentityExtension;java.util.ServiceLoader$LazyClassPathLookupIterator.nextProviderClass;1217;;
Class.forName;org.eclipse.jetty.websocket.server.WebSocketServerFactory;org.eclipse.jetty.websocket.servlet.WebSocketServletFactory$Loader.load;47;;
Class.forName;org.python.apache.xerces.parsers.ObjectFactory;org.python.apache.xerces.parsers.ObjectFactory.class$;;;
Class.forName;org.python.jsr223.PyScriptEngineFactory;java.util.ServiceLoader$LazyClassPathLookupIterator.nextProviderClass;1217;;
Class.forName;sun.net.spi.DefaultProxySelector;java.net.ProxySelector.<clinit>;72;;
Class.forName;sun.net.www.protocol.http.Handler;java.net.URL$DefaultFactory.createURLStreamHandler;1259;;
Class.forName;sun.reflect.misc.Trampoline;sun.reflect.misc.MethodUtil.getTrampolineClass;370;;
Class.forName;sun.security.provider.MD5;java.security.Provider$Service.getImplClass;1933;;
Class.forName;sun.security.provider.NativePRNG;java.security.Provider$Service.getImplClass;1933;;
Class.forName;sun.security.provider.SHA;java.security.Provider$Service.getImplClass;1933;;
Class.forName;sun.text.resources.cldr.FormatData;sun.util.resources.Bundles.findBundleOf;205;;
Class.forName;sun.text.resources.cldr.FormatData_en;sun.util.resources.Bundles.findBundleOf;205;;
Class.forName;sun.text.resources.cldr.FormatData_en_US;sun.util.resources.Bundles.findBundleOf;205;;
Class.forName;sun.text.resources.cldr.ext.FormatData_en_001;sun.util.resources.provider.LocaleDataProvider.loadResourceBundle;54;;
Class.forName;sun.text.resources.cldr.ext.FormatData_en_AU;sun.util.resources.provider.LocaleDataProvider.loadResourceBundle;54;;
Class.forName;sun.util.cldr.CLDRLocaleProviderAdapter;sun.util.locale.provider.LocaleProviderAdapter.forType;187;;
Class.forName;sun.util.logging.internal.LoggingProviderImpl;java.util.ServiceLoader.loadProvider;859;;
Class.forName;sun.util.resources.cldr.CalendarData;sun.util.resources.Bundles.findBundleOf;205;;
Class.forName;sun.util.resources.cldr.provider.CLDRLocaleDataMetaInfo;java.util.ServiceLoader.loadProvider;859;;
Class.forName;sun.util.resources.provider.LocaleDataProvider;java.util.ServiceLoader.loadProvider;859;;
Class.forName;water.DTask$Icer;water.Weaver.javassistLoadClass;115;;
Class.forName;water.DTask$Icer;water.Weaver.javassistLoadClass;87;;
Class.forName;water.H2O$1GCTask$Icer;water.Weaver.javassistLoadClass;115;;
Class.forName;water.H2O$H2OCountedCompleter$Icer;water.Weaver.javassistLoadClass;115;;
Class.forName;water.H2OApp;org.dacapo.harness.H2O.<init>;64;;
Class.forName;water.H2OError;sun.reflect.generics.factory.CoreReflectionFactory.makeNamedType;114;;
Class.forName;water.H2OModelBuilderError;sun.reflect.generics.factory.CoreReflectionFactory.makeNamedType;114;;
Class.forName;water.H2ONode$Icer;water.Weaver.javassistLoadClass;115;;
Class.forName;water.HeartBeat$Icer;water.Weaver.javassistLoadClass;115;;
Class.forName;water.Iced$Icer;water.Weaver.javassistLoadClass;115;;
Class.forName;water.Iced$Icer;water.Weaver.javassistLoadClass;87;;
Class.forName;water.Iced;sun.reflect.generics.factory.CoreReflectionFactory.makeNamedType;114;;
Class.forName;water.IcedWrapper$Icer;water.Weaver.javassistLoadClass;115;;
Class.forName;water.Job$Icer;water.Weaver.javassistLoadClass;115;;
Class.forName;water.Job$JobList$Icer;water.Weaver.javassistLoadClass;115;;
Class.forName;water.Job;sun.reflect.generics.factory.CoreReflectionFactory.makeNamedType;114;;
Class.forName;water.Key$Icer;water.Weaver.javassistLoadClass;115;;
Class.forName;water.Key;sun.reflect.generics.factory.CoreReflectionFactory.makeNamedType;114;;
Class.forName;water.Keyed$Icer;water.Weaver.javassistLoadClass;115;;
Class.forName;water.Keyed$Icer;water.Weaver.javassistLoadClass;87;;
Class.forName;water.Lockable$Icer;water.Weaver.javassistLoadClass;115;;
Class.forName;water.Lockable$Icer;water.Weaver.javassistLoadClass;87;;
Class.forName;water.MRTask$Icer;water.Weaver.javassistLoadClass;115;;
Class.forName;water.MRTask$Icer;water.Weaver.javassistLoadClass;87;;
Class.forName;water.api.API$Direction;java.lang.reflect.Proxy$ProxyBuilder.ensureVisible;879;;
Class.forName;water.api.API$Direction;sun.reflect.generics.factory.CoreReflectionFactory.makeNamedType;114;;
Class.forName;water.api.API$Level;java.lang.reflect.Proxy$ProxyBuilder.ensureVisible;879;;
Class.forName;water.api.API$Level;sun.reflect.generics.factory.CoreReflectionFactory.makeNamedType;114;;
Class.forName;water.api.API;java.lang.reflect.Proxy$ProxyBuilder.ensureVisible;879;;
Class.forName;water.api.API;javassist.bytecode.annotation.MemberValue.loadClass;55;;
Class.forName;water.api.API;jdk.proxy2.$Proxy17.<clinit>;;;
Class.forName;water.api.API;sun.reflect.generics.factory.CoreReflectionFactory.makeNamedType;114;;
Class.forName;water.api.FramesHandler$Frames;sun.reflect.generics.factory.CoreReflectionFactory.makeNamedType;114;;
Class.forName;water.api.Grids;sun.reflect.generics.factory.CoreReflectionFactory.makeNamedType;114;;
Class.forName;water.api.ModelBuildersHandler$ModelIdV3;java.util.ServiceLoader$LazyClassPathLookupIterator.nextProviderClass;1217;;
Class.forName;water.api.ModelBuildersHandler$ModelIdV3;sun.reflect.generics.factory.CoreReflectionFactory.makeNamedType;114;;
Class.forName;water.api.ModelMetricsAnomalyV3;java.util.ServiceLoader$LazyClassPathLookupIterator.nextProviderClass;1217;;
Class.forName;water.api.ModelMetricsAnomalyV3;sun.reflect.generics.factory.CoreReflectionFactory.makeNamedType;114;;
Class.forName;water.api.ModelMetricsGLRMV99;java.util.ServiceLoader$LazyClassPathLookupIterator.nextProviderClass;1217;;
Class.forName;water.api.ModelMetricsGLRMV99;sun.reflect.generics.factory.CoreReflectionFactory.makeNamedType;114;;
Class.forName;water.api.ModelMetricsHandler$ModelMetricsList;sun.reflect.generics.factory.CoreReflectionFactory.makeNamedType;114;;
Class.forName;water.api.ModelMetricsHandler$ModelMetricsListSchemaV3;java.util.ServiceLoader$LazyClassPathLookupIterator.nextProviderClass;1217;;
Class.forName;water.api.ModelMetricsHandler$ModelMetricsListSchemaV3;sun.reflect.generics.factory.CoreReflectionFactory.makeNamedType;114;;
Class.forName;water.api.ModelMetricsHandler$ModelMetricsMaker;sun.reflect.generics.factory.CoreReflectionFactory.makeNamedType;114;;
Class.forName;water.api.ModelMetricsHandler$ModelMetricsMakerSchemaV3;java.util.ServiceLoader$LazyClassPathLookupIterator.nextProviderClass;1217;;
Class.forName;water.api.ModelMetricsHandler$ModelMetricsMakerSchemaV3;sun.reflect.generics.factory.CoreReflectionFactory.makeNamedType;114;;
Class.forName;water.api.ModelMetricsPCAV3;java.util.ServiceLoader$LazyClassPathLookupIterator.nextProviderClass;1217;;
Class.forName;water.api.ModelMetricsPCAV3;sun.reflect.generics.factory.CoreReflectionFactory.makeNamedType;114;;
Class.forName;water.api.ModelMetricsSVDV99;java.util.ServiceLoader$LazyClassPathLookupIterator.nextProviderClass;1217;;
Class.forName;water.api.ModelMetricsSVDV99;sun.reflect.generics.factory.CoreReflectionFactory.makeNamedType;114;;
Class.forName;water.api.ModelsHandler$Models;sun.reflect.generics.factory.CoreReflectionFactory.makeNamedType;114;;
Class.forName;water.api.ParseTypeValuesProvider;sun.reflect.generics.factory.CoreReflectionFactory.makeNamedType;114;;
Class.forName;water.api.RecoveryHandler$ResumeV3;java.util.ServiceLoader$LazyClassPathLookupIterator.nextProviderClass;1217;;
Class.forName;water.api.RecoveryHandler$ResumeV3;sun.reflect.generics.factory.CoreReflectionFactory.makeNamedType;114;;
Class.forName;water.api.RegisterV3Api;java.util.ServiceLoader$LazyClassPathLookupIterator.nextProviderClass;1217;;
Class.forName;water.api.RegisterV4Api;java.util.ServiceLoader$LazyClassPathLookupIterator.nextProviderClass;1217;;
Class.forName;water.api.Route;sun.reflect.generics.factory.CoreReflectionFactory.makeNamedType;114;;
Class.forName;water.api.Schema$Icer;water.Weaver.javassistLoadClass;115;;
Class.forName;water.api.Schema;sun.reflect.generics.factory.CoreReflectionFactory.makeNamedType;114;;
Class.forName;water.api.SchemaMetadata$FieldMetadata;sun.reflect.generics.factory.CoreReflectionFactory.makeNamedType;114;;
Class.forName;water.api.SchemaMetadata;sun.reflect.generics.factory.CoreReflectionFactory.makeNamedType;114;;
Class.forName;water.api.ShutdownHandler$Shutdown;sun.reflect.generics.factory.CoreReflectionFactory.makeNamedType;114;;
Class.forName;water.api.StreamingSchema;java.util.ServiceLoader$LazyClassPathLookupIterator.nextProviderClass;1217;;
Class.forName;water.api.StreamingSchema;sun.reflect.generics.factory.CoreReflectionFactory.makeNamedType;114;;
Class.forName;water.api.TimelineHandler$Timeline;sun.reflect.generics.factory.CoreReflectionFactory.makeNamedType;114;;
Class.forName;water.api.ValuesProvider;sun.reflect.generics.factory.CoreReflectionFactory.makeNamedType;114;;
Class.forName;water.api.schemas3.AboutEntryV3;java.util.ServiceLoader$LazyClassPathLookupIterator.nextProviderClass;1217;;
Class.forName;water.api.schemas3.AboutEntryV3;sun.reflect.generics.factory.CoreReflectionFactory.makeNamedType;114;;
Class.forName;water.api.schemas3.AboutV3;java.util.ServiceLoader$LazyClassPathLookupIterator.nextProviderClass;1217;;
Class.forName;water.api.schemas3.AboutV3;sun.reflect.generics.factory.CoreReflectionFactory.makeNamedType;114;;
Class.forName;water.api.schemas3.CapabilitiesV3;java.util.ServiceLoader$LazyClassPathLookupIterator.nextProviderClass;1217;;
Class.forName;water.api.schemas3.CapabilitiesV3;sun.reflect.generics.factory.CoreReflectionFactory.makeNamedType;114;;
Class.forName;water.api.schemas3.CapabilityEntryV3;java.util.ServiceLoader$LazyClassPathLookupIterator.nextProviderClass;1217;;
Class.forName;water.api.schemas3.CapabilityEntryV3;sun.reflect.generics.factory.CoreReflectionFactory.makeNamedType;114;;
Class.forName;water.api.schemas3.CloudLockV3;java.util.ServiceLoader$LazyClassPathLookupIterator.nextProviderClass;1217;;
Class.forName;water.api.schemas3.CloudLockV3;sun.reflect.generics.factory.CoreReflectionFactory.makeNamedType;114;;
Class.forName;water.api.schemas3.CloudV3$NodeV3;java.util.ServiceLoader$LazyClassPathLookupIterator.nextProviderClass;1217;;
Class.forName;water.api.schemas3.CloudV3$NodeV3;sun.reflect.generics.factory.CoreReflectionFactory.makeNamedType;114;;
Class.forName;water.api.schemas3.CloudV3;java.util.ServiceLoader$LazyClassPathLookupIterator.nextProviderClass;1217;;
Class.forName;water.api.schemas3.CloudV3;sun.reflect.generics.factory.CoreReflectionFactory.makeNamedType;114;;
Class.forName;water.api.schemas3.ClusteringModelParametersSchemaV3;java.util.ServiceLoader$LazyClassPathLookupIterator.nextProviderClass;1217;;
Class.forName;water.api.schemas3.ClusteringModelParametersSchemaV3;sun.reflect.generics.factory.CoreReflectionFactory.makeNamedType;114;;
Class.forName;water.api.schemas3.ConfusionMatrixV3;java.util.ServiceLoader$LazyClassPathLookupIterator.nextProviderClass;1217;;
Class.forName;water.api.schemas3.ConfusionMatrixV3;sun.reflect.generics.factory.CoreReflectionFactory.makeNamedType;114;;
Class.forName;water.api.schemas3.CreateFrameV3;java.util.ServiceLoader$LazyClassPathLookupIterator.nextProviderClass;1217;;
Class.forName;water.api.schemas3.CreateFrameV3;sun.reflect.generics.factory.CoreReflectionFactory.makeNamedType;114;;
Class.forName;water.api.schemas3.DCTTransformerV3;java.util.ServiceLoader$LazyClassPathLookupIterator.nextProviderClass;1217;;
Class.forName;water.api.schemas3.DCTTransformerV3;sun.reflect.generics.factory.CoreReflectionFactory.makeNamedType;114;;
Class.forName;water.api.schemas3.DecryptionSetupV3;java.util.ServiceLoader$LazyClassPathLookupIterator.nextProviderClass;1217;;
Class.forName;water.api.schemas3.DecryptionSetupV3;sun.reflect.generics.factory.CoreReflectionFactory.makeNamedType;114;;
Class.forName;water.api.schemas3.DownloadDataV3;java.util.ServiceLoader$LazyClassPathLookupIterator.nextProviderClass;1217;;
Class.forName;water.api.schemas3.DownloadDataV3;sun.reflect.generics.factory.CoreReflectionFactory.makeNamedType;114;;
Class.forName;water.api.schemas3.FeatureInteractionV3;java.util.ServiceLoader$LazyClassPathLookupIterator.nextProviderClass;1217;;
Class.forName;water.api.schemas3.FeatureInteractionV3;sun.reflect.generics.factory.CoreReflectionFactory.makeNamedType;114;;
Class.forName;water.api.schemas3.FieldMetadataV3;java.util.ServiceLoader$LazyClassPathLookupIterator.nextProviderClass;1217;;
Class.forName;water.api.schemas3.FieldMetadataV3;sun.reflect.generics.factory.CoreReflectionFactory.makeNamedType;114;;
Class.forName;water.api.schemas3.FindV3;java.util.ServiceLoader$LazyClassPathLookupIterator.nextProviderClass;1217;;
Class.forName;water.api.schemas3.FindV3;sun.reflect.generics.factory.CoreReflectionFactory.makeNamedType;114;;
Class.forName;water.api.schemas3.FrameBaseV3;java.util.ServiceLoader$LazyClassPathLookupIterator.nextProviderClass;1217;;
Class.forName;water.api.schemas3.FrameBaseV3;sun.reflect.generics.factory.CoreReflectionFactory.makeNamedType;114;;
Class.forName;water.api.schemas3.FrameChunksV3$FrameChunkV3;java.util.ServiceLoader$LazyClassPathLookupIterator.nextProviderClass;1217;;
Class.forName;water.api.schemas3.FrameChunksV3$FrameChunkV3;sun.reflect.generics.factory.CoreReflectionFactory.makeNamedType;114;;
Class.forName;water.api.schemas3.FrameChunksV3;java.util.ServiceLoader$LazyClassPathLookupIterator.nextProviderClass;1217;;
Class.forName;water.api.schemas3.FrameChunksV3;sun.reflect.generics.factory.CoreReflectionFactory.makeNamedType;114;;
Class.forName;water.api.schemas3.FrameLoadV3;java.util.ServiceLoader$LazyClassPathLookupIterator.nextProviderClass;1217;;
Class.forName;water.api.schemas3.FrameLoadV3;sun.reflect.generics.factory.CoreReflectionFactory.makeNamedType;114;;
Class.forName;water.api.schemas3.FrameSaveV3;java.util.ServiceLoader$LazyClassPathLookupIterator.nextProviderClass;1217;;
Class.forName;water.api.schemas3.FrameSaveV3;sun.reflect.generics.factory.CoreReflectionFactory.makeNamedType;114;;
Class.forName;water.api.schemas3.FrameSynopsisV3;java.util.ServiceLoader$LazyClassPathLookupIterator.nextProviderClass;1217;;
Class.forName;water.api.schemas3.FrameSynopsisV3;sun.reflect.generics.factory.CoreReflectionFactory.makeNamedType;114;;
Class.forName;water.api.schemas3.FrameV3$ColSpecifierV3$Icer;water.Weaver.javassistLoadClass;115;;
Class.forName;water.api.schemas3.FrameV3$ColSpecifierV3;java.util.ServiceLoader$LazyClassPathLookupIterator.nextProviderClass;1217;;
Class.forName;water.api.schemas3.FrameV3$ColSpecifierV3;sun.reflect.generics.factory.CoreReflectionFactory.makeNamedType;114;;
Class.forName;water.api.schemas3.FrameV3$ColV3;java.util.ServiceLoader$LazyClassPathLookupIterator.nextProviderClass;1217;;
Class.forName;water.api.schemas3.FrameV3$ColV3;sun.reflect.generics.factory.CoreReflectionFactory.makeNamedType;114;;
Class.forName;water.api.schemas3.FrameV3;java.util.ServiceLoader$LazyClassPathLookupIterator.nextProviderClass;1217;;
Class.forName;water.api.schemas3.FrameV3;sun.reflect.generics.factory.CoreReflectionFactory.makeNamedType;114;;
Class.forName;water.api.schemas3.FramesListV3;java.util.ServiceLoader$LazyClassPathLookupIterator.nextProviderClass;1217;;
Class.forName;water.api.schemas3.FramesListV3;sun.reflect.generics.factory.CoreReflectionFactory.makeNamedType;114;;
Class.forName;water.api.schemas3.FramesV3;java.util.ServiceLoader$LazyClassPathLookupIterator.nextProviderClass;1217;;
Class.forName;water.api.schemas3.FramesV3;sun.reflect.generics.factory.CoreReflectionFactory.makeNamedType;114;;
Class.forName;water.api.schemas3.FriedmanPopescusHV3;java.util.ServiceLoader$LazyClassPathLookupIterator.nextProviderClass;1217;;
Class.forName;water.api.schemas3.FriedmanPopescusHV3;sun.reflect.generics.factory.CoreReflectionFactory.makeNamedType;114;;
Class.forName;water.api.schemas3.GarbageCollectV3$Icer;water.Weaver.javassistLoadClass;115;;
Class.forName;water.api.schemas3.GarbageCollectV3;java.util.ServiceLoader$LazyClassPathLookupIterator.nextProviderClass;1217;;
Class.forName;water.api.schemas3.GarbageCollectV3;sun.reflect.generics.factory.CoreReflectionFactory.makeNamedType;114;;
Class.forName;water.api.schemas3.GridExportV3;java.util.ServiceLoader$LazyClassPathLookupIterator.nextProviderClass;1217;;
Class.forName;water.api.schemas3.GridExportV3;sun.reflect.generics.factory.CoreReflectionFactory.makeNamedType;114;;
Class.forName;water.api.schemas3.GridImportV3;java.util.ServiceLoader$LazyClassPathLookupIterator.nextProviderClass;1217;;
Class.forName;water.api.schemas3.GridImportV3;sun.reflect.generics.factory.CoreReflectionFactory.makeNamedType;114;;
Class.forName;water.api.schemas3.H2OErrorV3;java.util.ServiceLoader$LazyClassPathLookupIterator.nextProviderClass;1217;;
Class.forName;water.api.schemas3.H2OErrorV3;sun.reflect.generics.factory.CoreReflectionFactory.makeNamedType;114;;
Class.forName;water.api.schemas3.H2OModelBuilderErrorV3;java.util.ServiceLoader$LazyClassPathLookupIterator.nextProviderClass;1217;;
Class.forName;water.api.schemas3.H2OModelBuilderErrorV3;sun.reflect.generics.factory.CoreReflectionFactory.makeNamedType;114;;
Class.forName;water.api.schemas3.ImportFilesMultiV3$ImportFilesMulti;sun.reflect.generics.factory.CoreReflectionFactory.makeNamedType;114;;
Class.forName;water.api.schemas3.ImportFilesMultiV3;java.util.ServiceLoader$LazyClassPathLookupIterator.nextProviderClass;1217;;
Class.forName;water.api.schemas3.ImportFilesMultiV3;sun.reflect.generics.factory.CoreReflectionFactory.makeNamedType;114;;
Class.forName;water.api.schemas3.ImportFilesV3$Icer;water.Weaver.javassistLoadClass;115;;
Class.forName;water.api.schemas3.ImportFilesV3$ImportFiles;sun.reflect.generics.factory.CoreReflectionFactory.makeNamedType;114;;
Class.forName;water.api.schemas3.ImportFilesV3;java.util.ServiceLoader$LazyClassPathLookupIterator.nextProviderClass;1217;;
Class.forName;water.api.schemas3.ImportFilesV3;sun.reflect.generics.factory.CoreReflectionFactory.makeNamedType;114;;
Class.forName;water.api.schemas3.ImportHiveTableV3;java.util.ServiceLoader$LazyClassPathLookupIterator.nextProviderClass;1217;;
Class.forName;water.api.schemas3.ImportHiveTableV3;sun.reflect.generics.factory.CoreReflectionFactory.makeNamedType;114;;
Class.forName;water.api.schemas3.ImportSQLTableV99;java.util.ServiceLoader$LazyClassPathLookupIterator.nextProviderClass;1217;;
Class.forName;water.api.schemas3.ImportSQLTableV99;sun.reflect.generics.factory.CoreReflectionFactory.makeNamedType;114;;
Class.forName;water.api.schemas3.InitIDV3;java.util.ServiceLoader$LazyClassPathLookupIterator.nextProviderClass;1217;;
Class.forName;water.api.schemas3.InitIDV3;sun.reflect.generics.factory.CoreReflectionFactory.makeNamedType;114;;
Class.forName;water.api.schemas3.InteractionV3;java.util.ServiceLoader$LazyClassPathLookupIterator.nextProviderClass;1217;;
Class.forName;water.api.schemas3.InteractionV3;sun.reflect.generics.factory.CoreReflectionFactory.makeNamedType;114;;
Class.forName;water.api.schemas3.JStackV3$DStackTraceV3;java.util.ServiceLoader$LazyClassPathLookupIterator.nextProviderClass;1217;;
Class.forName;water.api.schemas3.JStackV3$DStackTraceV3;sun.reflect.generics.factory.CoreReflectionFactory.makeNamedType;114;;
Class.forName;water.api.schemas3.JStackV3;java.util.ServiceLoader$LazyClassPathLookupIterator.nextProviderClass;1217;;
Class.forName;water.api.schemas3.JStackV3;sun.reflect.generics.factory.CoreReflectionFactory.makeNamedType;114;;
Class.forName;water.api.schemas3.JobV3$Icer;water.Weaver.javassistLoadClass;115;;
Class.forName;water.api.schemas3.JobV3;java.util.ServiceLoader$LazyClassPathLookupIterator.nextProviderClass;1217;;
Class.forName;water.api.schemas3.JobV3;sun.reflect.generics.factory.CoreReflectionFactory.makeNamedType;114;;
Class.forName;water.api.schemas3.JobsV3$Icer;water.Weaver.javassistLoadClass;115;;
Class.forName;water.api.schemas3.JobsV3;java.util.ServiceLoader$LazyClassPathLookupIterator.nextProviderClass;1217;;
Class.forName;water.api.schemas3.JobsV3;sun.reflect.generics.factory.CoreReflectionFactory.makeNamedType;114;;
Class.forName;water.api.schemas3.KeyV3$AssemblyKeyV3;java.util.ServiceLoader$LazyClassPathLookupIterator.nextProviderClass;1217;;
Class.forName;water.api.schemas3.KeyV3$AssemblyKeyV3;sun.reflect.generics.factory.CoreReflectionFactory.makeNamedType;114;;
Class.forName;water.api.schemas3.KeyV3$DecryptionToolKeyV3;java.util.ServiceLoader$LazyClassPathLookupIterator.nextProviderClass;1217;;
Class.forName;water.api.schemas3.KeyV3$DecryptionToolKeyV3;sun.reflect.generics.factory.CoreReflectionFactory.makeNamedType;114;;
Class.forName;water.api.schemas3.KeyV3$FrameKeyV3$Icer;water.Weaver.javassistLoadClass;115;;
Class.forName;water.api.schemas3.KeyV3$FrameKeyV3;java.util.ServiceLoader$LazyClassPathLookupIterator.nextProviderClass;1217;;
Class.forName;water.api.schemas3.KeyV3$FrameKeyV3;sun.reflect.generics.factory.CoreReflectionFactory.makeNamedType;114;;
Class.forName;water.api.schemas3.KeyV3$GridKeyV3;java.util.ServiceLoader$LazyClassPathLookupIterator.nextProviderClass;1217;;
Class.forName;water.api.schemas3.KeyV3$GridKeyV3;sun.reflect.generics.factory.CoreReflectionFactory.makeNamedType;114;;
Class.forName;water.api.schemas3.KeyV3$Icer;water.Weaver.javassistLoadClass;115;;
Class.forName;water.api.schemas3.KeyV3$Icer;water.Weaver.javassistLoadClass;87;;
Class.forName;water.api.schemas3.KeyV3$JobKeyV3$Icer;water.Weaver.javassistLoadClass;115;;
Class.forName;water.api.schemas3.KeyV3$JobKeyV3;java.util.ServiceLoader$LazyClassPathLookupIterator.nextProviderClass;1217;;
Class.forName;water.api.schemas3.KeyV3$JobKeyV3;sun.reflect.generics.factory.CoreReflectionFactory.makeNamedType;114;;
Class.forName;water.api.schemas3.KeyV3$ModelKeyV3$Icer;water.Weaver.javassistLoadClass;115;;
Class.forName;water.api.schemas3.KeyV3$ModelKeyV3;java.util.ServiceLoader$LazyClassPathLookupIterator.nextProviderClass;1217;;
Class.forName;water.api.schemas3.KeyV3$ModelKeyV3;sun.reflect.generics.factory.CoreReflectionFactory.makeNamedType;114;;
Class.forName;water.api.schemas3.KeyV3$PartialDependenceKeyV3;java.util.ServiceLoader$LazyClassPathLookupIterator.nextProviderClass;1217;;
Class.forName;water.api.schemas3.KeyV3$PartialDependenceKeyV3;sun.reflect.generics.factory.CoreReflectionFactory.makeNamedType;114;;
Class.forName;water.api.schemas3.KeyV3$SegmentModelsKeyV3;java.util.ServiceLoader$LazyClassPathLookupIterator.nextProviderClass;1217;;
Class.forName;water.api.schemas3.KeyV3$SegmentModelsKeyV3;sun.reflect.generics.factory.CoreReflectionFactory.makeNamedType;114;;
Class.forName;water.api.schemas3.KeyV3;java.util.ServiceLoader$LazyClassPathLookupIterator.nextProviderClass;1217;;
Class.forName;water.api.schemas3.KeyV3;sun.reflect.generics.factory.CoreReflectionFactory.makeNamedType;114;;
Class.forName;water.api.schemas3.KeyValueV3;java.util.ServiceLoader$LazyClassPathLookupIterator.nextProviderClass;1217;;
Class.forName;water.api.schemas3.KeyValueV3;sun.reflect.generics.factory.CoreReflectionFactory.makeNamedType;114;;
Class.forName;water.api.schemas3.KillMinus3V3;java.util.ServiceLoader$LazyClassPathLookupIterator.nextProviderClass;1217;;
Class.forName;water.api.schemas3.KillMinus3V3;sun.reflect.generics.factory.CoreReflectionFactory.makeNamedType;114;;
Class.forName;water.api.schemas3.LogAndEchoV3;java.util.ServiceLoader$LazyClassPathLookupIterator.nextProviderClass;1217;;
Class.forName;water.api.schemas3.LogAndEchoV3;sun.reflect.generics.factory.CoreReflectionFactory.makeNamedType;114;;
Class.forName;water.api.schemas3.LogsV3;java.util.ServiceLoader$LazyClassPathLookupIterator.nextProviderClass;1217;;
Class.forName;water.api.schemas3.LogsV3;sun.reflect.generics.factory.CoreReflectionFactory.makeNamedType;114;;
Class.forName;water.api.schemas3.MetadataV3;java.util.ServiceLoader$LazyClassPathLookupIterator.nextProviderClass;1217;;
Class.forName;water.api.schemas3.MetadataV3;sun.reflect.generics.factory.CoreReflectionFactory.makeNamedType;114;;
Class.forName;water.api.schemas3.MissingInserterV3;java.util.ServiceLoader$LazyClassPathLookupIterator.nextProviderClass;1217;;
Class.forName;water.api.schemas3.MissingInserterV3;sun.reflect.generics.factory.CoreReflectionFactory.makeNamedType;114;;
Class.forName;water.api.schemas3.ModelBuilderV3;java.util.ServiceLoader$LazyClassPathLookupIterator.nextProviderClass;1217;;
Class.forName;water.api.schemas3.ModelBuilderV3;sun.reflect.generics.factory.CoreReflectionFactory.makeNamedType;114;;
Class.forName;water.api.schemas3.ModelBuildersV3;java.util.ServiceLoader$LazyClassPathLookupIterator.nextProviderClass;1217;;
Class.forName;water.api.schemas3.ModelBuildersV3;sun.reflect.generics.factory.CoreReflectionFactory.makeNamedType;114;;
Class.forName;water.api.schemas3.ModelExportV3;java.util.ServiceLoader$LazyClassPathLookupIterator.nextProviderClass;1217;;
Class.forName;water.api.schemas3.ModelExportV3;sun.reflect.generics.factory.CoreReflectionFactory.makeNamedType;114;;
Class.forName;water.api.schemas3.ModelImportV3;java.util.ServiceLoader$LazyClassPathLookupIterator.nextProviderClass;1217;;
Class.forName;water.api.schemas3.ModelImportV3;sun.reflect.generics.factory.CoreReflectionFactory.makeNamedType;114;;
Class.forName;water.api.schemas3.ModelMetricsAutoEncoderV3;java.util.ServiceLoader$LazyClassPathLookupIterator.nextProviderClass;1217;;
Class.forName;water.api.schemas3.ModelMetricsAutoEncoderV3;sun.reflect.generics.factory.CoreReflectionFactory.makeNamedType;114;;
Class.forName;water.api.schemas3.ModelMetricsBaseV3;java.util.ServiceLoader$LazyClassPathLookupIterator.nextProviderClass;1217;;
Class.forName;water.api.schemas3.ModelMetricsBaseV3;sun.reflect.generics.factory.CoreReflectionFactory.makeNamedType;114;;
Class.forName;water.api.schemas3.ModelMetricsBinomialGLMGenericV3;java.util.ServiceLoader$LazyClassPathLookupIterator.nextProviderClass;1217;;
Class.forName;water.api.schemas3.ModelMetricsBinomialGLMGenericV3;sun.reflect.generics.factory.CoreReflectionFactory.makeNamedType;114;;
Class.forName;water.api.schemas3.ModelMetricsBinomialGLMV3;java.util.ServiceLoader$LazyClassPathLookupIterator.nextProviderClass;1217;;
Class.forName;water.api.schemas3.ModelMetricsBinomialGLMV3;sun.reflect.generics.factory.CoreReflectionFactory.makeNamedType;114;;
Class.forName;water.api.schemas3.ModelMetricsBinomialGenericV3;java.util.ServiceLoader$LazyClassPathLookupIterator.nextProviderClass;1217;;
Class.forName;water.api.schemas3.ModelMetricsBinomialGenericV3;sun.reflect.generics.factory.CoreReflectionFactory.makeNamedType;114;;
Class.forName;water.api.schemas3.ModelMetricsBinomialUpliftV3;java.util.ServiceLoader$LazyClassPathLookupIterator.nextProviderClass;1217;;
Class.forName;water.api.schemas3.ModelMetricsBinomialUpliftV3;sun.reflect.generics.factory.CoreReflectionFactory.makeNamedType;114;;
Class.forName;water.api.schemas3.ModelMetricsBinomialV3;java.util.ServiceLoader$LazyClassPathLookupIterator.nextProviderClass;1217;;
Class.forName;water.api.schemas3.ModelMetricsBinomialV3;sun.reflect.generics.factory.CoreReflectionFactory.makeNamedType;114;;
Class.forName;water.api.schemas3.ModelMetricsClusteringV3;java.util.ServiceLoader$LazyClassPathLookupIterator.nextProviderClass;1217;;
Class.forName;water.api.schemas3.ModelMetricsClusteringV3;sun.reflect.generics.factory.CoreReflectionFactory.makeNamedType;114;;
Class.forName;water.api.schemas3.ModelMetricsHGLMGaussianGaussianGenericV3;java.util.ServiceLoader$LazyClassPathLookupIterator.nextProviderClass;1217;;
Class.forName;water.api.schemas3.ModelMetricsHGLMGaussianGaussianGenericV3;sun.reflect.generics.factory.CoreReflectionFactory.makeNamedType;114;;
Class.forName;water.api.schemas3.ModelMetricsHGLMGaussianGaussianV3;java.util.ServiceLoader$LazyClassPathLookupIterator.nextProviderClass;1217;;
Class.forName;water.api.schemas3.ModelMetricsHGLMGaussianGaussianV3;sun.reflect.generics.factory.CoreReflectionFactory.makeNamedType;114;;
Class.forName;water.api.schemas3.ModelMetricsHGLMGenericV3;java.util.ServiceLoader$LazyClassPathLookupIterator.nextProviderClass;1217;;
Class.forName;water.api.schemas3.ModelMetricsHGLMGenericV3;sun.reflect.generics.factory.CoreReflectionFactory.makeNamedType;114;;
Class.forName;water.api.schemas3.ModelMetricsHGLMV3;java.util.ServiceLoader$LazyClassPathLookupIterator.nextProviderClass;1217;;
Class.forName;water.api.schemas3.ModelMetricsHGLMV3;sun.reflect.generics.factory.CoreReflectionFactory.makeNamedType;114;;
Class.forName;water.api.schemas3.ModelMetricsMultinomialGLMGenericV3;java.util.ServiceLoader$LazyClassPathLookupIterator.nextProviderClass;1217;;
Class.forName;water.api.schemas3.ModelMetricsMultinomialGLMGenericV3;sun.reflect.generics.factory.CoreReflectionFactory.makeNamedType;114;;
Class.forName;water.api.schemas3.ModelMetricsMultinomialGLMV3;java.util.ServiceLoader$LazyClassPathLookupIterator.nextProviderClass;1217;;
Class.forName;water.api.schemas3.ModelMetricsMultinomialGLMV3;sun.reflect.generics.factory.CoreReflectionFactory.makeNamedType;114;;
Class.forName;water.api.schemas3.ModelMetricsMultinomialGenericV3;java.util.ServiceLoader$LazyClassPathLookupIterator.nextProviderClass;1217;;
Class.forName;water.api.schemas3.ModelMetricsMultinomialGenericV3;sun.reflect.generics.factory.CoreReflectionFactory.makeNamedType;114;;
Class.forName;water.api.schemas3.ModelMetricsMultinomialV3;java.util.ServiceLoader$LazyClassPathLookupIterator.nextProviderClass;1217;;
Class.forName;water.api.schemas3.ModelMetricsMultinomialV3;sun.reflect.generics.factory.CoreReflectionFactory.makeNamedType;114;;
Class.forName;water.api.schemas3.ModelMetricsOrdinalGLMGenericV3;java.util.ServiceLoader$LazyClassPathLookupIterator.nextProviderClass;1217;;
Class.forName;water.api.schemas3.ModelMetricsOrdinalGLMGenericV3;sun.reflect.generics.factory.CoreReflectionFactory.makeNamedType;114;;
Class.forName;water.api.schemas3.ModelMetricsOrdinalGLMV3;java.util.ServiceLoader$LazyClassPathLookupIterator.nextProviderClass;1217;;
Class.forName;water.api.schemas3.ModelMetricsOrdinalGLMV3;sun.reflect.generics.factory.CoreReflectionFactory.makeNamedType;114;;
Class.forName;water.api.schemas3.ModelMetricsOrdinalGenericV3;java.util.ServiceLoader$LazyClassPathLookupIterator.nextProviderClass;1217;;
Class.forName;water.api.schemas3.ModelMetricsOrdinalGenericV3;sun.reflect.generics.factory.CoreReflectionFactory.makeNamedType;114;;
Class.forName;water.api.schemas3.ModelMetricsOrdinalV3;java.util.ServiceLoader$LazyClassPathLookupIterator.nextProviderClass;1217;;
Class.forName;water.api.schemas3.ModelMetricsOrdinalV3;sun.reflect.generics.factory.CoreReflectionFactory.makeNamedType;114;;
Class.forName;water.api.schemas3.ModelMetricsRegressionCoxPHGenericV3;java.util.ServiceLoader$LazyClassPathLookupIterator.nextProviderClass;1217;;
Class.forName;water.api.schemas3.ModelMetricsRegressionCoxPHGenericV3;sun.reflect.generics.factory.CoreReflectionFactory.makeNamedType;114;;
Class.forName;water.api.schemas3.ModelMetricsRegressionCoxPHV3;java.util.ServiceLoader$LazyClassPathLookupIterator.nextProviderClass;1217;;
Class.forName;water.api.schemas3.ModelMetricsRegressionCoxPHV3;sun.reflect.generics.factory.CoreReflectionFactory.makeNamedType;114;;
Class.forName;water.api.schemas3.ModelMetricsRegressionGLMGenericV3;java.util.ServiceLoader$LazyClassPathLookupIterator.nextProviderClass;1217;;
Class.forName;water.api.schemas3.ModelMetricsRegressionGLMGenericV3;sun.reflect.generics.factory.CoreReflectionFactory.makeNamedType;114;;
Class.forName;water.api.schemas3.ModelMetricsRegressionGLMV3;java.util.ServiceLoader$LazyClassPathLookupIterator.nextProviderClass;1217;;
Class.forName;water.api.schemas3.ModelMetricsRegressionGLMV3;sun.reflect.generics.factory.CoreReflectionFactory.makeNamedType;114;;
Class.forName;water.api.schemas3.ModelMetricsRegressionGenericV3;java.util.ServiceLoader$LazyClassPathLookupIterator.nextProviderClass;1217;;
Class.forName;water.api.schemas3.ModelMetricsRegressionGenericV3;sun.reflect.generics.factory.CoreReflectionFactory.makeNamedType;114;;
Class.forName;water.api.schemas3.ModelMetricsRegressionV3;java.util.ServiceLoader$LazyClassPathLookupIterator.nextProviderClass;1217;;
Class.forName;water.api.schemas3.ModelMetricsRegressionV3;sun.reflect.generics.factory.CoreReflectionFactory.makeNamedType;114;;
Class.forName;water.api.schemas3.ModelOutputSchemaV3;java.util.ServiceLoader$LazyClassPathLookupIterator.nextProviderClass;1217;;
Class.forName;water.api.schemas3.ModelOutputSchemaV3;sun.reflect.generics.factory.CoreReflectionFactory.makeNamedType;114;;
Class.forName;water.api.schemas3.ModelParameterSchemaV3$Icer;water.Weaver.javassistLoadClass;115;;
Class.forName;water.api.schemas3.ModelParameterSchemaV3;java.util.ServiceLoader$LazyClassPathLookupIterator.nextProviderClass;1217;;
Class.forName;water.api.schemas3.ModelParameterSchemaV3;sun.reflect.generics.factory.CoreReflectionFactory.makeNamedType;114;;
Class.forName;water.api.schemas3.ModelParametersSchemaV3$Icer;water.Weaver.javassistLoadClass;115;;
Class.forName;water.api.schemas3.ModelParametersSchemaV3;java.util.ServiceLoader$LazyClassPathLookupIterator.nextProviderClass;1217;;
Class.forName;water.api.schemas3.ModelParametersSchemaV3;sun.reflect.generics.factory.CoreReflectionFactory.makeNamedType;114;;
Class.forName;water.api.schemas3.ModelParamsValuesProviders$MultinomialAucTypeSchemeValuesProvider;sun.reflect.generics.factory.CoreReflectionFactory.makeNamedType;114;;
Class.forName;water.api.schemas3.ModelParamsValuesProviders$StoppingMetricValuesProvider;sun.reflect.generics.factory.CoreReflectionFactory.makeNamedType;114;;
Class.forName;water.api.schemas3.ModelParamsValuesProviders$UpliftAuucTypeSchemeValuesProvider;sun.reflect.generics.factory.CoreReflectionFactory.makeNamedType;114;;
Class.forName;water.api.schemas3.ModelSchemaBaseV3;java.util.ServiceLoader$LazyClassPathLookupIterator.nextProviderClass;1217;;
Class.forName;water.api.schemas3.ModelSchemaBaseV3;sun.reflect.generics.factory.CoreReflectionFactory.makeNamedType;114;;
Class.forName;water.api.schemas3.ModelSchemaV3;java.util.ServiceLoader$LazyClassPathLookupIterator.nextProviderClass;1217;;
Class.forName;water.api.schemas3.ModelSchemaV3;sun.reflect.generics.factory.CoreReflectionFactory.makeNamedType;114;;
Class.forName;water.api.schemas3.ModelSynopsisV3;java.util.ServiceLoader$LazyClassPathLookupIterator.nextProviderClass;1217;;
Class.forName;water.api.schemas3.ModelSynopsisV3;sun.reflect.generics.factory.CoreReflectionFactory.makeNamedType;114;;
Class.forName;water.api.schemas3.ModelsV3;java.util.ServiceLoader$LazyClassPathLookupIterator.nextProviderClass;1217;;
Class.forName;water.api.schemas3.ModelsV3;sun.reflect.generics.factory.CoreReflectionFactory.makeNamedType;114;;
Class.forName;water.api.schemas3.NetworkBenchV3;java.util.ServiceLoader$LazyClassPathLookupIterator.nextProviderClass;1217;;
Class.forName;water.api.schemas3.NetworkBenchV3;sun.reflect.generics.factory.CoreReflectionFactory.makeNamedType;114;;
Class.forName;water.api.schemas3.NetworkTestV3;java.util.ServiceLoader$LazyClassPathLookupIterator.nextProviderClass;1217;;
Class.forName;water.api.schemas3.NetworkTestV3;sun.reflect.generics.factory.CoreReflectionFactory.makeNamedType;114;;
Class.forName;water.api.schemas3.NodePersistentStorageV3$NodePersistentStorageEntryV3;java.util.ServiceLoader$LazyClassPathLookupIterator.nextProviderClass;1217;;
Class.forName;water.api.schemas3.NodePersistentStorageV3$NodePersistentStorageEntryV3;sun.reflect.generics.factory.CoreReflectionFactory.makeNamedType;114;;
Class.forName;water.api.schemas3.NodePersistentStorageV3;java.util.ServiceLoader$LazyClassPathLookupIterator.nextProviderClass;1217;;
Class.forName;water.api.schemas3.NodePersistentStorageV3;sun.reflect.generics.factory.CoreReflectionFactory.makeNamedType;114;;
Class.forName;water.api.schemas3.ParseSVMLightV3;java.util.ServiceLoader$LazyClassPathLookupIterator.nextProviderClass;1217;;
Class.forName;water.api.schemas3.ParseSVMLightV3;sun.reflect.generics.factory.CoreReflectionFactory.makeNamedType;114;;
Class.forName;water.api.schemas3.ParseSetupV3$Icer;water.Weaver.javassistLoadClass;115;;
Class.forName;water.api.schemas3.ParseSetupV3;java.util.ServiceLoader$LazyClassPathLookupIterator.nextProviderClass;1217;;
Class.forName;water.api.schemas3.ParseSetupV3;sun.reflect.generics.factory.CoreReflectionFactory.makeNamedType;114;;
Class.forName;water.api.schemas3.ParseV3$Icer;water.Weaver.javassistLoadClass;115;;
Class.forName;water.api.schemas3.ParseV3;java.util.ServiceLoader$LazyClassPathLookupIterator.nextProviderClass;1217;;
Class.forName;water.api.schemas3.ParseV3;sun.reflect.generics.factory.CoreReflectionFactory.makeNamedType;114;;
Class.forName;water.api.schemas3.PartialDependenceV3;java.util.ServiceLoader$LazyClassPathLookupIterator.nextProviderClass;1217;;
Class.forName;water.api.schemas3.PartialDependenceV3;sun.reflect.generics.factory.CoreReflectionFactory.makeNamedType;114;;
Class.forName;water.api.schemas3.PingV3$NodeMemoryInfoV3;java.util.ServiceLoader$LazyClassPathLookupIterator.nextProviderClass;1217;;
Class.forName;water.api.schemas3.PingV3$NodeMemoryInfoV3;sun.reflect.generics.factory.CoreReflectionFactory.makeNamedType;114;;
Class.forName;water.api.schemas3.PingV3;java.util.ServiceLoader$LazyClassPathLookupIterator.nextProviderClass;1217;;
Class.forName;water.api.schemas3.PingV3;sun.reflect.generics.factory.CoreReflectionFactory.makeNamedType;114;;
Class.forName;water.api.schemas3.ProfilerNodeV3$ProfilerNodeEntryV3;java.util.ServiceLoader$LazyClassPathLookupIterator.nextProviderClass;1217;;
Class.forName;water.api.schemas3.ProfilerNodeV3$ProfilerNodeEntryV3;sun.reflect.generics.factory.CoreReflectionFactory.makeNamedType;114;;
Class.forName;water.api.schemas3.ProfilerNodeV3;java.util.ServiceLoader$LazyClassPathLookupIterator.nextProviderClass;1217;;
Class.forName;water.api.schemas3.ProfilerNodeV3;sun.reflect.generics.factory.CoreReflectionFactory.makeNamedType;114;;
Class.forName;water.api.schemas3.ProfilerV3;java.util.ServiceLoader$LazyClassPathLookupIterator.nextProviderClass;1217;;
Class.forName;water.api.schemas3.ProfilerV3;sun.reflect.generics.factory.CoreReflectionFactory.makeNamedType;114;;
Class.forName;water.api.schemas3.RapidsFrameV3;java.util.ServiceLoader$LazyClassPathLookupIterator.nextProviderClass;1217;;
Class.forName;water.api.schemas3.RapidsFrameV3;sun.reflect.generics.factory.CoreReflectionFactory.makeNamedType;114;;
Class.forName;water.api.schemas3.RapidsFunctionV3;java.util.ServiceLoader$LazyClassPathLookupIterator.nextProviderClass;1217;;
Class.forName;water.api.schemas3.RapidsFunctionV3;sun.reflect.generics.factory.CoreReflectionFactory.makeNamedType;114;;
Class.forName;water.api.schemas3.RapidsHelpV3$RapidsExpressionV3;java.util.ServiceLoader$LazyClassPathLookupIterator.nextProviderClass;1217;;
Class.forName;water.api.schemas3.RapidsHelpV3$RapidsExpressionV3;sun.reflect.generics.factory.CoreReflectionFactory.makeNamedType;114;;
Class.forName;water.api.schemas3.RapidsHelpV3;java.util.ServiceLoader$LazyClassPathLookupIterator.nextProviderClass;1217;;
Class.forName;water.api.schemas3.RapidsHelpV3;sun.reflect.generics.factory.CoreReflectionFactory.makeNamedType;114;;
Class.forName;water.api.schemas3.RapidsMapFrameV3;java.util.ServiceLoader$LazyClassPathLookupIterator.nextProviderClass;1217;;
Class.forName;water.api.schemas3.RapidsMapFrameV3;sun.reflect.generics.factory.CoreReflectionFactory.makeNamedType;114;;
Class.forName;water.api.schemas3.RapidsNumberV3;java.util.ServiceLoader$LazyClassPathLookupIterator.nextProviderClass;1217;;
Class.forName;water.api.schemas3.RapidsNumberV3;sun.reflect.generics.factory.CoreReflectionFactory.makeNamedType;114;;
Class.forName;water.api.schemas3.RapidsNumbersV3;java.util.ServiceLoader$LazyClassPathLookupIterator.nextProviderClass;1217;;
Class.forName;water.api.schemas3.RapidsNumbersV3;sun.reflect.generics.factory.CoreReflectionFactory.makeNamedType;114;;
Class.forName;water.api.schemas3.RapidsSchemaV3;java.util.ServiceLoader$LazyClassPathLookupIterator.nextProviderClass;1217;;
Class.forName;water.api.schemas3.RapidsSchemaV3;sun.reflect.generics.factory.CoreReflectionFactory.makeNamedType;114;;
Class.forName;water.api.schemas3.RapidsStringV3;java.util.ServiceLoader$LazyClassPathLookupIterator.nextProviderClass;1217;;
Class.forName;water.api.schemas3.RapidsStringV3;sun.reflect.generics.factory.CoreReflectionFactory.makeNamedType;114;;
Class.forName;water.api.schemas3.RapidsStringsV3;java.util.ServiceLoader$LazyClassPathLookupIterator.nextProviderClass;1217;;
Class.forName;water.api.schemas3.RapidsStringsV3;sun.reflect.generics.factory.CoreReflectionFactory.makeNamedType;114;;
Class.forName;water.api.schemas3.RemoveAllV3;java.util.ServiceLoader$LazyClassPathLookupIterator.nextProviderClass;1217;;
Class.forName;water.api.schemas3.RemoveAllV3;sun.reflect.generics.factory.CoreReflectionFactory.makeNamedType;114;;
Class.forName;water.api.schemas3.RemoveV3;java.util.ServiceLoader$LazyClassPathLookupIterator.nextProviderClass;1217;;
Class.forName;water.api.schemas3.RemoveV3;sun.reflect.generics.factory.CoreReflectionFactory.makeNamedType;114;;
Class.forName;water.api.schemas3.RequestSchemaV3$Icer;water.Weaver.javassistLoadClass;115;;
Class.forName;water.api.schemas3.RequestSchemaV3$Icer;water.Weaver.javassistLoadClass;87;;
Class.forName;water.api.schemas3.RequestSchemaV3;java.util.ServiceLoader$LazyClassPathLookupIterator.nextProviderClass;1217;;
Class.forName;water.api.schemas3.RequestSchemaV3;sun.reflect.generics.factory.CoreReflectionFactory.makeNamedType;114;;
Class.forName;water.api.schemas3.RouteV3;java.util.ServiceLoader$LazyClassPathLookupIterator.nextProviderClass;1217;;
Class.forName;water.api.schemas3.RouteV3;sun.reflect.generics.factory.CoreReflectionFactory.makeNamedType;114;;
Class.forName;water.api.schemas3.SaveToHiveTableV3;java.util.ServiceLoader$LazyClassPathLookupIterator.nextProviderClass;1217;;
Class.forName;water.api.schemas3.SaveToHiveTableV3;sun.reflect.generics.factory.CoreReflectionFactory.makeNamedType;114;;
Class.forName;water.api.schemas3.SchemaMetadataV3;java.util.ServiceLoader$LazyClassPathLookupIterator.nextProviderClass;1217;;
Class.forName;water.api.schemas3.SchemaMetadataV3;sun.reflect.generics.factory.CoreReflectionFactory.makeNamedType;114;;
Class.forName;water.api.schemas3.SchemaV3$Icer;water.Weaver.javassistLoadClass;115;;
Class.forName;water.api.schemas3.SchemaV3$Icer;water.Weaver.javassistLoadClass;87;;
Class.forName;water.api.schemas3.SchemaV3$Meta$Icer;water.Weaver.javassistLoadClass;115;;
Class.forName;water.api.schemas3.SchemaV3;java.util.ServiceLoader$LazyClassPathLookupIterator.nextProviderClass;1217;;
Class.forName;water.api.schemas3.SchemaV3;sun.reflect.generics.factory.CoreReflectionFactory.makeNamedType;114;;
Class.forName;water.api.schemas3.SegmentModelsParametersV3;java.util.ServiceLoader$LazyClassPathLookupIterator.nextProviderClass;1217;;
Class.forName;water.api.schemas3.SegmentModelsParametersV3;sun.reflect.generics.factory.CoreReflectionFactory.makeNamedType;114;;
Class.forName;water.api.schemas3.SegmentModelsV3;java.util.ServiceLoader$LazyClassPathLookupIterator.nextProviderClass;1217;;
Class.forName;water.api.schemas3.SegmentModelsV3;sun.reflect.generics.factory.CoreReflectionFactory.makeNamedType;114;;
Class.forName;water.api.schemas3.SessionPropertyV3;java.util.ServiceLoader$LazyClassPathLookupIterator.nextProviderClass;1217;;
Class.forName;water.api.schemas3.SessionPropertyV3;sun.reflect.generics.factory.CoreReflectionFactory.makeNamedType;114;;
Class.forName;water.api.schemas3.ShutdownV3;java.util.ServiceLoader$LazyClassPathLookupIterator.nextProviderClass;1217;;
Class.forName;water.api.schemas3.ShutdownV3;sun.reflect.generics.factory.CoreReflectionFactory.makeNamedType;114;;
Class.forName;water.api.schemas3.SignificantRulesV3;java.util.ServiceLoader$LazyClassPathLookupIterator.nextProviderClass;1217;;
Class.forName;water.api.schemas3.SignificantRulesV3;sun.reflect.generics.factory.CoreReflectionFactory.makeNamedType;114;;
Class.forName;water.api.schemas3.SplitFrameV3;java.util.ServiceLoader$LazyClassPathLookupIterator.nextProviderClass;1217;;
Class.forName;water.api.schemas3.SplitFrameV3;sun.reflect.generics.factory.CoreReflectionFactory.makeNamedType;114;;
Class.forName;water.api.schemas3.SteamMetricsV3$SteamMetrics;sun.reflect.generics.factory.CoreReflectionFactory.makeNamedType;114;;
Class.forName;water.api.schemas3.SteamMetricsV3;java.util.ServiceLoader$LazyClassPathLookupIterator.nextProviderClass;1217;;
Class.forName;water.api.schemas3.SteamMetricsV3;sun.reflect.generics.factory.CoreReflectionFactory.makeNamedType;114;;
Class.forName;water.api.schemas3.StringPairV3;java.util.ServiceLoader$LazyClassPathLookupIterator.nextProviderClass;1217;;
Class.forName;water.api.schemas3.StringPairV3;sun.reflect.generics.factory.CoreReflectionFactory.makeNamedType;114;;
Class.forName;water.api.schemas3.TabulateV3;java.util.ServiceLoader$LazyClassPathLookupIterator.nextProviderClass;1217;;
Class.forName;water.api.schemas3.TabulateV3;sun.reflect.generics.factory.CoreReflectionFactory.makeNamedType;114;;
Class.forName;water.api.schemas3.TimelineV3$EventV3;java.util.ServiceLoader$LazyClassPathLookupIterator.nextProviderClass;1217;;
Class.forName;water.api.schemas3.TimelineV3$EventV3;sun.reflect.generics.factory.CoreReflectionFactory.makeNamedType;114;;
Class.forName;water.api.schemas3.TimelineV3$HeartBeatEvent;java.util.ServiceLoader$LazyClassPathLookupIterator.nextProviderClass;1217;;
Class.forName;water.api.schemas3.TimelineV3$HeartBeatEvent;sun.reflect.generics.factory.CoreReflectionFactory.makeNamedType;114;;
Class.forName;water.api.schemas3.TimelineV3$IOEvent;java.util.ServiceLoader$LazyClassPathLookupIterator.nextProviderClass;1217;;
Class.forName;water.api.schemas3.TimelineV3$IOEvent;sun.reflect.generics.factory.CoreReflectionFactory.makeNamedType;114;;
Class.forName;water.api.schemas3.TimelineV3$NetworkEvent;java.util.ServiceLoader$LazyClassPathLookupIterator.nextProviderClass;1217;;
Class.forName;water.api.schemas3.TimelineV3$NetworkEvent;sun.reflect.generics.factory.CoreReflectionFactory.makeNamedType;114;;
Class.forName;water.api.schemas3.TimelineV3;java.util.ServiceLoader$LazyClassPathLookupIterator.nextProviderClass;1217;;
Class.forName;water.api.schemas3.TimelineV3;sun.reflect.generics.factory.CoreReflectionFactory.makeNamedType;114;;
Class.forName;water.api.schemas3.TwoDimTableV3$ColumnSpecsBase;java.util.ServiceLoader$LazyClassPathLookupIterator.nextProviderClass;1217;;
Class.forName;water.api.schemas3.TwoDimTableV3$ColumnSpecsBase;sun.reflect.generics.factory.CoreReflectionFactory.makeNamedType;114;;
Class.forName;water.api.schemas3.TwoDimTableV3;java.util.ServiceLoader$LazyClassPathLookupIterator.nextProviderClass;1217;;
Class.forName;water.api.schemas3.TwoDimTableV3;sun.reflect.generics.factory.CoreReflectionFactory.makeNamedType;114;;
Class.forName;water.api.schemas3.TypeaheadV3;java.util.ServiceLoader$LazyClassPathLookupIterator.nextProviderClass;1217;;
Class.forName;water.api.schemas3.TypeaheadV3;sun.reflect.generics.factory.CoreReflectionFactory.makeNamedType;114;;
Class.forName;water.api.schemas3.UnlockKeysV3;java.util.ServiceLoader$LazyClassPathLookupIterator.nextProviderClass;1217;;
Class.forName;water.api.schemas3.UnlockKeysV3;sun.reflect.generics.factory.CoreReflectionFactory.makeNamedType;114;;
Class.forName;water.api.schemas3.ValidationMessageV3$Icer;water.Weaver.javassistLoadClass;115;;
Class.forName;water.api.schemas3.ValidationMessageV3;java.util.ServiceLoader$LazyClassPathLookupIterator.nextProviderClass;1217;;
Class.forName;water.api.schemas3.ValidationMessageV3;sun.reflect.generics.factory.CoreReflectionFactory.makeNamedType;114;;
Class.forName;water.api.schemas3.VarImpV3;java.util.ServiceLoader$LazyClassPathLookupIterator.nextProviderClass;1217;;
Class.forName;water.api.schemas3.VarImpV3;sun.reflect.generics.factory.CoreReflectionFactory.makeNamedType;114;;
Class.forName;water.api.schemas3.WaterMeterCpuTicksV3;java.util.ServiceLoader$LazyClassPathLookupIterator.nextProviderClass;1217;;
Class.forName;water.api.schemas3.WaterMeterCpuTicksV3;sun.reflect.generics.factory.CoreReflectionFactory.makeNamedType;114;;
Class.forName;water.api.schemas3.WaterMeterIoV3;java.util.ServiceLoader$LazyClassPathLookupIterator.nextProviderClass;1217;;
Class.forName;water.api.schemas3.WaterMeterIoV3;sun.reflect.generics.factory.CoreReflectionFactory.makeNamedType;114;;
Class.forName;water.api.schemas4.EndpointV4;java.util.ServiceLoader$LazyClassPathLookupIterator.nextProviderClass;1217;;
Class.forName;water.api.schemas4.EndpointV4;sun.reflect.generics.factory.CoreReflectionFactory.makeNamedType;114;;
Class.forName;water.api.schemas4.EndpointsListV4;java.util.ServiceLoader$LazyClassPathLookupIterator.nextProviderClass;1217;;
Class.forName;water.api.schemas4.EndpointsListV4;sun.reflect.generics.factory.CoreReflectionFactory.makeNamedType;114;;
Class.forName;water.api.schemas4.InputSchemaV4;java.util.ServiceLoader$LazyClassPathLookupIterator.nextProviderClass;1217;;
Class.forName;water.api.schemas4.InputSchemaV4;sun.reflect.generics.factory.CoreReflectionFactory.makeNamedType;114;;
Class.forName;water.api.schemas4.ListRequestV4;java.util.ServiceLoader$LazyClassPathLookupIterator.nextProviderClass;1217;;
Class.forName;water.api.schemas4.ListRequestV4;sun.reflect.generics.factory.CoreReflectionFactory.makeNamedType;114;;
Class.forName;water.api.schemas4.ModelInfoV4;java.util.ServiceLoader$LazyClassPathLookupIterator.nextProviderClass;1217;;
Class.forName;water.api.schemas4.ModelInfoV4;sun.reflect.generics.factory.CoreReflectionFactory.makeNamedType;114;;
Class.forName;water.api.schemas4.ModelsInfoV4;java.util.ServiceLoader$LazyClassPathLookupIterator.nextProviderClass;1217;;
Class.forName;water.api.schemas4.ModelsInfoV4;sun.reflect.generics.factory.CoreReflectionFactory.makeNamedType;114;;
Class.forName;water.api.schemas4.OutputSchemaV4;java.util.ServiceLoader$LazyClassPathLookupIterator.nextProviderClass;1217;;
Class.forName;water.api.schemas4.OutputSchemaV4;sun.reflect.generics.factory.CoreReflectionFactory.makeNamedType;114;;
Class.forName;water.api.schemas4.SessionIdV4;java.util.ServiceLoader$LazyClassPathLookupIterator.nextProviderClass;1217;;
Class.forName;water.api.schemas4.SessionIdV4;sun.reflect.generics.factory.CoreReflectionFactory.makeNamedType;114;;
Class.forName;water.api.schemas4.input.CreateFrameOriginalIV4;java.util.ServiceLoader$LazyClassPathLookupIterator.nextProviderClass;1217;;
Class.forName;water.api.schemas4.input.CreateFrameOriginalIV4;sun.reflect.generics.factory.CoreReflectionFactory.makeNamedType;114;;
Class.forName;water.api.schemas4.input.CreateFrameSimpleIV4;java.util.ServiceLoader$LazyClassPathLookupIterator.nextProviderClass;1217;;
Class.forName;water.api.schemas4.input.CreateFrameSimpleIV4;sun.reflect.generics.factory.CoreReflectionFactory.makeNamedType;114;;
Class.forName;water.api.schemas4.input.JobIV4;java.util.ServiceLoader$LazyClassPathLookupIterator.nextProviderClass;1217;;
Class.forName;water.api.schemas4.input.JobIV4;sun.reflect.generics.factory.CoreReflectionFactory.makeNamedType;114;;
Class.forName;water.api.schemas4.output.JobV4;java.util.ServiceLoader$LazyClassPathLookupIterator.nextProviderClass;1217;;
Class.forName;water.api.schemas4.output.JobV4;sun.reflect.generics.factory.CoreReflectionFactory.makeNamedType;114;;
Class.forName;water.api.schemas99.AssemblyV99;java.util.ServiceLoader$LazyClassPathLookupIterator.nextProviderClass;1217;;
Class.forName;water.api.schemas99.AssemblyV99;sun.reflect.generics.factory.CoreReflectionFactory.makeNamedType;114;;
Class.forName;water.api.schemas99.GridsV99;java.util.ServiceLoader$LazyClassPathLookupIterator.nextProviderClass;1217;;
Class.forName;water.api.schemas99.GridsV99;sun.reflect.generics.factory.CoreReflectionFactory.makeNamedType;114;;
Class.forName;water.api.schemas99.RapidsV99;java.util.ServiceLoader$LazyClassPathLookupIterator.nextProviderClass;1217;;
Class.forName;water.api.schemas99.RapidsV99;sun.reflect.generics.factory.CoreReflectionFactory.makeNamedType;114;;
Class.forName;water.automl.RegisterRestApi;java.util.ServiceLoader$LazyClassPathLookupIterator.nextProviderClass;1217;;
Class.forName;water.automl.api.LeaderboardsHandler$Leaderboards;sun.reflect.generics.factory.CoreReflectionFactory.makeNamedType;114;;
Class.forName;water.automl.api.schemas3.AutoMLBuildSpecV99$AlgoProvider;sun.reflect.generics.factory.CoreReflectionFactory.makeNamedType;114;;
Class.forName;water.automl.api.schemas3.AutoMLBuildSpecV99$AutoMLBuildControlV99;java.util.ServiceLoader$LazyClassPathLookupIterator.nextProviderClass;1217;;
Class.forName;water.automl.api.schemas3.AutoMLBuildSpecV99$AutoMLBuildControlV99;sun.reflect.generics.factory.CoreReflectionFactory.makeNamedType;114;;
Class.forName;water.automl.api.schemas3.AutoMLBuildSpecV99$AutoMLBuildModelsV99;java.util.ServiceLoader$LazyClassPathLookupIterator.nextProviderClass;1217;;
Class.forName;water.automl.api.schemas3.AutoMLBuildSpecV99$AutoMLBuildModelsV99;sun.reflect.generics.factory.CoreReflectionFactory.makeNamedType;114;;
Class.forName;water.automl.api.schemas3.AutoMLBuildSpecV99$AutoMLCustomParameterV99;java.util.ServiceLoader$LazyClassPathLookupIterator.nextProviderClass;1217;;
Class.forName;water.automl.api.schemas3.AutoMLBuildSpecV99$AutoMLCustomParameterV99;sun.reflect.generics.factory.CoreReflectionFactory.makeNamedType;114;;
Class.forName;water.automl.api.schemas3.AutoMLBuildSpecV99$AutoMLInputV99;java.util.ServiceLoader$LazyClassPathLookupIterator.nextProviderClass;1217;;
Class.forName;water.automl.api.schemas3.AutoMLBuildSpecV99$AutoMLInputV99;sun.reflect.generics.factory.CoreReflectionFactory.makeNamedType;114;;
Class.forName;water.automl.api.schemas3.AutoMLBuildSpecV99$AutoMLMetricProvider;sun.reflect.generics.factory.CoreReflectionFactory.makeNamedType;114;;
Class.forName;water.automl.api.schemas3.AutoMLBuildSpecV99$AutoMLStoppingCriteriaV99;java.util.ServiceLoader$LazyClassPathLookupIterator.nextProviderClass;1217;;
Class.forName;water.automl.api.schemas3.AutoMLBuildSpecV99$AutoMLStoppingCriteriaV99;sun.reflect.generics.factory.CoreReflectionFactory.makeNamedType;114;;
Class.forName;water.automl.api.schemas3.AutoMLBuildSpecV99$ScopeProvider;sun.reflect.generics.factory.CoreReflectionFactory.makeNamedType;114;;
Class.forName;water.automl.api.schemas3.AutoMLBuildSpecV99;java.util.ServiceLoader$LazyClassPathLookupIterator.nextProviderClass;1217;;
Class.forName;water.automl.api.schemas3.AutoMLBuildSpecV99;sun.reflect.generics.factory.CoreReflectionFactory.makeNamedType;114;;
Class.forName;water.automl.api.schemas3.AutoMLV99$AutoMLKeyV3;java.util.ServiceLoader$LazyClassPathLookupIterator.nextProviderClass;1217;;
Class.forName;water.automl.api.schemas3.AutoMLV99$AutoMLKeyV3;sun.reflect.generics.factory.CoreReflectionFactory.makeNamedType;114;;
Class.forName;water.automl.api.schemas3.AutoMLV99;java.util.ServiceLoader$LazyClassPathLookupIterator.nextProviderClass;1217;;
Class.forName;water.automl.api.schemas3.AutoMLV99;sun.reflect.generics.factory.CoreReflectionFactory.makeNamedType;114;;
Class.forName;water.automl.api.schemas3.EventLogEntryV99$LevelProvider;sun.reflect.generics.factory.CoreReflectionFactory.makeNamedType;114;;
Class.forName;water.automl.api.schemas3.EventLogEntryV99$StageProvider;sun.reflect.generics.factory.CoreReflectionFactory.makeNamedType;114;;
Class.forName;water.automl.api.schemas3.EventLogEntryV99;java.util.ServiceLoader$LazyClassPathLookupIterator.nextProviderClass;1217;;
Class.forName;water.automl.api.schemas3.EventLogEntryV99;sun.reflect.generics.factory.CoreReflectionFactory.makeNamedType;114;;
Class.forName;water.automl.api.schemas3.EventLogV99;java.util.ServiceLoader$LazyClassPathLookupIterator.nextProviderClass;1217;;
Class.forName;water.automl.api.schemas3.EventLogV99;sun.reflect.generics.factory.CoreReflectionFactory.makeNamedType;114;;
Class.forName;water.automl.api.schemas3.LeaderboardV99;java.util.ServiceLoader$LazyClassPathLookupIterator.nextProviderClass;1217;;
Class.forName;water.automl.api.schemas3.LeaderboardV99;sun.reflect.generics.factory.CoreReflectionFactory.makeNamedType;114;;
Class.forName;water.automl.api.schemas3.LeaderboardsV99;java.util.ServiceLoader$LazyClassPathLookupIterator.nextProviderClass;1217;;
Class.forName;water.automl.api.schemas3.LeaderboardsV99;sun.reflect.generics.factory.CoreReflectionFactory.makeNamedType;114;;
Class.forName;water.automl.api.schemas3.PreprocessingStepDefinitionV99$TypeProvider;sun.reflect.generics.factory.CoreReflectionFactory.makeNamedType;114;;
Class.forName;water.automl.api.schemas3.PreprocessingStepDefinitionV99;java.util.ServiceLoader$LazyClassPathLookupIterator.nextProviderClass;1217;;
Class.forName;water.automl.api.schemas3.PreprocessingStepDefinitionV99;sun.reflect.generics.factory.CoreReflectionFactory.makeNamedType;114;;
Class.forName;water.automl.api.schemas3.SchemaExtensions$ModelsKeyV3;java.util.ServiceLoader$LazyClassPathLookupIterator.nextProviderClass;1217;;
Class.forName;water.automl.api.schemas3.SchemaExtensions$ModelsKeyV3;sun.reflect.generics.factory.CoreReflectionFactory.makeNamedType;114;;
Class.forName;water.automl.api.schemas3.StepDefinitionV99$AliasProvider;sun.reflect.generics.factory.CoreReflectionFactory.makeNamedType;114;;
Class.forName;water.automl.api.schemas3.StepDefinitionV99$StepV99;java.util.ServiceLoader$LazyClassPathLookupIterator.nextProviderClass;1217;;
Class.forName;water.automl.api.schemas3.StepDefinitionV99$StepV99;sun.reflect.generics.factory.CoreReflectionFactory.makeNamedType;114;;
Class.forName;water.automl.api.schemas3.StepDefinitionV99;java.util.ServiceLoader$LazyClassPathLookupIterator.nextProviderClass;1217;;
Class.forName;water.automl.api.schemas3.StepDefinitionV99;sun.reflect.generics.factory.CoreReflectionFactory.makeNamedType;114;;
Class.forName;water.fvec.ByteVec$Icer;water.Weaver.javassistLoadClass;115;;
Class.forName;water.fvec.C0LChunk$Icer;water.Weaver.javassistLoadClass;115;;
Class.forName;water.fvec.C1NChunk$Icer;water.Weaver.javassistLoadClass;115;;
Class.forName;water.fvec.C1NChunk;water.TypeMap.theFreezable;306;;
Class.forName;water.fvec.C1SChunk$Icer;water.Weaver.javassistLoadClass;115;;
Class.forName;water.fvec.C2Chunk$Icer;water.Weaver.javassistLoadClass;115;;
Class.forName;water.fvec.C2SChunk$Icer;water.Weaver.javassistLoadClass;115;;
Class.forName;water.fvec.C4Chunk$Icer;water.Weaver.javassistLoadClass;115;;
Class.forName;water.fvec.C4SChunk$Icer;water.Weaver.javassistLoadClass;115;;
Class.forName;water.fvec.C4VolatileChunk$Icer;water.Weaver.javassistLoadClass;115;;
Class.forName;water.fvec.C8Chunk$Icer;water.Weaver.javassistLoadClass;115;;
Class.forName;water.fvec.C8DChunk$Icer;water.Weaver.javassistLoadClass;115;;
Class.forName;water.fvec.C8DVolatileChunk$Icer;water.Weaver.javassistLoadClass;115;;
Class.forName;water.fvec.CBSChunk$Icer;water.Weaver.javassistLoadClass;115;;
Class.forName;water.fvec.CSChunk$Icer;water.Weaver.javassistLoadClass;115;;
Class.forName;water.fvec.CSChunk$Icer;water.Weaver.javassistLoadClass;87;;
Class.forName;water.fvec.CXIChunk$Icer;water.Weaver.javassistLoadClass;115;;
Class.forName;water.fvec.Chunk$Icer;water.Weaver.javassistLoadClass;115;;
Class.forName;water.fvec.Chunk$Icer;water.Weaver.javassistLoadClass;87;;
Class.forName;water.fvec.FileVec$Icer;water.Weaver.javassistLoadClass;115;;
Class.forName;water.fvec.Frame$Icer;water.Weaver.javassistLoadClass;115;;
Class.forName;water.fvec.Frame$VecSpecifier;sun.reflect.generics.factory.CoreReflectionFactory.makeNamedType;114;;
Class.forName;water.fvec.Frame;sun.reflect.generics.factory.CoreReflectionFactory.makeNamedType;114;;
Class.forName;water.fvec.NFSFileVec$Icer;water.Weaver.javassistLoadClass;115;;
Class.forName;water.fvec.RollupStats$ComputeRollupsTask$Icer;water.Weaver.javassistLoadClass;115;;
Class.forName;water.fvec.RollupStats$Icer;water.Weaver.javassistLoadClass;115;;
Class.forName;water.fvec.RollupStats$Roll$Icer;water.Weaver.javassistLoadClass;115;;
Class.forName;water.fvec.Vec$14$Icer;water.Weaver.javassistLoadClass;115;;
Class.forName;water.fvec.Vec$15$Icer;water.Weaver.javassistLoadClass;115;;
Class.forName;water.fvec.Vec$3$Icer;water.Weaver.javassistLoadClass;115;;
Class.forName;water.fvec.Vec$6$Icer;water.Weaver.javassistLoadClass;115;;
Class.forName;water.fvec.Vec$7$Icer;water.Weaver.javassistLoadClass;115;;
Class.forName;water.fvec.Vec$8$Icer;water.Weaver.javassistLoadClass;115;;
Class.forName;water.fvec.Vec$ESPC$Icer;water.Weaver.javassistLoadClass;115;;
Class.forName;water.fvec.Vec$Icer;water.Weaver.javassistLoadClass;115;;
Class.forName;water.fvec.Vec$Icer;water.Weaver.javassistLoadClass;87;;
Class.forName;water.fvec.Vec$VectorGroup$Icer;water.Weaver.javassistLoadClass;115;;
Class.forName;water.fvec.Vec;sun.reflect.generics.factory.CoreReflectionFactory.makeNamedType;114;;
Class.forName;water.infogram.RegisterRestApi;java.util.ServiceLoader$LazyClassPathLookupIterator.nextProviderClass;1217;;
Class.forName;water.init.BuildVersion;water.init.AbstractBuildVersion.getBuildVersion;100;;
Class.forName;water.init.NetworkBench;sun.reflect.generics.factory.CoreReflectionFactory.makeNamedType;114;;
Class.forName;water.init.NetworkTest;sun.reflect.generics.factory.CoreReflectionFactory.makeNamedType;114;;
Class.forName;water.k8s.KubernetesEmbeddedConfigProvider;java.util.ServiceLoader$LazyClassPathLookupIterator.nextProviderClass;1217;;
Class.forName;water.parser.DecryptionTool$DecryptionSetup;sun.reflect.generics.factory.CoreReflectionFactory.makeNamedType;114;;
Class.forName;water.parser.DecryptionTool;sun.reflect.generics.factory.CoreReflectionFactory.makeNamedType;114;;
Class.forName;water.parser.DefaultParserProviders$ArffParserProvider;java.util.ServiceLoader$LazyClassPathLookupIterator.nextProviderClass;1217;;
Class.forName;water.parser.DefaultParserProviders$CsvParserProvider;java.util.ServiceLoader$LazyClassPathLookupIterator.nextProviderClass;1217;;
Class.forName;water.parser.DefaultParserProviders$GuessParserProvider;java.util.ServiceLoader$LazyClassPathLookupIterator.nextProviderClass;1217;;
Class.forName;water.parser.DefaultParserProviders$SVMLightParserProvider;java.util.ServiceLoader$LazyClassPathLookupIterator.nextProviderClass;1217;;
Class.forName;water.parser.DefaultParserProviders$XlsParserProvider;java.util.ServiceLoader$LazyClassPathLookupIterator.nextProviderClass;1217;;
Class.forName;water.parser.ParseDataset$CategoricalUpdateMap$Icer;water.Weaver.javassistLoadClass;115;;
Class.forName;water.parser.ParseDataset$CreateParse2GlobalCategoricalMaps$Icer;water.Weaver.javassistLoadClass;115;;
Class.forName;water.parser.ParseDataset$GatherCategoricalDomainsTask$Icer;water.Weaver.javassistLoadClass;115;;
Class.forName;water.parser.ParseDataset$MultiFileParseTask$DistributedParse$Icer;water.Weaver.javassistLoadClass;115;;
Class.forName;water.parser.ParseDataset$MultiFileParseTask$Icer;water.Weaver.javassistLoadClass;115;;
Class.forName;water.parser.ParseDataset$UpdateCategoricalChunksTask$Icer;water.Weaver.javassistLoadClass;115;;
Class.forName;water.parser.ParseSetup$GuessSetupTsk$Icer;water.Weaver.javassistLoadClass;115;;
Class.forName;water.parser.ParseSetup;sun.reflect.generics.factory.CoreReflectionFactory.makeNamedType;114;;
Class.forName;water.parser.avro.AvroParserProvider;java.util.ServiceLoader$LazyClassPathLookupIterator.nextProviderClass;1217;;
Class.forName;water.parser.parquet.ParquetParserProvider;java.util.ServiceLoader$LazyClassPathLookupIterator.nextProviderClass;1217;;
Class.forName;water.persist.PersistGcs;water.persist.PersistManager.<init>;195;;
Class.forName;water.persist.PersistHTTP;water.persist.PersistManager.<init>;165;;
Class.forName;water.persist.PersistHdfs;water.persist.PersistManager.<init>;176;;
Class.forName;water.persist.PersistS3;water.persist.PersistManager.<init>;186;;
Class.forName;water.persist.PersistS3CredentialsV3;java.util.ServiceLoader$LazyClassPathLookupIterator.nextProviderClass;1217;;
Class.forName;water.persist.PersistS3CredentialsV3;sun.reflect.generics.factory.CoreReflectionFactory.makeNamedType;114;;
Class.forName;water.persist.RegisterRestApi;java.util.ServiceLoader$LazyClassPathLookupIterator.nextProviderClass;1217;;
Class.forName;water.rapids.Assembly;sun.reflect.generics.factory.CoreReflectionFactory.makeNamedType;114;;
Class.forName;water.server.LeaderNodeRequestFilter;java.util.ServiceLoader$LazyClassPathLookupIterator.nextProviderClass;1217;;
Class.forName;water.udf.CFuncTask$Icer;water.Weaver.javassistLoadClass;115;;
Class.forName;water.util.ChunkSummary$Icer;water.Weaver.javassistLoadClass;115;;
Class.forName;water.util.DCTTransformer;sun.reflect.generics.factory.CoreReflectionFactory.makeNamedType;114;;
Class.forName;water.util.FileIntegrityChecker$Icer;water.Weaver.javassistLoadClass;115;;
Class.forName;water.util.FrameUtils$MissingInserter;sun.reflect.generics.factory.CoreReflectionFactory.makeNamedType;114;;
Class.forName;water.util.IcedHashMap$Icer;water.Weaver.javassistLoadClass;115;;
Class.forName;water.util.IcedHashMap;sun.reflect.generics.factory.CoreReflectionFactory.makeNamedType;114;;
Class.forName;water.util.IcedHashMapBase$Icer;water.Weaver.javassistLoadClass;115;;
Class.forName;water.util.IcedHashMapBase;sun.reflect.generics.factory.CoreReflectionFactory.makeNamedType;114;;
Class.forName;water.util.IcedHashMapGeneric;sun.reflect.generics.factory.CoreReflectionFactory.makeNamedType;114;;
Class.forName;water.util.IcedSortedHashMap;sun.reflect.generics.factory.CoreReflectionFactory.makeNamedType;114;;
Class.forName;water.util.JStack;sun.reflect.generics.factory.CoreReflectionFactory.makeNamedType;114;;
Class.forName;water.util.JStackCollectorTask$DStackTrace;sun.reflect.generics.factory.CoreReflectionFactory.makeNamedType;114;;
Class.forName;water.util.ReproducibilityInformationUtils$NodeInfoTask$Icer;water.Weaver.javassistLoadClass;115;;
Class.forName;water.util.Tabulate;sun.reflect.generics.factory.CoreReflectionFactory.makeNamedType;114;;
Class.forName;water.util.TwoDimTable$Icer;water.Weaver.javassistLoadClass;115;;
Class.forName;water.util.TwoDimTable;sun.reflect.generics.factory.CoreReflectionFactory.makeNamedType;114;;
Class.forName;water.util.WaterMeterCpuTicks;sun.reflect.generics.factory.CoreReflectionFactory.makeNamedType;114;;
Class.forName;water.util.WaterMeterIo$IoStatsEntry;java.util.ServiceLoader$LazyClassPathLookupIterator.nextProviderClass;1217;;
Class.forName;water.util.WaterMeterIo$IoStatsEntry;sun.reflect.generics.factory.CoreReflectionFactory.makeNamedType;114;;
Class.forName;water.util.WaterMeterIo;sun.reflect.generics.factory.CoreReflectionFactory.makeNamedType;114;;
Class.forName;water.webserver.CoreServletProvider;java.util.ServiceLoader$LazyClassPathLookupIterator.nextProviderClass;1217;;
Class.forName;water.webserver.jetty9.Jetty9Facade;java.util.ServiceLoader$LazyClassPathLookupIterator.nextProviderClass;1217;;
Class.newInstance;hex.api.AssemblyToMojoPipelineExportHandler;water.api.HandlerFactory$1.create;15;;
Class.newInstance;hex.api.MakeGLMModelHandler;water.api.HandlerFactory$1.create;15;;
Class.newInstance;hex.api.Word2VecHandler;water.api.HandlerFactory$1.create;15;;
Class.newInstance;hex.api.targetencoding.TargetEncoderHandler;water.api.HandlerFactory$1.create;15;;
Class.newInstance;hex.schemas.ANOVAGLMV3$ANOVAGLMParametersV3;hex.schemas.ModelBuilderSchema.createParametersSchema;76;;
Class.newInstance;hex.schemas.AggregatorV99$AggregatorParametersV99;hex.schemas.ModelBuilderSchema.createParametersSchema;76;;
Class.newInstance;hex.schemas.CoxPHV3$CoxPHParametersV3;hex.schemas.ModelBuilderSchema.createParametersSchema;76;;
Class.newInstance;hex.schemas.DRFV3$DRFParametersV3;hex.schemas.ModelBuilderSchema.createParametersSchema;76;;
Class.newInstance;hex.schemas.DTV3$DTParametersV3;hex.schemas.ModelBuilderSchema.createParametersSchema;76;;
Class.newInstance;hex.schemas.DeepLearningV3$DeepLearningParametersV3;hex.schemas.ModelBuilderSchema.createParametersSchema;76;;
Class.newInstance;hex.schemas.ExtendedIsolationForestV3$ExtendedIsolationForestParametersV3;hex.schemas.ModelBuilderSchema.createParametersSchema;76;;
Class.newInstance;hex.schemas.GAMV3$GAMParametersV3;hex.schemas.ModelBuilderSchema.createParametersSchema;76;;
Class.newInstance;hex.schemas.GBMV3$GBMParametersV3;hex.schemas.ModelBuilderSchema.createParametersSchema;76;;
Class.newInstance;hex.schemas.GLMV3$GLMParametersV3;hex.schemas.ModelBuilderSchema.createParametersSchema;76;;
Class.newInstance;hex.schemas.GLRMV3$GLRMParametersV3;hex.schemas.ModelBuilderSchema.createParametersSchema;76;;
Class.newInstance;hex.schemas.GenericV3$GenericParametersV3;hex.schemas.ModelBuilderSchema.createParametersSchema;76;;
Class.newInstance;hex.schemas.GrepV3$GrepParametersV3;hex.schemas.ModelBuilderSchema.createParametersSchema;76;;
Class.newInstance;hex.schemas.HyperSpaceSearchCriteriaV99$RandomSearchStoppingMetricValuesProvider;water.api.SchemaMetadata.getValues;410;;
Class.newInstance;hex.schemas.HyperSpaceSearchCriteriaV99$StrategyValuesProvider;water.api.SchemaMetadata.getValues;410;;
Class.newInstance;hex.schemas.InfogramV3$InfogramAlrogithmProvider;water.api.SchemaMetadata.getValues;410;;
Class.newInstance;hex.schemas.InfogramV3$InfogramParametersV3;hex.schemas.ModelBuilderSchema.createParametersSchema;76;;
Class.newInstance;hex.schemas.IsolationForestV3$IsolationForestParametersV3;hex.schemas.ModelBuilderSchema.createParametersSchema;76;;
Class.newInstance;hex.schemas.IsotonicRegressionV3$IsotonicRegressionParametersV3;hex.schemas.ModelBuilderSchema.createParametersSchema;76;;
Class.newInstance;hex.schemas.KMeansV3$KMeansParametersV3;hex.schemas.ModelBuilderSchema.createParametersSchema;76;;
Class.newInstance;hex.schemas.ModelSelectionV3$ModelSelectionModeProvider;water.api.SchemaMetadata.getValues;410;;
Class.newInstance;hex.schemas.ModelSelectionV3$ModelSelectionParametersV3;hex.schemas.ModelBuilderSchema.createParametersSchema;76;;
Class.newInstance;hex.schemas.NaiveBayesV3$NaiveBayesParametersV3;hex.schemas.ModelBuilderSchema.createParametersSchema;76;;
Class.newInstance;hex.schemas.PCAV3$PCAParametersV3;hex.schemas.ModelBuilderSchema.createParametersSchema;76;;
Class.newInstance;hex.schemas.PSVMV3$PSVMParametersV3;hex.schemas.ModelBuilderSchema.createParametersSchema;76;;
Class.newInstance;hex.schemas.QuantileV3$QuantileParametersV3;hex.schemas.ModelBuilderSchema.createParametersSchema;76;;
Class.newInstance;hex.schemas.RuleFitV3$RuleFitParametersV3;hex.schemas.ModelBuilderSchema.createParametersSchema;76;;
Class.newInstance;hex.schemas.SVDV99$SVDParametersV99;hex.schemas.ModelBuilderSchema.createParametersSchema;76;;
Class.newInstance;hex.schemas.SharedTreeV3$SharedTreeParametersV3;hex.schemas.ModelBuilderSchema.createParametersSchema;76;;
Class.newInstance;hex.schemas.StackedEnsembleModelV99$StackingStrategyProvider;water.api.SchemaMetadata.getValues;410;;
Class.newInstance;hex.schemas.StackedEnsembleV99$StackedEnsembleParametersV99$AlgorithmValuesProvider;water.api.SchemaMetadata.getValues;410;;
Class.newInstance;hex.schemas.StackedEnsembleV99$StackedEnsembleParametersV99;hex.schemas.ModelBuilderSchema.createParametersSchema;76;;
Class.newInstance;hex.schemas.TargetEncoderV3$DataLeakageHandlingStrategyProvider;water.api.SchemaMetadata.getValues;410;;
Class.newInstance;hex.schemas.TargetEncoderV3$TargetEncoderParametersV3;hex.schemas.ModelBuilderSchema.createParametersSchema;76;;
Class.newInstance;hex.schemas.UpliftDRFV3$UpliftDRFParametersV3;hex.schemas.ModelBuilderSchema.createParametersSchema;76;;
Class.newInstance;hex.schemas.Word2VecV3$Word2VecParametersV3;hex.schemas.ModelBuilderSchema.createParametersSchema;76;;
Class.newInstance;hex.schemas.XGBoostV3$XGBoostParametersV3;hex.schemas.ModelBuilderSchema.createParametersSchema;76;;
Class.newInstance;hex.steam.SteamWebsocketServlet;water.webserver.jetty9.Jetty9ServerAdapter.registerHandlers;82;;
Class.newInstance;hex.tree.TreeHandler;water.api.HandlerFactory$1.create;15;;
Class.newInstance;hex.tree.drf.DRFModel$DRFParameters;water.api.Schema.createImpl;167;;
Class.newInstance;hex.tree.xgboost.remote.RemoteXGBoostHandler;water.api.HandlerFactory$1.create;15;;
Class.newInstance;java.net.Inet6AddressImpl;java.net.InetAddress.loadImpl;1713;;
Class.newInstance;javax.management.MBeanServerBuilder;javax.management.MBeanServerFactory.newBuilder;461;;
Class.newInstance;jdk.internal.reflect.GeneratedConstructorAccessor10;jdk.internal.reflect.MethodAccessorGenerator$1.run;405;;
Class.newInstance;jdk.internal.reflect.GeneratedConstructorAccessor11;jdk.internal.reflect.MethodAccessorGenerator$1.run;405;;
Class.newInstance;jdk.internal.reflect.GeneratedConstructorAccessor12;jdk.internal.reflect.MethodAccessorGenerator$1.run;405;;
Class.newInstance;jdk.internal.reflect.GeneratedConstructorAccessor13;jdk.internal.reflect.MethodAccessorGenerator$1.run;405;;
Class.newInstance;jdk.internal.reflect.GeneratedConstructorAccessor14;jdk.internal.reflect.MethodAccessorGenerator$1.run;405;;
Class.newInstance;jdk.internal.reflect.GeneratedConstructorAccessor15;jdk.internal.reflect.MethodAccessorGenerator$1.run;405;;
Class.newInstance;jdk.internal.reflect.GeneratedConstructorAccessor16;jdk.internal.reflect.MethodAccessorGenerator$1.run;405;;
Class.newInstance;jdk.internal.reflect.GeneratedConstructorAccessor17;jdk.internal.reflect.MethodAccessorGenerator$1.run;405;;
Class.newInstance;jdk.internal.reflect.GeneratedConstructorAccessor18;jdk.internal.reflect.MethodAccessorGenerator$1.run;405;;
Class.newInstance;jdk.internal.reflect.GeneratedConstructorAccessor19;jdk.internal.reflect.MethodAccessorGenerator$1.run;405;;
Class.newInstance;jdk.internal.reflect.GeneratedConstructorAccessor1;jdk.internal.reflect.MethodAccessorGenerator$1.run;405;;
Class.newInstance;jdk.internal.reflect.GeneratedConstructorAccessor20;jdk.internal.reflect.MethodAccessorGenerator$1.run;405;;
Class.newInstance;jdk.internal.reflect.GeneratedConstructorAccessor21;jdk.internal.reflect.MethodAccessorGenerator$1.run;405;;
Class.newInstance;jdk.internal.reflect.GeneratedConstructorAccessor22;jdk.internal.reflect.MethodAccessorGenerator$1.run;405;;
Class.newInstance;jdk.internal.reflect.GeneratedConstructorAccessor23;jdk.internal.reflect.MethodAccessorGenerator$1.run;405;;
Class.newInstance;jdk.internal.reflect.GeneratedConstructorAccessor24;jdk.internal.reflect.MethodAccessorGenerator$1.run;405;;
Class.newInstance;jdk.internal.reflect.GeneratedConstructorAccessor25;jdk.internal.reflect.MethodAccessorGenerator$1.run;405;;
Class.newInstance;jdk.internal.reflect.GeneratedConstructorAccessor26;jdk.internal.reflect.MethodAccessorGenerator$1.run;405;;
Class.newInstance;jdk.internal.reflect.GeneratedConstructorAccessor27;jdk.internal.reflect.MethodAccessorGenerator$1.run;405;;
Class.newInstance;jdk.internal.reflect.GeneratedConstructorAccessor2;jdk.internal.reflect.MethodAccessorGenerator$1.run;405;;
Class.newInstance;jdk.internal.reflect.GeneratedConstructorAccessor3;jdk.internal.reflect.MethodAccessorGenerator$1.run;405;;
Class.newInstance;jdk.internal.reflect.GeneratedConstructorAccessor4;jdk.internal.reflect.MethodAccessorGenerator$1.run;405;;
Class.newInstance;jdk.internal.reflect.GeneratedConstructorAccessor5;jdk.internal.reflect.MethodAccessorGenerator$1.run;405;;
Class.newInstance;jdk.internal.reflect.GeneratedConstructorAccessor6;jdk.internal.reflect.MethodAccessorGenerator$1.run;405;;
Class.newInstance;jdk.internal.reflect.GeneratedConstructorAccessor7;jdk.internal.reflect.MethodAccessorGenerator$1.run;405;;
Class.newInstance;jdk.internal.reflect.GeneratedConstructorAccessor8;jdk.internal.reflect.MethodAccessorGenerator$1.run;405;;
Class.newInstance;jdk.internal.reflect.GeneratedConstructorAccessor9;jdk.internal.reflect.MethodAccessorGenerator$1.run;405;;
Class.newInstance;jdk.internal.reflect.GeneratedMethodAccessor10;jdk.internal.reflect.MethodAccessorGenerator$1.run;405;;
Class.newInstance;jdk.internal.reflect.GeneratedMethodAccessor11;jdk.internal.reflect.MethodAccessorGenerator$1.run;405;;
Class.newInstance;jdk.internal.reflect.GeneratedMethodAccessor12;jdk.internal.reflect.MethodAccessorGenerator$1.run;405;;
Class.newInstance;jdk.internal.reflect.GeneratedMethodAccessor1;jdk.internal.reflect.MethodAccessorGenerator$1.run;405;;
Class.newInstance;jdk.internal.reflect.GeneratedMethodAccessor2;jdk.internal.reflect.MethodAccessorGenerator$1.run;405;;
Class.newInstance;jdk.internal.reflect.GeneratedMethodAccessor3;jdk.internal.reflect.MethodAccessorGenerator$1.run;405;;
Class.newInstance;jdk.internal.reflect.GeneratedMethodAccessor4;jdk.internal.reflect.MethodAccessorGenerator$1.run;405;;
Class.newInstance;jdk.internal.reflect.GeneratedMethodAccessor5;jdk.internal.reflect.MethodAccessorGenerator$1.run;405;;
Class.newInstance;jdk.internal.reflect.GeneratedMethodAccessor6;jdk.internal.reflect.MethodAccessorGenerator$1.run;405;;
Class.newInstance;jdk.internal.reflect.GeneratedMethodAccessor7;jdk.internal.reflect.MethodAccessorGenerator$1.run;405;;
Class.newInstance;jdk.internal.reflect.GeneratedMethodAccessor8;jdk.internal.reflect.MethodAccessorGenerator$1.run;405;;
Class.newInstance;jdk.internal.reflect.GeneratedMethodAccessor9;jdk.internal.reflect.MethodAccessorGenerator$1.run;405;;
Class.newInstance;org.apache.commons.logging.impl.LogFactoryImpl;org.apache.commons.logging.LogFactory.createFactory;1047;;
Class.newInstance;org.apache.commons.logging.impl.WeakHashtable;org.apache.commons.logging.LogFactory.createFactoryStore;332;;
Class.newInstance;org.apache.logging.log4j.core.config.plugins.visitors.PluginAttributeVisitor;org.apache.logging.log4j.core.config.plugins.visitors.PluginVisitors.findVisitor;50;;
Class.newInstance;org.apache.logging.log4j.core.config.plugins.visitors.PluginBuilderAttributeVisitor;org.apache.logging.log4j.core.config.plugins.visitors.PluginVisitors.findVisitor;50;;
Class.newInstance;org.apache.logging.log4j.core.config.plugins.visitors.PluginConfigurationVisitor;org.apache.logging.log4j.core.config.plugins.visitors.PluginVisitors.findVisitor;50;;
Class.newInstance;org.apache.logging.log4j.core.config.plugins.visitors.PluginElementVisitor;org.apache.logging.log4j.core.config.plugins.visitors.PluginVisitors.findVisitor;50;;
Class.newInstance;org.apache.logging.log4j.core.impl.Log4jContextFactory;org.apache.logging.log4j.LogManager.<clinit>;95;;
Class.newInstance;org.apache.logging.log4j.message.DefaultFlowMessageFactory;org.apache.logging.log4j.spi.AbstractLogger.createDefaultFlowMessageFactory;244;;
Class.newInstance;org.apache.logging.log4j.message.ParameterizedMessageFactory;org.apache.logging.log4j.spi.AbstractLogger.createDefaultMessageFactory;228;;
Class.newInstance;org.python.apache.xerces.impl.dv.dtd.DTDDVFactoryImpl;org.python.apache.xerces.impl.dv.ObjectFactory.newInstance;;;
Class.newInstance;org.python.apache.xerces.jaxp.DocumentBuilderFactoryImpl;javax.xml.parsers.FactoryFinder.newInstance;;;
Class.newInstance;org.python.apache.xerces.parsers.XIncludeAwareParserConfiguration;org.python.apache.xerces.parsers.ObjectFactory.newInstance;;;
Class.newInstance;sun.net.spi.DefaultProxySelector;java.net.ProxySelector.<clinit>;75;;
Class.newInstance;sun.text.resources.cldr.ext.FormatData_en_001;sun.util.resources.provider.LocaleDataProvider.loadResourceBundle;58;;
Class.newInstance;sun.text.resources.cldr.ext.FormatData_en_AU;sun.util.resources.provider.LocaleDataProvider.loadResourceBundle;58;;
Class.newInstance;water.api.AboutHandler;water.api.HandlerFactory$1.create;15;;
Class.newInstance;water.api.AssemblyHandler;water.api.HandlerFactory$1.create;15;;
Class.newInstance;water.api.CapabilitiesHandler;water.api.HandlerFactory$1.create;15;;
Class.newInstance;water.api.CloudHandler;water.api.HandlerFactory$1.create;15;;
Class.newInstance;water.api.CloudLockHandler;water.api.HandlerFactory$1.create;15;;
Class.newInstance;water.api.CreateFrameHandler$CreateSimpleFrame;water.api.HandlerFactory$1.create;15;;
Class.newInstance;water.api.CreateFrameHandler$CreateSimpleFrame;water.api.RequestServer.registerEndpoint;208;;
Class.newInstance;water.api.CreateFrameHandler;water.api.HandlerFactory$1.create;15;;
Class.newInstance;water.api.DCTTransformerHandler;water.api.HandlerFactory$1.create;15;;
Class.newInstance;water.api.DecryptionSetupHandler;water.api.HandlerFactory$1.create;15;;
Class.newInstance;water.api.DownloadDataHandler;water.api.HandlerFactory$1.create;15;;
Class.newInstance;water.api.FindHandler;water.api.HandlerFactory$1.create;15;;
Class.newInstance;water.api.FrameChunksHandler;water.api.HandlerFactory$1.create;15;;
Class.newInstance;water.api.FramesHandler;water.api.HandlerFactory$1.create;15;;
Class.newInstance;water.api.GarbageCollectHandler;water.api.HandlerFactory$1.create;15;;
Class.newInstance;water.api.GridImportExportHandler;water.api.HandlerFactory$1.create;15;;
Class.newInstance;water.api.GridSearchHandler;water.api.HandlerFactory$1.create;15;;
Class.newInstance;water.api.GridsHandler;water.api.HandlerFactory$1.create;15;;
Class.newInstance;water.api.ImportFilesHandler;water.api.HandlerFactory$1.create;15;;
Class.newInstance;water.api.ImportHiveTableHandler;water.api.HandlerFactory$1.create;15;;
Class.newInstance;water.api.ImportSQLTableHandler;water.api.HandlerFactory$1.create;15;;
Class.newInstance;water.api.InteractionHandler;water.api.HandlerFactory$1.create;15;;
Class.newInstance;water.api.JStackHandler;water.api.HandlerFactory$1.create;15;;
Class.newInstance;water.api.JobsHandler$FetchJob;water.api.HandlerFactory$1.create;15;;
Class.newInstance;water.api.JobsHandler$FetchJob;water.api.RequestServer.registerEndpoint;208;;
Class.newInstance;water.api.JobsHandler;water.api.HandlerFactory$1.create;15;;
Class.newInstance;water.api.KillMinus3Handler;water.api.HandlerFactory$1.create;15;;
Class.newInstance;water.api.LogAndEchoHandler;water.api.HandlerFactory$1.create;15;;
Class.newInstance;water.api.LogsHandler;water.api.HandlerFactory$1.create;15;;
Class.newInstance;water.api.MetadataHandler;water.api.HandlerFactory$1.create;15;;
Class.newInstance;water.api.MissingInserterHandler;water.api.HandlerFactory$1.create;15;;
Class.newInstance;water.api.ModelBuilderHandler;water.api.HandlerFactory$1.create;15;;
Class.newInstance;water.api.ModelBuildersHandler;water.api.HandlerFactory$1.create;15;;
Class.newInstance;water.api.ModelMetricsHandler;water.api.HandlerFactory$1.create;15;;
Class.newInstance;water.api.ModelsHandler;water.api.HandlerFactory$1.create;15;;
Class.newInstance;water.api.NetworkTestHandler;water.api.HandlerFactory$1.create;15;;
Class.newInstance;water.api.NodePersistentStorageHandler;water.api.HandlerFactory$1.create;15;;
Class.newInstance;water.api.ParseHandler;water.api.HandlerFactory$1.create;15;;
Class.newInstance;water.api.ParseSetupHandler;water.api.HandlerFactory$1.create;15;;
Class.newInstance;water.api.ParseTypeValuesProvider;water.api.SchemaMetadata.getValues;410;;
Class.newInstance;water.api.PingHandler;water.api.HandlerFactory$1.create;15;;
Class.newInstance;water.api.ProfilerHandler;water.api.HandlerFactory$1.create;15;;
Class.newInstance;water.api.RapidsHandler$StartSession4;water.api.HandlerFactory$1.create;15;;
Class.newInstance;water.api.RapidsHandler$StartSession4;water.api.RequestServer.registerEndpoint;208;;
Class.newInstance;water.api.RapidsHandler;water.api.HandlerFactory$1.create;15;;
Class.newInstance;water.api.RecoveryHandler;water.api.HandlerFactory$1.create;15;;
Class.newInstance;water.api.RemoveAllHandler;water.api.HandlerFactory$1.create;15;;
Class.newInstance;water.api.RemoveHandler;water.api.HandlerFactory$1.create;15;;
Class.newInstance;water.api.SaveToHiveTableHandler;water.api.HandlerFactory$1.create;15;;
Class.newInstance;water.api.SegmentModelsBuilderHandler;water.api.HandlerFactory$1.create;15;;
Class.newInstance;water.api.ShutdownHandler;water.api.HandlerFactory$1.create;15;;
Class.newInstance;water.api.SplitFrameHandler;water.api.HandlerFactory$1.create;15;;
Class.newInstance;water.api.SteamMetricsHandler;water.api.HandlerFactory$1.create;15;;
Class.newInstance;water.api.TabulateHandler;water.api.HandlerFactory$1.create;15;;
Class.newInstance;water.api.TimelineHandler;water.api.HandlerFactory$1.create;15;;
Class.newInstance;water.api.TypeaheadHandler;water.api.HandlerFactory$1.create;15;;
Class.newInstance;water.api.UnlockKeysHandler;water.api.HandlerFactory$1.create;15;;
Class.newInstance;water.api.WaterMeterCpuTicksHandler;water.api.HandlerFactory$1.create;15;;
Class.newInstance;water.api.WaterMeterIoHandler;water.api.HandlerFactory$1.create;15;;
Class.newInstance;water.api.schemas3.ClusteringModelParametersSchemaV3;hex.schemas.ModelBuilderSchema.createParametersSchema;76;;
Class.newInstance;water.api.schemas3.GarbageCollectV3;water.api.Schema.newInstance;667;;
Class.newInstance;water.api.schemas3.ImportFilesV3$ImportFiles;water.api.Schema.createImpl;167;;
Class.newInstance;water.api.schemas3.ImportFilesV3;water.api.Schema.newInstance;667;;
Class.newInstance;water.api.schemas3.JobV3;water.api.Schema.newInstance;667;;
Class.newInstance;water.api.schemas3.JobsV3;water.api.Schema.newInstance;667;;
Class.newInstance;water.api.schemas3.ModelParamsValuesProviders$MultinomialAucTypeSchemeValuesProvider;water.api.SchemaMetadata.getValues;410;;
Class.newInstance;water.api.schemas3.ModelParamsValuesProviders$StoppingMetricValuesProvider;water.api.SchemaMetadata.getValues;410;;
Class.newInstance;water.api.schemas3.ModelParamsValuesProviders$UpliftAuucTypeSchemeValuesProvider;water.api.SchemaMetadata.getValues;410;;
Class.newInstance;water.api.schemas3.ParseSetupV3;water.api.Schema.newInstance;667;;
Class.newInstance;water.api.schemas3.ParseV3;water.api.Schema.newInstance;667;;
Class.newInstance;water.automl.api.AutoMLBuilderHandler;water.api.HandlerFactory$1.create;15;;
Class.newInstance;water.automl.api.AutoMLHandler;water.api.HandlerFactory$1.create;15;;
Class.newInstance;water.automl.api.LeaderboardsHandler;water.api.HandlerFactory$1.create;15;;
Class.newInstance;water.automl.api.schemas3.AutoMLBuildSpecV99$AlgoProvider;water.api.SchemaMetadata.getValues;410;;
Class.newInstance;water.automl.api.schemas3.AutoMLBuildSpecV99$AutoMLMetricProvider;water.api.SchemaMetadata.getValues;410;;
Class.newInstance;water.automl.api.schemas3.AutoMLBuildSpecV99$ScopeProvider;water.api.SchemaMetadata.getValues;410;;
Class.newInstance;water.automl.api.schemas3.EventLogEntryV99$LevelProvider;water.api.SchemaMetadata.getValues;410;;
Class.newInstance;water.automl.api.schemas3.EventLogEntryV99$StageProvider;water.api.SchemaMetadata.getValues;410;;
Class.newInstance;water.automl.api.schemas3.PreprocessingStepDefinitionV99$TypeProvider;water.api.SchemaMetadata.getValues;410;;
Class.newInstance;water.automl.api.schemas3.StepDefinitionV99$AliasProvider;water.api.SchemaMetadata.getValues;410;;
Class.newInstance;water.parser.ParseSetup;water.api.Schema.createImpl;167;;
Class.newInstance;water.persist.PersistS3Handler;water.api.HandlerFactory$1.create;15;;
Constructor.newInstance;<com.fasterxml.jackson.databind.ext.Java7SupportImpl: void <init>()>;com.fasterxml.jackson.databind.util.ClassUtil.createInstance;566;isAccessible=false;
Constructor.newInstance;<com.google.common.cache.CacheBuilder$$Lambda$199: void <init>()>;java.lang.invoke.InnerClassLambdaMetafactory.buildCallSite;261;isAccessible=true;
Constructor.newInstance;<com.sun.management.internal.PlatformMBeanProviderImpl$$Lambda$57: void <init>()>;java.lang.invoke.InnerClassLambdaMetafactory.buildCallSite;261;isAccessible=true;
Constructor.newInstance;<com.sun.management.internal.PlatformMBeanProviderImpl: void <init>()>;java.util.ServiceLoader$ProviderImpl.newInstance;789;isAccessible=true;
Constructor.newInstance;<com.sun.org.apache.xerces.internal.jaxp.datatype.DatatypeFactoryImpl: void <init>()>;javax.xml.datatype.FactoryFinder.newInstance;189;isAccessible=false;
Constructor.newInstance;<hex.GaussianDistribution$Icer: void <init>(hex.GaussianDistribution)>;water.Weaver.genDelegate;60;isAccessible=false;
Constructor.newInstance;<hex.IdentityFunction$Icer: void <init>(hex.IdentityFunction)>;water.Weaver.genDelegate;60;isAccessible=false;
Constructor.newInstance;<hex.Infogram.InfogramExtension: void <init>()>;java.util.ServiceLoader$ProviderImpl.newInstance;789;isAccessible=false;
Constructor.newInstance;<hex.Model$Parameters$$Lambda$304: void <init>()>;java.lang.invoke.InnerClassLambdaMetafactory.buildCallSite;261;isAccessible=true;
Constructor.newInstance;<hex.Model$Parameters$$Lambda$305: void <init>()>;java.lang.invoke.InnerClassLambdaMetafactory.buildCallSite;261;isAccessible=true;
Constructor.newInstance;<hex.Model$Parameters$$Lambda$306: void <init>()>;java.lang.invoke.InnerClassLambdaMetafactory.buildCallSite;261;isAccessible=true;
Constructor.newInstance;<hex.ModelMetricsRegression$Icer: void <init>(hex.ModelMetricsRegression)>;water.Weaver.genDelegate;60;isAccessible=false;
Constructor.newInstance;<hex.ObjectConsistencyChecker$Icer: void <init>(hex.ObjectConsistencyChecker)>;water.Weaver.genDelegate;60;isAccessible=false;
Constructor.newInstance;<hex.ScoreKeeper$Icer: void <init>(hex.ScoreKeeper)>;water.Weaver.genDelegate;60;isAccessible=false;
Constructor.newInstance;<hex.VarImp$Icer: void <init>(hex.VarImp)>;water.Weaver.genDelegate;60;isAccessible=false;
Constructor.newInstance;<hex.api.MojoPipelineApiRegister: void <init>()>;java.util.ServiceLoader$ProviderImpl.newInstance;789;isAccessible=false;
Constructor.newInstance;<hex.api.RegisterAlgos: void <init>()>;java.util.ServiceLoader$ProviderImpl.newInstance;789;isAccessible=false;
Constructor.newInstance;<hex.api.targetencoding.TargetEncoderAlgoRegister: void <init>()>;java.util.ServiceLoader$ProviderImpl.newInstance;789;isAccessible=false;
Constructor.newInstance;<hex.api.xgboost.RegisterRestApi: void <init>()>;java.util.ServiceLoader$ProviderImpl.newInstance;789;isAccessible=false;
Constructor.newInstance;<hex.mojopipeline.MojoPipelineExtension: void <init>()>;java.util.ServiceLoader$ProviderImpl.newInstance;789;isAccessible=false;
Constructor.newInstance;<hex.schemas.ANOVAGLMModelV3$ANOVAGLMModelOutputV3: void <init>()>;java.util.ServiceLoader$ProviderImpl.newInstance;789;isAccessible=false;
Constructor.newInstance;<hex.schemas.ANOVAGLMModelV3: void <init>()>;java.util.ServiceLoader$ProviderImpl.newInstance;789;isAccessible=false;
Constructor.newInstance;<hex.schemas.ANOVAGLMV3$ANOVAGLMParametersV3: void <init>()>;java.util.ServiceLoader$ProviderImpl.newInstance;789;isAccessible=false;
Constructor.newInstance;<hex.schemas.ANOVAGLMV3: void <init>()>;java.util.ServiceLoader$ProviderImpl.newInstance;789;isAccessible=false;
Constructor.newInstance;<hex.schemas.AggregatorModelV99$AggregatorModelOutputV99: void <init>()>;java.util.ServiceLoader$ProviderImpl.newInstance;789;isAccessible=false;
Constructor.newInstance;<hex.schemas.AggregatorModelV99: void <init>()>;java.util.ServiceLoader$ProviderImpl.newInstance;789;isAccessible=false;
Constructor.newInstance;<hex.schemas.AggregatorV99$AggregatorParametersV99: void <init>()>;java.util.ServiceLoader$ProviderImpl.newInstance;789;isAccessible=false;
Constructor.newInstance;<hex.schemas.AggregatorV99: void <init>()>;java.util.ServiceLoader$ProviderImpl.newInstance;789;isAccessible=false;
Constructor.newInstance;<hex.schemas.ClusteringModelBuilderSchema: void <init>()>;java.util.ServiceLoader$ProviderImpl.newInstance;789;isAccessible=false;
Constructor.newInstance;<hex.schemas.CoxPHModelV3$CoxPHModelOutputV3: void <init>()>;java.util.ServiceLoader$ProviderImpl.newInstance;789;isAccessible=false;
Constructor.newInstance;<hex.schemas.CoxPHModelV3: void <init>()>;java.util.ServiceLoader$ProviderImpl.newInstance;789;isAccessible=false;
Constructor.newInstance;<hex.schemas.CoxPHV3$CoxPHParametersV3: void <init>()>;java.util.ServiceLoader$ProviderImpl.newInstance;789;isAccessible=false;
Constructor.newInstance;<hex.schemas.CoxPHV3: void <init>()>;java.util.ServiceLoader$ProviderImpl.newInstance;789;isAccessible=false;
Constructor.newInstance;<hex.schemas.DRFModelV3$DRFModelOutputV3: void <init>()>;java.util.ServiceLoader$ProviderImpl.newInstance;789;isAccessible=false;
Constructor.newInstance;<hex.schemas.DRFModelV3: void <init>()>;java.util.ServiceLoader$ProviderImpl.newInstance;789;isAccessible=false;
Constructor.newInstance;<hex.schemas.DRFV3$DRFParametersV3$Icer: void <init>(hex.schemas.DRFV3$DRFParametersV3)>;water.Weaver.genDelegate;60;isAccessible=false;
Constructor.newInstance;<hex.schemas.DRFV3$DRFParametersV3: void <init>()>;java.util.ServiceLoader$ProviderImpl.newInstance;789;isAccessible=false;
Constructor.newInstance;<hex.schemas.DRFV3$Icer: void <init>(hex.schemas.DRFV3)>;water.Weaver.genDelegate;60;isAccessible=false;
Constructor.newInstance;<hex.schemas.DRFV3: void <init>()>;java.util.ServiceLoader$ProviderImpl.newInstance;789;isAccessible=false;
Constructor.newInstance;<hex.schemas.DTModelV3$DTModelOutputV3: void <init>()>;java.util.ServiceLoader$ProviderImpl.newInstance;789;isAccessible=false;
Constructor.newInstance;<hex.schemas.DTModelV3: void <init>()>;java.util.ServiceLoader$ProviderImpl.newInstance;789;isAccessible=false;
Constructor.newInstance;<hex.schemas.DTV3$DTParametersV3: void <init>()>;java.util.ServiceLoader$ProviderImpl.newInstance;789;isAccessible=false;
Constructor.newInstance;<hex.schemas.DTV3: void <init>()>;java.util.ServiceLoader$ProviderImpl.newInstance;789;isAccessible=false;
Constructor.newInstance;<hex.schemas.DataInfoFrameV3: void <init>()>;java.util.ServiceLoader$ProviderImpl.newInstance;789;isAccessible=false;
Constructor.newInstance;<hex.schemas.DeepLearningModelV3$DeepLearningModelOutputV3: void <init>()>;java.util.ServiceLoader$ProviderImpl.newInstance;789;isAccessible=false;
Constructor.newInstance;<hex.schemas.DeepLearningModelV3: void <init>()>;java.util.ServiceLoader$ProviderImpl.newInstance;789;isAccessible=false;
Constructor.newInstance;<hex.schemas.DeepLearningV3$DeepLearningParametersV3: void <init>()>;java.util.ServiceLoader$ProviderImpl.newInstance;789;isAccessible=false;
Constructor.newInstance;<hex.schemas.DeepLearningV3: void <init>()>;java.util.ServiceLoader$ProviderImpl.newInstance;789;isAccessible=false;
Constructor.newInstance;<hex.schemas.ExtendedIsolationForestModelV3$ExtendedIsolationForestModelOutputV3: void <init>()>;java.util.ServiceLoader$ProviderImpl.newInstance;789;isAccessible=false;
Constructor.newInstance;<hex.schemas.ExtendedIsolationForestModelV3: void <init>()>;java.util.ServiceLoader$ProviderImpl.newInstance;789;isAccessible=false;
Constructor.newInstance;<hex.schemas.ExtendedIsolationForestV3$ExtendedIsolationForestParametersV3: void <init>()>;java.util.ServiceLoader$ProviderImpl.newInstance;789;isAccessible=false;
Constructor.newInstance;<hex.schemas.ExtendedIsolationForestV3: void <init>()>;java.util.ServiceLoader$ProviderImpl.newInstance;789;isAccessible=false;
Constructor.newInstance;<hex.schemas.GAMModelV3$GAMModelOutputV3: void <init>()>;java.util.ServiceLoader$ProviderImpl.newInstance;789;isAccessible=false;
Constructor.newInstance;<hex.schemas.GAMModelV3: void <init>()>;java.util.ServiceLoader$ProviderImpl.newInstance;789;isAccessible=false;
Constructor.newInstance;<hex.schemas.GAMV3$GAMParametersV3: void <init>()>;java.util.ServiceLoader$ProviderImpl.newInstance;789;isAccessible=false;
Constructor.newInstance;<hex.schemas.GAMV3: void <init>()>;java.util.ServiceLoader$ProviderImpl.newInstance;789;isAccessible=false;
Constructor.newInstance;<hex.schemas.GBMModelV3$GBMModelOutputV3: void <init>()>;java.util.ServiceLoader$ProviderImpl.newInstance;789;isAccessible=false;
Constructor.newInstance;<hex.schemas.GBMModelV3: void <init>()>;java.util.ServiceLoader$ProviderImpl.newInstance;789;isAccessible=false;
Constructor.newInstance;<hex.schemas.GBMV3$GBMParametersV3: void <init>()>;java.util.ServiceLoader$ProviderImpl.newInstance;789;isAccessible=false;
Constructor.newInstance;<hex.schemas.GBMV3: void <init>()>;java.util.ServiceLoader$ProviderImpl.newInstance;789;isAccessible=false;
Constructor.newInstance;<hex.schemas.GLMModelV3$GLMModelOutputV3: void <init>()>;java.util.ServiceLoader$ProviderImpl.newInstance;789;isAccessible=false;
Constructor.newInstance;<hex.schemas.GLMModelV3: void <init>()>;java.util.ServiceLoader$ProviderImpl.newInstance;789;isAccessible=false;
Constructor.newInstance;<hex.schemas.GLMRegularizationPathV3: void <init>()>;java.util.ServiceLoader$ProviderImpl.newInstance;789;isAccessible=false;
Constructor.newInstance;<hex.schemas.GLMV3$GLMParametersV3: void <init>()>;java.util.ServiceLoader$ProviderImpl.newInstance;789;isAccessible=false;
Constructor.newInstance;<hex.schemas.GLMV3: void <init>()>;java.util.ServiceLoader$ProviderImpl.newInstance;789;isAccessible=false;
Constructor.newInstance;<hex.schemas.GLRMModelV3$GLRMModelOutputV3: void <init>()>;java.util.ServiceLoader$ProviderImpl.newInstance;789;isAccessible=false;
Constructor.newInstance;<hex.schemas.GLRMModelV3: void <init>()>;java.util.ServiceLoader$ProviderImpl.newInstance;789;isAccessible=false;
Constructor.newInstance;<hex.schemas.GLRMV3$GLRMParametersV3: void <init>()>;java.util.ServiceLoader$ProviderImpl.newInstance;789;isAccessible=false;
Constructor.newInstance;<hex.schemas.GLRMV3: void <init>()>;java.util.ServiceLoader$ProviderImpl.newInstance;789;isAccessible=false;
Constructor.newInstance;<hex.schemas.GenericModelV3$GenericModelOutputV3: void <init>()>;java.util.ServiceLoader$ProviderImpl.newInstance;789;isAccessible=false;
Constructor.newInstance;<hex.schemas.GenericModelV3: void <init>()>;java.util.ServiceLoader$ProviderImpl.newInstance;789;isAccessible=false;
Constructor.newInstance;<hex.schemas.GenericV3$GenericParametersV3: void <init>()>;java.util.ServiceLoader$ProviderImpl.newInstance;789;isAccessible=false;
Constructor.newInstance;<hex.schemas.GenericV3: void <init>()>;java.util.ServiceLoader$ProviderImpl.newInstance;789;isAccessible=false;
Constructor.newInstance;<hex.schemas.GramV3: void <init>()>;java.util.ServiceLoader$ProviderImpl.newInstance;789;isAccessible=false;
Constructor.newInstance;<hex.schemas.GrepModelV3$GrepModelOutputV3: void <init>()>;java.util.ServiceLoader$ProviderImpl.newInstance;789;isAccessible=false;
Constructor.newInstance;<hex.schemas.GrepModelV3: void <init>()>;java.util.ServiceLoader$ProviderImpl.newInstance;789;isAccessible=false;
Constructor.newInstance;<hex.schemas.GrepV3$GrepParametersV3: void <init>()>;java.util.ServiceLoader$ProviderImpl.newInstance;789;isAccessible=false;
Constructor.newInstance;<hex.schemas.GrepV3: void <init>()>;java.util.ServiceLoader$ProviderImpl.newInstance;789;isAccessible=false;
Constructor.newInstance;<hex.schemas.GridSchemaV99: void <init>()>;java.util.ServiceLoader$ProviderImpl.newInstance;789;isAccessible=false;
Constructor.newInstance;<hex.schemas.GridSearchSchema: void <init>()>;java.util.ServiceLoader$ProviderImpl.newInstance;789;isAccessible=false;
Constructor.newInstance;<hex.schemas.HyperSpaceSearchCriteriaV99$CartesianSearchCriteriaV99: void <init>()>;java.util.ServiceLoader$ProviderImpl.newInstance;789;isAccessible=false;
Constructor.newInstance;<hex.schemas.HyperSpaceSearchCriteriaV99$RandomDiscreteValueSearchCriteriaV99: void <init>()>;java.util.ServiceLoader$ProviderImpl.newInstance;789;isAccessible=false;
Constructor.newInstance;<hex.schemas.HyperSpaceSearchCriteriaV99$SequentialSearchCriteriaV99: void <init>()>;java.util.ServiceLoader$ProviderImpl.newInstance;789;isAccessible=false;
Constructor.newInstance;<hex.schemas.HyperSpaceSearchCriteriaV99: void <init>()>;java.util.ServiceLoader$ProviderImpl.newInstance;789;isAccessible=false;
Constructor.newInstance;<hex.schemas.InfogramModelV3$InfogramModelOutputV3: void <init>()>;java.util.ServiceLoader$ProviderImpl.newInstance;789;isAccessible=false;
Constructor.newInstance;<hex.schemas.InfogramModelV3: void <init>()>;java.util.ServiceLoader$ProviderImpl.newInstance;789;isAccessible=false;
Constructor.newInstance;<hex.schemas.InfogramV3$InfogramParametersV3: void <init>()>;java.util.ServiceLoader$ProviderImpl.newInstance;789;isAccessible=false;
Constructor.newInstance;<hex.schemas.InfogramV3: void <init>()>;java.util.ServiceLoader$ProviderImpl.newInstance;789;isAccessible=false;
Constructor.newInstance;<hex.schemas.IsolationForestModelV3$IsolationForestModelOutputV3: void <init>()>;java.util.ServiceLoader$ProviderImpl.newInstance;789;isAccessible=false;
Constructor.newInstance;<hex.schemas.IsolationForestModelV3: void <init>()>;java.util.ServiceLoader$ProviderImpl.newInstance;789;isAccessible=false;
Constructor.newInstance;<hex.schemas.IsolationForestV3$IsolationForestParametersV3: void <init>()>;java.util.ServiceLoader$ProviderImpl.newInstance;789;isAccessible=false;
Constructor.newInstance;<hex.schemas.IsolationForestV3: void <init>()>;java.util.ServiceLoader$ProviderImpl.newInstance;789;isAccessible=false;
Constructor.newInstance;<hex.schemas.IsotonicRegressionModelV3$IsotonicRegressionModelOutputV3: void <init>()>;java.util.ServiceLoader$ProviderImpl.newInstance;789;isAccessible=false;
Constructor.newInstance;<hex.schemas.IsotonicRegressionModelV3: void <init>()>;java.util.ServiceLoader$ProviderImpl.newInstance;789;isAccessible=false;
Constructor.newInstance;<hex.schemas.IsotonicRegressionV3$IsotonicRegressionParametersV3: void <init>()>;java.util.ServiceLoader$ProviderImpl.newInstance;789;isAccessible=false;
Constructor.newInstance;<hex.schemas.IsotonicRegressionV3: void <init>()>;java.util.ServiceLoader$ProviderImpl.newInstance;789;isAccessible=false;
Constructor.newInstance;<hex.schemas.KMeansModelV3$KMeansModelOutputV3: void <init>()>;java.util.ServiceLoader$ProviderImpl.newInstance;789;isAccessible=false;
Constructor.newInstance;<hex.schemas.KMeansModelV3: void <init>()>;java.util.ServiceLoader$ProviderImpl.newInstance;789;isAccessible=false;
Constructor.newInstance;<hex.schemas.KMeansV3$KMeansParametersV3: void <init>()>;java.util.ServiceLoader$ProviderImpl.newInstance;789;isAccessible=false;
Constructor.newInstance;<hex.schemas.KMeansV3: void <init>()>;java.util.ServiceLoader$ProviderImpl.newInstance;789;isAccessible=false;
Constructor.newInstance;<hex.schemas.MakeGLMModelV3: void <init>()>;java.util.ServiceLoader$ProviderImpl.newInstance;789;isAccessible=false;
Constructor.newInstance;<hex.schemas.ModelBuilderSchema: void <init>()>;java.util.ServiceLoader$ProviderImpl.newInstance;789;isAccessible=false;
Constructor.newInstance;<hex.schemas.ModelSelectionModelV3$ModelSelectionModelOutputV3: void <init>()>;java.util.ServiceLoader$ProviderImpl.newInstance;789;isAccessible=false;
Constructor.newInstance;<hex.schemas.ModelSelectionModelV3: void <init>()>;java.util.ServiceLoader$ProviderImpl.newInstance;789;isAccessible=false;
Constructor.newInstance;<hex.schemas.ModelSelectionV3$ModelSelectionParametersV3: void <init>()>;java.util.ServiceLoader$ProviderImpl.newInstance;789;isAccessible=false;
Constructor.newInstance;<hex.schemas.ModelSelectionV3: void <init>()>;java.util.ServiceLoader$ProviderImpl.newInstance;789;isAccessible=false;
Constructor.newInstance;<hex.schemas.NaiveBayesModelV3$NaiveBayesModelOutputV3: void <init>()>;java.util.ServiceLoader$ProviderImpl.newInstance;789;isAccessible=false;
Constructor.newInstance;<hex.schemas.NaiveBayesModelV3: void <init>()>;java.util.ServiceLoader$ProviderImpl.newInstance;789;isAccessible=false;
Constructor.newInstance;<hex.schemas.NaiveBayesV3$NaiveBayesParametersV3: void <init>()>;java.util.ServiceLoader$ProviderImpl.newInstance;789;isAccessible=false;
Constructor.newInstance;<hex.schemas.NaiveBayesV3: void <init>()>;java.util.ServiceLoader$ProviderImpl.newInstance;789;isAccessible=false;
Constructor.newInstance;<hex.schemas.PCAModelV3$PCAModelOutputV3: void <init>()>;java.util.ServiceLoader$ProviderImpl.newInstance;789;isAccessible=false;
Constructor.newInstance;<hex.schemas.PCAModelV3: void <init>()>;java.util.ServiceLoader$ProviderImpl.newInstance;789;isAccessible=false;
Constructor.newInstance;<hex.schemas.PCAV3$PCAParametersV3: void <init>()>;java.util.ServiceLoader$ProviderImpl.newInstance;789;isAccessible=false;
Constructor.newInstance;<hex.schemas.PCAV3: void <init>()>;java.util.ServiceLoader$ProviderImpl.newInstance;789;isAccessible=false;
Constructor.newInstance;<hex.schemas.PSVMModelV3$PSVMModelOutputV3: void <init>()>;java.util.ServiceLoader$ProviderImpl.newInstance;789;isAccessible=false;
Constructor.newInstance;<hex.schemas.PSVMModelV3: void <init>()>;java.util.ServiceLoader$ProviderImpl.newInstance;789;isAccessible=false;
Constructor.newInstance;<hex.schemas.PSVMV3$PSVMParametersV3: void <init>()>;java.util.ServiceLoader$ProviderImpl.newInstance;789;isAccessible=false;
Constructor.newInstance;<hex.schemas.PSVMV3: void <init>()>;java.util.ServiceLoader$ProviderImpl.newInstance;789;isAccessible=false;
Constructor.newInstance;<hex.schemas.QuantileV3$QuantileParametersV3: void <init>()>;java.util.ServiceLoader$ProviderImpl.newInstance;789;isAccessible=false;
Constructor.newInstance;<hex.schemas.QuantileV3: void <init>()>;java.util.ServiceLoader$ProviderImpl.newInstance;789;isAccessible=false;
Constructor.newInstance;<hex.schemas.RuleFitModelV3$RuleFitModelOutputV3: void <init>()>;java.util.ServiceLoader$ProviderImpl.newInstance;789;isAccessible=false;
Constructor.newInstance;<hex.schemas.RuleFitModelV3: void <init>()>;java.util.ServiceLoader$ProviderImpl.newInstance;789;isAccessible=false;
Constructor.newInstance;<hex.schemas.RuleFitV3$RuleFitParametersV3: void <init>()>;java.util.ServiceLoader$ProviderImpl.newInstance;789;isAccessible=false;
Constructor.newInstance;<hex.schemas.RuleFitV3: void <init>()>;java.util.ServiceLoader$ProviderImpl.newInstance;789;isAccessible=false;
Constructor.newInstance;<hex.schemas.SVDModelV99$SVDModelOutputV99: void <init>()>;java.util.ServiceLoader$ProviderImpl.newInstance;789;isAccessible=false;
Constructor.newInstance;<hex.schemas.SVDModelV99: void <init>()>;java.util.ServiceLoader$ProviderImpl.newInstance;789;isAccessible=false;
Constructor.newInstance;<hex.schemas.SVDV99$SVDParametersV99: void <init>()>;java.util.ServiceLoader$ProviderImpl.newInstance;789;isAccessible=false;
Constructor.newInstance;<hex.schemas.SVDV99: void <init>()>;java.util.ServiceLoader$ProviderImpl.newInstance;789;isAccessible=false;
Constructor.newInstance;<hex.schemas.SharedTreeModelV3$SharedTreeModelOutputV3: void <init>()>;java.util.ServiceLoader$ProviderImpl.newInstance;789;isAccessible=false;
Constructor.newInstance;<hex.schemas.SharedTreeModelV3: void <init>()>;java.util.ServiceLoader$ProviderImpl.newInstance;789;isAccessible=false;
Constructor.newInstance;<hex.schemas.SharedTreeV3$SharedTreeParametersV3: void <init>()>;java.util.ServiceLoader$ProviderImpl.newInstance;789;isAccessible=false;
Constructor.newInstance;<hex.schemas.SharedTreeV3: void <init>()>;java.util.ServiceLoader$ProviderImpl.newInstance;789;isAccessible=false;
Constructor.newInstance;<hex.schemas.StackedEnsembleModelV99$StackedEnsembleModelOutputV99: void <init>()>;java.util.ServiceLoader$ProviderImpl.newInstance;789;isAccessible=false;
Constructor.newInstance;<hex.schemas.StackedEnsembleModelV99: void <init>()>;java.util.ServiceLoader$ProviderImpl.newInstance;789;isAccessible=false;
Constructor.newInstance;<hex.schemas.StackedEnsembleV99$StackedEnsembleParametersV99: void <init>()>;java.util.ServiceLoader$ProviderImpl.newInstance;789;isAccessible=false;
Constructor.newInstance;<hex.schemas.StackedEnsembleV99: void <init>()>;java.util.ServiceLoader$ProviderImpl.newInstance;789;isAccessible=false;
Constructor.newInstance;<hex.schemas.TargetEncoderModelOutputV3$ColumnsMappingV3: void <init>()>;java.util.ServiceLoader$ProviderImpl.newInstance;789;isAccessible=false;
Constructor.newInstance;<hex.schemas.TargetEncoderModelOutputV3: void <init>()>;java.util.ServiceLoader$ProviderImpl.newInstance;789;isAccessible=false;
Constructor.newInstance;<hex.schemas.TargetEncoderModelV3: void <init>()>;java.util.ServiceLoader$ProviderImpl.newInstance;789;isAccessible=false;
Constructor.newInstance;<hex.schemas.TargetEncoderTransformParametersV3: void <init>()>;java.util.ServiceLoader$ProviderImpl.newInstance;789;isAccessible=false;
Constructor.newInstance;<hex.schemas.TargetEncoderV3$TargetEncoderParametersV3: void <init>()>;java.util.ServiceLoader$ProviderImpl.newInstance;789;isAccessible=false;
Constructor.newInstance;<hex.schemas.TargetEncoderV3: void <init>()>;java.util.ServiceLoader$ProviderImpl.newInstance;789;isAccessible=false;
Constructor.newInstance;<hex.schemas.TreeStatsV3: void <init>()>;java.util.ServiceLoader$ProviderImpl.newInstance;789;isAccessible=false;
Constructor.newInstance;<hex.schemas.TreeV3: void <init>()>;java.util.ServiceLoader$ProviderImpl.newInstance;789;isAccessible=false;
Constructor.newInstance;<hex.schemas.UpliftDRFModelV3$UpliftDRFModelOutputV3: void <init>()>;java.util.ServiceLoader$ProviderImpl.newInstance;789;isAccessible=false;
Constructor.newInstance;<hex.schemas.UpliftDRFModelV3: void <init>()>;java.util.ServiceLoader$ProviderImpl.newInstance;789;isAccessible=false;
Constructor.newInstance;<hex.schemas.UpliftDRFV3$UpliftDRFParametersV3: void <init>()>;java.util.ServiceLoader$ProviderImpl.newInstance;789;isAccessible=false;
Constructor.newInstance;<hex.schemas.UpliftDRFV3: void <init>()>;java.util.ServiceLoader$ProviderImpl.newInstance;789;isAccessible=false;
Constructor.newInstance;<hex.schemas.Word2VecModelV3$Word2VecModelOutputV3: void <init>()>;java.util.ServiceLoader$ProviderImpl.newInstance;789;isAccessible=false;
Constructor.newInstance;<hex.schemas.Word2VecModelV3: void <init>()>;java.util.ServiceLoader$ProviderImpl.newInstance;789;isAccessible=false;
Constructor.newInstance;<hex.schemas.Word2VecSynonymsV3: void <init>()>;java.util.ServiceLoader$ProviderImpl.newInstance;789;isAccessible=false;
Constructor.newInstance;<hex.schemas.Word2VecTransformV3: void <init>()>;java.util.ServiceLoader$ProviderImpl.newInstance;789;isAccessible=false;
Constructor.newInstance;<hex.schemas.Word2VecV3$Word2VecParametersV3: void <init>()>;java.util.ServiceLoader$ProviderImpl.newInstance;789;isAccessible=false;
Constructor.newInstance;<hex.schemas.Word2VecV3: void <init>()>;java.util.ServiceLoader$ProviderImpl.newInstance;789;isAccessible=false;
Constructor.newInstance;<hex.schemas.XGBoostExecReqV3: void <init>()>;java.util.ServiceLoader$ProviderImpl.newInstance;789;isAccessible=false;
Constructor.newInstance;<hex.schemas.XGBoostExecRespV3: void <init>()>;java.util.ServiceLoader$ProviderImpl.newInstance;789;isAccessible=false;
Constructor.newInstance;<hex.schemas.XGBoostModelV3$XGBoostModelOutputV3: void <init>()>;java.util.ServiceLoader$ProviderImpl.newInstance;789;isAccessible=false;
Constructor.newInstance;<hex.schemas.XGBoostModelV3: void <init>()>;java.util.ServiceLoader$ProviderImpl.newInstance;789;isAccessible=false;
Constructor.newInstance;<hex.schemas.XGBoostV3$XGBoostParametersV3: void <init>()>;java.util.ServiceLoader$ProviderImpl.newInstance;789;isAccessible=false;
Constructor.newInstance;<hex.schemas.XGBoostV3: void <init>()>;java.util.ServiceLoader$ProviderImpl.newInstance;789;isAccessible=false;
Constructor.newInstance;<hex.security.KerberosExtension: void <init>()>;java.util.ServiceLoader$ProviderImpl.newInstance;789;isAccessible=false;
Constructor.newInstance;<hex.steam.SteamHelloMessenger: void <init>()>;java.util.ServiceLoader$ProviderImpl.newInstance;789;isAccessible=false;
Constructor.newInstance;<hex.steam.SteamWebsocketServletProvider: void <init>()>;java.util.ServiceLoader$ProviderImpl.newInstance;789;isAccessible=false;
Constructor.newInstance;<hex.tree.CompressedTree$Icer: void <init>(hex.tree.CompressedTree)>;water.Weaver.genDelegate;60;isAccessible=false;
Constructor.newInstance;<hex.tree.Sample$Icer: void <init>(hex.tree.Sample)>;water.Weaver.genDelegate;60;isAccessible=false;
Constructor.newInstance;<hex.tree.Score$Icer: void <init>(hex.tree.Score)>;water.Weaver.genDelegate;60;isAccessible=false;
Constructor.newInstance;<hex.tree.ScoreBuildHistogram2$Icer: void <init>(hex.tree.ScoreBuildHistogram2)>;water.Weaver.genDelegate;60;isAccessible=false;
Constructor.newInstance;<hex.tree.SharedTree$ComputeModelSize$Icer: void <init>(hex.tree.SharedTree$ComputeModelSize)>;water.Weaver.genDelegate;60;isAccessible=false;
Constructor.newInstance;<hex.tree.SharedTree$InitialValue$Icer: void <init>(hex.tree.SharedTree$InitialValue)>;water.Weaver.genDelegate;60;isAccessible=false;
Constructor.newInstance;<hex.tree.TreeStats$Icer: void <init>(hex.tree.TreeStats)>;water.Weaver.genDelegate;60;isAccessible=false;
Constructor.newInstance;<hex.tree.drf.DRF$DRFDriver$1$Icer: void <init>(hex.tree.drf.DRF$DRFDriver$1)>;water.Weaver.genDelegate;60;isAccessible=false;
Constructor.newInstance;<hex.tree.drf.DRF$DRFDriver$CollectPreds$Icer: void <init>(hex.tree.drf.DRF$DRFDriver$CollectPreds)>;water.Weaver.genDelegate;60;isAccessible=false;
Constructor.newInstance;<hex.tree.drf.DRFModel$DRFOutput$Icer: void <init>(hex.tree.drf.DRFModel$DRFOutput)>;water.Weaver.genDelegate;60;isAccessible=false;
Constructor.newInstance;<hex.tree.drf.DRFModel$DRFParameters$Icer: void <init>(hex.tree.drf.DRFModel$DRFParameters)>;water.Weaver.genDelegate;60;isAccessible=false;
Constructor.newInstance;<hex.tree.drf.DRFModel$Icer: void <init>(hex.tree.drf.DRFModel)>;water.Weaver.genDelegate;60;isAccessible=false;
Constructor.newInstance;<hex.tree.xgboost.XGBoostExtension: void <init>()>;java.util.ServiceLoader$ProviderImpl.newInstance;789;isAccessible=false;
Constructor.newInstance;<hex.tree.xgboost.XGBoostTypeMapExtension: void <init>()>;java.util.ServiceLoader$ProviderImpl.newInstance;789;isAccessible=false;
Constructor.newInstance;<hex.tree.xgboost.remote.RemoteXGBoostServletProvider: void <init>()>;java.util.ServiceLoader$ProviderImpl.newInstance;789;isAccessible=false;
Constructor.newInstance;<hex.tree.xgboost.remote.SteamExecutorStarter: void <init>()>;java.util.ServiceLoader$ProviderImpl.newInstance;789;isAccessible=false;
Constructor.newInstance;<hex.tree.xgboost.util.NativeLibraryLoaderChain: void <init>()>;java.util.ServiceLoader$ProviderImpl.newInstance;789;isAccessible=false;
Constructor.newInstance;<java.lang.Class$$Lambda$139: void <init>()>;java.lang.invoke.InnerClassLambdaMetafactory.buildCallSite;261;isAccessible=true;
Constructor.newInstance;<java.lang.Module$$Lambda$24: void <init>()>;java.lang.invoke.InnerClassLambdaMetafactory.buildCallSite;261;isAccessible=true;
Constructor.newInstance;<java.lang.ProcessHandleImpl$$Lambda$193: void <init>()>;java.lang.invoke.InnerClassLambdaMetafactory.buildCallSite;261;isAccessible=true;
Constructor.newInstance;<java.lang.SecurityManager$$Lambda$201: void <init>()>;java.lang.invoke.InnerClassLambdaMetafactory.buildCallSite;261;isAccessible=true;
Constructor.newInstance;<java.lang.SecurityManager$$Lambda$203: void <init>()>;java.lang.invoke.InnerClassLambdaMetafactory.buildCallSite;261;isAccessible=true;
Constructor.newInstance;<java.lang.SecurityManager$$Lambda$204: void <init>()>;java.lang.invoke.InnerClassLambdaMetafactory.buildCallSite;261;isAccessible=true;
Constructor.newInstance;<java.lang.SecurityManager$$Lambda$205: void <init>()>;java.lang.invoke.InnerClassLambdaMetafactory.buildCallSite;261;isAccessible=true;
Constructor.newInstance;<java.lang.SecurityManager$$Lambda$206: void <init>()>;java.lang.invoke.InnerClassLambdaMetafactory.buildCallSite;261;isAccessible=true;
Constructor.newInstance;<java.lang.SecurityManager$$Lambda$207: void <init>()>;java.lang.invoke.InnerClassLambdaMetafactory.buildCallSite;261;isAccessible=true;
Constructor.newInstance;<java.lang.SecurityManager$$Lambda$209: void <init>()>;java.lang.invoke.InnerClassLambdaMetafactory.buildCallSite;261;isAccessible=true;
Constructor.newInstance;<java.lang.SecurityManager$$Lambda$210: void <init>()>;java.lang.invoke.InnerClassLambdaMetafactory.buildCallSite;261;isAccessible=true;
Constructor.newInstance;<java.lang.System$LoggerFinder$$Lambda$111: void <init>()>;java.lang.invoke.InnerClassLambdaMetafactory.buildCallSite;261;isAccessible=true;
Constructor.newInstance;<java.lang.invoke.VarHandleByteArrayAsInts$ArrayHandle$$Lambda$46: void <init>()>;java.lang.invoke.InnerClassLambdaMetafactory.buildCallSite;261;isAccessible=true;
Constructor.newInstance;<java.lang.invoke.VarHandleByteArrayAsLongs$ArrayHandle$$Lambda$47: void <init>()>;java.lang.invoke.InnerClassLambdaMetafactory.buildCallSite;261;isAccessible=true;
Constructor.newInstance;<java.lang.management.DefaultPlatformMBeanProvider$5$$Lambda$129: void <init>()>;java.lang.invoke.InnerClassLambdaMetafactory.buildCallSite;261;isAccessible=true;
Constructor.newInstance;<java.lang.management.ManagementFactory$$Lambda$116: void <init>()>;java.lang.invoke.InnerClassLambdaMetafactory.buildCallSite;261;isAccessible=true;
Constructor.newInstance;<java.lang.management.ManagementFactory$$Lambda$117: void <init>()>;java.lang.invoke.InnerClassLambdaMetafactory.buildCallSite;261;isAccessible=true;
Constructor.newInstance;<java.lang.management.ManagementFactory$$Lambda$118: void <init>()>;java.lang.invoke.InnerClassLambdaMetafactory.buildCallSite;261;isAccessible=true;
Constructor.newInstance;<java.lang.management.ManagementFactory$$Lambda$56: void <init>()>;java.lang.invoke.InnerClassLambdaMetafactory.buildCallSite;261;isAccessible=true;
Constructor.newInstance;<java.lang.management.ManagementPermission: void <init>(java.lang.String)>;com.sun.management.internal.DiagnosticCommandImpl$Wrapper.<init>;122;isAccessible=false;
Constructor.newInstance;<java.lang.module.ModuleDescriptor$Builder$$Lambda$34: void <init>()>;java.lang.invoke.InnerClassLambdaMetafactory.buildCallSite;261;isAccessible=true;
Constructor.newInstance;<java.lang.reflect.Executable$$Lambda$18: void <init>()>;java.lang.invoke.InnerClassLambdaMetafactory.buildCallSite;261;isAccessible=true;
Constructor.newInstance;<java.lang.reflect.Proxy$$Lambda$87: void <init>()>;java.lang.invoke.InnerClassLambdaMetafactory.buildCallSite;261;isAccessible=true;
Constructor.newInstance;<java.lang.reflect.Proxy$ProxyBuilder$$Lambda$88: void <init>()>;java.lang.invoke.InnerClassLambdaMetafactory.buildCallSite;261;isAccessible=true;
Constructor.newInstance;<java.lang.reflect.ProxyGenerator$$Lambda$91: void <init>()>;java.lang.invoke.InnerClassLambdaMetafactory.buildCallSite;261;isAccessible=true;
Constructor.newInstance;<java.lang.reflect.ProxyGenerator$$Lambda$92: void <init>()>;java.lang.invoke.InnerClassLambdaMetafactory.buildCallSite;261;isAccessible=true;
Constructor.newInstance;<java.net.DatagramSocket$$Lambda$40: void <init>()>;java.lang.invoke.InnerClassLambdaMetafactory.buildCallSite;261;isAccessible=true;
Constructor.newInstance;<java.net.SocketImpl$$Lambda$38: void <init>()>;java.lang.invoke.InnerClassLambdaMetafactory.buildCallSite;261;isAccessible=true;
Constructor.newInstance;<java.nio.channels.spi.SelectorProvider$Holder$$Lambda$163: void <init>()>;java.lang.invoke.InnerClassLambdaMetafactory.buildCallSite;261;isAccessible=true;
Constructor.newInstance;<java.nio.file.Files$$Lambda$30: void <init>()>;java.lang.invoke.InnerClassLambdaMetafactory.buildCallSite;261;isAccessible=true;
Constructor.newInstance;<java.text.DecimalFormatSymbols$$Lambda$59: void <init>()>;java.lang.invoke.InnerClassLambdaMetafactory.buildCallSite;261;isAccessible=true;
Constructor.newInstance;<java.time.format.DateTimeFormatter$$Lambda$49: void <init>()>;java.lang.invoke.InnerClassLambdaMetafactory.buildCallSite;261;isAccessible=true;
Constructor.newInstance;<java.time.format.DateTimeFormatter$$Lambda$50: void <init>()>;java.lang.invoke.InnerClassLambdaMetafactory.buildCallSite;261;isAccessible=true;
Constructor.newInstance;<java.time.format.DateTimeFormatterBuilder$$Lambda$48: void <init>()>;java.lang.invoke.InnerClassLambdaMetafactory.buildCallSite;261;isAccessible=true;
Constructor.newInstance;<java.util.PropertyPermission: void <init>(java.lang.String,java.lang.String)>;com.sun.management.internal.DiagnosticCommandImpl$Wrapper.<init>;133;isAccessible=false;
Constructor.newInstance;<java.util.ResourceBundle$ResourceBundleControlProviderHolder$$Lambda$158: void <init>()>;java.lang.invoke.InnerClassLambdaMetafactory.buildCallSite;261;isAccessible=true;
Constructor.newInstance;<java.util.ResourceBundle$ResourceBundleControlProviderHolder$$Lambda$159: void <init>()>;java.lang.invoke.InnerClassLambdaMetafactory.buildCallSite;261;isAccessible=true;
Constructor.newInstance;<java.util.function.Function$$Lambda$27: void <init>()>;java.lang.invoke.InnerClassLambdaMetafactory.buildCallSite;261;isAccessible=true;
Constructor.newInstance;<java.util.logging.Level$$Lambda$41: void <init>()>;java.lang.invoke.InnerClassLambdaMetafactory.buildCallSite;261;isAccessible=true;
Constructor.newInstance;<java.util.logging.Level$KnownLevel$$Lambda$115: void <init>()>;java.lang.invoke.InnerClassLambdaMetafactory.buildCallSite;261;isAccessible=true;
Constructor.newInstance;<java.util.logging.Level$KnownLevel$$Lambda$39: void <init>()>;java.lang.invoke.InnerClassLambdaMetafactory.buildCallSite;261;isAccessible=true;
Constructor.newInstance;<java.util.logging.Level$KnownLevel$$Lambda$40: void <init>()>;java.lang.invoke.InnerClassLambdaMetafactory.buildCallSite;261;isAccessible=true;
Constructor.newInstance;<java.util.regex.CharPredicates$$Lambda$165: void <init>()>;java.lang.invoke.InnerClassLambdaMetafactory.buildCallSite;261;isAccessible=true;
Constructor.newInstance;<java.util.regex.CharPredicates$$Lambda$20: void <init>()>;java.lang.invoke.InnerClassLambdaMetafactory.buildCallSite;261;isAccessible=true;
Constructor.newInstance;<java.util.regex.CharPredicates$$Lambda$47: void <init>()>;java.lang.invoke.InnerClassLambdaMetafactory.buildCallSite;261;isAccessible=true;
Constructor.newInstance;<java.util.regex.Pattern$$Lambda$49: void <init>()>;java.lang.invoke.InnerClassLambdaMetafactory.buildCallSite;261;isAccessible=true;
Constructor.newInstance;<java.util.stream.Collectors$$Lambda$130: void <init>()>;java.lang.invoke.InnerClassLambdaMetafactory.buildCallSite;261;isAccessible=true;
Constructor.newInstance;<java.util.stream.Collectors$$Lambda$132: void <init>()>;java.lang.invoke.InnerClassLambdaMetafactory.buildCallSite;261;isAccessible=true;
Constructor.newInstance;<java.util.stream.Collectors$$Lambda$34: void <init>()>;java.lang.invoke.InnerClassLambdaMetafactory.buildCallSite;261;isAccessible=true;
Constructor.newInstance;<java.util.stream.Collectors$$Lambda$35: void <init>()>;java.lang.invoke.InnerClassLambdaMetafactory.buildCallSite;261;isAccessible=true;
Constructor.newInstance;<java.util.stream.Collectors$$Lambda$36: void <init>()>;java.lang.invoke.InnerClassLambdaMetafactory.buildCallSite;261;isAccessible=true;
Constructor.newInstance;<java.util.stream.Collectors$$Lambda$37: void <init>()>;java.lang.invoke.InnerClassLambdaMetafactory.buildCallSite;261;isAccessible=true;
Constructor.newInstance;<java.util.stream.Collectors$$Lambda$44: void <init>()>;java.lang.invoke.InnerClassLambdaMetafactory.buildCallSite;261;isAccessible=true;
Constructor.newInstance;<java.util.stream.Collectors$$Lambda$45: void <init>()>;java.lang.invoke.InnerClassLambdaMetafactory.buildCallSite;261;isAccessible=true;
Constructor.newInstance;<java.util.stream.Collectors$$Lambda$46: void <init>()>;java.lang.invoke.InnerClassLambdaMetafactory.buildCallSite;261;isAccessible=true;
Constructor.newInstance;<java.util.stream.Collectors$$Lambda$58: void <init>()>;java.lang.invoke.InnerClassLambdaMetafactory.buildCallSite;261;isAccessible=true;
Constructor.newInstance;<java.util.stream.Collectors$$Lambda$59: void <init>()>;java.lang.invoke.InnerClassLambdaMetafactory.buildCallSite;261;isAccessible=true;
Constructor.newInstance;<java.util.stream.Collectors$$Lambda$60: void <init>()>;java.lang.invoke.InnerClassLambdaMetafactory.buildCallSite;261;isAccessible=true;
Constructor.newInstance;<java.util.stream.FindOps$FindSink$OfInt$$Lambda$60: void <init>()>;java.lang.invoke.InnerClassLambdaMetafactory.buildCallSite;261;isAccessible=true;
Constructor.newInstance;<java.util.stream.FindOps$FindSink$OfInt$$Lambda$61: void <init>()>;java.lang.invoke.InnerClassLambdaMetafactory.buildCallSite;261;isAccessible=true;
Constructor.newInstance;<java.util.stream.FindOps$FindSink$OfInt$$Lambda$62: void <init>()>;java.lang.invoke.InnerClassLambdaMetafactory.buildCallSite;261;isAccessible=true;
Constructor.newInstance;<java.util.stream.FindOps$FindSink$OfInt$$Lambda$63: void <init>()>;java.lang.invoke.InnerClassLambdaMetafactory.buildCallSite;261;isAccessible=true;
Constructor.newInstance;<java.util.stream.IntPipeline$$Lambda$179: void <init>()>;java.lang.invoke.InnerClassLambdaMetafactory.buildCallSite;261;isAccessible=true;
Constructor.newInstance;<java.util.stream.ReferencePipeline$$Lambda$160: void <init>()>;java.lang.invoke.InnerClassLambdaMetafactory.buildCallSite;261;isAccessible=true;
Constructor.newInstance;<javax.script.ScriptEngineManager$$Lambda$106: void <init>()>;java.lang.invoke.InnerClassLambdaMetafactory.buildCallSite;261;isAccessible=true;
Constructor.newInstance;<jdk.internal.jrtfs.JrtFileSystemProvider: void <init>()>;java.util.ServiceLoader$ProviderImpl.newInstance;789;isAccessible=true;
Constructor.newInstance;<jdk.internal.platform.CgroupSubsystemFactory$$Lambda$125: void <init>()>;java.lang.invoke.InnerClassLambdaMetafactory.buildCallSite;261;isAccessible=true;
Constructor.newInstance;<jdk.internal.platform.cgroupv1.CgroupV1Subsystem$$Lambda$126: void <init>()>;java.lang.invoke.InnerClassLambdaMetafactory.buildCallSite;261;isAccessible=true;
Constructor.newInstance;<jdk.internal.platform.cgroupv1.CgroupV1SubsystemController$$Lambda$162: void <init>()>;java.lang.invoke.InnerClassLambdaMetafactory.buildCallSite;261;isAccessible=true;
Constructor.newInstance;<jdk.jfr.internal.dcmd.DCmdCheck$$Lambda$136: void <init>()>;java.lang.invoke.InnerClassLambdaMetafactory.buildCallSite;261;isAccessible=true;
Constructor.newInstance;<jdk.jfr.internal.dcmd.DCmdDump$$Lambda$135: void <init>()>;java.lang.invoke.InnerClassLambdaMetafactory.buildCallSite;261;isAccessible=true;
Constructor.newInstance;<jdk.jfr.internal.dcmd.DCmdStart$$Lambda$134: void <init>()>;java.lang.invoke.InnerClassLambdaMetafactory.buildCallSite;261;isAccessible=true;
Constructor.newInstance;<jdk.jfr.internal.dcmd.DCmdStop$$Lambda$133: void <init>()>;java.lang.invoke.InnerClassLambdaMetafactory.buildCallSite;261;isAccessible=true;
Constructor.newInstance;<jdk.management.jfr.internal.FlightRecorderMXBeanProvider: void <init>()>;java.util.ServiceLoader$ProviderImpl.newInstance;789;isAccessible=true;
Constructor.newInstance;<jdk.net.LinuxSocketOptions: void <init>()>;jdk.net.ExtendedSocketOptions$PlatformSocketOptions.newInstance;353;isAccessible=false;
Constructor.newInstance;<jdk.nio.zipfs.ZipFileSystem$$Lambda$26: void <init>()>;java.lang.invoke.InnerClassLambdaMetafactory.buildCallSite;261;isAccessible=true;
Constructor.newInstance;<jdk.nio.zipfs.ZipFileSystemProvider: void <init>()>;java.util.ServiceLoader$ProviderImpl.newInstance;789;isAccessible=true;
Constructor.newInstance;<jdk.proxy1.$Proxy0: void <init>(java.lang.reflect.InvocationHandler)>;java.lang.reflect.Proxy.newProxyInstance;1053;isAccessible=true;
Constructor.newInstance;<jdk.proxy1.$Proxy16: void <init>(java.lang.reflect.InvocationHandler)>;java.lang.reflect.Proxy.newProxyInstance;1053;isAccessible=true;
Constructor.newInstance;<jdk.proxy1.$Proxy7: void <init>(java.lang.reflect.InvocationHandler)>;java.lang.reflect.Proxy.newProxyInstance;1053;isAccessible=true;
Constructor.newInstance;<jdk.proxy1.$Proxy8: void <init>(java.lang.reflect.InvocationHandler)>;java.lang.reflect.Proxy.newProxyInstance;1053;isAccessible=true;
Constructor.newInstance;<jdk.proxy2.$Proxy10: void <init>(java.lang.reflect.InvocationHandler)>;java.lang.reflect.Proxy.newProxyInstance;1053;isAccessible=true;
Constructor.newInstance;<jdk.proxy2.$Proxy11: void <init>(java.lang.reflect.InvocationHandler)>;java.lang.reflect.Proxy.newProxyInstance;1053;isAccessible=true;
Constructor.newInstance;<jdk.proxy2.$Proxy12: void <init>(java.lang.reflect.InvocationHandler)>;java.lang.reflect.Proxy.newProxyInstance;1053;isAccessible=true;
Constructor.newInstance;<jdk.proxy2.$Proxy13: void <init>(java.lang.reflect.InvocationHandler)>;java.lang.reflect.Proxy.newProxyInstance;1053;isAccessible=true;
Constructor.newInstance;<jdk.proxy2.$Proxy14: void <init>(java.lang.reflect.InvocationHandler)>;java.lang.reflect.Proxy.newProxyInstance;1053;isAccessible=true;
Constructor.newInstance;<jdk.proxy2.$Proxy15: void <init>(java.lang.reflect.InvocationHandler)>;java.lang.reflect.Proxy.newProxyInstance;1053;isAccessible=true;
Constructor.newInstance;<jdk.proxy2.$Proxy17: void <init>(java.lang.reflect.InvocationHandler)>;java.lang.reflect.Proxy.newProxyInstance;1053;isAccessible=true;
Constructor.newInstance;<jdk.proxy2.$Proxy1: void <init>(java.lang.reflect.InvocationHandler)>;java.lang.reflect.Proxy.newProxyInstance;1053;isAccessible=true;
Constructor.newInstance;<jdk.proxy2.$Proxy2: void <init>(java.lang.reflect.InvocationHandler)>;java.lang.reflect.Proxy.newProxyInstance;1053;isAccessible=true;
Constructor.newInstance;<jdk.proxy2.$Proxy3: void <init>(java.lang.reflect.InvocationHandler)>;java.lang.reflect.Proxy.newProxyInstance;1053;isAccessible=true;
Constructor.newInstance;<jdk.proxy2.$Proxy4: void <init>(java.lang.reflect.InvocationHandler)>;java.lang.reflect.Proxy.newProxyInstance;1053;isAccessible=true;
Constructor.newInstance;<jdk.proxy2.$Proxy5: void <init>(java.lang.reflect.InvocationHandler)>;java.lang.reflect.Proxy.newProxyInstance;1053;isAccessible=true;
Constructor.newInstance;<jdk.proxy2.$Proxy6: void <init>(java.lang.reflect.InvocationHandler)>;java.lang.reflect.Proxy.newProxyInstance;1053;isAccessible=true;
Constructor.newInstance;<jdk.proxy2.$Proxy9: void <init>(java.lang.reflect.InvocationHandler)>;java.lang.reflect.Proxy.newProxyInstance;1053;isAccessible=true;
Constructor.newInstance;<jdk.xml.internal.SecuritySupport$$Lambda$54: void <init>()>;java.lang.invoke.InnerClassLambdaMetafactory.buildCallSite;261;isAccessible=true;
Constructor.newInstance;<org.apache.avro.Schema$$Lambda$232: void <init>()>;java.lang.invoke.InnerClassLambdaMetafactory.buildCallSite;261;isAccessible=true;
Constructor.newInstance;<org.apache.avro.Schema$$Lambda$233: void <init>()>;java.lang.invoke.InnerClassLambdaMetafactory.buildCallSite;261;isAccessible=true;
Constructor.newInstance;<org.apache.avro.Schema$$Lambda$234: void <init>()>;java.lang.invoke.InnerClassLambdaMetafactory.buildCallSite;261;isAccessible=true;
Constructor.newInstance;<org.apache.avro.Schema$$Lambda$235: void <init>()>;java.lang.invoke.InnerClassLambdaMetafactory.buildCallSite;261;isAccessible=true;
Constructor.newInstance;<org.apache.avro.generic.GenericDatumReader$$Lambda$231: void <init>()>;java.lang.invoke.InnerClassLambdaMetafactory.buildCallSite;261;isAccessible=true;
Constructor.newInstance;<org.apache.commons.io.IOUtils$$Lambda$197: void <init>()>;java.lang.invoke.InnerClassLambdaMetafactory.buildCallSite;261;isAccessible=true;
Constructor.newInstance;<org.apache.commons.io.IOUtils$$Lambda$198: void <init>()>;java.lang.invoke.InnerClassLambdaMetafactory.buildCallSite;261;isAccessible=true;
Constructor.newInstance;<org.apache.commons.logging.impl.Log4JLogger: void <init>(java.lang.String)>;org.apache.commons.logging.impl.LogFactoryImpl.createLogFromClass;1025;isAccessible=false;
Constructor.newInstance;<org.apache.commons.logging.impl.Log4JLogger: void <init>(java.lang.String)>;org.apache.commons.logging.impl.LogFactoryImpl.newInstance;545;isAccessible=false;
Constructor.newInstance;<org.apache.log4j.config.PropertiesConfigurationFactory: void <init>()>;org.apache.logging.log4j.core.util.ReflectionUtil.instantiate;189;isAccessible=false;
Constructor.newInstance;<org.apache.log4j.xml.XmlConfigurationFactory: void <init>()>;org.apache.logging.log4j.core.util.ReflectionUtil.instantiate;189;isAccessible=false;
Constructor.newInstance;<org.apache.logging.log4j.core.LoggerContext$$Lambda$104: void <init>()>;java.lang.invoke.InnerClassLambdaMetafactory.buildCallSite;261;isAccessible=true;
Constructor.newInstance;<org.apache.logging.log4j.core.config.builder.impl.BuiltConfiguration: void <init>(org.apache.logging.log4j.core.LoggerContext,org.apache.logging.log4j.core.config.ConfigurationSource,org.apache.logging.log4j.core.config.builder.api.Component)>;org.apache.logging.log4j.core.config.builder.impl.DefaultConfigurationBuilder.build;191;isAccessible=false;
Constructor.newInstance;<org.apache.logging.log4j.core.config.json.JsonConfigurationFactory: void <init>()>;org.apache.logging.log4j.core.util.ReflectionUtil.instantiate;189;isAccessible=false;
Constructor.newInstance;<org.apache.logging.log4j.core.config.plugins.convert.TypeConverters$BigDecimalConverter: void <init>()>;org.apache.logging.log4j.core.util.ReflectionUtil.instantiate;189;isAccessible=false;
Constructor.newInstance;<org.apache.logging.log4j.core.config.plugins.convert.TypeConverters$BigIntegerConverter: void <init>()>;org.apache.logging.log4j.core.util.ReflectionUtil.instantiate;189;isAccessible=false;
Constructor.newInstance;<org.apache.logging.log4j.core.config.plugins.convert.TypeConverters$BooleanConverter: void <init>()>;org.apache.logging.log4j.core.util.ReflectionUtil.instantiate;189;isAccessible=false;
Constructor.newInstance;<org.apache.logging.log4j.core.config.plugins.convert.TypeConverters$ByteArrayConverter: void <init>()>;org.apache.logging.log4j.core.util.ReflectionUtil.instantiate;189;isAccessible=false;
Constructor.newInstance;<org.apache.logging.log4j.core.config.plugins.convert.TypeConverters$ByteConverter: void <init>()>;org.apache.logging.log4j.core.util.ReflectionUtil.instantiate;189;isAccessible=false;
Constructor.newInstance;<org.apache.logging.log4j.core.config.plugins.convert.TypeConverters$CharArrayConverter: void <init>()>;org.apache.logging.log4j.core.util.ReflectionUtil.instantiate;189;isAccessible=false;
Constructor.newInstance;<org.apache.logging.log4j.core.config.plugins.convert.TypeConverters$CharacterConverter: void <init>()>;org.apache.logging.log4j.core.util.ReflectionUtil.instantiate;189;isAccessible=false;
Constructor.newInstance;<org.apache.logging.log4j.core.config.plugins.convert.TypeConverters$CharsetConverter: void <init>()>;org.apache.logging.log4j.core.util.ReflectionUtil.instantiate;189;isAccessible=false;
Constructor.newInstance;<org.apache.logging.log4j.core.config.plugins.convert.TypeConverters$ClassConverter: void <init>()>;org.apache.logging.log4j.core.util.ReflectionUtil.instantiate;189;isAccessible=false;
Constructor.newInstance;<org.apache.logging.log4j.core.config.plugins.convert.TypeConverters$CronExpressionConverter: void <init>()>;org.apache.logging.log4j.core.util.ReflectionUtil.instantiate;189;isAccessible=false;
Constructor.newInstance;<org.apache.logging.log4j.core.config.plugins.convert.TypeConverters$DoubleConverter: void <init>()>;org.apache.logging.log4j.core.util.ReflectionUtil.instantiate;189;isAccessible=false;
Constructor.newInstance;<org.apache.logging.log4j.core.config.plugins.convert.TypeConverters$DurationConverter: void <init>()>;org.apache.logging.log4j.core.util.ReflectionUtil.instantiate;189;isAccessible=false;
Constructor.newInstance;<org.apache.logging.log4j.core.config.plugins.convert.TypeConverters$FileConverter: void <init>()>;org.apache.logging.log4j.core.util.ReflectionUtil.instantiate;189;isAccessible=false;
Constructor.newInstance;<org.apache.logging.log4j.core.config.plugins.convert.TypeConverters$FloatConverter: void <init>()>;org.apache.logging.log4j.core.util.ReflectionUtil.instantiate;189;isAccessible=false;
Constructor.newInstance;<org.apache.logging.log4j.core.config.plugins.convert.TypeConverters$InetAddressConverter: void <init>()>;org.apache.logging.log4j.core.util.ReflectionUtil.instantiate;189;isAccessible=false;
Constructor.newInstance;<org.apache.logging.log4j.core.config.plugins.convert.TypeConverters$IntegerConverter: void <init>()>;org.apache.logging.log4j.core.util.ReflectionUtil.instantiate;189;isAccessible=false;
Constructor.newInstance;<org.apache.logging.log4j.core.config.plugins.convert.TypeConverters$LevelConverter: void <init>()>;org.apache.logging.log4j.core.util.ReflectionUtil.instantiate;189;isAccessible=false;
Constructor.newInstance;<org.apache.logging.log4j.core.config.plugins.convert.TypeConverters$LongConverter: void <init>()>;org.apache.logging.log4j.core.util.ReflectionUtil.instantiate;189;isAccessible=false;
Constructor.newInstance;<org.apache.logging.log4j.core.config.plugins.convert.TypeConverters$PathConverter: void <init>()>;org.apache.logging.log4j.core.util.ReflectionUtil.instantiate;189;isAccessible=false;
Constructor.newInstance;<org.apache.logging.log4j.core.config.plugins.convert.TypeConverters$PatternConverter: void <init>()>;org.apache.logging.log4j.core.util.ReflectionUtil.instantiate;189;isAccessible=false;
Constructor.newInstance;<org.apache.logging.log4j.core.config.plugins.convert.TypeConverters$SecurityProviderConverter: void <init>()>;org.apache.logging.log4j.core.util.ReflectionUtil.instantiate;189;isAccessible=false;
Constructor.newInstance;<org.apache.logging.log4j.core.config.plugins.convert.TypeConverters$ShortConverter: void <init>()>;org.apache.logging.log4j.core.util.ReflectionUtil.instantiate;189;isAccessible=false;
Constructor.newInstance;<org.apache.logging.log4j.core.config.plugins.convert.TypeConverters$StringConverter: void <init>()>;org.apache.logging.log4j.core.util.ReflectionUtil.instantiate;189;isAccessible=false;
Constructor.newInstance;<org.apache.logging.log4j.core.config.plugins.convert.TypeConverters$UriConverter: void <init>()>;org.apache.logging.log4j.core.util.ReflectionUtil.instantiate;189;isAccessible=false;
Constructor.newInstance;<org.apache.logging.log4j.core.config.plugins.convert.TypeConverters$UrlConverter: void <init>()>;org.apache.logging.log4j.core.util.ReflectionUtil.instantiate;189;isAccessible=false;
Constructor.newInstance;<org.apache.logging.log4j.core.config.plugins.convert.TypeConverters$UuidConverter: void <init>()>;org.apache.logging.log4j.core.util.ReflectionUtil.instantiate;189;isAccessible=false;
Constructor.newInstance;<org.apache.logging.log4j.core.config.plugins.processor.PluginCache$$Lambda$84: void <init>()>;java.lang.invoke.InnerClassLambdaMetafactory.buildCallSite;261;isAccessible=true;
Constructor.newInstance;<org.apache.logging.log4j.core.config.plugins.validation.validators.RequiredValidator: void <init>()>;org.apache.logging.log4j.core.util.ReflectionUtil.instantiate;189;isAccessible=false;
Constructor.newInstance;<org.apache.logging.log4j.core.config.properties.PropertiesConfigurationFactory: void <init>()>;org.apache.logging.log4j.core.util.ReflectionUtil.instantiate;189;isAccessible=false;
Constructor.newInstance;<org.apache.logging.log4j.core.config.xml.XmlConfigurationFactory: void <init>()>;org.apache.logging.log4j.core.util.ReflectionUtil.instantiate;189;isAccessible=false;
Constructor.newInstance;<org.apache.logging.log4j.core.config.yaml.YamlConfigurationFactory: void <init>()>;org.apache.logging.log4j.core.util.ReflectionUtil.instantiate;189;isAccessible=false;
Constructor.newInstance;<org.apache.logging.log4j.core.impl.Log4jProvider: void <init>()>;java.util.ServiceLoader$ProviderImpl.newInstance;789;isAccessible=false;
Constructor.newInstance;<org.apache.logging.log4j.core.impl.ThreadContextDataProvider: void <init>()>;java.util.ServiceLoader$ProviderImpl.newInstance;789;isAccessible=false;
Constructor.newInstance;<org.apache.logging.log4j.core.lookup.ContextMapLookup: void <init>()>;org.apache.logging.log4j.core.util.ReflectionUtil.instantiate;189;isAccessible=false;
Constructor.newInstance;<org.apache.logging.log4j.core.lookup.DateLookup: void <init>()>;org.apache.logging.log4j.core.util.ReflectionUtil.instantiate;189;isAccessible=false;
Constructor.newInstance;<org.apache.logging.log4j.core.lookup.EnvironmentLookup: void <init>()>;org.apache.logging.log4j.core.util.ReflectionUtil.instantiate;189;isAccessible=false;
Constructor.newInstance;<org.apache.logging.log4j.core.lookup.EventLookup: void <init>()>;org.apache.logging.log4j.core.util.ReflectionUtil.instantiate;189;isAccessible=false;
Constructor.newInstance;<org.apache.logging.log4j.core.lookup.JavaLookup: void <init>()>;org.apache.logging.log4j.core.util.ReflectionUtil.instantiate;189;isAccessible=false;
Constructor.newInstance;<org.apache.logging.log4j.core.lookup.JmxRuntimeInputArgumentsLookup: void <init>()>;org.apache.logging.log4j.core.util.ReflectionUtil.instantiate;189;isAccessible=false;
Constructor.newInstance;<org.apache.logging.log4j.core.lookup.JmxRuntimeInputArgumentsLookup: void <init>()>;org.apache.logging.log4j.util.LoaderUtil.newInstanceOf;187;isAccessible=false;
Constructor.newInstance;<org.apache.logging.log4j.core.lookup.Log4jLookup: void <init>()>;org.apache.logging.log4j.core.util.ReflectionUtil.instantiate;189;isAccessible=false;
Constructor.newInstance;<org.apache.logging.log4j.core.lookup.LowerLookup: void <init>()>;org.apache.logging.log4j.core.util.ReflectionUtil.instantiate;189;isAccessible=false;
Constructor.newInstance;<org.apache.logging.log4j.core.lookup.MainMapLookup: void <init>()>;org.apache.logging.log4j.core.util.ReflectionUtil.instantiate;189;isAccessible=false;
Constructor.newInstance;<org.apache.logging.log4j.core.lookup.MapLookup: void <init>()>;org.apache.logging.log4j.core.util.ReflectionUtil.instantiate;189;isAccessible=false;
Constructor.newInstance;<org.apache.logging.log4j.core.lookup.MarkerLookup: void <init>()>;org.apache.logging.log4j.core.util.ReflectionUtil.instantiate;189;isAccessible=false;
Constructor.newInstance;<org.apache.logging.log4j.core.lookup.ResourceBundleLookup: void <init>()>;org.apache.logging.log4j.core.util.ReflectionUtil.instantiate;189;isAccessible=false;
Constructor.newInstance;<org.apache.logging.log4j.core.lookup.StructuredDataLookup: void <init>()>;org.apache.logging.log4j.core.util.ReflectionUtil.instantiate;189;isAccessible=false;
Constructor.newInstance;<org.apache.logging.log4j.core.lookup.SystemPropertiesLookup: void <init>()>;org.apache.logging.log4j.core.util.ReflectionUtil.instantiate;189;isAccessible=false;
Constructor.newInstance;<org.apache.logging.log4j.core.lookup.UpperLookup: void <init>()>;org.apache.logging.log4j.core.util.ReflectionUtil.instantiate;189;isAccessible=false;
Constructor.newInstance;<org.apache.logging.log4j.core.util.datetime.FastDateParser$$Lambda$188: void <init>()>;java.lang.invoke.InnerClassLambdaMetafactory.buildCallSite;261;isAccessible=true;
Constructor.newInstance;<org.apache.logging.log4j.util.EnvironmentPropertySource: void <init>()>;java.util.ServiceLoader$ProviderImpl.newInstance;789;isAccessible=false;
Constructor.newInstance;<org.apache.logging.log4j.util.PropertiesUtil$Environment$$Lambda$74: void <init>()>;java.lang.invoke.InnerClassLambdaMetafactory.buildCallSite;261;isAccessible=true;
Constructor.newInstance;<org.apache.logging.log4j.util.SortedArrayStringMap$$Lambda$109: void <init>()>;java.lang.invoke.InnerClassLambdaMetafactory.buildCallSite;261;isAccessible=true;
Constructor.newInstance;<org.apache.logging.log4j.util.StackLocator$$Lambda$83: void <init>()>;java.lang.invoke.InnerClassLambdaMetafactory.buildCallSite;261;isAccessible=true;
Constructor.newInstance;<org.apache.logging.log4j.util.Strings$$Lambda$78: void <init>()>;java.lang.invoke.InnerClassLambdaMetafactory.buildCallSite;261;isAccessible=true;
Constructor.newInstance;<org.apache.logging.log4j.util.SystemPropertiesPropertySource: void <init>()>;java.util.ServiceLoader$ProviderImpl.newInstance;789;isAccessible=false;
Constructor.newInstance;<org.apache.parquet.hadoop.ParquetFileWriter$$Lambda$236: void <init>()>;java.lang.invoke.InnerClassLambdaMetafactory.buildCallSite;261;isAccessible=true;
Constructor.newInstance;<org.dacapo.harness.Benchmark$$Lambda$45: void <init>()>;java.lang.invoke.InnerClassLambdaMetafactory.buildCallSite;261;isAccessible=true;
Constructor.newInstance;<org.dacapo.harness.CommandLineArgs$$Lambda$31: void <init>()>;java.lang.invoke.InnerClassLambdaMetafactory.buildCallSite;261;isAccessible=true;
Constructor.newInstance;<org.dacapo.harness.CommandLineArgs$$Lambda$32: void <init>()>;java.lang.invoke.InnerClassLambdaMetafactory.buildCallSite;261;isAccessible=true;
Constructor.newInstance;<org.dacapo.harness.CommandLineArgs$$Lambda$33: void <init>()>;java.lang.invoke.InnerClassLambdaMetafactory.buildCallSite;261;isAccessible=true;
Constructor.newInstance;<org.dacapo.harness.H2O: void <init>(org.dacapo.parser.Config,java.io.File,java.io.File)>;org.dacapo.harness.TestHarness.runBenchmark;218;isAccessible=false;
Constructor.newInstance;<org.eclipse.jetty.http.Http1FieldPreEncoder: void <init>()>;java.util.ServiceLoader$ProviderImpl.newInstance;789;isAccessible=false;
Constructor.newInstance;<org.eclipse.jetty.http.MimeTypes$$Lambda$180: void <init>()>;java.lang.invoke.InnerClassLambdaMetafactory.buildCallSite;261;isAccessible=true;
Constructor.newInstance;<org.eclipse.jetty.http.MimeTypes$$Lambda$182: void <init>()>;java.lang.invoke.InnerClassLambdaMetafactory.buildCallSite;261;isAccessible=true;
Constructor.newInstance;<org.eclipse.jetty.server.HttpChannel$$Lambda$220: void <init>()>;java.lang.invoke.InnerClassLambdaMetafactory.buildCallSite;261;isAccessible=true;
Constructor.newInstance;<org.eclipse.jetty.server.HttpChannel$$Lambda$221: void <init>()>;java.lang.invoke.InnerClassLambdaMetafactory.buildCallSite;261;isAccessible=true;
Constructor.newInstance;<org.eclipse.jetty.server.HttpChannel$$Lambda$222: void <init>()>;java.lang.invoke.InnerClassLambdaMetafactory.buildCallSite;261;isAccessible=true;
Constructor.newInstance;<org.eclipse.jetty.server.HttpChannel$$Lambda$223: void <init>()>;java.lang.invoke.InnerClassLambdaMetafactory.buildCallSite;261;isAccessible=true;
Constructor.newInstance;<org.eclipse.jetty.server.HttpChannel$$Lambda$224: void <init>()>;java.lang.invoke.InnerClassLambdaMetafactory.buildCallSite;261;isAccessible=true;
Constructor.newInstance;<org.eclipse.jetty.server.HttpChannel$$Lambda$225: void <init>()>;java.lang.invoke.InnerClassLambdaMetafactory.buildCallSite;261;isAccessible=true;
Constructor.newInstance;<org.eclipse.jetty.server.HttpChannel$$Lambda$226: void <init>()>;java.lang.invoke.InnerClassLambdaMetafactory.buildCallSite;261;isAccessible=true;
Constructor.newInstance;<org.eclipse.jetty.server.HttpChannel$$Lambda$227: void <init>()>;java.lang.invoke.InnerClassLambdaMetafactory.buildCallSite;261;isAccessible=true;
Constructor.newInstance;<org.eclipse.jetty.server.HttpChannel$$Lambda$228: void <init>()>;java.lang.invoke.InnerClassLambdaMetafactory.buildCallSite;261;isAccessible=true;
Constructor.newInstance;<org.eclipse.jetty.server.HttpChannel$$Lambda$229: void <init>()>;java.lang.invoke.InnerClassLambdaMetafactory.buildCallSite;261;isAccessible=true;
Constructor.newInstance;<org.eclipse.jetty.server.HttpChannel$$Lambda$230: void <init>()>;java.lang.invoke.InnerClassLambdaMetafactory.buildCallSite;261;isAccessible=true;
Constructor.newInstance;<org.eclipse.jetty.server.Response$$Lambda$218: void <init>()>;java.lang.invoke.InnerClassLambdaMetafactory.buildCallSite;261;isAccessible=true;
Constructor.newInstance;<org.eclipse.jetty.util.log.StdErrLog: void <init>()>;org.eclipse.jetty.util.log.Log.initialized;178;isAccessible=false;
Constructor.newInstance;<org.eclipse.jetty.util.thread.ThreadPoolBudget$$Lambda$178: void <init>()>;java.lang.invoke.InnerClassLambdaMetafactory.buildCallSite;261;isAccessible=true;
Constructor.newInstance;<org.eclipse.jetty.util.thread.TryExecutor$$Lambda$166: void <init>()>;java.lang.invoke.InnerClassLambdaMetafactory.buildCallSite;261;isAccessible=true;
Constructor.newInstance;<org.eclipse.jetty.websocket.common.extensions.compress.DeflateFrameExtension: void <init>()>;java.util.ServiceLoader$ProviderImpl.newInstance;789;isAccessible=false;
Constructor.newInstance;<org.eclipse.jetty.websocket.common.extensions.compress.PerMessageDeflateExtension: void <init>()>;java.util.ServiceLoader$ProviderImpl.newInstance;789;isAccessible=false;
Constructor.newInstance;<org.eclipse.jetty.websocket.common.extensions.compress.XWebkitDeflateFrameExtension: void <init>()>;java.util.ServiceLoader$ProviderImpl.newInstance;789;isAccessible=false;
Constructor.newInstance;<org.eclipse.jetty.websocket.common.extensions.fragment.FragmentExtension: void <init>()>;java.util.ServiceLoader$ProviderImpl.newInstance;789;isAccessible=false;
Constructor.newInstance;<org.eclipse.jetty.websocket.common.extensions.identity.IdentityExtension: void <init>()>;java.util.ServiceLoader$ProviderImpl.newInstance;789;isAccessible=false;
Constructor.newInstance;<org.eclipse.jetty.websocket.server.WebSocketServerFactory: void <init>(javax.servlet.ServletContext,org.eclipse.jetty.websocket.api.WebSocketPolicy)>;org.eclipse.jetty.websocket.servlet.WebSocketServletFactory$Loader.load;49;isAccessible=false;
Constructor.newInstance;<org.python.jsr223.PyScriptEngineFactory: void <init>()>;java.util.ServiceLoader$ProviderImpl.newInstance;789;isAccessible=false;
Constructor.newInstance;<sun.management.ManagementFactoryHelper$$Lambda$137: void <init>()>;java.lang.invoke.InnerClassLambdaMetafactory.buildCallSite;261;isAccessible=true;
Constructor.newInstance;<sun.net.www.protocol.http.Handler: void <init>()>;java.net.URL$DefaultFactory.createURLStreamHandler;1259;isAccessible=false;
Constructor.newInstance;<sun.nio.ch.DatagramSocketAdaptor$DatagramPackets$$Lambda$200: void <init>()>;java.lang.invoke.InnerClassLambdaMetafactory.buildCallSite;261;isAccessible=true;
Constructor.newInstance;<sun.nio.ch.DatagramSocketAdaptor$DatagramSockets$$Lambda$43: void <init>()>;java.lang.invoke.InnerClassLambdaMetafactory.buildCallSite;261;isAccessible=true;
Constructor.newInstance;<sun.nio.ch.DefaultSelectorProvider$$Lambda$41: void <init>()>;java.lang.invoke.InnerClassLambdaMetafactory.buildCallSite;261;isAccessible=true;
Constructor.newInstance;<sun.security.provider.MD5: void <init>()>;java.security.Provider$Service.newInstanceOf;1879;isAccessible=false;
Constructor.newInstance;<sun.security.provider.NativePRNG: void <init>()>;java.security.Provider$Service.newInstanceOf;1879;isAccessible=false;
Constructor.newInstance;<sun.security.provider.SHA: void <init>()>;java.security.Provider$Service.newInstanceOf;1879;isAccessible=false;
Constructor.newInstance;<sun.text.resources.cldr.FormatData: void <init>()>;java.util.ResourceBundle$ResourceBundleProviderHelper.newResourceBundle;3586;isAccessible=true;
Constructor.newInstance;<sun.text.resources.cldr.FormatData_en: void <init>()>;java.util.ResourceBundle$ResourceBundleProviderHelper.newResourceBundle;3586;isAccessible=true;
Constructor.newInstance;<sun.util.cldr.CLDRLocaleProviderAdapter$$Lambda$51: void <init>()>;java.lang.invoke.InnerClassLambdaMetafactory.buildCallSite;261;isAccessible=true;
Constructor.newInstance;<sun.util.cldr.CLDRLocaleProviderAdapter: void <init>()>;sun.util.locale.provider.LocaleProviderAdapter.forType;188;isAccessible=false;
Constructor.newInstance;<sun.util.logging.internal.LoggingProviderImpl: void <init>()>;java.util.ServiceLoader$ProviderImpl.newInstance;789;isAccessible=true;
Constructor.newInstance;<sun.util.resources.cldr.CalendarData: void <init>()>;java.util.ResourceBundle$ResourceBundleProviderHelper.newResourceBundle;3586;isAccessible=true;
Constructor.newInstance;<sun.util.resources.cldr.provider.CLDRLocaleDataMetaInfo: void <init>()>;java.util.ServiceLoader$ProviderImpl.newInstance;789;isAccessible=true;
Constructor.newInstance;<sun.util.resources.provider.LocaleDataProvider: void <init>()>;java.util.ServiceLoader$ProviderImpl.newInstance;789;isAccessible=true;
Constructor.newInstance;<water.H2O$$Lambda$157: void <init>()>;java.lang.invoke.InnerClassLambdaMetafactory.buildCallSite;261;isAccessible=true;
Constructor.newInstance;<water.H2O$1GCTask$Icer: void <init>(water.H2O$1GCTask)>;water.Weaver.genDelegate;60;isAccessible=false;
Constructor.newInstance;<water.H2ONode$Icer: void <init>(water.H2ONode)>;water.Weaver.genDelegate;60;isAccessible=false;
Constructor.newInstance;<water.HeartBeat$Icer: void <init>(water.HeartBeat)>;water.Weaver.genDelegate;60;isAccessible=false;
Constructor.newInstance;<water.IcedWrapper$Icer: void <init>(water.IcedWrapper)>;water.Weaver.genDelegate;60;isAccessible=false;
Constructor.newInstance;<water.Job$Icer: void <init>(water.Job)>;water.Weaver.genDelegate;60;isAccessible=false;
Constructor.newInstance;<water.Job$JobList$Icer: void <init>(water.Job$JobList)>;water.Weaver.genDelegate;60;isAccessible=false;
Constructor.newInstance;<water.Key$Icer: void <init>(water.Key)>;water.Weaver.genDelegate;60;isAccessible=false;
Constructor.newInstance;<water.api.EnumValuesProvider$$Lambda$212: void <init>()>;java.lang.invoke.InnerClassLambdaMetafactory.buildCallSite;261;isAccessible=true;
Constructor.newInstance;<water.api.ModelBuildersHandler$ModelIdV3: void <init>()>;java.util.ServiceLoader$ProviderImpl.newInstance;789;isAccessible=false;
Constructor.newInstance;<water.api.ModelMetricsAnomalyV3: void <init>()>;java.util.ServiceLoader$ProviderImpl.newInstance;789;isAccessible=false;
Constructor.newInstance;<water.api.ModelMetricsGLRMV99: void <init>()>;java.util.ServiceLoader$ProviderImpl.newInstance;789;isAccessible=false;
Constructor.newInstance;<water.api.ModelMetricsHandler$ModelMetricsListSchemaV3: void <init>()>;java.util.ServiceLoader$ProviderImpl.newInstance;789;isAccessible=false;
Constructor.newInstance;<water.api.ModelMetricsHandler$ModelMetricsMakerSchemaV3: void <init>()>;java.util.ServiceLoader$ProviderImpl.newInstance;789;isAccessible=false;
Constructor.newInstance;<water.api.ModelMetricsPCAV3: void <init>()>;java.util.ServiceLoader$ProviderImpl.newInstance;789;isAccessible=false;
Constructor.newInstance;<water.api.ModelMetricsSVDV99: void <init>()>;java.util.ServiceLoader$ProviderImpl.newInstance;789;isAccessible=false;
Constructor.newInstance;<water.api.RecoveryHandler$ResumeV3: void <init>()>;java.util.ServiceLoader$ProviderImpl.newInstance;789;isAccessible=false;
Constructor.newInstance;<water.api.RegisterV3Api: void <init>()>;java.util.ServiceLoader$ProviderImpl.newInstance;789;isAccessible=false;
Constructor.newInstance;<water.api.RegisterV4Api: void <init>()>;java.util.ServiceLoader$ProviderImpl.newInstance;789;isAccessible=false;
Constructor.newInstance;<water.api.RequestServer: void <init>()>;org.eclipse.jetty.server.handler.ContextHandler$Context.createInstance;2632;isAccessible=false;
Constructor.newInstance;<water.api.StreamingSchema: void <init>()>;java.util.ServiceLoader$ProviderImpl.newInstance;789;isAccessible=false;
Constructor.newInstance;<water.api.schemas3.AboutEntryV3: void <init>()>;java.util.ServiceLoader$ProviderImpl.newInstance;789;isAccessible=false;
Constructor.newInstance;<water.api.schemas3.AboutV3: void <init>()>;java.util.ServiceLoader$ProviderImpl.newInstance;789;isAccessible=false;
Constructor.newInstance;<water.api.schemas3.CapabilitiesV3: void <init>()>;java.util.ServiceLoader$ProviderImpl.newInstance;789;isAccessible=false;
Constructor.newInstance;<water.api.schemas3.CapabilityEntryV3: void <init>()>;java.util.ServiceLoader$ProviderImpl.newInstance;789;isAccessible=false;
Constructor.newInstance;<water.api.schemas3.CloudLockV3: void <init>()>;java.util.ServiceLoader$ProviderImpl.newInstance;789;isAccessible=false;
Constructor.newInstance;<water.api.schemas3.CloudV3$NodeV3: void <init>()>;java.util.ServiceLoader$ProviderImpl.newInstance;789;isAccessible=false;
Constructor.newInstance;<water.api.schemas3.CloudV3: void <init>()>;java.util.ServiceLoader$ProviderImpl.newInstance;789;isAccessible=false;
Constructor.newInstance;<water.api.schemas3.ClusteringModelParametersSchemaV3: void <init>()>;java.util.ServiceLoader$ProviderImpl.newInstance;789;isAccessible=false;
Constructor.newInstance;<water.api.schemas3.ConfusionMatrixV3: void <init>()>;java.util.ServiceLoader$ProviderImpl.newInstance;789;isAccessible=false;
Constructor.newInstance;<water.api.schemas3.CreateFrameV3: void <init>()>;java.util.ServiceLoader$ProviderImpl.newInstance;789;isAccessible=false;
Constructor.newInstance;<water.api.schemas3.DCTTransformerV3: void <init>()>;java.util.ServiceLoader$ProviderImpl.newInstance;789;isAccessible=false;
Constructor.newInstance;<water.api.schemas3.DecryptionSetupV3: void <init>()>;java.util.ServiceLoader$ProviderImpl.newInstance;789;isAccessible=false;
Constructor.newInstance;<water.api.schemas3.DownloadDataV3: void <init>()>;java.util.ServiceLoader$ProviderImpl.newInstance;789;isAccessible=false;
Constructor.newInstance;<water.api.schemas3.FeatureInteractionV3: void <init>()>;java.util.ServiceLoader$ProviderImpl.newInstance;789;isAccessible=false;
Constructor.newInstance;<water.api.schemas3.FieldMetadataV3: void <init>()>;java.util.ServiceLoader$ProviderImpl.newInstance;789;isAccessible=false;
Constructor.newInstance;<water.api.schemas3.FindV3: void <init>()>;java.util.ServiceLoader$ProviderImpl.newInstance;789;isAccessible=false;
Constructor.newInstance;<water.api.schemas3.FrameBaseV3: void <init>()>;java.util.ServiceLoader$ProviderImpl.newInstance;789;isAccessible=false;
Constructor.newInstance;<water.api.schemas3.FrameChunksV3$FrameChunkV3: void <init>()>;java.util.ServiceLoader$ProviderImpl.newInstance;789;isAccessible=false;
Constructor.newInstance;<water.api.schemas3.FrameChunksV3: void <init>()>;java.util.ServiceLoader$ProviderImpl.newInstance;789;isAccessible=false;
Constructor.newInstance;<water.api.schemas3.FrameLoadV3: void <init>()>;java.util.ServiceLoader$ProviderImpl.newInstance;789;isAccessible=false;
Constructor.newInstance;<water.api.schemas3.FrameSaveV3: void <init>()>;java.util.ServiceLoader$ProviderImpl.newInstance;789;isAccessible=false;
Constructor.newInstance;<water.api.schemas3.FrameSynopsisV3: void <init>()>;java.util.ServiceLoader$ProviderImpl.newInstance;789;isAccessible=false;
Constructor.newInstance;<water.api.schemas3.FrameV3$ColSpecifierV3$Icer: void <init>(water.api.schemas3.FrameV3$ColSpecifierV3)>;water.Weaver.genDelegate;60;isAccessible=false;
Constructor.newInstance;<water.api.schemas3.FrameV3$ColSpecifierV3: void <init>()>;java.util.ServiceLoader$ProviderImpl.newInstance;789;isAccessible=false;
Constructor.newInstance;<water.api.schemas3.FrameV3$ColV3: void <init>()>;java.util.ServiceLoader$ProviderImpl.newInstance;789;isAccessible=false;
Constructor.newInstance;<water.api.schemas3.FrameV3: void <init>()>;java.util.ServiceLoader$ProviderImpl.newInstance;789;isAccessible=false;
Constructor.newInstance;<water.api.schemas3.FramesListV3: void <init>()>;java.util.ServiceLoader$ProviderImpl.newInstance;789;isAccessible=false;
Constructor.newInstance;<water.api.schemas3.FramesV3: void <init>()>;java.util.ServiceLoader$ProviderImpl.newInstance;789;isAccessible=false;
Constructor.newInstance;<water.api.schemas3.FriedmanPopescusHV3: void <init>()>;java.util.ServiceLoader$ProviderImpl.newInstance;789;isAccessible=false;
Constructor.newInstance;<water.api.schemas3.GarbageCollectV3$Icer: void <init>(water.api.schemas3.GarbageCollectV3)>;water.Weaver.genDelegate;60;isAccessible=false;
Constructor.newInstance;<water.api.schemas3.GarbageCollectV3: void <init>()>;java.util.ServiceLoader$ProviderImpl.newInstance;789;isAccessible=false;
Constructor.newInstance;<water.api.schemas3.GridExportV3: void <init>()>;java.util.ServiceLoader$ProviderImpl.newInstance;789;isAccessible=false;
Constructor.newInstance;<water.api.schemas3.GridImportV3: void <init>()>;java.util.ServiceLoader$ProviderImpl.newInstance;789;isAccessible=false;
Constructor.newInstance;<water.api.schemas3.H2OErrorV3: void <init>()>;java.util.ServiceLoader$ProviderImpl.newInstance;789;isAccessible=false;
Constructor.newInstance;<water.api.schemas3.H2OModelBuilderErrorV3: void <init>()>;java.util.ServiceLoader$ProviderImpl.newInstance;789;isAccessible=false;
Constructor.newInstance;<water.api.schemas3.ImportFilesMultiV3: void <init>()>;java.util.ServiceLoader$ProviderImpl.newInstance;789;isAccessible=false;
Constructor.newInstance;<water.api.schemas3.ImportFilesV3$Icer: void <init>(water.api.schemas3.ImportFilesV3)>;water.Weaver.genDelegate;60;isAccessible=false;
Constructor.newInstance;<water.api.schemas3.ImportFilesV3: void <init>()>;java.util.ServiceLoader$ProviderImpl.newInstance;789;isAccessible=false;
Constructor.newInstance;<water.api.schemas3.ImportHiveTableV3: void <init>()>;java.util.ServiceLoader$ProviderImpl.newInstance;789;isAccessible=false;
Constructor.newInstance;<water.api.schemas3.ImportSQLTableV99: void <init>()>;java.util.ServiceLoader$ProviderImpl.newInstance;789;isAccessible=false;
Constructor.newInstance;<water.api.schemas3.InitIDV3: void <init>()>;java.util.ServiceLoader$ProviderImpl.newInstance;789;isAccessible=false;
Constructor.newInstance;<water.api.schemas3.InteractionV3: void <init>()>;java.util.ServiceLoader$ProviderImpl.newInstance;789;isAccessible=false;
Constructor.newInstance;<water.api.schemas3.JStackV3$DStackTraceV3: void <init>()>;java.util.ServiceLoader$ProviderImpl.newInstance;789;isAccessible=false;
Constructor.newInstance;<water.api.schemas3.JStackV3: void <init>()>;java.util.ServiceLoader$ProviderImpl.newInstance;789;isAccessible=false;
Constructor.newInstance;<water.api.schemas3.JobV3$Icer: void <init>(water.api.schemas3.JobV3)>;water.Weaver.genDelegate;60;isAccessible=false;
Constructor.newInstance;<water.api.schemas3.JobV3: void <init>()>;java.util.ServiceLoader$ProviderImpl.newInstance;789;isAccessible=false;
Constructor.newInstance;<water.api.schemas3.JobsV3$Icer: void <init>(water.api.schemas3.JobsV3)>;water.Weaver.genDelegate;60;isAccessible=false;
Constructor.newInstance;<water.api.schemas3.JobsV3: void <init>()>;java.util.ServiceLoader$ProviderImpl.newInstance;789;isAccessible=false;
Constructor.newInstance;<water.api.schemas3.KeyV3$AssemblyKeyV3: void <init>()>;java.util.ServiceLoader$ProviderImpl.newInstance;789;isAccessible=false;
Constructor.newInstance;<water.api.schemas3.KeyV3$DecryptionToolKeyV3: void <init>()>;java.util.ServiceLoader$ProviderImpl.newInstance;789;isAccessible=false;
Constructor.newInstance;<water.api.schemas3.KeyV3$FrameKeyV3$Icer: void <init>(water.api.schemas3.KeyV3$FrameKeyV3)>;water.Weaver.genDelegate;60;isAccessible=false;
Constructor.newInstance;<water.api.schemas3.KeyV3$FrameKeyV3: void <init>()>;java.util.ServiceLoader$ProviderImpl.newInstance;789;isAccessible=false;
Constructor.newInstance;<water.api.schemas3.KeyV3$FrameKeyV3: void <init>(water.Key)>;water.api.schemas3.KeyV3.make;74;isAccessible=false;
Constructor.newInstance;<water.api.schemas3.KeyV3$GridKeyV3: void <init>()>;java.util.ServiceLoader$ProviderImpl.newInstance;789;isAccessible=false;
Constructor.newInstance;<water.api.schemas3.KeyV3$JobKeyV3$Icer: void <init>(water.api.schemas3.KeyV3$JobKeyV3)>;water.Weaver.genDelegate;60;isAccessible=false;
Constructor.newInstance;<water.api.schemas3.KeyV3$JobKeyV3: void <init>()>;java.util.ServiceLoader$ProviderImpl.newInstance;789;isAccessible=false;
Constructor.newInstance;<water.api.schemas3.KeyV3$JobKeyV3: void <init>(water.Key)>;water.api.schemas3.KeyV3.make;74;isAccessible=false;
Constructor.newInstance;<water.api.schemas3.KeyV3$ModelKeyV3$Icer: void <init>(water.api.schemas3.KeyV3$ModelKeyV3)>;water.Weaver.genDelegate;60;isAccessible=false;
Constructor.newInstance;<water.api.schemas3.KeyV3$ModelKeyV3: void <init>()>;java.util.ServiceLoader$ProviderImpl.newInstance;789;isAccessible=false;
Constructor.newInstance;<water.api.schemas3.KeyV3$ModelKeyV3: void <init>(water.Key)>;water.api.schemas3.KeyV3.make;74;isAccessible=false;
Constructor.newInstance;<water.api.schemas3.KeyV3$PartialDependenceKeyV3: void <init>()>;java.util.ServiceLoader$ProviderImpl.newInstance;789;isAccessible=false;
Constructor.newInstance;<water.api.schemas3.KeyV3$SegmentModelsKeyV3: void <init>()>;java.util.ServiceLoader$ProviderImpl.newInstance;789;isAccessible=false;
Constructor.newInstance;<water.api.schemas3.KeyV3: void <init>()>;java.util.ServiceLoader$ProviderImpl.newInstance;789;isAccessible=false;
Constructor.newInstance;<water.api.schemas3.KeyValueV3: void <init>()>;java.util.ServiceLoader$ProviderImpl.newInstance;789;isAccessible=false;
Constructor.newInstance;<water.api.schemas3.KillMinus3V3: void <init>()>;java.util.ServiceLoader$ProviderImpl.newInstance;789;isAccessible=false;
Constructor.newInstance;<water.api.schemas3.LogAndEchoV3: void <init>()>;java.util.ServiceLoader$ProviderImpl.newInstance;789;isAccessible=false;
Constructor.newInstance;<water.api.schemas3.LogsV3: void <init>()>;java.util.ServiceLoader$ProviderImpl.newInstance;789;isAccessible=false;
Constructor.newInstance;<water.api.schemas3.MetadataV3: void <init>()>;java.util.ServiceLoader$ProviderImpl.newInstance;789;isAccessible=false;
Constructor.newInstance;<water.api.schemas3.MissingInserterV3: void <init>()>;java.util.ServiceLoader$ProviderImpl.newInstance;789;isAccessible=false;
Constructor.newInstance;<water.api.schemas3.ModelBuilderV3: void <init>()>;java.util.ServiceLoader$ProviderImpl.newInstance;789;isAccessible=false;
Constructor.newInstance;<water.api.schemas3.ModelBuildersV3: void <init>()>;java.util.ServiceLoader$ProviderImpl.newInstance;789;isAccessible=false;
Constructor.newInstance;<water.api.schemas3.ModelExportV3: void <init>()>;java.util.ServiceLoader$ProviderImpl.newInstance;789;isAccessible=false;
Constructor.newInstance;<water.api.schemas3.ModelImportV3: void <init>()>;java.util.ServiceLoader$ProviderImpl.newInstance;789;isAccessible=false;
Constructor.newInstance;<water.api.schemas3.ModelMetricsAutoEncoderV3: void <init>()>;java.util.ServiceLoader$ProviderImpl.newInstance;789;isAccessible=false;
Constructor.newInstance;<water.api.schemas3.ModelMetricsBaseV3: void <init>()>;java.util.ServiceLoader$ProviderImpl.newInstance;789;isAccessible=false;
Constructor.newInstance;<water.api.schemas3.ModelMetricsBinomialGLMGenericV3: void <init>()>;java.util.ServiceLoader$ProviderImpl.newInstance;789;isAccessible=false;
Constructor.newInstance;<water.api.schemas3.ModelMetricsBinomialGLMV3: void <init>()>;java.util.ServiceLoader$ProviderImpl.newInstance;789;isAccessible=false;
Constructor.newInstance;<water.api.schemas3.ModelMetricsBinomialGenericV3: void <init>()>;java.util.ServiceLoader$ProviderImpl.newInstance;789;isAccessible=false;
Constructor.newInstance;<water.api.schemas3.ModelMetricsBinomialUpliftV3: void <init>()>;java.util.ServiceLoader$ProviderImpl.newInstance;789;isAccessible=false;
Constructor.newInstance;<water.api.schemas3.ModelMetricsBinomialV3: void <init>()>;java.util.ServiceLoader$ProviderImpl.newInstance;789;isAccessible=false;
Constructor.newInstance;<water.api.schemas3.ModelMetricsClusteringV3: void <init>()>;java.util.ServiceLoader$ProviderImpl.newInstance;789;isAccessible=false;
Constructor.newInstance;<water.api.schemas3.ModelMetricsHGLMGaussianGaussianGenericV3: void <init>()>;java.util.ServiceLoader$ProviderImpl.newInstance;789;isAccessible=false;
Constructor.newInstance;<water.api.schemas3.ModelMetricsHGLMGaussianGaussianV3: void <init>()>;java.util.ServiceLoader$ProviderImpl.newInstance;789;isAccessible=false;
Constructor.newInstance;<water.api.schemas3.ModelMetricsHGLMGenericV3: void <init>()>;java.util.ServiceLoader$ProviderImpl.newInstance;789;isAccessible=false;
Constructor.newInstance;<water.api.schemas3.ModelMetricsHGLMV3: void <init>()>;java.util.ServiceLoader$ProviderImpl.newInstance;789;isAccessible=false;
Constructor.newInstance;<water.api.schemas3.ModelMetricsMultinomialGLMGenericV3: void <init>()>;java.util.ServiceLoader$ProviderImpl.newInstance;789;isAccessible=false;
Constructor.newInstance;<water.api.schemas3.ModelMetricsMultinomialGLMV3: void <init>()>;java.util.ServiceLoader$ProviderImpl.newInstance;789;isAccessible=false;
Constructor.newInstance;<water.api.schemas3.ModelMetricsMultinomialGenericV3: void <init>()>;java.util.ServiceLoader$ProviderImpl.newInstance;789;isAccessible=false;
Constructor.newInstance;<water.api.schemas3.ModelMetricsMultinomialV3: void <init>()>;java.util.ServiceLoader$ProviderImpl.newInstance;789;isAccessible=false;
Constructor.newInstance;<water.api.schemas3.ModelMetricsOrdinalGLMGenericV3: void <init>()>;java.util.ServiceLoader$ProviderImpl.newInstance;789;isAccessible=false;
Constructor.newInstance;<water.api.schemas3.ModelMetricsOrdinalGLMV3: void <init>()>;java.util.ServiceLoader$ProviderImpl.newInstance;789;isAccessible=false;
Constructor.newInstance;<water.api.schemas3.ModelMetricsOrdinalGenericV3: void <init>()>;java.util.ServiceLoader$ProviderImpl.newInstance;789;isAccessible=false;
Constructor.newInstance;<water.api.schemas3.ModelMetricsOrdinalV3: void <init>()>;java.util.ServiceLoader$ProviderImpl.newInstance;789;isAccessible=false;
Constructor.newInstance;<water.api.schemas3.ModelMetricsRegressionCoxPHGenericV3: void <init>()>;java.util.ServiceLoader$ProviderImpl.newInstance;789;isAccessible=false;
Constructor.newInstance;<water.api.schemas3.ModelMetricsRegressionCoxPHV3: void <init>()>;java.util.ServiceLoader$ProviderImpl.newInstance;789;isAccessible=false;
Constructor.newInstance;<water.api.schemas3.ModelMetricsRegressionGLMGenericV3: void <init>()>;java.util.ServiceLoader$ProviderImpl.newInstance;789;isAccessible=false;
Constructor.newInstance;<water.api.schemas3.ModelMetricsRegressionGLMV3: void <init>()>;java.util.ServiceLoader$ProviderImpl.newInstance;789;isAccessible=false;
Constructor.newInstance;<water.api.schemas3.ModelMetricsRegressionGenericV3: void <init>()>;java.util.ServiceLoader$ProviderImpl.newInstance;789;isAccessible=false;
Constructor.newInstance;<water.api.schemas3.ModelMetricsRegressionV3: void <init>()>;java.util.ServiceLoader$ProviderImpl.newInstance;789;isAccessible=false;
Constructor.newInstance;<water.api.schemas3.ModelOutputSchemaV3: void <init>()>;java.util.ServiceLoader$ProviderImpl.newInstance;789;isAccessible=false;
Constructor.newInstance;<water.api.schemas3.ModelParameterSchemaV3$Icer: void <init>(water.api.schemas3.ModelParameterSchemaV3)>;water.Weaver.genDelegate;60;isAccessible=false;
Constructor.newInstance;<water.api.schemas3.ModelParameterSchemaV3: void <init>()>;java.util.ServiceLoader$ProviderImpl.newInstance;789;isAccessible=false;
Constructor.newInstance;<water.api.schemas3.ModelParametersSchemaV3: void <init>()>;java.util.ServiceLoader$ProviderImpl.newInstance;789;isAccessible=false;
Constructor.newInstance;<water.api.schemas3.ModelSchemaBaseV3: void <init>()>;java.util.ServiceLoader$ProviderImpl.newInstance;789;isAccessible=false;
Constructor.newInstance;<water.api.schemas3.ModelSchemaV3: void <init>()>;java.util.ServiceLoader$ProviderImpl.newInstance;789;isAccessible=false;
Constructor.newInstance;<water.api.schemas3.ModelSynopsisV3: void <init>()>;java.util.ServiceLoader$ProviderImpl.newInstance;789;isAccessible=false;
Constructor.newInstance;<water.api.schemas3.ModelsV3: void <init>()>;java.util.ServiceLoader$ProviderImpl.newInstance;789;isAccessible=false;
Constructor.newInstance;<water.api.schemas3.NetworkBenchV3: void <init>()>;java.util.ServiceLoader$ProviderImpl.newInstance;789;isAccessible=false;
Constructor.newInstance;<water.api.schemas3.NetworkTestV3: void <init>()>;java.util.ServiceLoader$ProviderImpl.newInstance;789;isAccessible=false;
Constructor.newInstance;<water.api.schemas3.NodePersistentStorageV3$NodePersistentStorageEntryV3: void <init>()>;java.util.ServiceLoader$ProviderImpl.newInstance;789;isAccessible=false;
Constructor.newInstance;<water.api.schemas3.NodePersistentStorageV3: void <init>()>;java.util.ServiceLoader$ProviderImpl.newInstance;789;isAccessible=false;
Constructor.newInstance;<water.api.schemas3.ParseSVMLightV3: void <init>()>;java.util.ServiceLoader$ProviderImpl.newInstance;789;isAccessible=false;
Constructor.newInstance;<water.api.schemas3.ParseSetupV3$Icer: void <init>(water.api.schemas3.ParseSetupV3)>;water.Weaver.genDelegate;60;isAccessible=false;
Constructor.newInstance;<water.api.schemas3.ParseSetupV3: void <init>()>;java.util.ServiceLoader$ProviderImpl.newInstance;789;isAccessible=false;
Constructor.newInstance;<water.api.schemas3.ParseV3$Icer: void <init>(water.api.schemas3.ParseV3)>;water.Weaver.genDelegate;60;isAccessible=false;
Constructor.newInstance;<water.api.schemas3.ParseV3: void <init>()>;java.util.ServiceLoader$ProviderImpl.newInstance;789;isAccessible=false;
Constructor.newInstance;<water.api.schemas3.PartialDependenceV3: void <init>()>;java.util.ServiceLoader$ProviderImpl.newInstance;789;isAccessible=false;
Constructor.newInstance;<water.api.schemas3.PingV3$NodeMemoryInfoV3: void <init>()>;java.util.ServiceLoader$ProviderImpl.newInstance;789;isAccessible=false;
Constructor.newInstance;<water.api.schemas3.PingV3: void <init>()>;java.util.ServiceLoader$ProviderImpl.newInstance;789;isAccessible=false;
Constructor.newInstance;<water.api.schemas3.ProfilerNodeV3$ProfilerNodeEntryV3: void <init>()>;java.util.ServiceLoader$ProviderImpl.newInstance;789;isAccessible=false;
Constructor.newInstance;<water.api.schemas3.ProfilerNodeV3: void <init>()>;java.util.ServiceLoader$ProviderImpl.newInstance;789;isAccessible=false;
Constructor.newInstance;<water.api.schemas3.ProfilerV3: void <init>()>;java.util.ServiceLoader$ProviderImpl.newInstance;789;isAccessible=false;
Constructor.newInstance;<water.api.schemas3.RapidsFrameV3: void <init>()>;java.util.ServiceLoader$ProviderImpl.newInstance;789;isAccessible=false;
Constructor.newInstance;<water.api.schemas3.RapidsFunctionV3: void <init>()>;java.util.ServiceLoader$ProviderImpl.newInstance;789;isAccessible=false;
Constructor.newInstance;<water.api.schemas3.RapidsHelpV3$RapidsExpressionV3: void <init>()>;java.util.ServiceLoader$ProviderImpl.newInstance;789;isAccessible=false;
Constructor.newInstance;<water.api.schemas3.RapidsHelpV3: void <init>()>;java.util.ServiceLoader$ProviderImpl.newInstance;789;isAccessible=false;
Constructor.newInstance;<water.api.schemas3.RapidsMapFrameV3: void <init>()>;java.util.ServiceLoader$ProviderImpl.newInstance;789;isAccessible=false;
Constructor.newInstance;<water.api.schemas3.RapidsNumberV3: void <init>()>;java.util.ServiceLoader$ProviderImpl.newInstance;789;isAccessible=false;
Constructor.newInstance;<water.api.schemas3.RapidsNumbersV3: void <init>()>;java.util.ServiceLoader$ProviderImpl.newInstance;789;isAccessible=false;
Constructor.newInstance;<water.api.schemas3.RapidsSchemaV3: void <init>()>;java.util.ServiceLoader$ProviderImpl.newInstance;789;isAccessible=false;
Constructor.newInstance;<water.api.schemas3.RapidsStringV3: void <init>()>;java.util.ServiceLoader$ProviderImpl.newInstance;789;isAccessible=false;
Constructor.newInstance;<water.api.schemas3.RapidsStringsV3: void <init>()>;java.util.ServiceLoader$ProviderImpl.newInstance;789;isAccessible=false;
Constructor.newInstance;<water.api.schemas3.RemoveAllV3: void <init>()>;java.util.ServiceLoader$ProviderImpl.newInstance;789;isAccessible=false;
Constructor.newInstance;<water.api.schemas3.RemoveV3: void <init>()>;java.util.ServiceLoader$ProviderImpl.newInstance;789;isAccessible=false;
Constructor.newInstance;<water.api.schemas3.RequestSchemaV3: void <init>()>;java.util.ServiceLoader$ProviderImpl.newInstance;789;isAccessible=false;
Constructor.newInstance;<water.api.schemas3.RouteV3: void <init>()>;java.util.ServiceLoader$ProviderImpl.newInstance;789;isAccessible=false;
Constructor.newInstance;<water.api.schemas3.SaveToHiveTableV3: void <init>()>;java.util.ServiceLoader$ProviderImpl.newInstance;789;isAccessible=false;
Constructor.newInstance;<water.api.schemas3.SchemaMetadataV3: void <init>()>;java.util.ServiceLoader$ProviderImpl.newInstance;789;isAccessible=false;
Constructor.newInstance;<water.api.schemas3.SchemaV3$Meta$Icer: void <init>(water.api.schemas3.SchemaV3$Meta)>;water.Weaver.genDelegate;60;isAccessible=false;
Constructor.newInstance;<water.api.schemas3.SchemaV3: void <init>()>;java.util.ServiceLoader$ProviderImpl.newInstance;789;isAccessible=false;
Constructor.newInstance;<water.api.schemas3.SegmentModelsParametersV3: void <init>()>;java.util.ServiceLoader$ProviderImpl.newInstance;789;isAccessible=false;
Constructor.newInstance;<water.api.schemas3.SegmentModelsV3: void <init>()>;java.util.ServiceLoader$ProviderImpl.newInstance;789;isAccessible=false;
Constructor.newInstance;<water.api.schemas3.SessionPropertyV3: void <init>()>;java.util.ServiceLoader$ProviderImpl.newInstance;789;isAccessible=false;
Constructor.newInstance;<water.api.schemas3.ShutdownV3: void <init>()>;java.util.ServiceLoader$ProviderImpl.newInstance;789;isAccessible=false;
Constructor.newInstance;<water.api.schemas3.SignificantRulesV3: void <init>()>;java.util.ServiceLoader$ProviderImpl.newInstance;789;isAccessible=false;
Constructor.newInstance;<water.api.schemas3.SplitFrameV3: void <init>()>;java.util.ServiceLoader$ProviderImpl.newInstance;789;isAccessible=false;
Constructor.newInstance;<water.api.schemas3.SteamMetricsV3: void <init>()>;java.util.ServiceLoader$ProviderImpl.newInstance;789;isAccessible=false;
Constructor.newInstance;<water.api.schemas3.StringPairV3: void <init>()>;java.util.ServiceLoader$ProviderImpl.newInstance;789;isAccessible=false;
Constructor.newInstance;<water.api.schemas3.TabulateV3: void <init>()>;java.util.ServiceLoader$ProviderImpl.newInstance;789;isAccessible=false;
Constructor.newInstance;<water.api.schemas3.TimelineV3$EventV3: void <init>()>;java.util.ServiceLoader$ProviderImpl.newInstance;789;isAccessible=false;
Constructor.newInstance;<water.api.schemas3.TimelineV3$HeartBeatEvent: void <init>()>;java.util.ServiceLoader$ProviderImpl.newInstance;789;isAccessible=false;
Constructor.newInstance;<water.api.schemas3.TimelineV3$IOEvent: void <init>()>;java.util.ServiceLoader$ProviderImpl.newInstance;789;isAccessible=false;
Constructor.newInstance;<water.api.schemas3.TimelineV3$NetworkEvent: void <init>()>;java.util.ServiceLoader$ProviderImpl.newInstance;789;isAccessible=false;
Constructor.newInstance;<water.api.schemas3.TimelineV3: void <init>()>;java.util.ServiceLoader$ProviderImpl.newInstance;789;isAccessible=false;
Constructor.newInstance;<water.api.schemas3.TwoDimTableV3$ColumnSpecsBase: void <init>()>;java.util.ServiceLoader$ProviderImpl.newInstance;789;isAccessible=false;
Constructor.newInstance;<water.api.schemas3.TwoDimTableV3: void <init>()>;java.util.ServiceLoader$ProviderImpl.newInstance;789;isAccessible=false;
Constructor.newInstance;<water.api.schemas3.TypeaheadV3: void <init>()>;java.util.ServiceLoader$ProviderImpl.newInstance;789;isAccessible=false;
Constructor.newInstance;<water.api.schemas3.UnlockKeysV3: void <init>()>;java.util.ServiceLoader$ProviderImpl.newInstance;789;isAccessible=false;
Constructor.newInstance;<water.api.schemas3.ValidationMessageV3$Icer: void <init>(water.api.schemas3.ValidationMessageV3)>;water.Weaver.genDelegate;60;isAccessible=false;
Constructor.newInstance;<water.api.schemas3.ValidationMessageV3: void <init>()>;java.util.ServiceLoader$ProviderImpl.newInstance;789;isAccessible=false;
Constructor.newInstance;<water.api.schemas3.VarImpV3: void <init>()>;java.util.ServiceLoader$ProviderImpl.newInstance;789;isAccessible=false;
Constructor.newInstance;<water.api.schemas3.WaterMeterCpuTicksV3: void <init>()>;java.util.ServiceLoader$ProviderImpl.newInstance;789;isAccessible=false;
Constructor.newInstance;<water.api.schemas3.WaterMeterIoV3: void <init>()>;java.util.ServiceLoader$ProviderImpl.newInstance;789;isAccessible=false;
Constructor.newInstance;<water.api.schemas4.EndpointV4: void <init>()>;java.util.ServiceLoader$ProviderImpl.newInstance;789;isAccessible=false;
Constructor.newInstance;<water.api.schemas4.EndpointsListV4: void <init>()>;java.util.ServiceLoader$ProviderImpl.newInstance;789;isAccessible=false;
Constructor.newInstance;<water.api.schemas4.InputSchemaV4: void <init>()>;java.util.ServiceLoader$ProviderImpl.newInstance;789;isAccessible=false;
Constructor.newInstance;<water.api.schemas4.ListRequestV4: void <init>()>;java.util.ServiceLoader$ProviderImpl.newInstance;789;isAccessible=false;
Constructor.newInstance;<water.api.schemas4.ModelInfoV4: void <init>()>;java.util.ServiceLoader$ProviderImpl.newInstance;789;isAccessible=false;
Constructor.newInstance;<water.api.schemas4.ModelsInfoV4: void <init>()>;java.util.ServiceLoader$ProviderImpl.newInstance;789;isAccessible=false;
Constructor.newInstance;<water.api.schemas4.OutputSchemaV4: void <init>()>;java.util.ServiceLoader$ProviderImpl.newInstance;789;isAccessible=false;
Constructor.newInstance;<water.api.schemas4.SessionIdV4: void <init>()>;java.util.ServiceLoader$ProviderImpl.newInstance;789;isAccessible=false;
Constructor.newInstance;<water.api.schemas4.input.CreateFrameOriginalIV4: void <init>()>;java.util.ServiceLoader$ProviderImpl.newInstance;789;isAccessible=false;
Constructor.newInstance;<water.api.schemas4.input.CreateFrameSimpleIV4: void <init>()>;java.util.ServiceLoader$ProviderImpl.newInstance;789;isAccessible=false;
Constructor.newInstance;<water.api.schemas4.input.JobIV4: void <init>()>;java.util.ServiceLoader$ProviderImpl.newInstance;789;isAccessible=false;
Constructor.newInstance;<water.api.schemas4.output.JobV4: void <init>()>;java.util.ServiceLoader$ProviderImpl.newInstance;789;isAccessible=false;
Constructor.newInstance;<water.api.schemas99.AssemblyV99: void <init>()>;java.util.ServiceLoader$ProviderImpl.newInstance;789;isAccessible=false;
Constructor.newInstance;<water.api.schemas99.GridsV99: void <init>()>;java.util.ServiceLoader$ProviderImpl.newInstance;789;isAccessible=false;
Constructor.newInstance;<water.api.schemas99.RapidsV99: void <init>()>;java.util.ServiceLoader$ProviderImpl.newInstance;789;isAccessible=false;
Constructor.newInstance;<water.automl.RegisterRestApi: void <init>()>;java.util.ServiceLoader$ProviderImpl.newInstance;789;isAccessible=false;
Constructor.newInstance;<water.automl.api.schemas3.AutoMLBuildSpecV99$AutoMLBuildControlV99: void <init>()>;java.util.ServiceLoader$ProviderImpl.newInstance;789;isAccessible=false;
Constructor.newInstance;<water.automl.api.schemas3.AutoMLBuildSpecV99$AutoMLBuildModelsV99: void <init>()>;java.util.ServiceLoader$ProviderImpl.newInstance;789;isAccessible=false;
Constructor.newInstance;<water.automl.api.schemas3.AutoMLBuildSpecV99$AutoMLCustomParameterV99: void <init>()>;java.util.ServiceLoader$ProviderImpl.newInstance;789;isAccessible=false;
Constructor.newInstance;<water.automl.api.schemas3.AutoMLBuildSpecV99$AutoMLInputV99: void <init>()>;java.util.ServiceLoader$ProviderImpl.newInstance;789;isAccessible=false;
Constructor.newInstance;<water.automl.api.schemas3.AutoMLBuildSpecV99$AutoMLMetricProvider$$Lambda$213: void <init>()>;java.lang.invoke.InnerClassLambdaMetafactory.buildCallSite;261;isAccessible=true;
Constructor.newInstance;<water.automl.api.schemas3.AutoMLBuildSpecV99$AutoMLStoppingCriteriaV99: void <init>()>;java.util.ServiceLoader$ProviderImpl.newInstance;789;isAccessible=false;
Constructor.newInstance;<water.automl.api.schemas3.AutoMLBuildSpecV99: void <init>()>;java.util.ServiceLoader$ProviderImpl.newInstance;789;isAccessible=false;
Constructor.newInstance;<water.automl.api.schemas3.AutoMLV99$AutoMLKeyV3: void <init>()>;java.util.ServiceLoader$ProviderImpl.newInstance;789;isAccessible=false;
Constructor.newInstance;<water.automl.api.schemas3.AutoMLV99: void <init>()>;java.util.ServiceLoader$ProviderImpl.newInstance;789;isAccessible=false;
Constructor.newInstance;<water.automl.api.schemas3.EventLogEntryV99: void <init>()>;java.util.ServiceLoader$ProviderImpl.newInstance;789;isAccessible=false;
Constructor.newInstance;<water.automl.api.schemas3.EventLogV99: void <init>()>;java.util.ServiceLoader$ProviderImpl.newInstance;789;isAccessible=false;
Constructor.newInstance;<water.automl.api.schemas3.LeaderboardV99: void <init>()>;java.util.ServiceLoader$ProviderImpl.newInstance;789;isAccessible=false;
Constructor.newInstance;<water.automl.api.schemas3.LeaderboardsV99: void <init>()>;java.util.ServiceLoader$ProviderImpl.newInstance;789;isAccessible=false;
Constructor.newInstance;<water.automl.api.schemas3.PreprocessingStepDefinitionV99: void <init>()>;java.util.ServiceLoader$ProviderImpl.newInstance;789;isAccessible=false;
Constructor.newInstance;<water.automl.api.schemas3.SchemaExtensions$ModelsKeyV3: void <init>()>;java.util.ServiceLoader$ProviderImpl.newInstance;789;isAccessible=false;
Constructor.newInstance;<water.automl.api.schemas3.StepDefinitionV99$StepV99: void <init>()>;java.util.ServiceLoader$ProviderImpl.newInstance;789;isAccessible=false;
Constructor.newInstance;<water.automl.api.schemas3.StepDefinitionV99: void <init>()>;java.util.ServiceLoader$ProviderImpl.newInstance;789;isAccessible=false;
Constructor.newInstance;<water.fvec.C0LChunk$Icer: void <init>(water.fvec.C0LChunk)>;water.Weaver.genDelegate;60;isAccessible=false;
Constructor.newInstance;<water.fvec.C1NChunk$Icer: void <init>(water.fvec.C1NChunk)>;water.Weaver.genDelegate;60;isAccessible=false;
Constructor.newInstance;<water.fvec.C1SChunk$Icer: void <init>(water.fvec.C1SChunk)>;water.Weaver.genDelegate;60;isAccessible=false;
Constructor.newInstance;<water.fvec.C2Chunk$Icer: void <init>(water.fvec.C2Chunk)>;water.Weaver.genDelegate;60;isAccessible=false;
Constructor.newInstance;<water.fvec.C2SChunk$Icer: void <init>(water.fvec.C2SChunk)>;water.Weaver.genDelegate;60;isAccessible=false;
Constructor.newInstance;<water.fvec.C4Chunk$Icer: void <init>(water.fvec.C4Chunk)>;water.Weaver.genDelegate;60;isAccessible=false;
Constructor.newInstance;<water.fvec.C4SChunk$Icer: void <init>(water.fvec.C4SChunk)>;water.Weaver.genDelegate;60;isAccessible=false;
Constructor.newInstance;<water.fvec.C4VolatileChunk$Icer: void <init>(water.fvec.C4VolatileChunk)>;water.Weaver.genDelegate;60;isAccessible=false;
Constructor.newInstance;<water.fvec.C8Chunk$Icer: void <init>(water.fvec.C8Chunk)>;water.Weaver.genDelegate;60;isAccessible=false;
Constructor.newInstance;<water.fvec.C8DChunk$Icer: void <init>(water.fvec.C8DChunk)>;water.Weaver.genDelegate;60;isAccessible=false;
Constructor.newInstance;<water.fvec.C8DVolatileChunk$Icer: void <init>(water.fvec.C8DVolatileChunk)>;water.Weaver.genDelegate;60;isAccessible=false;
Constructor.newInstance;<water.fvec.CBSChunk$Icer: void <init>(water.fvec.CBSChunk)>;water.Weaver.genDelegate;60;isAccessible=false;
Constructor.newInstance;<water.fvec.CXIChunk$Icer: void <init>(water.fvec.CXIChunk)>;water.Weaver.genDelegate;60;isAccessible=false;
Constructor.newInstance;<water.fvec.Frame$Icer: void <init>(water.fvec.Frame)>;water.Weaver.genDelegate;60;isAccessible=false;
Constructor.newInstance;<water.fvec.NFSFileVec$Icer: void <init>(water.fvec.NFSFileVec)>;water.Weaver.genDelegate;60;isAccessible=false;
Constructor.newInstance;<water.fvec.RollupStats$ComputeRollupsTask$Icer: void <init>(water.fvec.RollupStats$ComputeRollupsTask)>;water.Weaver.genDelegate;60;isAccessible=false;
Constructor.newInstance;<water.fvec.RollupStats$Icer: void <init>(water.fvec.RollupStats)>;water.Weaver.genDelegate;60;isAccessible=false;
Constructor.newInstance;<water.fvec.RollupStats$Roll$Icer: void <init>(water.fvec.RollupStats$Roll)>;water.Weaver.genDelegate;60;isAccessible=false;
Constructor.newInstance;<water.fvec.Vec$14$Icer: void <init>(water.fvec.Vec$14)>;water.Weaver.genDelegate;60;isAccessible=false;
Constructor.newInstance;<water.fvec.Vec$15$Icer: void <init>(water.fvec.Vec$15)>;water.Weaver.genDelegate;60;isAccessible=false;
Constructor.newInstance;<water.fvec.Vec$3$Icer: void <init>(water.fvec.Vec$3)>;water.Weaver.genDelegate;60;isAccessible=false;
Constructor.newInstance;<water.fvec.Vec$6$Icer: void <init>(water.fvec.Vec$6)>;water.Weaver.genDelegate;60;isAccessible=false;
Constructor.newInstance;<water.fvec.Vec$7$Icer: void <init>(water.fvec.Vec$7)>;water.Weaver.genDelegate;60;isAccessible=false;
Constructor.newInstance;<water.fvec.Vec$8$Icer: void <init>(water.fvec.Vec$8)>;water.Weaver.genDelegate;60;isAccessible=false;
Constructor.newInstance;<water.fvec.Vec$ESPC$Icer: void <init>(water.fvec.Vec$ESPC)>;water.Weaver.genDelegate;60;isAccessible=false;
Constructor.newInstance;<water.fvec.Vec$Icer: void <init>(water.fvec.Vec)>;water.Weaver.genDelegate;60;isAccessible=false;
Constructor.newInstance;<water.fvec.Vec$VectorGroup$Icer: void <init>(water.fvec.Vec$VectorGroup)>;water.Weaver.genDelegate;60;isAccessible=false;
Constructor.newInstance;<water.infogram.RegisterRestApi: void <init>()>;java.util.ServiceLoader$ProviderImpl.newInstance;789;isAccessible=false;
Constructor.newInstance;<water.init.BuildVersion: void <init>()>;water.init.AbstractBuildVersion.getBuildVersion;102;isAccessible=false;
Constructor.newInstance;<water.k8s.KubernetesEmbeddedConfigProvider: void <init>()>;java.util.ServiceLoader$ProviderImpl.newInstance;789;isAccessible=false;
Constructor.newInstance;<water.parser.DefaultParserProviders$ArffParserProvider: void <init>()>;java.util.ServiceLoader$ProviderImpl.newInstance;789;isAccessible=false;
Constructor.newInstance;<water.parser.DefaultParserProviders$CsvParserProvider: void <init>()>;java.util.ServiceLoader$ProviderImpl.newInstance;789;isAccessible=false;
Constructor.newInstance;<water.parser.DefaultParserProviders$GuessParserProvider: void <init>()>;java.util.ServiceLoader$ProviderImpl.newInstance;789;isAccessible=false;
Constructor.newInstance;<water.parser.DefaultParserProviders$SVMLightParserProvider: void <init>()>;java.util.ServiceLoader$ProviderImpl.newInstance;789;isAccessible=false;
Constructor.newInstance;<water.parser.DefaultParserProviders$XlsParserProvider: void <init>()>;java.util.ServiceLoader$ProviderImpl.newInstance;789;isAccessible=false;
Constructor.newInstance;<water.parser.ParseDataset$CategoricalUpdateMap$Icer: void <init>(water.parser.ParseDataset$CategoricalUpdateMap)>;water.Weaver.genDelegate;60;isAccessible=false;
Constructor.newInstance;<water.parser.ParseDataset$CreateParse2GlobalCategoricalMaps$Icer: void <init>(water.parser.ParseDataset$CreateParse2GlobalCategoricalMaps)>;water.Weaver.genDelegate;60;isAccessible=false;
Constructor.newInstance;<water.parser.ParseDataset$GatherCategoricalDomainsTask$Icer: void <init>(water.parser.ParseDataset$GatherCategoricalDomainsTask)>;water.Weaver.genDelegate;60;isAccessible=false;
Constructor.newInstance;<water.parser.ParseDataset$MultiFileParseTask$DistributedParse$Icer: void <init>(water.parser.ParseDataset$MultiFileParseTask$DistributedParse)>;water.Weaver.genDelegate;60;isAccessible=false;
Constructor.newInstance;<water.parser.ParseDataset$MultiFileParseTask$Icer: void <init>(water.parser.ParseDataset$MultiFileParseTask)>;water.Weaver.genDelegate;60;isAccessible=false;
Constructor.newInstance;<water.parser.ParseDataset$UpdateCategoricalChunksTask$Icer: void <init>(water.parser.ParseDataset$UpdateCategoricalChunksTask)>;water.Weaver.genDelegate;60;isAccessible=false;
Constructor.newInstance;<water.parser.ParseSetup$GuessSetupTsk$Icer: void <init>(water.parser.ParseSetup$GuessSetupTsk)>;water.Weaver.genDelegate;60;isAccessible=false;
Constructor.newInstance;<water.parser.avro.AvroParserProvider: void <init>()>;java.util.ServiceLoader$ProviderImpl.newInstance;789;isAccessible=false;
Constructor.newInstance;<water.parser.parquet.ParquetParserProvider: void <init>()>;java.util.ServiceLoader$ProviderImpl.newInstance;789;isAccessible=false;
Constructor.newInstance;<water.persist.PersistGcs: void <init>()>;water.persist.PersistManager.<init>;197;isAccessible=false;
Constructor.newInstance;<water.persist.PersistHTTP: void <init>()>;water.persist.PersistManager.<init>;167;isAccessible=false;
Constructor.newInstance;<water.persist.PersistHdfs$$Lambda$191: void <init>()>;java.lang.invoke.InnerClassLambdaMetafactory.buildCallSite;261;isAccessible=true;
Constructor.newInstance;<water.persist.PersistHdfs: void <init>()>;water.persist.PersistManager.<init>;178;isAccessible=false;
Constructor.newInstance;<water.persist.PersistS3: void <init>()>;water.persist.PersistManager.<init>;188;isAccessible=false;
Constructor.newInstance;<water.persist.PersistS3CredentialsV3: void <init>()>;java.util.ServiceLoader$ProviderImpl.newInstance;789;isAccessible=false;
Constructor.newInstance;<water.persist.RegisterRestApi: void <init>()>;java.util.ServiceLoader$ProviderImpl.newInstance;789;isAccessible=false;
Constructor.newInstance;<water.server.LeaderNodeRequestFilter: void <init>()>;java.util.ServiceLoader$ProviderImpl.newInstance;789;isAccessible=false;
Constructor.newInstance;<water.server.ServletService$$Lambda$140: void <init>()>;java.lang.invoke.InnerClassLambdaMetafactory.buildCallSite;261;isAccessible=true;
Constructor.newInstance;<water.server.ServletService$$Lambda$142: void <init>()>;java.lang.invoke.InnerClassLambdaMetafactory.buildCallSite;261;isAccessible=true;
Constructor.newInstance;<water.server.ServletService$$Lambda$143: void <init>()>;java.lang.invoke.InnerClassLambdaMetafactory.buildCallSite;261;isAccessible=true;
Constructor.newInstance;<water.server.ServletService$$Lambda$144: void <init>()>;java.lang.invoke.InnerClassLambdaMetafactory.buildCallSite;261;isAccessible=true;
Constructor.newInstance;<water.server.ServletService$$Lambda$145: void <init>()>;java.lang.invoke.InnerClassLambdaMetafactory.buildCallSite;261;isAccessible=true;
Constructor.newInstance;<water.server.ServletService$$Lambda$146: void <init>()>;java.lang.invoke.InnerClassLambdaMetafactory.buildCallSite;261;isAccessible=true;
Constructor.newInstance;<water.server.ServletService$$Lambda$147: void <init>()>;java.lang.invoke.InnerClassLambdaMetafactory.buildCallSite;261;isAccessible=true;
Constructor.newInstance;<water.server.ServletService$$Lambda$151: void <init>()>;java.lang.invoke.InnerClassLambdaMetafactory.buildCallSite;261;isAccessible=true;
Constructor.newInstance;<water.server.ServletService$$Lambda$152: void <init>()>;java.lang.invoke.InnerClassLambdaMetafactory.buildCallSite;261;isAccessible=true;
Constructor.newInstance;<water.server.ServletService$$Lambda$153: void <init>()>;java.lang.invoke.InnerClassLambdaMetafactory.buildCallSite;261;isAccessible=true;
Constructor.newInstance;<water.server.ServletService$$Lambda$154: void <init>()>;java.lang.invoke.InnerClassLambdaMetafactory.buildCallSite;261;isAccessible=true;
Constructor.newInstance;<water.server.ServletService$$Lambda$155: void <init>()>;java.lang.invoke.InnerClassLambdaMetafactory.buildCallSite;261;isAccessible=true;
Constructor.newInstance;<water.server.ServletService$$Lambda$156: void <init>()>;java.lang.invoke.InnerClassLambdaMetafactory.buildCallSite;261;isAccessible=true;
Constructor.newInstance;<water.server.ServletService$$Lambda$172: void <init>()>;java.lang.invoke.InnerClassLambdaMetafactory.buildCallSite;261;isAccessible=true;
Constructor.newInstance;<water.server.ServletService$$Lambda$173: void <init>()>;java.lang.invoke.InnerClassLambdaMetafactory.buildCallSite;261;isAccessible=true;
Constructor.newInstance;<water.server.ServletService$$Lambda$174: void <init>()>;java.lang.invoke.InnerClassLambdaMetafactory.buildCallSite;261;isAccessible=true;
Constructor.newInstance;<water.server.ServletService$$Lambda$175: void <init>()>;java.lang.invoke.InnerClassLambdaMetafactory.buildCallSite;261;isAccessible=true;
Constructor.newInstance;<water.server.ServletService$$Lambda$176: void <init>()>;java.lang.invoke.InnerClassLambdaMetafactory.buildCallSite;261;isAccessible=true;
Constructor.newInstance;<water.server.ServletService$$Lambda$177: void <init>()>;java.lang.invoke.InnerClassLambdaMetafactory.buildCallSite;261;isAccessible=true;
Constructor.newInstance;<water.util.ChunkSummary$Icer: void <init>(water.util.ChunkSummary)>;water.Weaver.genDelegate;60;isAccessible=false;
Constructor.newInstance;<water.util.FileIntegrityChecker$Icer: void <init>(water.util.FileIntegrityChecker)>;water.Weaver.genDelegate;60;isAccessible=false;
Constructor.newInstance;<water.util.IcedHashMap$Icer: void <init>(water.util.IcedHashMap)>;water.Weaver.genDelegate;60;isAccessible=false;
Constructor.newInstance;<water.util.Log$$Lambda$187: void <init>()>;java.lang.invoke.InnerClassLambdaMetafactory.buildCallSite;261;isAccessible=true;
Constructor.newInstance;<water.util.ReproducibilityInformationUtils$NodeInfoTask$Icer: void <init>(water.util.ReproducibilityInformationUtils$NodeInfoTask)>;water.Weaver.genDelegate;60;isAccessible=false;
Constructor.newInstance;<water.util.TwoDimTable$Icer: void <init>(water.util.TwoDimTable)>;water.Weaver.genDelegate;60;isAccessible=false;
Constructor.newInstance;<water.util.WaterMeterIo$IoStatsEntry: void <init>()>;java.util.ServiceLoader$ProviderImpl.newInstance;789;isAccessible=false;
Constructor.newInstance;<water.webserver.CoreServletProvider: void <init>()>;java.util.ServiceLoader$ProviderImpl.newInstance;789;isAccessible=false;
Constructor.newInstance;<water.webserver.jetty9.Jetty9Facade: void <init>()>;java.util.ServiceLoader$ProviderImpl.newInstance;789;isAccessible=false;
Field.get*;<hex.Model$Output: water.util.TwoDimTable _cross_validation_metrics_summary>;hex.Model$Output.printTwoDimTables;1255;isAccessible=false;
Field.get*;<hex.Model$Output: water.util.TwoDimTable _model_summary>;hex.Model$Output.printTwoDimTables;1255;isAccessible=false;
Field.get*;<hex.Model$Output: water.util.TwoDimTable _scoring_history>;hex.Model$Output.printTwoDimTables;1255;isAccessible=false;
Field.get*;<hex.Model$Parameters: boolean _auto_rebalance>;hex.Model$Parameters.checksum;642;isAccessible=true;
Field.get*;<hex.Model$Parameters: boolean _balance_classes>;hex.Model$Parameters.checksum;642;isAccessible=true;
Field.get*;<hex.Model$Parameters: boolean _balance_classes>;water.util.PojoUtils.copyProperties;129;isAccessible=true;
Field.get*;<hex.Model$Parameters: boolean _balance_classes>;water.util.PojoUtils.copyProperties;326;isAccessible=true;
Field.get*;<hex.Model$Parameters: boolean _check_constant_response>;hex.Model$Parameters.checksum;642;isAccessible=true;
Field.get*;<hex.Model$Parameters: boolean _check_constant_response>;water.util.PojoUtils.copyProperties;129;isAccessible=true;
Field.get*;<hex.Model$Parameters: boolean _check_constant_response>;water.util.PojoUtils.copyProperties;326;isAccessible=true;
Field.get*;<hex.Model$Parameters: boolean _ignore_const_cols>;hex.Model$Parameters.checksum;642;isAccessible=true;
Field.get*;<hex.Model$Parameters: boolean _ignore_const_cols>;water.util.PojoUtils.copyProperties;129;isAccessible=true;
Field.get*;<hex.Model$Parameters: boolean _ignore_const_cols>;water.util.PojoUtils.copyProperties;326;isAccessible=true;
Field.get*;<hex.Model$Parameters: boolean _is_cv_model>;hex.Model$Parameters.checksum;642;isAccessible=true;
Field.get*;<hex.Model$Parameters: boolean _keep_cross_validation_fold_assignment>;hex.Model$Parameters.checksum;642;isAccessible=true;
Field.get*;<hex.Model$Parameters: boolean _keep_cross_validation_fold_assignment>;water.util.PojoUtils.copyProperties;129;isAccessible=true;
Field.get*;<hex.Model$Parameters: boolean _keep_cross_validation_fold_assignment>;water.util.PojoUtils.copyProperties;326;isAccessible=true;
Field.get*;<hex.Model$Parameters: boolean _keep_cross_validation_models>;hex.Model$Parameters.checksum;642;isAccessible=true;
Field.get*;<hex.Model$Parameters: boolean _keep_cross_validation_models>;water.util.PojoUtils.copyProperties;129;isAccessible=true;
Field.get*;<hex.Model$Parameters: boolean _keep_cross_validation_models>;water.util.PojoUtils.copyProperties;326;isAccessible=true;
Field.get*;<hex.Model$Parameters: boolean _keep_cross_validation_predictions>;hex.Model$Parameters.checksum;642;isAccessible=true;
Field.get*;<hex.Model$Parameters: boolean _keep_cross_validation_predictions>;water.util.PojoUtils.copyProperties;129;isAccessible=true;
Field.get*;<hex.Model$Parameters: boolean _keep_cross_validation_predictions>;water.util.PojoUtils.copyProperties;326;isAccessible=true;
Field.get*;<hex.Model$Parameters: boolean _parallelize_cross_validation>;hex.Model$Parameters.checksum;642;isAccessible=true;
Field.get*;<hex.Model$Parameters: boolean _parallelize_cross_validation>;water.util.PojoUtils.copyProperties;129;isAccessible=true;
Field.get*;<hex.Model$Parameters: boolean _parallelize_cross_validation>;water.util.PojoUtils.copyProperties;326;isAccessible=true;
Field.get*;<hex.Model$Parameters: boolean _score_each_iteration>;hex.Model$Parameters.checksum;642;isAccessible=true;
Field.get*;<hex.Model$Parameters: boolean _score_each_iteration>;water.util.PojoUtils.copyProperties;129;isAccessible=true;
Field.get*;<hex.Model$Parameters: boolean _score_each_iteration>;water.util.PojoUtils.copyProperties;326;isAccessible=true;
Field.get*;<hex.Model$Parameters: double _huber_alpha>;hex.Model$Parameters.checksum;642;isAccessible=true;
Field.get*;<hex.Model$Parameters: double _huber_alpha>;water.util.PojoUtils.copyProperties;129;isAccessible=true;
Field.get*;<hex.Model$Parameters: double _huber_alpha>;water.util.PojoUtils.copyProperties;326;isAccessible=true;
Field.get*;<hex.Model$Parameters: double _main_model_time_budget_factor>;hex.Model$Parameters.checksum;642;isAccessible=true;
Field.get*;<hex.Model$Parameters: double _max_runtime_secs>;hex.Model$Parameters.checksum;642;isAccessible=true;
Field.get*;<hex.Model$Parameters: double _max_runtime_secs>;water.util.PojoUtils.copyProperties;129;isAccessible=true;
Field.get*;<hex.Model$Parameters: double _max_runtime_secs>;water.util.PojoUtils.copyProperties;326;isAccessible=true;
Field.get*;<hex.Model$Parameters: double _quantile_alpha>;hex.Model$Parameters.checksum;642;isAccessible=true;
Field.get*;<hex.Model$Parameters: double _quantile_alpha>;water.util.PojoUtils.copyProperties;129;isAccessible=true;
Field.get*;<hex.Model$Parameters: double _quantile_alpha>;water.util.PojoUtils.copyProperties;326;isAccessible=true;
Field.get*;<hex.Model$Parameters: double _stopping_tolerance>;hex.Model$Parameters.checksum;642;isAccessible=true;
Field.get*;<hex.Model$Parameters: double _stopping_tolerance>;water.util.PojoUtils.copyProperties;129;isAccessible=true;
Field.get*;<hex.Model$Parameters: double _stopping_tolerance>;water.util.PojoUtils.copyProperties;326;isAccessible=true;
Field.get*;<hex.Model$Parameters: double _tweedie_power>;hex.Model$Parameters.checksum;642;isAccessible=true;
Field.get*;<hex.Model$Parameters: double _tweedie_power>;water.util.PojoUtils.copyProperties;129;isAccessible=true;
Field.get*;<hex.Model$Parameters: double _tweedie_power>;water.util.PojoUtils.copyProperties;326;isAccessible=true;
Field.get*;<hex.Model$Parameters: float _max_after_balance_size>;hex.Model$Parameters.checksum;642;isAccessible=true;
Field.get*;<hex.Model$Parameters: float _max_after_balance_size>;water.util.PojoUtils.copyProperties;129;isAccessible=true;
Field.get*;<hex.Model$Parameters: float _max_after_balance_size>;water.util.PojoUtils.copyProperties;326;isAccessible=true;
Field.get*;<hex.Model$Parameters: float[] _class_sampling_factors>;hex.Model$Parameters.checksum;611;isAccessible=true;
Field.get*;<hex.Model$Parameters: float[] _class_sampling_factors>;water.util.PojoUtils.copyProperties;129;isAccessible=true;
Field.get*;<hex.Model$Parameters: hex.AUUC$AUUCType _auuc_type>;hex.Model$Parameters.checksum;642;isAccessible=true;
Field.get*;<hex.Model$Parameters: hex.Model$Parameters$CategoricalEncodingScheme _categorical_encoding>;hex.Model$Parameters.checksum;642;isAccessible=true;
Field.get*;<hex.Model$Parameters: hex.Model$Parameters$CategoricalEncodingScheme _categorical_encoding>;water.util.PojoUtils.copyProperties;129;isAccessible=true;
Field.get*;<hex.Model$Parameters: hex.Model$Parameters$CategoricalEncodingScheme _categorical_encoding>;water.util.PojoUtils.copyProperties;326;isAccessible=true;
Field.get*;<hex.Model$Parameters: hex.Model$Parameters$FoldAssignmentScheme _fold_assignment>;hex.Model$Parameters.checksum;642;isAccessible=true;
Field.get*;<hex.Model$Parameters: hex.Model$Parameters$FoldAssignmentScheme _fold_assignment>;water.util.PojoUtils.copyProperties;129;isAccessible=true;
Field.get*;<hex.Model$Parameters: hex.Model$Parameters$FoldAssignmentScheme _fold_assignment>;water.util.PojoUtils.copyProperties;326;isAccessible=true;
Field.get*;<hex.Model$Parameters: hex.MultinomialAucType _auc_type>;hex.Model$Parameters.checksum;642;isAccessible=true;
Field.get*;<hex.Model$Parameters: hex.MultinomialAucType _auc_type>;water.util.PojoUtils.copyProperties;129;isAccessible=true;
Field.get*;<hex.Model$Parameters: hex.MultinomialAucType _auc_type>;water.util.PojoUtils.copyProperties;326;isAccessible=true;
Field.get*;<hex.Model$Parameters: hex.ScoreKeeper$StoppingMetric _stopping_metric>;hex.Model$Parameters.checksum;642;isAccessible=true;
Field.get*;<hex.Model$Parameters: hex.ScoreKeeper$StoppingMetric _stopping_metric>;water.util.PojoUtils.copyProperties;129;isAccessible=true;
Field.get*;<hex.Model$Parameters: hex.ScoreKeeper$StoppingMetric _stopping_metric>;water.util.PojoUtils.copyProperties;326;isAccessible=true;
Field.get*;<hex.Model$Parameters: hex.genmodel.utils.DistributionFamily _distribution>;hex.Model$Parameters.checksum;642;isAccessible=true;
Field.get*;<hex.Model$Parameters: hex.genmodel.utils.DistributionFamily _distribution>;water.util.PojoUtils.copyProperties;129;isAccessible=true;
Field.get*;<hex.Model$Parameters: hex.genmodel.utils.DistributionFamily _distribution>;water.util.PojoUtils.copyProperties;326;isAccessible=true;
Field.get*;<hex.Model$Parameters: int _auuc_nbins>;hex.Model$Parameters.checksum;642;isAccessible=true;
Field.get*;<hex.Model$Parameters: int _cv_fold>;hex.Model$Parameters.checksum;642;isAccessible=true;
Field.get*;<hex.Model$Parameters: int _gainslift_bins>;hex.Model$Parameters.checksum;642;isAccessible=true;
Field.get*;<hex.Model$Parameters: int _gainslift_bins>;water.util.PojoUtils.copyProperties;129;isAccessible=true;
Field.get*;<hex.Model$Parameters: int _gainslift_bins>;water.util.PojoUtils.copyProperties;326;isAccessible=true;
Field.get*;<hex.Model$Parameters: int _keep_cross_validation_predictions_precision>;hex.Model$Parameters.checksum;642;isAccessible=true;
Field.get*;<hex.Model$Parameters: int _max_categorical_levels>;hex.Model$Parameters.checksum;642;isAccessible=true;
Field.get*;<hex.Model$Parameters: int _max_categorical_levels>;water.util.PojoUtils.copyProperties;129;isAccessible=true;
Field.get*;<hex.Model$Parameters: int _max_categorical_levels>;water.util.PojoUtils.copyProperties;326;isAccessible=true;
Field.get*;<hex.Model$Parameters: int _max_confusion_matrix_size>;hex.Model$Parameters.checksum;642;isAccessible=true;
Field.get*;<hex.Model$Parameters: int _max_confusion_matrix_size>;water.util.PojoUtils.copyProperties;129;isAccessible=true;
Field.get*;<hex.Model$Parameters: int _max_confusion_matrix_size>;water.util.PojoUtils.copyProperties;326;isAccessible=true;
Field.get*;<hex.Model$Parameters: int _nfolds>;hex.Model$Parameters.checksum;642;isAccessible=true;
Field.get*;<hex.Model$Parameters: int _nfolds>;water.util.PojoUtils.copyProperties;129;isAccessible=true;
Field.get*;<hex.Model$Parameters: int _nfolds>;water.util.PojoUtils.copyProperties;326;isAccessible=true;
Field.get*;<hex.Model$Parameters: int _stopping_rounds>;hex.Model$Parameters.checksum;642;isAccessible=true;
Field.get*;<hex.Model$Parameters: int _stopping_rounds>;water.util.PojoUtils.copyProperties;129;isAccessible=true;
Field.get*;<hex.Model$Parameters: int _stopping_rounds>;water.util.PojoUtils.copyProperties;326;isAccessible=true;
Field.get*;<hex.Model$Parameters: java.lang.String _custom_distribution_func>;hex.Model$Parameters.checksum;642;isAccessible=true;
Field.get*;<hex.Model$Parameters: java.lang.String _custom_distribution_func>;water.util.PojoUtils.copyProperties;129;isAccessible=true;
Field.get*;<hex.Model$Parameters: java.lang.String _custom_metric_func>;hex.Model$Parameters.checksum;642;isAccessible=true;
Field.get*;<hex.Model$Parameters: java.lang.String _custom_metric_func>;water.util.PojoUtils.copyProperties;129;isAccessible=true;
Field.get*;<hex.Model$Parameters: java.lang.String _custom_metric_func>;water.util.PojoUtils.copyProperties;326;isAccessible=true;
Field.get*;<hex.Model$Parameters: java.lang.String _export_checkpoints_dir>;hex.Model$Parameters.checksum;642;isAccessible=true;
Field.get*;<hex.Model$Parameters: java.lang.String _export_checkpoints_dir>;water.util.PojoUtils.copyProperties;129;isAccessible=true;
Field.get*;<hex.Model$Parameters: java.lang.String _export_checkpoints_dir>;water.util.PojoUtils.copyProperties;326;isAccessible=true;
Field.get*;<hex.Model$Parameters: java.lang.String _fold_column>;hex.Model$Parameters.checksum;642;isAccessible=true;
Field.get*;<hex.Model$Parameters: java.lang.String _fold_column>;water.util.PojoUtils.copyProperties;129;isAccessible=true;
Field.get*;<hex.Model$Parameters: java.lang.String _offset_column>;hex.Model$Parameters.checksum;642;isAccessible=true;
Field.get*;<hex.Model$Parameters: java.lang.String _offset_column>;water.util.PojoUtils.copyProperties;129;isAccessible=true;
Field.get*;<hex.Model$Parameters: java.lang.String _response_column>;hex.Model$Parameters.checksum;642;isAccessible=true;
Field.get*;<hex.Model$Parameters: java.lang.String _response_column>;water.util.PojoUtils.copyProperties;129;isAccessible=true;
Field.get*;<hex.Model$Parameters: java.lang.String _response_column>;water.util.PojoUtils.copyProperties;267;isAccessible=true;
Field.get*;<hex.Model$Parameters: java.lang.String _treatment_column>;hex.Model$Parameters.checksum;642;isAccessible=true;
Field.get*;<hex.Model$Parameters: java.lang.String _weights_column>;hex.Model$Parameters.checksum;642;isAccessible=true;
Field.get*;<hex.Model$Parameters: java.lang.String _weights_column>;water.util.PojoUtils.copyProperties;129;isAccessible=true;
Field.get*;<hex.Model$Parameters: java.lang.String[] _ignored_columns>;hex.Model$Parameters.checksum;611;isAccessible=true;
Field.get*;<hex.Model$Parameters: java.lang.String[] _ignored_columns>;water.util.PojoUtils.copyProperties;129;isAccessible=true;
Field.get*;<hex.Model$Parameters: long _seed>;hex.Model$Parameters.checksum;642;isAccessible=true;
Field.get*;<hex.Model$Parameters: long _seed>;water.util.PojoUtils.copyProperties;129;isAccessible=true;
Field.get*;<hex.Model$Parameters: long _seed>;water.util.PojoUtils.copyProperties;326;isAccessible=true;
Field.get*;<hex.Model$Parameters: water.Key _checkpoint>;hex.Model$Parameters.checksum;642;isAccessible=true;
Field.get*;<hex.Model$Parameters: water.Key _checkpoint>;water.util.PojoUtils.copyProperties;129;isAccessible=true;
Field.get*;<hex.Model$Parameters: water.Key _pretrained_autoencoder>;hex.Model$Parameters.checksum;642;isAccessible=true;
Field.get*;<hex.Model$Parameters: water.Key _train>;hex.Model$Parameters.checksum;642;isAccessible=true;
Field.get*;<hex.Model$Parameters: water.Key _valid>;hex.Model$Parameters.checksum;642;isAccessible=true;
Field.get*;<hex.Model$Parameters: water.Key[] _preprocessors>;hex.Model$Parameters.checksum;611;isAccessible=true;
Field.get*;<hex.ModelBuilder$ValidationMessage: java.lang.String _field_name>;water.util.PojoUtils.copyProperties;129;isAccessible=true;
Field.get*;<hex.ModelBuilder$ValidationMessage: java.lang.String _field_name>;water.util.PojoUtils.copyProperties;326;isAccessible=true;
Field.get*;<hex.ModelBuilder$ValidationMessage: java.lang.String _message>;water.util.PojoUtils.copyProperties;129;isAccessible=true;
Field.get*;<hex.ModelBuilder$ValidationMessage: java.lang.String _message>;water.util.PojoUtils.copyProperties;326;isAccessible=true;
Field.get*;<hex.schemas.ANOVAGLMModelV3$ANOVAGLMModelOutputV3: water.api.schemas3.KeyV3$FrameKeyV3 result_frame_key>;water.api.SchemaMetadata$FieldMetadata.<init>;143;isAccessible=true;
Field.get*;<hex.schemas.ANOVAGLMModelV3$ANOVAGLMModelOutputV3: water.api.schemas3.KeyV3$FrameKeyV3 transformed_columns_key>;water.api.SchemaMetadata$FieldMetadata.<init>;143;isAccessible=true;
Field.get*;<hex.schemas.ANOVAGLMModelV3$ANOVAGLMModelOutputV3: water.api.schemas3.TwoDimTableV3[] coefficients_table>;water.api.SchemaMetadata$FieldMetadata.<init>;143;isAccessible=true;
Field.get*;<hex.schemas.ANOVAGLMV3$ANOVAGLMParametersV3: boolean balance_classes>;water.api.SchemaMetadata$FieldMetadata.<init>;143;isAccessible=true;
Field.get*;<hex.schemas.ANOVAGLMV3$ANOVAGLMParametersV3: boolean compute_p_values>;water.api.SchemaMetadata$FieldMetadata.<init>;143;isAccessible=true;
Field.get*;<hex.schemas.ANOVAGLMV3$ANOVAGLMParametersV3: boolean early_stopping>;water.api.SchemaMetadata$FieldMetadata.<init>;143;isAccessible=true;
Field.get*;<hex.schemas.ANOVAGLMV3$ANOVAGLMParametersV3: boolean lambda_search>;water.api.SchemaMetadata$FieldMetadata.<init>;143;isAccessible=true;
Field.get*;<hex.schemas.ANOVAGLMV3$ANOVAGLMParametersV3: boolean non_negative>;water.api.SchemaMetadata$FieldMetadata.<init>;143;isAccessible=true;
Field.get*;<hex.schemas.ANOVAGLMV3$ANOVAGLMParametersV3: boolean save_transformed_framekeys>;water.api.SchemaMetadata$FieldMetadata.<init>;143;isAccessible=true;
Field.get*;<hex.schemas.ANOVAGLMV3$ANOVAGLMParametersV3: boolean standardize>;water.api.SchemaMetadata$FieldMetadata.<init>;143;isAccessible=true;
Field.get*;<hex.schemas.ANOVAGLMV3$ANOVAGLMParametersV3: double prior>;water.api.SchemaMetadata$FieldMetadata.<init>;143;isAccessible=true;
Field.get*;<hex.schemas.ANOVAGLMV3$ANOVAGLMParametersV3: double theta>;water.api.SchemaMetadata$FieldMetadata.<init>;143;isAccessible=true;
Field.get*;<hex.schemas.ANOVAGLMV3$ANOVAGLMParametersV3: double tweedie_link_power>;water.api.SchemaMetadata$FieldMetadata.<init>;143;isAccessible=true;
Field.get*;<hex.schemas.ANOVAGLMV3$ANOVAGLMParametersV3: double tweedie_variance_power>;water.api.SchemaMetadata$FieldMetadata.<init>;143;isAccessible=true;
Field.get*;<hex.schemas.ANOVAGLMV3$ANOVAGLMParametersV3: double[] alpha>;water.api.SchemaMetadata$FieldMetadata.<init>;143;isAccessible=true;
Field.get*;<hex.schemas.ANOVAGLMV3$ANOVAGLMParametersV3: double[] lambda>;water.api.SchemaMetadata$FieldMetadata.<init>;143;isAccessible=true;
Field.get*;<hex.schemas.ANOVAGLMV3$ANOVAGLMParametersV3: float max_after_balance_size>;water.api.SchemaMetadata$FieldMetadata.<init>;143;isAccessible=true;
Field.get*;<hex.schemas.ANOVAGLMV3$ANOVAGLMParametersV3: float[] class_sampling_factors>;water.api.SchemaMetadata$FieldMetadata.<init>;143;isAccessible=true;
Field.get*;<hex.schemas.ANOVAGLMV3$ANOVAGLMParametersV3: hex.glm.GLMModel$GLMParameters$Family family>;water.api.SchemaMetadata$FieldMetadata.<init>;143;isAccessible=true;
Field.get*;<hex.schemas.ANOVAGLMV3$ANOVAGLMParametersV3: hex.glm.GLMModel$GLMParameters$Link link>;water.api.SchemaMetadata$FieldMetadata.<init>;143;isAccessible=true;
Field.get*;<hex.schemas.ANOVAGLMV3$ANOVAGLMParametersV3: hex.glm.GLMModel$GLMParameters$MissingValuesHandling missing_values_handling>;water.api.SchemaMetadata$FieldMetadata.<init>;143;isAccessible=true;
Field.get*;<hex.schemas.ANOVAGLMV3$ANOVAGLMParametersV3: hex.glm.GLMModel$GLMParameters$Solver solver>;water.api.SchemaMetadata$FieldMetadata.<init>;143;isAccessible=true;
Field.get*;<hex.schemas.ANOVAGLMV3$ANOVAGLMParametersV3: int highest_interaction_term>;water.api.SchemaMetadata$FieldMetadata.<init>;143;isAccessible=true;
Field.get*;<hex.schemas.ANOVAGLMV3$ANOVAGLMParametersV3: int max_iterations>;water.api.SchemaMetadata$FieldMetadata.<init>;143;isAccessible=true;
Field.get*;<hex.schemas.ANOVAGLMV3$ANOVAGLMParametersV3: int nparallelism>;water.api.SchemaMetadata$FieldMetadata.<init>;143;isAccessible=true;
Field.get*;<hex.schemas.ANOVAGLMV3$ANOVAGLMParametersV3: int type>;water.api.SchemaMetadata$FieldMetadata.<init>;143;isAccessible=true;
Field.get*;<hex.schemas.ANOVAGLMV3$ANOVAGLMParametersV3: long seed>;water.api.SchemaMetadata$FieldMetadata.<init>;143;isAccessible=true;
Field.get*;<hex.schemas.ANOVAGLMV3$ANOVAGLMParametersV3: water.api.schemas3.KeyV3$FrameKeyV3 plug_values>;water.api.SchemaMetadata$FieldMetadata.<init>;143;isAccessible=true;
Field.get*;<hex.schemas.AggregatorModelV99$AggregatorModelOutputV99: water.api.schemas3.KeyV3$FrameKeyV3 mapping_frame>;water.api.SchemaMetadata$FieldMetadata.<init>;143;isAccessible=true;
Field.get*;<hex.schemas.AggregatorModelV99$AggregatorModelOutputV99: water.api.schemas3.KeyV3$FrameKeyV3 output_frame>;water.api.SchemaMetadata$FieldMetadata.<init>;143;isAccessible=true;
Field.get*;<hex.schemas.AggregatorV99$AggregatorParametersV99: boolean save_mapping_frame>;water.api.SchemaMetadata$FieldMetadata.<init>;143;isAccessible=true;
Field.get*;<hex.schemas.AggregatorV99$AggregatorParametersV99: boolean use_all_factor_levels>;water.api.SchemaMetadata$FieldMetadata.<init>;143;isAccessible=true;
Field.get*;<hex.schemas.AggregatorV99$AggregatorParametersV99: double rel_tol_num_exemplars>;water.api.SchemaMetadata$FieldMetadata.<init>;143;isAccessible=true;
Field.get*;<hex.schemas.AggregatorV99$AggregatorParametersV99: hex.DataInfo$TransformType transform>;water.api.SchemaMetadata$FieldMetadata.<init>;143;isAccessible=true;
Field.get*;<hex.schemas.AggregatorV99$AggregatorParametersV99: hex.pca.PCAModel$PCAParameters$Method pca_method>;water.api.SchemaMetadata$FieldMetadata.<init>;143;isAccessible=true;
Field.get*;<hex.schemas.AggregatorV99$AggregatorParametersV99: int k>;water.api.SchemaMetadata$FieldMetadata.<init>;143;isAccessible=true;
Field.get*;<hex.schemas.AggregatorV99$AggregatorParametersV99: int max_iterations>;water.api.SchemaMetadata$FieldMetadata.<init>;143;isAccessible=true;
Field.get*;<hex.schemas.AggregatorV99$AggregatorParametersV99: int num_iteration_without_new_exemplar>;water.api.SchemaMetadata$FieldMetadata.<init>;143;isAccessible=true;
Field.get*;<hex.schemas.AggregatorV99$AggregatorParametersV99: int target_num_exemplars>;water.api.SchemaMetadata$FieldMetadata.<init>;143;isAccessible=true;
Field.get*;<hex.schemas.AggregatorV99$AggregatorParametersV99: long seed>;water.api.SchemaMetadata$FieldMetadata.<init>;143;isAccessible=true;
Field.get*;<hex.schemas.CoxPHModelV3$CoxPHModelOutputV3: double concordance>;water.api.SchemaMetadata$FieldMetadata.<init>;143;isAccessible=true;
Field.get*;<hex.schemas.CoxPHModelV3$CoxPHModelOutputV3: double loglik>;water.api.SchemaMetadata$FieldMetadata.<init>;143;isAccessible=true;
Field.get*;<hex.schemas.CoxPHModelV3$CoxPHModelOutputV3: double loglik_test>;water.api.SchemaMetadata$FieldMetadata.<init>;143;isAccessible=true;
Field.get*;<hex.schemas.CoxPHModelV3$CoxPHModelOutputV3: double lre>;water.api.SchemaMetadata$FieldMetadata.<init>;143;isAccessible=true;
Field.get*;<hex.schemas.CoxPHModelV3$CoxPHModelOutputV3: double maxrsq>;water.api.SchemaMetadata$FieldMetadata.<init>;143;isAccessible=true;
Field.get*;<hex.schemas.CoxPHModelV3$CoxPHModelOutputV3: double null_loglik>;water.api.SchemaMetadata$FieldMetadata.<init>;143;isAccessible=true;
Field.get*;<hex.schemas.CoxPHModelV3$CoxPHModelOutputV3: double rsq>;water.api.SchemaMetadata$FieldMetadata.<init>;143;isAccessible=true;
Field.get*;<hex.schemas.CoxPHModelV3$CoxPHModelOutputV3: double score_test>;water.api.SchemaMetadata$FieldMetadata.<init>;143;isAccessible=true;
Field.get*;<hex.schemas.CoxPHModelV3$CoxPHModelOutputV3: double wald_test>;water.api.SchemaMetadata$FieldMetadata.<init>;143;isAccessible=true;
Field.get*;<hex.schemas.CoxPHModelV3$CoxPHModelOutputV3: double[] cumhaz_0>;water.api.SchemaMetadata$FieldMetadata.<init>;143;isAccessible=true;
Field.get*;<hex.schemas.CoxPHModelV3$CoxPHModelOutputV3: double[] mean_offset>;water.api.SchemaMetadata$FieldMetadata.<init>;143;isAccessible=true;
Field.get*;<hex.schemas.CoxPHModelV3$CoxPHModelOutputV3: double[] n_censor>;water.api.SchemaMetadata$FieldMetadata.<init>;143;isAccessible=true;
Field.get*;<hex.schemas.CoxPHModelV3$CoxPHModelOutputV3: double[] n_event>;water.api.SchemaMetadata$FieldMetadata.<init>;143;isAccessible=true;
Field.get*;<hex.schemas.CoxPHModelV3$CoxPHModelOutputV3: double[] n_risk>;water.api.SchemaMetadata$FieldMetadata.<init>;143;isAccessible=true;
Field.get*;<hex.schemas.CoxPHModelV3$CoxPHModelOutputV3: double[] time>;water.api.SchemaMetadata$FieldMetadata.<init>;143;isAccessible=true;
Field.get*;<hex.schemas.CoxPHModelV3$CoxPHModelOutputV3: double[] var_cumhaz_1>;water.api.SchemaMetadata$FieldMetadata.<init>;143;isAccessible=true;
Field.get*;<hex.schemas.CoxPHModelV3$CoxPHModelOutputV3: double[][] var_coef>;water.api.SchemaMetadata$FieldMetadata.<init>;143;isAccessible=true;
Field.get*;<hex.schemas.CoxPHModelV3$CoxPHModelOutputV3: double[][] x_mean_cat>;water.api.SchemaMetadata$FieldMetadata.<init>;143;isAccessible=true;
Field.get*;<hex.schemas.CoxPHModelV3$CoxPHModelOutputV3: double[][] x_mean_num>;water.api.SchemaMetadata$FieldMetadata.<init>;143;isAccessible=true;
Field.get*;<hex.schemas.CoxPHModelV3$CoxPHModelOutputV3: hex.coxph.CoxPHModel$CoxPHParameters$CoxPHTies ties>;water.api.SchemaMetadata$FieldMetadata.<init>;143;isAccessible=true;
Field.get*;<hex.schemas.CoxPHModelV3$CoxPHModelOutputV3: int iter>;water.api.SchemaMetadata$FieldMetadata.<init>;143;isAccessible=true;
Field.get*;<hex.schemas.CoxPHModelV3$CoxPHModelOutputV3: java.lang.String formula>;water.api.SchemaMetadata$FieldMetadata.<init>;143;isAccessible=true;
Field.get*;<hex.schemas.CoxPHModelV3$CoxPHModelOutputV3: java.lang.String[] offset_names>;water.api.SchemaMetadata$FieldMetadata.<init>;143;isAccessible=true;
Field.get*;<hex.schemas.CoxPHModelV3$CoxPHModelOutputV3: long n>;water.api.SchemaMetadata$FieldMetadata.<init>;143;isAccessible=true;
Field.get*;<hex.schemas.CoxPHModelV3$CoxPHModelOutputV3: long n_missing>;water.api.SchemaMetadata$FieldMetadata.<init>;143;isAccessible=true;
Field.get*;<hex.schemas.CoxPHModelV3$CoxPHModelOutputV3: long total_event>;water.api.SchemaMetadata$FieldMetadata.<init>;143;isAccessible=true;
Field.get*;<hex.schemas.CoxPHModelV3$CoxPHModelOutputV3: water.api.schemas3.KeyV3$FrameKeyV3 baseline_hazard>;water.api.SchemaMetadata$FieldMetadata.<init>;143;isAccessible=true;
Field.get*;<hex.schemas.CoxPHModelV3$CoxPHModelOutputV3: water.api.schemas3.KeyV3$FrameKeyV3 baseline_survival>;water.api.SchemaMetadata$FieldMetadata.<init>;143;isAccessible=true;
Field.get*;<hex.schemas.CoxPHModelV3$CoxPHModelOutputV3: water.api.schemas3.KeyV3$FrameKeyV3 var_cumhaz_2>;water.api.SchemaMetadata$FieldMetadata.<init>;143;isAccessible=true;
Field.get*;<hex.schemas.CoxPHModelV3$CoxPHModelOutputV3: water.api.schemas3.TwoDimTableV3 coefficients_table>;water.api.SchemaMetadata$FieldMetadata.<init>;143;isAccessible=true;
Field.get*;<hex.schemas.CoxPHV3$CoxPHParametersV3: boolean single_node_mode>;water.api.SchemaMetadata$FieldMetadata.<init>;143;isAccessible=true;
Field.get*;<hex.schemas.CoxPHV3$CoxPHParametersV3: boolean use_all_factor_levels>;water.api.SchemaMetadata$FieldMetadata.<init>;143;isAccessible=true;
Field.get*;<hex.schemas.CoxPHV3$CoxPHParametersV3: double init>;water.api.SchemaMetadata$FieldMetadata.<init>;143;isAccessible=true;
Field.get*;<hex.schemas.CoxPHV3$CoxPHParametersV3: double lre_min>;water.api.SchemaMetadata$FieldMetadata.<init>;143;isAccessible=true;
Field.get*;<hex.schemas.CoxPHV3$CoxPHParametersV3: hex.coxph.CoxPHModel$CoxPHParameters$CoxPHTies ties>;water.api.SchemaMetadata$FieldMetadata.<init>;143;isAccessible=true;
Field.get*;<hex.schemas.CoxPHV3$CoxPHParametersV3: int max_iterations>;water.api.SchemaMetadata$FieldMetadata.<init>;143;isAccessible=true;
Field.get*;<hex.schemas.CoxPHV3$CoxPHParametersV3: java.lang.String[] interactions>;water.api.SchemaMetadata$FieldMetadata.<init>;143;isAccessible=true;
Field.get*;<hex.schemas.CoxPHV3$CoxPHParametersV3: java.lang.String[] interactions_only>;water.api.SchemaMetadata$FieldMetadata.<init>;143;isAccessible=true;
Field.get*;<hex.schemas.CoxPHV3$CoxPHParametersV3: java.lang.String[] stratify_by>;water.api.SchemaMetadata$FieldMetadata.<init>;143;isAccessible=true;
Field.get*;<hex.schemas.CoxPHV3$CoxPHParametersV3: water.api.schemas3.FrameV3$ColSpecifierV3 start_column>;water.api.SchemaMetadata$FieldMetadata.<init>;143;isAccessible=true;
Field.get*;<hex.schemas.CoxPHV3$CoxPHParametersV3: water.api.schemas3.FrameV3$ColSpecifierV3 stop_column>;water.api.SchemaMetadata$FieldMetadata.<init>;143;isAccessible=true;
Field.get*;<hex.schemas.CoxPHV3$CoxPHParametersV3: water.api.schemas3.StringPairV3[] interaction_pairs>;water.api.SchemaMetadata$FieldMetadata.<init>;143;isAccessible=true;
Field.get*;<hex.schemas.DRFV3$DRFParametersV3: boolean binomial_double_trees>;water.api.SchemaMetadata$FieldMetadata.<init>;143;isAccessible=true;
Field.get*;<hex.schemas.DRFV3$DRFParametersV3: boolean binomial_double_trees>;water.api.schemas3.ModelParameterSchemaV3.<init>;78;isAccessible=true;
Field.get*;<hex.schemas.DRFV3$DRFParametersV3: boolean binomial_double_trees>;water.api.schemas3.ModelParameterSchemaV3.<init>;86;isAccessible=true;
Field.get*;<hex.schemas.DRFV3$DRFParametersV3: boolean binomial_double_trees>;water.util.PojoUtils.copyProperties;129;isAccessible=true;
Field.get*;<hex.schemas.DRFV3$DRFParametersV3: boolean binomial_double_trees>;water.util.PojoUtils.copyProperties;326;isAccessible=true;
Field.get*;<hex.schemas.DRFV3$DRFParametersV3: double sample_rate>;water.api.SchemaMetadata$FieldMetadata.<init>;143;isAccessible=true;
Field.get*;<hex.schemas.DRFV3$DRFParametersV3: double sample_rate>;water.api.schemas3.ModelParameterSchemaV3.<init>;78;isAccessible=true;
Field.get*;<hex.schemas.DRFV3$DRFParametersV3: double sample_rate>;water.api.schemas3.ModelParameterSchemaV3.<init>;86;isAccessible=true;
Field.get*;<hex.schemas.DRFV3$DRFParametersV3: double sample_rate>;water.util.PojoUtils.copyProperties;129;isAccessible=true;
Field.get*;<hex.schemas.DRFV3$DRFParametersV3: double sample_rate>;water.util.PojoUtils.copyProperties;326;isAccessible=true;
Field.get*;<hex.schemas.DRFV3$DRFParametersV3: int mtries>;water.api.SchemaMetadata$FieldMetadata.<init>;143;isAccessible=true;
Field.get*;<hex.schemas.DRFV3$DRFParametersV3: int mtries>;water.api.schemas3.ModelParameterSchemaV3.<init>;78;isAccessible=true;
Field.get*;<hex.schemas.DRFV3$DRFParametersV3: int mtries>;water.api.schemas3.ModelParameterSchemaV3.<init>;86;isAccessible=true;
Field.get*;<hex.schemas.DRFV3$DRFParametersV3: int mtries>;water.util.PojoUtils.copyProperties;129;isAccessible=true;
Field.get*;<hex.schemas.DRFV3$DRFParametersV3: int mtries>;water.util.PojoUtils.copyProperties;326;isAccessible=true;
Field.get*;<hex.schemas.DRFV3$DRFParametersV3: java.lang.String[] fields>;water.api.schemas3.ModelParametersSchemaV3.fields;30;isAccessible=false;
Field.get*;<hex.schemas.DTV3$DTParametersV3: int max_depth>;water.api.SchemaMetadata$FieldMetadata.<init>;143;isAccessible=true;
Field.get*;<hex.schemas.DTV3$DTParametersV3: int min_rows>;water.api.SchemaMetadata$FieldMetadata.<init>;143;isAccessible=true;
Field.get*;<hex.schemas.DTV3$DTParametersV3: long seed>;water.api.SchemaMetadata$FieldMetadata.<init>;143;isAccessible=true;
Field.get*;<hex.schemas.DataInfoFrameV3: boolean interactions_only>;water.api.SchemaMetadata$FieldMetadata.<init>;143;isAccessible=true;
Field.get*;<hex.schemas.DataInfoFrameV3: boolean standardize>;water.api.SchemaMetadata$FieldMetadata.<init>;143;isAccessible=true;
Field.get*;<hex.schemas.DataInfoFrameV3: boolean use_all>;water.api.SchemaMetadata$FieldMetadata.<init>;143;isAccessible=true;
Field.get*;<hex.schemas.DataInfoFrameV3: java.lang.String[] interactions>;water.api.SchemaMetadata$FieldMetadata.<init>;143;isAccessible=true;
Field.get*;<hex.schemas.DataInfoFrameV3: water.api.schemas3.KeyV3$FrameKeyV3 frame>;water.api.SchemaMetadata$FieldMetadata.<init>;143;isAccessible=true;
Field.get*;<hex.schemas.DataInfoFrameV3: water.api.schemas3.KeyV3$FrameKeyV3 result>;water.api.SchemaMetadata$FieldMetadata.<init>;143;isAccessible=true;
Field.get*;<hex.schemas.DeepLearningModelV3$DeepLearningModelOutputV3: double[] normmul>;water.api.SchemaMetadata$FieldMetadata.<init>;143;isAccessible=true;
Field.get*;<hex.schemas.DeepLearningModelV3$DeepLearningModelOutputV3: double[] normrespmul>;water.api.SchemaMetadata$FieldMetadata.<init>;143;isAccessible=true;
Field.get*;<hex.schemas.DeepLearningModelV3$DeepLearningModelOutputV3: double[] normrespsub>;water.api.SchemaMetadata$FieldMetadata.<init>;143;isAccessible=true;
Field.get*;<hex.schemas.DeepLearningModelV3$DeepLearningModelOutputV3: double[] normsub>;water.api.SchemaMetadata$FieldMetadata.<init>;143;isAccessible=true;
Field.get*;<hex.schemas.DeepLearningModelV3$DeepLearningModelOutputV3: int[] catoffsets>;water.api.SchemaMetadata$FieldMetadata.<init>;143;isAccessible=true;
Field.get*;<hex.schemas.DeepLearningModelV3$DeepLearningModelOutputV3: water.api.schemas3.KeyV3$FrameKeyV3[] biases>;water.api.SchemaMetadata$FieldMetadata.<init>;143;isAccessible=true;
Field.get*;<hex.schemas.DeepLearningModelV3$DeepLearningModelOutputV3: water.api.schemas3.KeyV3$FrameKeyV3[] weights>;water.api.SchemaMetadata$FieldMetadata.<init>;143;isAccessible=true;
Field.get*;<hex.schemas.DeepLearningModelV3$DeepLearningModelOutputV3: water.api.schemas3.TwoDimTableV3 variable_importances>;water.api.SchemaMetadata$FieldMetadata.<init>;143;isAccessible=true;
Field.get*;<hex.schemas.DeepLearningV3$DeepLearningParametersV3: boolean adaptive_rate>;water.api.SchemaMetadata$FieldMetadata.<init>;143;isAccessible=true;
Field.get*;<hex.schemas.DeepLearningV3$DeepLearningParametersV3: boolean autoencoder>;water.api.SchemaMetadata$FieldMetadata.<init>;143;isAccessible=true;
Field.get*;<hex.schemas.DeepLearningV3$DeepLearningParametersV3: boolean balance_classes>;water.api.SchemaMetadata$FieldMetadata.<init>;143;isAccessible=true;
Field.get*;<hex.schemas.DeepLearningV3$DeepLearningParametersV3: boolean col_major>;water.api.SchemaMetadata$FieldMetadata.<init>;143;isAccessible=true;
Field.get*;<hex.schemas.DeepLearningV3$DeepLearningParametersV3: boolean diagnostics>;water.api.SchemaMetadata$FieldMetadata.<init>;143;isAccessible=true;
Field.get*;<hex.schemas.DeepLearningV3$DeepLearningParametersV3: boolean elastic_averaging>;water.api.SchemaMetadata$FieldMetadata.<init>;143;isAccessible=true;
Field.get*;<hex.schemas.DeepLearningV3$DeepLearningParametersV3: boolean export_weights_and_biases>;water.api.SchemaMetadata$FieldMetadata.<init>;143;isAccessible=true;
Field.get*;<hex.schemas.DeepLearningV3$DeepLearningParametersV3: boolean fast_mode>;water.api.SchemaMetadata$FieldMetadata.<init>;143;isAccessible=true;
Field.get*;<hex.schemas.DeepLearningV3$DeepLearningParametersV3: boolean force_load_balance>;water.api.SchemaMetadata$FieldMetadata.<init>;143;isAccessible=true;
Field.get*;<hex.schemas.DeepLearningV3$DeepLearningParametersV3: boolean nesterov_accelerated_gradient>;water.api.SchemaMetadata$FieldMetadata.<init>;143;isAccessible=true;
Field.get*;<hex.schemas.DeepLearningV3$DeepLearningParametersV3: boolean overwrite_with_best_model>;water.api.SchemaMetadata$FieldMetadata.<init>;143;isAccessible=true;
Field.get*;<hex.schemas.DeepLearningV3$DeepLearningParametersV3: boolean quiet_mode>;water.api.SchemaMetadata$FieldMetadata.<init>;143;isAccessible=true;
Field.get*;<hex.schemas.DeepLearningV3$DeepLearningParametersV3: boolean replicate_training_data>;water.api.SchemaMetadata$FieldMetadata.<init>;143;isAccessible=true;
Field.get*;<hex.schemas.DeepLearningV3$DeepLearningParametersV3: boolean reproducible>;water.api.SchemaMetadata$FieldMetadata.<init>;143;isAccessible=true;
Field.get*;<hex.schemas.DeepLearningV3$DeepLearningParametersV3: boolean shuffle_training_data>;water.api.SchemaMetadata$FieldMetadata.<init>;143;isAccessible=true;
Field.get*;<hex.schemas.DeepLearningV3$DeepLearningParametersV3: boolean single_node_mode>;water.api.SchemaMetadata$FieldMetadata.<init>;143;isAccessible=true;
Field.get*;<hex.schemas.DeepLearningV3$DeepLearningParametersV3: boolean sparse>;water.api.SchemaMetadata$FieldMetadata.<init>;143;isAccessible=true;
Field.get*;<hex.schemas.DeepLearningV3$DeepLearningParametersV3: boolean standardize>;water.api.SchemaMetadata$FieldMetadata.<init>;143;isAccessible=true;
Field.get*;<hex.schemas.DeepLearningV3$DeepLearningParametersV3: boolean use_all_factor_levels>;water.api.SchemaMetadata$FieldMetadata.<init>;143;isAccessible=true;
Field.get*;<hex.schemas.DeepLearningV3$DeepLearningParametersV3: boolean variable_importances>;water.api.SchemaMetadata$FieldMetadata.<init>;143;isAccessible=true;
Field.get*;<hex.schemas.DeepLearningV3$DeepLearningParametersV3: double average_activation>;water.api.SchemaMetadata$FieldMetadata.<init>;143;isAccessible=true;
Field.get*;<hex.schemas.DeepLearningV3$DeepLearningParametersV3: double classification_stop>;water.api.SchemaMetadata$FieldMetadata.<init>;143;isAccessible=true;
Field.get*;<hex.schemas.DeepLearningV3$DeepLearningParametersV3: double elastic_averaging_moving_rate>;water.api.SchemaMetadata$FieldMetadata.<init>;143;isAccessible=true;
Field.get*;<hex.schemas.DeepLearningV3$DeepLearningParametersV3: double elastic_averaging_regularization>;water.api.SchemaMetadata$FieldMetadata.<init>;143;isAccessible=true;
Field.get*;<hex.schemas.DeepLearningV3$DeepLearningParametersV3: double epochs>;water.api.SchemaMetadata$FieldMetadata.<init>;143;isAccessible=true;
Field.get*;<hex.schemas.DeepLearningV3$DeepLearningParametersV3: double epsilon>;water.api.SchemaMetadata$FieldMetadata.<init>;143;isAccessible=true;
Field.get*;<hex.schemas.DeepLearningV3$DeepLearningParametersV3: double initial_weight_scale>;water.api.SchemaMetadata$FieldMetadata.<init>;143;isAccessible=true;
Field.get*;<hex.schemas.DeepLearningV3$DeepLearningParametersV3: double input_dropout_ratio>;water.api.SchemaMetadata$FieldMetadata.<init>;143;isAccessible=true;
Field.get*;<hex.schemas.DeepLearningV3$DeepLearningParametersV3: double l1>;water.api.SchemaMetadata$FieldMetadata.<init>;143;isAccessible=true;
Field.get*;<hex.schemas.DeepLearningV3$DeepLearningParametersV3: double l2>;water.api.SchemaMetadata$FieldMetadata.<init>;143;isAccessible=true;
Field.get*;<hex.schemas.DeepLearningV3$DeepLearningParametersV3: double momentum_ramp>;water.api.SchemaMetadata$FieldMetadata.<init>;143;isAccessible=true;
Field.get*;<hex.schemas.DeepLearningV3$DeepLearningParametersV3: double momentum_stable>;water.api.SchemaMetadata$FieldMetadata.<init>;143;isAccessible=true;
Field.get*;<hex.schemas.DeepLearningV3$DeepLearningParametersV3: double momentum_start>;water.api.SchemaMetadata$FieldMetadata.<init>;143;isAccessible=true;
Field.get*;<hex.schemas.DeepLearningV3$DeepLearningParametersV3: double rate>;water.api.SchemaMetadata$FieldMetadata.<init>;143;isAccessible=true;
Field.get*;<hex.schemas.DeepLearningV3$DeepLearningParametersV3: double rate_annealing>;water.api.SchemaMetadata$FieldMetadata.<init>;143;isAccessible=true;
Field.get*;<hex.schemas.DeepLearningV3$DeepLearningParametersV3: double rate_decay>;water.api.SchemaMetadata$FieldMetadata.<init>;143;isAccessible=true;
Field.get*;<hex.schemas.DeepLearningV3$DeepLearningParametersV3: double regression_stop>;water.api.SchemaMetadata$FieldMetadata.<init>;143;isAccessible=true;
Field.get*;<hex.schemas.DeepLearningV3$DeepLearningParametersV3: double rho>;water.api.SchemaMetadata$FieldMetadata.<init>;143;isAccessible=true;
Field.get*;<hex.schemas.DeepLearningV3$DeepLearningParametersV3: double score_duty_cycle>;water.api.SchemaMetadata$FieldMetadata.<init>;143;isAccessible=true;
Field.get*;<hex.schemas.DeepLearningV3$DeepLearningParametersV3: double score_interval>;water.api.SchemaMetadata$FieldMetadata.<init>;143;isAccessible=true;
Field.get*;<hex.schemas.DeepLearningV3$DeepLearningParametersV3: double sparsity_beta>;water.api.SchemaMetadata$FieldMetadata.<init>;143;isAccessible=true;
Field.get*;<hex.schemas.DeepLearningV3$DeepLearningParametersV3: double target_ratio_comm_to_comp>;water.api.SchemaMetadata$FieldMetadata.<init>;143;isAccessible=true;
Field.get*;<hex.schemas.DeepLearningV3$DeepLearningParametersV3: double[] hidden_dropout_ratios>;water.api.SchemaMetadata$FieldMetadata.<init>;143;isAccessible=true;
Field.get*;<hex.schemas.DeepLearningV3$DeepLearningParametersV3: float max_after_balance_size>;water.api.SchemaMetadata$FieldMetadata.<init>;143;isAccessible=true;
Field.get*;<hex.schemas.DeepLearningV3$DeepLearningParametersV3: float max_w2>;water.api.SchemaMetadata$FieldMetadata.<init>;143;isAccessible=true;
Field.get*;<hex.schemas.DeepLearningV3$DeepLearningParametersV3: float[] class_sampling_factors>;water.api.SchemaMetadata$FieldMetadata.<init>;143;isAccessible=true;
Field.get*;<hex.schemas.DeepLearningV3$DeepLearningParametersV3: hex.deeplearning.DeepLearningModel$DeepLearningParameters$Activation activation>;water.api.SchemaMetadata$FieldMetadata.<init>;143;isAccessible=true;
Field.get*;<hex.schemas.DeepLearningV3$DeepLearningParametersV3: hex.deeplearning.DeepLearningModel$DeepLearningParameters$ClassSamplingMethod score_validation_sampling>;water.api.SchemaMetadata$FieldMetadata.<init>;143;isAccessible=true;
Field.get*;<hex.schemas.DeepLearningV3$DeepLearningParametersV3: hex.deeplearning.DeepLearningModel$DeepLearningParameters$InitialWeightDistribution initial_weight_distribution>;water.api.SchemaMetadata$FieldMetadata.<init>;143;isAccessible=true;
Field.get*;<hex.schemas.DeepLearningV3$DeepLearningParametersV3: hex.deeplearning.DeepLearningModel$DeepLearningParameters$Loss loss>;water.api.SchemaMetadata$FieldMetadata.<init>;143;isAccessible=true;
Field.get*;<hex.schemas.DeepLearningV3$DeepLearningParametersV3: hex.deeplearning.DeepLearningModel$DeepLearningParameters$MissingValuesHandling missing_values_handling>;water.api.SchemaMetadata$FieldMetadata.<init>;143;isAccessible=true;
Field.get*;<hex.schemas.DeepLearningV3$DeepLearningParametersV3: int max_categorical_features>;water.api.SchemaMetadata$FieldMetadata.<init>;143;isAccessible=true;
Field.get*;<hex.schemas.DeepLearningV3$DeepLearningParametersV3: int max_confusion_matrix_size>;water.api.SchemaMetadata$FieldMetadata.<init>;143;isAccessible=true;
Field.get*;<hex.schemas.DeepLearningV3$DeepLearningParametersV3: int mini_batch_size>;water.api.SchemaMetadata$FieldMetadata.<init>;143;isAccessible=true;
Field.get*;<hex.schemas.DeepLearningV3$DeepLearningParametersV3: int[] hidden>;water.api.SchemaMetadata$FieldMetadata.<init>;143;isAccessible=true;
Field.get*;<hex.schemas.DeepLearningV3$DeepLearningParametersV3: long score_training_samples>;water.api.SchemaMetadata$FieldMetadata.<init>;143;isAccessible=true;
Field.get*;<hex.schemas.DeepLearningV3$DeepLearningParametersV3: long score_validation_samples>;water.api.SchemaMetadata$FieldMetadata.<init>;143;isAccessible=true;
Field.get*;<hex.schemas.DeepLearningV3$DeepLearningParametersV3: long seed>;water.api.SchemaMetadata$FieldMetadata.<init>;143;isAccessible=true;
Field.get*;<hex.schemas.DeepLearningV3$DeepLearningParametersV3: long train_samples_per_iteration>;water.api.SchemaMetadata$FieldMetadata.<init>;143;isAccessible=true;
Field.get*;<hex.schemas.DeepLearningV3$DeepLearningParametersV3: water.api.schemas3.KeyV3$FrameKeyV3[] initial_biases>;water.api.SchemaMetadata$FieldMetadata.<init>;143;isAccessible=true;
Field.get*;<hex.schemas.DeepLearningV3$DeepLearningParametersV3: water.api.schemas3.KeyV3$FrameKeyV3[] initial_weights>;water.api.SchemaMetadata$FieldMetadata.<init>;143;isAccessible=true;
Field.get*;<hex.schemas.DeepLearningV3$DeepLearningParametersV3: water.api.schemas3.KeyV3$ModelKeyV3 pretrained_autoencoder>;water.api.SchemaMetadata$FieldMetadata.<init>;143;isAccessible=true;
Field.get*;<hex.schemas.ExtendedIsolationForestV3$ExtendedIsolationForestParametersV3: int extension_level>;water.api.SchemaMetadata$FieldMetadata.<init>;143;isAccessible=true;
Field.get*;<hex.schemas.ExtendedIsolationForestV3$ExtendedIsolationForestParametersV3: int ntrees>;water.api.SchemaMetadata$FieldMetadata.<init>;143;isAccessible=true;
Field.get*;<hex.schemas.ExtendedIsolationForestV3$ExtendedIsolationForestParametersV3: int sample_size>;water.api.SchemaMetadata$FieldMetadata.<init>;143;isAccessible=true;
Field.get*;<hex.schemas.ExtendedIsolationForestV3$ExtendedIsolationForestParametersV3: long seed>;water.api.SchemaMetadata$FieldMetadata.<init>;143;isAccessible=true;
Field.get*;<hex.schemas.GAMModelV3$GAMModelOutputV3: double[] glm_pvalues>;water.api.SchemaMetadata$FieldMetadata.<init>;143;isAccessible=true;
Field.get*;<hex.schemas.GAMModelV3$GAMModelOutputV3: double[] glm_std_err>;water.api.SchemaMetadata$FieldMetadata.<init>;143;isAccessible=true;
Field.get*;<hex.schemas.GAMModelV3$GAMModelOutputV3: double[] glm_zvalues>;water.api.SchemaMetadata$FieldMetadata.<init>;143;isAccessible=true;
Field.get*;<hex.schemas.GAMModelV3$GAMModelOutputV3: double[][] knot_locations>;water.api.SchemaMetadata$FieldMetadata.<init>;143;isAccessible=true;
Field.get*;<hex.schemas.GAMModelV3$GAMModelOutputV3: java.lang.String gam_transformed_center_key>;water.api.SchemaMetadata$FieldMetadata.<init>;143;isAccessible=true;
Field.get*;<hex.schemas.GAMModelV3$GAMModelOutputV3: java.lang.String[] gam_knot_column_names>;water.api.SchemaMetadata$FieldMetadata.<init>;143;isAccessible=true;
Field.get*;<hex.schemas.GAMModelV3$GAMModelOutputV3: water.api.schemas3.TwoDimTableV3 coefficients_table>;water.api.SchemaMetadata$FieldMetadata.<init>;143;isAccessible=true;
Field.get*;<hex.schemas.GAMModelV3$GAMModelOutputV3: water.api.schemas3.TwoDimTableV3 coefficients_table_no_centering>;water.api.SchemaMetadata$FieldMetadata.<init>;143;isAccessible=true;
Field.get*;<hex.schemas.GAMModelV3$GAMModelOutputV3: water.api.schemas3.TwoDimTableV3 glm_model_summary>;water.api.SchemaMetadata$FieldMetadata.<init>;143;isAccessible=true;
Field.get*;<hex.schemas.GAMModelV3$GAMModelOutputV3: water.api.schemas3.TwoDimTableV3 glm_scoring_history>;water.api.SchemaMetadata$FieldMetadata.<init>;143;isAccessible=true;
Field.get*;<hex.schemas.GAMModelV3$GAMModelOutputV3: water.api.schemas3.TwoDimTableV3 standardized_coefficient_magnitudes>;water.api.SchemaMetadata$FieldMetadata.<init>;143;isAccessible=true;
Field.get*;<hex.schemas.GAMModelV3$GAMModelOutputV3: water.api.schemas3.TwoDimTableV3 variable_importances>;water.api.SchemaMetadata$FieldMetadata.<init>;143;isAccessible=true;
Field.get*;<hex.schemas.GAMV3$GAMParametersV3: boolean balance_classes>;water.api.SchemaMetadata$FieldMetadata.<init>;143;isAccessible=true;
Field.get*;<hex.schemas.GAMV3$GAMParametersV3: boolean cold_start>;water.api.SchemaMetadata$FieldMetadata.<init>;143;isAccessible=true;
Field.get*;<hex.schemas.GAMV3$GAMParametersV3: boolean compute_p_values>;water.api.SchemaMetadata$FieldMetadata.<init>;143;isAccessible=true;
Field.get*;<hex.schemas.GAMV3$GAMParametersV3: boolean early_stopping>;water.api.SchemaMetadata$FieldMetadata.<init>;143;isAccessible=true;
Field.get*;<hex.schemas.GAMV3$GAMParametersV3: boolean intercept>;water.api.SchemaMetadata$FieldMetadata.<init>;143;isAccessible=true;
Field.get*;<hex.schemas.GAMV3$GAMParametersV3: boolean keep_gam_cols>;water.api.SchemaMetadata$FieldMetadata.<init>;143;isAccessible=true;
Field.get*;<hex.schemas.GAMV3$GAMParametersV3: boolean lambda_search>;water.api.SchemaMetadata$FieldMetadata.<init>;143;isAccessible=true;
Field.get*;<hex.schemas.GAMV3$GAMParametersV3: boolean non_negative>;water.api.SchemaMetadata$FieldMetadata.<init>;143;isAccessible=true;
Field.get*;<hex.schemas.GAMV3$GAMParametersV3: boolean remove_collinear_columns>;water.api.SchemaMetadata$FieldMetadata.<init>;143;isAccessible=true;
Field.get*;<hex.schemas.GAMV3$GAMParametersV3: boolean scale_tp_penalty_mat>;water.api.SchemaMetadata$FieldMetadata.<init>;143;isAccessible=true;
Field.get*;<hex.schemas.GAMV3$GAMParametersV3: boolean standardize>;water.api.SchemaMetadata$FieldMetadata.<init>;143;isAccessible=true;
Field.get*;<hex.schemas.GAMV3$GAMParametersV3: boolean standardize_tp_gam_cols>;water.api.SchemaMetadata$FieldMetadata.<init>;143;isAccessible=true;
Field.get*;<hex.schemas.GAMV3$GAMParametersV3: boolean store_knot_locations>;water.api.SchemaMetadata$FieldMetadata.<init>;143;isAccessible=true;
Field.get*;<hex.schemas.GAMV3$GAMParametersV3: boolean[] splines_non_negative>;water.api.SchemaMetadata$FieldMetadata.<init>;143;isAccessible=true;
Field.get*;<hex.schemas.GAMV3$GAMParametersV3: double beta_epsilon>;water.api.SchemaMetadata$FieldMetadata.<init>;143;isAccessible=true;
Field.get*;<hex.schemas.GAMV3$GAMParametersV3: double gradient_epsilon>;water.api.SchemaMetadata$FieldMetadata.<init>;143;isAccessible=true;
Field.get*;<hex.schemas.GAMV3$GAMParametersV3: double lambda_min_ratio>;water.api.SchemaMetadata$FieldMetadata.<init>;143;isAccessible=true;
Field.get*;<hex.schemas.GAMV3$GAMParametersV3: double obj_reg>;water.api.SchemaMetadata$FieldMetadata.<init>;143;isAccessible=true;
Field.get*;<hex.schemas.GAMV3$GAMParametersV3: double objective_epsilon>;water.api.SchemaMetadata$FieldMetadata.<init>;143;isAccessible=true;
Field.get*;<hex.schemas.GAMV3$GAMParametersV3: double prior>;water.api.SchemaMetadata$FieldMetadata.<init>;143;isAccessible=true;
Field.get*;<hex.schemas.GAMV3$GAMParametersV3: double theta>;water.api.SchemaMetadata$FieldMetadata.<init>;143;isAccessible=true;
Field.get*;<hex.schemas.GAMV3$GAMParametersV3: double tweedie_link_power>;water.api.SchemaMetadata$FieldMetadata.<init>;143;isAccessible=true;
Field.get*;<hex.schemas.GAMV3$GAMParametersV3: double tweedie_variance_power>;water.api.SchemaMetadata$FieldMetadata.<init>;143;isAccessible=true;
Field.get*;<hex.schemas.GAMV3$GAMParametersV3: double[] alpha>;water.api.SchemaMetadata$FieldMetadata.<init>;143;isAccessible=true;
Field.get*;<hex.schemas.GAMV3$GAMParametersV3: double[] lambda>;water.api.SchemaMetadata$FieldMetadata.<init>;143;isAccessible=true;
Field.get*;<hex.schemas.GAMV3$GAMParametersV3: double[] scale>;water.api.SchemaMetadata$FieldMetadata.<init>;143;isAccessible=true;
Field.get*;<hex.schemas.GAMV3$GAMParametersV3: double[] startval>;water.api.SchemaMetadata$FieldMetadata.<init>;143;isAccessible=true;
Field.get*;<hex.schemas.GAMV3$GAMParametersV3: float max_after_balance_size>;water.api.SchemaMetadata$FieldMetadata.<init>;143;isAccessible=true;
Field.get*;<hex.schemas.GAMV3$GAMParametersV3: float[] class_sampling_factors>;water.api.SchemaMetadata$FieldMetadata.<init>;143;isAccessible=true;
Field.get*;<hex.schemas.GAMV3$GAMParametersV3: hex.glm.GLMModel$GLMParameters$Family family>;water.api.SchemaMetadata$FieldMetadata.<init>;143;isAccessible=true;
Field.get*;<hex.schemas.GAMV3$GAMParametersV3: hex.glm.GLMModel$GLMParameters$Link link>;water.api.SchemaMetadata$FieldMetadata.<init>;143;isAccessible=true;
Field.get*;<hex.schemas.GAMV3$GAMParametersV3: hex.glm.GLMModel$GLMParameters$MissingValuesHandling missing_values_handling>;water.api.SchemaMetadata$FieldMetadata.<init>;143;isAccessible=true;
Field.get*;<hex.schemas.GAMV3$GAMParametersV3: hex.glm.GLMModel$GLMParameters$Solver solver>;water.api.SchemaMetadata$FieldMetadata.<init>;143;isAccessible=true;
Field.get*;<hex.schemas.GAMV3$GAMParametersV3: int max_active_predictors>;water.api.SchemaMetadata$FieldMetadata.<init>;143;isAccessible=true;
Field.get*;<hex.schemas.GAMV3$GAMParametersV3: int max_confusion_matrix_size>;water.api.SchemaMetadata$FieldMetadata.<init>;143;isAccessible=true;
Field.get*;<hex.schemas.GAMV3$GAMParametersV3: int max_iterations>;water.api.SchemaMetadata$FieldMetadata.<init>;143;isAccessible=true;
Field.get*;<hex.schemas.GAMV3$GAMParametersV3: int nlambdas>;water.api.SchemaMetadata$FieldMetadata.<init>;143;isAccessible=true;
Field.get*;<hex.schemas.GAMV3$GAMParametersV3: int[] bs>;water.api.SchemaMetadata$FieldMetadata.<init>;143;isAccessible=true;
Field.get*;<hex.schemas.GAMV3$GAMParametersV3: int[] num_knots>;water.api.SchemaMetadata$FieldMetadata.<init>;143;isAccessible=true;
Field.get*;<hex.schemas.GAMV3$GAMParametersV3: int[] spline_orders>;water.api.SchemaMetadata$FieldMetadata.<init>;143;isAccessible=true;
Field.get*;<hex.schemas.GAMV3$GAMParametersV3: java.lang.String[] interactions>;water.api.SchemaMetadata$FieldMetadata.<init>;143;isAccessible=true;
Field.get*;<hex.schemas.GAMV3$GAMParametersV3: java.lang.String[] knot_ids>;water.api.SchemaMetadata$FieldMetadata.<init>;143;isAccessible=true;
Field.get*;<hex.schemas.GAMV3$GAMParametersV3: java.lang.String[][] gam_columns>;water.api.SchemaMetadata$FieldMetadata.<init>;143;isAccessible=true;
Field.get*;<hex.schemas.GAMV3$GAMParametersV3: long seed>;water.api.SchemaMetadata$FieldMetadata.<init>;143;isAccessible=true;
Field.get*;<hex.schemas.GAMV3$GAMParametersV3: water.api.schemas3.KeyV3$FrameKeyV3 beta_constraints>;water.api.SchemaMetadata$FieldMetadata.<init>;143;isAccessible=true;
Field.get*;<hex.schemas.GAMV3$GAMParametersV3: water.api.schemas3.KeyV3$FrameKeyV3 plug_values>;water.api.SchemaMetadata$FieldMetadata.<init>;143;isAccessible=true;
Field.get*;<hex.schemas.GAMV3$GAMParametersV3: water.api.schemas3.StringPairV3[] interaction_pairs>;water.api.SchemaMetadata$FieldMetadata.<init>;143;isAccessible=true;
Field.get*;<hex.schemas.GBMV3$GBMParametersV3: boolean auto_rebalance>;water.api.SchemaMetadata$FieldMetadata.<init>;143;isAccessible=true;
Field.get*;<hex.schemas.GBMV3$GBMParametersV3: double col_sample_rate>;water.api.SchemaMetadata$FieldMetadata.<init>;143;isAccessible=true;
Field.get*;<hex.schemas.GBMV3$GBMParametersV3: double learn_rate>;water.api.SchemaMetadata$FieldMetadata.<init>;143;isAccessible=true;
Field.get*;<hex.schemas.GBMV3$GBMParametersV3: double learn_rate_annealing>;water.api.SchemaMetadata$FieldMetadata.<init>;143;isAccessible=true;
Field.get*;<hex.schemas.GBMV3$GBMParametersV3: double max_abs_leafnode_pred>;water.api.SchemaMetadata$FieldMetadata.<init>;143;isAccessible=true;
Field.get*;<hex.schemas.GBMV3$GBMParametersV3: double pred_noise_bandwidth>;water.api.SchemaMetadata$FieldMetadata.<init>;143;isAccessible=true;
Field.get*;<hex.schemas.GBMV3$GBMParametersV3: double sample_rate>;water.api.SchemaMetadata$FieldMetadata.<init>;143;isAccessible=true;
Field.get*;<hex.schemas.GBMV3$GBMParametersV3: java.lang.String[][] interaction_constraints>;water.api.SchemaMetadata$FieldMetadata.<init>;143;isAccessible=true;
Field.get*;<hex.schemas.GBMV3$GBMParametersV3: water.api.schemas3.KeyValueV3[] monotone_constraints>;water.api.SchemaMetadata$FieldMetadata.<init>;143;isAccessible=true;
Field.get*;<hex.schemas.GLMModelV3$GLMModelOutputV3: double alpha_best>;water.api.SchemaMetadata$FieldMetadata.<init>;143;isAccessible=true;
Field.get*;<hex.schemas.GLMModelV3$GLMModelOutputV3: double dispersion>;water.api.SchemaMetadata$FieldMetadata.<init>;143;isAccessible=true;
Field.get*;<hex.schemas.GLMModelV3$GLMModelOutputV3: double lambda_1se>;water.api.SchemaMetadata$FieldMetadata.<init>;143;isAccessible=true;
Field.get*;<hex.schemas.GLMModelV3$GLMModelOutputV3: double lambda_best>;water.api.SchemaMetadata$FieldMetadata.<init>;143;isAccessible=true;
Field.get*;<hex.schemas.GLMModelV3$GLMModelOutputV3: double lambda_max>;water.api.SchemaMetadata$FieldMetadata.<init>;143;isAccessible=true;
Field.get*;<hex.schemas.GLMModelV3$GLMModelOutputV3: double lambda_min>;water.api.SchemaMetadata$FieldMetadata.<init>;143;isAccessible=true;
Field.get*;<hex.schemas.GLMModelV3$GLMModelOutputV3: double[] variable_inflation_factors>;water.api.SchemaMetadata$FieldMetadata.<init>;143;isAccessible=true;
Field.get*;<hex.schemas.GLMModelV3$GLMModelOutputV3: int best_submodel_index>;water.api.SchemaMetadata$FieldMetadata.<init>;143;isAccessible=true;
Field.get*;<hex.schemas.GLMModelV3$GLMModelOutputV3: java.lang.String[] vif_predictor_names>;water.api.SchemaMetadata$FieldMetadata.<init>;143;isAccessible=true;
Field.get*;<hex.schemas.GLMModelV3$GLMModelOutputV3: water.api.schemas3.KeyV3$FrameKeyV3 regression_influence_diagnostics>;water.api.SchemaMetadata$FieldMetadata.<init>;143;isAccessible=true;
Field.get*;<hex.schemas.GLMModelV3$GLMModelOutputV3: water.api.schemas3.TwoDimTableV3 coefficients_table>;water.api.SchemaMetadata$FieldMetadata.<init>;143;isAccessible=true;
Field.get*;<hex.schemas.GLMModelV3$GLMModelOutputV3: water.api.schemas3.TwoDimTableV3 coefficients_table_multinomials_with_class_names>;water.api.SchemaMetadata$FieldMetadata.<init>;143;isAccessible=true;
Field.get*;<hex.schemas.GLMModelV3$GLMModelOutputV3: water.api.schemas3.TwoDimTableV3 random_coefficients_table>;water.api.SchemaMetadata$FieldMetadata.<init>;143;isAccessible=true;
Field.get*;<hex.schemas.GLMModelV3$GLMModelOutputV3: water.api.schemas3.TwoDimTableV3 standardized_coefficient_magnitudes>;water.api.SchemaMetadata$FieldMetadata.<init>;143;isAccessible=true;
Field.get*;<hex.schemas.GLMModelV3$GLMModelOutputV3: water.api.schemas3.TwoDimTableV3 variable_importances>;water.api.SchemaMetadata$FieldMetadata.<init>;143;isAccessible=true;
Field.get*;<hex.schemas.GLMRegularizationPathV3: double[] alphas>;water.api.SchemaMetadata$FieldMetadata.<init>;143;isAccessible=true;
Field.get*;<hex.schemas.GLMRegularizationPathV3: double[] explained_deviance_train>;water.api.SchemaMetadata$FieldMetadata.<init>;143;isAccessible=true;
Field.get*;<hex.schemas.GLMRegularizationPathV3: double[] explained_deviance_valid>;water.api.SchemaMetadata$FieldMetadata.<init>;143;isAccessible=true;
Field.get*;<hex.schemas.GLMRegularizationPathV3: double[] lambdas>;water.api.SchemaMetadata$FieldMetadata.<init>;143;isAccessible=true;
Field.get*;<hex.schemas.GLMRegularizationPathV3: double[][] coefficients>;water.api.SchemaMetadata$FieldMetadata.<init>;143;isAccessible=true;
Field.get*;<hex.schemas.GLMRegularizationPathV3: double[][] coefficients_std>;water.api.SchemaMetadata$FieldMetadata.<init>;143;isAccessible=true;
Field.get*;<hex.schemas.GLMRegularizationPathV3: double[][] p_values>;water.api.SchemaMetadata$FieldMetadata.<init>;143;isAccessible=true;
Field.get*;<hex.schemas.GLMRegularizationPathV3: double[][] std_errs>;water.api.SchemaMetadata$FieldMetadata.<init>;143;isAccessible=true;
Field.get*;<hex.schemas.GLMRegularizationPathV3: double[][] z_values>;water.api.SchemaMetadata$FieldMetadata.<init>;143;isAccessible=true;
Field.get*;<hex.schemas.GLMRegularizationPathV3: java.lang.String[] coefficient_names>;water.api.SchemaMetadata$FieldMetadata.<init>;143;isAccessible=true;
Field.get*;<hex.schemas.GLMRegularizationPathV3: water.api.schemas3.KeyV3$ModelKeyV3 model>;water.api.SchemaMetadata$FieldMetadata.<init>;143;isAccessible=true;
Field.get*;<hex.schemas.GLMV3$GLMParametersV3: boolean HGLM>;water.api.SchemaMetadata$FieldMetadata.<init>;143;isAccessible=true;
Field.get*;<hex.schemas.GLMV3$GLMParametersV3: boolean balance_classes>;water.api.SchemaMetadata$FieldMetadata.<init>;143;isAccessible=true;
Field.get*;<hex.schemas.GLMV3$GLMParametersV3: boolean build_null_model>;water.api.SchemaMetadata$FieldMetadata.<init>;143;isAccessible=true;
Field.get*;<hex.schemas.GLMV3$GLMParametersV3: boolean calc_like>;water.api.SchemaMetadata$FieldMetadata.<init>;143;isAccessible=true;
Field.get*;<hex.schemas.GLMV3$GLMParametersV3: boolean cold_start>;water.api.SchemaMetadata$FieldMetadata.<init>;143;isAccessible=true;
Field.get*;<hex.schemas.GLMV3$GLMParametersV3: boolean compute_p_values>;water.api.SchemaMetadata$FieldMetadata.<init>;143;isAccessible=true;
Field.get*;<hex.schemas.GLMV3$GLMParametersV3: boolean early_stopping>;water.api.SchemaMetadata$FieldMetadata.<init>;143;isAccessible=true;
Field.get*;<hex.schemas.GLMV3$GLMParametersV3: boolean fix_dispersion_parameter>;water.api.SchemaMetadata$FieldMetadata.<init>;143;isAccessible=true;
Field.get*;<hex.schemas.GLMV3$GLMParametersV3: boolean fix_tweedie_variance_power>;water.api.SchemaMetadata$FieldMetadata.<init>;143;isAccessible=true;
Field.get*;<hex.schemas.GLMV3$GLMParametersV3: boolean generate_scoring_history>;water.api.SchemaMetadata$FieldMetadata.<init>;143;isAccessible=true;
Field.get*;<hex.schemas.GLMV3$GLMParametersV3: boolean generate_variable_inflation_factors>;water.api.SchemaMetadata$FieldMetadata.<init>;143;isAccessible=true;
Field.get*;<hex.schemas.GLMV3$GLMParametersV3: boolean intercept>;water.api.SchemaMetadata$FieldMetadata.<init>;143;isAccessible=true;
Field.get*;<hex.schemas.GLMV3$GLMParametersV3: boolean lambda_search>;water.api.SchemaMetadata$FieldMetadata.<init>;143;isAccessible=true;
Field.get*;<hex.schemas.GLMV3$GLMParametersV3: boolean non_negative>;water.api.SchemaMetadata$FieldMetadata.<init>;143;isAccessible=true;
Field.get*;<hex.schemas.GLMV3$GLMParametersV3: boolean remove_collinear_columns>;water.api.SchemaMetadata$FieldMetadata.<init>;143;isAccessible=true;
Field.get*;<hex.schemas.GLMV3$GLMParametersV3: boolean standardize>;water.api.SchemaMetadata$FieldMetadata.<init>;143;isAccessible=true;
Field.get*;<hex.schemas.GLMV3$GLMParametersV3: double beta_epsilon>;water.api.SchemaMetadata$FieldMetadata.<init>;143;isAccessible=true;
Field.get*;<hex.schemas.GLMV3$GLMParametersV3: double dispersion_epsilon>;water.api.SchemaMetadata$FieldMetadata.<init>;143;isAccessible=true;
Field.get*;<hex.schemas.GLMV3$GLMParametersV3: double dispersion_learning_rate>;water.api.SchemaMetadata$FieldMetadata.<init>;143;isAccessible=true;
Field.get*;<hex.schemas.GLMV3$GLMParametersV3: double gradient_epsilon>;water.api.SchemaMetadata$FieldMetadata.<init>;143;isAccessible=true;
Field.get*;<hex.schemas.GLMV3$GLMParametersV3: double init_dispersion_parameter>;water.api.SchemaMetadata$FieldMetadata.<init>;143;isAccessible=true;
Field.get*;<hex.schemas.GLMV3$GLMParametersV3: double lambda_min_ratio>;water.api.SchemaMetadata$FieldMetadata.<init>;143;isAccessible=true;
Field.get*;<hex.schemas.GLMV3$GLMParametersV3: double obj_reg>;water.api.SchemaMetadata$FieldMetadata.<init>;143;isAccessible=true;
Field.get*;<hex.schemas.GLMV3$GLMParametersV3: double objective_epsilon>;water.api.SchemaMetadata$FieldMetadata.<init>;143;isAccessible=true;
Field.get*;<hex.schemas.GLMV3$GLMParametersV3: double prior>;water.api.SchemaMetadata$FieldMetadata.<init>;143;isAccessible=true;
Field.get*;<hex.schemas.GLMV3$GLMParametersV3: double theta>;water.api.SchemaMetadata$FieldMetadata.<init>;143;isAccessible=true;
Field.get*;<hex.schemas.GLMV3$GLMParametersV3: double tweedie_epsilon>;water.api.SchemaMetadata$FieldMetadata.<init>;143;isAccessible=true;
Field.get*;<hex.schemas.GLMV3$GLMParametersV3: double tweedie_link_power>;water.api.SchemaMetadata$FieldMetadata.<init>;143;isAccessible=true;
Field.get*;<hex.schemas.GLMV3$GLMParametersV3: double tweedie_variance_power>;water.api.SchemaMetadata$FieldMetadata.<init>;143;isAccessible=true;
Field.get*;<hex.schemas.GLMV3$GLMParametersV3: double[] alpha>;water.api.SchemaMetadata$FieldMetadata.<init>;143;isAccessible=true;
Field.get*;<hex.schemas.GLMV3$GLMParametersV3: double[] lambda>;water.api.SchemaMetadata$FieldMetadata.<init>;143;isAccessible=true;
Field.get*;<hex.schemas.GLMV3$GLMParametersV3: double[] startval>;water.api.SchemaMetadata$FieldMetadata.<init>;143;isAccessible=true;
Field.get*;<hex.schemas.GLMV3$GLMParametersV3: float max_after_balance_size>;water.api.SchemaMetadata$FieldMetadata.<init>;143;isAccessible=true;
Field.get*;<hex.schemas.GLMV3$GLMParametersV3: float[] class_sampling_factors>;water.api.SchemaMetadata$FieldMetadata.<init>;143;isAccessible=true;
Field.get*;<hex.schemas.GLMV3$GLMParametersV3: hex.glm.GLMModel$GLMParameters$DispersionMethod dispersion_parameter_method>;water.api.SchemaMetadata$FieldMetadata.<init>;143;isAccessible=true;
Field.get*;<hex.schemas.GLMV3$GLMParametersV3: hex.glm.GLMModel$GLMParameters$Family family>;water.api.SchemaMetadata$FieldMetadata.<init>;143;isAccessible=true;
Field.get*;<hex.schemas.GLMV3$GLMParametersV3: hex.glm.GLMModel$GLMParameters$Family[] rand_family>;water.api.SchemaMetadata$FieldMetadata.<init>;143;isAccessible=true;
Field.get*;<hex.schemas.GLMV3$GLMParametersV3: hex.glm.GLMModel$GLMParameters$Influence influence>;water.api.SchemaMetadata$FieldMetadata.<init>;143;isAccessible=true;
Field.get*;<hex.schemas.GLMV3$GLMParametersV3: hex.glm.GLMModel$GLMParameters$Link link>;water.api.SchemaMetadata$FieldMetadata.<init>;143;isAccessible=true;
Field.get*;<hex.schemas.GLMV3$GLMParametersV3: hex.glm.GLMModel$GLMParameters$Link[] rand_link>;water.api.SchemaMetadata$FieldMetadata.<init>;143;isAccessible=true;
Field.get*;<hex.schemas.GLMV3$GLMParametersV3: hex.glm.GLMModel$GLMParameters$MissingValuesHandling missing_values_handling>;water.api.SchemaMetadata$FieldMetadata.<init>;143;isAccessible=true;
Field.get*;<hex.schemas.GLMV3$GLMParametersV3: hex.glm.GLMModel$GLMParameters$Solver solver>;water.api.SchemaMetadata$FieldMetadata.<init>;143;isAccessible=true;
Field.get*;<hex.schemas.GLMV3$GLMParametersV3: int max_active_predictors>;water.api.SchemaMetadata$FieldMetadata.<init>;143;isAccessible=true;
Field.get*;<hex.schemas.GLMV3$GLMParametersV3: int max_confusion_matrix_size>;water.api.SchemaMetadata$FieldMetadata.<init>;143;isAccessible=true;
Field.get*;<hex.schemas.GLMV3$GLMParametersV3: int max_iterations>;water.api.SchemaMetadata$FieldMetadata.<init>;143;isAccessible=true;
Field.get*;<hex.schemas.GLMV3$GLMParametersV3: int max_iterations_dispersion>;water.api.SchemaMetadata$FieldMetadata.<init>;143;isAccessible=true;
Field.get*;<hex.schemas.GLMV3$GLMParametersV3: int nlambdas>;water.api.SchemaMetadata$FieldMetadata.<init>;143;isAccessible=true;
Field.get*;<hex.schemas.GLMV3$GLMParametersV3: int score_iteration_interval>;water.api.SchemaMetadata$FieldMetadata.<init>;143;isAccessible=true;
Field.get*;<hex.schemas.GLMV3$GLMParametersV3: int[] random_columns>;water.api.SchemaMetadata$FieldMetadata.<init>;143;isAccessible=true;
Field.get*;<hex.schemas.GLMV3$GLMParametersV3: java.lang.String[] interactions>;water.api.SchemaMetadata$FieldMetadata.<init>;143;isAccessible=true;
Field.get*;<hex.schemas.GLMV3$GLMParametersV3: long seed>;water.api.SchemaMetadata$FieldMetadata.<init>;143;isAccessible=true;
Field.get*;<hex.schemas.GLMV3$GLMParametersV3: water.api.schemas3.KeyV3$FrameKeyV3 beta_constraints>;water.api.SchemaMetadata$FieldMetadata.<init>;143;isAccessible=true;
Field.get*;<hex.schemas.GLMV3$GLMParametersV3: water.api.schemas3.KeyV3$FrameKeyV3 plug_values>;water.api.SchemaMetadata$FieldMetadata.<init>;143;isAccessible=true;
Field.get*;<hex.schemas.GLMV3$GLMParametersV3: water.api.schemas3.StringPairV3[] interaction_pairs>;water.api.SchemaMetadata$FieldMetadata.<init>;143;isAccessible=true;
Field.get*;<hex.schemas.GLRMModelV3$GLRMModelOutputV3: double avg_change_obj>;water.api.SchemaMetadata$FieldMetadata.<init>;143;isAccessible=true;
Field.get*;<hex.schemas.GLRMModelV3$GLRMModelOutputV3: double objective>;water.api.SchemaMetadata$FieldMetadata.<init>;143;isAccessible=true;
Field.get*;<hex.schemas.GLRMModelV3$GLRMModelOutputV3: double step_size>;water.api.SchemaMetadata$FieldMetadata.<init>;143;isAccessible=true;
Field.get*;<hex.schemas.GLRMModelV3$GLRMModelOutputV3: double[] singular_vals>;water.api.SchemaMetadata$FieldMetadata.<init>;143;isAccessible=true;
Field.get*;<hex.schemas.GLRMModelV3$GLRMModelOutputV3: int iterations>;water.api.SchemaMetadata$FieldMetadata.<init>;143;isAccessible=true;
Field.get*;<hex.schemas.GLRMModelV3$GLRMModelOutputV3: int updates>;water.api.SchemaMetadata$FieldMetadata.<init>;143;isAccessible=true;
Field.get*;<hex.schemas.GLRMModelV3$GLRMModelOutputV3: java.lang.String representation_name>;water.api.SchemaMetadata$FieldMetadata.<init>;143;isAccessible=true;
Field.get*;<hex.schemas.GLRMModelV3$GLRMModelOutputV3: water.api.schemas3.TwoDimTableV3 archetypes>;water.api.SchemaMetadata$FieldMetadata.<init>;143;isAccessible=true;
Field.get*;<hex.schemas.GLRMModelV3$GLRMModelOutputV3: water.api.schemas3.TwoDimTableV3 eigenvectors>;water.api.SchemaMetadata$FieldMetadata.<init>;143;isAccessible=true;
Field.get*;<hex.schemas.GLRMModelV3$GLRMModelOutputV3: water.api.schemas3.TwoDimTableV3 importance>;water.api.SchemaMetadata$FieldMetadata.<init>;143;isAccessible=true;
Field.get*;<hex.schemas.GLRMV3$GLRMParametersV3: boolean expand_user_y>;water.api.SchemaMetadata$FieldMetadata.<init>;143;isAccessible=true;
Field.get*;<hex.schemas.GLRMV3$GLRMParametersV3: boolean impute_original>;water.api.SchemaMetadata$FieldMetadata.<init>;143;isAccessible=true;
Field.get*;<hex.schemas.GLRMV3$GLRMParametersV3: boolean recover_svd>;water.api.SchemaMetadata$FieldMetadata.<init>;143;isAccessible=true;
Field.get*;<hex.schemas.GLRMV3$GLRMParametersV3: double gamma_x>;water.api.SchemaMetadata$FieldMetadata.<init>;143;isAccessible=true;
Field.get*;<hex.schemas.GLRMV3$GLRMParametersV3: double gamma_y>;water.api.SchemaMetadata$FieldMetadata.<init>;143;isAccessible=true;
Field.get*;<hex.schemas.GLRMV3$GLRMParametersV3: double init_step_size>;water.api.SchemaMetadata$FieldMetadata.<init>;143;isAccessible=true;
Field.get*;<hex.schemas.GLRMV3$GLRMParametersV3: double min_step_size>;water.api.SchemaMetadata$FieldMetadata.<init>;143;isAccessible=true;
Field.get*;<hex.schemas.GLRMV3$GLRMParametersV3: hex.DataInfo$TransformType transform>;water.api.SchemaMetadata$FieldMetadata.<init>;143;isAccessible=true;
Field.get*;<hex.schemas.GLRMV3$GLRMParametersV3: hex.genmodel.algos.glrm.GlrmInitialization init>;water.api.SchemaMetadata$FieldMetadata.<init>;143;isAccessible=true;
Field.get*;<hex.schemas.GLRMV3$GLRMParametersV3: hex.genmodel.algos.glrm.GlrmLoss loss>;water.api.SchemaMetadata$FieldMetadata.<init>;143;isAccessible=true;
Field.get*;<hex.schemas.GLRMV3$GLRMParametersV3: hex.genmodel.algos.glrm.GlrmLoss multi_loss>;water.api.SchemaMetadata$FieldMetadata.<init>;143;isAccessible=true;
Field.get*;<hex.schemas.GLRMV3$GLRMParametersV3: hex.genmodel.algos.glrm.GlrmLoss[] loss_by_col>;water.api.SchemaMetadata$FieldMetadata.<init>;143;isAccessible=true;
Field.get*;<hex.schemas.GLRMV3$GLRMParametersV3: hex.genmodel.algos.glrm.GlrmRegularizer regularization_x>;water.api.SchemaMetadata$FieldMetadata.<init>;143;isAccessible=true;
Field.get*;<hex.schemas.GLRMV3$GLRMParametersV3: hex.genmodel.algos.glrm.GlrmRegularizer regularization_y>;water.api.SchemaMetadata$FieldMetadata.<init>;143;isAccessible=true;
Field.get*;<hex.schemas.GLRMV3$GLRMParametersV3: hex.svd.SVDModel$SVDParameters$Method svd_method>;water.api.SchemaMetadata$FieldMetadata.<init>;143;isAccessible=true;
Field.get*;<hex.schemas.GLRMV3$GLRMParametersV3: int k>;water.api.SchemaMetadata$FieldMetadata.<init>;143;isAccessible=true;
Field.get*;<hex.schemas.GLRMV3$GLRMParametersV3: int max_iterations>;water.api.SchemaMetadata$FieldMetadata.<init>;143;isAccessible=true;
Field.get*;<hex.schemas.GLRMV3$GLRMParametersV3: int max_updates>;water.api.SchemaMetadata$FieldMetadata.<init>;143;isAccessible=true;
Field.get*;<hex.schemas.GLRMV3$GLRMParametersV3: int period>;water.api.SchemaMetadata$FieldMetadata.<init>;143;isAccessible=true;
Field.get*;<hex.schemas.GLRMV3$GLRMParametersV3: int[] loss_by_col_idx>;water.api.SchemaMetadata$FieldMetadata.<init>;143;isAccessible=true;
Field.get*;<hex.schemas.GLRMV3$GLRMParametersV3: java.lang.String loading_name>;water.api.SchemaMetadata$FieldMetadata.<init>;143;isAccessible=true;
Field.get*;<hex.schemas.GLRMV3$GLRMParametersV3: java.lang.String representation_name>;water.api.SchemaMetadata$FieldMetadata.<init>;143;isAccessible=true;
Field.get*;<hex.schemas.GLRMV3$GLRMParametersV3: long seed>;water.api.SchemaMetadata$FieldMetadata.<init>;143;isAccessible=true;
Field.get*;<hex.schemas.GLRMV3$GLRMParametersV3: water.api.schemas3.KeyV3$FrameKeyV3 user_x>;water.api.SchemaMetadata$FieldMetadata.<init>;143;isAccessible=true;
Field.get*;<hex.schemas.GLRMV3$GLRMParametersV3: water.api.schemas3.KeyV3$FrameKeyV3 user_y>;water.api.SchemaMetadata$FieldMetadata.<init>;143;isAccessible=true;
Field.get*;<hex.schemas.GenericModelV3$GenericModelOutputV3: java.lang.String original_model_full_name>;water.api.SchemaMetadata$FieldMetadata.<init>;143;isAccessible=true;
Field.get*;<hex.schemas.GenericModelV3$GenericModelOutputV3: java.lang.String original_model_identifier>;water.api.SchemaMetadata$FieldMetadata.<init>;143;isAccessible=true;
Field.get*;<hex.schemas.GenericModelV3$GenericModelOutputV3: water.api.schemas3.TwoDimTableV3 variable_importances>;water.api.SchemaMetadata$FieldMetadata.<init>;143;isAccessible=true;
Field.get*;<hex.schemas.GenericV3$GenericParametersV3: java.lang.String path>;water.api.SchemaMetadata$FieldMetadata.<init>;143;isAccessible=true;
Field.get*;<hex.schemas.GenericV3$GenericParametersV3: water.api.schemas3.KeyV3$FrameKeyV3 model_key>;water.api.SchemaMetadata$FieldMetadata.<init>;143;isAccessible=true;
Field.get*;<hex.schemas.GramV3: boolean skip_missing>;water.api.SchemaMetadata$FieldMetadata.<init>;143;isAccessible=true;
Field.get*;<hex.schemas.GramV3: boolean standardize>;water.api.SchemaMetadata$FieldMetadata.<init>;143;isAccessible=true;
Field.get*;<hex.schemas.GramV3: boolean use_all_factor_levels>;water.api.SchemaMetadata$FieldMetadata.<init>;143;isAccessible=true;
Field.get*;<hex.schemas.GramV3: water.api.schemas3.FrameV3$ColSpecifierV3 W>;water.api.SchemaMetadata$FieldMetadata.<init>;143;isAccessible=true;
Field.get*;<hex.schemas.GramV3: water.api.schemas3.KeyV3$FrameKeyV3 X>;water.api.SchemaMetadata$FieldMetadata.<init>;143;isAccessible=true;
Field.get*;<hex.schemas.GramV3: water.api.schemas3.KeyV3$FrameKeyV3 destination_frame>;water.api.SchemaMetadata$FieldMetadata.<init>;143;isAccessible=true;
Field.get*;<hex.schemas.GrepModelV3$GrepModelOutputV3: java.lang.String[] matches>;water.api.SchemaMetadata$FieldMetadata.<init>;143;isAccessible=true;
Field.get*;<hex.schemas.GrepModelV3$GrepModelOutputV3: long[] offsets>;water.api.SchemaMetadata$FieldMetadata.<init>;143;isAccessible=true;
Field.get*;<hex.schemas.GrepV3$GrepParametersV3: java.lang.String regex>;water.api.SchemaMetadata$FieldMetadata.<init>;143;isAccessible=true;
Field.get*;<hex.schemas.GridSchemaV99: boolean decreasing>;water.api.SchemaMetadata$FieldMetadata.<init>;143;isAccessible=true;
Field.get*;<hex.schemas.GridSchemaV99: java.lang.String export_checkpoints_dir>;water.api.SchemaMetadata$FieldMetadata.<init>;143;isAccessible=true;
Field.get*;<hex.schemas.GridSchemaV99: java.lang.String sort_by>;water.api.SchemaMetadata$FieldMetadata.<init>;143;isAccessible=true;
Field.get*;<hex.schemas.GridSchemaV99: java.lang.String[] failure_details>;water.api.SchemaMetadata$FieldMetadata.<init>;143;isAccessible=true;
Field.get*;<hex.schemas.GridSchemaV99: java.lang.String[] failure_stack_traces>;water.api.SchemaMetadata$FieldMetadata.<init>;143;isAccessible=true;
Field.get*;<hex.schemas.GridSchemaV99: java.lang.String[] hyper_names>;water.api.SchemaMetadata$FieldMetadata.<init>;143;isAccessible=true;
Field.get*;<hex.schemas.GridSchemaV99: java.lang.String[] warning_details>;water.api.SchemaMetadata$FieldMetadata.<init>;143;isAccessible=true;
Field.get*;<hex.schemas.GridSchemaV99: java.lang.String[][] failed_raw_params>;water.api.SchemaMetadata$FieldMetadata.<init>;143;isAccessible=true;
Field.get*;<hex.schemas.GridSchemaV99: water.api.schemas3.KeyV3$GridKeyV3 grid_id>;water.api.SchemaMetadata$FieldMetadata.<init>;143;isAccessible=true;
Field.get*;<hex.schemas.GridSchemaV99: water.api.schemas3.KeyV3$ModelKeyV3[] model_ids>;water.api.SchemaMetadata$FieldMetadata.<init>;143;isAccessible=true;
Field.get*;<hex.schemas.GridSchemaV99: water.api.schemas3.ModelMetricsBaseV3[] cross_validation_metrics>;water.api.SchemaMetadata$FieldMetadata.<init>;143;isAccessible=true;
Field.get*;<hex.schemas.GridSchemaV99: water.api.schemas3.ModelMetricsBaseV3[] training_metrics>;water.api.SchemaMetadata$FieldMetadata.<init>;143;isAccessible=true;
Field.get*;<hex.schemas.GridSchemaV99: water.api.schemas3.ModelMetricsBaseV3[] validation_metrics>;water.api.SchemaMetadata$FieldMetadata.<init>;143;isAccessible=true;
Field.get*;<hex.schemas.GridSchemaV99: water.api.schemas3.ModelParametersSchemaV3[] failed_params>;water.api.SchemaMetadata$FieldMetadata.<init>;143;isAccessible=true;
Field.get*;<hex.schemas.GridSchemaV99: water.api.schemas3.TwoDimTableV3 scoring_history>;water.api.SchemaMetadata$FieldMetadata.<init>;143;isAccessible=true;
Field.get*;<hex.schemas.GridSchemaV99: water.api.schemas3.TwoDimTableV3 summary_table>;water.api.SchemaMetadata$FieldMetadata.<init>;143;isAccessible=true;
Field.get*;<hex.schemas.GridSchemaV99: water.api.schemas3.TwoDimTableV3[] cross_validation_metrics_summary>;water.api.SchemaMetadata$FieldMetadata.<init>;143;isAccessible=true;
Field.get*;<hex.schemas.GridSearchSchema: hex.schemas.HyperSpaceSearchCriteriaV99 search_criteria>;water.api.SchemaMetadata$FieldMetadata.<init>;143;isAccessible=true;
Field.get*;<hex.schemas.GridSearchSchema: int parallelism>;water.api.SchemaMetadata$FieldMetadata.<init>;143;isAccessible=true;
Field.get*;<hex.schemas.GridSearchSchema: int total_models>;water.api.SchemaMetadata$FieldMetadata.<init>;143;isAccessible=true;
Field.get*;<hex.schemas.GridSearchSchema: java.lang.String recovery_dir>;water.api.SchemaMetadata$FieldMetadata.<init>;143;isAccessible=true;
Field.get*;<hex.schemas.GridSearchSchema: water.api.schemas3.JobV3 job>;water.api.SchemaMetadata$FieldMetadata.<init>;143;isAccessible=true;
Field.get*;<hex.schemas.GridSearchSchema: water.api.schemas3.KeyV3$GridKeyV3 grid_id>;water.api.SchemaMetadata$FieldMetadata.<init>;143;isAccessible=true;
Field.get*;<hex.schemas.GridSearchSchema: water.api.schemas3.KeyV3$JobKeyV3 job_id>;water.api.SchemaMetadata$FieldMetadata.<init>;143;isAccessible=true;
Field.get*;<hex.schemas.GridSearchSchema: water.api.schemas3.ModelParametersSchemaV3 parameters>;water.api.SchemaMetadata$FieldMetadata.<init>;143;isAccessible=true;
Field.get*;<hex.schemas.GridSearchSchema: water.util.IcedHashMap hyper_parameters>;water.api.SchemaMetadata$FieldMetadata.<init>;143;isAccessible=true;
Field.get*;<hex.schemas.HyperSpaceSearchCriteriaV99$RandomDiscreteValueSearchCriteriaV99: double max_runtime_secs>;water.api.SchemaMetadata$FieldMetadata.<init>;143;isAccessible=true;
Field.get*;<hex.schemas.HyperSpaceSearchCriteriaV99$RandomDiscreteValueSearchCriteriaV99: double stopping_tolerance>;water.api.SchemaMetadata$FieldMetadata.<init>;143;isAccessible=true;
Field.get*;<hex.schemas.HyperSpaceSearchCriteriaV99$RandomDiscreteValueSearchCriteriaV99: hex.ScoreKeeper$StoppingMetric stopping_metric>;water.api.SchemaMetadata$FieldMetadata.<init>;143;isAccessible=true;
Field.get*;<hex.schemas.HyperSpaceSearchCriteriaV99$RandomDiscreteValueSearchCriteriaV99: int max_models>;water.api.SchemaMetadata$FieldMetadata.<init>;143;isAccessible=true;
Field.get*;<hex.schemas.HyperSpaceSearchCriteriaV99$RandomDiscreteValueSearchCriteriaV99: int stopping_rounds>;water.api.SchemaMetadata$FieldMetadata.<init>;143;isAccessible=true;
Field.get*;<hex.schemas.HyperSpaceSearchCriteriaV99$RandomDiscreteValueSearchCriteriaV99: long seed>;water.api.SchemaMetadata$FieldMetadata.<init>;143;isAccessible=true;
Field.get*;<hex.schemas.HyperSpaceSearchCriteriaV99$SequentialSearchCriteriaV99: boolean early_stopping>;water.api.SchemaMetadata$FieldMetadata.<init>;143;isAccessible=true;
Field.get*;<hex.schemas.HyperSpaceSearchCriteriaV99$SequentialSearchCriteriaV99: double max_runtime_secs>;water.api.SchemaMetadata$FieldMetadata.<init>;143;isAccessible=true;
Field.get*;<hex.schemas.HyperSpaceSearchCriteriaV99$SequentialSearchCriteriaV99: double stopping_tolerance>;water.api.SchemaMetadata$FieldMetadata.<init>;143;isAccessible=true;
Field.get*;<hex.schemas.HyperSpaceSearchCriteriaV99$SequentialSearchCriteriaV99: hex.ScoreKeeper$StoppingMetric stopping_metric>;water.api.SchemaMetadata$FieldMetadata.<init>;143;isAccessible=true;
Field.get*;<hex.schemas.HyperSpaceSearchCriteriaV99$SequentialSearchCriteriaV99: int max_models>;water.api.SchemaMetadata$FieldMetadata.<init>;143;isAccessible=true;
Field.get*;<hex.schemas.HyperSpaceSearchCriteriaV99$SequentialSearchCriteriaV99: int stopping_rounds>;water.api.SchemaMetadata$FieldMetadata.<init>;143;isAccessible=true;
Field.get*;<hex.schemas.HyperSpaceSearchCriteriaV99: hex.grid.HyperSpaceSearchCriteria$Strategy strategy>;water.api.SchemaMetadata$FieldMetadata.<init>;143;isAccessible=true;
Field.get*;<hex.schemas.InfogramModelV3$InfogramModelOutputV3: double[] admissible_cmi>;water.api.SchemaMetadata$FieldMetadata.<init>;143;isAccessible=true;
Field.get*;<hex.schemas.InfogramModelV3$InfogramModelOutputV3: double[] admissible_cmi_raw>;water.api.SchemaMetadata$FieldMetadata.<init>;143;isAccessible=true;
Field.get*;<hex.schemas.InfogramModelV3$InfogramModelOutputV3: double[] admissible_relevance>;water.api.SchemaMetadata$FieldMetadata.<init>;143;isAccessible=true;
Field.get*;<hex.schemas.InfogramModelV3$InfogramModelOutputV3: double[] cmi>;water.api.SchemaMetadata$FieldMetadata.<init>;143;isAccessible=true;
Field.get*;<hex.schemas.InfogramModelV3$InfogramModelOutputV3: double[] cmi_raw>;water.api.SchemaMetadata$FieldMetadata.<init>;143;isAccessible=true;
Field.get*;<hex.schemas.InfogramModelV3$InfogramModelOutputV3: double[] relevance>;water.api.SchemaMetadata$FieldMetadata.<init>;143;isAccessible=true;
Field.get*;<hex.schemas.InfogramModelV3$InfogramModelOutputV3: java.lang.String[] admissible_features>;water.api.SchemaMetadata$FieldMetadata.<init>;143;isAccessible=true;
Field.get*;<hex.schemas.InfogramModelV3$InfogramModelOutputV3: java.lang.String[] admissible_features_valid>;water.api.SchemaMetadata$FieldMetadata.<init>;143;isAccessible=true;
Field.get*;<hex.schemas.InfogramModelV3$InfogramModelOutputV3: java.lang.String[] admissible_features_xval>;water.api.SchemaMetadata$FieldMetadata.<init>;143;isAccessible=true;
Field.get*;<hex.schemas.InfogramModelV3$InfogramModelOutputV3: java.lang.String[] all_predictor_names>;water.api.SchemaMetadata$FieldMetadata.<init>;143;isAccessible=true;
Field.get*;<hex.schemas.InfogramModelV3$InfogramModelOutputV3: water.api.schemas3.KeyV3$FrameKeyV3 admissible_score_key>;water.api.SchemaMetadata$FieldMetadata.<init>;143;isAccessible=true;
Field.get*;<hex.schemas.InfogramModelV3$InfogramModelOutputV3: water.api.schemas3.KeyV3$FrameKeyV3 admissible_score_key_valid>;water.api.SchemaMetadata$FieldMetadata.<init>;143;isAccessible=true;
Field.get*;<hex.schemas.InfogramModelV3$InfogramModelOutputV3: water.api.schemas3.KeyV3$FrameKeyV3 admissible_score_key_xval>;water.api.SchemaMetadata$FieldMetadata.<init>;143;isAccessible=true;
Field.get*;<hex.schemas.InfogramV3$InfogramParametersV3: boolean balance_classes>;water.api.SchemaMetadata$FieldMetadata.<init>;143;isAccessible=true;
Field.get*;<hex.schemas.InfogramV3$InfogramParametersV3: boolean standardize>;water.api.SchemaMetadata$FieldMetadata.<init>;143;isAccessible=true;
Field.get*;<hex.schemas.InfogramV3$InfogramParametersV3: double data_fraction>;water.api.SchemaMetadata$FieldMetadata.<init>;143;isAccessible=true;
Field.get*;<hex.schemas.InfogramV3$InfogramParametersV3: double net_information_threshold>;water.api.SchemaMetadata$FieldMetadata.<init>;143;isAccessible=true;
Field.get*;<hex.schemas.InfogramV3$InfogramParametersV3: double prior>;water.api.SchemaMetadata$FieldMetadata.<init>;143;isAccessible=true;
Field.get*;<hex.schemas.InfogramV3$InfogramParametersV3: double relevance_index_threshold>;water.api.SchemaMetadata$FieldMetadata.<init>;143;isAccessible=true;
Field.get*;<hex.schemas.InfogramV3$InfogramParametersV3: double safety_index_threshold>;water.api.SchemaMetadata$FieldMetadata.<init>;143;isAccessible=true;
Field.get*;<hex.schemas.InfogramV3$InfogramParametersV3: double total_information_threshold>;water.api.SchemaMetadata$FieldMetadata.<init>;143;isAccessible=true;
Field.get*;<hex.schemas.InfogramV3$InfogramParametersV3: float max_after_balance_size>;water.api.SchemaMetadata$FieldMetadata.<init>;143;isAccessible=true;
Field.get*;<hex.schemas.InfogramV3$InfogramParametersV3: float[] class_sampling_factors>;water.api.SchemaMetadata$FieldMetadata.<init>;143;isAccessible=true;
Field.get*;<hex.schemas.InfogramV3$InfogramParametersV3: hex.Infogram.InfogramModel$InfogramParameters$Algorithm algorithm>;water.api.SchemaMetadata$FieldMetadata.<init>;143;isAccessible=true;
Field.get*;<hex.schemas.InfogramV3$InfogramParametersV3: int max_iterations>;water.api.SchemaMetadata$FieldMetadata.<init>;143;isAccessible=true;
Field.get*;<hex.schemas.InfogramV3$InfogramParametersV3: int top_n_features>;water.api.SchemaMetadata$FieldMetadata.<init>;143;isAccessible=true;
Field.get*;<hex.schemas.InfogramV3$InfogramParametersV3: java.lang.String algorithm_params>;water.api.SchemaMetadata$FieldMetadata.<init>;143;isAccessible=true;
Field.get*;<hex.schemas.InfogramV3$InfogramParametersV3: java.lang.String[] protected_columns>;water.api.SchemaMetadata$FieldMetadata.<init>;143;isAccessible=true;
Field.get*;<hex.schemas.InfogramV3$InfogramParametersV3: long seed>;water.api.SchemaMetadata$FieldMetadata.<init>;143;isAccessible=true;
Field.get*;<hex.schemas.InfogramV3$InfogramParametersV3: water.api.schemas3.KeyV3$FrameKeyV3 plug_values>;water.api.SchemaMetadata$FieldMetadata.<init>;143;isAccessible=true;
Field.get*;<hex.schemas.IsolationForestModelV3$IsolationForestModelOutputV3: water.api.schemas3.TwoDimTableV3 variable_splits>;water.api.SchemaMetadata$FieldMetadata.<init>;143;isAccessible=true;
Field.get*;<hex.schemas.IsolationForestV3$IsolationForestParametersV3: double contamination>;water.api.SchemaMetadata$FieldMetadata.<init>;143;isAccessible=true;
Field.get*;<hex.schemas.IsolationForestV3$IsolationForestParametersV3: double sample_rate>;water.api.SchemaMetadata$FieldMetadata.<init>;143;isAccessible=true;
Field.get*;<hex.schemas.IsolationForestV3$IsolationForestParametersV3: int mtries>;water.api.SchemaMetadata$FieldMetadata.<init>;143;isAccessible=true;
Field.get*;<hex.schemas.IsolationForestV3$IsolationForestParametersV3: long sample_size>;water.api.SchemaMetadata$FieldMetadata.<init>;143;isAccessible=true;
Field.get*;<hex.schemas.IsolationForestV3$IsolationForestParametersV3: water.api.schemas3.FrameV3$ColSpecifierV3 validation_response_column>;water.api.SchemaMetadata$FieldMetadata.<init>;143;isAccessible=true;
Field.get*;<hex.schemas.IsotonicRegressionModelV3$IsotonicRegressionModelOutputV3: double max_x>;water.api.SchemaMetadata$FieldMetadata.<init>;143;isAccessible=true;
Field.get*;<hex.schemas.IsotonicRegressionModelV3$IsotonicRegressionModelOutputV3: double min_x>;water.api.SchemaMetadata$FieldMetadata.<init>;143;isAccessible=true;
Field.get*;<hex.schemas.IsotonicRegressionModelV3$IsotonicRegressionModelOutputV3: double[] thresholds_x>;water.api.SchemaMetadata$FieldMetadata.<init>;143;isAccessible=true;
Field.get*;<hex.schemas.IsotonicRegressionModelV3$IsotonicRegressionModelOutputV3: double[] thresholds_y>;water.api.SchemaMetadata$FieldMetadata.<init>;143;isAccessible=true;
Field.get*;<hex.schemas.IsotonicRegressionV3$IsotonicRegressionParametersV3: hex.isotonic.IsotonicRegressionModel$OutOfBoundsHandling out_of_bounds>;water.api.SchemaMetadata$FieldMetadata.<init>;143;isAccessible=true;
Field.get*;<hex.schemas.KMeansModelV3$KMeansModelOutputV3: water.api.schemas3.TwoDimTableV3 centers>;water.api.SchemaMetadata$FieldMetadata.<init>;143;isAccessible=true;
Field.get*;<hex.schemas.KMeansModelV3$KMeansModelOutputV3: water.api.schemas3.TwoDimTableV3 centers_std>;water.api.SchemaMetadata$FieldMetadata.<init>;143;isAccessible=true;
Field.get*;<hex.schemas.KMeansV3$KMeansParametersV3: boolean estimate_k>;water.api.SchemaMetadata$FieldMetadata.<init>;143;isAccessible=true;
Field.get*;<hex.schemas.KMeansV3$KMeansParametersV3: boolean standardize>;water.api.SchemaMetadata$FieldMetadata.<init>;143;isAccessible=true;
Field.get*;<hex.schemas.KMeansV3$KMeansParametersV3: hex.kmeans.KMeans$Initialization init>;water.api.SchemaMetadata$FieldMetadata.<init>;143;isAccessible=true;
Field.get*;<hex.schemas.KMeansV3$KMeansParametersV3: int max_iterations>;water.api.SchemaMetadata$FieldMetadata.<init>;143;isAccessible=true;
Field.get*;<hex.schemas.KMeansV3$KMeansParametersV3: int[] cluster_size_constraints>;water.api.SchemaMetadata$FieldMetadata.<init>;143;isAccessible=true;
Field.get*;<hex.schemas.KMeansV3$KMeansParametersV3: long seed>;water.api.SchemaMetadata$FieldMetadata.<init>;143;isAccessible=true;
Field.get*;<hex.schemas.KMeansV3$KMeansParametersV3: water.api.schemas3.KeyV3$FrameKeyV3 user_points>;water.api.SchemaMetadata$FieldMetadata.<init>;143;isAccessible=true;
Field.get*;<hex.schemas.MakeGLMModelV3: double[] beta>;water.api.SchemaMetadata$FieldMetadata.<init>;143;isAccessible=true;
Field.get*;<hex.schemas.MakeGLMModelV3: float threshold>;water.api.SchemaMetadata$FieldMetadata.<init>;143;isAccessible=true;
Field.get*;<hex.schemas.MakeGLMModelV3: java.lang.String[] names>;water.api.SchemaMetadata$FieldMetadata.<init>;143;isAccessible=true;
Field.get*;<hex.schemas.MakeGLMModelV3: water.api.schemas3.KeyV3$ModelKeyV3 dest>;water.api.SchemaMetadata$FieldMetadata.<init>;143;isAccessible=true;
Field.get*;<hex.schemas.MakeGLMModelV3: water.api.schemas3.KeyV3$ModelKeyV3 model>;water.api.SchemaMetadata$FieldMetadata.<init>;143;isAccessible=true;
Field.get*;<hex.schemas.ModelBuilderSchema: boolean supervised>;water.api.SchemaMetadata$FieldMetadata.<init>;143;isAccessible=true;
Field.get*;<hex.schemas.ModelBuilderSchema: hex.ModelBuilder$BuilderVisibility visibility>;water.api.SchemaMetadata$FieldMetadata.<init>;143;isAccessible=true;
Field.get*;<hex.schemas.ModelBuilderSchema: hex.ModelCategory[] can_build>;water.api.SchemaMetadata$FieldMetadata.<init>;143;isAccessible=true;
Field.get*;<hex.schemas.ModelBuilderSchema: int __http_status>;water.api.SchemaMetadata$FieldMetadata.<init>;143;isAccessible=true;
Field.get*;<hex.schemas.ModelBuilderSchema: int error_count>;water.api.SchemaMetadata$FieldMetadata.<init>;143;isAccessible=true;
Field.get*;<hex.schemas.ModelBuilderSchema: java.lang.String algo>;water.api.SchemaMetadata$FieldMetadata.<init>;143;isAccessible=true;
Field.get*;<hex.schemas.ModelBuilderSchema: java.lang.String algo_full_name>;water.api.SchemaMetadata$FieldMetadata.<init>;143;isAccessible=true;
Field.get*;<hex.schemas.ModelBuilderSchema: water.api.schemas3.JobV3 job>;water.api.SchemaMetadata$FieldMetadata.<init>;143;isAccessible=true;
Field.get*;<hex.schemas.ModelBuilderSchema: water.api.schemas3.ModelParametersSchemaV3 parameters>;water.api.SchemaMetadata$FieldMetadata.<init>;143;isAccessible=true;
Field.get*;<hex.schemas.ModelBuilderSchema: water.api.schemas3.ValidationMessageV3[] messages>;water.api.SchemaMetadata$FieldMetadata.<init>;143;isAccessible=true;
Field.get*;<hex.schemas.ModelSelectionModelV3$ModelSelectionModelOutputV3: double[] best_r2_values>;water.api.SchemaMetadata$FieldMetadata.<init>;143;isAccessible=true;
Field.get*;<hex.schemas.ModelSelectionModelV3$ModelSelectionModelOutputV3: double[][] coef_p_values>;water.api.SchemaMetadata$FieldMetadata.<init>;143;isAccessible=true;
Field.get*;<hex.schemas.ModelSelectionModelV3$ModelSelectionModelOutputV3: double[][] coefficient_values>;water.api.SchemaMetadata$FieldMetadata.<init>;143;isAccessible=true;
Field.get*;<hex.schemas.ModelSelectionModelV3$ModelSelectionModelOutputV3: double[][] coefficient_values_normalized>;water.api.SchemaMetadata$FieldMetadata.<init>;143;isAccessible=true;
Field.get*;<hex.schemas.ModelSelectionModelV3$ModelSelectionModelOutputV3: double[][] z_values>;water.api.SchemaMetadata$FieldMetadata.<init>;143;isAccessible=true;
Field.get*;<hex.schemas.ModelSelectionModelV3$ModelSelectionModelOutputV3: java.lang.String[][] best_predictors_subset>;water.api.SchemaMetadata$FieldMetadata.<init>;143;isAccessible=true;
Field.get*;<hex.schemas.ModelSelectionModelV3$ModelSelectionModelOutputV3: java.lang.String[][] coefficient_names>;water.api.SchemaMetadata$FieldMetadata.<init>;143;isAccessible=true;
Field.get*;<hex.schemas.ModelSelectionModelV3$ModelSelectionModelOutputV3: java.lang.String[][] predictors_added_per_step>;water.api.SchemaMetadata$FieldMetadata.<init>;143;isAccessible=true;
Field.get*;<hex.schemas.ModelSelectionModelV3$ModelSelectionModelOutputV3: java.lang.String[][] predictors_removed_per_step>;water.api.SchemaMetadata$FieldMetadata.<init>;143;isAccessible=true;
Field.get*;<hex.schemas.ModelSelectionModelV3$ModelSelectionModelOutputV3: water.api.schemas3.KeyV3$ModelKeyV3[] best_model_ids>;water.api.SchemaMetadata$FieldMetadata.<init>;143;isAccessible=true;
Field.get*;<hex.schemas.ModelSelectionV3$ModelSelectionParametersV3: boolean balance_classes>;water.api.SchemaMetadata$FieldMetadata.<init>;143;isAccessible=true;
Field.get*;<hex.schemas.ModelSelectionV3$ModelSelectionParametersV3: boolean build_glm_model>;water.api.SchemaMetadata$FieldMetadata.<init>;143;isAccessible=true;
Field.get*;<hex.schemas.ModelSelectionV3$ModelSelectionParametersV3: boolean calc_like>;water.api.SchemaMetadata$FieldMetadata.<init>;143;isAccessible=true;
Field.get*;<hex.schemas.ModelSelectionV3$ModelSelectionParametersV3: boolean cold_start>;water.api.SchemaMetadata$FieldMetadata.<init>;143;isAccessible=true;
Field.get*;<hex.schemas.ModelSelectionV3$ModelSelectionParametersV3: boolean compute_p_values>;water.api.SchemaMetadata$FieldMetadata.<init>;143;isAccessible=true;
Field.get*;<hex.schemas.ModelSelectionV3$ModelSelectionParametersV3: boolean early_stopping>;water.api.SchemaMetadata$FieldMetadata.<init>;143;isAccessible=true;
Field.get*;<hex.schemas.ModelSelectionV3$ModelSelectionParametersV3: boolean intercept>;water.api.SchemaMetadata$FieldMetadata.<init>;143;isAccessible=true;
Field.get*;<hex.schemas.ModelSelectionV3$ModelSelectionParametersV3: boolean lambda_search>;water.api.SchemaMetadata$FieldMetadata.<init>;143;isAccessible=true;
Field.get*;<hex.schemas.ModelSelectionV3$ModelSelectionParametersV3: boolean multinode_mode>;water.api.SchemaMetadata$FieldMetadata.<init>;143;isAccessible=true;
Field.get*;<hex.schemas.ModelSelectionV3$ModelSelectionParametersV3: boolean non_negative>;water.api.SchemaMetadata$FieldMetadata.<init>;143;isAccessible=true;
Field.get*;<hex.schemas.ModelSelectionV3$ModelSelectionParametersV3: boolean remove_collinear_columns>;water.api.SchemaMetadata$FieldMetadata.<init>;143;isAccessible=true;
Field.get*;<hex.schemas.ModelSelectionV3$ModelSelectionParametersV3: boolean standardize>;water.api.SchemaMetadata$FieldMetadata.<init>;143;isAccessible=true;
Field.get*;<hex.schemas.ModelSelectionV3$ModelSelectionParametersV3: double beta_epsilon>;water.api.SchemaMetadata$FieldMetadata.<init>;143;isAccessible=true;
Field.get*;<hex.schemas.ModelSelectionV3$ModelSelectionParametersV3: double gradient_epsilon>;water.api.SchemaMetadata$FieldMetadata.<init>;143;isAccessible=true;
Field.get*;<hex.schemas.ModelSelectionV3$ModelSelectionParametersV3: double lambda_min_ratio>;water.api.SchemaMetadata$FieldMetadata.<init>;143;isAccessible=true;
Field.get*;<hex.schemas.ModelSelectionV3$ModelSelectionParametersV3: double obj_reg>;water.api.SchemaMetadata$FieldMetadata.<init>;143;isAccessible=true;
Field.get*;<hex.schemas.ModelSelectionV3$ModelSelectionParametersV3: double objective_epsilon>;water.api.SchemaMetadata$FieldMetadata.<init>;143;isAccessible=true;
Field.get*;<hex.schemas.ModelSelectionV3$ModelSelectionParametersV3: double p_values_threshold>;water.api.SchemaMetadata$FieldMetadata.<init>;143;isAccessible=true;
Field.get*;<hex.schemas.ModelSelectionV3$ModelSelectionParametersV3: double prior>;water.api.SchemaMetadata$FieldMetadata.<init>;143;isAccessible=true;
Field.get*;<hex.schemas.ModelSelectionV3$ModelSelectionParametersV3: double theta>;water.api.SchemaMetadata$FieldMetadata.<init>;143;isAccessible=true;
Field.get*;<hex.schemas.ModelSelectionV3$ModelSelectionParametersV3: double tweedie_link_power>;water.api.SchemaMetadata$FieldMetadata.<init>;143;isAccessible=true;
Field.get*;<hex.schemas.ModelSelectionV3$ModelSelectionParametersV3: double tweedie_variance_power>;water.api.SchemaMetadata$FieldMetadata.<init>;143;isAccessible=true;
Field.get*;<hex.schemas.ModelSelectionV3$ModelSelectionParametersV3: double[] alpha>;water.api.SchemaMetadata$FieldMetadata.<init>;143;isAccessible=true;
Field.get*;<hex.schemas.ModelSelectionV3$ModelSelectionParametersV3: double[] lambda>;water.api.SchemaMetadata$FieldMetadata.<init>;143;isAccessible=true;
Field.get*;<hex.schemas.ModelSelectionV3$ModelSelectionParametersV3: double[] startval>;water.api.SchemaMetadata$FieldMetadata.<init>;143;isAccessible=true;
Field.get*;<hex.schemas.ModelSelectionV3$ModelSelectionParametersV3: float max_after_balance_size>;water.api.SchemaMetadata$FieldMetadata.<init>;143;isAccessible=true;
Field.get*;<hex.schemas.ModelSelectionV3$ModelSelectionParametersV3: float[] class_sampling_factors>;water.api.SchemaMetadata$FieldMetadata.<init>;143;isAccessible=true;
Field.get*;<hex.schemas.ModelSelectionV3$ModelSelectionParametersV3: hex.glm.GLMModel$GLMParameters$Family family>;water.api.SchemaMetadata$FieldMetadata.<init>;143;isAccessible=true;
Field.get*;<hex.schemas.ModelSelectionV3$ModelSelectionParametersV3: hex.glm.GLMModel$GLMParameters$Influence influence>;water.api.SchemaMetadata$FieldMetadata.<init>;143;isAccessible=true;
Field.get*;<hex.schemas.ModelSelectionV3$ModelSelectionParametersV3: hex.glm.GLMModel$GLMParameters$Link link>;water.api.SchemaMetadata$FieldMetadata.<init>;143;isAccessible=true;
Field.get*;<hex.schemas.ModelSelectionV3$ModelSelectionParametersV3: hex.glm.GLMModel$GLMParameters$MissingValuesHandling missing_values_handling>;water.api.SchemaMetadata$FieldMetadata.<init>;143;isAccessible=true;
Field.get*;<hex.schemas.ModelSelectionV3$ModelSelectionParametersV3: hex.glm.GLMModel$GLMParameters$Solver solver>;water.api.SchemaMetadata$FieldMetadata.<init>;143;isAccessible=true;
Field.get*;<hex.schemas.ModelSelectionV3$ModelSelectionParametersV3: hex.modelselection.ModelSelectionModel$ModelSelectionParameters$Mode mode>;water.api.SchemaMetadata$FieldMetadata.<init>;143;isAccessible=true;
Field.get*;<hex.schemas.ModelSelectionV3$ModelSelectionParametersV3: int max_active_predictors>;water.api.SchemaMetadata$FieldMetadata.<init>;143;isAccessible=true;
Field.get*;<hex.schemas.ModelSelectionV3$ModelSelectionParametersV3: int max_confusion_matrix_size>;water.api.SchemaMetadata$FieldMetadata.<init>;143;isAccessible=true;
Field.get*;<hex.schemas.ModelSelectionV3$ModelSelectionParametersV3: int max_iterations>;water.api.SchemaMetadata$FieldMetadata.<init>;143;isAccessible=true;
Field.get*;<hex.schemas.ModelSelectionV3$ModelSelectionParametersV3: int max_predictor_number>;water.api.SchemaMetadata$FieldMetadata.<init>;143;isAccessible=true;
Field.get*;<hex.schemas.ModelSelectionV3$ModelSelectionParametersV3: int min_predictor_number>;water.api.SchemaMetadata$FieldMetadata.<init>;143;isAccessible=true;
Field.get*;<hex.schemas.ModelSelectionV3$ModelSelectionParametersV3: int nlambdas>;water.api.SchemaMetadata$FieldMetadata.<init>;143;isAccessible=true;
Field.get*;<hex.schemas.ModelSelectionV3$ModelSelectionParametersV3: int nparallelism>;water.api.SchemaMetadata$FieldMetadata.<init>;143;isAccessible=true;
Field.get*;<hex.schemas.ModelSelectionV3$ModelSelectionParametersV3: int score_iteration_interval>;water.api.SchemaMetadata$FieldMetadata.<init>;143;isAccessible=true;
Field.get*;<hex.schemas.ModelSelectionV3$ModelSelectionParametersV3: long seed>;water.api.SchemaMetadata$FieldMetadata.<init>;143;isAccessible=true;
Field.get*;<hex.schemas.ModelSelectionV3$ModelSelectionParametersV3: water.api.schemas3.KeyV3$FrameKeyV3 beta_constraints>;water.api.SchemaMetadata$FieldMetadata.<init>;143;isAccessible=true;
Field.get*;<hex.schemas.ModelSelectionV3$ModelSelectionParametersV3: water.api.schemas3.KeyV3$FrameKeyV3 plug_values>;water.api.SchemaMetadata$FieldMetadata.<init>;143;isAccessible=true;
Field.get*;<hex.schemas.NaiveBayesModelV3$NaiveBayesModelOutputV3: java.lang.String[] levels>;water.api.SchemaMetadata$FieldMetadata.<init>;143;isAccessible=true;
Field.get*;<hex.schemas.NaiveBayesModelV3$NaiveBayesModelOutputV3: water.api.schemas3.TwoDimTableV3 apriori>;water.api.SchemaMetadata$FieldMetadata.<init>;143;isAccessible=true;
Field.get*;<hex.schemas.NaiveBayesModelV3$NaiveBayesModelOutputV3: water.api.schemas3.TwoDimTableV3[] pcond>;water.api.SchemaMetadata$FieldMetadata.<init>;143;isAccessible=true;
Field.get*;<hex.schemas.NaiveBayesV3$NaiveBayesParametersV3: boolean balance_classes>;water.api.SchemaMetadata$FieldMetadata.<init>;143;isAccessible=true;
Field.get*;<hex.schemas.NaiveBayesV3$NaiveBayesParametersV3: boolean compute_metrics>;water.api.SchemaMetadata$FieldMetadata.<init>;143;isAccessible=true;
Field.get*;<hex.schemas.NaiveBayesV3$NaiveBayesParametersV3: double eps_prob>;water.api.SchemaMetadata$FieldMetadata.<init>;143;isAccessible=true;
Field.get*;<hex.schemas.NaiveBayesV3$NaiveBayesParametersV3: double eps_sdev>;water.api.SchemaMetadata$FieldMetadata.<init>;143;isAccessible=true;
Field.get*;<hex.schemas.NaiveBayesV3$NaiveBayesParametersV3: double laplace>;water.api.SchemaMetadata$FieldMetadata.<init>;143;isAccessible=true;
Field.get*;<hex.schemas.NaiveBayesV3$NaiveBayesParametersV3: double min_prob>;water.api.SchemaMetadata$FieldMetadata.<init>;143;isAccessible=true;
Field.get*;<hex.schemas.NaiveBayesV3$NaiveBayesParametersV3: double min_sdev>;water.api.SchemaMetadata$FieldMetadata.<init>;143;isAccessible=true;
Field.get*;<hex.schemas.NaiveBayesV3$NaiveBayesParametersV3: float max_after_balance_size>;water.api.SchemaMetadata$FieldMetadata.<init>;143;isAccessible=true;
Field.get*;<hex.schemas.NaiveBayesV3$NaiveBayesParametersV3: float[] class_sampling_factors>;water.api.SchemaMetadata$FieldMetadata.<init>;143;isAccessible=true;
Field.get*;<hex.schemas.NaiveBayesV3$NaiveBayesParametersV3: int max_confusion_matrix_size>;water.api.SchemaMetadata$FieldMetadata.<init>;143;isAccessible=true;
Field.get*;<hex.schemas.NaiveBayesV3$NaiveBayesParametersV3: long seed>;water.api.SchemaMetadata$FieldMetadata.<init>;143;isAccessible=true;
Field.get*;<hex.schemas.PCAModelV3$PCAModelOutputV3: double objective>;water.api.SchemaMetadata$FieldMetadata.<init>;143;isAccessible=true;
Field.get*;<hex.schemas.PCAModelV3$PCAModelOutputV3: water.api.schemas3.TwoDimTableV3 eigenvectors>;water.api.SchemaMetadata$FieldMetadata.<init>;143;isAccessible=true;
Field.get*;<hex.schemas.PCAModelV3$PCAModelOutputV3: water.api.schemas3.TwoDimTableV3 importance>;water.api.SchemaMetadata$FieldMetadata.<init>;143;isAccessible=true;
Field.get*;<hex.schemas.PCAV3$PCAParametersV3: boolean compute_metrics>;water.api.SchemaMetadata$FieldMetadata.<init>;143;isAccessible=true;
Field.get*;<hex.schemas.PCAV3$PCAParametersV3: boolean impute_missing>;water.api.SchemaMetadata$FieldMetadata.<init>;143;isAccessible=true;
Field.get*;<hex.schemas.PCAV3$PCAParametersV3: boolean use_all_factor_levels>;water.api.SchemaMetadata$FieldMetadata.<init>;143;isAccessible=true;
Field.get*;<hex.schemas.PCAV3$PCAParametersV3: hex.DataInfo$TransformType transform>;water.api.SchemaMetadata$FieldMetadata.<init>;143;isAccessible=true;
Field.get*;<hex.schemas.PCAV3$PCAParametersV3: hex.pca.PCAImplementation pca_impl>;water.api.SchemaMetadata$FieldMetadata.<init>;143;isAccessible=true;
Field.get*;<hex.schemas.PCAV3$PCAParametersV3: hex.pca.PCAModel$PCAParameters$Method pca_method>;water.api.SchemaMetadata$FieldMetadata.<init>;143;isAccessible=true;
Field.get*;<hex.schemas.PCAV3$PCAParametersV3: int k>;water.api.SchemaMetadata$FieldMetadata.<init>;143;isAccessible=true;
Field.get*;<hex.schemas.PCAV3$PCAParametersV3: int max_iterations>;water.api.SchemaMetadata$FieldMetadata.<init>;143;isAccessible=true;
Field.get*;<hex.schemas.PCAV3$PCAParametersV3: long seed>;water.api.SchemaMetadata$FieldMetadata.<init>;143;isAccessible=true;
Field.get*;<hex.schemas.PSVMModelV3$PSVMModelOutputV3: double rho>;water.api.SchemaMetadata$FieldMetadata.<init>;143;isAccessible=true;
Field.get*;<hex.schemas.PSVMModelV3$PSVMModelOutputV3: long bsv_count>;water.api.SchemaMetadata$FieldMetadata.<init>;143;isAccessible=true;
Field.get*;<hex.schemas.PSVMModelV3$PSVMModelOutputV3: long svs_count>;water.api.SchemaMetadata$FieldMetadata.<init>;143;isAccessible=true;
Field.get*;<hex.schemas.PSVMModelV3$PSVMModelOutputV3: water.api.schemas3.KeyV3$FrameKeyV3 alpha_key>;water.api.SchemaMetadata$FieldMetadata.<init>;143;isAccessible=true;
Field.get*;<hex.schemas.PSVMV3$PSVMParametersV3: boolean disable_training_metrics>;water.api.SchemaMetadata$FieldMetadata.<init>;143;isAccessible=true;
Field.get*;<hex.schemas.PSVMV3$PSVMParametersV3: double fact_threshold>;water.api.SchemaMetadata$FieldMetadata.<init>;143;isAccessible=true;
Field.get*;<hex.schemas.PSVMV3$PSVMParametersV3: double feasible_threshold>;water.api.SchemaMetadata$FieldMetadata.<init>;143;isAccessible=true;
Field.get*;<hex.schemas.PSVMV3$PSVMParametersV3: double gamma>;water.api.SchemaMetadata$FieldMetadata.<init>;143;isAccessible=true;
Field.get*;<hex.schemas.PSVMV3$PSVMParametersV3: double hyper_param>;water.api.SchemaMetadata$FieldMetadata.<init>;143;isAccessible=true;
Field.get*;<hex.schemas.PSVMV3$PSVMParametersV3: double mu_factor>;water.api.SchemaMetadata$FieldMetadata.<init>;143;isAccessible=true;
Field.get*;<hex.schemas.PSVMV3$PSVMParametersV3: double negative_weight>;water.api.SchemaMetadata$FieldMetadata.<init>;143;isAccessible=true;
Field.get*;<hex.schemas.PSVMV3$PSVMParametersV3: double positive_weight>;water.api.SchemaMetadata$FieldMetadata.<init>;143;isAccessible=true;
Field.get*;<hex.schemas.PSVMV3$PSVMParametersV3: double rank_ratio>;water.api.SchemaMetadata$FieldMetadata.<init>;143;isAccessible=true;
Field.get*;<hex.schemas.PSVMV3$PSVMParametersV3: double surrogate_gap_threshold>;water.api.SchemaMetadata$FieldMetadata.<init>;143;isAccessible=true;
Field.get*;<hex.schemas.PSVMV3$PSVMParametersV3: double sv_threshold>;water.api.SchemaMetadata$FieldMetadata.<init>;143;isAccessible=true;
Field.get*;<hex.schemas.PSVMV3$PSVMParametersV3: hex.genmodel.algos.psvm.KernelType kernel_type>;water.api.SchemaMetadata$FieldMetadata.<init>;143;isAccessible=true;
Field.get*;<hex.schemas.PSVMV3$PSVMParametersV3: int max_iterations>;water.api.SchemaMetadata$FieldMetadata.<init>;143;isAccessible=true;
Field.get*;<hex.schemas.PSVMV3$PSVMParametersV3: long seed>;water.api.SchemaMetadata$FieldMetadata.<init>;143;isAccessible=true;
Field.get*;<hex.schemas.QuantileV3$QuantileParametersV3: double[] probs>;water.api.SchemaMetadata$FieldMetadata.<init>;143;isAccessible=true;
Field.get*;<hex.schemas.QuantileV3$QuantileParametersV3: hex.quantile.QuantileModel$CombineMethod combine_method>;water.api.SchemaMetadata$FieldMetadata.<init>;143;isAccessible=true;
Field.get*;<hex.schemas.RuleFitModelV3$RuleFitModelOutputV3: double[] intercept>;water.api.SchemaMetadata$FieldMetadata.<init>;143;isAccessible=true;
Field.get*;<hex.schemas.RuleFitModelV3$RuleFitModelOutputV3: water.api.schemas3.TwoDimTableV3 rule_importance>;water.api.SchemaMetadata$FieldMetadata.<init>;143;isAccessible=true;
Field.get*;<hex.schemas.RuleFitV3$RuleFitParametersV3: boolean remove_duplicates>;water.api.SchemaMetadata$FieldMetadata.<init>;143;isAccessible=true;
Field.get*;<hex.schemas.RuleFitV3$RuleFitParametersV3: double[] lambda>;water.api.SchemaMetadata$FieldMetadata.<init>;143;isAccessible=true;
Field.get*;<hex.schemas.RuleFitV3$RuleFitParametersV3: hex.rulefit.RuleFitModel$Algorithm algorithm>;water.api.SchemaMetadata$FieldMetadata.<init>;143;isAccessible=true;
Field.get*;<hex.schemas.RuleFitV3$RuleFitParametersV3: hex.rulefit.RuleFitModel$ModelType model_type>;water.api.SchemaMetadata$FieldMetadata.<init>;143;isAccessible=true;
Field.get*;<hex.schemas.RuleFitV3$RuleFitParametersV3: int max_num_rules>;water.api.SchemaMetadata$FieldMetadata.<init>;143;isAccessible=true;
Field.get*;<hex.schemas.RuleFitV3$RuleFitParametersV3: int max_rule_length>;water.api.SchemaMetadata$FieldMetadata.<init>;143;isAccessible=true;
Field.get*;<hex.schemas.RuleFitV3$RuleFitParametersV3: int min_rule_length>;water.api.SchemaMetadata$FieldMetadata.<init>;143;isAccessible=true;
Field.get*;<hex.schemas.RuleFitV3$RuleFitParametersV3: int rule_generation_ntrees>;water.api.SchemaMetadata$FieldMetadata.<init>;143;isAccessible=true;
Field.get*;<hex.schemas.RuleFitV3$RuleFitParametersV3: long seed>;water.api.SchemaMetadata$FieldMetadata.<init>;143;isAccessible=true;
Field.get*;<hex.schemas.SVDModelV99$SVDModelOutputV99: double[] d>;water.api.SchemaMetadata$FieldMetadata.<init>;143;isAccessible=true;
Field.get*;<hex.schemas.SVDModelV99$SVDModelOutputV99: water.api.schemas3.KeyV3$FrameKeyV3 u_key>;water.api.SchemaMetadata$FieldMetadata.<init>;143;isAccessible=true;
Field.get*;<hex.schemas.SVDModelV99$SVDModelOutputV99: water.api.schemas3.KeyV3$FrameKeyV3 v_key>;water.api.SchemaMetadata$FieldMetadata.<init>;143;isAccessible=true;
Field.get*;<hex.schemas.SVDV99$SVDParametersV99: boolean keep_u>;water.api.SchemaMetadata$FieldMetadata.<init>;143;isAccessible=true;
Field.get*;<hex.schemas.SVDV99$SVDParametersV99: boolean use_all_factor_levels>;water.api.SchemaMetadata$FieldMetadata.<init>;143;isAccessible=true;
Field.get*;<hex.schemas.SVDV99$SVDParametersV99: hex.DataInfo$TransformType transform>;water.api.SchemaMetadata$FieldMetadata.<init>;143;isAccessible=true;
Field.get*;<hex.schemas.SVDV99$SVDParametersV99: hex.svd.SVDModel$SVDParameters$Method svd_method>;water.api.SchemaMetadata$FieldMetadata.<init>;143;isAccessible=true;
Field.get*;<hex.schemas.SVDV99$SVDParametersV99: int max_iterations>;water.api.SchemaMetadata$FieldMetadata.<init>;143;isAccessible=true;
Field.get*;<hex.schemas.SVDV99$SVDParametersV99: int nv>;water.api.SchemaMetadata$FieldMetadata.<init>;143;isAccessible=true;
Field.get*;<hex.schemas.SVDV99$SVDParametersV99: java.lang.String u_name>;water.api.SchemaMetadata$FieldMetadata.<init>;143;isAccessible=true;
Field.get*;<hex.schemas.SVDV99$SVDParametersV99: long seed>;water.api.SchemaMetadata$FieldMetadata.<init>;143;isAccessible=true;
Field.get*;<hex.schemas.SharedTreeModelV3$SharedTreeModelOutputV3: double init_f>;water.api.SchemaMetadata$FieldMetadata.<init>;143;isAccessible=true;
Field.get*;<hex.schemas.SharedTreeModelV3$SharedTreeModelOutputV3: water.api.schemas3.TwoDimTableV3 variable_importances>;water.api.SchemaMetadata$FieldMetadata.<init>;143;isAccessible=true;
Field.get*;<hex.schemas.SharedTreeV3$SharedTreeParametersV3: boolean balance_classes>;water.api.SchemaMetadata$FieldMetadata.<init>;143;isAccessible=true;
Field.get*;<hex.schemas.SharedTreeV3$SharedTreeParametersV3: boolean balance_classes>;water.api.schemas3.ModelParameterSchemaV3.<init>;78;isAccessible=true;
Field.get*;<hex.schemas.SharedTreeV3$SharedTreeParametersV3: boolean balance_classes>;water.api.schemas3.ModelParameterSchemaV3.<init>;86;isAccessible=true;
Field.get*;<hex.schemas.SharedTreeV3$SharedTreeParametersV3: boolean balance_classes>;water.util.PojoUtils.copyProperties;129;isAccessible=true;
Field.get*;<hex.schemas.SharedTreeV3$SharedTreeParametersV3: boolean balance_classes>;water.util.PojoUtils.copyProperties;326;isAccessible=true;
Field.get*;<hex.schemas.SharedTreeV3$SharedTreeParametersV3: boolean build_tree_one_node>;water.api.SchemaMetadata$FieldMetadata.<init>;143;isAccessible=true;
Field.get*;<hex.schemas.SharedTreeV3$SharedTreeParametersV3: boolean build_tree_one_node>;water.api.schemas3.ModelParameterSchemaV3.<init>;78;isAccessible=true;
Field.get*;<hex.schemas.SharedTreeV3$SharedTreeParametersV3: boolean build_tree_one_node>;water.api.schemas3.ModelParameterSchemaV3.<init>;86;isAccessible=true;
Field.get*;<hex.schemas.SharedTreeV3$SharedTreeParametersV3: boolean build_tree_one_node>;water.util.PojoUtils.copyProperties;129;isAccessible=true;
Field.get*;<hex.schemas.SharedTreeV3$SharedTreeParametersV3: boolean build_tree_one_node>;water.util.PojoUtils.copyProperties;326;isAccessible=true;
Field.get*;<hex.schemas.SharedTreeV3$SharedTreeParametersV3: boolean calibrate_model>;water.api.SchemaMetadata$FieldMetadata.<init>;143;isAccessible=true;
Field.get*;<hex.schemas.SharedTreeV3$SharedTreeParametersV3: boolean calibrate_model>;water.api.schemas3.ModelParameterSchemaV3.<init>;78;isAccessible=true;
Field.get*;<hex.schemas.SharedTreeV3$SharedTreeParametersV3: boolean calibrate_model>;water.api.schemas3.ModelParameterSchemaV3.<init>;86;isAccessible=true;
Field.get*;<hex.schemas.SharedTreeV3$SharedTreeParametersV3: boolean calibrate_model>;water.util.PojoUtils.copyProperties;129;isAccessible=true;
Field.get*;<hex.schemas.SharedTreeV3$SharedTreeParametersV3: boolean calibrate_model>;water.util.PojoUtils.copyProperties;326;isAccessible=true;
Field.get*;<hex.schemas.SharedTreeV3$SharedTreeParametersV3: boolean check_constant_response>;water.api.SchemaMetadata$FieldMetadata.<init>;143;isAccessible=true;
Field.get*;<hex.schemas.SharedTreeV3$SharedTreeParametersV3: boolean check_constant_response>;water.api.schemas3.ModelParameterSchemaV3.<init>;78;isAccessible=true;
Field.get*;<hex.schemas.SharedTreeV3$SharedTreeParametersV3: boolean check_constant_response>;water.api.schemas3.ModelParameterSchemaV3.<init>;86;isAccessible=true;
Field.get*;<hex.schemas.SharedTreeV3$SharedTreeParametersV3: boolean check_constant_response>;water.util.PojoUtils.copyProperties;129;isAccessible=true;
Field.get*;<hex.schemas.SharedTreeV3$SharedTreeParametersV3: boolean check_constant_response>;water.util.PojoUtils.copyProperties;326;isAccessible=true;
Field.get*;<hex.schemas.SharedTreeV3$SharedTreeParametersV3: double col_sample_rate_change_per_level>;water.api.SchemaMetadata$FieldMetadata.<init>;143;isAccessible=true;
Field.get*;<hex.schemas.SharedTreeV3$SharedTreeParametersV3: double col_sample_rate_change_per_level>;water.api.schemas3.ModelParameterSchemaV3.<init>;78;isAccessible=true;
Field.get*;<hex.schemas.SharedTreeV3$SharedTreeParametersV3: double col_sample_rate_change_per_level>;water.api.schemas3.ModelParameterSchemaV3.<init>;86;isAccessible=true;
Field.get*;<hex.schemas.SharedTreeV3$SharedTreeParametersV3: double col_sample_rate_change_per_level>;water.util.PojoUtils.copyProperties;129;isAccessible=true;
Field.get*;<hex.schemas.SharedTreeV3$SharedTreeParametersV3: double col_sample_rate_change_per_level>;water.util.PojoUtils.copyProperties;326;isAccessible=true;
Field.get*;<hex.schemas.SharedTreeV3$SharedTreeParametersV3: double col_sample_rate_per_tree>;water.api.SchemaMetadata$FieldMetadata.<init>;143;isAccessible=true;
Field.get*;<hex.schemas.SharedTreeV3$SharedTreeParametersV3: double col_sample_rate_per_tree>;water.api.schemas3.ModelParameterSchemaV3.<init>;78;isAccessible=true;
Field.get*;<hex.schemas.SharedTreeV3$SharedTreeParametersV3: double col_sample_rate_per_tree>;water.api.schemas3.ModelParameterSchemaV3.<init>;86;isAccessible=true;
Field.get*;<hex.schemas.SharedTreeV3$SharedTreeParametersV3: double col_sample_rate_per_tree>;water.util.PojoUtils.copyProperties;129;isAccessible=true;
Field.get*;<hex.schemas.SharedTreeV3$SharedTreeParametersV3: double col_sample_rate_per_tree>;water.util.PojoUtils.copyProperties;326;isAccessible=true;
Field.get*;<hex.schemas.SharedTreeV3$SharedTreeParametersV3: double min_rows>;water.api.SchemaMetadata$FieldMetadata.<init>;143;isAccessible=true;
Field.get*;<hex.schemas.SharedTreeV3$SharedTreeParametersV3: double min_rows>;water.api.schemas3.ModelParameterSchemaV3.<init>;78;isAccessible=true;
Field.get*;<hex.schemas.SharedTreeV3$SharedTreeParametersV3: double min_rows>;water.api.schemas3.ModelParameterSchemaV3.<init>;86;isAccessible=true;
Field.get*;<hex.schemas.SharedTreeV3$SharedTreeParametersV3: double min_rows>;water.util.PojoUtils.copyProperties;129;isAccessible=true;
Field.get*;<hex.schemas.SharedTreeV3$SharedTreeParametersV3: double min_rows>;water.util.PojoUtils.copyProperties;326;isAccessible=true;
Field.get*;<hex.schemas.SharedTreeV3$SharedTreeParametersV3: double min_split_improvement>;water.api.SchemaMetadata$FieldMetadata.<init>;143;isAccessible=true;
Field.get*;<hex.schemas.SharedTreeV3$SharedTreeParametersV3: double min_split_improvement>;water.api.schemas3.ModelParameterSchemaV3.<init>;78;isAccessible=true;
Field.get*;<hex.schemas.SharedTreeV3$SharedTreeParametersV3: double min_split_improvement>;water.api.schemas3.ModelParameterSchemaV3.<init>;86;isAccessible=true;
Field.get*;<hex.schemas.SharedTreeV3$SharedTreeParametersV3: double min_split_improvement>;water.util.PojoUtils.copyProperties;129;isAccessible=true;
Field.get*;<hex.schemas.SharedTreeV3$SharedTreeParametersV3: double min_split_improvement>;water.util.PojoUtils.copyProperties;326;isAccessible=true;
Field.get*;<hex.schemas.SharedTreeV3$SharedTreeParametersV3: double r2_stopping>;water.api.SchemaMetadata$FieldMetadata.<init>;143;isAccessible=true;
Field.get*;<hex.schemas.SharedTreeV3$SharedTreeParametersV3: double r2_stopping>;water.api.schemas3.ModelParameterSchemaV3.<init>;78;isAccessible=true;
Field.get*;<hex.schemas.SharedTreeV3$SharedTreeParametersV3: double r2_stopping>;water.api.schemas3.ModelParameterSchemaV3.<init>;86;isAccessible=true;
Field.get*;<hex.schemas.SharedTreeV3$SharedTreeParametersV3: double r2_stopping>;water.util.PojoUtils.copyProperties;129;isAccessible=true;
Field.get*;<hex.schemas.SharedTreeV3$SharedTreeParametersV3: double r2_stopping>;water.util.PojoUtils.copyProperties;326;isAccessible=true;
Field.get*;<hex.schemas.SharedTreeV3$SharedTreeParametersV3: double[] sample_rate_per_class>;water.api.SchemaMetadata$FieldMetadata.<init>;143;isAccessible=true;
Field.get*;<hex.schemas.SharedTreeV3$SharedTreeParametersV3: double[] sample_rate_per_class>;water.api.schemas3.ModelParameterSchemaV3.<init>;78;isAccessible=true;
Field.get*;<hex.schemas.SharedTreeV3$SharedTreeParametersV3: double[] sample_rate_per_class>;water.api.schemas3.ModelParameterSchemaV3.<init>;86;isAccessible=true;
Field.get*;<hex.schemas.SharedTreeV3$SharedTreeParametersV3: double[] sample_rate_per_class>;water.util.PojoUtils.copyProperties;129;isAccessible=true;
Field.get*;<hex.schemas.SharedTreeV3$SharedTreeParametersV3: float max_after_balance_size>;water.api.SchemaMetadata$FieldMetadata.<init>;143;isAccessible=true;
Field.get*;<hex.schemas.SharedTreeV3$SharedTreeParametersV3: float max_after_balance_size>;water.api.schemas3.ModelParameterSchemaV3.<init>;78;isAccessible=true;
Field.get*;<hex.schemas.SharedTreeV3$SharedTreeParametersV3: float max_after_balance_size>;water.api.schemas3.ModelParameterSchemaV3.<init>;86;isAccessible=true;
Field.get*;<hex.schemas.SharedTreeV3$SharedTreeParametersV3: float max_after_balance_size>;water.util.PojoUtils.copyProperties;129;isAccessible=true;
Field.get*;<hex.schemas.SharedTreeV3$SharedTreeParametersV3: float max_after_balance_size>;water.util.PojoUtils.copyProperties;326;isAccessible=true;
Field.get*;<hex.schemas.SharedTreeV3$SharedTreeParametersV3: float[] class_sampling_factors>;water.api.SchemaMetadata$FieldMetadata.<init>;143;isAccessible=true;
Field.get*;<hex.schemas.SharedTreeV3$SharedTreeParametersV3: float[] class_sampling_factors>;water.api.schemas3.ModelParameterSchemaV3.<init>;78;isAccessible=true;
Field.get*;<hex.schemas.SharedTreeV3$SharedTreeParametersV3: float[] class_sampling_factors>;water.api.schemas3.ModelParameterSchemaV3.<init>;86;isAccessible=true;
Field.get*;<hex.schemas.SharedTreeV3$SharedTreeParametersV3: float[] class_sampling_factors>;water.util.PojoUtils.copyProperties;129;isAccessible=true;
Field.get*;<hex.schemas.SharedTreeV3$SharedTreeParametersV3: hex.tree.CalibrationHelper$CalibrationMethod calibration_method>;water.api.SchemaMetadata$FieldMetadata.<init>;143;isAccessible=true;
Field.get*;<hex.schemas.SharedTreeV3$SharedTreeParametersV3: hex.tree.CalibrationHelper$CalibrationMethod calibration_method>;water.api.schemas3.ModelParameterSchemaV3.<init>;78;isAccessible=true;
Field.get*;<hex.schemas.SharedTreeV3$SharedTreeParametersV3: hex.tree.CalibrationHelper$CalibrationMethod calibration_method>;water.api.schemas3.ModelParameterSchemaV3.<init>;86;isAccessible=true;
Field.get*;<hex.schemas.SharedTreeV3$SharedTreeParametersV3: hex.tree.CalibrationHelper$CalibrationMethod calibration_method>;water.util.PojoUtils.copyProperties;129;isAccessible=true;
Field.get*;<hex.schemas.SharedTreeV3$SharedTreeParametersV3: hex.tree.CalibrationHelper$CalibrationMethod calibration_method>;water.util.PojoUtils.copyProperties;326;isAccessible=true;
Field.get*;<hex.schemas.SharedTreeV3$SharedTreeParametersV3: hex.tree.SharedTreeModel$SharedTreeParameters$HistogramType histogram_type>;water.api.SchemaMetadata$FieldMetadata.<init>;143;isAccessible=true;
Field.get*;<hex.schemas.SharedTreeV3$SharedTreeParametersV3: hex.tree.SharedTreeModel$SharedTreeParameters$HistogramType histogram_type>;water.api.schemas3.ModelParameterSchemaV3.<init>;78;isAccessible=true;
Field.get*;<hex.schemas.SharedTreeV3$SharedTreeParametersV3: hex.tree.SharedTreeModel$SharedTreeParameters$HistogramType histogram_type>;water.api.schemas3.ModelParameterSchemaV3.<init>;86;isAccessible=true;
Field.get*;<hex.schemas.SharedTreeV3$SharedTreeParametersV3: hex.tree.SharedTreeModel$SharedTreeParameters$HistogramType histogram_type>;water.util.PojoUtils.copyProperties;129;isAccessible=true;
Field.get*;<hex.schemas.SharedTreeV3$SharedTreeParametersV3: hex.tree.SharedTreeModel$SharedTreeParameters$HistogramType histogram_type>;water.util.PojoUtils.copyProperties;326;isAccessible=true;
Field.get*;<hex.schemas.SharedTreeV3$SharedTreeParametersV3: int in_training_checkpoints_tree_interval>;water.api.SchemaMetadata$FieldMetadata.<init>;143;isAccessible=true;
Field.get*;<hex.schemas.SharedTreeV3$SharedTreeParametersV3: int in_training_checkpoints_tree_interval>;water.util.PojoUtils.copyProperties;129;isAccessible=true;
Field.get*;<hex.schemas.SharedTreeV3$SharedTreeParametersV3: int in_training_checkpoints_tree_interval>;water.util.PojoUtils.copyProperties;326;isAccessible=true;
Field.get*;<hex.schemas.SharedTreeV3$SharedTreeParametersV3: int max_confusion_matrix_size>;water.api.SchemaMetadata$FieldMetadata.<init>;143;isAccessible=true;
Field.get*;<hex.schemas.SharedTreeV3$SharedTreeParametersV3: int max_confusion_matrix_size>;water.api.schemas3.ModelParameterSchemaV3.<init>;78;isAccessible=true;
Field.get*;<hex.schemas.SharedTreeV3$SharedTreeParametersV3: int max_confusion_matrix_size>;water.api.schemas3.ModelParameterSchemaV3.<init>;86;isAccessible=true;
Field.get*;<hex.schemas.SharedTreeV3$SharedTreeParametersV3: int max_confusion_matrix_size>;water.util.PojoUtils.copyProperties;129;isAccessible=true;
Field.get*;<hex.schemas.SharedTreeV3$SharedTreeParametersV3: int max_confusion_matrix_size>;water.util.PojoUtils.copyProperties;326;isAccessible=true;
Field.get*;<hex.schemas.SharedTreeV3$SharedTreeParametersV3: int max_depth>;water.api.SchemaMetadata$FieldMetadata.<init>;143;isAccessible=true;
Field.get*;<hex.schemas.SharedTreeV3$SharedTreeParametersV3: int max_depth>;water.api.schemas3.ModelParameterSchemaV3.<init>;78;isAccessible=true;
Field.get*;<hex.schemas.SharedTreeV3$SharedTreeParametersV3: int max_depth>;water.api.schemas3.ModelParameterSchemaV3.<init>;86;isAccessible=true;
Field.get*;<hex.schemas.SharedTreeV3$SharedTreeParametersV3: int max_depth>;water.util.PojoUtils.copyProperties;129;isAccessible=true;
Field.get*;<hex.schemas.SharedTreeV3$SharedTreeParametersV3: int max_depth>;water.util.PojoUtils.copyProperties;326;isAccessible=true;
Field.get*;<hex.schemas.SharedTreeV3$SharedTreeParametersV3: int nbins>;water.api.SchemaMetadata$FieldMetadata.<init>;143;isAccessible=true;
Field.get*;<hex.schemas.SharedTreeV3$SharedTreeParametersV3: int nbins>;water.api.schemas3.ModelParameterSchemaV3.<init>;78;isAccessible=true;
Field.get*;<hex.schemas.SharedTreeV3$SharedTreeParametersV3: int nbins>;water.api.schemas3.ModelParameterSchemaV3.<init>;86;isAccessible=true;
Field.get*;<hex.schemas.SharedTreeV3$SharedTreeParametersV3: int nbins>;water.util.PojoUtils.copyProperties;129;isAccessible=true;
Field.get*;<hex.schemas.SharedTreeV3$SharedTreeParametersV3: int nbins>;water.util.PojoUtils.copyProperties;326;isAccessible=true;
Field.get*;<hex.schemas.SharedTreeV3$SharedTreeParametersV3: int nbins_cats>;water.api.SchemaMetadata$FieldMetadata.<init>;143;isAccessible=true;
Field.get*;<hex.schemas.SharedTreeV3$SharedTreeParametersV3: int nbins_cats>;water.api.schemas3.ModelParameterSchemaV3.<init>;78;isAccessible=true;
Field.get*;<hex.schemas.SharedTreeV3$SharedTreeParametersV3: int nbins_cats>;water.api.schemas3.ModelParameterSchemaV3.<init>;86;isAccessible=true;
Field.get*;<hex.schemas.SharedTreeV3$SharedTreeParametersV3: int nbins_cats>;water.util.PojoUtils.copyProperties;129;isAccessible=true;
Field.get*;<hex.schemas.SharedTreeV3$SharedTreeParametersV3: int nbins_cats>;water.util.PojoUtils.copyProperties;326;isAccessible=true;
Field.get*;<hex.schemas.SharedTreeV3$SharedTreeParametersV3: int nbins_top_level>;water.api.SchemaMetadata$FieldMetadata.<init>;143;isAccessible=true;
Field.get*;<hex.schemas.SharedTreeV3$SharedTreeParametersV3: int nbins_top_level>;water.api.schemas3.ModelParameterSchemaV3.<init>;78;isAccessible=true;
Field.get*;<hex.schemas.SharedTreeV3$SharedTreeParametersV3: int nbins_top_level>;water.api.schemas3.ModelParameterSchemaV3.<init>;86;isAccessible=true;
Field.get*;<hex.schemas.SharedTreeV3$SharedTreeParametersV3: int nbins_top_level>;water.util.PojoUtils.copyProperties;129;isAccessible=true;
Field.get*;<hex.schemas.SharedTreeV3$SharedTreeParametersV3: int nbins_top_level>;water.util.PojoUtils.copyProperties;326;isAccessible=true;
Field.get*;<hex.schemas.SharedTreeV3$SharedTreeParametersV3: int ntrees>;water.api.SchemaMetadata$FieldMetadata.<init>;143;isAccessible=true;
Field.get*;<hex.schemas.SharedTreeV3$SharedTreeParametersV3: int ntrees>;water.api.schemas3.ModelParameterSchemaV3.<init>;78;isAccessible=true;
Field.get*;<hex.schemas.SharedTreeV3$SharedTreeParametersV3: int ntrees>;water.api.schemas3.ModelParameterSchemaV3.<init>;86;isAccessible=true;
Field.get*;<hex.schemas.SharedTreeV3$SharedTreeParametersV3: int ntrees>;water.util.PojoUtils.copyProperties;129;isAccessible=true;
Field.get*;<hex.schemas.SharedTreeV3$SharedTreeParametersV3: int ntrees>;water.util.PojoUtils.copyProperties;326;isAccessible=true;
Field.get*;<hex.schemas.SharedTreeV3$SharedTreeParametersV3: int score_tree_interval>;water.api.SchemaMetadata$FieldMetadata.<init>;143;isAccessible=true;
Field.get*;<hex.schemas.SharedTreeV3$SharedTreeParametersV3: int score_tree_interval>;water.api.schemas3.ModelParameterSchemaV3.<init>;78;isAccessible=true;
Field.get*;<hex.schemas.SharedTreeV3$SharedTreeParametersV3: int score_tree_interval>;water.api.schemas3.ModelParameterSchemaV3.<init>;86;isAccessible=true;
Field.get*;<hex.schemas.SharedTreeV3$SharedTreeParametersV3: int score_tree_interval>;water.util.PojoUtils.copyProperties;129;isAccessible=true;
Field.get*;<hex.schemas.SharedTreeV3$SharedTreeParametersV3: int score_tree_interval>;water.util.PojoUtils.copyProperties;326;isAccessible=true;
Field.get*;<hex.schemas.SharedTreeV3$SharedTreeParametersV3: java.lang.String in_training_checkpoints_dir>;water.api.SchemaMetadata$FieldMetadata.<init>;143;isAccessible=true;
Field.get*;<hex.schemas.SharedTreeV3$SharedTreeParametersV3: java.lang.String in_training_checkpoints_dir>;water.util.PojoUtils.copyProperties;129;isAccessible=true;
Field.get*;<hex.schemas.SharedTreeV3$SharedTreeParametersV3: long seed>;water.api.SchemaMetadata$FieldMetadata.<init>;143;isAccessible=true;
Field.get*;<hex.schemas.SharedTreeV3$SharedTreeParametersV3: long seed>;water.api.schemas3.ModelParameterSchemaV3.<init>;78;isAccessible=true;
Field.get*;<hex.schemas.SharedTreeV3$SharedTreeParametersV3: long seed>;water.api.schemas3.ModelParameterSchemaV3.<init>;86;isAccessible=true;
Field.get*;<hex.schemas.SharedTreeV3$SharedTreeParametersV3: long seed>;water.util.PojoUtils.copyProperties;129;isAccessible=true;
Field.get*;<hex.schemas.SharedTreeV3$SharedTreeParametersV3: long seed>;water.util.PojoUtils.copyProperties;326;isAccessible=true;
Field.get*;<hex.schemas.SharedTreeV3$SharedTreeParametersV3: water.api.schemas3.KeyV3$FrameKeyV3 calibration_frame>;water.api.SchemaMetadata$FieldMetadata.<init>;143;isAccessible=true;
Field.get*;<hex.schemas.SharedTreeV3$SharedTreeParametersV3: water.api.schemas3.KeyV3$FrameKeyV3 calibration_frame>;water.api.schemas3.ModelParameterSchemaV3.<init>;78;isAccessible=true;
Field.get*;<hex.schemas.SharedTreeV3$SharedTreeParametersV3: water.api.schemas3.KeyV3$FrameKeyV3 calibration_frame>;water.api.schemas3.ModelParameterSchemaV3.<init>;86;isAccessible=true;
Field.get*;<hex.schemas.SharedTreeV3$SharedTreeParametersV3: water.api.schemas3.KeyV3$FrameKeyV3 calibration_frame>;water.util.PojoUtils.copyProperties;129;isAccessible=true;
Field.get*;<hex.schemas.StackedEnsembleModelV99$StackedEnsembleModelOutputV99: hex.ensemble.StackedEnsembleModel$StackingStrategy stacking_strategy>;water.api.SchemaMetadata$FieldMetadata.<init>;143;isAccessible=true;
Field.get*;<hex.schemas.StackedEnsembleModelV99$StackedEnsembleModelOutputV99: water.api.schemas3.KeyV3$FrameKeyV3 levelone_frame_id>;water.api.SchemaMetadata$FieldMetadata.<init>;143;isAccessible=true;
Field.get*;<hex.schemas.StackedEnsembleModelV99$StackedEnsembleModelOutputV99: water.api.schemas3.KeyV3$ModelKeyV3 metalearner>;water.api.SchemaMetadata$FieldMetadata.<init>;143;isAccessible=true;
Field.get*;<hex.schemas.StackedEnsembleV99$StackedEnsembleParametersV99: boolean keep_levelone_frame>;water.api.SchemaMetadata$FieldMetadata.<init>;143;isAccessible=true;
Field.get*;<hex.schemas.StackedEnsembleV99$StackedEnsembleParametersV99: hex.Model$Parameters$FoldAssignmentScheme metalearner_fold_assignment>;water.api.SchemaMetadata$FieldMetadata.<init>;143;isAccessible=true;
Field.get*;<hex.schemas.StackedEnsembleV99$StackedEnsembleParametersV99: hex.ensemble.Metalearner$Algorithm metalearner_algorithm>;water.api.SchemaMetadata$FieldMetadata.<init>;143;isAccessible=true;
Field.get*;<hex.schemas.StackedEnsembleV99$StackedEnsembleParametersV99: hex.ensemble.StackedEnsembleModel$StackedEnsembleParameters$MetalearnerTransform metalearner_transform>;water.api.SchemaMetadata$FieldMetadata.<init>;143;isAccessible=true;
Field.get*;<hex.schemas.StackedEnsembleV99$StackedEnsembleParametersV99: int metalearner_nfolds>;water.api.SchemaMetadata$FieldMetadata.<init>;143;isAccessible=true;
Field.get*;<hex.schemas.StackedEnsembleV99$StackedEnsembleParametersV99: java.lang.String metalearner_params>;water.api.SchemaMetadata$FieldMetadata.<init>;143;isAccessible=true;
Field.get*;<hex.schemas.StackedEnsembleV99$StackedEnsembleParametersV99: long score_training_samples>;water.api.SchemaMetadata$FieldMetadata.<init>;143;isAccessible=true;
Field.get*;<hex.schemas.StackedEnsembleV99$StackedEnsembleParametersV99: long seed>;water.api.SchemaMetadata$FieldMetadata.<init>;143;isAccessible=true;
Field.get*;<hex.schemas.StackedEnsembleV99$StackedEnsembleParametersV99: water.api.schemas3.FrameV3$ColSpecifierV3 metalearner_fold_column>;water.api.SchemaMetadata$FieldMetadata.<init>;143;isAccessible=true;
Field.get*;<hex.schemas.StackedEnsembleV99$StackedEnsembleParametersV99: water.api.schemas3.KeyV3$FrameKeyV3 blending_frame>;water.api.SchemaMetadata$FieldMetadata.<init>;143;isAccessible=true;
Field.get*;<hex.schemas.StackedEnsembleV99$StackedEnsembleParametersV99: water.api.schemas3.KeyV3[] base_models>;water.api.SchemaMetadata$FieldMetadata.<init>;143;isAccessible=true;
Field.get*;<hex.schemas.TargetEncoderModelOutputV3$ColumnsMappingV3: java.lang.String[] from>;water.api.SchemaMetadata$FieldMetadata.<init>;143;isAccessible=true;
Field.get*;<hex.schemas.TargetEncoderModelOutputV3$ColumnsMappingV3: java.lang.String[] to>;water.api.SchemaMetadata$FieldMetadata.<init>;143;isAccessible=true;
Field.get*;<hex.schemas.TargetEncoderModelOutputV3: hex.schemas.TargetEncoderModelOutputV3$ColumnsMappingV3[] input_to_output_columns>;water.api.SchemaMetadata$FieldMetadata.<init>;143;isAccessible=true;
Field.get*;<hex.schemas.TargetEncoderTransformParametersV3: boolean as_training>;water.api.SchemaMetadata$FieldMetadata.<init>;143;isAccessible=true;
Field.get*;<hex.schemas.TargetEncoderTransformParametersV3: boolean blending>;water.api.SchemaMetadata$FieldMetadata.<init>;143;isAccessible=true;
Field.get*;<hex.schemas.TargetEncoderTransformParametersV3: double inflection_point>;water.api.SchemaMetadata$FieldMetadata.<init>;143;isAccessible=true;
Field.get*;<hex.schemas.TargetEncoderTransformParametersV3: double noise>;water.api.SchemaMetadata$FieldMetadata.<init>;143;isAccessible=true;
Field.get*;<hex.schemas.TargetEncoderTransformParametersV3: double smoothing>;water.api.SchemaMetadata$FieldMetadata.<init>;143;isAccessible=true;
Field.get*;<hex.schemas.TargetEncoderTransformParametersV3: water.api.schemas3.KeyV3$FrameKeyV3 frame>;water.api.SchemaMetadata$FieldMetadata.<init>;143;isAccessible=true;
Field.get*;<hex.schemas.TargetEncoderTransformParametersV3: water.api.schemas3.KeyV3$ModelKeyV3 model>;water.api.SchemaMetadata$FieldMetadata.<init>;143;isAccessible=true;
Field.get*;<hex.schemas.TargetEncoderV3$TargetEncoderParametersV3: ai.h2o.targetencoding.TargetEncoderModel$DataLeakageHandlingStrategy data_leakage_handling>;water.api.SchemaMetadata$FieldMetadata.<init>;143;isAccessible=true;
Field.get*;<hex.schemas.TargetEncoderV3$TargetEncoderParametersV3: boolean blending>;water.api.SchemaMetadata$FieldMetadata.<init>;143;isAccessible=true;
Field.get*;<hex.schemas.TargetEncoderV3$TargetEncoderParametersV3: boolean keep_original_categorical_columns>;water.api.SchemaMetadata$FieldMetadata.<init>;143;isAccessible=true;
Field.get*;<hex.schemas.TargetEncoderV3$TargetEncoderParametersV3: double inflection_point>;water.api.SchemaMetadata$FieldMetadata.<init>;143;isAccessible=true;
Field.get*;<hex.schemas.TargetEncoderV3$TargetEncoderParametersV3: double noise>;water.api.SchemaMetadata$FieldMetadata.<init>;143;isAccessible=true;
Field.get*;<hex.schemas.TargetEncoderV3$TargetEncoderParametersV3: double smoothing>;water.api.SchemaMetadata$FieldMetadata.<init>;143;isAccessible=true;
Field.get*;<hex.schemas.TargetEncoderV3$TargetEncoderParametersV3: java.lang.String[][] columns_to_encode>;water.api.SchemaMetadata$FieldMetadata.<init>;143;isAccessible=true;
Field.get*;<hex.schemas.TargetEncoderV3$TargetEncoderParametersV3: long seed>;water.api.SchemaMetadata$FieldMetadata.<init>;143;isAccessible=true;
Field.get*;<hex.schemas.TreeStatsV3: float mean_depth>;water.api.SchemaMetadata$FieldMetadata.<init>;143;isAccessible=true;
Field.get*;<hex.schemas.TreeStatsV3: float mean_leaves>;water.api.SchemaMetadata$FieldMetadata.<init>;143;isAccessible=true;
Field.get*;<hex.schemas.TreeStatsV3: int max_depth>;water.api.SchemaMetadata$FieldMetadata.<init>;143;isAccessible=true;
Field.get*;<hex.schemas.TreeStatsV3: int max_leaves>;water.api.SchemaMetadata$FieldMetadata.<init>;143;isAccessible=true;
Field.get*;<hex.schemas.TreeStatsV3: int min_depth>;water.api.SchemaMetadata$FieldMetadata.<init>;143;isAccessible=true;
Field.get*;<hex.schemas.TreeStatsV3: int min_leaves>;water.api.SchemaMetadata$FieldMetadata.<init>;143;isAccessible=true;
Field.get*;<hex.schemas.TreeV3: float[] predictions>;water.api.SchemaMetadata$FieldMetadata.<init>;143;isAccessible=true;
Field.get*;<hex.schemas.TreeV3: float[] thresholds>;water.api.SchemaMetadata$FieldMetadata.<init>;143;isAccessible=true;
Field.get*;<hex.schemas.TreeV3: hex.tree.TreeHandler$PlainLanguageRules plain_language_rules>;water.api.SchemaMetadata$FieldMetadata.<init>;143;isAccessible=true;
Field.get*;<hex.schemas.TreeV3: int root_node_id>;water.api.SchemaMetadata$FieldMetadata.<init>;143;isAccessible=true;
Field.get*;<hex.schemas.TreeV3: int tree_number>;water.api.SchemaMetadata$FieldMetadata.<init>;143;isAccessible=true;
Field.get*;<hex.schemas.TreeV3: int[] left_children>;water.api.SchemaMetadata$FieldMetadata.<init>;143;isAccessible=true;
Field.get*;<hex.schemas.TreeV3: int[] right_children>;water.api.SchemaMetadata$FieldMetadata.<init>;143;isAccessible=true;
Field.get*;<hex.schemas.TreeV3: int[][] levels>;water.api.SchemaMetadata$FieldMetadata.<init>;143;isAccessible=true;
Field.get*;<hex.schemas.TreeV3: java.lang.String tree_class>;water.api.SchemaMetadata$FieldMetadata.<init>;143;isAccessible=true;
Field.get*;<hex.schemas.TreeV3: java.lang.String tree_decision_path>;water.api.SchemaMetadata$FieldMetadata.<init>;143;isAccessible=true;
Field.get*;<hex.schemas.TreeV3: java.lang.String[] decision_paths>;water.api.SchemaMetadata$FieldMetadata.<init>;143;isAccessible=true;
Field.get*;<hex.schemas.TreeV3: java.lang.String[] descriptions>;water.api.SchemaMetadata$FieldMetadata.<init>;143;isAccessible=true;
Field.get*;<hex.schemas.TreeV3: java.lang.String[] features>;water.api.SchemaMetadata$FieldMetadata.<init>;143;isAccessible=true;
Field.get*;<hex.schemas.TreeV3: java.lang.String[] nas>;water.api.SchemaMetadata$FieldMetadata.<init>;143;isAccessible=true;
Field.get*;<hex.schemas.TreeV3: water.api.schemas3.KeyV3$ModelKeyV3 model>;water.api.SchemaMetadata$FieldMetadata.<init>;143;isAccessible=true;
Field.get*;<hex.schemas.UpliftDRFV3$UpliftDRFParametersV3: double sample_rate>;water.api.SchemaMetadata$FieldMetadata.<init>;143;isAccessible=true;
Field.get*;<hex.schemas.UpliftDRFV3$UpliftDRFParametersV3: hex.AUUC$AUUCType auuc_type>;water.api.SchemaMetadata$FieldMetadata.<init>;143;isAccessible=true;
Field.get*;<hex.schemas.UpliftDRFV3$UpliftDRFParametersV3: hex.tree.uplift.UpliftDRFModel$UpliftDRFParameters$UpliftMetricType uplift_metric>;water.api.SchemaMetadata$FieldMetadata.<init>;143;isAccessible=true;
Field.get*;<hex.schemas.UpliftDRFV3$UpliftDRFParametersV3: int auuc_nbins>;water.api.SchemaMetadata$FieldMetadata.<init>;143;isAccessible=true;
Field.get*;<hex.schemas.UpliftDRFV3$UpliftDRFParametersV3: int mtries>;water.api.SchemaMetadata$FieldMetadata.<init>;143;isAccessible=true;
Field.get*;<hex.schemas.UpliftDRFV3$UpliftDRFParametersV3: java.lang.String treatment_column>;water.api.SchemaMetadata$FieldMetadata.<init>;143;isAccessible=true;
Field.get*;<hex.schemas.Word2VecModelV3$Word2VecModelOutputV3: int epochs>;water.api.SchemaMetadata$FieldMetadata.<init>;143;isAccessible=true;
Field.get*;<hex.schemas.Word2VecSynonymsV3: double[] scores>;water.api.SchemaMetadata$FieldMetadata.<init>;143;isAccessible=true;
Field.get*;<hex.schemas.Word2VecSynonymsV3: int count>;water.api.SchemaMetadata$FieldMetadata.<init>;143;isAccessible=true;
Field.get*;<hex.schemas.Word2VecSynonymsV3: java.lang.String word>;water.api.SchemaMetadata$FieldMetadata.<init>;143;isAccessible=true;
Field.get*;<hex.schemas.Word2VecSynonymsV3: java.lang.String[] synonyms>;water.api.SchemaMetadata$FieldMetadata.<init>;143;isAccessible=true;
Field.get*;<hex.schemas.Word2VecSynonymsV3: water.api.schemas3.KeyV3$ModelKeyV3 model>;water.api.SchemaMetadata$FieldMetadata.<init>;143;isAccessible=true;
Field.get*;<hex.schemas.Word2VecTransformV3: hex.word2vec.Word2VecModel$AggregateMethod aggregate_method>;water.api.SchemaMetadata$FieldMetadata.<init>;143;isAccessible=true;
Field.get*;<hex.schemas.Word2VecTransformV3: water.api.schemas3.KeyV3$FrameKeyV3 vectors_frame>;water.api.SchemaMetadata$FieldMetadata.<init>;143;isAccessible=true;
Field.get*;<hex.schemas.Word2VecTransformV3: water.api.schemas3.KeyV3$FrameKeyV3 words_frame>;water.api.SchemaMetadata$FieldMetadata.<init>;143;isAccessible=true;
Field.get*;<hex.schemas.Word2VecTransformV3: water.api.schemas3.KeyV3$ModelKeyV3 model>;water.api.SchemaMetadata$FieldMetadata.<init>;143;isAccessible=true;
Field.get*;<hex.schemas.Word2VecV3$Word2VecParametersV3: float init_learning_rate>;water.api.SchemaMetadata$FieldMetadata.<init>;143;isAccessible=true;
Field.get*;<hex.schemas.Word2VecV3$Word2VecParametersV3: float sent_sample_rate>;water.api.SchemaMetadata$FieldMetadata.<init>;143;isAccessible=true;
Field.get*;<hex.schemas.Word2VecV3$Word2VecParametersV3: hex.word2vec.Word2Vec$NormModel norm_model>;water.api.SchemaMetadata$FieldMetadata.<init>;143;isAccessible=true;
Field.get*;<hex.schemas.Word2VecV3$Word2VecParametersV3: hex.word2vec.Word2Vec$WordModel word_model>;water.api.SchemaMetadata$FieldMetadata.<init>;143;isAccessible=true;
Field.get*;<hex.schemas.Word2VecV3$Word2VecParametersV3: int epochs>;water.api.SchemaMetadata$FieldMetadata.<init>;143;isAccessible=true;
Field.get*;<hex.schemas.Word2VecV3$Word2VecParametersV3: int min_word_freq>;water.api.SchemaMetadata$FieldMetadata.<init>;143;isAccessible=true;
Field.get*;<hex.schemas.Word2VecV3$Word2VecParametersV3: int vec_size>;water.api.SchemaMetadata$FieldMetadata.<init>;143;isAccessible=true;
Field.get*;<hex.schemas.Word2VecV3$Word2VecParametersV3: int window_size>;water.api.SchemaMetadata$FieldMetadata.<init>;143;isAccessible=true;
Field.get*;<hex.schemas.Word2VecV3$Word2VecParametersV3: water.api.schemas3.KeyV3$FrameKeyV3 pre_trained>;water.api.SchemaMetadata$FieldMetadata.<init>;143;isAccessible=true;
Field.get*;<hex.schemas.XGBoostExecReqV3: java.lang.String data>;water.api.SchemaMetadata$FieldMetadata.<init>;143;isAccessible=true;
Field.get*;<hex.schemas.XGBoostExecReqV3: water.api.schemas3.KeyV3 key>;water.api.SchemaMetadata$FieldMetadata.<init>;143;isAccessible=true;
Field.get*;<hex.schemas.XGBoostExecRespV3: java.lang.String data>;water.api.SchemaMetadata$FieldMetadata.<init>;143;isAccessible=true;
Field.get*;<hex.schemas.XGBoostExecRespV3: water.api.schemas3.KeyV3 key>;water.api.SchemaMetadata$FieldMetadata.<init>;143;isAccessible=true;
Field.get*;<hex.schemas.XGBoostModelV3$XGBoostModelOutputV3: boolean sparse>;water.api.SchemaMetadata$FieldMetadata.<init>;143;isAccessible=true;
Field.get*;<hex.schemas.XGBoostModelV3$XGBoostModelOutputV3: water.api.schemas3.TwoDimTableV3 native_parameters>;water.api.SchemaMetadata$FieldMetadata.<init>;143;isAccessible=true;
Field.get*;<hex.schemas.XGBoostModelV3$XGBoostModelOutputV3: water.api.schemas3.TwoDimTableV3 variable_importances>;water.api.SchemaMetadata$FieldMetadata.<init>;143;isAccessible=true;
Field.get*;<hex.schemas.XGBoostModelV3$XGBoostModelOutputV3: water.api.schemas3.TwoDimTableV3 variable_importances_cover>;water.api.SchemaMetadata$FieldMetadata.<init>;143;isAccessible=true;
Field.get*;<hex.schemas.XGBoostModelV3$XGBoostModelOutputV3: water.api.schemas3.TwoDimTableV3 variable_importances_frequency>;water.api.SchemaMetadata$FieldMetadata.<init>;143;isAccessible=true;
Field.get*;<hex.schemas.XGBoostV3$XGBoostParametersV3: boolean build_tree_one_node>;water.api.SchemaMetadata$FieldMetadata.<init>;143;isAccessible=true;
Field.get*;<hex.schemas.XGBoostV3$XGBoostParametersV3: boolean calibrate_model>;water.api.SchemaMetadata$FieldMetadata.<init>;143;isAccessible=true;
Field.get*;<hex.schemas.XGBoostV3$XGBoostParametersV3: boolean one_drop>;water.api.SchemaMetadata$FieldMetadata.<init>;143;isAccessible=true;
Field.get*;<hex.schemas.XGBoostV3$XGBoostParametersV3: boolean quiet_mode>;water.api.SchemaMetadata$FieldMetadata.<init>;143;isAccessible=true;
Field.get*;<hex.schemas.XGBoostV3$XGBoostParametersV3: boolean score_eval_metric_only>;water.api.SchemaMetadata$FieldMetadata.<init>;143;isAccessible=true;
Field.get*;<hex.schemas.XGBoostV3$XGBoostParametersV3: double col_sample_rate>;water.api.SchemaMetadata$FieldMetadata.<init>;143;isAccessible=true;
Field.get*;<hex.schemas.XGBoostV3$XGBoostParametersV3: double col_sample_rate_per_tree>;water.api.SchemaMetadata$FieldMetadata.<init>;143;isAccessible=true;
Field.get*;<hex.schemas.XGBoostV3$XGBoostParametersV3: double colsample_bylevel>;water.api.SchemaMetadata$FieldMetadata.<init>;143;isAccessible=true;
Field.get*;<hex.schemas.XGBoostV3$XGBoostParametersV3: double colsample_bynode>;water.api.SchemaMetadata$FieldMetadata.<init>;143;isAccessible=true;
Field.get*;<hex.schemas.XGBoostV3$XGBoostParametersV3: double colsample_bytree>;water.api.SchemaMetadata$FieldMetadata.<init>;143;isAccessible=true;
Field.get*;<hex.schemas.XGBoostV3$XGBoostParametersV3: double eta>;water.api.SchemaMetadata$FieldMetadata.<init>;143;isAccessible=true;
Field.get*;<hex.schemas.XGBoostV3$XGBoostParametersV3: double learn_rate>;water.api.SchemaMetadata$FieldMetadata.<init>;143;isAccessible=true;
Field.get*;<hex.schemas.XGBoostV3$XGBoostParametersV3: double min_child_weight>;water.api.SchemaMetadata$FieldMetadata.<init>;143;isAccessible=true;
Field.get*;<hex.schemas.XGBoostV3$XGBoostParametersV3: double min_rows>;water.api.SchemaMetadata$FieldMetadata.<init>;143;isAccessible=true;
Field.get*;<hex.schemas.XGBoostV3$XGBoostParametersV3: double sample_rate>;water.api.SchemaMetadata$FieldMetadata.<init>;143;isAccessible=true;
Field.get*;<hex.schemas.XGBoostV3$XGBoostParametersV3: double subsample>;water.api.SchemaMetadata$FieldMetadata.<init>;143;isAccessible=true;
Field.get*;<hex.schemas.XGBoostV3$XGBoostParametersV3: float gamma>;water.api.SchemaMetadata$FieldMetadata.<init>;143;isAccessible=true;
Field.get*;<hex.schemas.XGBoostV3$XGBoostParametersV3: float max_abs_leafnode_pred>;water.api.SchemaMetadata$FieldMetadata.<init>;143;isAccessible=true;
Field.get*;<hex.schemas.XGBoostV3$XGBoostParametersV3: float max_delta_step>;water.api.SchemaMetadata$FieldMetadata.<init>;143;isAccessible=true;
Field.get*;<hex.schemas.XGBoostV3$XGBoostParametersV3: float min_split_improvement>;water.api.SchemaMetadata$FieldMetadata.<init>;143;isAccessible=true;
Field.get*;<hex.schemas.XGBoostV3$XGBoostParametersV3: float rate_drop>;water.api.SchemaMetadata$FieldMetadata.<init>;143;isAccessible=true;
Field.get*;<hex.schemas.XGBoostV3$XGBoostParametersV3: float reg_alpha>;water.api.SchemaMetadata$FieldMetadata.<init>;143;isAccessible=true;
Field.get*;<hex.schemas.XGBoostV3$XGBoostParametersV3: float reg_lambda>;water.api.SchemaMetadata$FieldMetadata.<init>;143;isAccessible=true;
Field.get*;<hex.schemas.XGBoostV3$XGBoostParametersV3: float scale_pos_weight>;water.api.SchemaMetadata$FieldMetadata.<init>;143;isAccessible=true;
Field.get*;<hex.schemas.XGBoostV3$XGBoostParametersV3: float skip_drop>;water.api.SchemaMetadata$FieldMetadata.<init>;143;isAccessible=true;
Field.get*;<hex.schemas.XGBoostV3$XGBoostParametersV3: hex.tree.CalibrationHelper$CalibrationMethod calibration_method>;water.api.SchemaMetadata$FieldMetadata.<init>;143;isAccessible=true;
Field.get*;<hex.schemas.XGBoostV3$XGBoostParametersV3: hex.tree.xgboost.XGBoostModel$XGBoostParameters$Backend backend>;water.api.SchemaMetadata$FieldMetadata.<init>;143;isAccessible=true;
Field.get*;<hex.schemas.XGBoostV3$XGBoostParametersV3: hex.tree.xgboost.XGBoostModel$XGBoostParameters$Booster booster>;water.api.SchemaMetadata$FieldMetadata.<init>;143;isAccessible=true;
Field.get*;<hex.schemas.XGBoostV3$XGBoostParametersV3: hex.tree.xgboost.XGBoostModel$XGBoostParameters$DMatrixType dmatrix_type>;water.api.SchemaMetadata$FieldMetadata.<init>;143;isAccessible=true;
Field.get*;<hex.schemas.XGBoostV3$XGBoostParametersV3: hex.tree.xgboost.XGBoostModel$XGBoostParameters$DartNormalizeType normalize_type>;water.api.SchemaMetadata$FieldMetadata.<init>;143;isAccessible=true;
Field.get*;<hex.schemas.XGBoostV3$XGBoostParametersV3: hex.tree.xgboost.XGBoostModel$XGBoostParameters$DartSampleType sample_type>;water.api.SchemaMetadata$FieldMetadata.<init>;143;isAccessible=true;
Field.get*;<hex.schemas.XGBoostV3$XGBoostParametersV3: hex.tree.xgboost.XGBoostModel$XGBoostParameters$GrowPolicy grow_policy>;water.api.SchemaMetadata$FieldMetadata.<init>;143;isAccessible=true;
Field.get*;<hex.schemas.XGBoostV3$XGBoostParametersV3: hex.tree.xgboost.XGBoostModel$XGBoostParameters$TreeMethod tree_method>;water.api.SchemaMetadata$FieldMetadata.<init>;143;isAccessible=true;
Field.get*;<hex.schemas.XGBoostV3$XGBoostParametersV3: int max_bins>;water.api.SchemaMetadata$FieldMetadata.<init>;143;isAccessible=true;
Field.get*;<hex.schemas.XGBoostV3$XGBoostParametersV3: int max_depth>;water.api.SchemaMetadata$FieldMetadata.<init>;143;isAccessible=true;
Field.get*;<hex.schemas.XGBoostV3$XGBoostParametersV3: int max_leaves>;water.api.SchemaMetadata$FieldMetadata.<init>;143;isAccessible=true;
Field.get*;<hex.schemas.XGBoostV3$XGBoostParametersV3: int nthread>;water.api.SchemaMetadata$FieldMetadata.<init>;143;isAccessible=true;
Field.get*;<hex.schemas.XGBoostV3$XGBoostParametersV3: int ntrees>;water.api.SchemaMetadata$FieldMetadata.<init>;143;isAccessible=true;
Field.get*;<hex.schemas.XGBoostV3$XGBoostParametersV3: int score_tree_interval>;water.api.SchemaMetadata$FieldMetadata.<init>;143;isAccessible=true;
Field.get*;<hex.schemas.XGBoostV3$XGBoostParametersV3: int[] gpu_id>;water.api.SchemaMetadata$FieldMetadata.<init>;143;isAccessible=true;
Field.get*;<hex.schemas.XGBoostV3$XGBoostParametersV3: java.lang.String eval_metric>;water.api.SchemaMetadata$FieldMetadata.<init>;143;isAccessible=true;
Field.get*;<hex.schemas.XGBoostV3$XGBoostParametersV3: java.lang.String save_matrix_directory>;water.api.SchemaMetadata$FieldMetadata.<init>;143;isAccessible=true;
Field.get*;<hex.schemas.XGBoostV3$XGBoostParametersV3: java.lang.String[][] interaction_constraints>;water.api.SchemaMetadata$FieldMetadata.<init>;143;isAccessible=true;
Field.get*;<hex.schemas.XGBoostV3$XGBoostParametersV3: long seed>;water.api.SchemaMetadata$FieldMetadata.<init>;143;isAccessible=true;
Field.get*;<hex.schemas.XGBoostV3$XGBoostParametersV3: water.api.schemas3.KeyV3$FrameKeyV3 calibration_frame>;water.api.SchemaMetadata$FieldMetadata.<init>;143;isAccessible=true;
Field.get*;<hex.schemas.XGBoostV3$XGBoostParametersV3: water.api.schemas3.KeyValueV3[] monotone_constraints>;water.api.SchemaMetadata$FieldMetadata.<init>;143;isAccessible=true;
Field.get*;<hex.tree.SharedTreeModel$SharedTreeOutput: water.util.TwoDimTable _variable_importances>;hex.Model$Output.printTwoDimTables;1255;isAccessible=false;
Field.get*;<hex.tree.SharedTreeModel$SharedTreeParameters: boolean _build_tree_one_node>;hex.Model$Parameters.checksum;642;isAccessible=true;
Field.get*;<hex.tree.SharedTreeModel$SharedTreeParameters: boolean _build_tree_one_node>;water.util.PojoUtils.copyProperties;129;isAccessible=true;
Field.get*;<hex.tree.SharedTreeModel$SharedTreeParameters: boolean _build_tree_one_node>;water.util.PojoUtils.copyProperties;326;isAccessible=true;
Field.get*;<hex.tree.SharedTreeModel$SharedTreeParameters: boolean _calibrate_model>;hex.Model$Parameters.checksum;642;isAccessible=true;
Field.get*;<hex.tree.SharedTreeModel$SharedTreeParameters: boolean _calibrate_model>;water.util.PojoUtils.copyProperties;129;isAccessible=true;
Field.get*;<hex.tree.SharedTreeModel$SharedTreeParameters: boolean _calibrate_model>;water.util.PojoUtils.copyProperties;326;isAccessible=true;
Field.get*;<hex.tree.SharedTreeModel$SharedTreeParameters: boolean _parallel_main_model_building>;hex.Model$Parameters.checksum;642;isAccessible=true;
Field.get*;<hex.tree.SharedTreeModel$SharedTreeParameters: boolean _use_best_cv_iteration>;hex.Model$Parameters.checksum;642;isAccessible=true;
Field.get*;<hex.tree.SharedTreeModel$SharedTreeParameters: double _col_sample_rate_change_per_level>;hex.Model$Parameters.checksum;642;isAccessible=true;
Field.get*;<hex.tree.SharedTreeModel$SharedTreeParameters: double _col_sample_rate_change_per_level>;water.util.PojoUtils.copyProperties;129;isAccessible=true;
Field.get*;<hex.tree.SharedTreeModel$SharedTreeParameters: double _col_sample_rate_change_per_level>;water.util.PojoUtils.copyProperties;326;isAccessible=true;
Field.get*;<hex.tree.SharedTreeModel$SharedTreeParameters: double _col_sample_rate_per_tree>;hex.Model$Parameters.checksum;642;isAccessible=true;
Field.get*;<hex.tree.SharedTreeModel$SharedTreeParameters: double _col_sample_rate_per_tree>;water.util.PojoUtils.copyProperties;129;isAccessible=true;
Field.get*;<hex.tree.SharedTreeModel$SharedTreeParameters: double _col_sample_rate_per_tree>;water.util.PojoUtils.copyProperties;326;isAccessible=true;
Field.get*;<hex.tree.SharedTreeModel$SharedTreeParameters: double _min_rows>;hex.Model$Parameters.checksum;642;isAccessible=true;
Field.get*;<hex.tree.SharedTreeModel$SharedTreeParameters: double _min_rows>;water.util.PojoUtils.copyProperties;129;isAccessible=true;
Field.get*;<hex.tree.SharedTreeModel$SharedTreeParameters: double _min_rows>;water.util.PojoUtils.copyProperties;326;isAccessible=true;
Field.get*;<hex.tree.SharedTreeModel$SharedTreeParameters: double _min_split_improvement>;hex.Model$Parameters.checksum;642;isAccessible=true;
Field.get*;<hex.tree.SharedTreeModel$SharedTreeParameters: double _min_split_improvement>;water.util.PojoUtils.copyProperties;129;isAccessible=true;
Field.get*;<hex.tree.SharedTreeModel$SharedTreeParameters: double _min_split_improvement>;water.util.PojoUtils.copyProperties;326;isAccessible=true;
Field.get*;<hex.tree.SharedTreeModel$SharedTreeParameters: double _r2_stopping>;hex.Model$Parameters.checksum;642;isAccessible=true;
Field.get*;<hex.tree.SharedTreeModel$SharedTreeParameters: double _r2_stopping>;water.util.PojoUtils.copyProperties;129;isAccessible=true;
Field.get*;<hex.tree.SharedTreeModel$SharedTreeParameters: double _r2_stopping>;water.util.PojoUtils.copyProperties;326;isAccessible=true;
Field.get*;<hex.tree.SharedTreeModel$SharedTreeParameters: double _sample_rate>;hex.Model$Parameters.checksum;642;isAccessible=true;
Field.get*;<hex.tree.SharedTreeModel$SharedTreeParameters: double _sample_rate>;water.util.PojoUtils.copyProperties;129;isAccessible=true;
Field.get*;<hex.tree.SharedTreeModel$SharedTreeParameters: double _sample_rate>;water.util.PojoUtils.copyProperties;326;isAccessible=true;
Field.get*;<hex.tree.SharedTreeModel$SharedTreeParameters: double[] _sample_rate_per_class>;hex.Model$Parameters.checksum;611;isAccessible=true;
Field.get*;<hex.tree.SharedTreeModel$SharedTreeParameters: double[] _sample_rate_per_class>;water.util.PojoUtils.copyProperties;129;isAccessible=true;
Field.get*;<hex.tree.SharedTreeModel$SharedTreeParameters: hex.tree.CalibrationHelper$CalibrationMethod _calibration_method>;hex.Model$Parameters.checksum;642;isAccessible=true;
Field.get*;<hex.tree.SharedTreeModel$SharedTreeParameters: hex.tree.CalibrationHelper$CalibrationMethod _calibration_method>;water.util.PojoUtils.copyProperties;129;isAccessible=true;
Field.get*;<hex.tree.SharedTreeModel$SharedTreeParameters: hex.tree.CalibrationHelper$CalibrationMethod _calibration_method>;water.util.PojoUtils.copyProperties;326;isAccessible=true;
Field.get*;<hex.tree.SharedTreeModel$SharedTreeParameters: hex.tree.SharedTreeModel$SharedTreeParameters$HistogramType _histogram_type>;hex.Model$Parameters.checksum;642;isAccessible=true;
Field.get*;<hex.tree.SharedTreeModel$SharedTreeParameters: hex.tree.SharedTreeModel$SharedTreeParameters$HistogramType _histogram_type>;water.util.PojoUtils.copyProperties;129;isAccessible=true;
Field.get*;<hex.tree.SharedTreeModel$SharedTreeParameters: hex.tree.SharedTreeModel$SharedTreeParameters$HistogramType _histogram_type>;water.util.PojoUtils.copyProperties;326;isAccessible=true;
Field.get*;<hex.tree.SharedTreeModel$SharedTreeParameters: int _in_training_checkpoints_tree_interval>;hex.Model$Parameters.checksum;642;isAccessible=true;
Field.get*;<hex.tree.SharedTreeModel$SharedTreeParameters: int _in_training_checkpoints_tree_interval>;water.util.PojoUtils.copyProperties;129;isAccessible=true;
Field.get*;<hex.tree.SharedTreeModel$SharedTreeParameters: int _in_training_checkpoints_tree_interval>;water.util.PojoUtils.copyProperties;326;isAccessible=true;
Field.get*;<hex.tree.SharedTreeModel$SharedTreeParameters: int _initial_score_interval>;hex.Model$Parameters.checksum;642;isAccessible=true;
Field.get*;<hex.tree.SharedTreeModel$SharedTreeParameters: int _max_depth>;hex.Model$Parameters.checksum;642;isAccessible=true;
Field.get*;<hex.tree.SharedTreeModel$SharedTreeParameters: int _max_depth>;water.util.PojoUtils.copyProperties;129;isAccessible=true;
Field.get*;<hex.tree.SharedTreeModel$SharedTreeParameters: int _max_depth>;water.util.PojoUtils.copyProperties;326;isAccessible=true;
Field.get*;<hex.tree.SharedTreeModel$SharedTreeParameters: int _nbins>;hex.Model$Parameters.checksum;642;isAccessible=true;
Field.get*;<hex.tree.SharedTreeModel$SharedTreeParameters: int _nbins>;water.util.PojoUtils.copyProperties;129;isAccessible=true;
Field.get*;<hex.tree.SharedTreeModel$SharedTreeParameters: int _nbins>;water.util.PojoUtils.copyProperties;326;isAccessible=true;
Field.get*;<hex.tree.SharedTreeModel$SharedTreeParameters: int _nbins_cats>;hex.Model$Parameters.checksum;642;isAccessible=true;
Field.get*;<hex.tree.SharedTreeModel$SharedTreeParameters: int _nbins_cats>;water.util.PojoUtils.copyProperties;129;isAccessible=true;
Field.get*;<hex.tree.SharedTreeModel$SharedTreeParameters: int _nbins_cats>;water.util.PojoUtils.copyProperties;326;isAccessible=true;
Field.get*;<hex.tree.SharedTreeModel$SharedTreeParameters: int _nbins_top_level>;hex.Model$Parameters.checksum;642;isAccessible=true;
Field.get*;<hex.tree.SharedTreeModel$SharedTreeParameters: int _nbins_top_level>;water.util.PojoUtils.copyProperties;129;isAccessible=true;
Field.get*;<hex.tree.SharedTreeModel$SharedTreeParameters: int _nbins_top_level>;water.util.PojoUtils.copyProperties;326;isAccessible=true;
Field.get*;<hex.tree.SharedTreeModel$SharedTreeParameters: int _ntrees>;hex.Model$Parameters.checksum;642;isAccessible=true;
Field.get*;<hex.tree.SharedTreeModel$SharedTreeParameters: int _ntrees>;water.util.PojoUtils.copyProperties;129;isAccessible=true;
Field.get*;<hex.tree.SharedTreeModel$SharedTreeParameters: int _ntrees>;water.util.PojoUtils.copyProperties;326;isAccessible=true;
Field.get*;<hex.tree.SharedTreeModel$SharedTreeParameters: int _score_interval>;hex.Model$Parameters.checksum;642;isAccessible=true;
Field.get*;<hex.tree.SharedTreeModel$SharedTreeParameters: int _score_tree_interval>;hex.Model$Parameters.checksum;642;isAccessible=true;
Field.get*;<hex.tree.SharedTreeModel$SharedTreeParameters: int _score_tree_interval>;water.util.PojoUtils.copyProperties;129;isAccessible=true;
Field.get*;<hex.tree.SharedTreeModel$SharedTreeParameters: int _score_tree_interval>;water.util.PojoUtils.copyProperties;326;isAccessible=true;
Field.get*;<hex.tree.SharedTreeModel$SharedTreeParameters: java.lang.String _in_training_checkpoints_dir>;hex.Model$Parameters.checksum;642;isAccessible=true;
Field.get*;<hex.tree.SharedTreeModel$SharedTreeParameters: java.lang.String _in_training_checkpoints_dir>;water.util.PojoUtils.copyProperties;129;isAccessible=true;
Field.get*;<hex.tree.SharedTreeModel$SharedTreeParameters: water.Key _calibration_frame>;hex.Model$Parameters.checksum;642;isAccessible=true;
Field.get*;<hex.tree.SharedTreeModel$SharedTreeParameters: water.Key _calibration_frame>;water.util.PojoUtils.copyProperties;129;isAccessible=true;
Field.get*;<hex.tree.drf.DRFModel$DRFParameters: boolean _binomial_double_trees>;hex.Model$Parameters.checksum;642;isAccessible=true;
Field.get*;<hex.tree.drf.DRFModel$DRFParameters: boolean _binomial_double_trees>;water.util.PojoUtils.copyProperties;129;isAccessible=true;
Field.get*;<hex.tree.drf.DRFModel$DRFParameters: boolean _binomial_double_trees>;water.util.PojoUtils.copyProperties;326;isAccessible=true;
Field.get*;<hex.tree.drf.DRFModel$DRFParameters: int _mtries>;hex.Model$Parameters.checksum;642;isAccessible=true;
Field.get*;<hex.tree.drf.DRFModel$DRFParameters: int _mtries>;water.util.PojoUtils.copyProperties;129;isAccessible=true;
Field.get*;<hex.tree.drf.DRFModel$DRFParameters: int _mtries>;water.util.PojoUtils.copyProperties;326;isAccessible=true;
Field.get*;<java.lang.Boolean: java.lang.Class TYPE>;com.sun.jmx.mbeanserver.DefaultMXBeanMappingFactory.<clinit>;216;isAccessible=false;
Field.get*;<java.lang.Byte: java.lang.Class TYPE>;com.sun.jmx.mbeanserver.DefaultMXBeanMappingFactory.<clinit>;216;isAccessible=false;
Field.get*;<java.lang.Character: java.lang.Class TYPE>;com.sun.jmx.mbeanserver.DefaultMXBeanMappingFactory.<clinit>;216;isAccessible=false;
Field.get*;<java.lang.Double: java.lang.Class TYPE>;com.sun.jmx.mbeanserver.DefaultMXBeanMappingFactory.<clinit>;216;isAccessible=false;
Field.get*;<java.lang.Float: java.lang.Class TYPE>;com.sun.jmx.mbeanserver.DefaultMXBeanMappingFactory.<clinit>;216;isAccessible=false;
Field.get*;<java.lang.Integer: java.lang.Class TYPE>;com.sun.jmx.mbeanserver.DefaultMXBeanMappingFactory.<clinit>;216;isAccessible=false;
Field.get*;<java.lang.Long: java.lang.Class TYPE>;com.sun.jmx.mbeanserver.DefaultMXBeanMappingFactory.<clinit>;216;isAccessible=false;
Field.get*;<java.lang.Short: java.lang.Class TYPE>;com.sun.jmx.mbeanserver.DefaultMXBeanMappingFactory.<clinit>;216;isAccessible=false;
Field.get*;<java.lang.Void: java.lang.Class TYPE>;com.sun.jmx.mbeanserver.DefaultMXBeanMappingFactory.<clinit>;216;isAccessible=false;
Field.get*;<org.apache.log4j.Level: org.apache.log4j.Level TRACE>;org.apache.commons.logging.impl.Log4JLogger.<clinit>;89;isAccessible=false;
Field.get*;<org.apache.logging.log4j.core.appender.AbstractAppender$Builder: boolean ignoreExceptions>;org.apache.logging.log4j.core.config.plugins.util.PluginBuilder.injectFields;196;isAccessible=true;
Field.get*;<org.apache.logging.log4j.core.appender.AbstractAppender$Builder: java.lang.String name>;org.apache.logging.log4j.core.config.plugins.util.PluginBuilder.injectFields;196;isAccessible=true;
Field.get*;<org.apache.logging.log4j.core.appender.AbstractAppender$Builder: org.apache.logging.log4j.core.Layout layout>;org.apache.logging.log4j.core.config.plugins.util.PluginBuilder.injectFields;196;isAccessible=true;
Field.get*;<org.apache.logging.log4j.core.appender.AbstractAppender$Builder: org.apache.logging.log4j.core.config.Configuration configuration>;org.apache.logging.log4j.core.config.plugins.util.PluginBuilder.injectFields;196;isAccessible=true;
Field.get*;<org.apache.logging.log4j.core.appender.AbstractOutputStreamAppender$Builder: boolean bufferedIo>;org.apache.logging.log4j.core.config.plugins.util.PluginBuilder.injectFields;196;isAccessible=true;
Field.get*;<org.apache.logging.log4j.core.appender.AbstractOutputStreamAppender$Builder: boolean immediateFlush>;org.apache.logging.log4j.core.config.plugins.util.PluginBuilder.injectFields;196;isAccessible=true;
Field.get*;<org.apache.logging.log4j.core.appender.AbstractOutputStreamAppender$Builder: int bufferSize>;org.apache.logging.log4j.core.config.plugins.util.PluginBuilder.injectFields;196;isAccessible=true;
Field.get*;<org.apache.logging.log4j.core.appender.ConsoleAppender$Builder: boolean direct>;org.apache.logging.log4j.core.config.plugins.util.PluginBuilder.injectFields;196;isAccessible=true;
Field.get*;<org.apache.logging.log4j.core.appender.ConsoleAppender$Builder: boolean follow>;org.apache.logging.log4j.core.config.plugins.util.PluginBuilder.injectFields;196;isAccessible=true;
Field.get*;<org.apache.logging.log4j.core.appender.ConsoleAppender$Builder: org.apache.logging.log4j.core.appender.ConsoleAppender$Target target>;org.apache.logging.log4j.core.config.plugins.util.PluginBuilder.injectFields;196;isAccessible=true;
Field.get*;<org.apache.logging.log4j.core.appender.RollingFileAppender$Builder: boolean advertise>;org.apache.logging.log4j.core.config.plugins.util.PluginBuilder.injectFields;196;isAccessible=true;
Field.get*;<org.apache.logging.log4j.core.appender.RollingFileAppender$Builder: boolean append>;org.apache.logging.log4j.core.config.plugins.util.PluginBuilder.injectFields;196;isAccessible=true;
Field.get*;<org.apache.logging.log4j.core.appender.RollingFileAppender$Builder: boolean createOnDemand>;org.apache.logging.log4j.core.config.plugins.util.PluginBuilder.injectFields;196;isAccessible=true;
Field.get*;<org.apache.logging.log4j.core.appender.RollingFileAppender$Builder: boolean locking>;org.apache.logging.log4j.core.config.plugins.util.PluginBuilder.injectFields;196;isAccessible=true;
Field.get*;<org.apache.logging.log4j.core.appender.RollingFileAppender$Builder: java.lang.String advertiseUri>;org.apache.logging.log4j.core.config.plugins.util.PluginBuilder.injectFields;196;isAccessible=true;
Field.get*;<org.apache.logging.log4j.core.appender.RollingFileAppender$Builder: java.lang.String fileGroup>;org.apache.logging.log4j.core.config.plugins.util.PluginBuilder.injectFields;196;isAccessible=true;
Field.get*;<org.apache.logging.log4j.core.appender.RollingFileAppender$Builder: java.lang.String fileName>;org.apache.logging.log4j.core.config.plugins.util.PluginBuilder.injectFields;196;isAccessible=true;
Field.get*;<org.apache.logging.log4j.core.appender.RollingFileAppender$Builder: java.lang.String fileOwner>;org.apache.logging.log4j.core.config.plugins.util.PluginBuilder.injectFields;196;isAccessible=true;
Field.get*;<org.apache.logging.log4j.core.appender.RollingFileAppender$Builder: java.lang.String filePattern>;org.apache.logging.log4j.core.config.plugins.util.PluginBuilder.injectFields;196;isAccessible=true;
Field.get*;<org.apache.logging.log4j.core.appender.RollingFileAppender$Builder: java.lang.String filePermissions>;org.apache.logging.log4j.core.config.plugins.util.PluginBuilder.injectFields;196;isAccessible=true;
Field.get*;<org.apache.logging.log4j.core.appender.RollingFileAppender$Builder: org.apache.logging.log4j.core.appender.rolling.RolloverStrategy strategy>;org.apache.logging.log4j.core.config.plugins.util.PluginBuilder.injectFields;196;isAccessible=true;
Field.get*;<org.apache.logging.log4j.core.appender.RollingFileAppender$Builder: org.apache.logging.log4j.core.appender.rolling.TriggeringPolicy policy>;org.apache.logging.log4j.core.config.plugins.util.PluginBuilder.injectFields;196;isAccessible=true;
Field.get*;<org.apache.logging.log4j.core.appender.rolling.DefaultRolloverStrategy$Builder: boolean stopCustomActionsOnError>;org.apache.logging.log4j.core.config.plugins.util.PluginBuilder.injectFields;196;isAccessible=true;
Field.get*;<org.apache.logging.log4j.core.appender.rolling.DefaultRolloverStrategy$Builder: java.lang.String compressionLevelStr>;org.apache.logging.log4j.core.config.plugins.util.PluginBuilder.injectFields;196;isAccessible=true;
Field.get*;<org.apache.logging.log4j.core.appender.rolling.DefaultRolloverStrategy$Builder: java.lang.String fileIndex>;org.apache.logging.log4j.core.config.plugins.util.PluginBuilder.injectFields;196;isAccessible=true;
Field.get*;<org.apache.logging.log4j.core.appender.rolling.DefaultRolloverStrategy$Builder: java.lang.String max>;org.apache.logging.log4j.core.config.plugins.util.PluginBuilder.injectFields;196;isAccessible=true;
Field.get*;<org.apache.logging.log4j.core.appender.rolling.DefaultRolloverStrategy$Builder: java.lang.String min>;org.apache.logging.log4j.core.config.plugins.util.PluginBuilder.injectFields;196;isAccessible=true;
Field.get*;<org.apache.logging.log4j.core.appender.rolling.DefaultRolloverStrategy$Builder: java.lang.String tempCompressedFilePattern>;org.apache.logging.log4j.core.config.plugins.util.PluginBuilder.injectFields;196;isAccessible=true;
Field.get*;<org.apache.logging.log4j.core.appender.rolling.DefaultRolloverStrategy$Builder: org.apache.logging.log4j.core.appender.rolling.action.Action[] customActions>;org.apache.logging.log4j.core.config.plugins.util.PluginBuilder.injectFields;196;isAccessible=true;
Field.get*;<org.apache.logging.log4j.core.appender.rolling.DefaultRolloverStrategy$Builder: org.apache.logging.log4j.core.config.Configuration config>;org.apache.logging.log4j.core.config.plugins.util.PluginBuilder.injectFields;196;isAccessible=true;
Field.get*;<org.apache.logging.log4j.core.filter.AbstractFilterable$Builder: org.apache.logging.log4j.core.Filter filter>;org.apache.logging.log4j.core.config.plugins.util.PluginBuilder.injectFields;196;isAccessible=true;
Field.get*;<org.apache.logging.log4j.core.filter.AbstractFilterable$Builder: org.apache.logging.log4j.core.config.Property[] propertyArray>;org.apache.logging.log4j.core.config.plugins.util.PluginBuilder.injectFields;196;isAccessible=true;
Field.get*;<org.apache.logging.log4j.core.layout.PatternLayout$Builder: boolean alwaysWriteExceptions>;org.apache.logging.log4j.core.config.plugins.util.PluginBuilder.injectFields;196;isAccessible=true;
Field.get*;<org.apache.logging.log4j.core.layout.PatternLayout$Builder: boolean disableAnsi>;org.apache.logging.log4j.core.config.plugins.util.PluginBuilder.injectFields;196;isAccessible=true;
Field.get*;<org.apache.logging.log4j.core.layout.PatternLayout$Builder: boolean noConsoleNoAnsi>;org.apache.logging.log4j.core.config.plugins.util.PluginBuilder.injectFields;196;isAccessible=true;
Field.get*;<org.apache.logging.log4j.core.layout.PatternLayout$Builder: java.lang.String footer>;org.apache.logging.log4j.core.config.plugins.util.PluginBuilder.injectFields;196;isAccessible=true;
Field.get*;<org.apache.logging.log4j.core.layout.PatternLayout$Builder: java.lang.String header>;org.apache.logging.log4j.core.config.plugins.util.PluginBuilder.injectFields;196;isAccessible=true;
Field.get*;<org.apache.logging.log4j.core.layout.PatternLayout$Builder: java.lang.String pattern>;org.apache.logging.log4j.core.config.plugins.util.PluginBuilder.injectFields;196;isAccessible=true;
Field.get*;<org.apache.logging.log4j.core.layout.PatternLayout$Builder: java.nio.charset.Charset charset>;org.apache.logging.log4j.core.config.plugins.util.PluginBuilder.injectFields;196;isAccessible=true;
Field.get*;<org.apache.logging.log4j.core.layout.PatternLayout$Builder: org.apache.logging.log4j.core.config.Configuration configuration>;org.apache.logging.log4j.core.config.plugins.util.PluginBuilder.injectFields;196;isAccessible=true;
Field.get*;<org.apache.logging.log4j.core.layout.PatternLayout$Builder: org.apache.logging.log4j.core.layout.PatternSelector patternSelector>;org.apache.logging.log4j.core.config.plugins.util.PluginBuilder.injectFields;196;isAccessible=true;
Field.get*;<org.apache.logging.log4j.core.layout.PatternLayout$Builder: org.apache.logging.log4j.core.pattern.RegexReplacement regexReplacement>;org.apache.logging.log4j.core.config.plugins.util.PluginBuilder.injectFields;196;isAccessible=true;
Field.get*;<sun.misc.Unsafe: sun.misc.Unsafe theUnsafe>;jsr166y.CountedCompleter$1.run;517;isAccessible=true;
Field.get*;<sun.misc.Unsafe: sun.misc.Unsafe theUnsafe>;jsr166y.ForkJoinPool$1.run;2880;isAccessible=true;
Field.get*;<sun.misc.Unsafe: sun.misc.Unsafe theUnsafe>;jsr166y.ForkJoinTask$1.run;1585;isAccessible=true;
Field.get*;<sun.misc.Unsafe: sun.misc.Unsafe theUnsafe>;org.dacapo.harness.H2O.prepare;95;isAccessible=true;
Field.get*;<sun.misc.Unsafe: sun.misc.Unsafe theUnsafe>;water.nbhm.UtilUnsafe.getUnsafe;24;isAccessible=true;
Field.get*;<water.H2O$OptArgs: boolean allow_clients>;water.H2O$OptArgs.toString;479;isAccessible=false;
Field.get*;<water.H2O$OptArgs: boolean allow_unsupported_java>;water.H2O$OptArgs.toString;479;isAccessible=false;
Field.get*;<water.H2O$OptArgs: boolean cleaner>;water.H2O$OptArgs.toString;479;isAccessible=false;
Field.get*;<water.H2O$OptArgs: boolean client>;water.H2O$OptArgs.toString;479;isAccessible=false;
Field.get*;<water.H2O$OptArgs: boolean configure_s3_using_s3a>;water.H2O$OptArgs.toString;479;isAccessible=false;
Field.get*;<water.H2O$OptArgs: boolean disable_flow>;water.H2O$OptArgs.toString;479;isAccessible=false;
Field.get*;<water.H2O$OptArgs: boolean disable_net>;water.H2O$OptArgs.toString;479;isAccessible=false;
Field.get*;<water.H2O$OptArgs: boolean disable_web>;water.H2O$OptArgs.toString;479;isAccessible=false;
Field.get*;<water.H2O$OptArgs: boolean embedded>;water.H2O$OptArgs.toString;479;isAccessible=false;
Field.get*;<water.H2O$OptArgs: boolean hdfs_skip>;water.H2O$OptArgs.toString;479;isAccessible=false;
Field.get*;<water.H2O$OptArgs: boolean help>;water.H2O$OptArgs.toString;479;isAccessible=false;
Field.get*;<water.H2O$OptArgs: boolean md5skip>;water.H2O$OptArgs.toString;479;isAccessible=false;
Field.get*;<water.H2O$OptArgs: boolean quiet>;water.H2O$OptArgs.toString;479;isAccessible=false;
Field.get*;<water.H2O$OptArgs: boolean random_udp_drop>;water.H2O$OptArgs.toString;479;isAccessible=false;
Field.get*;<water.H2O$OptArgs: boolean version>;water.H2O$OptArgs.toString;479;isAccessible=false;
Field.get*;<water.H2O$OptArgs: double off_heap_memory_ratio>;water.H2O$OptArgs.toString;479;isAccessible=false;
Field.get*;<water.H2O$OptArgs: hex.ModelBuilder$BuilderVisibility features_level>;water.H2O$OptArgs.toString;479;isAccessible=false;
Field.get*;<water.H2O$OptArgs: int rest_api_ping_timeout>;water.H2O$OptArgs.toString;479;isAccessible=false;
Field.get*;<water.H2O$OptArgs: java.lang.String SYSTEM_DEBUG_CORS>;water.H2O$OptArgs.toString;479;isAccessible=false;
Field.get*;<water.H2O$OptArgs: java.lang.String SYSTEM_PROP_PREFIX>;water.H2O$OptArgs.toString;479;isAccessible=false;
Field.get*;<water.H2O$OptArgs: java.lang.String auto_recovery_dir>;water.H2O$OptArgs.toString;479;isAccessible=false;
Field.get*;<water.H2O$OptArgs: java.lang.String aws_credentials>;water.H2O$OptArgs.toString;479;isAccessible=false;
Field.get*;<water.H2O$OptArgs: java.lang.String flatfile>;water.H2O$OptArgs.toString;479;isAccessible=false;
Field.get*;<water.H2O$OptArgs: java.lang.String flow_dir>;water.H2O$OptArgs.toString;479;isAccessible=false;
Field.get*;<water.H2O$OptArgs: java.lang.String ga_hadoop_ver>;water.H2O$OptArgs.toString;479;isAccessible=false;
Field.get*;<water.H2O$OptArgs: java.lang.String ice_root>;water.H2O$OptArgs.toString;479;isAccessible=false;
Field.get*;<water.H2O$OptArgs: java.lang.String log_dir>;water.H2O$OptArgs.toString;479;isAccessible=false;
Field.get*;<water.H2O$OptArgs: java.lang.String log_level>;water.H2O$OptArgs.toString;479;isAccessible=false;
Field.get*;<water.H2O$OptArgs: java.lang.String max_log_file_size>;water.H2O$OptArgs.toString;479;isAccessible=false;
Field.get*;<water.H2O$OptArgs: java.lang.String name>;water.H2O$OptArgs.toString;479;isAccessible=false;
Field.get*;<water.H2O$OptArgs: java.lang.String notify_local>;water.H2O$OptArgs.toString;479;isAccessible=false;
Field.get*;<water.H2O$OptArgs: java.lang.String[] hdfs_config>;water.H2O$OptArgs.toString;479;isAccessible=false;
Field.get*;<water.H2O$OptArgs: java.util.Properties hadoop_properties>;water.H2O$OptArgs.toString;479;isAccessible=false;
Field.get*;<water.H2O$OptArgs: long clientDisconnectTimeout>;water.H2O$OptArgs.toString;479;isAccessible=false;
Field.get*;<water.H2O$OptArgs: short nthreads>;water.H2O$OptArgs.toString;479;isAccessible=false;
Field.get*;<water.Job: boolean _ready_for_view>;water.util.PojoUtils.copyProperties;129;isAccessible=true;
Field.get*;<water.Job: boolean _ready_for_view>;water.util.PojoUtils.copyProperties;326;isAccessible=true;
Field.get*;<water.Job: java.lang.String _description>;water.util.PojoUtils.copyProperties;129;isAccessible=true;
Field.get*;<water.Job: java.lang.String _description>;water.util.PojoUtils.copyProperties;326;isAccessible=true;
Field.get*;<water.Job: long _start_time>;water.util.PojoUtils.copyProperties;129;isAccessible=true;
Field.get*;<water.Job: long _start_time>;water.util.PojoUtils.copyProperties;326;isAccessible=true;
Field.get*;<water.Keyed: water.Key _key>;water.util.PojoUtils.copyProperties;129;isAccessible=true;
Field.get*;<water.Keyed: water.Key _key>;water.util.PojoUtils.copyProperties;246;isAccessible=true;
Field.get*;<water.api.ModelBuildersHandler$ModelIdV3: java.lang.String model_id>;water.api.SchemaMetadata$FieldMetadata.<init>;143;isAccessible=true;
Field.get*;<water.api.ModelMetricsAnomalyV3: double mean_normalized_score>;water.api.SchemaMetadata$FieldMetadata.<init>;143;isAccessible=true;
Field.get*;<water.api.ModelMetricsAnomalyV3: double mean_score>;water.api.SchemaMetadata$FieldMetadata.<init>;143;isAccessible=true;
Field.get*;<water.api.ModelMetricsGLRMV99: double caterr>;water.api.SchemaMetadata$FieldMetadata.<init>;143;isAccessible=true;
Field.get*;<water.api.ModelMetricsGLRMV99: double numerr>;water.api.SchemaMetadata$FieldMetadata.<init>;143;isAccessible=true;
Field.get*;<water.api.ModelMetricsGLRMV99: long catcnt>;water.api.SchemaMetadata$FieldMetadata.<init>;143;isAccessible=true;
Field.get*;<water.api.ModelMetricsGLRMV99: long numcnt>;water.api.SchemaMetadata$FieldMetadata.<init>;143;isAccessible=true;
Field.get*;<water.api.ModelMetricsHandler$ModelMetricsListSchemaV3: boolean compare_abs>;water.api.SchemaMetadata$FieldMetadata.<init>;143;isAccessible=true;
Field.get*;<water.api.ModelMetricsHandler$ModelMetricsListSchemaV3: boolean deviances>;water.api.SchemaMetadata$FieldMetadata.<init>;143;isAccessible=true;
Field.get*;<water.api.ModelMetricsHandler$ModelMetricsListSchemaV3: boolean feature_frequencies>;water.api.SchemaMetadata$FieldMetadata.<init>;143;isAccessible=true;
Field.get*;<water.api.ModelMetricsHandler$ModelMetricsListSchemaV3: boolean leaf_node_assignment>;water.api.SchemaMetadata$FieldMetadata.<init>;143;isAccessible=true;
Field.get*;<water.api.ModelMetricsHandler$ModelMetricsListSchemaV3: boolean predict_contributions>;water.api.SchemaMetadata$FieldMetadata.<init>;143;isAccessible=true;
Field.get*;<water.api.ModelMetricsHandler$ModelMetricsListSchemaV3: boolean predict_staged_proba>;water.api.SchemaMetadata$FieldMetadata.<init>;143;isAccessible=true;
Field.get*;<water.api.ModelMetricsHandler$ModelMetricsListSchemaV3: boolean project_archetypes>;water.api.SchemaMetadata$FieldMetadata.<init>;143;isAccessible=true;
Field.get*;<water.api.ModelMetricsHandler$ModelMetricsListSchemaV3: boolean reconstruct_train>;water.api.SchemaMetadata$FieldMetadata.<init>;143;isAccessible=true;
Field.get*;<water.api.ModelMetricsHandler$ModelMetricsListSchemaV3: boolean reconstruction_error>;water.api.SchemaMetadata$FieldMetadata.<init>;143;isAccessible=true;
Field.get*;<water.api.ModelMetricsHandler$ModelMetricsListSchemaV3: boolean reconstruction_error_per_feature>;water.api.SchemaMetadata$FieldMetadata.<init>;143;isAccessible=true;
Field.get*;<water.api.ModelMetricsHandler$ModelMetricsListSchemaV3: boolean reverse_transform>;water.api.SchemaMetadata$FieldMetadata.<init>;143;isAccessible=true;
Field.get*;<water.api.ModelMetricsHandler$ModelMetricsListSchemaV3: boolean row_to_tree_assignment>;water.api.SchemaMetadata$FieldMetadata.<init>;143;isAccessible=true;
Field.get*;<water.api.ModelMetricsHandler$ModelMetricsListSchemaV3: hex.Model$Contributions$ContributionsOutputFormat predict_contributions_output_format>;water.api.SchemaMetadata$FieldMetadata.<init>;143;isAccessible=true;
Field.get*;<water.api.ModelMetricsHandler$ModelMetricsListSchemaV3: hex.Model$LeafNodeAssignment$LeafNodeAssignmentType leaf_node_assignment_type>;water.api.SchemaMetadata$FieldMetadata.<init>;143;isAccessible=true;
Field.get*;<water.api.ModelMetricsHandler$ModelMetricsListSchemaV3: int auuc_nbins>;water.api.SchemaMetadata$FieldMetadata.<init>;143;isAccessible=true;
Field.get*;<water.api.ModelMetricsHandler$ModelMetricsListSchemaV3: int bottom_n>;water.api.SchemaMetadata$FieldMetadata.<init>;143;isAccessible=true;
Field.get*;<water.api.ModelMetricsHandler$ModelMetricsListSchemaV3: int deep_features_hidden_layer>;water.api.SchemaMetadata$FieldMetadata.<init>;143;isAccessible=true;
Field.get*;<water.api.ModelMetricsHandler$ModelMetricsListSchemaV3: int exemplar_index>;water.api.SchemaMetadata$FieldMetadata.<init>;143;isAccessible=true;
Field.get*;<water.api.ModelMetricsHandler$ModelMetricsListSchemaV3: int top_n>;water.api.SchemaMetadata$FieldMetadata.<init>;143;isAccessible=true;
Field.get*;<water.api.ModelMetricsHandler$ModelMetricsListSchemaV3: java.lang.String auc_type>;water.api.SchemaMetadata$FieldMetadata.<init>;143;isAccessible=true;
Field.get*;<water.api.ModelMetricsHandler$ModelMetricsListSchemaV3: java.lang.String auuc_type>;water.api.SchemaMetadata$FieldMetadata.<init>;143;isAccessible=true;
Field.get*;<water.api.ModelMetricsHandler$ModelMetricsListSchemaV3: java.lang.String custom_metric_func>;water.api.SchemaMetadata$FieldMetadata.<init>;143;isAccessible=true;
Field.get*;<water.api.ModelMetricsHandler$ModelMetricsListSchemaV3: java.lang.String deep_features_hidden_layer_name>;water.api.SchemaMetadata$FieldMetadata.<init>;143;isAccessible=true;
Field.get*;<water.api.ModelMetricsHandler$ModelMetricsListSchemaV3: water.api.schemas3.KeyV3$FrameKeyV3 deviances_frame>;water.api.SchemaMetadata$FieldMetadata.<init>;143;isAccessible=true;
Field.get*;<water.api.ModelMetricsHandler$ModelMetricsListSchemaV3: water.api.schemas3.KeyV3$FrameKeyV3 frame>;water.api.SchemaMetadata$FieldMetadata.<init>;143;isAccessible=true;
Field.get*;<water.api.ModelMetricsHandler$ModelMetricsListSchemaV3: water.api.schemas3.KeyV3$FrameKeyV3 predictions_frame>;water.api.SchemaMetadata$FieldMetadata.<init>;143;isAccessible=true;
Field.get*;<water.api.ModelMetricsHandler$ModelMetricsListSchemaV3: water.api.schemas3.KeyV3$ModelKeyV3 model>;water.api.SchemaMetadata$FieldMetadata.<init>;143;isAccessible=true;
Field.get*;<water.api.ModelMetricsHandler$ModelMetricsListSchemaV3: water.api.schemas3.ModelMetricsBaseV3[] model_metrics>;water.api.SchemaMetadata$FieldMetadata.<init>;143;isAccessible=true;
Field.get*;<water.api.ModelMetricsHandler$ModelMetricsMakerSchemaV3: hex.AUUC$AUUCType auuc_type>;water.api.SchemaMetadata$FieldMetadata.<init>;143;isAccessible=true;
Field.get*;<water.api.ModelMetricsHandler$ModelMetricsMakerSchemaV3: hex.MultinomialAucType auc_type>;water.api.SchemaMetadata$FieldMetadata.<init>;143;isAccessible=true;
Field.get*;<water.api.ModelMetricsHandler$ModelMetricsMakerSchemaV3: hex.genmodel.utils.DistributionFamily distribution>;water.api.SchemaMetadata$FieldMetadata.<init>;143;isAccessible=true;
Field.get*;<water.api.ModelMetricsHandler$ModelMetricsMakerSchemaV3: int auuc_nbins>;water.api.SchemaMetadata$FieldMetadata.<init>;143;isAccessible=true;
Field.get*;<water.api.ModelMetricsHandler$ModelMetricsMakerSchemaV3: java.lang.String actuals_frame>;water.api.SchemaMetadata$FieldMetadata.<init>;143;isAccessible=true;
Field.get*;<water.api.ModelMetricsHandler$ModelMetricsMakerSchemaV3: java.lang.String predictions_frame>;water.api.SchemaMetadata$FieldMetadata.<init>;143;isAccessible=true;
Field.get*;<water.api.ModelMetricsHandler$ModelMetricsMakerSchemaV3: java.lang.String treatment_frame>;water.api.SchemaMetadata$FieldMetadata.<init>;143;isAccessible=true;
Field.get*;<water.api.ModelMetricsHandler$ModelMetricsMakerSchemaV3: java.lang.String weights_frame>;water.api.SchemaMetadata$FieldMetadata.<init>;143;isAccessible=true;
Field.get*;<water.api.ModelMetricsHandler$ModelMetricsMakerSchemaV3: java.lang.String[] domain>;water.api.SchemaMetadata$FieldMetadata.<init>;143;isAccessible=true;
Field.get*;<water.api.ModelMetricsHandler$ModelMetricsMakerSchemaV3: water.api.schemas3.ModelMetricsBaseV3 model_metrics>;water.api.SchemaMetadata$FieldMetadata.<init>;143;isAccessible=true;
Field.get*;<water.api.RecoveryHandler$ResumeV3: java.lang.String recovery_dir>;water.api.SchemaMetadata$FieldMetadata.<init>;143;isAccessible=true;
Field.get*;<water.api.schemas3.AboutEntryV3: java.lang.String name>;water.api.SchemaMetadata$FieldMetadata.<init>;143;isAccessible=true;
Field.get*;<water.api.schemas3.AboutEntryV3: java.lang.String value>;water.api.SchemaMetadata$FieldMetadata.<init>;143;isAccessible=true;
Field.get*;<water.api.schemas3.AboutV3: water.api.schemas3.AboutEntryV3[] entries>;water.api.SchemaMetadata$FieldMetadata.<init>;143;isAccessible=true;
Field.get*;<water.api.schemas3.CapabilitiesV3: water.api.schemas3.CapabilityEntryV3[] capabilities>;water.api.SchemaMetadata$FieldMetadata.<init>;143;isAccessible=true;
Field.get*;<water.api.schemas3.CapabilityEntryV3: java.lang.String name>;water.api.SchemaMetadata$FieldMetadata.<init>;143;isAccessible=true;
Field.get*;<water.api.schemas3.CloudLockV3: java.lang.String reason>;water.api.SchemaMetadata$FieldMetadata.<init>;143;isAccessible=true;
Field.get*;<water.api.schemas3.CloudV3$NodeV3: boolean healthy>;water.api.SchemaMetadata$FieldMetadata.<init>;143;isAccessible=true;
Field.get*;<water.api.schemas3.CloudV3$NodeV3: double gflops>;water.api.SchemaMetadata$FieldMetadata.<init>;143;isAccessible=true;
Field.get*;<water.api.schemas3.CloudV3$NodeV3: double mem_bw>;water.api.SchemaMetadata$FieldMetadata.<init>;143;isAccessible=true;
Field.get*;<water.api.schemas3.CloudV3$NodeV3: float sys_load>;water.api.SchemaMetadata$FieldMetadata.<init>;143;isAccessible=true;
Field.get*;<water.api.schemas3.CloudV3$NodeV3: int cpus_allowed>;water.api.SchemaMetadata$FieldMetadata.<init>;143;isAccessible=true;
Field.get*;<water.api.schemas3.CloudV3$NodeV3: int my_cpu_pct>;water.api.SchemaMetadata$FieldMetadata.<init>;143;isAccessible=true;
Field.get*;<water.api.schemas3.CloudV3$NodeV3: int nthreads>;water.api.SchemaMetadata$FieldMetadata.<init>;143;isAccessible=true;
Field.get*;<water.api.schemas3.CloudV3$NodeV3: int num_cpus>;water.api.SchemaMetadata$FieldMetadata.<init>;143;isAccessible=true;
Field.get*;<water.api.schemas3.CloudV3$NodeV3: int num_keys>;water.api.SchemaMetadata$FieldMetadata.<init>;143;isAccessible=true;
Field.get*;<water.api.schemas3.CloudV3$NodeV3: int open_fds>;water.api.SchemaMetadata$FieldMetadata.<init>;143;isAccessible=true;
Field.get*;<water.api.schemas3.CloudV3$NodeV3: int pid>;water.api.SchemaMetadata$FieldMetadata.<init>;143;isAccessible=true;
Field.get*;<water.api.schemas3.CloudV3$NodeV3: int rpcs_active>;water.api.SchemaMetadata$FieldMetadata.<init>;143;isAccessible=true;
Field.get*;<water.api.schemas3.CloudV3$NodeV3: int sys_cpu_pct>;water.api.SchemaMetadata$FieldMetadata.<init>;143;isAccessible=true;
Field.get*;<water.api.schemas3.CloudV3$NodeV3: int tcps_active>;water.api.SchemaMetadata$FieldMetadata.<init>;143;isAccessible=true;
Field.get*;<water.api.schemas3.CloudV3$NodeV3: java.lang.String h2o>;water.api.SchemaMetadata$FieldMetadata.<init>;143;isAccessible=true;
Field.get*;<water.api.schemas3.CloudV3$NodeV3: java.lang.String ip_port>;water.api.SchemaMetadata$FieldMetadata.<init>;143;isAccessible=true;
Field.get*;<water.api.schemas3.CloudV3$NodeV3: long free_disk>;water.api.SchemaMetadata$FieldMetadata.<init>;143;isAccessible=true;
Field.get*;<water.api.schemas3.CloudV3$NodeV3: long free_mem>;water.api.SchemaMetadata$FieldMetadata.<init>;143;isAccessible=true;
Field.get*;<water.api.schemas3.CloudV3$NodeV3: long last_ping>;water.api.SchemaMetadata$FieldMetadata.<init>;143;isAccessible=true;
Field.get*;<water.api.schemas3.CloudV3$NodeV3: long max_disk>;water.api.SchemaMetadata$FieldMetadata.<init>;143;isAccessible=true;
Field.get*;<water.api.schemas3.CloudV3$NodeV3: long max_mem>;water.api.SchemaMetadata$FieldMetadata.<init>;143;isAccessible=true;
Field.get*;<water.api.schemas3.CloudV3$NodeV3: long mem_value_size>;water.api.SchemaMetadata$FieldMetadata.<init>;143;isAccessible=true;
Field.get*;<water.api.schemas3.CloudV3$NodeV3: long pojo_mem>;water.api.SchemaMetadata$FieldMetadata.<init>;143;isAccessible=true;
Field.get*;<water.api.schemas3.CloudV3$NodeV3: long swap_mem>;water.api.SchemaMetadata$FieldMetadata.<init>;143;isAccessible=true;
Field.get*;<water.api.schemas3.CloudV3$NodeV3: short[] fjqueue>;water.api.SchemaMetadata$FieldMetadata.<init>;143;isAccessible=true;
Field.get*;<water.api.schemas3.CloudV3$NodeV3: short[] fjthrds>;water.api.SchemaMetadata$FieldMetadata.<init>;143;isAccessible=true;
Field.get*;<water.api.schemas3.CloudV3: boolean build_too_old>;water.api.SchemaMetadata$FieldMetadata.<init>;143;isAccessible=true;
Field.get*;<water.api.schemas3.CloudV3: boolean cloud_healthy>;water.api.SchemaMetadata$FieldMetadata.<init>;143;isAccessible=true;
Field.get*;<water.api.schemas3.CloudV3: boolean consensus>;water.api.SchemaMetadata$FieldMetadata.<init>;143;isAccessible=true;
Field.get*;<water.api.schemas3.CloudV3: boolean internal_security_enabled>;water.api.SchemaMetadata$FieldMetadata.<init>;143;isAccessible=true;
Field.get*;<water.api.schemas3.CloudV3: boolean is_client>;water.api.SchemaMetadata$FieldMetadata.<init>;143;isAccessible=true;
Field.get*;<water.api.schemas3.CloudV3: boolean locked>;water.api.SchemaMetadata$FieldMetadata.<init>;143;isAccessible=true;
Field.get*;<water.api.schemas3.CloudV3: boolean skip_ticks>;water.api.SchemaMetadata$FieldMetadata.<init>;143;isAccessible=true;
Field.get*;<water.api.schemas3.CloudV3: int bad_nodes>;water.api.SchemaMetadata$FieldMetadata.<init>;143;isAccessible=true;
Field.get*;<water.api.schemas3.CloudV3: int cloud_size>;water.api.SchemaMetadata$FieldMetadata.<init>;143;isAccessible=true;
Field.get*;<water.api.schemas3.CloudV3: int leader_idx>;water.api.SchemaMetadata$FieldMetadata.<init>;143;isAccessible=true;
Field.get*;<water.api.schemas3.CloudV3: int node_idx>;water.api.SchemaMetadata$FieldMetadata.<init>;143;isAccessible=true;
Field.get*;<water.api.schemas3.CloudV3: java.lang.String branch_name>;water.api.SchemaMetadata$FieldMetadata.<init>;143;isAccessible=true;
Field.get*;<water.api.schemas3.CloudV3: java.lang.String build_age>;water.api.SchemaMetadata$FieldMetadata.<init>;143;isAccessible=true;
Field.get*;<water.api.schemas3.CloudV3: java.lang.String build_number>;water.api.SchemaMetadata$FieldMetadata.<init>;143;isAccessible=true;
Field.get*;<water.api.schemas3.CloudV3: java.lang.String cloud_internal_timezone>;water.api.SchemaMetadata$FieldMetadata.<init>;143;isAccessible=true;
Field.get*;<water.api.schemas3.CloudV3: java.lang.String cloud_name>;water.api.SchemaMetadata$FieldMetadata.<init>;143;isAccessible=true;
Field.get*;<water.api.schemas3.CloudV3: java.lang.String compiled_by>;water.api.SchemaMetadata$FieldMetadata.<init>;143;isAccessible=true;
Field.get*;<water.api.schemas3.CloudV3: java.lang.String compiled_on>;water.api.SchemaMetadata$FieldMetadata.<init>;143;isAccessible=true;
Field.get*;<water.api.schemas3.CloudV3: java.lang.String datafile_parser_timezone>;water.api.SchemaMetadata$FieldMetadata.<init>;143;isAccessible=true;
Field.get*;<water.api.schemas3.CloudV3: java.lang.String describe>;water.api.SchemaMetadata$FieldMetadata.<init>;143;isAccessible=true;
Field.get*;<water.api.schemas3.CloudV3: java.lang.String last_commit_hash>;water.api.SchemaMetadata$FieldMetadata.<init>;143;isAccessible=true;
Field.get*;<water.api.schemas3.CloudV3: java.lang.String version>;water.api.SchemaMetadata$FieldMetadata.<init>;143;isAccessible=true;
Field.get*;<water.api.schemas3.CloudV3: long cloud_uptime_millis>;water.api.SchemaMetadata$FieldMetadata.<init>;143;isAccessible=true;
Field.get*;<water.api.schemas3.CloudV3: water.api.schemas3.CloudV3$NodeV3[] nodes>;water.api.SchemaMetadata$FieldMetadata.<init>;143;isAccessible=true;
Field.get*;<water.api.schemas3.ClusteringModelParametersSchemaV3: int k>;water.api.SchemaMetadata$FieldMetadata.<init>;143;isAccessible=true;
Field.get*;<water.api.schemas3.ConfusionMatrixV3: water.api.schemas3.TwoDimTableV3 table>;water.api.SchemaMetadata$FieldMetadata.<init>;143;isAccessible=true;
Field.get*;<water.api.schemas3.CreateFrameV3: boolean has_response>;water.api.SchemaMetadata$FieldMetadata.<init>;143;isAccessible=true;
Field.get*;<water.api.schemas3.CreateFrameV3: boolean positive_response>;water.api.SchemaMetadata$FieldMetadata.<init>;143;isAccessible=true;
Field.get*;<water.api.schemas3.CreateFrameV3: boolean randomize>;water.api.SchemaMetadata$FieldMetadata.<init>;143;isAccessible=true;
Field.get*;<water.api.schemas3.CreateFrameV3: double binary_fraction>;water.api.SchemaMetadata$FieldMetadata.<init>;143;isAccessible=true;
Field.get*;<water.api.schemas3.CreateFrameV3: double binary_ones_fraction>;water.api.SchemaMetadata$FieldMetadata.<init>;143;isAccessible=true;
Field.get*;<water.api.schemas3.CreateFrameV3: double categorical_fraction>;water.api.SchemaMetadata$FieldMetadata.<init>;143;isAccessible=true;
Field.get*;<water.api.schemas3.CreateFrameV3: double integer_fraction>;water.api.SchemaMetadata$FieldMetadata.<init>;143;isAccessible=true;
Field.get*;<water.api.schemas3.CreateFrameV3: double missing_fraction>;water.api.SchemaMetadata$FieldMetadata.<init>;143;isAccessible=true;
Field.get*;<water.api.schemas3.CreateFrameV3: double string_fraction>;water.api.SchemaMetadata$FieldMetadata.<init>;143;isAccessible=true;
Field.get*;<water.api.schemas3.CreateFrameV3: double time_fraction>;water.api.SchemaMetadata$FieldMetadata.<init>;143;isAccessible=true;
Field.get*;<water.api.schemas3.CreateFrameV3: int cols>;water.api.SchemaMetadata$FieldMetadata.<init>;143;isAccessible=true;
Field.get*;<water.api.schemas3.CreateFrameV3: int factors>;water.api.SchemaMetadata$FieldMetadata.<init>;143;isAccessible=true;
Field.get*;<water.api.schemas3.CreateFrameV3: int response_factors>;water.api.SchemaMetadata$FieldMetadata.<init>;143;isAccessible=true;
Field.get*;<water.api.schemas3.CreateFrameV3: long integer_range>;water.api.SchemaMetadata$FieldMetadata.<init>;143;isAccessible=true;
Field.get*;<water.api.schemas3.CreateFrameV3: long real_range>;water.api.SchemaMetadata$FieldMetadata.<init>;143;isAccessible=true;
Field.get*;<water.api.schemas3.CreateFrameV3: long rows>;water.api.SchemaMetadata$FieldMetadata.<init>;143;isAccessible=true;
Field.get*;<water.api.schemas3.CreateFrameV3: long seed>;water.api.SchemaMetadata$FieldMetadata.<init>;143;isAccessible=true;
Field.get*;<water.api.schemas3.CreateFrameV3: long seed_for_column_types>;water.api.SchemaMetadata$FieldMetadata.<init>;143;isAccessible=true;
Field.get*;<water.api.schemas3.CreateFrameV3: long value>;water.api.SchemaMetadata$FieldMetadata.<init>;143;isAccessible=true;
Field.get*;<water.api.schemas3.CreateFrameV3: water.api.schemas3.KeyV3$FrameKeyV3 dest>;water.api.SchemaMetadata$FieldMetadata.<init>;143;isAccessible=true;
Field.get*;<water.api.schemas3.CreateFrameV3: water.api.schemas3.KeyV3$JobKeyV3 key>;water.api.SchemaMetadata$FieldMetadata.<init>;143;isAccessible=true;
Field.get*;<water.api.schemas3.DCTTransformerV3: boolean inverse>;water.api.SchemaMetadata$FieldMetadata.<init>;143;isAccessible=true;
Field.get*;<water.api.schemas3.DCTTransformerV3: int[] dimensions>;water.api.SchemaMetadata$FieldMetadata.<init>;143;isAccessible=true;
Field.get*;<water.api.schemas3.DCTTransformerV3: water.api.schemas3.KeyV3$FrameKeyV3 dataset>;water.api.SchemaMetadata$FieldMetadata.<init>;143;isAccessible=true;
Field.get*;<water.api.schemas3.DCTTransformerV3: water.api.schemas3.KeyV3$FrameKeyV3 destination_frame>;water.api.SchemaMetadata$FieldMetadata.<init>;143;isAccessible=true;
Field.get*;<water.api.schemas3.DecryptionSetupV3: java.lang.String cipher_spec>;water.api.SchemaMetadata$FieldMetadata.<init>;143;isAccessible=true;
Field.get*;<water.api.schemas3.DecryptionSetupV3: java.lang.String decrypt_impl>;water.api.SchemaMetadata$FieldMetadata.<init>;143;isAccessible=true;
Field.get*;<water.api.schemas3.DecryptionSetupV3: java.lang.String key_alias>;water.api.SchemaMetadata$FieldMetadata.<init>;143;isAccessible=true;
Field.get*;<water.api.schemas3.DecryptionSetupV3: java.lang.String keystore_type>;water.api.SchemaMetadata$FieldMetadata.<init>;143;isAccessible=true;
Field.get*;<water.api.schemas3.DecryptionSetupV3: java.lang.String password>;water.api.SchemaMetadata$FieldMetadata.<init>;143;isAccessible=true;
Field.get*;<water.api.schemas3.DecryptionSetupV3: water.api.schemas3.KeyV3$DecryptionToolKeyV3 decrypt_tool_id>;water.api.SchemaMetadata$FieldMetadata.<init>;143;isAccessible=true;
Field.get*;<water.api.schemas3.DecryptionSetupV3: water.api.schemas3.KeyV3$FrameKeyV3 keystore_id>;water.api.SchemaMetadata$FieldMetadata.<init>;143;isAccessible=true;
Field.get*;<water.api.schemas3.DownloadDataV3: boolean hex_string>;water.api.SchemaMetadata$FieldMetadata.<init>;143;isAccessible=true;
Field.get*;<water.api.schemas3.DownloadDataV3: java.lang.String csv>;water.api.SchemaMetadata$FieldMetadata.<init>;143;isAccessible=true;
Field.get*;<water.api.schemas3.DownloadDataV3: java.lang.String filename>;water.api.SchemaMetadata$FieldMetadata.<init>;143;isAccessible=true;
Field.get*;<water.api.schemas3.DownloadDataV3: water.api.schemas3.KeyV3$FrameKeyV3 frame_id>;water.api.SchemaMetadata$FieldMetadata.<init>;143;isAccessible=true;
Field.get*;<water.api.schemas3.FeatureInteractionV3: int max_deepening>;water.api.SchemaMetadata$FieldMetadata.<init>;143;isAccessible=true;
Field.get*;<water.api.schemas3.FeatureInteractionV3: int max_interaction_depth>;water.api.SchemaMetadata$FieldMetadata.<init>;143;isAccessible=true;
Field.get*;<water.api.schemas3.FeatureInteractionV3: int max_tree_depth>;water.api.SchemaMetadata$FieldMetadata.<init>;143;isAccessible=true;
Field.get*;<water.api.schemas3.FeatureInteractionV3: water.api.schemas3.KeyV3$ModelKeyV3 model_id>;water.api.SchemaMetadata$FieldMetadata.<init>;143;isAccessible=true;
Field.get*;<water.api.schemas3.FeatureInteractionV3: water.api.schemas3.TwoDimTableV3[] feature_interaction>;water.api.SchemaMetadata$FieldMetadata.<init>;143;isAccessible=true;
Field.get*;<water.api.schemas3.FieldMetadataV3: boolean is_gridable>;water.api.SchemaMetadata$FieldMetadata.<init>;143;isAccessible=true;
Field.get*;<water.api.schemas3.FieldMetadataV3: boolean is_inherited>;water.api.SchemaMetadata$FieldMetadata.<init>;143;isAccessible=true;
Field.get*;<water.api.schemas3.FieldMetadataV3: boolean is_schema>;water.api.SchemaMetadata$FieldMetadata.<init>;143;isAccessible=true;
Field.get*;<water.api.schemas3.FieldMetadataV3: boolean json>;water.api.SchemaMetadata$FieldMetadata.<init>;143;isAccessible=true;
Field.get*;<water.api.schemas3.FieldMetadataV3: boolean required>;water.api.SchemaMetadata$FieldMetadata.<init>;143;isAccessible=true;
Field.get*;<water.api.schemas3.FieldMetadataV3: java.lang.String help>;water.api.SchemaMetadata$FieldMetadata.<init>;143;isAccessible=true;
Field.get*;<water.api.schemas3.FieldMetadataV3: java.lang.String inherited_from>;water.api.SchemaMetadata$FieldMetadata.<init>;143;isAccessible=true;
Field.get*;<water.api.schemas3.FieldMetadataV3: java.lang.String label>;water.api.SchemaMetadata$FieldMetadata.<init>;143;isAccessible=true;
Field.get*;<water.api.schemas3.FieldMetadataV3: java.lang.String name>;water.api.SchemaMetadata$FieldMetadata.<init>;143;isAccessible=true;
Field.get*;<water.api.schemas3.FieldMetadataV3: java.lang.String schema_name>;water.api.SchemaMetadata$FieldMetadata.<init>;143;isAccessible=true;
Field.get*;<water.api.schemas3.FieldMetadataV3: java.lang.String type>;water.api.SchemaMetadata$FieldMetadata.<init>;143;isAccessible=true;
Field.get*;<water.api.schemas3.FieldMetadataV3: java.lang.String[] is_member_of_frames>;water.api.SchemaMetadata$FieldMetadata.<init>;143;isAccessible=true;
Field.get*;<water.api.schemas3.FieldMetadataV3: java.lang.String[] is_mutually_exclusive_with>;water.api.SchemaMetadata$FieldMetadata.<init>;143;isAccessible=true;
Field.get*;<water.api.schemas3.FieldMetadataV3: java.lang.String[] values>;water.api.SchemaMetadata$FieldMetadata.<init>;143;isAccessible=true;
Field.get*;<water.api.schemas3.FieldMetadataV3: water.Iced value>;water.api.SchemaMetadata$FieldMetadata.<init>;143;isAccessible=true;
Field.get*;<water.api.schemas3.FieldMetadataV3: water.api.API$Direction direction>;water.api.SchemaMetadata$FieldMetadata.<init>;143;isAccessible=true;
Field.get*;<water.api.schemas3.FieldMetadataV3: water.api.API$Level level>;water.api.SchemaMetadata$FieldMetadata.<init>;143;isAccessible=true;
Field.get*;<water.api.schemas3.FindV3: java.lang.String column>;water.api.SchemaMetadata$FieldMetadata.<init>;143;isAccessible=true;
Field.get*;<water.api.schemas3.FindV3: java.lang.String match>;water.api.SchemaMetadata$FieldMetadata.<init>;143;isAccessible=true;
Field.get*;<water.api.schemas3.FindV3: long next>;water.api.SchemaMetadata$FieldMetadata.<init>;143;isAccessible=true;
Field.get*;<water.api.schemas3.FindV3: long prev>;water.api.SchemaMetadata$FieldMetadata.<init>;143;isAccessible=true;
Field.get*;<water.api.schemas3.FindV3: long row>;water.api.SchemaMetadata$FieldMetadata.<init>;143;isAccessible=true;
Field.get*;<water.api.schemas3.FindV3: water.api.schemas3.FrameV3 key>;water.api.SchemaMetadata$FieldMetadata.<init>;143;isAccessible=true;
Field.get*;<water.api.schemas3.FrameBaseV3: boolean is_text>;water.api.SchemaMetadata$FieldMetadata.<init>;143;isAccessible=true;
Field.get*;<water.api.schemas3.FrameBaseV3: long byte_size>;water.api.SchemaMetadata$FieldMetadata.<init>;143;isAccessible=true;
Field.get*;<water.api.schemas3.FrameBaseV3: water.api.schemas3.KeyV3$FrameKeyV3 frame_id>;water.api.SchemaMetadata$FieldMetadata.<init>;143;isAccessible=true;
Field.get*;<water.api.schemas3.FrameChunksV3$FrameChunkV3: int chunk_id>;water.api.SchemaMetadata$FieldMetadata.<init>;143;isAccessible=true;
Field.get*;<water.api.schemas3.FrameChunksV3$FrameChunkV3: int node_idx>;water.api.SchemaMetadata$FieldMetadata.<init>;143;isAccessible=true;
Field.get*;<water.api.schemas3.FrameChunksV3$FrameChunkV3: int row_count>;water.api.SchemaMetadata$FieldMetadata.<init>;143;isAccessible=true;
Field.get*;<water.api.schemas3.FrameChunksV3: water.api.schemas3.FrameChunksV3$FrameChunkV3[] chunks>;water.api.SchemaMetadata$FieldMetadata.<init>;143;isAccessible=true;
Field.get*;<water.api.schemas3.FrameChunksV3: water.api.schemas3.KeyV3$FrameKeyV3 frame_id>;water.api.SchemaMetadata$FieldMetadata.<init>;143;isAccessible=true;
Field.get*;<water.api.schemas3.FrameLoadV3: boolean force>;water.api.SchemaMetadata$FieldMetadata.<init>;143;isAccessible=true;
Field.get*;<water.api.schemas3.FrameLoadV3: java.lang.String dir>;water.api.SchemaMetadata$FieldMetadata.<init>;143;isAccessible=true;
Field.get*;<water.api.schemas3.FrameLoadV3: water.api.schemas3.JobV3 job>;water.api.SchemaMetadata$FieldMetadata.<init>;143;isAccessible=true;
Field.get*;<water.api.schemas3.FrameLoadV3: water.api.schemas3.KeyV3$FrameKeyV3 frame_id>;water.api.SchemaMetadata$FieldMetadata.<init>;143;isAccessible=true;
Field.get*;<water.api.schemas3.FrameSaveV3: boolean force>;water.api.SchemaMetadata$FieldMetadata.<init>;143;isAccessible=true;
Field.get*;<water.api.schemas3.FrameSaveV3: java.lang.String dir>;water.api.SchemaMetadata$FieldMetadata.<init>;143;isAccessible=true;
Field.get*;<water.api.schemas3.FrameSaveV3: water.api.schemas3.JobV3 job>;water.api.SchemaMetadata$FieldMetadata.<init>;143;isAccessible=true;
Field.get*;<water.api.schemas3.FrameSaveV3: water.api.schemas3.KeyV3$FrameKeyV3 frame_id>;water.api.SchemaMetadata$FieldMetadata.<init>;143;isAccessible=true;
Field.get*;<water.api.schemas3.FrameSynopsisV3: long columns>;water.api.SchemaMetadata$FieldMetadata.<init>;143;isAccessible=true;
Field.get*;<water.api.schemas3.FrameSynopsisV3: long rows>;water.api.SchemaMetadata$FieldMetadata.<init>;143;isAccessible=true;
Field.get*;<water.api.schemas3.FrameV3$ColSpecifierV3: java.lang.String column_name>;water.api.SchemaMetadata$FieldMetadata.<init>;143;isAccessible=true;
Field.get*;<water.api.schemas3.FrameV3$ColSpecifierV3: java.lang.String[] is_member_of_frames>;water.api.SchemaMetadata$FieldMetadata.<init>;143;isAccessible=true;
Field.get*;<water.api.schemas3.FrameV3$ColV3: byte precision>;water.api.SchemaMetadata$FieldMetadata.<init>;143;isAccessible=true;
Field.get*;<water.api.schemas3.FrameV3$ColV3: double histogram_base>;water.api.SchemaMetadata$FieldMetadata.<init>;143;isAccessible=true;
Field.get*;<water.api.schemas3.FrameV3$ColV3: double histogram_stride>;water.api.SchemaMetadata$FieldMetadata.<init>;143;isAccessible=true;
Field.get*;<water.api.schemas3.FrameV3$ColV3: double mean>;water.api.SchemaMetadata$FieldMetadata.<init>;143;isAccessible=true;
Field.get*;<water.api.schemas3.FrameV3$ColV3: double sigma>;water.api.SchemaMetadata$FieldMetadata.<init>;143;isAccessible=true;
Field.get*;<water.api.schemas3.FrameV3$ColV3: double[] data>;water.api.SchemaMetadata$FieldMetadata.<init>;143;isAccessible=true;
Field.get*;<water.api.schemas3.FrameV3$ColV3: double[] maxs>;water.api.SchemaMetadata$FieldMetadata.<init>;143;isAccessible=true;
Field.get*;<water.api.schemas3.FrameV3$ColV3: double[] mins>;water.api.SchemaMetadata$FieldMetadata.<init>;143;isAccessible=true;
Field.get*;<water.api.schemas3.FrameV3$ColV3: double[] percentiles>;water.api.SchemaMetadata$FieldMetadata.<init>;143;isAccessible=true;
Field.get*;<water.api.schemas3.FrameV3$ColV3: int domain_cardinality>;water.api.SchemaMetadata$FieldMetadata.<init>;143;isAccessible=true;
Field.get*;<water.api.schemas3.FrameV3$ColV3: java.lang.String label>;water.api.SchemaMetadata$FieldMetadata.<init>;143;isAccessible=true;
Field.get*;<water.api.schemas3.FrameV3$ColV3: java.lang.String type>;water.api.SchemaMetadata$FieldMetadata.<init>;143;isAccessible=true;
Field.get*;<water.api.schemas3.FrameV3$ColV3: java.lang.String[] domain>;water.api.SchemaMetadata$FieldMetadata.<init>;143;isAccessible=true;
Field.get*;<water.api.schemas3.FrameV3$ColV3: java.lang.String[] string_data>;water.api.SchemaMetadata$FieldMetadata.<init>;143;isAccessible=true;
Field.get*;<water.api.schemas3.FrameV3$ColV3: long missing_count>;water.api.SchemaMetadata$FieldMetadata.<init>;143;isAccessible=true;
Field.get*;<water.api.schemas3.FrameV3$ColV3: long negative_infinity_count>;water.api.SchemaMetadata$FieldMetadata.<init>;143;isAccessible=true;
Field.get*;<water.api.schemas3.FrameV3$ColV3: long positive_infinity_count>;water.api.SchemaMetadata$FieldMetadata.<init>;143;isAccessible=true;
Field.get*;<water.api.schemas3.FrameV3$ColV3: long zero_count>;water.api.SchemaMetadata$FieldMetadata.<init>;143;isAccessible=true;
Field.get*;<water.api.schemas3.FrameV3$ColV3: long[] histogram_bins>;water.api.SchemaMetadata$FieldMetadata.<init>;143;isAccessible=true;
Field.get*;<water.api.schemas3.FrameV3: double[] default_percentiles>;water.api.SchemaMetadata$FieldMetadata.<init>;143;isAccessible=true;
Field.get*;<water.api.schemas3.FrameV3: int column_count>;water.api.SchemaMetadata$FieldMetadata.<init>;143;isAccessible=true;
Field.get*;<water.api.schemas3.FrameV3: int column_offset>;water.api.SchemaMetadata$FieldMetadata.<init>;143;isAccessible=true;
Field.get*;<water.api.schemas3.FrameV3: int full_column_count>;water.api.SchemaMetadata$FieldMetadata.<init>;143;isAccessible=true;
Field.get*;<water.api.schemas3.FrameV3: int row_count>;water.api.SchemaMetadata$FieldMetadata.<init>;143;isAccessible=true;
Field.get*;<water.api.schemas3.FrameV3: int total_column_count>;water.api.SchemaMetadata$FieldMetadata.<init>;143;isAccessible=true;
Field.get*;<water.api.schemas3.FrameV3: java.lang.String[] compatible_models>;water.api.SchemaMetadata$FieldMetadata.<init>;143;isAccessible=true;
Field.get*;<water.api.schemas3.FrameV3: long checksum>;water.api.SchemaMetadata$FieldMetadata.<init>;143;isAccessible=true;
Field.get*;<water.api.schemas3.FrameV3: long num_columns>;water.api.SchemaMetadata$FieldMetadata.<init>;143;isAccessible=true;
Field.get*;<water.api.schemas3.FrameV3: long row_offset>;water.api.SchemaMetadata$FieldMetadata.<init>;143;isAccessible=true;
Field.get*;<water.api.schemas3.FrameV3: long rows>;water.api.SchemaMetadata$FieldMetadata.<init>;143;isAccessible=true;
Field.get*;<water.api.schemas3.FrameV3: water.api.schemas3.FrameV3$ColV3[] columns>;water.api.SchemaMetadata$FieldMetadata.<init>;143;isAccessible=true;
Field.get*;<water.api.schemas3.FrameV3: water.api.schemas3.TwoDimTableV3 chunk_summary>;water.api.SchemaMetadata$FieldMetadata.<init>;143;isAccessible=true;
Field.get*;<water.api.schemas3.FrameV3: water.api.schemas3.TwoDimTableV3 distribution_summary>;water.api.SchemaMetadata$FieldMetadata.<init>;143;isAccessible=true;
Field.get*;<water.api.schemas3.FramesListV3: water.api.schemas3.FrameBaseV3[] frames>;water.api.SchemaMetadata$FieldMetadata.<init>;143;isAccessible=true;
Field.get*;<water.api.schemas3.FramesListV3: water.api.schemas3.KeyV3$FrameKeyV3 frame_id>;water.api.SchemaMetadata$FieldMetadata.<init>;143;isAccessible=true;
Field.get*;<water.api.schemas3.FramesV3: boolean find_compatible_models>;water.api.SchemaMetadata$FieldMetadata.<init>;143;isAccessible=true;
Field.get*;<water.api.schemas3.FramesV3: boolean force>;water.api.SchemaMetadata$FieldMetadata.<init>;143;isAccessible=true;
Field.get*;<water.api.schemas3.FramesV3: boolean header>;water.api.SchemaMetadata$FieldMetadata.<init>;143;isAccessible=true;
Field.get*;<water.api.schemas3.FramesV3: boolean parallel>;water.api.SchemaMetadata$FieldMetadata.<init>;143;isAccessible=true;
Field.get*;<water.api.schemas3.FramesV3: boolean quote_header>;water.api.SchemaMetadata$FieldMetadata.<init>;143;isAccessible=true;
Field.get*;<water.api.schemas3.FramesV3: byte separator>;water.api.SchemaMetadata$FieldMetadata.<init>;143;isAccessible=true;
Field.get*;<water.api.schemas3.FramesV3: int column_count>;water.api.SchemaMetadata$FieldMetadata.<init>;143;isAccessible=true;
Field.get*;<water.api.schemas3.FramesV3: int column_offset>;water.api.SchemaMetadata$FieldMetadata.<init>;143;isAccessible=true;
Field.get*;<water.api.schemas3.FramesV3: int full_column_count>;water.api.SchemaMetadata$FieldMetadata.<init>;143;isAccessible=true;
Field.get*;<water.api.schemas3.FramesV3: int num_parts>;water.api.SchemaMetadata$FieldMetadata.<init>;143;isAccessible=true;
Field.get*;<water.api.schemas3.FramesV3: int row_count>;water.api.SchemaMetadata$FieldMetadata.<init>;143;isAccessible=true;
Field.get*;<water.api.schemas3.FramesV3: java.lang.String column>;water.api.SchemaMetadata$FieldMetadata.<init>;143;isAccessible=true;
Field.get*;<water.api.schemas3.FramesV3: java.lang.String compression>;water.api.SchemaMetadata$FieldMetadata.<init>;143;isAccessible=true;
Field.get*;<water.api.schemas3.FramesV3: java.lang.String path>;water.api.SchemaMetadata$FieldMetadata.<init>;143;isAccessible=true;
Field.get*;<water.api.schemas3.FramesV3: java.lang.String[][] domain>;water.api.SchemaMetadata$FieldMetadata.<init>;143;isAccessible=true;
Field.get*;<water.api.schemas3.FramesV3: long row_offset>;water.api.SchemaMetadata$FieldMetadata.<init>;143;isAccessible=true;
Field.get*;<water.api.schemas3.FramesV3: water.api.schemas3.FrameV3[] frames>;water.api.SchemaMetadata$FieldMetadata.<init>;143;isAccessible=true;
Field.get*;<water.api.schemas3.FramesV3: water.api.schemas3.JobV3 job>;water.api.SchemaMetadata$FieldMetadata.<init>;143;isAccessible=true;
Field.get*;<water.api.schemas3.FramesV3: water.api.schemas3.KeyV3$FrameKeyV3 frame_id>;water.api.SchemaMetadata$FieldMetadata.<init>;143;isAccessible=true;
Field.get*;<water.api.schemas3.FramesV3: water.api.schemas3.ModelSchemaV3[] compatible_models>;water.api.SchemaMetadata$FieldMetadata.<init>;143;isAccessible=true;
Field.get*;<water.api.schemas3.FramesV3: water.util.ExportFileFormat format>;water.api.SchemaMetadata$FieldMetadata.<init>;143;isAccessible=true;
Field.get*;<water.api.schemas3.FriedmanPopescusHV3: double h>;water.api.SchemaMetadata$FieldMetadata.<init>;143;isAccessible=true;
Field.get*;<water.api.schemas3.FriedmanPopescusHV3: java.lang.String[] variables>;water.api.SchemaMetadata$FieldMetadata.<init>;143;isAccessible=true;
Field.get*;<water.api.schemas3.FriedmanPopescusHV3: water.api.schemas3.FrameV3 frame>;water.api.SchemaMetadata$FieldMetadata.<init>;143;isAccessible=true;
Field.get*;<water.api.schemas3.FriedmanPopescusHV3: water.api.schemas3.KeyV3$ModelKeyV3 model_id>;water.api.SchemaMetadata$FieldMetadata.<init>;143;isAccessible=true;
Field.get*;<water.api.schemas3.GridExportV3: boolean export_cross_validation_predictions>;water.api.SchemaMetadata$FieldMetadata.<init>;143;isAccessible=true;
Field.get*;<water.api.schemas3.GridExportV3: boolean save_params_references>;water.api.SchemaMetadata$FieldMetadata.<init>;143;isAccessible=true;
Field.get*;<water.api.schemas3.GridExportV3: java.lang.String grid_directory>;water.api.SchemaMetadata$FieldMetadata.<init>;143;isAccessible=true;
Field.get*;<water.api.schemas3.GridExportV3: java.lang.String grid_id>;water.api.SchemaMetadata$FieldMetadata.<init>;143;isAccessible=true;
Field.get*;<water.api.schemas3.GridImportV3: boolean load_params_references>;water.api.SchemaMetadata$FieldMetadata.<init>;143;isAccessible=true;
Field.get*;<water.api.schemas3.GridImportV3: java.lang.String grid_path>;water.api.SchemaMetadata$FieldMetadata.<init>;143;isAccessible=true;
Field.get*;<water.api.schemas3.H2OErrorV3: int http_status>;water.api.SchemaMetadata$FieldMetadata.<init>;143;isAccessible=true;
Field.get*;<water.api.schemas3.H2OErrorV3: java.lang.String dev_msg>;water.api.SchemaMetadata$FieldMetadata.<init>;143;isAccessible=true;
Field.get*;<water.api.schemas3.H2OErrorV3: java.lang.String error_url>;water.api.SchemaMetadata$FieldMetadata.<init>;143;isAccessible=true;
Field.get*;<water.api.schemas3.H2OErrorV3: java.lang.String exception_msg>;water.api.SchemaMetadata$FieldMetadata.<init>;143;isAccessible=true;
Field.get*;<water.api.schemas3.H2OErrorV3: java.lang.String exception_type>;water.api.SchemaMetadata$FieldMetadata.<init>;143;isAccessible=true;
Field.get*;<water.api.schemas3.H2OErrorV3: java.lang.String msg>;water.api.SchemaMetadata$FieldMetadata.<init>;143;isAccessible=true;
Field.get*;<water.api.schemas3.H2OErrorV3: java.lang.String[] stacktrace>;water.api.SchemaMetadata$FieldMetadata.<init>;143;isAccessible=true;
Field.get*;<water.api.schemas3.H2OErrorV3: long timestamp>;water.api.SchemaMetadata$FieldMetadata.<init>;143;isAccessible=true;
Field.get*;<water.api.schemas3.H2OErrorV3: water.util.IcedHashMapGeneric$IcedHashMapStringObject values>;water.api.SchemaMetadata$FieldMetadata.<init>;143;isAccessible=true;
Field.get*;<water.api.schemas3.H2OModelBuilderErrorV3: int error_count>;water.api.SchemaMetadata$FieldMetadata.<init>;143;isAccessible=true;
Field.get*;<water.api.schemas3.H2OModelBuilderErrorV3: water.api.schemas3.ModelParametersSchemaV3 parameters>;water.api.SchemaMetadata$FieldMetadata.<init>;143;isAccessible=true;
Field.get*;<water.api.schemas3.H2OModelBuilderErrorV3: water.api.schemas3.ValidationMessageV3[] messages>;water.api.SchemaMetadata$FieldMetadata.<init>;143;isAccessible=true;
Field.get*;<water.api.schemas3.ImportFilesMultiV3: java.lang.String pattern>;water.api.SchemaMetadata$FieldMetadata.<init>;143;isAccessible=true;
Field.get*;<water.api.schemas3.ImportFilesMultiV3: java.lang.String[] dels>;water.api.SchemaMetadata$FieldMetadata.<init>;143;isAccessible=true;
Field.get*;<water.api.schemas3.ImportFilesMultiV3: java.lang.String[] destination_frames>;water.api.SchemaMetadata$FieldMetadata.<init>;143;isAccessible=true;
Field.get*;<water.api.schemas3.ImportFilesMultiV3: java.lang.String[] fails>;water.api.SchemaMetadata$FieldMetadata.<init>;143;isAccessible=true;
Field.get*;<water.api.schemas3.ImportFilesMultiV3: java.lang.String[] files>;water.api.SchemaMetadata$FieldMetadata.<init>;143;isAccessible=true;
Field.get*;<water.api.schemas3.ImportFilesMultiV3: java.lang.String[] paths>;water.api.SchemaMetadata$FieldMetadata.<init>;143;isAccessible=true;
Field.get*;<water.api.schemas3.ImportFilesV3$ImportFiles: java.lang.String path>;water.util.PojoUtils.copyProperties;129;isAccessible=true;
Field.get*;<water.api.schemas3.ImportFilesV3$ImportFiles: java.lang.String pattern>;water.util.PojoUtils.copyProperties;129;isAccessible=true;
Field.get*;<water.api.schemas3.ImportFilesV3$ImportFiles: java.lang.String[] dels>;water.util.PojoUtils.copyProperties;129;isAccessible=true;
Field.get*;<water.api.schemas3.ImportFilesV3$ImportFiles: java.lang.String[] destination_frames>;water.util.PojoUtils.copyProperties;129;isAccessible=true;
Field.get*;<water.api.schemas3.ImportFilesV3$ImportFiles: java.lang.String[] fails>;water.util.PojoUtils.copyProperties;129;isAccessible=true;
Field.get*;<water.api.schemas3.ImportFilesV3$ImportFiles: java.lang.String[] files>;water.util.PojoUtils.copyProperties;129;isAccessible=true;
Field.get*;<water.api.schemas3.ImportFilesV3: java.lang.String path>;water.api.SchemaMetadata$FieldMetadata.<init>;143;isAccessible=true;
Field.get*;<water.api.schemas3.ImportFilesV3: java.lang.String pattern>;water.api.SchemaMetadata$FieldMetadata.<init>;143;isAccessible=true;
Field.get*;<water.api.schemas3.ImportFilesV3: java.lang.String[] dels>;water.api.SchemaMetadata$FieldMetadata.<init>;143;isAccessible=true;
Field.get*;<water.api.schemas3.ImportFilesV3: java.lang.String[] destination_frames>;water.api.SchemaMetadata$FieldMetadata.<init>;143;isAccessible=true;
Field.get*;<water.api.schemas3.ImportFilesV3: java.lang.String[] fails>;water.api.SchemaMetadata$FieldMetadata.<init>;143;isAccessible=true;
Field.get*;<water.api.schemas3.ImportFilesV3: java.lang.String[] files>;water.api.SchemaMetadata$FieldMetadata.<init>;143;isAccessible=true;
Field.get*;<water.api.schemas3.ImportHiveTableV3: boolean allow_multi_format>;water.api.SchemaMetadata$FieldMetadata.<init>;143;isAccessible=true;
Field.get*;<water.api.schemas3.ImportHiveTableV3: java.lang.String database>;water.api.SchemaMetadata$FieldMetadata.<init>;143;isAccessible=true;
Field.get*;<water.api.schemas3.ImportHiveTableV3: java.lang.String table>;water.api.SchemaMetadata$FieldMetadata.<init>;143;isAccessible=true;
Field.get*;<water.api.schemas3.ImportHiveTableV3: java.lang.String[][] partitions>;water.api.SchemaMetadata$FieldMetadata.<init>;143;isAccessible=true;
Field.get*;<water.api.schemas3.ImportSQLTableV99: java.lang.String columns>;water.api.SchemaMetadata$FieldMetadata.<init>;143;isAccessible=true;
Field.get*;<water.api.schemas3.ImportSQLTableV99: java.lang.String connection_url>;water.api.SchemaMetadata$FieldMetadata.<init>;143;isAccessible=true;
Field.get*;<water.api.schemas3.ImportSQLTableV99: java.lang.String fetch_mode>;water.api.SchemaMetadata$FieldMetadata.<init>;143;isAccessible=true;
Field.get*;<water.api.schemas3.ImportSQLTableV99: java.lang.String num_chunks_hint>;water.api.SchemaMetadata$FieldMetadata.<init>;143;isAccessible=true;
Field.get*;<water.api.schemas3.ImportSQLTableV99: java.lang.String password>;water.api.SchemaMetadata$FieldMetadata.<init>;143;isAccessible=true;
Field.get*;<water.api.schemas3.ImportSQLTableV99: java.lang.String select_query>;water.api.SchemaMetadata$FieldMetadata.<init>;143;isAccessible=true;
Field.get*;<water.api.schemas3.ImportSQLTableV99: java.lang.String table>;water.api.SchemaMetadata$FieldMetadata.<init>;143;isAccessible=true;
Field.get*;<water.api.schemas3.ImportSQLTableV99: java.lang.String temp_table_name>;water.api.SchemaMetadata$FieldMetadata.<init>;143;isAccessible=true;
Field.get*;<water.api.schemas3.ImportSQLTableV99: java.lang.String use_temp_table>;water.api.SchemaMetadata$FieldMetadata.<init>;143;isAccessible=true;
Field.get*;<water.api.schemas3.ImportSQLTableV99: java.lang.String username>;water.api.SchemaMetadata$FieldMetadata.<init>;143;isAccessible=true;
Field.get*;<water.api.schemas3.InitIDV3: boolean session_properties_allowed>;water.api.SchemaMetadata$FieldMetadata.<init>;143;isAccessible=true;
Field.get*;<water.api.schemas3.InitIDV3: java.lang.String session_key>;water.api.SchemaMetadata$FieldMetadata.<init>;143;isAccessible=true;
Field.get*;<water.api.schemas3.InteractionV3: boolean pairwise>;water.api.SchemaMetadata$FieldMetadata.<init>;143;isAccessible=true;
Field.get*;<water.api.schemas3.InteractionV3: int max_factors>;water.api.SchemaMetadata$FieldMetadata.<init>;143;isAccessible=true;
Field.get*;<water.api.schemas3.InteractionV3: int min_occurrence>;water.api.SchemaMetadata$FieldMetadata.<init>;143;isAccessible=true;
Field.get*;<water.api.schemas3.InteractionV3: java.lang.String[] factor_columns>;water.api.SchemaMetadata$FieldMetadata.<init>;143;isAccessible=true;
Field.get*;<water.api.schemas3.InteractionV3: water.api.schemas3.KeyV3$FrameKeyV3 dest>;water.api.SchemaMetadata$FieldMetadata.<init>;143;isAccessible=true;
Field.get*;<water.api.schemas3.InteractionV3: water.api.schemas3.KeyV3$FrameKeyV3 source_frame>;water.api.SchemaMetadata$FieldMetadata.<init>;143;isAccessible=true;
Field.get*;<water.api.schemas3.JStackV3$DStackTraceV3: java.lang.String node>;water.api.SchemaMetadata$FieldMetadata.<init>;143;isAccessible=true;
Field.get*;<water.api.schemas3.JStackV3$DStackTraceV3: java.lang.String[] thread_traces>;water.api.SchemaMetadata$FieldMetadata.<init>;143;isAccessible=true;
Field.get*;<water.api.schemas3.JStackV3$DStackTraceV3: long time>;water.api.SchemaMetadata$FieldMetadata.<init>;143;isAccessible=true;
Field.get*;<water.api.schemas3.JStackV3: water.api.schemas3.JStackV3$DStackTraceV3[] traces>;water.api.SchemaMetadata$FieldMetadata.<init>;143;isAccessible=true;
Field.get*;<water.api.schemas3.JobV3: boolean auto_recoverable>;water.api.SchemaMetadata$FieldMetadata.<init>;143;isAccessible=true;
Field.get*;<water.api.schemas3.JobV3: boolean ready_for_view>;water.api.SchemaMetadata$FieldMetadata.<init>;143;isAccessible=true;
Field.get*;<water.api.schemas3.JobV3: float progress>;water.api.SchemaMetadata$FieldMetadata.<init>;143;isAccessible=true;
Field.get*;<water.api.schemas3.JobV3: java.lang.String description>;water.api.SchemaMetadata$FieldMetadata.<init>;143;isAccessible=true;
Field.get*;<water.api.schemas3.JobV3: java.lang.String exception>;water.api.SchemaMetadata$FieldMetadata.<init>;143;isAccessible=true;
Field.get*;<water.api.schemas3.JobV3: java.lang.String progress_msg>;water.api.SchemaMetadata$FieldMetadata.<init>;143;isAccessible=true;
Field.get*;<water.api.schemas3.JobV3: java.lang.String stacktrace>;water.api.SchemaMetadata$FieldMetadata.<init>;143;isAccessible=true;
Field.get*;<water.api.schemas3.JobV3: java.lang.String status>;water.api.SchemaMetadata$FieldMetadata.<init>;143;isAccessible=true;
Field.get*;<water.api.schemas3.JobV3: java.lang.String[] warnings>;water.api.SchemaMetadata$FieldMetadata.<init>;143;isAccessible=true;
Field.get*;<water.api.schemas3.JobV3: long msec>;water.api.SchemaMetadata$FieldMetadata.<init>;143;isAccessible=true;
Field.get*;<water.api.schemas3.JobV3: long start_time>;water.api.SchemaMetadata$FieldMetadata.<init>;143;isAccessible=true;
Field.get*;<water.api.schemas3.JobV3: water.api.schemas3.KeyV3 dest>;water.api.SchemaMetadata$FieldMetadata.<init>;143;isAccessible=true;
Field.get*;<water.api.schemas3.JobV3: water.api.schemas3.KeyV3$JobKeyV3 key>;water.api.SchemaMetadata$FieldMetadata.<init>;143;isAccessible=true;
Field.get*;<water.api.schemas3.JobsV3: water.api.schemas3.JobV3[] jobs>;water.api.SchemaMetadata$FieldMetadata.<init>;143;isAccessible=true;
Field.get*;<water.api.schemas3.JobsV3: water.api.schemas3.KeyV3$JobKeyV3 job_id>;water.api.SchemaMetadata$FieldMetadata.<init>;143;isAccessible=true;
Field.get*;<water.api.schemas3.KeyV3: java.lang.String URL>;water.api.SchemaMetadata$FieldMetadata.<init>;143;isAccessible=true;
Field.get*;<water.api.schemas3.KeyV3: java.lang.String name>;water.api.SchemaMetadata$FieldMetadata.<init>;143;isAccessible=true;
Field.get*;<water.api.schemas3.KeyV3: java.lang.String type>;water.api.SchemaMetadata$FieldMetadata.<init>;143;isAccessible=true;
Field.get*;<water.api.schemas3.KeyValueV3: double value>;water.api.SchemaMetadata$FieldMetadata.<init>;143;isAccessible=true;
Field.get*;<water.api.schemas3.KeyValueV3: java.lang.String key>;water.api.SchemaMetadata$FieldMetadata.<init>;143;isAccessible=true;
Field.get*;<water.api.schemas3.LogAndEchoV3: java.lang.String message>;water.api.SchemaMetadata$FieldMetadata.<init>;143;isAccessible=true;
Field.get*;<water.api.schemas3.LogsV3: java.lang.String log>;water.api.SchemaMetadata$FieldMetadata.<init>;143;isAccessible=true;
Field.get*;<water.api.schemas3.LogsV3: java.lang.String name>;water.api.SchemaMetadata$FieldMetadata.<init>;143;isAccessible=true;
Field.get*;<water.api.schemas3.LogsV3: java.lang.String nodeidx>;water.api.SchemaMetadata$FieldMetadata.<init>;143;isAccessible=true;
Field.get*;<water.api.schemas3.MetadataV3: int num>;water.api.SchemaMetadata$FieldMetadata.<init>;143;isAccessible=true;
Field.get*;<water.api.schemas3.MetadataV3: java.lang.String classname>;water.api.SchemaMetadata$FieldMetadata.<init>;143;isAccessible=true;
Field.get*;<water.api.schemas3.MetadataV3: java.lang.String http_method>;water.api.SchemaMetadata$FieldMetadata.<init>;143;isAccessible=true;
Field.get*;<water.api.schemas3.MetadataV3: java.lang.String markdown>;water.api.SchemaMetadata$FieldMetadata.<init>;143;isAccessible=true;
Field.get*;<water.api.schemas3.MetadataV3: java.lang.String path>;water.api.SchemaMetadata$FieldMetadata.<init>;143;isAccessible=true;
Field.get*;<water.api.schemas3.MetadataV3: java.lang.String schemaname>;water.api.SchemaMetadata$FieldMetadata.<init>;143;isAccessible=true;
Field.get*;<water.api.schemas3.MetadataV3: water.api.schemas3.RouteV3[] routes>;water.api.SchemaMetadata$FieldMetadata.<init>;143;isAccessible=true;
Field.get*;<water.api.schemas3.MetadataV3: water.api.schemas3.SchemaMetadataV3[] schemas>;water.api.SchemaMetadata$FieldMetadata.<init>;143;isAccessible=true;
Field.get*;<water.api.schemas3.MissingInserterV3: double fraction>;water.api.SchemaMetadata$FieldMetadata.<init>;143;isAccessible=true;
Field.get*;<water.api.schemas3.MissingInserterV3: long seed>;water.api.SchemaMetadata$FieldMetadata.<init>;143;isAccessible=true;
Field.get*;<water.api.schemas3.MissingInserterV3: water.api.schemas3.KeyV3$FrameKeyV3 dataset>;water.api.SchemaMetadata$FieldMetadata.<init>;143;isAccessible=true;
Field.get*;<water.api.schemas3.ModelBuilderV3: int error_count>;water.api.SchemaMetadata$FieldMetadata.<init>;143;isAccessible=true;
Field.get*;<water.api.schemas3.ModelBuilderV3: water.api.schemas3.ModelParametersSchemaV3 parameters>;water.api.SchemaMetadata$FieldMetadata.<init>;143;isAccessible=true;
Field.get*;<water.api.schemas3.ModelBuilderV3: water.api.schemas3.ValidationMessageV3[] messages>;water.api.SchemaMetadata$FieldMetadata.<init>;143;isAccessible=true;
Field.get*;<water.api.schemas3.ModelBuildersV3: hex.schemas.ModelBuilderSchema$IcedHashMapStringModelBuilderSchema model_builders>;water.api.SchemaMetadata$FieldMetadata.<init>;143;isAccessible=true;
Field.get*;<water.api.schemas3.ModelBuildersV3: java.lang.String algo>;water.api.SchemaMetadata$FieldMetadata.<init>;143;isAccessible=true;
Field.get*;<water.api.schemas3.ModelExportV3: boolean export_cross_validation_predictions>;water.api.SchemaMetadata$FieldMetadata.<init>;143;isAccessible=true;
Field.get*;<water.api.schemas3.ModelExportV3: boolean force>;water.api.SchemaMetadata$FieldMetadata.<init>;143;isAccessible=true;
Field.get*;<water.api.schemas3.ModelExportV3: java.lang.String dir>;water.api.SchemaMetadata$FieldMetadata.<init>;143;isAccessible=true;
Field.get*;<water.api.schemas3.ModelExportV3: water.api.schemas3.KeyV3$ModelKeyV3 model_id>;water.api.SchemaMetadata$FieldMetadata.<init>;143;isAccessible=true;
Field.get*;<water.api.schemas3.ModelImportV3: boolean force>;water.api.SchemaMetadata$FieldMetadata.<init>;143;isAccessible=true;
Field.get*;<water.api.schemas3.ModelImportV3: java.lang.String dir>;water.api.SchemaMetadata$FieldMetadata.<init>;143;isAccessible=true;
Field.get*;<water.api.schemas3.ModelImportV3: water.api.schemas3.KeyV3$ModelKeyV3 model_id>;water.api.SchemaMetadata$FieldMetadata.<init>;143;isAccessible=true;
Field.get*;<water.api.schemas3.ModelMetricsBaseV3: double MSE>;water.api.SchemaMetadata$FieldMetadata.<init>;143;isAccessible=true;
Field.get*;<water.api.schemas3.ModelMetricsBaseV3: double RMSE>;water.api.SchemaMetadata$FieldMetadata.<init>;143;isAccessible=true;
Field.get*;<water.api.schemas3.ModelMetricsBaseV3: double custom_metric_value>;water.api.SchemaMetadata$FieldMetadata.<init>;143;isAccessible=true;
Field.get*;<water.api.schemas3.ModelMetricsBaseV3: hex.ModelCategory model_category>;water.api.SchemaMetadata$FieldMetadata.<init>;143;isAccessible=true;
Field.get*;<water.api.schemas3.ModelMetricsBaseV3: java.lang.String custom_metric_name>;water.api.SchemaMetadata$FieldMetadata.<init>;143;isAccessible=true;
Field.get*;<water.api.schemas3.ModelMetricsBaseV3: java.lang.String description>;water.api.SchemaMetadata$FieldMetadata.<init>;143;isAccessible=true;
Field.get*;<water.api.schemas3.ModelMetricsBaseV3: long frame_checksum>;water.api.SchemaMetadata$FieldMetadata.<init>;143;isAccessible=true;
Field.get*;<water.api.schemas3.ModelMetricsBaseV3: long model_checksum>;water.api.SchemaMetadata$FieldMetadata.<init>;143;isAccessible=true;
Field.get*;<water.api.schemas3.ModelMetricsBaseV3: long nobs>;water.api.SchemaMetadata$FieldMetadata.<init>;143;isAccessible=true;
Field.get*;<water.api.schemas3.ModelMetricsBaseV3: long scoring_time>;water.api.SchemaMetadata$FieldMetadata.<init>;143;isAccessible=true;
Field.get*;<water.api.schemas3.ModelMetricsBaseV3: water.api.schemas3.FrameV3 predictions>;water.api.SchemaMetadata$FieldMetadata.<init>;143;isAccessible=true;
Field.get*;<water.api.schemas3.ModelMetricsBaseV3: water.api.schemas3.KeyV3$FrameKeyV3 frame>;water.api.SchemaMetadata$FieldMetadata.<init>;143;isAccessible=true;
Field.get*;<water.api.schemas3.ModelMetricsBaseV3: water.api.schemas3.KeyV3$ModelKeyV3 model>;water.api.SchemaMetadata$FieldMetadata.<init>;143;isAccessible=true;
Field.get*;<water.api.schemas3.ModelMetricsBinomialGLMGenericV3: double AIC>;water.api.SchemaMetadata$FieldMetadata.<init>;143;isAccessible=true;
Field.get*;<water.api.schemas3.ModelMetricsBinomialGLMGenericV3: double loglikelihood>;water.api.SchemaMetadata$FieldMetadata.<init>;143;isAccessible=true;
Field.get*;<water.api.schemas3.ModelMetricsBinomialGLMGenericV3: double null_deviance>;water.api.SchemaMetadata$FieldMetadata.<init>;143;isAccessible=true;
Field.get*;<water.api.schemas3.ModelMetricsBinomialGLMGenericV3: double residual_deviance>;water.api.SchemaMetadata$FieldMetadata.<init>;143;isAccessible=true;
Field.get*;<water.api.schemas3.ModelMetricsBinomialGLMGenericV3: long null_degrees_of_freedom>;water.api.SchemaMetadata$FieldMetadata.<init>;143;isAccessible=true;
Field.get*;<water.api.schemas3.ModelMetricsBinomialGLMGenericV3: long residual_degrees_of_freedom>;water.api.SchemaMetadata$FieldMetadata.<init>;143;isAccessible=true;
Field.get*;<water.api.schemas3.ModelMetricsBinomialGLMGenericV3: water.api.schemas3.TwoDimTableV3 coefficients_table>;water.api.SchemaMetadata$FieldMetadata.<init>;143;isAccessible=true;
Field.get*;<water.api.schemas3.ModelMetricsBinomialGLMV3: double AIC>;water.api.SchemaMetadata$FieldMetadata.<init>;143;isAccessible=true;
Field.get*;<water.api.schemas3.ModelMetricsBinomialGLMV3: double loglikelihood>;water.api.SchemaMetadata$FieldMetadata.<init>;143;isAccessible=true;
Field.get*;<water.api.schemas3.ModelMetricsBinomialGLMV3: double null_deviance>;water.api.SchemaMetadata$FieldMetadata.<init>;143;isAccessible=true;
Field.get*;<water.api.schemas3.ModelMetricsBinomialGLMV3: double residual_deviance>;water.api.SchemaMetadata$FieldMetadata.<init>;143;isAccessible=true;
Field.get*;<water.api.schemas3.ModelMetricsBinomialGLMV3: long null_degrees_of_freedom>;water.api.SchemaMetadata$FieldMetadata.<init>;143;isAccessible=true;
Field.get*;<water.api.schemas3.ModelMetricsBinomialGLMV3: long residual_degrees_of_freedom>;water.api.SchemaMetadata$FieldMetadata.<init>;143;isAccessible=true;
Field.get*;<water.api.schemas3.ModelMetricsBinomialUpliftV3: double AUUC>;water.api.SchemaMetadata$FieldMetadata.<init>;143;isAccessible=true;
Field.get*;<water.api.schemas3.ModelMetricsBinomialUpliftV3: double auuc_normalized>;water.api.SchemaMetadata$FieldMetadata.<init>;143;isAccessible=true;
Field.get*;<water.api.schemas3.ModelMetricsBinomialUpliftV3: double qini>;water.api.SchemaMetadata$FieldMetadata.<init>;143;isAccessible=true;
Field.get*;<water.api.schemas3.ModelMetricsBinomialUpliftV3: java.lang.String[] domain>;water.api.SchemaMetadata$FieldMetadata.<init>;143;isAccessible=true;
Field.get*;<water.api.schemas3.ModelMetricsBinomialUpliftV3: water.api.schemas3.TwoDimTableV3 aecu_table>;water.api.SchemaMetadata$FieldMetadata.<init>;143;isAccessible=true;
Field.get*;<water.api.schemas3.ModelMetricsBinomialUpliftV3: water.api.schemas3.TwoDimTableV3 auuc_table>;water.api.SchemaMetadata$FieldMetadata.<init>;143;isAccessible=true;
Field.get*;<water.api.schemas3.ModelMetricsBinomialUpliftV3: water.api.schemas3.TwoDimTableV3 thresholds_and_metric_scores>;water.api.SchemaMetadata$FieldMetadata.<init>;143;isAccessible=true;
Field.get*;<water.api.schemas3.ModelMetricsBinomialV3: double AUC>;water.api.SchemaMetadata$FieldMetadata.<init>;143;isAccessible=true;
Field.get*;<water.api.schemas3.ModelMetricsBinomialV3: double Gini>;water.api.SchemaMetadata$FieldMetadata.<init>;143;isAccessible=true;
Field.get*;<water.api.schemas3.ModelMetricsBinomialV3: double logloss>;water.api.SchemaMetadata$FieldMetadata.<init>;143;isAccessible=true;
Field.get*;<water.api.schemas3.ModelMetricsBinomialV3: double mean_per_class_error>;water.api.SchemaMetadata$FieldMetadata.<init>;143;isAccessible=true;
Field.get*;<water.api.schemas3.ModelMetricsBinomialV3: double pr_auc>;water.api.SchemaMetadata$FieldMetadata.<init>;143;isAccessible=true;
Field.get*;<water.api.schemas3.ModelMetricsBinomialV3: double r2>;water.api.SchemaMetadata$FieldMetadata.<init>;143;isAccessible=true;
Field.get*;<water.api.schemas3.ModelMetricsBinomialV3: java.lang.String[] domain>;water.api.SchemaMetadata$FieldMetadata.<init>;143;isAccessible=true;
Field.get*;<water.api.schemas3.ModelMetricsBinomialV3: water.api.schemas3.ConfusionMatrixV3 cm>;water.api.SchemaMetadata$FieldMetadata.<init>;143;isAccessible=true;
Field.get*;<water.api.schemas3.ModelMetricsBinomialV3: water.api.schemas3.TwoDimTableV3 gains_lift_table>;water.api.SchemaMetadata$FieldMetadata.<init>;143;isAccessible=true;
Field.get*;<water.api.schemas3.ModelMetricsBinomialV3: water.api.schemas3.TwoDimTableV3 max_criteria_and_metric_scores>;water.api.SchemaMetadata$FieldMetadata.<init>;143;isAccessible=true;
Field.get*;<water.api.schemas3.ModelMetricsBinomialV3: water.api.schemas3.TwoDimTableV3 thresholds_and_metric_scores>;water.api.SchemaMetadata$FieldMetadata.<init>;143;isAccessible=true;
Field.get*;<water.api.schemas3.ModelMetricsClusteringV3: double betweenss>;water.api.SchemaMetadata$FieldMetadata.<init>;143;isAccessible=true;
Field.get*;<water.api.schemas3.ModelMetricsClusteringV3: double tot_withinss>;water.api.SchemaMetadata$FieldMetadata.<init>;143;isAccessible=true;
Field.get*;<water.api.schemas3.ModelMetricsClusteringV3: double totss>;water.api.SchemaMetadata$FieldMetadata.<init>;143;isAccessible=true;
Field.get*;<water.api.schemas3.ModelMetricsClusteringV3: water.api.schemas3.TwoDimTableV3 centroid_stats>;water.api.SchemaMetadata$FieldMetadata.<init>;143;isAccessible=true;
Field.get*;<water.api.schemas3.ModelMetricsHGLMV3: boolean converge>;water.api.SchemaMetadata$FieldMetadata.<init>;143;isAccessible=true;
Field.get*;<water.api.schemas3.ModelMetricsHGLMV3: double caic>;water.api.SchemaMetadata$FieldMetadata.<init>;143;isAccessible=true;
Field.get*;<water.api.schemas3.ModelMetricsHGLMV3: double convergence>;water.api.SchemaMetadata$FieldMetadata.<init>;143;isAccessible=true;
Field.get*;<water.api.schemas3.ModelMetricsHGLMV3: double dfrefe>;water.api.SchemaMetadata$FieldMetadata.<init>;143;isAccessible=true;
Field.get*;<water.api.schemas3.ModelMetricsHGLMV3: double hlik>;water.api.SchemaMetadata$FieldMetadata.<init>;143;isAccessible=true;
Field.get*;<water.api.schemas3.ModelMetricsHGLMV3: double pbvh>;water.api.SchemaMetadata$FieldMetadata.<init>;143;isAccessible=true;
Field.get*;<water.api.schemas3.ModelMetricsHGLMV3: double pvh>;water.api.SchemaMetadata$FieldMetadata.<init>;143;isAccessible=true;
Field.get*;<water.api.schemas3.ModelMetricsHGLMV3: double sumetadiffsquare>;water.api.SchemaMetadata$FieldMetadata.<init>;143;isAccessible=true;
Field.get*;<water.api.schemas3.ModelMetricsHGLMV3: double varfix>;water.api.SchemaMetadata$FieldMetadata.<init>;143;isAccessible=true;
Field.get*;<water.api.schemas3.ModelMetricsHGLMV3: double[] fixef>;water.api.SchemaMetadata$FieldMetadata.<init>;143;isAccessible=true;
Field.get*;<water.api.schemas3.ModelMetricsHGLMV3: double[] ranef>;water.api.SchemaMetadata$FieldMetadata.<init>;143;isAccessible=true;
Field.get*;<water.api.schemas3.ModelMetricsHGLMV3: double[] sefe>;water.api.SchemaMetadata$FieldMetadata.<init>;143;isAccessible=true;
Field.get*;<water.api.schemas3.ModelMetricsHGLMV3: double[] sere>;water.api.SchemaMetadata$FieldMetadata.<init>;143;isAccessible=true;
Field.get*;<water.api.schemas3.ModelMetricsHGLMV3: double[] summvc1>;water.api.SchemaMetadata$FieldMetadata.<init>;143;isAccessible=true;
Field.get*;<water.api.schemas3.ModelMetricsHGLMV3: double[] varranef>;water.api.SchemaMetadata$FieldMetadata.<init>;143;isAccessible=true;
Field.get*;<water.api.schemas3.ModelMetricsHGLMV3: double[][] summvc2>;water.api.SchemaMetadata$FieldMetadata.<init>;143;isAccessible=true;
Field.get*;<water.api.schemas3.ModelMetricsHGLMV3: int[] randc>;water.api.SchemaMetadata$FieldMetadata.<init>;143;isAccessible=true;
Field.get*;<water.api.schemas3.ModelMetricsHGLMV3: long bad>;water.api.SchemaMetadata$FieldMetadata.<init>;143;isAccessible=true;
Field.get*;<water.api.schemas3.ModelMetricsMultinomialGLMGenericV3: double AIC>;water.api.SchemaMetadata$FieldMetadata.<init>;143;isAccessible=true;
Field.get*;<water.api.schemas3.ModelMetricsMultinomialGLMGenericV3: double loglikelihood>;water.api.SchemaMetadata$FieldMetadata.<init>;143;isAccessible=true;
Field.get*;<water.api.schemas3.ModelMetricsMultinomialGLMGenericV3: double null_deviance>;water.api.SchemaMetadata$FieldMetadata.<init>;143;isAccessible=true;
Field.get*;<water.api.schemas3.ModelMetricsMultinomialGLMGenericV3: double residual_deviance>;water.api.SchemaMetadata$FieldMetadata.<init>;143;isAccessible=true;
Field.get*;<water.api.schemas3.ModelMetricsMultinomialGLMGenericV3: long null_degrees_of_freedom>;water.api.SchemaMetadata$FieldMetadata.<init>;143;isAccessible=true;
Field.get*;<water.api.schemas3.ModelMetricsMultinomialGLMGenericV3: long residual_degrees_of_freedom>;water.api.SchemaMetadata$FieldMetadata.<init>;143;isAccessible=true;
Field.get*;<water.api.schemas3.ModelMetricsMultinomialGLMGenericV3: water.api.schemas3.TwoDimTableV3 coefficients_table>;water.api.SchemaMetadata$FieldMetadata.<init>;143;isAccessible=true;
Field.get*;<water.api.schemas3.ModelMetricsMultinomialGLMV3: double AIC>;water.api.SchemaMetadata$FieldMetadata.<init>;143;isAccessible=true;
Field.get*;<water.api.schemas3.ModelMetricsMultinomialGLMV3: double loglikelihood>;water.api.SchemaMetadata$FieldMetadata.<init>;143;isAccessible=true;
Field.get*;<water.api.schemas3.ModelMetricsMultinomialGLMV3: double null_deviance>;water.api.SchemaMetadata$FieldMetadata.<init>;143;isAccessible=true;
Field.get*;<water.api.schemas3.ModelMetricsMultinomialGLMV3: double residual_deviance>;water.api.SchemaMetadata$FieldMetadata.<init>;143;isAccessible=true;
Field.get*;<water.api.schemas3.ModelMetricsMultinomialGLMV3: long null_degrees_of_freedom>;water.api.SchemaMetadata$FieldMetadata.<init>;143;isAccessible=true;
Field.get*;<water.api.schemas3.ModelMetricsMultinomialGLMV3: long residual_degrees_of_freedom>;water.api.SchemaMetadata$FieldMetadata.<init>;143;isAccessible=true;
Field.get*;<water.api.schemas3.ModelMetricsMultinomialV3: double AUC>;water.api.SchemaMetadata$FieldMetadata.<init>;143;isAccessible=true;
Field.get*;<water.api.schemas3.ModelMetricsMultinomialV3: double logloss>;water.api.SchemaMetadata$FieldMetadata.<init>;143;isAccessible=true;
Field.get*;<water.api.schemas3.ModelMetricsMultinomialV3: double mean_per_class_error>;water.api.SchemaMetadata$FieldMetadata.<init>;143;isAccessible=true;
Field.get*;<water.api.schemas3.ModelMetricsMultinomialV3: double pr_auc>;water.api.SchemaMetadata$FieldMetadata.<init>;143;isAccessible=true;
Field.get*;<water.api.schemas3.ModelMetricsMultinomialV3: double r2>;water.api.SchemaMetadata$FieldMetadata.<init>;143;isAccessible=true;
Field.get*;<water.api.schemas3.ModelMetricsMultinomialV3: water.api.schemas3.ConfusionMatrixV3 cm>;water.api.SchemaMetadata$FieldMetadata.<init>;143;isAccessible=true;
Field.get*;<water.api.schemas3.ModelMetricsMultinomialV3: water.api.schemas3.TwoDimTableV3 hit_ratio_table>;water.api.SchemaMetadata$FieldMetadata.<init>;143;isAccessible=true;
Field.get*;<water.api.schemas3.ModelMetricsMultinomialV3: water.api.schemas3.TwoDimTableV3 multinomial_auc_table>;water.api.SchemaMetadata$FieldMetadata.<init>;143;isAccessible=true;
Field.get*;<water.api.schemas3.ModelMetricsMultinomialV3: water.api.schemas3.TwoDimTableV3 multinomial_aucpr_table>;water.api.SchemaMetadata$FieldMetadata.<init>;143;isAccessible=true;
Field.get*;<water.api.schemas3.ModelMetricsOrdinalGLMGenericV3: double AIC>;water.api.SchemaMetadata$FieldMetadata.<init>;143;isAccessible=true;
Field.get*;<water.api.schemas3.ModelMetricsOrdinalGLMGenericV3: double loglikelihood>;water.api.SchemaMetadata$FieldMetadata.<init>;143;isAccessible=true;
Field.get*;<water.api.schemas3.ModelMetricsOrdinalGLMGenericV3: double null_deviance>;water.api.SchemaMetadata$FieldMetadata.<init>;143;isAccessible=true;
Field.get*;<water.api.schemas3.ModelMetricsOrdinalGLMGenericV3: double residual_deviance>;water.api.SchemaMetadata$FieldMetadata.<init>;143;isAccessible=true;
Field.get*;<water.api.schemas3.ModelMetricsOrdinalGLMGenericV3: long null_degrees_of_freedom>;water.api.SchemaMetadata$FieldMetadata.<init>;143;isAccessible=true;
Field.get*;<water.api.schemas3.ModelMetricsOrdinalGLMGenericV3: long residual_degrees_of_freedom>;water.api.SchemaMetadata$FieldMetadata.<init>;143;isAccessible=true;
Field.get*;<water.api.schemas3.ModelMetricsOrdinalGLMGenericV3: water.api.schemas3.TwoDimTableV3 coefficients_table>;water.api.SchemaMetadata$FieldMetadata.<init>;143;isAccessible=true;
Field.get*;<water.api.schemas3.ModelMetricsOrdinalGLMV3: double AIC>;water.api.SchemaMetadata$FieldMetadata.<init>;143;isAccessible=true;
Field.get*;<water.api.schemas3.ModelMetricsOrdinalGLMV3: double loglikelihood>;water.api.SchemaMetadata$FieldMetadata.<init>;143;isAccessible=true;
Field.get*;<water.api.schemas3.ModelMetricsOrdinalGLMV3: double null_deviance>;water.api.SchemaMetadata$FieldMetadata.<init>;143;isAccessible=true;
Field.get*;<water.api.schemas3.ModelMetricsOrdinalGLMV3: double residual_deviance>;water.api.SchemaMetadata$FieldMetadata.<init>;143;isAccessible=true;
Field.get*;<water.api.schemas3.ModelMetricsOrdinalGLMV3: long null_degrees_of_freedom>;water.api.SchemaMetadata$FieldMetadata.<init>;143;isAccessible=true;
Field.get*;<water.api.schemas3.ModelMetricsOrdinalGLMV3: long residual_degrees_of_freedom>;water.api.SchemaMetadata$FieldMetadata.<init>;143;isAccessible=true;
Field.get*;<water.api.schemas3.ModelMetricsOrdinalGenericV3: double logloss>;water.api.SchemaMetadata$FieldMetadata.<init>;143;isAccessible=true;
Field.get*;<water.api.schemas3.ModelMetricsOrdinalGenericV3: double mean_per_class_error>;water.api.SchemaMetadata$FieldMetadata.<init>;143;isAccessible=true;
Field.get*;<water.api.schemas3.ModelMetricsOrdinalGenericV3: double r2>;water.api.SchemaMetadata$FieldMetadata.<init>;143;isAccessible=true;
Field.get*;<water.api.schemas3.ModelMetricsOrdinalGenericV3: water.api.schemas3.ConfusionMatrixV3 cm>;water.api.SchemaMetadata$FieldMetadata.<init>;143;isAccessible=true;
Field.get*;<water.api.schemas3.ModelMetricsOrdinalGenericV3: water.api.schemas3.TwoDimTableV3 hit_ratio_table>;water.api.SchemaMetadata$FieldMetadata.<init>;143;isAccessible=true;
Field.get*;<water.api.schemas3.ModelMetricsOrdinalV3: double logloss>;water.api.SchemaMetadata$FieldMetadata.<init>;143;isAccessible=true;
Field.get*;<water.api.schemas3.ModelMetricsOrdinalV3: double mean_per_class_error>;water.api.SchemaMetadata$FieldMetadata.<init>;143;isAccessible=true;
Field.get*;<water.api.schemas3.ModelMetricsOrdinalV3: double r2>;water.api.SchemaMetadata$FieldMetadata.<init>;143;isAccessible=true;
Field.get*;<water.api.schemas3.ModelMetricsOrdinalV3: water.api.schemas3.ConfusionMatrixV3 cm>;water.api.SchemaMetadata$FieldMetadata.<init>;143;isAccessible=true;
Field.get*;<water.api.schemas3.ModelMetricsOrdinalV3: water.api.schemas3.TwoDimTableV3 hit_ratio_table>;water.api.SchemaMetadata$FieldMetadata.<init>;143;isAccessible=true;
Field.get*;<water.api.schemas3.ModelMetricsRegressionCoxPHGenericV3: double concordance>;water.api.SchemaMetadata$FieldMetadata.<init>;143;isAccessible=true;
Field.get*;<water.api.schemas3.ModelMetricsRegressionCoxPHGenericV3: long concordant>;water.api.SchemaMetadata$FieldMetadata.<init>;143;isAccessible=true;
Field.get*;<water.api.schemas3.ModelMetricsRegressionCoxPHGenericV3: long discordant>;water.api.SchemaMetadata$FieldMetadata.<init>;143;isAccessible=true;
Field.get*;<water.api.schemas3.ModelMetricsRegressionCoxPHGenericV3: long tied_y>;water.api.SchemaMetadata$FieldMetadata.<init>;143;isAccessible=true;
Field.get*;<water.api.schemas3.ModelMetricsRegressionCoxPHV3: double concordance>;water.api.SchemaMetadata$FieldMetadata.<init>;143;isAccessible=true;
Field.get*;<water.api.schemas3.ModelMetricsRegressionCoxPHV3: long concordant>;water.api.SchemaMetadata$FieldMetadata.<init>;143;isAccessible=true;
Field.get*;<water.api.schemas3.ModelMetricsRegressionCoxPHV3: long discordant>;water.api.SchemaMetadata$FieldMetadata.<init>;143;isAccessible=true;
Field.get*;<water.api.schemas3.ModelMetricsRegressionCoxPHV3: long tied_y>;water.api.SchemaMetadata$FieldMetadata.<init>;143;isAccessible=true;
Field.get*;<water.api.schemas3.ModelMetricsRegressionGLMGenericV3: double AIC>;water.api.SchemaMetadata$FieldMetadata.<init>;143;isAccessible=true;
Field.get*;<water.api.schemas3.ModelMetricsRegressionGLMGenericV3: double loglikelihood>;water.api.SchemaMetadata$FieldMetadata.<init>;143;isAccessible=true;
Field.get*;<water.api.schemas3.ModelMetricsRegressionGLMGenericV3: double null_deviance>;water.api.SchemaMetadata$FieldMetadata.<init>;143;isAccessible=true;
Field.get*;<water.api.schemas3.ModelMetricsRegressionGLMGenericV3: double residual_deviance>;water.api.SchemaMetadata$FieldMetadata.<init>;143;isAccessible=true;
Field.get*;<water.api.schemas3.ModelMetricsRegressionGLMGenericV3: long null_degrees_of_freedom>;water.api.SchemaMetadata$FieldMetadata.<init>;143;isAccessible=true;
Field.get*;<water.api.schemas3.ModelMetricsRegressionGLMGenericV3: long residual_degrees_of_freedom>;water.api.SchemaMetadata$FieldMetadata.<init>;143;isAccessible=true;
Field.get*;<water.api.schemas3.ModelMetricsRegressionGLMGenericV3: water.api.schemas3.TwoDimTableV3 coefficients_table>;water.api.SchemaMetadata$FieldMetadata.<init>;143;isAccessible=true;
Field.get*;<water.api.schemas3.ModelMetricsRegressionGLMV3: double AIC>;water.api.SchemaMetadata$FieldMetadata.<init>;143;isAccessible=true;
Field.get*;<water.api.schemas3.ModelMetricsRegressionGLMV3: double loglikelihood>;water.api.SchemaMetadata$FieldMetadata.<init>;143;isAccessible=true;
Field.get*;<water.api.schemas3.ModelMetricsRegressionGLMV3: double null_deviance>;water.api.SchemaMetadata$FieldMetadata.<init>;143;isAccessible=true;
Field.get*;<water.api.schemas3.ModelMetricsRegressionGLMV3: double residual_deviance>;water.api.SchemaMetadata$FieldMetadata.<init>;143;isAccessible=true;
Field.get*;<water.api.schemas3.ModelMetricsRegressionGLMV3: long null_degrees_of_freedom>;water.api.SchemaMetadata$FieldMetadata.<init>;143;isAccessible=true;
Field.get*;<water.api.schemas3.ModelMetricsRegressionGLMV3: long residual_degrees_of_freedom>;water.api.SchemaMetadata$FieldMetadata.<init>;143;isAccessible=true;
Field.get*;<water.api.schemas3.ModelMetricsRegressionGenericV3: double mae>;water.api.SchemaMetadata$FieldMetadata.<init>;143;isAccessible=true;
Field.get*;<water.api.schemas3.ModelMetricsRegressionGenericV3: double mean_residual_deviance>;water.api.SchemaMetadata$FieldMetadata.<init>;143;isAccessible=true;
Field.get*;<water.api.schemas3.ModelMetricsRegressionGenericV3: double rmsle>;water.api.SchemaMetadata$FieldMetadata.<init>;143;isAccessible=true;
Field.get*;<water.api.schemas3.ModelMetricsRegressionV3: double mae>;water.api.SchemaMetadata$FieldMetadata.<init>;143;isAccessible=true;
Field.get*;<water.api.schemas3.ModelMetricsRegressionV3: double mean_residual_deviance>;water.api.SchemaMetadata$FieldMetadata.<init>;143;isAccessible=true;
Field.get*;<water.api.schemas3.ModelMetricsRegressionV3: double r2>;water.api.SchemaMetadata$FieldMetadata.<init>;143;isAccessible=true;
Field.get*;<water.api.schemas3.ModelMetricsRegressionV3: double rmsle>;water.api.SchemaMetadata$FieldMetadata.<init>;143;isAccessible=true;
Field.get*;<water.api.schemas3.ModelOutputSchemaV3: double default_threshold>;water.api.SchemaMetadata$FieldMetadata.<init>;143;isAccessible=true;
Field.get*;<water.api.schemas3.ModelOutputSchemaV3: hex.ModelCategory model_category>;water.api.SchemaMetadata$FieldMetadata.<init>;143;isAccessible=true;
Field.get*;<water.api.schemas3.ModelOutputSchemaV3: java.lang.String status>;water.api.SchemaMetadata$FieldMetadata.<init>;143;isAccessible=true;
Field.get*;<water.api.schemas3.ModelOutputSchemaV3: java.lang.String[] column_types>;water.api.SchemaMetadata$FieldMetadata.<init>;143;isAccessible=true;
Field.get*;<water.api.schemas3.ModelOutputSchemaV3: java.lang.String[] names>;water.api.SchemaMetadata$FieldMetadata.<init>;143;isAccessible=true;
Field.get*;<water.api.schemas3.ModelOutputSchemaV3: java.lang.String[] original_names>;water.api.SchemaMetadata$FieldMetadata.<init>;143;isAccessible=true;
Field.get*;<water.api.schemas3.ModelOutputSchemaV3: java.lang.String[][] domains>;water.api.SchemaMetadata$FieldMetadata.<init>;143;isAccessible=true;
Field.get*;<water.api.schemas3.ModelOutputSchemaV3: long end_time>;water.api.SchemaMetadata$FieldMetadata.<init>;143;isAccessible=true;
Field.get*;<water.api.schemas3.ModelOutputSchemaV3: long run_time>;water.api.SchemaMetadata$FieldMetadata.<init>;143;isAccessible=true;
Field.get*;<water.api.schemas3.ModelOutputSchemaV3: long start_time>;water.api.SchemaMetadata$FieldMetadata.<init>;143;isAccessible=true;
Field.get*;<water.api.schemas3.ModelOutputSchemaV3: water.api.schemas3.KeyV3$FrameKeyV3 cross_validation_fold_assignment_frame_id>;water.api.SchemaMetadata$FieldMetadata.<init>;143;isAccessible=true;
Field.get*;<water.api.schemas3.ModelOutputSchemaV3: water.api.schemas3.KeyV3$FrameKeyV3 cross_validation_holdout_predictions_frame_id>;water.api.SchemaMetadata$FieldMetadata.<init>;143;isAccessible=true;
Field.get*;<water.api.schemas3.ModelOutputSchemaV3: water.api.schemas3.KeyV3$FrameKeyV3[] cross_validation_predictions>;water.api.SchemaMetadata$FieldMetadata.<init>;143;isAccessible=true;
Field.get*;<water.api.schemas3.ModelOutputSchemaV3: water.api.schemas3.KeyV3$ModelKeyV3[] cross_validation_models>;water.api.SchemaMetadata$FieldMetadata.<init>;143;isAccessible=true;
Field.get*;<water.api.schemas3.ModelOutputSchemaV3: water.api.schemas3.ModelMetricsBaseV3 cross_validation_metrics>;water.api.SchemaMetadata$FieldMetadata.<init>;143;isAccessible=true;
Field.get*;<water.api.schemas3.ModelOutputSchemaV3: water.api.schemas3.ModelMetricsBaseV3 training_metrics>;water.api.SchemaMetadata$FieldMetadata.<init>;143;isAccessible=true;
Field.get*;<water.api.schemas3.ModelOutputSchemaV3: water.api.schemas3.ModelMetricsBaseV3 validation_metrics>;water.api.SchemaMetadata$FieldMetadata.<init>;143;isAccessible=true;
Field.get*;<water.api.schemas3.ModelOutputSchemaV3: water.api.schemas3.TwoDimTableV3 cross_validation_metrics_summary>;water.api.SchemaMetadata$FieldMetadata.<init>;143;isAccessible=true;
Field.get*;<water.api.schemas3.ModelOutputSchemaV3: water.api.schemas3.TwoDimTableV3 model_summary>;water.api.SchemaMetadata$FieldMetadata.<init>;143;isAccessible=true;
Field.get*;<water.api.schemas3.ModelOutputSchemaV3: water.api.schemas3.TwoDimTableV3 scoring_history>;water.api.SchemaMetadata$FieldMetadata.<init>;143;isAccessible=true;
Field.get*;<water.api.schemas3.ModelOutputSchemaV3: water.api.schemas3.TwoDimTableV3[] cv_scoring_history>;water.api.SchemaMetadata$FieldMetadata.<init>;143;isAccessible=true;
Field.get*;<water.api.schemas3.ModelOutputSchemaV3: water.api.schemas3.TwoDimTableV3[] reproducibility_information_table>;water.api.SchemaMetadata$FieldMetadata.<init>;143;isAccessible=true;
Field.get*;<water.api.schemas3.ModelOutputSchemaV3: water.util.IcedHashMapGeneric$IcedHashMapStringString help>;water.api.SchemaMetadata$FieldMetadata.<init>;143;isAccessible=true;
Field.get*;<water.api.schemas3.ModelParameterSchemaV3: boolean gridable>;water.api.SchemaMetadata$FieldMetadata.<init>;143;isAccessible=true;
Field.get*;<water.api.schemas3.ModelParameterSchemaV3: boolean required>;water.api.SchemaMetadata$FieldMetadata.<init>;143;isAccessible=true;
Field.get*;<water.api.schemas3.ModelParameterSchemaV3: java.lang.String help>;water.api.SchemaMetadata$FieldMetadata.<init>;143;isAccessible=true;
Field.get*;<water.api.schemas3.ModelParameterSchemaV3: java.lang.String label>;water.api.SchemaMetadata$FieldMetadata.<init>;143;isAccessible=true;
Field.get*;<water.api.schemas3.ModelParameterSchemaV3: java.lang.String level>;water.api.SchemaMetadata$FieldMetadata.<init>;143;isAccessible=true;
Field.get*;<water.api.schemas3.ModelParameterSchemaV3: java.lang.String name>;water.api.SchemaMetadata$FieldMetadata.<init>;143;isAccessible=true;
Field.get*;<water.api.schemas3.ModelParameterSchemaV3: java.lang.String type>;water.api.SchemaMetadata$FieldMetadata.<init>;143;isAccessible=true;
Field.get*;<water.api.schemas3.ModelParameterSchemaV3: java.lang.String[] is_member_of_frames>;water.api.SchemaMetadata$FieldMetadata.<init>;143;isAccessible=true;
Field.get*;<water.api.schemas3.ModelParameterSchemaV3: java.lang.String[] is_mutually_exclusive_with>;water.api.SchemaMetadata$FieldMetadata.<init>;143;isAccessible=true;
Field.get*;<water.api.schemas3.ModelParameterSchemaV3: java.lang.String[] values>;water.api.SchemaMetadata$FieldMetadata.<init>;143;isAccessible=true;
Field.get*;<water.api.schemas3.ModelParameterSchemaV3: water.Iced actual_value>;water.api.SchemaMetadata$FieldMetadata.<init>;143;isAccessible=true;
Field.get*;<water.api.schemas3.ModelParameterSchemaV3: water.Iced default_value>;water.api.SchemaMetadata$FieldMetadata.<init>;143;isAccessible=true;
Field.get*;<water.api.schemas3.ModelParameterSchemaV3: water.Iced input_value>;water.api.SchemaMetadata$FieldMetadata.<init>;143;isAccessible=true;
Field.get*;<water.api.schemas3.ModelParametersSchemaV3: boolean ignore_const_cols>;water.api.SchemaMetadata$FieldMetadata.<init>;143;isAccessible=true;
Field.get*;<water.api.schemas3.ModelParametersSchemaV3: boolean ignore_const_cols>;water.api.schemas3.ModelParameterSchemaV3.<init>;78;isAccessible=true;
Field.get*;<water.api.schemas3.ModelParametersSchemaV3: boolean ignore_const_cols>;water.api.schemas3.ModelParameterSchemaV3.<init>;86;isAccessible=true;
Field.get*;<water.api.schemas3.ModelParametersSchemaV3: boolean ignore_const_cols>;water.util.PojoUtils.copyProperties;129;isAccessible=true;
Field.get*;<water.api.schemas3.ModelParametersSchemaV3: boolean ignore_const_cols>;water.util.PojoUtils.copyProperties;326;isAccessible=true;
Field.get*;<water.api.schemas3.ModelParametersSchemaV3: boolean keep_cross_validation_fold_assignment>;water.api.SchemaMetadata$FieldMetadata.<init>;143;isAccessible=true;
Field.get*;<water.api.schemas3.ModelParametersSchemaV3: boolean keep_cross_validation_fold_assignment>;water.api.schemas3.ModelParameterSchemaV3.<init>;78;isAccessible=true;
Field.get*;<water.api.schemas3.ModelParametersSchemaV3: boolean keep_cross_validation_fold_assignment>;water.api.schemas3.ModelParameterSchemaV3.<init>;86;isAccessible=true;
Field.get*;<water.api.schemas3.ModelParametersSchemaV3: boolean keep_cross_validation_fold_assignment>;water.util.PojoUtils.copyProperties;129;isAccessible=true;
Field.get*;<water.api.schemas3.ModelParametersSchemaV3: boolean keep_cross_validation_fold_assignment>;water.util.PojoUtils.copyProperties;326;isAccessible=true;
Field.get*;<water.api.schemas3.ModelParametersSchemaV3: boolean keep_cross_validation_models>;water.api.SchemaMetadata$FieldMetadata.<init>;143;isAccessible=true;
Field.get*;<water.api.schemas3.ModelParametersSchemaV3: boolean keep_cross_validation_models>;water.api.schemas3.ModelParameterSchemaV3.<init>;78;isAccessible=true;
Field.get*;<water.api.schemas3.ModelParametersSchemaV3: boolean keep_cross_validation_models>;water.api.schemas3.ModelParameterSchemaV3.<init>;86;isAccessible=true;
Field.get*;<water.api.schemas3.ModelParametersSchemaV3: boolean keep_cross_validation_models>;water.util.PojoUtils.copyProperties;129;isAccessible=true;
Field.get*;<water.api.schemas3.ModelParametersSchemaV3: boolean keep_cross_validation_models>;water.util.PojoUtils.copyProperties;326;isAccessible=true;
Field.get*;<water.api.schemas3.ModelParametersSchemaV3: boolean keep_cross_validation_predictions>;water.api.SchemaMetadata$FieldMetadata.<init>;143;isAccessible=true;
Field.get*;<water.api.schemas3.ModelParametersSchemaV3: boolean keep_cross_validation_predictions>;water.api.schemas3.ModelParameterSchemaV3.<init>;78;isAccessible=true;
Field.get*;<water.api.schemas3.ModelParametersSchemaV3: boolean keep_cross_validation_predictions>;water.api.schemas3.ModelParameterSchemaV3.<init>;86;isAccessible=true;
Field.get*;<water.api.schemas3.ModelParametersSchemaV3: boolean keep_cross_validation_predictions>;water.util.PojoUtils.copyProperties;129;isAccessible=true;
Field.get*;<water.api.schemas3.ModelParametersSchemaV3: boolean keep_cross_validation_predictions>;water.util.PojoUtils.copyProperties;326;isAccessible=true;
Field.get*;<water.api.schemas3.ModelParametersSchemaV3: boolean parallelize_cross_validation>;water.api.SchemaMetadata$FieldMetadata.<init>;143;isAccessible=true;
Field.get*;<water.api.schemas3.ModelParametersSchemaV3: boolean parallelize_cross_validation>;water.util.PojoUtils.copyProperties;129;isAccessible=true;
Field.get*;<water.api.schemas3.ModelParametersSchemaV3: boolean parallelize_cross_validation>;water.util.PojoUtils.copyProperties;326;isAccessible=true;
Field.get*;<water.api.schemas3.ModelParametersSchemaV3: boolean score_each_iteration>;water.api.SchemaMetadata$FieldMetadata.<init>;143;isAccessible=true;
Field.get*;<water.api.schemas3.ModelParametersSchemaV3: boolean score_each_iteration>;water.api.schemas3.ModelParameterSchemaV3.<init>;78;isAccessible=true;
Field.get*;<water.api.schemas3.ModelParametersSchemaV3: boolean score_each_iteration>;water.api.schemas3.ModelParameterSchemaV3.<init>;86;isAccessible=true;
Field.get*;<water.api.schemas3.ModelParametersSchemaV3: boolean score_each_iteration>;water.util.PojoUtils.copyProperties;129;isAccessible=true;
Field.get*;<water.api.schemas3.ModelParametersSchemaV3: boolean score_each_iteration>;water.util.PojoUtils.copyProperties;326;isAccessible=true;
Field.get*;<water.api.schemas3.ModelParametersSchemaV3: double huber_alpha>;water.api.SchemaMetadata$FieldMetadata.<init>;143;isAccessible=true;
Field.get*;<water.api.schemas3.ModelParametersSchemaV3: double huber_alpha>;water.util.PojoUtils.copyProperties;129;isAccessible=true;
Field.get*;<water.api.schemas3.ModelParametersSchemaV3: double huber_alpha>;water.util.PojoUtils.copyProperties;326;isAccessible=true;
Field.get*;<water.api.schemas3.ModelParametersSchemaV3: double max_runtime_secs>;water.api.SchemaMetadata$FieldMetadata.<init>;143;isAccessible=true;
Field.get*;<water.api.schemas3.ModelParametersSchemaV3: double max_runtime_secs>;water.api.schemas3.ModelParameterSchemaV3.<init>;78;isAccessible=true;
Field.get*;<water.api.schemas3.ModelParametersSchemaV3: double max_runtime_secs>;water.api.schemas3.ModelParameterSchemaV3.<init>;86;isAccessible=true;
Field.get*;<water.api.schemas3.ModelParametersSchemaV3: double max_runtime_secs>;water.util.PojoUtils.copyProperties;129;isAccessible=true;
Field.get*;<water.api.schemas3.ModelParametersSchemaV3: double max_runtime_secs>;water.util.PojoUtils.copyProperties;326;isAccessible=true;
Field.get*;<water.api.schemas3.ModelParametersSchemaV3: double quantile_alpha>;water.api.SchemaMetadata$FieldMetadata.<init>;143;isAccessible=true;
Field.get*;<water.api.schemas3.ModelParametersSchemaV3: double quantile_alpha>;water.util.PojoUtils.copyProperties;129;isAccessible=true;
Field.get*;<water.api.schemas3.ModelParametersSchemaV3: double quantile_alpha>;water.util.PojoUtils.copyProperties;326;isAccessible=true;
Field.get*;<water.api.schemas3.ModelParametersSchemaV3: double stopping_tolerance>;water.api.SchemaMetadata$FieldMetadata.<init>;143;isAccessible=true;
Field.get*;<water.api.schemas3.ModelParametersSchemaV3: double stopping_tolerance>;water.api.schemas3.ModelParameterSchemaV3.<init>;78;isAccessible=true;
Field.get*;<water.api.schemas3.ModelParametersSchemaV3: double stopping_tolerance>;water.api.schemas3.ModelParameterSchemaV3.<init>;86;isAccessible=true;
Field.get*;<water.api.schemas3.ModelParametersSchemaV3: double stopping_tolerance>;water.util.PojoUtils.copyProperties;129;isAccessible=true;
Field.get*;<water.api.schemas3.ModelParametersSchemaV3: double stopping_tolerance>;water.util.PojoUtils.copyProperties;326;isAccessible=true;
Field.get*;<water.api.schemas3.ModelParametersSchemaV3: double tweedie_power>;water.api.SchemaMetadata$FieldMetadata.<init>;143;isAccessible=true;
Field.get*;<water.api.schemas3.ModelParametersSchemaV3: double tweedie_power>;water.util.PojoUtils.copyProperties;129;isAccessible=true;
Field.get*;<water.api.schemas3.ModelParametersSchemaV3: double tweedie_power>;water.util.PojoUtils.copyProperties;326;isAccessible=true;
Field.get*;<water.api.schemas3.ModelParametersSchemaV3: hex.Model$Parameters$CategoricalEncodingScheme categorical_encoding>;water.api.SchemaMetadata$FieldMetadata.<init>;143;isAccessible=true;
Field.get*;<water.api.schemas3.ModelParametersSchemaV3: hex.Model$Parameters$CategoricalEncodingScheme categorical_encoding>;water.api.schemas3.ModelParameterSchemaV3.<init>;78;isAccessible=true;
Field.get*;<water.api.schemas3.ModelParametersSchemaV3: hex.Model$Parameters$CategoricalEncodingScheme categorical_encoding>;water.api.schemas3.ModelParameterSchemaV3.<init>;86;isAccessible=true;
Field.get*;<water.api.schemas3.ModelParametersSchemaV3: hex.Model$Parameters$CategoricalEncodingScheme categorical_encoding>;water.util.PojoUtils.copyProperties;129;isAccessible=true;
Field.get*;<water.api.schemas3.ModelParametersSchemaV3: hex.Model$Parameters$CategoricalEncodingScheme categorical_encoding>;water.util.PojoUtils.copyProperties;326;isAccessible=true;
Field.get*;<water.api.schemas3.ModelParametersSchemaV3: hex.Model$Parameters$FoldAssignmentScheme fold_assignment>;water.api.SchemaMetadata$FieldMetadata.<init>;143;isAccessible=true;
Field.get*;<water.api.schemas3.ModelParametersSchemaV3: hex.Model$Parameters$FoldAssignmentScheme fold_assignment>;water.api.schemas3.ModelParameterSchemaV3.<init>;78;isAccessible=true;
Field.get*;<water.api.schemas3.ModelParametersSchemaV3: hex.Model$Parameters$FoldAssignmentScheme fold_assignment>;water.api.schemas3.ModelParameterSchemaV3.<init>;86;isAccessible=true;
Field.get*;<water.api.schemas3.ModelParametersSchemaV3: hex.Model$Parameters$FoldAssignmentScheme fold_assignment>;water.util.PojoUtils.copyProperties;129;isAccessible=true;
Field.get*;<water.api.schemas3.ModelParametersSchemaV3: hex.Model$Parameters$FoldAssignmentScheme fold_assignment>;water.util.PojoUtils.copyProperties;326;isAccessible=true;
Field.get*;<water.api.schemas3.ModelParametersSchemaV3: hex.MultinomialAucType auc_type>;water.api.SchemaMetadata$FieldMetadata.<init>;143;isAccessible=true;
Field.get*;<water.api.schemas3.ModelParametersSchemaV3: hex.MultinomialAucType auc_type>;water.api.schemas3.ModelParameterSchemaV3.<init>;78;isAccessible=true;
Field.get*;<water.api.schemas3.ModelParametersSchemaV3: hex.MultinomialAucType auc_type>;water.api.schemas3.ModelParameterSchemaV3.<init>;86;isAccessible=true;
Field.get*;<water.api.schemas3.ModelParametersSchemaV3: hex.MultinomialAucType auc_type>;water.util.PojoUtils.copyProperties;129;isAccessible=true;
Field.get*;<water.api.schemas3.ModelParametersSchemaV3: hex.MultinomialAucType auc_type>;water.util.PojoUtils.copyProperties;326;isAccessible=true;
Field.get*;<water.api.schemas3.ModelParametersSchemaV3: hex.ScoreKeeper$StoppingMetric stopping_metric>;water.api.SchemaMetadata$FieldMetadata.<init>;143;isAccessible=true;
Field.get*;<water.api.schemas3.ModelParametersSchemaV3: hex.ScoreKeeper$StoppingMetric stopping_metric>;water.api.schemas3.ModelParameterSchemaV3.<init>;78;isAccessible=true;
Field.get*;<water.api.schemas3.ModelParametersSchemaV3: hex.ScoreKeeper$StoppingMetric stopping_metric>;water.api.schemas3.ModelParameterSchemaV3.<init>;86;isAccessible=true;
Field.get*;<water.api.schemas3.ModelParametersSchemaV3: hex.ScoreKeeper$StoppingMetric stopping_metric>;water.util.PojoUtils.copyProperties;129;isAccessible=true;
Field.get*;<water.api.schemas3.ModelParametersSchemaV3: hex.ScoreKeeper$StoppingMetric stopping_metric>;water.util.PojoUtils.copyProperties;326;isAccessible=true;
Field.get*;<water.api.schemas3.ModelParametersSchemaV3: hex.genmodel.utils.DistributionFamily distribution>;water.api.SchemaMetadata$FieldMetadata.<init>;143;isAccessible=true;
Field.get*;<water.api.schemas3.ModelParametersSchemaV3: hex.genmodel.utils.DistributionFamily distribution>;water.api.schemas3.ModelParameterSchemaV3.<init>;78;isAccessible=true;
Field.get*;<water.api.schemas3.ModelParametersSchemaV3: hex.genmodel.utils.DistributionFamily distribution>;water.api.schemas3.ModelParameterSchemaV3.<init>;86;isAccessible=true;
Field.get*;<water.api.schemas3.ModelParametersSchemaV3: hex.genmodel.utils.DistributionFamily distribution>;water.util.PojoUtils.copyProperties;129;isAccessible=true;
Field.get*;<water.api.schemas3.ModelParametersSchemaV3: hex.genmodel.utils.DistributionFamily distribution>;water.util.PojoUtils.copyProperties;326;isAccessible=true;
Field.get*;<water.api.schemas3.ModelParametersSchemaV3: int gainslift_bins>;water.api.SchemaMetadata$FieldMetadata.<init>;143;isAccessible=true;
Field.get*;<water.api.schemas3.ModelParametersSchemaV3: int gainslift_bins>;water.api.schemas3.ModelParameterSchemaV3.<init>;78;isAccessible=true;
Field.get*;<water.api.schemas3.ModelParametersSchemaV3: int gainslift_bins>;water.api.schemas3.ModelParameterSchemaV3.<init>;86;isAccessible=true;
Field.get*;<water.api.schemas3.ModelParametersSchemaV3: int gainslift_bins>;water.util.PojoUtils.copyProperties;129;isAccessible=true;
Field.get*;<water.api.schemas3.ModelParametersSchemaV3: int gainslift_bins>;water.util.PojoUtils.copyProperties;326;isAccessible=true;
Field.get*;<water.api.schemas3.ModelParametersSchemaV3: int max_categorical_levels>;water.api.SchemaMetadata$FieldMetadata.<init>;143;isAccessible=true;
Field.get*;<water.api.schemas3.ModelParametersSchemaV3: int max_categorical_levels>;water.util.PojoUtils.copyProperties;129;isAccessible=true;
Field.get*;<water.api.schemas3.ModelParametersSchemaV3: int max_categorical_levels>;water.util.PojoUtils.copyProperties;326;isAccessible=true;
Field.get*;<water.api.schemas3.ModelParametersSchemaV3: int nfolds>;water.api.SchemaMetadata$FieldMetadata.<init>;143;isAccessible=true;
Field.get*;<water.api.schemas3.ModelParametersSchemaV3: int nfolds>;water.api.schemas3.ModelParameterSchemaV3.<init>;78;isAccessible=true;
Field.get*;<water.api.schemas3.ModelParametersSchemaV3: int nfolds>;water.api.schemas3.ModelParameterSchemaV3.<init>;86;isAccessible=true;
Field.get*;<water.api.schemas3.ModelParametersSchemaV3: int nfolds>;water.util.PojoUtils.copyProperties;129;isAccessible=true;
Field.get*;<water.api.schemas3.ModelParametersSchemaV3: int nfolds>;water.util.PojoUtils.copyProperties;326;isAccessible=true;
Field.get*;<water.api.schemas3.ModelParametersSchemaV3: int stopping_rounds>;water.api.SchemaMetadata$FieldMetadata.<init>;143;isAccessible=true;
Field.get*;<water.api.schemas3.ModelParametersSchemaV3: int stopping_rounds>;water.api.schemas3.ModelParameterSchemaV3.<init>;78;isAccessible=true;
Field.get*;<water.api.schemas3.ModelParametersSchemaV3: int stopping_rounds>;water.api.schemas3.ModelParameterSchemaV3.<init>;86;isAccessible=true;
Field.get*;<water.api.schemas3.ModelParametersSchemaV3: int stopping_rounds>;water.util.PojoUtils.copyProperties;129;isAccessible=true;
Field.get*;<water.api.schemas3.ModelParametersSchemaV3: int stopping_rounds>;water.util.PojoUtils.copyProperties;326;isAccessible=true;
Field.get*;<water.api.schemas3.ModelParametersSchemaV3: java.lang.String custom_distribution_func>;water.api.SchemaMetadata$FieldMetadata.<init>;143;isAccessible=true;
Field.get*;<water.api.schemas3.ModelParametersSchemaV3: java.lang.String custom_distribution_func>;water.util.PojoUtils.copyProperties;129;isAccessible=true;
Field.get*;<water.api.schemas3.ModelParametersSchemaV3: java.lang.String custom_metric_func>;water.api.SchemaMetadata$FieldMetadata.<init>;143;isAccessible=true;
Field.get*;<water.api.schemas3.ModelParametersSchemaV3: java.lang.String custom_metric_func>;water.api.schemas3.ModelParameterSchemaV3.<init>;78;isAccessible=true;
Field.get*;<water.api.schemas3.ModelParametersSchemaV3: java.lang.String custom_metric_func>;water.api.schemas3.ModelParameterSchemaV3.<init>;86;isAccessible=true;
Field.get*;<water.api.schemas3.ModelParametersSchemaV3: java.lang.String custom_metric_func>;water.util.PojoUtils.copyProperties;129;isAccessible=true;
Field.get*;<water.api.schemas3.ModelParametersSchemaV3: java.lang.String custom_metric_func>;water.util.PojoUtils.copyProperties;326;isAccessible=true;
Field.get*;<water.api.schemas3.ModelParametersSchemaV3: java.lang.String export_checkpoints_dir>;water.api.SchemaMetadata$FieldMetadata.<init>;143;isAccessible=true;
Field.get*;<water.api.schemas3.ModelParametersSchemaV3: java.lang.String export_checkpoints_dir>;water.api.schemas3.ModelParameterSchemaV3.<init>;78;isAccessible=true;
Field.get*;<water.api.schemas3.ModelParametersSchemaV3: java.lang.String export_checkpoints_dir>;water.api.schemas3.ModelParameterSchemaV3.<init>;86;isAccessible=true;
Field.get*;<water.api.schemas3.ModelParametersSchemaV3: java.lang.String export_checkpoints_dir>;water.util.PojoUtils.copyProperties;129;isAccessible=true;
Field.get*;<water.api.schemas3.ModelParametersSchemaV3: java.lang.String export_checkpoints_dir>;water.util.PojoUtils.copyProperties;326;isAccessible=true;
Field.get*;<water.api.schemas3.ModelParametersSchemaV3: java.lang.String[] ignored_columns>;water.api.SchemaMetadata$FieldMetadata.<init>;143;isAccessible=true;
Field.get*;<water.api.schemas3.ModelParametersSchemaV3: java.lang.String[] ignored_columns>;water.api.schemas3.ModelParameterSchemaV3.<init>;78;isAccessible=true;
Field.get*;<water.api.schemas3.ModelParametersSchemaV3: java.lang.String[] ignored_columns>;water.api.schemas3.ModelParameterSchemaV3.<init>;86;isAccessible=true;
Field.get*;<water.api.schemas3.ModelParametersSchemaV3: java.lang.String[] ignored_columns>;water.util.PojoUtils.copyProperties;129;isAccessible=true;
Field.get*;<water.api.schemas3.ModelParametersSchemaV3: water.api.schemas3.FrameV3$ColSpecifierV3 fold_column>;water.api.SchemaMetadata$FieldMetadata.<init>;143;isAccessible=true;
Field.get*;<water.api.schemas3.ModelParametersSchemaV3: water.api.schemas3.FrameV3$ColSpecifierV3 fold_column>;water.api.schemas3.ModelParameterSchemaV3.<init>;78;isAccessible=true;
Field.get*;<water.api.schemas3.ModelParametersSchemaV3: water.api.schemas3.FrameV3$ColSpecifierV3 fold_column>;water.api.schemas3.ModelParameterSchemaV3.<init>;86;isAccessible=true;
Field.get*;<water.api.schemas3.ModelParametersSchemaV3: water.api.schemas3.FrameV3$ColSpecifierV3 fold_column>;water.util.PojoUtils.copyProperties;129;isAccessible=true;
Field.get*;<water.api.schemas3.ModelParametersSchemaV3: water.api.schemas3.FrameV3$ColSpecifierV3 offset_column>;water.api.SchemaMetadata$FieldMetadata.<init>;143;isAccessible=true;
Field.get*;<water.api.schemas3.ModelParametersSchemaV3: water.api.schemas3.FrameV3$ColSpecifierV3 offset_column>;water.api.schemas3.ModelParameterSchemaV3.<init>;78;isAccessible=true;
Field.get*;<water.api.schemas3.ModelParametersSchemaV3: water.api.schemas3.FrameV3$ColSpecifierV3 offset_column>;water.api.schemas3.ModelParameterSchemaV3.<init>;86;isAccessible=true;
Field.get*;<water.api.schemas3.ModelParametersSchemaV3: water.api.schemas3.FrameV3$ColSpecifierV3 offset_column>;water.util.PojoUtils.copyProperties;129;isAccessible=true;
Field.get*;<water.api.schemas3.ModelParametersSchemaV3: water.api.schemas3.FrameV3$ColSpecifierV3 response_column>;water.api.SchemaMetadata$FieldMetadata.<init>;143;isAccessible=true;
Field.get*;<water.api.schemas3.ModelParametersSchemaV3: water.api.schemas3.FrameV3$ColSpecifierV3 response_column>;water.api.schemas3.ModelParameterSchemaV3.<init>;78;isAccessible=true;
Field.get*;<water.api.schemas3.ModelParametersSchemaV3: water.api.schemas3.FrameV3$ColSpecifierV3 response_column>;water.api.schemas3.ModelParameterSchemaV3.<init>;86;isAccessible=true;
Field.get*;<water.api.schemas3.ModelParametersSchemaV3: water.api.schemas3.FrameV3$ColSpecifierV3 response_column>;water.util.PojoUtils.copyProperties;129;isAccessible=true;
Field.get*;<water.api.schemas3.ModelParametersSchemaV3: water.api.schemas3.FrameV3$ColSpecifierV3 response_column>;water.util.PojoUtils.copyProperties;272;isAccessible=true;
Field.get*;<water.api.schemas3.ModelParametersSchemaV3: water.api.schemas3.FrameV3$ColSpecifierV3 weights_column>;water.api.SchemaMetadata$FieldMetadata.<init>;143;isAccessible=true;
Field.get*;<water.api.schemas3.ModelParametersSchemaV3: water.api.schemas3.FrameV3$ColSpecifierV3 weights_column>;water.api.schemas3.ModelParameterSchemaV3.<init>;78;isAccessible=true;
Field.get*;<water.api.schemas3.ModelParametersSchemaV3: water.api.schemas3.FrameV3$ColSpecifierV3 weights_column>;water.api.schemas3.ModelParameterSchemaV3.<init>;86;isAccessible=true;
Field.get*;<water.api.schemas3.ModelParametersSchemaV3: water.api.schemas3.FrameV3$ColSpecifierV3 weights_column>;water.util.PojoUtils.copyProperties;129;isAccessible=true;
Field.get*;<water.api.schemas3.ModelParametersSchemaV3: water.api.schemas3.KeyV3$FrameKeyV3 training_frame>;water.api.SchemaMetadata$FieldMetadata.<init>;143;isAccessible=true;
Field.get*;<water.api.schemas3.ModelParametersSchemaV3: water.api.schemas3.KeyV3$FrameKeyV3 training_frame>;water.api.schemas3.ModelParameterSchemaV3.<init>;78;isAccessible=true;
Field.get*;<water.api.schemas3.ModelParametersSchemaV3: water.api.schemas3.KeyV3$FrameKeyV3 training_frame>;water.api.schemas3.ModelParameterSchemaV3.<init>;86;isAccessible=true;
Field.get*;<water.api.schemas3.ModelParametersSchemaV3: water.api.schemas3.KeyV3$FrameKeyV3 validation_frame>;water.api.SchemaMetadata$FieldMetadata.<init>;143;isAccessible=true;
Field.get*;<water.api.schemas3.ModelParametersSchemaV3: water.api.schemas3.KeyV3$FrameKeyV3 validation_frame>;water.api.schemas3.ModelParameterSchemaV3.<init>;78;isAccessible=true;
Field.get*;<water.api.schemas3.ModelParametersSchemaV3: water.api.schemas3.KeyV3$FrameKeyV3 validation_frame>;water.api.schemas3.ModelParameterSchemaV3.<init>;86;isAccessible=true;
Field.get*;<water.api.schemas3.ModelParametersSchemaV3: water.api.schemas3.KeyV3$ModelKeyV3 checkpoint>;water.api.SchemaMetadata$FieldMetadata.<init>;143;isAccessible=true;
Field.get*;<water.api.schemas3.ModelParametersSchemaV3: water.api.schemas3.KeyV3$ModelKeyV3 checkpoint>;water.api.schemas3.ModelParameterSchemaV3.<init>;78;isAccessible=true;
Field.get*;<water.api.schemas3.ModelParametersSchemaV3: water.api.schemas3.KeyV3$ModelKeyV3 checkpoint>;water.api.schemas3.ModelParameterSchemaV3.<init>;86;isAccessible=true;
Field.get*;<water.api.schemas3.ModelParametersSchemaV3: water.api.schemas3.KeyV3$ModelKeyV3 checkpoint>;water.util.PojoUtils.copyProperties;129;isAccessible=true;
Field.get*;<water.api.schemas3.ModelParametersSchemaV3: water.api.schemas3.KeyV3$ModelKeyV3 model_id>;water.api.SchemaMetadata$FieldMetadata.<init>;143;isAccessible=true;
Field.get*;<water.api.schemas3.ModelParametersSchemaV3: water.api.schemas3.KeyV3$ModelKeyV3 model_id>;water.api.schemas3.ModelParameterSchemaV3.<init>;78;isAccessible=true;
Field.get*;<water.api.schemas3.ModelParametersSchemaV3: water.api.schemas3.KeyV3$ModelKeyV3 model_id>;water.api.schemas3.ModelParameterSchemaV3.<init>;86;isAccessible=true;
Field.get*;<water.api.schemas3.ModelSchemaBaseV3: boolean have_mojo>;water.api.SchemaMetadata$FieldMetadata.<init>;143;isAccessible=true;
Field.get*;<water.api.schemas3.ModelSchemaBaseV3: boolean have_pojo>;water.api.SchemaMetadata$FieldMetadata.<init>;143;isAccessible=true;
Field.get*;<water.api.schemas3.ModelSchemaBaseV3: java.lang.String algo>;water.api.SchemaMetadata$FieldMetadata.<init>;143;isAccessible=true;
Field.get*;<water.api.schemas3.ModelSchemaBaseV3: java.lang.String algo_full_name>;water.api.SchemaMetadata$FieldMetadata.<init>;143;isAccessible=true;
Field.get*;<water.api.schemas3.ModelSchemaBaseV3: java.lang.String response_column_name>;water.api.SchemaMetadata$FieldMetadata.<init>;143;isAccessible=true;
Field.get*;<water.api.schemas3.ModelSchemaBaseV3: java.lang.String treatment_column_name>;water.api.SchemaMetadata$FieldMetadata.<init>;143;isAccessible=true;
Field.get*;<water.api.schemas3.ModelSchemaBaseV3: long timestamp>;water.api.SchemaMetadata$FieldMetadata.<init>;143;isAccessible=true;
Field.get*;<water.api.schemas3.ModelSchemaBaseV3: water.api.schemas3.KeyV3$FrameKeyV3 data_frame>;water.api.SchemaMetadata$FieldMetadata.<init>;143;isAccessible=true;
Field.get*;<water.api.schemas3.ModelSchemaBaseV3: water.api.schemas3.KeyV3$ModelKeyV3 model_id>;water.api.SchemaMetadata$FieldMetadata.<init>;143;isAccessible=true;
Field.get*;<water.api.schemas3.ModelSchemaV3: java.lang.String[] compatible_frames>;water.api.SchemaMetadata$FieldMetadata.<init>;143;isAccessible=true;
Field.get*;<water.api.schemas3.ModelSchemaV3: long checksum>;water.api.SchemaMetadata$FieldMetadata.<init>;143;isAccessible=true;
Field.get*;<water.api.schemas3.ModelSchemaV3: water.api.schemas3.ModelOutputSchemaV3 output>;water.api.SchemaMetadata$FieldMetadata.<init>;143;isAccessible=true;
Field.get*;<water.api.schemas3.ModelSchemaV3: water.api.schemas3.ModelParametersSchemaV3 parameters>;water.api.SchemaMetadata$FieldMetadata.<init>;143;isAccessible=true;
Field.get*;<water.api.schemas3.ModelsV3: boolean export_cross_validation_predictions>;water.api.SchemaMetadata$FieldMetadata.<init>;143;isAccessible=true;
Field.get*;<water.api.schemas3.ModelsV3: boolean find_compatible_frames>;water.api.SchemaMetadata$FieldMetadata.<init>;143;isAccessible=true;
Field.get*;<water.api.schemas3.ModelsV3: boolean preview>;water.api.SchemaMetadata$FieldMetadata.<init>;143;isAccessible=true;
Field.get*;<water.api.schemas3.ModelsV3: water.api.schemas3.FrameV3[] compatible_frames>;water.api.SchemaMetadata$FieldMetadata.<init>;143;isAccessible=true;
Field.get*;<water.api.schemas3.ModelsV3: water.api.schemas3.KeyV3$ModelKeyV3 model_id>;water.api.SchemaMetadata$FieldMetadata.<init>;143;isAccessible=true;
Field.get*;<water.api.schemas3.ModelsV3: water.api.schemas3.ModelSchemaBaseV3[] models>;water.api.SchemaMetadata$FieldMetadata.<init>;143;isAccessible=true;
Field.get*;<water.api.schemas3.NetworkBenchV3: water.api.schemas3.TwoDimTableV3[] results>;water.api.SchemaMetadata$FieldMetadata.<init>;143;isAccessible=true;
Field.get*;<water.api.schemas3.NetworkTestV3: double[] bandwidths_collective>;water.api.SchemaMetadata$FieldMetadata.<init>;143;isAccessible=true;
Field.get*;<water.api.schemas3.NetworkTestV3: double[] microseconds_collective>;water.api.SchemaMetadata$FieldMetadata.<init>;143;isAccessible=true;
Field.get*;<water.api.schemas3.NetworkTestV3: double[][] bandwidths>;water.api.SchemaMetadata$FieldMetadata.<init>;143;isAccessible=true;
Field.get*;<water.api.schemas3.NetworkTestV3: double[][] microseconds>;water.api.SchemaMetadata$FieldMetadata.<init>;143;isAccessible=true;
Field.get*;<water.api.schemas3.NetworkTestV3: java.lang.String[] nodes>;water.api.SchemaMetadata$FieldMetadata.<init>;143;isAccessible=true;
Field.get*;<water.api.schemas3.NetworkTestV3: water.api.schemas3.TwoDimTableV3 table>;water.api.SchemaMetadata$FieldMetadata.<init>;143;isAccessible=true;
Field.get*;<water.api.schemas3.NodePersistentStorageV3$NodePersistentStorageEntryV3: java.lang.String category>;water.api.SchemaMetadata$FieldMetadata.<init>;143;isAccessible=true;
Field.get*;<water.api.schemas3.NodePersistentStorageV3$NodePersistentStorageEntryV3: java.lang.String name>;water.api.SchemaMetadata$FieldMetadata.<init>;143;isAccessible=true;
Field.get*;<water.api.schemas3.NodePersistentStorageV3$NodePersistentStorageEntryV3: long size>;water.api.SchemaMetadata$FieldMetadata.<init>;143;isAccessible=true;
Field.get*;<water.api.schemas3.NodePersistentStorageV3$NodePersistentStorageEntryV3: long timestamp_millis>;water.api.SchemaMetadata$FieldMetadata.<init>;143;isAccessible=true;
Field.get*;<water.api.schemas3.NodePersistentStorageV3: boolean configured>;water.api.SchemaMetadata$FieldMetadata.<init>;143;isAccessible=true;
Field.get*;<water.api.schemas3.NodePersistentStorageV3: boolean exists>;water.api.SchemaMetadata$FieldMetadata.<init>;143;isAccessible=true;
Field.get*;<water.api.schemas3.NodePersistentStorageV3: java.lang.String category>;water.api.SchemaMetadata$FieldMetadata.<init>;143;isAccessible=true;
Field.get*;<water.api.schemas3.NodePersistentStorageV3: java.lang.String name>;water.api.SchemaMetadata$FieldMetadata.<init>;143;isAccessible=true;
Field.get*;<water.api.schemas3.NodePersistentStorageV3: java.lang.String value>;water.api.SchemaMetadata$FieldMetadata.<init>;143;isAccessible=true;
Field.get*;<water.api.schemas3.NodePersistentStorageV3: water.api.schemas3.NodePersistentStorageV3$NodePersistentStorageEntryV3[] entries>;water.api.SchemaMetadata$FieldMetadata.<init>;143;isAccessible=true;
Field.get*;<water.api.schemas3.ParseSVMLightV3: water.api.schemas3.KeyV3$FrameKeyV3 destination_frame>;water.api.SchemaMetadata$FieldMetadata.<init>;143;isAccessible=true;
Field.get*;<water.api.schemas3.ParseSVMLightV3: water.api.schemas3.KeyV3$FrameKeyV3[] source_frames>;water.api.SchemaMetadata$FieldMetadata.<init>;143;isAccessible=true;
Field.get*;<water.api.schemas3.ParseSetupV3: boolean single_quotes>;water.api.SchemaMetadata$FieldMetadata.<init>;143;isAccessible=true;
Field.get*;<water.api.schemas3.ParseSetupV3: byte escapechar>;water.api.SchemaMetadata$FieldMetadata.<init>;143;isAccessible=true;
Field.get*;<water.api.schemas3.ParseSetupV3: byte separator>;water.api.SchemaMetadata$FieldMetadata.<init>;143;isAccessible=true;
Field.get*;<water.api.schemas3.ParseSetupV3: int check_header>;water.api.SchemaMetadata$FieldMetadata.<init>;143;isAccessible=true;
Field.get*;<water.api.schemas3.ParseSetupV3: int chunk_size>;water.api.SchemaMetadata$FieldMetadata.<init>;143;isAccessible=true;
Field.get*;<water.api.schemas3.ParseSetupV3: int column_count>;water.api.SchemaMetadata$FieldMetadata.<init>;143;isAccessible=true;
Field.get*;<water.api.schemas3.ParseSetupV3: int column_offset>;water.api.SchemaMetadata$FieldMetadata.<init>;143;isAccessible=true;
Field.get*;<water.api.schemas3.ParseSetupV3: int number_columns>;water.api.SchemaMetadata$FieldMetadata.<init>;143;isAccessible=true;
Field.get*;<water.api.schemas3.ParseSetupV3: int total_filtered_column_count>;water.api.SchemaMetadata$FieldMetadata.<init>;143;isAccessible=true;
Field.get*;<water.api.schemas3.ParseSetupV3: int[] skipped_columns>;water.api.SchemaMetadata$FieldMetadata.<init>;143;isAccessible=true;
Field.get*;<water.api.schemas3.ParseSetupV3: java.lang.String column_name_filter>;water.api.SchemaMetadata$FieldMetadata.<init>;143;isAccessible=true;
Field.get*;<water.api.schemas3.ParseSetupV3: java.lang.String custom_non_data_line_markers>;water.api.SchemaMetadata$FieldMetadata.<init>;143;isAccessible=true;
Field.get*;<water.api.schemas3.ParseSetupV3: java.lang.String destination_frame>;water.api.SchemaMetadata$FieldMetadata.<init>;143;isAccessible=true;
Field.get*;<water.api.schemas3.ParseSetupV3: java.lang.String parse_type>;water.api.SchemaMetadata$FieldMetadata.<init>;143;isAccessible=true;
Field.get*;<water.api.schemas3.ParseSetupV3: java.lang.String[] column_names>;water.api.SchemaMetadata$FieldMetadata.<init>;143;isAccessible=true;
Field.get*;<water.api.schemas3.ParseSetupV3: java.lang.String[] column_types>;water.api.SchemaMetadata$FieldMetadata.<init>;143;isAccessible=true;
Field.get*;<water.api.schemas3.ParseSetupV3: java.lang.String[] partition_by>;water.api.SchemaMetadata$FieldMetadata.<init>;143;isAccessible=true;
Field.get*;<water.api.schemas3.ParseSetupV3: java.lang.String[] warnings>;water.api.SchemaMetadata$FieldMetadata.<init>;143;isAccessible=true;
Field.get*;<water.api.schemas3.ParseSetupV3: java.lang.String[][] data>;water.api.SchemaMetadata$FieldMetadata.<init>;143;isAccessible=true;
Field.get*;<water.api.schemas3.ParseSetupV3: java.lang.String[][] na_strings>;water.api.SchemaMetadata$FieldMetadata.<init>;143;isAccessible=true;
Field.get*;<water.api.schemas3.ParseSetupV3: long header_lines>;water.api.SchemaMetadata$FieldMetadata.<init>;143;isAccessible=true;
Field.get*;<water.api.schemas3.ParseSetupV3: water.api.schemas3.KeyV3$DecryptionToolKeyV3 decrypt_tool>;water.api.SchemaMetadata$FieldMetadata.<init>;143;isAccessible=true;
Field.get*;<water.api.schemas3.ParseSetupV3: water.api.schemas3.KeyV3$FrameKeyV3[] source_frames>;water.api.SchemaMetadata$FieldMetadata.<init>;143;isAccessible=true;
Field.get*;<water.api.schemas3.ParseV3: boolean blocking>;water.api.SchemaMetadata$FieldMetadata.<init>;143;isAccessible=true;
Field.get*;<water.api.schemas3.ParseV3: boolean delete_on_done>;water.api.SchemaMetadata$FieldMetadata.<init>;143;isAccessible=true;
Field.get*;<water.api.schemas3.ParseV3: boolean single_quotes>;water.api.SchemaMetadata$FieldMetadata.<init>;143;isAccessible=true;
Field.get*;<water.api.schemas3.ParseV3: byte escapechar>;water.api.SchemaMetadata$FieldMetadata.<init>;143;isAccessible=true;
Field.get*;<water.api.schemas3.ParseV3: byte separator>;water.api.SchemaMetadata$FieldMetadata.<init>;143;isAccessible=true;
Field.get*;<water.api.schemas3.ParseV3: int check_header>;water.api.SchemaMetadata$FieldMetadata.<init>;143;isAccessible=true;
Field.get*;<water.api.schemas3.ParseV3: int chunk_size>;water.api.SchemaMetadata$FieldMetadata.<init>;143;isAccessible=true;
Field.get*;<water.api.schemas3.ParseV3: int number_columns>;water.api.SchemaMetadata$FieldMetadata.<init>;143;isAccessible=true;
Field.get*;<water.api.schemas3.ParseV3: int[] skipped_columns>;water.api.SchemaMetadata$FieldMetadata.<init>;143;isAccessible=true;
Field.get*;<water.api.schemas3.ParseV3: java.lang.String custom_non_data_line_markers>;water.api.SchemaMetadata$FieldMetadata.<init>;143;isAccessible=true;
Field.get*;<water.api.schemas3.ParseV3: java.lang.String parse_type>;water.api.SchemaMetadata$FieldMetadata.<init>;143;isAccessible=true;
Field.get*;<water.api.schemas3.ParseV3: java.lang.String[] column_names>;water.api.SchemaMetadata$FieldMetadata.<init>;143;isAccessible=true;
Field.get*;<water.api.schemas3.ParseV3: java.lang.String[] column_types>;water.api.SchemaMetadata$FieldMetadata.<init>;143;isAccessible=true;
Field.get*;<water.api.schemas3.ParseV3: java.lang.String[] partition_by>;water.api.SchemaMetadata$FieldMetadata.<init>;143;isAccessible=true;
Field.get*;<water.api.schemas3.ParseV3: java.lang.String[][] domains>;water.api.SchemaMetadata$FieldMetadata.<init>;143;isAccessible=true;
Field.get*;<water.api.schemas3.ParseV3: java.lang.String[][] na_strings>;water.api.SchemaMetadata$FieldMetadata.<init>;143;isAccessible=true;
Field.get*;<water.api.schemas3.ParseV3: long rows>;water.api.SchemaMetadata$FieldMetadata.<init>;143;isAccessible=true;
Field.get*;<water.api.schemas3.ParseV3: water.api.schemas3.JobV3 job>;water.api.SchemaMetadata$FieldMetadata.<init>;143;isAccessible=true;
Field.get*;<water.api.schemas3.ParseV3: water.api.schemas3.KeyV3$DecryptionToolKeyV3 decrypt_tool>;water.api.SchemaMetadata$FieldMetadata.<init>;143;isAccessible=true;
Field.get*;<water.api.schemas3.ParseV3: water.api.schemas3.KeyV3$FrameKeyV3 destination_frame>;water.api.SchemaMetadata$FieldMetadata.<init>;143;isAccessible=true;
Field.get*;<water.api.schemas3.ParseV3: water.api.schemas3.KeyV3$FrameKeyV3[] source_frames>;water.api.SchemaMetadata$FieldMetadata.<init>;143;isAccessible=true;
Field.get*;<water.api.schemas3.PartialDependenceV3: boolean add_missing_na>;water.api.SchemaMetadata$FieldMetadata.<init>;143;isAccessible=true;
Field.get*;<water.api.schemas3.PartialDependenceV3: double[] user_splits>;water.api.SchemaMetadata$FieldMetadata.<init>;143;isAccessible=true;
Field.get*;<water.api.schemas3.PartialDependenceV3: int nbins>;water.api.SchemaMetadata$FieldMetadata.<init>;143;isAccessible=true;
Field.get*;<water.api.schemas3.PartialDependenceV3: int weight_column_index>;water.api.SchemaMetadata$FieldMetadata.<init>;143;isAccessible=true;
Field.get*;<water.api.schemas3.PartialDependenceV3: int[] num_user_splits>;water.api.SchemaMetadata$FieldMetadata.<init>;143;isAccessible=true;
Field.get*;<water.api.schemas3.PartialDependenceV3: java.lang.String[] cols>;water.api.SchemaMetadata$FieldMetadata.<init>;143;isAccessible=true;
Field.get*;<water.api.schemas3.PartialDependenceV3: java.lang.String[] targets>;water.api.SchemaMetadata$FieldMetadata.<init>;143;isAccessible=true;
Field.get*;<water.api.schemas3.PartialDependenceV3: java.lang.String[] user_cols>;water.api.SchemaMetadata$FieldMetadata.<init>;143;isAccessible=true;
Field.get*;<water.api.schemas3.PartialDependenceV3: java.lang.String[][] col_pairs_2dpdp>;water.api.SchemaMetadata$FieldMetadata.<init>;143;isAccessible=true;
Field.get*;<water.api.schemas3.PartialDependenceV3: long row_index>;water.api.SchemaMetadata$FieldMetadata.<init>;143;isAccessible=true;
Field.get*;<water.api.schemas3.PartialDependenceV3: water.api.schemas3.KeyV3$FrameKeyV3 frame_id>;water.api.SchemaMetadata$FieldMetadata.<init>;143;isAccessible=true;
Field.get*;<water.api.schemas3.PartialDependenceV3: water.api.schemas3.KeyV3$ModelKeyV3 model_id>;water.api.SchemaMetadata$FieldMetadata.<init>;143;isAccessible=true;
Field.get*;<water.api.schemas3.PartialDependenceV3: water.api.schemas3.KeyV3$PartialDependenceKeyV3 destination_key>;water.api.SchemaMetadata$FieldMetadata.<init>;143;isAccessible=true;
Field.get*;<water.api.schemas3.PartialDependenceV3: water.api.schemas3.TwoDimTableV3[] partial_dependence_data>;water.api.SchemaMetadata$FieldMetadata.<init>;143;isAccessible=true;
Field.get*;<water.api.schemas3.PingV3$NodeMemoryInfoV3: java.lang.String ip_port>;water.api.SchemaMetadata$FieldMetadata.<init>;143;isAccessible=true;
Field.get*;<water.api.schemas3.PingV3$NodeMemoryInfoV3: long free_mem>;water.api.SchemaMetadata$FieldMetadata.<init>;143;isAccessible=true;
Field.get*;<water.api.schemas3.PingV3: boolean cloud_healthy>;water.api.SchemaMetadata$FieldMetadata.<init>;143;isAccessible=true;
Field.get*;<water.api.schemas3.PingV3: long cloud_uptime_millis>;water.api.SchemaMetadata$FieldMetadata.<init>;143;isAccessible=true;
Field.get*;<water.api.schemas3.PingV3: water.api.schemas3.PingV3$NodeMemoryInfoV3[] nodes>;water.api.SchemaMetadata$FieldMetadata.<init>;143;isAccessible=true;
Field.get*;<water.api.schemas3.ProfilerNodeV3$ProfilerNodeEntryV3: int count>;water.api.SchemaMetadata$FieldMetadata.<init>;143;isAccessible=true;
Field.get*;<water.api.schemas3.ProfilerNodeV3$ProfilerNodeEntryV3: java.lang.String stacktrace>;water.api.SchemaMetadata$FieldMetadata.<init>;143;isAccessible=true;
Field.get*;<water.api.schemas3.ProfilerNodeV3: java.lang.String node_name>;water.api.SchemaMetadata$FieldMetadata.<init>;143;isAccessible=true;
Field.get*;<water.api.schemas3.ProfilerNodeV3: long timestamp>;water.api.SchemaMetadata$FieldMetadata.<init>;143;isAccessible=true;
Field.get*;<water.api.schemas3.ProfilerNodeV3: water.api.schemas3.ProfilerNodeV3$ProfilerNodeEntryV3[] entries>;water.api.SchemaMetadata$FieldMetadata.<init>;143;isAccessible=true;
Field.get*;<water.api.schemas3.ProfilerV3: int depth>;water.api.SchemaMetadata$FieldMetadata.<init>;143;isAccessible=true;
Field.get*;<water.api.schemas3.ProfilerV3: water.api.schemas3.ProfilerNodeV3[] nodes>;water.api.SchemaMetadata$FieldMetadata.<init>;143;isAccessible=true;
Field.get*;<water.api.schemas3.RapidsFrameV3: int num_cols>;water.api.SchemaMetadata$FieldMetadata.<init>;143;isAccessible=true;
Field.get*;<water.api.schemas3.RapidsFrameV3: long num_rows>;water.api.SchemaMetadata$FieldMetadata.<init>;143;isAccessible=true;
Field.get*;<water.api.schemas3.RapidsFrameV3: water.api.schemas3.KeyV3$FrameKeyV3 key>;water.api.SchemaMetadata$FieldMetadata.<init>;143;isAccessible=true;
Field.get*;<water.api.schemas3.RapidsFunctionV3: java.lang.String funstr>;water.api.SchemaMetadata$FieldMetadata.<init>;143;isAccessible=true;
Field.get*;<water.api.schemas3.RapidsHelpV3$RapidsExpressionV3: java.lang.String description>;water.api.SchemaMetadata$FieldMetadata.<init>;143;isAccessible=true;
Field.get*;<water.api.schemas3.RapidsHelpV3$RapidsExpressionV3: java.lang.String name>;water.api.SchemaMetadata$FieldMetadata.<init>;143;isAccessible=true;
Field.get*;<water.api.schemas3.RapidsHelpV3$RapidsExpressionV3: java.lang.String pattern>;water.api.SchemaMetadata$FieldMetadata.<init>;143;isAccessible=true;
Field.get*;<water.api.schemas3.RapidsHelpV3: water.api.schemas3.RapidsHelpV3$RapidsExpressionV3[] expressions>;water.api.SchemaMetadata$FieldMetadata.<init>;143;isAccessible=true;
Field.get*;<water.api.schemas3.RapidsMapFrameV3: water.api.schemas3.RapidsFrameV3[] frames>;water.api.SchemaMetadata$FieldMetadata.<init>;143;isAccessible=true;
Field.get*;<water.api.schemas3.RapidsMapFrameV3: water.api.schemas3.RapidsStringsV3 map_keys>;water.api.SchemaMetadata$FieldMetadata.<init>;143;isAccessible=true;
Field.get*;<water.api.schemas3.RapidsNumberV3: double scalar>;water.api.SchemaMetadata$FieldMetadata.<init>;143;isAccessible=true;
Field.get*;<water.api.schemas3.RapidsNumbersV3: double[] scalar>;water.api.SchemaMetadata$FieldMetadata.<init>;143;isAccessible=true;
Field.get*;<water.api.schemas3.RapidsSchemaV3: java.lang.String ast>;water.api.SchemaMetadata$FieldMetadata.<init>;143;isAccessible=true;
Field.get*;<water.api.schemas3.RapidsSchemaV3: java.lang.String id>;water.api.SchemaMetadata$FieldMetadata.<init>;143;isAccessible=true;
Field.get*;<water.api.schemas3.RapidsSchemaV3: java.lang.String session_id>;water.api.SchemaMetadata$FieldMetadata.<init>;143;isAccessible=true;
Field.get*;<water.api.schemas3.RapidsStringV3: java.lang.String string>;water.api.SchemaMetadata$FieldMetadata.<init>;143;isAccessible=true;
Field.get*;<water.api.schemas3.RapidsStringsV3: java.lang.String[] string>;water.api.SchemaMetadata$FieldMetadata.<init>;143;isAccessible=true;
Field.get*;<water.api.schemas3.RemoveAllV3: water.api.schemas3.KeyV3[] retained_keys>;water.api.SchemaMetadata$FieldMetadata.<init>;143;isAccessible=true;
Field.get*;<water.api.schemas3.RemoveV3: boolean cascade>;water.api.SchemaMetadata$FieldMetadata.<init>;143;isAccessible=true;
Field.get*;<water.api.schemas3.RemoveV3: water.api.schemas3.KeyV3 key>;water.api.SchemaMetadata$FieldMetadata.<init>;143;isAccessible=true;
Field.get*;<water.api.schemas3.RequestSchemaV3: java.lang.String _exclude_fields>;water.api.SchemaMetadata$FieldMetadata.<init>;143;isAccessible=true;
Field.get*;<water.api.schemas3.RouteV3: java.lang.String api_name>;water.api.SchemaMetadata$FieldMetadata.<init>;143;isAccessible=true;
Field.get*;<water.api.schemas3.RouteV3: java.lang.String handler_class>;water.api.SchemaMetadata$FieldMetadata.<init>;143;isAccessible=true;
Field.get*;<water.api.schemas3.RouteV3: java.lang.String handler_method>;water.api.SchemaMetadata$FieldMetadata.<init>;143;isAccessible=true;
Field.get*;<water.api.schemas3.RouteV3: java.lang.String http_method>;water.api.SchemaMetadata$FieldMetadata.<init>;143;isAccessible=true;
Field.get*;<water.api.schemas3.RouteV3: java.lang.String input_schema>;water.api.SchemaMetadata$FieldMetadata.<init>;143;isAccessible=true;
Field.get*;<water.api.schemas3.RouteV3: java.lang.String markdown>;water.api.SchemaMetadata$FieldMetadata.<init>;143;isAccessible=true;
Field.get*;<water.api.schemas3.RouteV3: java.lang.String output_schema>;water.api.SchemaMetadata$FieldMetadata.<init>;143;isAccessible=true;
Field.get*;<water.api.schemas3.RouteV3: java.lang.String summary>;water.api.SchemaMetadata$FieldMetadata.<init>;143;isAccessible=true;
Field.get*;<water.api.schemas3.RouteV3: java.lang.String url_pattern>;water.api.SchemaMetadata$FieldMetadata.<init>;143;isAccessible=true;
Field.get*;<water.api.schemas3.RouteV3: java.lang.String[] path_params>;water.api.SchemaMetadata$FieldMetadata.<init>;143;isAccessible=true;
Field.get*;<water.api.schemas3.SaveToHiveTableV3: java.lang.String jdbc_url>;water.api.SchemaMetadata$FieldMetadata.<init>;143;isAccessible=true;
Field.get*;<water.api.schemas3.SaveToHiveTableV3: java.lang.String table_name>;water.api.SchemaMetadata$FieldMetadata.<init>;143;isAccessible=true;
Field.get*;<water.api.schemas3.SaveToHiveTableV3: java.lang.String table_path>;water.api.SchemaMetadata$FieldMetadata.<init>;143;isAccessible=true;
Field.get*;<water.api.schemas3.SaveToHiveTableV3: java.lang.String tmp_path>;water.api.SchemaMetadata$FieldMetadata.<init>;143;isAccessible=true;
Field.get*;<water.api.schemas3.SaveToHiveTableV3: water.api.SaveToHiveTableHandler$HiveFrameSaver$Format format>;water.api.SchemaMetadata$FieldMetadata.<init>;143;isAccessible=true;
Field.get*;<water.api.schemas3.SaveToHiveTableV3: water.api.schemas3.KeyV3$FrameKeyV3 frame_id>;water.api.SchemaMetadata$FieldMetadata.<init>;143;isAccessible=true;
Field.get*;<water.api.schemas3.SchemaMetadataV3: int version>;water.api.SchemaMetadata$FieldMetadata.<init>;143;isAccessible=true;
Field.get*;<water.api.schemas3.SchemaMetadataV3: java.lang.String label>;water.api.SchemaMetadata$FieldMetadata.<init>;143;isAccessible=true;
Field.get*;<water.api.schemas3.SchemaMetadataV3: java.lang.String markdown>;water.api.SchemaMetadata$FieldMetadata.<init>;143;isAccessible=true;
Field.get*;<water.api.schemas3.SchemaMetadataV3: java.lang.String name>;water.api.SchemaMetadata$FieldMetadata.<init>;143;isAccessible=true;
Field.get*;<water.api.schemas3.SchemaMetadataV3: java.lang.String superclass>;water.api.SchemaMetadata$FieldMetadata.<init>;143;isAccessible=true;
Field.get*;<water.api.schemas3.SchemaMetadataV3: java.lang.String type>;water.api.SchemaMetadata$FieldMetadata.<init>;143;isAccessible=true;
Field.get*;<water.api.schemas3.SchemaMetadataV3: water.api.schemas3.FieldMetadataV3[] fields>;water.api.SchemaMetadata$FieldMetadata.<init>;143;isAccessible=true;
Field.get*;<water.api.schemas3.SchemaV3: water.api.schemas3.SchemaV3$Meta __meta>;water.api.SchemaMetadata$FieldMetadata.<init>;143;isAccessible=true;
Field.get*;<water.api.schemas3.SegmentModelsParametersV3: int parallelism>;water.api.SchemaMetadata$FieldMetadata.<init>;143;isAccessible=true;
Field.get*;<water.api.schemas3.SegmentModelsParametersV3: java.lang.String[] segment_columns>;water.api.SchemaMetadata$FieldMetadata.<init>;143;isAccessible=true;
Field.get*;<water.api.schemas3.SegmentModelsParametersV3: water.api.schemas3.KeyV3$FrameKeyV3 segments>;water.api.SchemaMetadata$FieldMetadata.<init>;143;isAccessible=true;
Field.get*;<water.api.schemas3.SegmentModelsParametersV3: water.api.schemas3.KeyV3$SegmentModelsKeyV3 segment_models_id>;water.api.SchemaMetadata$FieldMetadata.<init>;143;isAccessible=true;
Field.get*;<water.api.schemas3.SegmentModelsV3: water.api.schemas3.KeyV3$SegmentModelsKeyV3 segment_models_id>;water.api.SchemaMetadata$FieldMetadata.<init>;143;isAccessible=true;
Field.get*;<water.api.schemas3.SessionPropertyV3: java.lang.String key>;water.api.SchemaMetadata$FieldMetadata.<init>;143;isAccessible=true;
Field.get*;<water.api.schemas3.SessionPropertyV3: java.lang.String session_key>;water.api.SchemaMetadata$FieldMetadata.<init>;143;isAccessible=true;
Field.get*;<water.api.schemas3.SessionPropertyV3: java.lang.String value>;water.api.SchemaMetadata$FieldMetadata.<init>;143;isAccessible=true;
Field.get*;<water.api.schemas3.SignificantRulesV3: water.api.schemas3.KeyV3$ModelKeyV3 model_id>;water.api.SchemaMetadata$FieldMetadata.<init>;143;isAccessible=true;
Field.get*;<water.api.schemas3.SignificantRulesV3: water.api.schemas3.TwoDimTableV3 significant_rules_table>;water.api.SchemaMetadata$FieldMetadata.<init>;143;isAccessible=true;
Field.get*;<water.api.schemas3.SplitFrameV3: double[] ratios>;water.api.SchemaMetadata$FieldMetadata.<init>;143;isAccessible=true;
Field.get*;<water.api.schemas3.SplitFrameV3: water.api.schemas3.KeyV3$FrameKeyV3 dataset>;water.api.SchemaMetadata$FieldMetadata.<init>;143;isAccessible=true;
Field.get*;<water.api.schemas3.SplitFrameV3: water.api.schemas3.KeyV3$FrameKeyV3[] destination_frames>;water.api.SchemaMetadata$FieldMetadata.<init>;143;isAccessible=true;
Field.get*;<water.api.schemas3.SplitFrameV3: water.api.schemas3.KeyV3$JobKeyV3 key>;water.api.SchemaMetadata$FieldMetadata.<init>;143;isAccessible=true;
Field.get*;<water.api.schemas3.SteamMetricsV3: long idle_millis>;water.api.SchemaMetadata$FieldMetadata.<init>;143;isAccessible=true;
Field.get*;<water.api.schemas3.SteamMetricsV3: long version>;water.api.SchemaMetadata$FieldMetadata.<init>;143;isAccessible=true;
Field.get*;<water.api.schemas3.StringPairV3: java.lang.String a>;water.api.SchemaMetadata$FieldMetadata.<init>;143;isAccessible=true;
Field.get*;<water.api.schemas3.StringPairV3: java.lang.String b>;water.api.SchemaMetadata$FieldMetadata.<init>;143;isAccessible=true;
Field.get*;<water.api.schemas3.TabulateV3: int nbins_predictor>;water.api.SchemaMetadata$FieldMetadata.<init>;143;isAccessible=true;
Field.get*;<water.api.schemas3.TabulateV3: int nbins_response>;water.api.SchemaMetadata$FieldMetadata.<init>;143;isAccessible=true;
Field.get*;<water.api.schemas3.TabulateV3: water.api.schemas3.FrameV3$ColSpecifierV3 predictor>;water.api.SchemaMetadata$FieldMetadata.<init>;143;isAccessible=true;
Field.get*;<water.api.schemas3.TabulateV3: water.api.schemas3.FrameV3$ColSpecifierV3 response>;water.api.SchemaMetadata$FieldMetadata.<init>;143;isAccessible=true;
Field.get*;<water.api.schemas3.TabulateV3: water.api.schemas3.FrameV3$ColSpecifierV3 weight>;water.api.SchemaMetadata$FieldMetadata.<init>;143;isAccessible=true;
Field.get*;<water.api.schemas3.TabulateV3: water.api.schemas3.KeyV3$FrameKeyV3 dataset>;water.api.SchemaMetadata$FieldMetadata.<init>;143;isAccessible=true;
Field.get*;<water.api.schemas3.TabulateV3: water.api.schemas3.TwoDimTableV3 count_table>;water.api.SchemaMetadata$FieldMetadata.<init>;143;isAccessible=true;
Field.get*;<water.api.schemas3.TabulateV3: water.api.schemas3.TwoDimTableV3 response_table>;water.api.SchemaMetadata$FieldMetadata.<init>;143;isAccessible=true;
Field.get*;<water.api.schemas3.TimelineV3$EventV3: java.lang.String date>;water.api.SchemaMetadata$FieldMetadata.<init>;143;isAccessible=true;
Field.get*;<water.api.schemas3.TimelineV3$EventV3: long nanos>;water.api.SchemaMetadata$FieldMetadata.<init>;143;isAccessible=true;
Field.get*;<water.api.schemas3.TimelineV3$EventV3: water.api.schemas3.TimelineV3$EventV3$EventType type>;water.api.SchemaMetadata$FieldMetadata.<init>;143;isAccessible=true;
Field.get*;<water.api.schemas3.TimelineV3$HeartBeatEvent: int recvs>;water.api.SchemaMetadata$FieldMetadata.<init>;143;isAccessible=true;
Field.get*;<water.api.schemas3.TimelineV3$HeartBeatEvent: int sends>;water.api.SchemaMetadata$FieldMetadata.<init>;143;isAccessible=true;
Field.get*;<water.api.schemas3.TimelineV3$IOEvent: java.lang.String data>;water.api.SchemaMetadata$FieldMetadata.<init>;143;isAccessible=true;
Field.get*;<water.api.schemas3.TimelineV3$IOEvent: java.lang.String io_flavor>;water.api.SchemaMetadata$FieldMetadata.<init>;143;isAccessible=true;
Field.get*;<water.api.schemas3.TimelineV3$IOEvent: java.lang.String node>;water.api.SchemaMetadata$FieldMetadata.<init>;143;isAccessible=true;
Field.get*;<water.api.schemas3.TimelineV3$NetworkEvent: boolean is_send>;water.api.SchemaMetadata$FieldMetadata.<init>;143;isAccessible=true;
Field.get*;<water.api.schemas3.TimelineV3$NetworkEvent: java.lang.String data>;water.api.SchemaMetadata$FieldMetadata.<init>;143;isAccessible=true;
Field.get*;<water.api.schemas3.TimelineV3$NetworkEvent: java.lang.String from>;water.api.SchemaMetadata$FieldMetadata.<init>;143;isAccessible=true;
Field.get*;<water.api.schemas3.TimelineV3$NetworkEvent: java.lang.String msg_type>;water.api.SchemaMetadata$FieldMetadata.<init>;143;isAccessible=true;
Field.get*;<water.api.schemas3.TimelineV3$NetworkEvent: java.lang.String protocol>;water.api.SchemaMetadata$FieldMetadata.<init>;143;isAccessible=true;
Field.get*;<water.api.schemas3.TimelineV3$NetworkEvent: java.lang.String to>;water.api.SchemaMetadata$FieldMetadata.<init>;143;isAccessible=true;
Field.get*;<water.api.schemas3.TimelineV3: java.lang.String self>;water.api.SchemaMetadata$FieldMetadata.<init>;143;isAccessible=true;
Field.get*;<water.api.schemas3.TimelineV3: long now>;water.api.SchemaMetadata$FieldMetadata.<init>;143;isAccessible=true;
Field.get*;<water.api.schemas3.TimelineV3: water.api.schemas3.TimelineV3$EventV3[] events>;water.api.SchemaMetadata$FieldMetadata.<init>;143;isAccessible=true;
Field.get*;<water.api.schemas3.TwoDimTableV3$ColumnSpecsBase: java.lang.String description>;water.api.SchemaMetadata$FieldMetadata.<init>;143;isAccessible=true;
Field.get*;<water.api.schemas3.TwoDimTableV3$ColumnSpecsBase: java.lang.String format>;water.api.SchemaMetadata$FieldMetadata.<init>;143;isAccessible=true;
Field.get*;<water.api.schemas3.TwoDimTableV3$ColumnSpecsBase: java.lang.String name>;water.api.SchemaMetadata$FieldMetadata.<init>;143;isAccessible=true;
Field.get*;<water.api.schemas3.TwoDimTableV3$ColumnSpecsBase: java.lang.String type>;water.api.SchemaMetadata$FieldMetadata.<init>;143;isAccessible=true;
Field.get*;<water.api.schemas3.TwoDimTableV3: int rowcount>;water.api.SchemaMetadata$FieldMetadata.<init>;143;isAccessible=true;
Field.get*;<water.api.schemas3.TwoDimTableV3: java.lang.String description>;water.api.SchemaMetadata$FieldMetadata.<init>;143;isAccessible=true;
Field.get*;<water.api.schemas3.TwoDimTableV3: java.lang.String name>;water.api.SchemaMetadata$FieldMetadata.<init>;143;isAccessible=true;
Field.get*;<water.api.schemas3.TwoDimTableV3: water.IcedWrapper[][] data>;water.api.SchemaMetadata$FieldMetadata.<init>;143;isAccessible=true;
Field.get*;<water.api.schemas3.TwoDimTableV3: water.api.schemas3.TwoDimTableV3$ColumnSpecsBase[] columns>;water.api.SchemaMetadata$FieldMetadata.<init>;143;isAccessible=true;
Field.get*;<water.api.schemas3.TypeaheadV3: int limit>;water.api.SchemaMetadata$FieldMetadata.<init>;143;isAccessible=true;
Field.get*;<water.api.schemas3.TypeaheadV3: java.lang.String src>;water.api.SchemaMetadata$FieldMetadata.<init>;143;isAccessible=true;
Field.get*;<water.api.schemas3.TypeaheadV3: java.lang.String[] matches>;water.api.SchemaMetadata$FieldMetadata.<init>;143;isAccessible=true;
Field.get*;<water.api.schemas3.ValidationMessageV3: java.lang.String field_name>;water.api.SchemaMetadata$FieldMetadata.<init>;143;isAccessible=true;
Field.get*;<water.api.schemas3.ValidationMessageV3: java.lang.String message>;water.api.SchemaMetadata$FieldMetadata.<init>;143;isAccessible=true;
Field.get*;<water.api.schemas3.ValidationMessageV3: java.lang.String message_type>;water.api.SchemaMetadata$FieldMetadata.<init>;143;isAccessible=true;
Field.get*;<water.api.schemas3.VarImpV3: float[] varimp>;water.api.SchemaMetadata$FieldMetadata.<init>;143;isAccessible=true;
Field.get*;<water.api.schemas3.VarImpV3: java.lang.String[] names>;water.api.SchemaMetadata$FieldMetadata.<init>;143;isAccessible=true;
Field.get*;<water.api.schemas3.WaterMeterCpuTicksV3: int nodeidx>;water.api.SchemaMetadata$FieldMetadata.<init>;143;isAccessible=true;
Field.get*;<water.api.schemas3.WaterMeterCpuTicksV3: long[][] cpu_ticks>;water.api.SchemaMetadata$FieldMetadata.<init>;143;isAccessible=true;
Field.get*;<water.api.schemas3.WaterMeterIoV3: int nodeidx>;water.api.SchemaMetadata$FieldMetadata.<init>;143;isAccessible=true;
Field.get*;<water.api.schemas3.WaterMeterIoV3: water.util.WaterMeterIo$IoStatsEntry[] persist_stats>;water.api.SchemaMetadata$FieldMetadata.<init>;143;isAccessible=true;
Field.get*;<water.api.schemas4.EndpointV4: java.lang.String description>;water.api.SchemaMetadata$FieldMetadata.<init>;143;isAccessible=true;
Field.get*;<water.api.schemas4.EndpointV4: java.lang.String input_schema>;water.api.SchemaMetadata$FieldMetadata.<init>;143;isAccessible=true;
Field.get*;<water.api.schemas4.EndpointV4: java.lang.String name>;water.api.SchemaMetadata$FieldMetadata.<init>;143;isAccessible=true;
Field.get*;<water.api.schemas4.EndpointV4: java.lang.String output_schema>;water.api.SchemaMetadata$FieldMetadata.<init>;143;isAccessible=true;
Field.get*;<water.api.schemas4.EndpointV4: java.lang.String url>;water.api.SchemaMetadata$FieldMetadata.<init>;143;isAccessible=true;
Field.get*;<water.api.schemas4.EndpointsListV4: water.api.schemas4.EndpointV4[] endpoints>;water.api.SchemaMetadata$FieldMetadata.<init>;143;isAccessible=true;
Field.get*;<water.api.schemas4.InputSchemaV4: java.lang.String _fields>;water.api.SchemaMetadata$FieldMetadata.<init>;143;isAccessible=true;
Field.get*;<water.api.schemas4.ModelInfoV4: boolean have_mojo>;water.api.SchemaMetadata$FieldMetadata.<init>;143;isAccessible=true;
Field.get*;<water.api.schemas4.ModelInfoV4: boolean have_pojo>;water.api.SchemaMetadata$FieldMetadata.<init>;143;isAccessible=true;
Field.get*;<water.api.schemas4.ModelInfoV4: java.lang.String algo>;water.api.SchemaMetadata$FieldMetadata.<init>;143;isAccessible=true;
Field.get*;<water.api.schemas4.ModelInfoV4: java.lang.String maturity>;water.api.SchemaMetadata$FieldMetadata.<init>;143;isAccessible=true;
Field.get*;<water.api.schemas4.ModelInfoV4: java.lang.String mojo_version>;water.api.SchemaMetadata$FieldMetadata.<init>;143;isAccessible=true;
Field.get*;<water.api.schemas4.ModelsInfoV4: water.api.schemas4.ModelInfoV4[] models>;water.api.SchemaMetadata$FieldMetadata.<init>;143;isAccessible=true;
Field.get*;<water.api.schemas4.OutputSchemaV4: java.lang.String __schema>;water.api.SchemaMetadata$FieldMetadata.<init>;143;isAccessible=true;
Field.get*;<water.api.schemas4.SessionIdV4: java.lang.String session_key>;water.api.SchemaMetadata$FieldMetadata.<init>;143;isAccessible=true;
Field.get*;<water.api.schemas4.input.CreateFrameOriginalIV4: boolean has_response>;water.api.SchemaMetadata$FieldMetadata.<init>;143;isAccessible=true;
Field.get*;<water.api.schemas4.input.CreateFrameOriginalIV4: boolean positive_response>;water.api.SchemaMetadata$FieldMetadata.<init>;143;isAccessible=true;
Field.get*;<water.api.schemas4.input.CreateFrameOriginalIV4: boolean randomize>;water.api.SchemaMetadata$FieldMetadata.<init>;143;isAccessible=true;
Field.get*;<water.api.schemas4.input.CreateFrameOriginalIV4: double binary_fraction>;water.api.SchemaMetadata$FieldMetadata.<init>;143;isAccessible=true;
Field.get*;<water.api.schemas4.input.CreateFrameOriginalIV4: double binary_ones_fraction>;water.api.SchemaMetadata$FieldMetadata.<init>;143;isAccessible=true;
Field.get*;<water.api.schemas4.input.CreateFrameOriginalIV4: double categorical_fraction>;water.api.SchemaMetadata$FieldMetadata.<init>;143;isAccessible=true;
Field.get*;<water.api.schemas4.input.CreateFrameOriginalIV4: double integer_fraction>;water.api.SchemaMetadata$FieldMetadata.<init>;143;isAccessible=true;
Field.get*;<water.api.schemas4.input.CreateFrameOriginalIV4: double missing_fraction>;water.api.SchemaMetadata$FieldMetadata.<init>;143;isAccessible=true;
Field.get*;<water.api.schemas4.input.CreateFrameOriginalIV4: double real_range>;water.api.SchemaMetadata$FieldMetadata.<init>;143;isAccessible=true;
Field.get*;<water.api.schemas4.input.CreateFrameOriginalIV4: double string_fraction>;water.api.SchemaMetadata$FieldMetadata.<init>;143;isAccessible=true;
Field.get*;<water.api.schemas4.input.CreateFrameOriginalIV4: double time_fraction>;water.api.SchemaMetadata$FieldMetadata.<init>;143;isAccessible=true;
Field.get*;<water.api.schemas4.input.CreateFrameOriginalIV4: int cols>;water.api.SchemaMetadata$FieldMetadata.<init>;143;isAccessible=true;
Field.get*;<water.api.schemas4.input.CreateFrameOriginalIV4: int factors>;water.api.SchemaMetadata$FieldMetadata.<init>;143;isAccessible=true;
Field.get*;<water.api.schemas4.input.CreateFrameOriginalIV4: int integer_range>;water.api.SchemaMetadata$FieldMetadata.<init>;143;isAccessible=true;
Field.get*;<water.api.schemas4.input.CreateFrameOriginalIV4: int response_factors>;water.api.SchemaMetadata$FieldMetadata.<init>;143;isAccessible=true;
Field.get*;<water.api.schemas4.input.CreateFrameOriginalIV4: int rows>;water.api.SchemaMetadata$FieldMetadata.<init>;143;isAccessible=true;
Field.get*;<water.api.schemas4.input.CreateFrameOriginalIV4: long seed>;water.api.SchemaMetadata$FieldMetadata.<init>;143;isAccessible=true;
Field.get*;<water.api.schemas4.input.CreateFrameOriginalIV4: long value>;water.api.SchemaMetadata$FieldMetadata.<init>;143;isAccessible=true;
Field.get*;<water.api.schemas4.input.CreateFrameOriginalIV4: water.api.schemas3.KeyV3$FrameKeyV3 dest>;water.api.SchemaMetadata$FieldMetadata.<init>;143;isAccessible=true;
Field.get*;<water.api.schemas4.input.CreateFrameSimpleIV4: double bool_p>;water.api.SchemaMetadata$FieldMetadata.<init>;143;isAccessible=true;
Field.get*;<water.api.schemas4.input.CreateFrameSimpleIV4: double missing_fraction>;water.api.SchemaMetadata$FieldMetadata.<init>;143;isAccessible=true;
Field.get*;<water.api.schemas4.input.CreateFrameSimpleIV4: double real_lb>;water.api.SchemaMetadata$FieldMetadata.<init>;143;isAccessible=true;
Field.get*;<water.api.schemas4.input.CreateFrameSimpleIV4: double real_ub>;water.api.SchemaMetadata$FieldMetadata.<init>;143;isAccessible=true;
Field.get*;<water.api.schemas4.input.CreateFrameSimpleIV4: double response_lb>;water.api.SchemaMetadata$FieldMetadata.<init>;143;isAccessible=true;
Field.get*;<water.api.schemas4.input.CreateFrameSimpleIV4: double response_p>;water.api.SchemaMetadata$FieldMetadata.<init>;143;isAccessible=true;
Field.get*;<water.api.schemas4.input.CreateFrameSimpleIV4: double response_ub>;water.api.SchemaMetadata$FieldMetadata.<init>;143;isAccessible=true;
Field.get*;<water.api.schemas4.input.CreateFrameSimpleIV4: hex.createframe.recipes.SimpleCreateFrameRecipe$ResponseType response_type>;water.api.SchemaMetadata$FieldMetadata.<init>;143;isAccessible=true;
Field.get*;<water.api.schemas4.input.CreateFrameSimpleIV4: int enum_nlevels>;water.api.SchemaMetadata$FieldMetadata.<init>;143;isAccessible=true;
Field.get*;<water.api.schemas4.input.CreateFrameSimpleIV4: int int_lb>;water.api.SchemaMetadata$FieldMetadata.<init>;143;isAccessible=true;
Field.get*;<water.api.schemas4.input.CreateFrameSimpleIV4: int int_ub>;water.api.SchemaMetadata$FieldMetadata.<init>;143;isAccessible=true;
Field.get*;<water.api.schemas4.input.CreateFrameSimpleIV4: int ncols_bool>;water.api.SchemaMetadata$FieldMetadata.<init>;143;isAccessible=true;
Field.get*;<water.api.schemas4.input.CreateFrameSimpleIV4: int ncols_enum>;water.api.SchemaMetadata$FieldMetadata.<init>;143;isAccessible=true;
Field.get*;<water.api.schemas4.input.CreateFrameSimpleIV4: int ncols_int>;water.api.SchemaMetadata$FieldMetadata.<init>;143;isAccessible=true;
Field.get*;<water.api.schemas4.input.CreateFrameSimpleIV4: int ncols_real>;water.api.SchemaMetadata$FieldMetadata.<init>;143;isAccessible=true;
Field.get*;<water.api.schemas4.input.CreateFrameSimpleIV4: int ncols_str>;water.api.SchemaMetadata$FieldMetadata.<init>;143;isAccessible=true;
Field.get*;<water.api.schemas4.input.CreateFrameSimpleIV4: int ncols_time>;water.api.SchemaMetadata$FieldMetadata.<init>;143;isAccessible=true;
Field.get*;<water.api.schemas4.input.CreateFrameSimpleIV4: int nrows>;water.api.SchemaMetadata$FieldMetadata.<init>;143;isAccessible=true;
Field.get*;<water.api.schemas4.input.CreateFrameSimpleIV4: int response_nlevels>;water.api.SchemaMetadata$FieldMetadata.<init>;143;isAccessible=true;
Field.get*;<water.api.schemas4.input.CreateFrameSimpleIV4: int str_length>;water.api.SchemaMetadata$FieldMetadata.<init>;143;isAccessible=true;
Field.get*;<water.api.schemas4.input.CreateFrameSimpleIV4: long seed>;water.api.SchemaMetadata$FieldMetadata.<init>;143;isAccessible=true;
Field.get*;<water.api.schemas4.input.CreateFrameSimpleIV4: long time_lb>;water.api.SchemaMetadata$FieldMetadata.<init>;143;isAccessible=true;
Field.get*;<water.api.schemas4.input.CreateFrameSimpleIV4: long time_ub>;water.api.SchemaMetadata$FieldMetadata.<init>;143;isAccessible=true;
Field.get*;<water.api.schemas4.input.CreateFrameSimpleIV4: water.api.schemas3.KeyV3$FrameKeyV3 dest>;water.api.SchemaMetadata$FieldMetadata.<init>;143;isAccessible=true;
Field.get*;<water.api.schemas4.input.JobIV4: java.lang.String job_id>;water.api.SchemaMetadata$FieldMetadata.<init>;143;isAccessible=true;
Field.get*;<water.api.schemas4.output.JobV4: float progress>;water.api.SchemaMetadata$FieldMetadata.<init>;143;isAccessible=true;
Field.get*;<water.api.schemas4.output.JobV4: java.lang.String exception>;water.api.SchemaMetadata$FieldMetadata.<init>;143;isAccessible=true;
Field.get*;<water.api.schemas4.output.JobV4: java.lang.String job_id>;water.api.SchemaMetadata$FieldMetadata.<init>;143;isAccessible=true;
Field.get*;<water.api.schemas4.output.JobV4: java.lang.String progress_msg>;water.api.SchemaMetadata$FieldMetadata.<init>;143;isAccessible=true;
Field.get*;<water.api.schemas4.output.JobV4: java.lang.String stacktrace>;water.api.SchemaMetadata$FieldMetadata.<init>;143;isAccessible=true;
Field.get*;<water.api.schemas4.output.JobV4: java.lang.String target_id>;water.api.SchemaMetadata$FieldMetadata.<init>;143;isAccessible=true;
Field.get*;<water.api.schemas4.output.JobV4: java.lang.String target_type>;water.api.SchemaMetadata$FieldMetadata.<init>;143;isAccessible=true;
Field.get*;<water.api.schemas4.output.JobV4: long duration>;water.api.SchemaMetadata$FieldMetadata.<init>;143;isAccessible=true;
Field.get*;<water.api.schemas4.output.JobV4: long start_time>;water.api.SchemaMetadata$FieldMetadata.<init>;143;isAccessible=true;
Field.get*;<water.api.schemas4.output.JobV4: water.api.schemas4.output.JobV4$Status status>;water.api.SchemaMetadata$FieldMetadata.<init>;143;isAccessible=true;
Field.get*;<water.api.schemas99.AssemblyV99: java.lang.String assembly_id>;water.api.SchemaMetadata$FieldMetadata.<init>;143;isAccessible=true;
Field.get*;<water.api.schemas99.AssemblyV99: java.lang.String file_name>;water.api.SchemaMetadata$FieldMetadata.<init>;143;isAccessible=true;
Field.get*;<water.api.schemas99.AssemblyV99: java.lang.String[] steps>;water.api.SchemaMetadata$FieldMetadata.<init>;143;isAccessible=true;
Field.get*;<water.api.schemas99.AssemblyV99: water.api.schemas3.KeyV3$AssemblyKeyV3 assembly>;water.api.SchemaMetadata$FieldMetadata.<init>;143;isAccessible=true;
Field.get*;<water.api.schemas99.AssemblyV99: water.api.schemas3.KeyV3$FrameKeyV3 frame>;water.api.SchemaMetadata$FieldMetadata.<init>;143;isAccessible=true;
Field.get*;<water.api.schemas99.AssemblyV99: water.api.schemas3.KeyV3$FrameKeyV3 result>;water.api.SchemaMetadata$FieldMetadata.<init>;143;isAccessible=true;
Field.get*;<water.api.schemas99.GridsV99: hex.schemas.GridSchemaV99[] grids>;water.api.SchemaMetadata$FieldMetadata.<init>;143;isAccessible=true;
Field.get*;<water.api.schemas99.RapidsV99: double scalar>;water.api.SchemaMetadata$FieldMetadata.<init>;143;isAccessible=true;
Field.get*;<water.api.schemas99.RapidsV99: int num_cols>;water.api.SchemaMetadata$FieldMetadata.<init>;143;isAccessible=true;
Field.get*;<water.api.schemas99.RapidsV99: java.lang.String ast>;water.api.SchemaMetadata$FieldMetadata.<init>;143;isAccessible=true;
Field.get*;<water.api.schemas99.RapidsV99: java.lang.String error>;water.api.SchemaMetadata$FieldMetadata.<init>;143;isAccessible=true;
Field.get*;<water.api.schemas99.RapidsV99: java.lang.String funstr>;water.api.SchemaMetadata$FieldMetadata.<init>;143;isAccessible=true;
Field.get*;<water.api.schemas99.RapidsV99: java.lang.String string>;water.api.SchemaMetadata$FieldMetadata.<init>;143;isAccessible=true;
Field.get*;<water.api.schemas99.RapidsV99: long num_rows>;water.api.SchemaMetadata$FieldMetadata.<init>;143;isAccessible=true;
Field.get*;<water.api.schemas99.RapidsV99: water.api.schemas3.KeyV3$FrameKeyV3 key>;water.api.SchemaMetadata$FieldMetadata.<init>;143;isAccessible=true;
Field.get*;<water.automl.api.schemas3.AutoMLBuildSpecV99$AutoMLBuildControlV99: boolean balance_classes>;water.api.SchemaMetadata$FieldMetadata.<init>;143;isAccessible=true;
Field.get*;<water.automl.api.schemas3.AutoMLBuildSpecV99$AutoMLBuildControlV99: boolean keep_cross_validation_fold_assignment>;water.api.SchemaMetadata$FieldMetadata.<init>;143;isAccessible=true;
Field.get*;<water.automl.api.schemas3.AutoMLBuildSpecV99$AutoMLBuildControlV99: boolean keep_cross_validation_models>;water.api.SchemaMetadata$FieldMetadata.<init>;143;isAccessible=true;
Field.get*;<water.automl.api.schemas3.AutoMLBuildSpecV99$AutoMLBuildControlV99: boolean keep_cross_validation_predictions>;water.api.SchemaMetadata$FieldMetadata.<init>;143;isAccessible=true;
Field.get*;<water.automl.api.schemas3.AutoMLBuildSpecV99$AutoMLBuildControlV99: double huber_alpha>;water.api.SchemaMetadata$FieldMetadata.<init>;143;isAccessible=true;
Field.get*;<water.automl.api.schemas3.AutoMLBuildSpecV99$AutoMLBuildControlV99: double quantile_alpha>;water.api.SchemaMetadata$FieldMetadata.<init>;143;isAccessible=true;
Field.get*;<water.automl.api.schemas3.AutoMLBuildSpecV99$AutoMLBuildControlV99: double tweedie_power>;water.api.SchemaMetadata$FieldMetadata.<init>;143;isAccessible=true;
Field.get*;<water.automl.api.schemas3.AutoMLBuildSpecV99$AutoMLBuildControlV99: float max_after_balance_size>;water.api.SchemaMetadata$FieldMetadata.<init>;143;isAccessible=true;
Field.get*;<water.automl.api.schemas3.AutoMLBuildSpecV99$AutoMLBuildControlV99: float[] class_sampling_factors>;water.api.SchemaMetadata$FieldMetadata.<init>;143;isAccessible=true;
Field.get*;<water.automl.api.schemas3.AutoMLBuildSpecV99$AutoMLBuildControlV99: hex.genmodel.utils.DistributionFamily distribution>;water.api.SchemaMetadata$FieldMetadata.<init>;143;isAccessible=true;
Field.get*;<water.automl.api.schemas3.AutoMLBuildSpecV99$AutoMLBuildControlV99: int nfolds>;water.api.SchemaMetadata$FieldMetadata.<init>;143;isAccessible=true;
Field.get*;<water.automl.api.schemas3.AutoMLBuildSpecV99$AutoMLBuildControlV99: java.lang.String custom_distribution_func>;water.api.SchemaMetadata$FieldMetadata.<init>;143;isAccessible=true;
Field.get*;<water.automl.api.schemas3.AutoMLBuildSpecV99$AutoMLBuildControlV99: java.lang.String export_checkpoints_dir>;water.api.SchemaMetadata$FieldMetadata.<init>;143;isAccessible=true;
Field.get*;<water.automl.api.schemas3.AutoMLBuildSpecV99$AutoMLBuildControlV99: java.lang.String project_name>;water.api.SchemaMetadata$FieldMetadata.<init>;143;isAccessible=true;
Field.get*;<water.automl.api.schemas3.AutoMLBuildSpecV99$AutoMLBuildControlV99: water.automl.api.schemas3.AutoMLBuildSpecV99$AutoMLStoppingCriteriaV99 stopping_criteria>;water.api.SchemaMetadata$FieldMetadata.<init>;143;isAccessible=true;
Field.get*;<water.automl.api.schemas3.AutoMLBuildSpecV99$AutoMLBuildModelsV99: ai.h2o.automl.Algo[] exclude_algos>;water.api.SchemaMetadata$FieldMetadata.<init>;143;isAccessible=true;
Field.get*;<water.automl.api.schemas3.AutoMLBuildSpecV99$AutoMLBuildModelsV99: ai.h2o.automl.Algo[] include_algos>;water.api.SchemaMetadata$FieldMetadata.<init>;143;isAccessible=true;
Field.get*;<water.automl.api.schemas3.AutoMLBuildSpecV99$AutoMLBuildModelsV99: double exploitation_ratio>;water.api.SchemaMetadata$FieldMetadata.<init>;143;isAccessible=true;
Field.get*;<water.automl.api.schemas3.AutoMLBuildSpecV99$AutoMLBuildModelsV99: water.api.schemas3.KeyValueV3[] monotone_constraints>;water.api.SchemaMetadata$FieldMetadata.<init>;143;isAccessible=true;
Field.get*;<water.automl.api.schemas3.AutoMLBuildSpecV99$AutoMLBuildModelsV99: water.automl.api.schemas3.AutoMLBuildSpecV99$AutoMLCustomParameterV99[] algo_parameters>;water.api.SchemaMetadata$FieldMetadata.<init>;143;isAccessible=true;
Field.get*;<water.automl.api.schemas3.AutoMLBuildSpecV99$AutoMLBuildModelsV99: water.automl.api.schemas3.PreprocessingStepDefinitionV99[] preprocessing>;water.api.SchemaMetadata$FieldMetadata.<init>;143;isAccessible=true;
Field.get*;<water.automl.api.schemas3.AutoMLBuildSpecV99$AutoMLBuildModelsV99: water.automl.api.schemas3.StepDefinitionV99[] modeling_plan>;water.api.SchemaMetadata$FieldMetadata.<init>;143;isAccessible=true;
Field.get*;<water.automl.api.schemas3.AutoMLBuildSpecV99$AutoMLCustomParameterV99: java.lang.String name>;water.api.SchemaMetadata$FieldMetadata.<init>;143;isAccessible=true;
Field.get*;<water.automl.api.schemas3.AutoMLBuildSpecV99$AutoMLCustomParameterV99: java.lang.String scope>;water.api.SchemaMetadata$FieldMetadata.<init>;143;isAccessible=true;
Field.get*;<water.automl.api.schemas3.AutoMLBuildSpecV99$AutoMLCustomParameterV99: water.util.JSONValue value>;water.api.SchemaMetadata$FieldMetadata.<init>;143;isAccessible=true;
Field.get*;<water.automl.api.schemas3.AutoMLBuildSpecV99$AutoMLInputV99: java.lang.String sort_metric>;water.api.SchemaMetadata$FieldMetadata.<init>;143;isAccessible=true;
Field.get*;<water.automl.api.schemas3.AutoMLBuildSpecV99$AutoMLInputV99: java.lang.String[] ignored_columns>;water.api.SchemaMetadata$FieldMetadata.<init>;143;isAccessible=true;
Field.get*;<water.automl.api.schemas3.AutoMLBuildSpecV99$AutoMLInputV99: water.api.schemas3.FrameV3$ColSpecifierV3 fold_column>;water.api.SchemaMetadata$FieldMetadata.<init>;143;isAccessible=true;
Field.get*;<water.automl.api.schemas3.AutoMLBuildSpecV99$AutoMLInputV99: water.api.schemas3.FrameV3$ColSpecifierV3 response_column>;water.api.SchemaMetadata$FieldMetadata.<init>;143;isAccessible=true;
Field.get*;<water.automl.api.schemas3.AutoMLBuildSpecV99$AutoMLInputV99: water.api.schemas3.FrameV3$ColSpecifierV3 weights_column>;water.api.SchemaMetadata$FieldMetadata.<init>;143;isAccessible=true;
Field.get*;<water.automl.api.schemas3.AutoMLBuildSpecV99$AutoMLInputV99: water.api.schemas3.KeyV3$FrameKeyV3 blending_frame>;water.api.SchemaMetadata$FieldMetadata.<init>;143;isAccessible=true;
Field.get*;<water.automl.api.schemas3.AutoMLBuildSpecV99$AutoMLInputV99: water.api.schemas3.KeyV3$FrameKeyV3 leaderboard_frame>;water.api.SchemaMetadata$FieldMetadata.<init>;143;isAccessible=true;
Field.get*;<water.automl.api.schemas3.AutoMLBuildSpecV99$AutoMLInputV99: water.api.schemas3.KeyV3$FrameKeyV3 training_frame>;water.api.SchemaMetadata$FieldMetadata.<init>;143;isAccessible=true;
Field.get*;<water.automl.api.schemas3.AutoMLBuildSpecV99$AutoMLInputV99: water.api.schemas3.KeyV3$FrameKeyV3 validation_frame>;water.api.SchemaMetadata$FieldMetadata.<init>;143;isAccessible=true;
Field.get*;<water.automl.api.schemas3.AutoMLBuildSpecV99$AutoMLStoppingCriteriaV99: double max_runtime_secs>;water.api.SchemaMetadata$FieldMetadata.<init>;143;isAccessible=true;
Field.get*;<water.automl.api.schemas3.AutoMLBuildSpecV99$AutoMLStoppingCriteriaV99: double max_runtime_secs_per_model>;water.api.SchemaMetadata$FieldMetadata.<init>;143;isAccessible=true;
Field.get*;<water.automl.api.schemas3.AutoMLBuildSpecV99$AutoMLStoppingCriteriaV99: double stopping_tolerance>;water.api.SchemaMetadata$FieldMetadata.<init>;143;isAccessible=true;
Field.get*;<water.automl.api.schemas3.AutoMLBuildSpecV99$AutoMLStoppingCriteriaV99: hex.ScoreKeeper$StoppingMetric stopping_metric>;water.api.SchemaMetadata$FieldMetadata.<init>;143;isAccessible=true;
Field.get*;<water.automl.api.schemas3.AutoMLBuildSpecV99$AutoMLStoppingCriteriaV99: int max_models>;water.api.SchemaMetadata$FieldMetadata.<init>;143;isAccessible=true;
Field.get*;<water.automl.api.schemas3.AutoMLBuildSpecV99$AutoMLStoppingCriteriaV99: int stopping_rounds>;water.api.SchemaMetadata$FieldMetadata.<init>;143;isAccessible=true;
Field.get*;<water.automl.api.schemas3.AutoMLBuildSpecV99$AutoMLStoppingCriteriaV99: long seed>;water.api.SchemaMetadata$FieldMetadata.<init>;143;isAccessible=true;
Field.get*;<water.automl.api.schemas3.AutoMLBuildSpecV99: water.api.schemas3.JobV3 job>;water.api.SchemaMetadata$FieldMetadata.<init>;143;isAccessible=true;
Field.get*;<water.automl.api.schemas3.AutoMLBuildSpecV99: water.automl.api.schemas3.AutoMLBuildSpecV99$AutoMLBuildControlV99 build_control>;water.api.SchemaMetadata$FieldMetadata.<init>;143;isAccessible=true;
Field.get*;<water.automl.api.schemas3.AutoMLBuildSpecV99: water.automl.api.schemas3.AutoMLBuildSpecV99$AutoMLBuildModelsV99 build_models>;water.api.SchemaMetadata$FieldMetadata.<init>;143;isAccessible=true;
Field.get*;<water.automl.api.schemas3.AutoMLBuildSpecV99: water.automl.api.schemas3.AutoMLBuildSpecV99$AutoMLInputV99 input_spec>;water.api.SchemaMetadata$FieldMetadata.<init>;143;isAccessible=true;
Field.get*;<water.automl.api.schemas3.AutoMLV99: java.lang.String project_name>;water.api.SchemaMetadata$FieldMetadata.<init>;143;isAccessible=true;
Field.get*;<water.automl.api.schemas3.AutoMLV99: java.lang.String sort_metric>;water.api.SchemaMetadata$FieldMetadata.<init>;143;isAccessible=true;
Field.get*;<water.automl.api.schemas3.AutoMLV99: water.api.schemas3.KeyV3$FrameKeyV3 blending_frame>;water.api.SchemaMetadata$FieldMetadata.<init>;143;isAccessible=true;
Field.get*;<water.automl.api.schemas3.AutoMLV99: water.api.schemas3.KeyV3$FrameKeyV3 leaderboard_frame>;water.api.SchemaMetadata$FieldMetadata.<init>;143;isAccessible=true;
Field.get*;<water.automl.api.schemas3.AutoMLV99: water.api.schemas3.KeyV3$FrameKeyV3 training_frame>;water.api.SchemaMetadata$FieldMetadata.<init>;143;isAccessible=true;
Field.get*;<water.automl.api.schemas3.AutoMLV99: water.api.schemas3.KeyV3$FrameKeyV3 validation_frame>;water.api.SchemaMetadata$FieldMetadata.<init>;143;isAccessible=true;
Field.get*;<water.automl.api.schemas3.AutoMLV99: water.api.schemas3.TwoDimTableV3 event_log_table>;water.api.SchemaMetadata$FieldMetadata.<init>;143;isAccessible=true;
Field.get*;<water.automl.api.schemas3.AutoMLV99: water.api.schemas3.TwoDimTableV3 leaderboard_table>;water.api.SchemaMetadata$FieldMetadata.<init>;143;isAccessible=true;
Field.get*;<water.automl.api.schemas3.AutoMLV99: water.automl.api.schemas3.AutoMLV99$AutoMLKeyV3 automl_id>;water.api.SchemaMetadata$FieldMetadata.<init>;143;isAccessible=true;
Field.get*;<water.automl.api.schemas3.AutoMLV99: water.automl.api.schemas3.EventLogV99 event_log>;water.api.SchemaMetadata$FieldMetadata.<init>;143;isAccessible=true;
Field.get*;<water.automl.api.schemas3.AutoMLV99: water.automl.api.schemas3.LeaderboardV99 leaderboard>;water.api.SchemaMetadata$FieldMetadata.<init>;143;isAccessible=true;
Field.get*;<water.automl.api.schemas3.AutoMLV99: water.automl.api.schemas3.StepDefinitionV99[] modeling_steps>;water.api.SchemaMetadata$FieldMetadata.<init>;143;isAccessible=true;
Field.get*;<water.automl.api.schemas3.AutoMLV99: water.logging.LoggingLevel verbosity>;water.api.SchemaMetadata$FieldMetadata.<init>;143;isAccessible=true;
Field.get*;<water.automl.api.schemas3.EventLogEntryV99: ai.h2o.automl.events.EventLogEntry$Stage stage>;water.api.SchemaMetadata$FieldMetadata.<init>;143;isAccessible=true;
Field.get*;<water.automl.api.schemas3.EventLogEntryV99: java.lang.String message>;water.api.SchemaMetadata$FieldMetadata.<init>;143;isAccessible=true;
Field.get*;<water.automl.api.schemas3.EventLogEntryV99: java.lang.String name>;water.api.SchemaMetadata$FieldMetadata.<init>;143;isAccessible=true;
Field.get*;<water.automl.api.schemas3.EventLogEntryV99: java.lang.String value>;water.api.SchemaMetadata$FieldMetadata.<init>;143;isAccessible=true;
Field.get*;<water.automl.api.schemas3.EventLogEntryV99: long timestamp>;water.api.SchemaMetadata$FieldMetadata.<init>;143;isAccessible=true;
Field.get*;<water.automl.api.schemas3.EventLogEntryV99: water.logging.LoggingLevel level>;water.api.SchemaMetadata$FieldMetadata.<init>;143;isAccessible=true;
Field.get*;<water.automl.api.schemas3.EventLogV99: water.api.schemas3.TwoDimTableV3 table>;water.api.SchemaMetadata$FieldMetadata.<init>;143;isAccessible=true;
Field.get*;<water.automl.api.schemas3.EventLogV99: water.automl.api.schemas3.AutoMLV99$AutoMLKeyV3 automl_id>;water.api.SchemaMetadata$FieldMetadata.<init>;143;isAccessible=true;
Field.get*;<water.automl.api.schemas3.EventLogV99: water.automl.api.schemas3.EventLogEntryV99[] events>;water.api.SchemaMetadata$FieldMetadata.<init>;143;isAccessible=true;
Field.get*;<water.automl.api.schemas3.EventLogV99: water.logging.LoggingLevel verbosity>;water.api.SchemaMetadata$FieldMetadata.<init>;143;isAccessible=true;
Field.get*;<water.automl.api.schemas3.LeaderboardV99: boolean sort_decreasing>;water.api.SchemaMetadata$FieldMetadata.<init>;143;isAccessible=true;
Field.get*;<water.automl.api.schemas3.LeaderboardV99: double[] sort_metrics>;water.api.SchemaMetadata$FieldMetadata.<init>;143;isAccessible=true;
Field.get*;<water.automl.api.schemas3.LeaderboardV99: java.lang.String project_name>;water.api.SchemaMetadata$FieldMetadata.<init>;143;isAccessible=true;
Field.get*;<water.automl.api.schemas3.LeaderboardV99: java.lang.String sort_metric>;water.api.SchemaMetadata$FieldMetadata.<init>;143;isAccessible=true;
Field.get*;<water.automl.api.schemas3.LeaderboardV99: long leaderboard_frame_checksum>;water.api.SchemaMetadata$FieldMetadata.<init>;143;isAccessible=true;
Field.get*;<water.automl.api.schemas3.LeaderboardV99: water.api.schemas3.KeyV3$FrameKeyV3 leaderboard_frame>;water.api.SchemaMetadata$FieldMetadata.<init>;143;isAccessible=true;
Field.get*;<water.automl.api.schemas3.LeaderboardV99: water.api.schemas3.KeyV3$ModelKeyV3[] models>;water.api.SchemaMetadata$FieldMetadata.<init>;143;isAccessible=true;
Field.get*;<water.automl.api.schemas3.LeaderboardV99: water.api.schemas3.TwoDimTableV3 table>;water.api.SchemaMetadata$FieldMetadata.<init>;143;isAccessible=true;
Field.get*;<water.automl.api.schemas3.LeaderboardsV99: java.lang.String project_name>;water.api.SchemaMetadata$FieldMetadata.<init>;143;isAccessible=true;
Field.get*;<water.automl.api.schemas3.LeaderboardsV99: java.lang.String[] extensions>;water.api.SchemaMetadata$FieldMetadata.<init>;143;isAccessible=true;
Field.get*;<water.automl.api.schemas3.LeaderboardsV99: water.automl.api.schemas3.LeaderboardV99[] leaderboards>;water.api.SchemaMetadata$FieldMetadata.<init>;143;isAccessible=true;
Field.get*;<water.automl.api.schemas3.PreprocessingStepDefinitionV99: ai.h2o.automl.preprocessing.PreprocessingStepDefinition$Type type>;water.api.SchemaMetadata$FieldMetadata.<init>;143;isAccessible=true;
Field.get*;<water.automl.api.schemas3.StepDefinitionV99$StepV99: int group>;water.api.SchemaMetadata$FieldMetadata.<init>;143;isAccessible=true;
Field.get*;<water.automl.api.schemas3.StepDefinitionV99$StepV99: int weight>;water.api.SchemaMetadata$FieldMetadata.<init>;143;isAccessible=true;
Field.get*;<water.automl.api.schemas3.StepDefinitionV99$StepV99: java.lang.String id>;water.api.SchemaMetadata$FieldMetadata.<init>;143;isAccessible=true;
Field.get*;<water.automl.api.schemas3.StepDefinitionV99: ai.h2o.automl.StepDefinition$Alias alias>;water.api.SchemaMetadata$FieldMetadata.<init>;143;isAccessible=true;
Field.get*;<water.automl.api.schemas3.StepDefinitionV99: java.lang.String name>;water.api.SchemaMetadata$FieldMetadata.<init>;143;isAccessible=true;
Field.get*;<water.automl.api.schemas3.StepDefinitionV99: water.automl.api.schemas3.StepDefinitionV99$StepV99[] steps>;water.api.SchemaMetadata$FieldMetadata.<init>;143;isAccessible=true;
Field.get*;<water.parser.ParseSetup: boolean _single_quotes>;water.util.PojoUtils.copyProperties;129;isAccessible=true;
Field.get*;<water.parser.ParseSetup: boolean _single_quotes>;water.util.PojoUtils.copyProperties;326;isAccessible=true;
Field.get*;<water.parser.ParseSetup: byte _escapechar>;water.util.PojoUtils.copyProperties;129;isAccessible=true;
Field.get*;<water.parser.ParseSetup: byte _escapechar>;water.util.PojoUtils.copyProperties;326;isAccessible=true;
Field.get*;<water.parser.ParseSetup: byte _separator>;water.util.PojoUtils.copyProperties;129;isAccessible=true;
Field.get*;<water.parser.ParseSetup: byte _separator>;water.util.PojoUtils.copyProperties;326;isAccessible=true;
Field.get*;<water.parser.ParseSetup: byte[] _column_types>;water.util.PojoUtils.copyProperties;129;isAccessible=true;
Field.get*;<water.parser.ParseSetup: int _check_header>;water.util.PojoUtils.copyProperties;129;isAccessible=true;
Field.get*;<water.parser.ParseSetup: int _check_header>;water.util.PojoUtils.copyProperties;326;isAccessible=true;
Field.get*;<water.parser.ParseSetup: int _chunk_size>;water.util.PojoUtils.copyProperties;129;isAccessible=true;
Field.get*;<water.parser.ParseSetup: int _chunk_size>;water.util.PojoUtils.copyProperties;326;isAccessible=true;
Field.get*;<water.parser.ParseSetup: int _number_columns>;water.util.PojoUtils.copyProperties;129;isAccessible=true;
Field.get*;<water.parser.ParseSetup: int _number_columns>;water.util.PojoUtils.copyProperties;326;isAccessible=true;
Field.get*;<water.parser.ParseSetup: int[] _skipped_columns>;water.util.PojoUtils.copyProperties;129;isAccessible=true;
Field.get*;<water.parser.ParseSetup: java.lang.String[] _column_names>;water.util.PojoUtils.copyProperties;129;isAccessible=true;
Field.get*;<water.parser.ParseSetup: java.lang.String[] _column_names>;water.util.PojoUtils.copyProperties;326;isAccessible=true;
Field.get*;<water.parser.ParseSetup: java.lang.String[][] _data>;water.util.PojoUtils.copyProperties;129;isAccessible=true;
Field.get*;<water.parser.ParseSetup: java.lang.String[][] _data>;water.util.PojoUtils.copyProperties;326;isAccessible=true;
Field.get*;<water.parser.ParseSetup: java.lang.String[][] _na_strings>;water.util.PojoUtils.copyProperties;129;isAccessible=true;
Field.get*;<water.parser.ParseSetup: water.Key _decrypt_tool>;water.util.PojoUtils.copyProperties;129;isAccessible=true;
Field.get*;<water.persist.PersistS3CredentialsV3: java.lang.String secret_access_key>;water.api.SchemaMetadata$FieldMetadata.<init>;143;isAccessible=true;
Field.get*;<water.persist.PersistS3CredentialsV3: java.lang.String secret_key_id>;water.api.SchemaMetadata$FieldMetadata.<init>;143;isAccessible=true;
Field.get*;<water.persist.PersistS3CredentialsV3: java.lang.String session_token>;water.api.SchemaMetadata$FieldMetadata.<init>;143;isAccessible=true;
Field.get*;<water.util.WaterMeterIo$IoStatsEntry: java.lang.String backend>;water.api.SchemaMetadata$FieldMetadata.<init>;143;isAccessible=true;
Field.get*;<water.util.WaterMeterIo$IoStatsEntry: long delete_count>;water.api.SchemaMetadata$FieldMetadata.<init>;143;isAccessible=true;
Field.get*;<water.util.WaterMeterIo$IoStatsEntry: long load_bytes>;water.api.SchemaMetadata$FieldMetadata.<init>;143;isAccessible=true;
Field.get*;<water.util.WaterMeterIo$IoStatsEntry: long load_count>;water.api.SchemaMetadata$FieldMetadata.<init>;143;isAccessible=true;
Field.get*;<water.util.WaterMeterIo$IoStatsEntry: long store_bytes>;water.api.SchemaMetadata$FieldMetadata.<init>;143;isAccessible=true;
Field.get*;<water.util.WaterMeterIo$IoStatsEntry: long store_count>;water.api.SchemaMetadata$FieldMetadata.<init>;143;isAccessible=true;
Field.set*;<hex.Model$Parameters: boolean _balance_classes>;water.util.PojoUtils.copyProperties;326;isAccessible=true;
Field.set*;<hex.Model$Parameters: boolean _check_constant_response>;water.util.PojoUtils.copyProperties;326;isAccessible=true;
Field.set*;<hex.Model$Parameters: boolean _ignore_const_cols>;water.util.PojoUtils.copyProperties;326;isAccessible=true;
Field.set*;<hex.Model$Parameters: boolean _keep_cross_validation_fold_assignment>;water.util.PojoUtils.copyProperties;326;isAccessible=true;
Field.set*;<hex.Model$Parameters: boolean _keep_cross_validation_models>;water.util.PojoUtils.copyProperties;326;isAccessible=true;
Field.set*;<hex.Model$Parameters: boolean _keep_cross_validation_predictions>;water.util.PojoUtils.copyProperties;326;isAccessible=true;
Field.set*;<hex.Model$Parameters: boolean _parallelize_cross_validation>;water.util.PojoUtils.copyProperties;326;isAccessible=true;
Field.set*;<hex.Model$Parameters: boolean _score_each_iteration>;water.util.PojoUtils.copyProperties;326;isAccessible=true;
Field.set*;<hex.Model$Parameters: double _huber_alpha>;water.util.PojoUtils.copyProperties;326;isAccessible=true;
Field.set*;<hex.Model$Parameters: double _max_runtime_secs>;water.util.PojoUtils.copyProperties;326;isAccessible=true;
Field.set*;<hex.Model$Parameters: double _quantile_alpha>;water.util.PojoUtils.copyProperties;326;isAccessible=true;
Field.set*;<hex.Model$Parameters: double _stopping_tolerance>;water.util.PojoUtils.copyProperties;326;isAccessible=true;
Field.set*;<hex.Model$Parameters: double _tweedie_power>;water.util.PojoUtils.copyProperties;326;isAccessible=true;
Field.set*;<hex.Model$Parameters: float _max_after_balance_size>;water.util.PojoUtils.copyProperties;326;isAccessible=true;
Field.set*;<hex.Model$Parameters: float[] _class_sampling_factors>;water.util.PojoUtils.copyProperties;133;isAccessible=true;
Field.set*;<hex.Model$Parameters: hex.Model$Parameters$CategoricalEncodingScheme _categorical_encoding>;water.util.PojoUtils.copyProperties;326;isAccessible=true;
Field.set*;<hex.Model$Parameters: hex.Model$Parameters$FoldAssignmentScheme _fold_assignment>;water.util.PojoUtils.copyProperties;326;isAccessible=true;
Field.set*;<hex.Model$Parameters: hex.MultinomialAucType _auc_type>;water.util.PojoUtils.copyProperties;326;isAccessible=true;
Field.set*;<hex.Model$Parameters: hex.ScoreKeeper$StoppingMetric _stopping_metric>;water.util.PojoUtils.copyProperties;326;isAccessible=true;
Field.set*;<hex.Model$Parameters: hex.genmodel.utils.DistributionFamily _distribution>;water.util.PojoUtils.copyProperties;326;isAccessible=true;
Field.set*;<hex.Model$Parameters: int _gainslift_bins>;water.util.PojoUtils.copyProperties;326;isAccessible=true;
Field.set*;<hex.Model$Parameters: int _max_categorical_levels>;water.util.PojoUtils.copyProperties;326;isAccessible=true;
Field.set*;<hex.Model$Parameters: int _max_confusion_matrix_size>;water.util.PojoUtils.copyProperties;326;isAccessible=true;
Field.set*;<hex.Model$Parameters: int _nfolds>;water.util.PojoUtils.copyProperties;326;isAccessible=true;
Field.set*;<hex.Model$Parameters: int _stopping_rounds>;water.util.PojoUtils.copyProperties;326;isAccessible=true;
Field.set*;<hex.Model$Parameters: java.lang.String _custom_distribution_func>;water.util.PojoUtils.copyProperties;133;isAccessible=true;
Field.set*;<hex.Model$Parameters: java.lang.String _custom_metric_func>;water.util.PojoUtils.copyProperties;326;isAccessible=true;
Field.set*;<hex.Model$Parameters: java.lang.String _export_checkpoints_dir>;water.util.PojoUtils.copyProperties;326;isAccessible=true;
Field.set*;<hex.Model$Parameters: java.lang.String _fold_column>;water.util.PojoUtils.copyProperties;133;isAccessible=true;
Field.set*;<hex.Model$Parameters: java.lang.String _offset_column>;water.util.PojoUtils.copyProperties;133;isAccessible=true;
Field.set*;<hex.Model$Parameters: java.lang.String _response_column>;water.util.PojoUtils.copyProperties;272;isAccessible=true;
Field.set*;<hex.Model$Parameters: java.lang.String _weights_column>;water.util.PojoUtils.copyProperties;133;isAccessible=true;
Field.set*;<hex.Model$Parameters: java.lang.String[] _ignored_columns>;water.util.PojoUtils.copyProperties;133;isAccessible=true;
Field.set*;<hex.Model$Parameters: long _seed>;water.util.PojoUtils.copyProperties;326;isAccessible=true;
Field.set*;<hex.Model$Parameters: water.Key _checkpoint>;water.util.PojoUtils.copyProperties;133;isAccessible=true;
Field.set*;<hex.schemas.DRFV3$DRFParametersV3: boolean binomial_double_trees>;water.api.Schema.setField;434;isAccessible=false;
Field.set*;<hex.schemas.DRFV3$DRFParametersV3: boolean binomial_double_trees>;water.util.PojoUtils.copyProperties;326;isAccessible=true;
Field.set*;<hex.schemas.DRFV3$DRFParametersV3: double sample_rate>;water.api.Schema.setField;434;isAccessible=false;
Field.set*;<hex.schemas.DRFV3$DRFParametersV3: double sample_rate>;water.util.PojoUtils.copyProperties;326;isAccessible=true;
Field.set*;<hex.schemas.DRFV3$DRFParametersV3: int mtries>;water.api.Schema.setField;434;isAccessible=false;
Field.set*;<hex.schemas.DRFV3$DRFParametersV3: int mtries>;water.util.PojoUtils.copyProperties;326;isAccessible=true;
Field.set*;<hex.schemas.SharedTreeV3$SharedTreeParametersV3: boolean balance_classes>;water.api.Schema.setField;434;isAccessible=false;
Field.set*;<hex.schemas.SharedTreeV3$SharedTreeParametersV3: boolean balance_classes>;water.util.PojoUtils.copyProperties;326;isAccessible=true;
Field.set*;<hex.schemas.SharedTreeV3$SharedTreeParametersV3: boolean build_tree_one_node>;water.api.Schema.setField;434;isAccessible=false;
Field.set*;<hex.schemas.SharedTreeV3$SharedTreeParametersV3: boolean build_tree_one_node>;water.util.PojoUtils.copyProperties;326;isAccessible=true;
Field.set*;<hex.schemas.SharedTreeV3$SharedTreeParametersV3: boolean calibrate_model>;water.api.Schema.setField;434;isAccessible=false;
Field.set*;<hex.schemas.SharedTreeV3$SharedTreeParametersV3: boolean calibrate_model>;water.util.PojoUtils.copyProperties;326;isAccessible=true;
Field.set*;<hex.schemas.SharedTreeV3$SharedTreeParametersV3: boolean check_constant_response>;water.util.PojoUtils.copyProperties;326;isAccessible=true;
Field.set*;<hex.schemas.SharedTreeV3$SharedTreeParametersV3: double col_sample_rate_change_per_level>;water.api.Schema.setField;434;isAccessible=false;
Field.set*;<hex.schemas.SharedTreeV3$SharedTreeParametersV3: double col_sample_rate_change_per_level>;water.util.PojoUtils.copyProperties;326;isAccessible=true;
Field.set*;<hex.schemas.SharedTreeV3$SharedTreeParametersV3: double col_sample_rate_per_tree>;water.api.Schema.setField;434;isAccessible=false;
Field.set*;<hex.schemas.SharedTreeV3$SharedTreeParametersV3: double col_sample_rate_per_tree>;water.util.PojoUtils.copyProperties;326;isAccessible=true;
Field.set*;<hex.schemas.SharedTreeV3$SharedTreeParametersV3: double min_rows>;water.api.Schema.setField;434;isAccessible=false;
Field.set*;<hex.schemas.SharedTreeV3$SharedTreeParametersV3: double min_rows>;water.util.PojoUtils.copyProperties;326;isAccessible=true;
Field.set*;<hex.schemas.SharedTreeV3$SharedTreeParametersV3: double min_split_improvement>;water.api.Schema.setField;434;isAccessible=false;
Field.set*;<hex.schemas.SharedTreeV3$SharedTreeParametersV3: double min_split_improvement>;water.util.PojoUtils.copyProperties;326;isAccessible=true;
Field.set*;<hex.schemas.SharedTreeV3$SharedTreeParametersV3: double r2_stopping>;water.api.Schema.setField;434;isAccessible=false;
Field.set*;<hex.schemas.SharedTreeV3$SharedTreeParametersV3: double r2_stopping>;water.util.PojoUtils.copyProperties;326;isAccessible=true;
Field.set*;<hex.schemas.SharedTreeV3$SharedTreeParametersV3: double[] sample_rate_per_class>;water.api.Schema.setField;434;isAccessible=false;
Field.set*;<hex.schemas.SharedTreeV3$SharedTreeParametersV3: double[] sample_rate_per_class>;water.util.PojoUtils.copyProperties;133;isAccessible=true;
Field.set*;<hex.schemas.SharedTreeV3$SharedTreeParametersV3: float max_after_balance_size>;water.api.Schema.setField;434;isAccessible=false;
Field.set*;<hex.schemas.SharedTreeV3$SharedTreeParametersV3: float max_after_balance_size>;water.util.PojoUtils.copyProperties;326;isAccessible=true;
Field.set*;<hex.schemas.SharedTreeV3$SharedTreeParametersV3: float[] class_sampling_factors>;water.api.Schema.setField;434;isAccessible=false;
Field.set*;<hex.schemas.SharedTreeV3$SharedTreeParametersV3: float[] class_sampling_factors>;water.util.PojoUtils.copyProperties;133;isAccessible=true;
Field.set*;<hex.schemas.SharedTreeV3$SharedTreeParametersV3: hex.tree.CalibrationHelper$CalibrationMethod calibration_method>;water.util.PojoUtils.copyProperties;326;isAccessible=true;
Field.set*;<hex.schemas.SharedTreeV3$SharedTreeParametersV3: hex.tree.SharedTreeModel$SharedTreeParameters$HistogramType histogram_type>;water.api.Schema.setField;434;isAccessible=false;
Field.set*;<hex.schemas.SharedTreeV3$SharedTreeParametersV3: hex.tree.SharedTreeModel$SharedTreeParameters$HistogramType histogram_type>;water.util.PojoUtils.copyProperties;326;isAccessible=true;
Field.set*;<hex.schemas.SharedTreeV3$SharedTreeParametersV3: int in_training_checkpoints_tree_interval>;water.util.PojoUtils.copyProperties;326;isAccessible=true;
Field.set*;<hex.schemas.SharedTreeV3$SharedTreeParametersV3: int max_confusion_matrix_size>;water.api.Schema.setField;434;isAccessible=false;
Field.set*;<hex.schemas.SharedTreeV3$SharedTreeParametersV3: int max_confusion_matrix_size>;water.util.PojoUtils.copyProperties;326;isAccessible=true;
Field.set*;<hex.schemas.SharedTreeV3$SharedTreeParametersV3: int max_depth>;water.api.Schema.setField;434;isAccessible=false;
Field.set*;<hex.schemas.SharedTreeV3$SharedTreeParametersV3: int max_depth>;water.util.PojoUtils.copyProperties;326;isAccessible=true;
Field.set*;<hex.schemas.SharedTreeV3$SharedTreeParametersV3: int nbins>;water.api.Schema.setField;434;isAccessible=false;
Field.set*;<hex.schemas.SharedTreeV3$SharedTreeParametersV3: int nbins>;water.util.PojoUtils.copyProperties;326;isAccessible=true;
Field.set*;<hex.schemas.SharedTreeV3$SharedTreeParametersV3: int nbins_cats>;water.api.Schema.setField;434;isAccessible=false;
Field.set*;<hex.schemas.SharedTreeV3$SharedTreeParametersV3: int nbins_cats>;water.util.PojoUtils.copyProperties;326;isAccessible=true;
Field.set*;<hex.schemas.SharedTreeV3$SharedTreeParametersV3: int nbins_top_level>;water.api.Schema.setField;434;isAccessible=false;
Field.set*;<hex.schemas.SharedTreeV3$SharedTreeParametersV3: int nbins_top_level>;water.util.PojoUtils.copyProperties;326;isAccessible=true;
Field.set*;<hex.schemas.SharedTreeV3$SharedTreeParametersV3: int ntrees>;water.api.Schema.setField;434;isAccessible=false;
Field.set*;<hex.schemas.SharedTreeV3$SharedTreeParametersV3: int ntrees>;water.util.PojoUtils.copyProperties;326;isAccessible=true;
Field.set*;<hex.schemas.SharedTreeV3$SharedTreeParametersV3: int score_tree_interval>;water.api.Schema.setField;434;isAccessible=false;
Field.set*;<hex.schemas.SharedTreeV3$SharedTreeParametersV3: int score_tree_interval>;water.util.PojoUtils.copyProperties;326;isAccessible=true;
Field.set*;<hex.schemas.SharedTreeV3$SharedTreeParametersV3: java.lang.String in_training_checkpoints_dir>;water.util.PojoUtils.copyProperties;133;isAccessible=true;
Field.set*;<hex.schemas.SharedTreeV3$SharedTreeParametersV3: long seed>;water.api.Schema.setField;434;isAccessible=false;
Field.set*;<hex.schemas.SharedTreeV3$SharedTreeParametersV3: long seed>;water.util.PojoUtils.copyProperties;326;isAccessible=true;
Field.set*;<hex.schemas.SharedTreeV3$SharedTreeParametersV3: water.api.schemas3.KeyV3$FrameKeyV3 calibration_frame>;water.util.PojoUtils.copyProperties;133;isAccessible=true;
Field.set*;<hex.tree.SharedTreeModel$SharedTreeParameters: boolean _build_tree_one_node>;water.util.PojoUtils.copyProperties;326;isAccessible=true;
Field.set*;<hex.tree.SharedTreeModel$SharedTreeParameters: boolean _calibrate_model>;water.util.PojoUtils.copyProperties;326;isAccessible=true;
Field.set*;<hex.tree.SharedTreeModel$SharedTreeParameters: double _col_sample_rate_change_per_level>;water.util.PojoUtils.copyProperties;326;isAccessible=true;
Field.set*;<hex.tree.SharedTreeModel$SharedTreeParameters: double _col_sample_rate_per_tree>;water.util.PojoUtils.copyProperties;326;isAccessible=true;
Field.set*;<hex.tree.SharedTreeModel$SharedTreeParameters: double _min_rows>;water.util.PojoUtils.copyProperties;326;isAccessible=true;
Field.set*;<hex.tree.SharedTreeModel$SharedTreeParameters: double _min_split_improvement>;water.util.PojoUtils.copyProperties;326;isAccessible=true;
Field.set*;<hex.tree.SharedTreeModel$SharedTreeParameters: double _r2_stopping>;water.util.PojoUtils.copyProperties;326;isAccessible=true;
Field.set*;<hex.tree.SharedTreeModel$SharedTreeParameters: double _sample_rate>;water.util.PojoUtils.copyProperties;326;isAccessible=true;
Field.set*;<hex.tree.SharedTreeModel$SharedTreeParameters: double[] _sample_rate_per_class>;water.util.PojoUtils.copyProperties;133;isAccessible=true;
Field.set*;<hex.tree.SharedTreeModel$SharedTreeParameters: hex.tree.CalibrationHelper$CalibrationMethod _calibration_method>;water.util.PojoUtils.copyProperties;326;isAccessible=true;
Field.set*;<hex.tree.SharedTreeModel$SharedTreeParameters: hex.tree.SharedTreeModel$SharedTreeParameters$HistogramType _histogram_type>;water.util.PojoUtils.copyProperties;326;isAccessible=true;
Field.set*;<hex.tree.SharedTreeModel$SharedTreeParameters: int _in_training_checkpoints_tree_interval>;water.util.PojoUtils.copyProperties;326;isAccessible=true;
Field.set*;<hex.tree.SharedTreeModel$SharedTreeParameters: int _max_depth>;water.util.PojoUtils.copyProperties;326;isAccessible=true;
Field.set*;<hex.tree.SharedTreeModel$SharedTreeParameters: int _nbins>;water.util.PojoUtils.copyProperties;326;isAccessible=true;
Field.set*;<hex.tree.SharedTreeModel$SharedTreeParameters: int _nbins_cats>;water.util.PojoUtils.copyProperties;326;isAccessible=true;
Field.set*;<hex.tree.SharedTreeModel$SharedTreeParameters: int _nbins_top_level>;water.util.PojoUtils.copyProperties;326;isAccessible=true;
Field.set*;<hex.tree.SharedTreeModel$SharedTreeParameters: int _ntrees>;water.util.PojoUtils.copyProperties;326;isAccessible=true;
Field.set*;<hex.tree.SharedTreeModel$SharedTreeParameters: int _score_tree_interval>;water.util.PojoUtils.copyProperties;326;isAccessible=true;
Field.set*;<hex.tree.SharedTreeModel$SharedTreeParameters: java.lang.String _in_training_checkpoints_dir>;water.util.PojoUtils.copyProperties;133;isAccessible=true;
Field.set*;<hex.tree.SharedTreeModel$SharedTreeParameters: water.Key _calibration_frame>;water.util.PojoUtils.copyProperties;133;isAccessible=true;
Field.set*;<hex.tree.drf.DRFModel$DRFParameters: boolean _binomial_double_trees>;water.util.PojoUtils.copyProperties;326;isAccessible=true;
Field.set*;<hex.tree.drf.DRFModel$DRFParameters: int _mtries>;water.util.PojoUtils.copyProperties;326;isAccessible=true;
Field.set*;<org.apache.logging.log4j.core.appender.AbstractAppender$Builder: java.lang.String name>;org.apache.logging.log4j.core.config.plugins.util.PluginBuilder.injectFields;190;isAccessible=true;
Field.set*;<org.apache.logging.log4j.core.appender.AbstractAppender$Builder: org.apache.logging.log4j.core.Layout layout>;org.apache.logging.log4j.core.config.plugins.util.PluginBuilder.injectFields;190;isAccessible=true;
Field.set*;<org.apache.logging.log4j.core.appender.AbstractAppender$Builder: org.apache.logging.log4j.core.config.Configuration configuration>;org.apache.logging.log4j.core.config.plugins.util.PluginBuilder.injectFields;190;isAccessible=true;
Field.set*;<org.apache.logging.log4j.core.appender.ConsoleAppender$Builder: org.apache.logging.log4j.core.appender.ConsoleAppender$Target target>;org.apache.logging.log4j.core.config.plugins.util.PluginBuilder.injectFields;190;isAccessible=true;
Field.set*;<org.apache.logging.log4j.core.appender.RollingFileAppender$Builder: java.lang.String fileName>;org.apache.logging.log4j.core.config.plugins.util.PluginBuilder.injectFields;190;isAccessible=true;
Field.set*;<org.apache.logging.log4j.core.appender.RollingFileAppender$Builder: java.lang.String filePattern>;org.apache.logging.log4j.core.config.plugins.util.PluginBuilder.injectFields;190;isAccessible=true;
Field.set*;<org.apache.logging.log4j.core.appender.RollingFileAppender$Builder: org.apache.logging.log4j.core.appender.rolling.RolloverStrategy strategy>;org.apache.logging.log4j.core.config.plugins.util.PluginBuilder.injectFields;190;isAccessible=true;
Field.set*;<org.apache.logging.log4j.core.appender.RollingFileAppender$Builder: org.apache.logging.log4j.core.appender.rolling.TriggeringPolicy policy>;org.apache.logging.log4j.core.config.plugins.util.PluginBuilder.injectFields;190;isAccessible=true;
Field.set*;<org.apache.logging.log4j.core.appender.rolling.DefaultRolloverStrategy$Builder: java.lang.String max>;org.apache.logging.log4j.core.config.plugins.util.PluginBuilder.injectFields;190;isAccessible=true;
Field.set*;<org.apache.logging.log4j.core.appender.rolling.DefaultRolloverStrategy$Builder: org.apache.logging.log4j.core.appender.rolling.action.Action[] customActions>;org.apache.logging.log4j.core.config.plugins.util.PluginBuilder.injectFields;190;isAccessible=true;
Field.set*;<org.apache.logging.log4j.core.appender.rolling.DefaultRolloverStrategy$Builder: org.apache.logging.log4j.core.config.Configuration config>;org.apache.logging.log4j.core.config.plugins.util.PluginBuilder.injectFields;190;isAccessible=true;
Field.set*;<org.apache.logging.log4j.core.filter.AbstractFilterable$Builder: org.apache.logging.log4j.core.Filter filter>;org.apache.logging.log4j.core.config.plugins.util.PluginBuilder.injectFields;190;isAccessible=true;
Field.set*;<org.apache.logging.log4j.core.filter.AbstractFilterable$Builder: org.apache.logging.log4j.core.config.Property[] propertyArray>;org.apache.logging.log4j.core.config.plugins.util.PluginBuilder.injectFields;190;isAccessible=true;
Field.set*;<org.apache.logging.log4j.core.layout.PatternLayout$Builder: java.lang.String pattern>;org.apache.logging.log4j.core.config.plugins.util.PluginBuilder.injectFields;190;isAccessible=true;
Field.set*;<org.apache.logging.log4j.core.layout.PatternLayout$Builder: org.apache.logging.log4j.core.config.Configuration configuration>;org.apache.logging.log4j.core.config.plugins.util.PluginBuilder.injectFields;190;isAccessible=true;
Field.set*;<water.api.schemas3.ImportFilesV3: java.lang.String path>;water.api.Schema.setField;434;isAccessible=false;
Field.set*;<water.api.schemas3.ImportFilesV3: java.lang.String path>;water.util.PojoUtils.copyProperties;133;isAccessible=true;
Field.set*;<water.api.schemas3.ImportFilesV3: java.lang.String pattern>;water.util.PojoUtils.copyProperties;133;isAccessible=true;
Field.set*;<water.api.schemas3.ImportFilesV3: java.lang.String[] dels>;water.util.PojoUtils.copyProperties;133;isAccessible=true;
Field.set*;<water.api.schemas3.ImportFilesV3: java.lang.String[] destination_frames>;water.util.PojoUtils.copyProperties;133;isAccessible=true;
Field.set*;<water.api.schemas3.ImportFilesV3: java.lang.String[] fails>;water.util.PojoUtils.copyProperties;133;isAccessible=true;
Field.set*;<water.api.schemas3.ImportFilesV3: java.lang.String[] files>;water.util.PojoUtils.copyProperties;133;isAccessible=true;
Field.set*;<water.api.schemas3.JobV3: boolean ready_for_view>;water.util.PojoUtils.copyProperties;326;isAccessible=true;
Field.set*;<water.api.schemas3.JobV3: java.lang.String description>;water.util.PojoUtils.copyProperties;326;isAccessible=true;
Field.set*;<water.api.schemas3.JobV3: long start_time>;water.util.PojoUtils.copyProperties;326;isAccessible=true;
Field.set*;<water.api.schemas3.JobV3: water.api.schemas3.KeyV3$JobKeyV3 key>;water.util.PojoUtils.copyProperties;246;isAccessible=true;
Field.set*;<water.api.schemas3.ModelParametersSchemaV3: boolean ignore_const_cols>;water.api.Schema.setField;434;isAccessible=false;
Field.set*;<water.api.schemas3.ModelParametersSchemaV3: boolean ignore_const_cols>;water.util.PojoUtils.copyProperties;326;isAccessible=true;
Field.set*;<water.api.schemas3.ModelParametersSchemaV3: boolean keep_cross_validation_fold_assignment>;water.api.Schema.setField;434;isAccessible=false;
Field.set*;<water.api.schemas3.ModelParametersSchemaV3: boolean keep_cross_validation_fold_assignment>;water.util.PojoUtils.copyProperties;326;isAccessible=true;
Field.set*;<water.api.schemas3.ModelParametersSchemaV3: boolean keep_cross_validation_models>;water.api.Schema.setField;434;isAccessible=false;
Field.set*;<water.api.schemas3.ModelParametersSchemaV3: boolean keep_cross_validation_models>;water.util.PojoUtils.copyProperties;326;isAccessible=true;
Field.set*;<water.api.schemas3.ModelParametersSchemaV3: boolean keep_cross_validation_predictions>;water.api.Schema.setField;434;isAccessible=false;
Field.set*;<water.api.schemas3.ModelParametersSchemaV3: boolean keep_cross_validation_predictions>;water.util.PojoUtils.copyProperties;326;isAccessible=true;
Field.set*;<water.api.schemas3.ModelParametersSchemaV3: boolean parallelize_cross_validation>;water.util.PojoUtils.copyProperties;326;isAccessible=true;
Field.set*;<water.api.schemas3.ModelParametersSchemaV3: boolean score_each_iteration>;water.api.Schema.setField;434;isAccessible=false;
Field.set*;<water.api.schemas3.ModelParametersSchemaV3: boolean score_each_iteration>;water.util.PojoUtils.copyProperties;326;isAccessible=true;
Field.set*;<water.api.schemas3.ModelParametersSchemaV3: double huber_alpha>;water.util.PojoUtils.copyProperties;326;isAccessible=true;
Field.set*;<water.api.schemas3.ModelParametersSchemaV3: double max_runtime_secs>;water.api.Schema.setField;434;isAccessible=false;
Field.set*;<water.api.schemas3.ModelParametersSchemaV3: double max_runtime_secs>;water.util.PojoUtils.copyProperties;326;isAccessible=true;
Field.set*;<water.api.schemas3.ModelParametersSchemaV3: double quantile_alpha>;water.util.PojoUtils.copyProperties;326;isAccessible=true;
Field.set*;<water.api.schemas3.ModelParametersSchemaV3: double stopping_tolerance>;water.api.Schema.setField;434;isAccessible=false;
Field.set*;<water.api.schemas3.ModelParametersSchemaV3: double stopping_tolerance>;water.util.PojoUtils.copyProperties;326;isAccessible=true;
Field.set*;<water.api.schemas3.ModelParametersSchemaV3: double tweedie_power>;water.util.PojoUtils.copyProperties;326;isAccessible=true;
Field.set*;<water.api.schemas3.ModelParametersSchemaV3: hex.Model$Parameters$CategoricalEncodingScheme categorical_encoding>;water.api.Schema.setField;434;isAccessible=false;
Field.set*;<water.api.schemas3.ModelParametersSchemaV3: hex.Model$Parameters$CategoricalEncodingScheme categorical_encoding>;water.util.PojoUtils.copyProperties;326;isAccessible=true;
Field.set*;<water.api.schemas3.ModelParametersSchemaV3: hex.Model$Parameters$FoldAssignmentScheme fold_assignment>;water.api.Schema.setField;434;isAccessible=false;
Field.set*;<water.api.schemas3.ModelParametersSchemaV3: hex.Model$Parameters$FoldAssignmentScheme fold_assignment>;water.util.PojoUtils.copyProperties;326;isAccessible=true;
Field.set*;<water.api.schemas3.ModelParametersSchemaV3: hex.MultinomialAucType auc_type>;water.util.PojoUtils.copyProperties;326;isAccessible=true;
Field.set*;<water.api.schemas3.ModelParametersSchemaV3: hex.ScoreKeeper$StoppingMetric stopping_metric>;water.api.Schema.setField;434;isAccessible=false;
Field.set*;<water.api.schemas3.ModelParametersSchemaV3: hex.ScoreKeeper$StoppingMetric stopping_metric>;water.util.PojoUtils.copyProperties;326;isAccessible=true;
Field.set*;<water.api.schemas3.ModelParametersSchemaV3: hex.genmodel.utils.DistributionFamily distribution>;water.api.Schema.setField;434;isAccessible=false;
Field.set*;<water.api.schemas3.ModelParametersSchemaV3: hex.genmodel.utils.DistributionFamily distribution>;water.util.PojoUtils.copyProperties;326;isAccessible=true;
Field.set*;<water.api.schemas3.ModelParametersSchemaV3: int gainslift_bins>;water.util.PojoUtils.copyProperties;326;isAccessible=true;
Field.set*;<water.api.schemas3.ModelParametersSchemaV3: int max_categorical_levels>;water.util.PojoUtils.copyProperties;326;isAccessible=true;
Field.set*;<water.api.schemas3.ModelParametersSchemaV3: int nfolds>;water.util.PojoUtils.copyProperties;326;isAccessible=true;
Field.set*;<water.api.schemas3.ModelParametersSchemaV3: int stopping_rounds>;water.api.Schema.setField;434;isAccessible=false;
Field.set*;<water.api.schemas3.ModelParametersSchemaV3: int stopping_rounds>;water.util.PojoUtils.copyProperties;326;isAccessible=true;
Field.set*;<water.api.schemas3.ModelParametersSchemaV3: java.lang.String custom_distribution_func>;water.util.PojoUtils.copyProperties;133;isAccessible=true;
Field.set*;<water.api.schemas3.ModelParametersSchemaV3: java.lang.String custom_metric_func>;water.api.Schema.setField;434;isAccessible=false;
Field.set*;<water.api.schemas3.ModelParametersSchemaV3: java.lang.String custom_metric_func>;water.util.PojoUtils.copyProperties;133;isAccessible=true;
Field.set*;<water.api.schemas3.ModelParametersSchemaV3: java.lang.String custom_metric_func>;water.util.PojoUtils.copyProperties;326;isAccessible=true;
Field.set*;<water.api.schemas3.ModelParametersSchemaV3: java.lang.String export_checkpoints_dir>;water.api.Schema.setField;434;isAccessible=false;
Field.set*;<water.api.schemas3.ModelParametersSchemaV3: java.lang.String export_checkpoints_dir>;water.util.PojoUtils.copyProperties;133;isAccessible=true;
Field.set*;<water.api.schemas3.ModelParametersSchemaV3: java.lang.String export_checkpoints_dir>;water.util.PojoUtils.copyProperties;326;isAccessible=true;
Field.set*;<water.api.schemas3.ModelParametersSchemaV3: java.lang.String[] ignored_columns>;water.util.PojoUtils.copyProperties;133;isAccessible=true;
Field.set*;<water.api.schemas3.ModelParametersSchemaV3: water.api.schemas3.FrameV3$ColSpecifierV3 fold_column>;water.util.PojoUtils.copyProperties;133;isAccessible=true;
Field.set*;<water.api.schemas3.ModelParametersSchemaV3: water.api.schemas3.FrameV3$ColSpecifierV3 offset_column>;water.util.PojoUtils.copyProperties;133;isAccessible=true;
Field.set*;<water.api.schemas3.ModelParametersSchemaV3: water.api.schemas3.FrameV3$ColSpecifierV3 response_column>;water.api.Schema.setField;434;isAccessible=false;
Field.set*;<water.api.schemas3.ModelParametersSchemaV3: water.api.schemas3.FrameV3$ColSpecifierV3 response_column>;water.util.PojoUtils.copyProperties;133;isAccessible=true;
Field.set*;<water.api.schemas3.ModelParametersSchemaV3: water.api.schemas3.FrameV3$ColSpecifierV3 response_column>;water.util.PojoUtils.copyProperties;267;isAccessible=true;
Field.set*;<water.api.schemas3.ModelParametersSchemaV3: water.api.schemas3.FrameV3$ColSpecifierV3 weights_column>;water.util.PojoUtils.copyProperties;133;isAccessible=true;
Field.set*;<water.api.schemas3.ModelParametersSchemaV3: water.api.schemas3.KeyV3$FrameKeyV3 training_frame>;water.api.Schema.setField;434;isAccessible=false;
Field.set*;<water.api.schemas3.ModelParametersSchemaV3: water.api.schemas3.KeyV3$ModelKeyV3 checkpoint>;water.api.Schema.setField;434;isAccessible=false;
Field.set*;<water.api.schemas3.ModelParametersSchemaV3: water.api.schemas3.KeyV3$ModelKeyV3 checkpoint>;water.util.PojoUtils.copyProperties;133;isAccessible=true;
Field.set*;<water.api.schemas3.ModelParametersSchemaV3: water.api.schemas3.KeyV3$ModelKeyV3 model_id>;water.api.Schema.setField;434;isAccessible=false;
Field.set*;<water.api.schemas3.ParseSetupV3: boolean single_quotes>;water.util.PojoUtils.copyProperties;326;isAccessible=true;
Field.set*;<water.api.schemas3.ParseSetupV3: byte escapechar>;water.util.PojoUtils.copyProperties;326;isAccessible=true;
Field.set*;<water.api.schemas3.ParseSetupV3: byte separator>;water.util.PojoUtils.copyProperties;326;isAccessible=true;
Field.set*;<water.api.schemas3.ParseSetupV3: int check_header>;water.util.PojoUtils.copyProperties;326;isAccessible=true;
Field.set*;<water.api.schemas3.ParseSetupV3: int chunk_size>;water.util.PojoUtils.copyProperties;326;isAccessible=true;
Field.set*;<water.api.schemas3.ParseSetupV3: int number_columns>;water.util.PojoUtils.copyProperties;326;isAccessible=true;
Field.set*;<water.api.schemas3.ParseSetupV3: int[] skipped_columns>;water.util.PojoUtils.copyProperties;133;isAccessible=true;
Field.set*;<water.api.schemas3.ParseSetupV3: java.lang.String[] column_names>;water.util.PojoUtils.copyProperties;133;isAccessible=true;
Field.set*;<water.api.schemas3.ParseSetupV3: java.lang.String[] column_names>;water.util.PojoUtils.copyProperties;326;isAccessible=true;
Field.set*;<water.api.schemas3.ParseSetupV3: java.lang.String[] column_types>;water.util.PojoUtils.copyProperties;133;isAccessible=true;
Field.set*;<water.api.schemas3.ParseSetupV3: java.lang.String[][] data>;water.util.PojoUtils.copyProperties;133;isAccessible=true;
Field.set*;<water.api.schemas3.ParseSetupV3: java.lang.String[][] data>;water.util.PojoUtils.copyProperties;326;isAccessible=true;
Field.set*;<water.api.schemas3.ParseSetupV3: java.lang.String[][] na_strings>;water.util.PojoUtils.copyProperties;133;isAccessible=true;
Field.set*;<water.api.schemas3.ParseSetupV3: water.api.schemas3.KeyV3$DecryptionToolKeyV3 decrypt_tool>;water.util.PojoUtils.copyProperties;133;isAccessible=true;
Field.set*;<water.api.schemas3.ParseSetupV3: water.api.schemas3.KeyV3$FrameKeyV3[] source_frames>;water.api.Schema.setField;434;isAccessible=false;
Field.set*;<water.api.schemas3.ParseV3: boolean delete_on_done>;water.api.Schema.setField;434;isAccessible=false;
Field.set*;<water.api.schemas3.ParseV3: boolean single_quotes>;water.api.Schema.setField;434;isAccessible=false;
Field.set*;<water.api.schemas3.ParseV3: byte separator>;water.api.Schema.setField;434;isAccessible=false;
Field.set*;<water.api.schemas3.ParseV3: int check_header>;water.api.Schema.setField;434;isAccessible=false;
Field.set*;<water.api.schemas3.ParseV3: int chunk_size>;water.api.Schema.setField;434;isAccessible=false;
Field.set*;<water.api.schemas3.ParseV3: int number_columns>;water.api.Schema.setField;434;isAccessible=false;
Field.set*;<water.api.schemas3.ParseV3: java.lang.String parse_type>;water.api.Schema.setField;434;isAccessible=false;
Field.set*;<water.api.schemas3.ParseV3: java.lang.String[] column_names>;water.api.Schema.setField;434;isAccessible=false;
Field.set*;<water.api.schemas3.ParseV3: java.lang.String[] column_types>;water.api.Schema.setField;434;isAccessible=false;
Field.set*;<water.api.schemas3.ParseV3: water.api.schemas3.KeyV3$FrameKeyV3 destination_frame>;water.api.Schema.setField;434;isAccessible=false;
Field.set*;<water.api.schemas3.ParseV3: water.api.schemas3.KeyV3$FrameKeyV3[] source_frames>;water.api.Schema.setField;434;isAccessible=false;
Field.set*;<water.api.schemas3.ValidationMessageV3: java.lang.String field_name>;water.util.PojoUtils.copyProperties;326;isAccessible=true;
Field.set*;<water.api.schemas3.ValidationMessageV3: java.lang.String message>;water.util.PojoUtils.copyProperties;326;isAccessible=true;
Method.invoke;<ai.h2o.automl.Algo: ai.h2o.automl.Algo[] values()>;java.lang.Class.getEnumConstantsShared;;isAccessible=true;
Method.invoke;<ai.h2o.automl.StepDefinition$Alias: ai.h2o.automl.StepDefinition$Alias[] values()>;java.lang.Class.getEnumConstantsShared;;isAccessible=true;
Method.invoke;<ai.h2o.automl.events.EventLogEntry$Stage: ai.h2o.automl.events.EventLogEntry$Stage[] values()>;java.lang.Class.getEnumConstantsShared;;isAccessible=true;
Method.invoke;<ai.h2o.automl.preprocessing.PreprocessingStepDefinition$Type: ai.h2o.automl.preprocessing.PreprocessingStepDefinition$Type[] values()>;java.lang.Class.getEnumConstantsShared;;isAccessible=true;
Method.invoke;<ai.h2o.targetencoding.TargetEncoderModel$DataLeakageHandlingStrategy: ai.h2o.targetencoding.TargetEncoderModel$DataLeakageHandlingStrategy[] values()>;java.lang.Class.getEnumConstantsShared;;isAccessible=true;
Method.invoke;<com.fasterxml.jackson.databind.DeserializationFeature: com.fasterxml.jackson.databind.DeserializationFeature[] values()>;java.lang.Class.getEnumConstantsShared;;isAccessible=true;
Method.invoke;<com.fasterxml.jackson.databind.SerializationFeature: com.fasterxml.jackson.databind.SerializationFeature[] values()>;java.lang.Class.getEnumConstantsShared;;isAccessible=true;
Method.invoke;<hex.AUUC$AUUCType: hex.AUUC$AUUCType[] values()>;java.lang.Class.getEnumConstantsShared;;isAccessible=true;
Method.invoke;<hex.Infogram.InfogramModel$InfogramParameters$Algorithm: hex.Infogram.InfogramModel$InfogramParameters$Algorithm[] values()>;java.lang.Class.getEnumConstantsShared;;isAccessible=true;
Method.invoke;<hex.Model$Parameters$CategoricalEncodingScheme: hex.Model$Parameters$CategoricalEncodingScheme[] values()>;java.lang.Class.getEnumConstantsShared;;isAccessible=true;
Method.invoke;<hex.Model$Parameters$FoldAssignmentScheme: hex.Model$Parameters$FoldAssignmentScheme[] values()>;java.lang.Class.getEnumConstantsShared;;isAccessible=true;
Method.invoke;<hex.MultinomialAucType: hex.MultinomialAucType[] values()>;java.lang.Class.getEnumConstantsShared;;isAccessible=true;
Method.invoke;<hex.ScoreKeeper$StoppingMetric: hex.ScoreKeeper$StoppingMetric[] values()>;java.lang.Class.getEnumConstantsShared;;isAccessible=true;
Method.invoke;<hex.ensemble.Metalearner$Algorithm: hex.ensemble.Metalearner$Algorithm[] values()>;java.lang.Class.getEnumConstantsShared;;isAccessible=true;
Method.invoke;<hex.ensemble.StackedEnsembleModel$StackingStrategy: hex.ensemble.StackedEnsembleModel$StackingStrategy[] values()>;java.lang.Class.getEnumConstantsShared;;isAccessible=true;
Method.invoke;<hex.genmodel.utils.DistributionFamily: hex.genmodel.utils.DistributionFamily[] values()>;java.lang.Class.getEnumConstantsShared;;isAccessible=true;
Method.invoke;<hex.grid.HyperSpaceSearchCriteria$Strategy: hex.grid.HyperSpaceSearchCriteria$Strategy[] values()>;java.lang.Class.getEnumConstantsShared;;isAccessible=true;
Method.invoke;<hex.modelselection.ModelSelectionModel$ModelSelectionParameters$Mode: hex.modelselection.ModelSelectionModel$ModelSelectionParameters$Mode[] values()>;java.lang.Class.getEnumConstantsShared;;isAccessible=true;
Method.invoke;<hex.tree.SharedTreeModel$SharedTreeParameters$HistogramType: hex.tree.SharedTreeModel$SharedTreeParameters$HistogramType[] values()>;java.lang.Class.getEnumConstantsShared;;isAccessible=true;
Method.invoke;<java.lang.ClassLoader: java.lang.Class defineClass(java.lang.String,byte[],int,int,java.security.ProtectionDomain)>;javassist.util.proxy.DefineClassHelper$JavaOther.defineClass;214;isAccessible=true;
Method.invoke;<java.lang.ProcessImpl$LaunchMechanism: java.lang.ProcessImpl$LaunchMechanism[] values()>;java.lang.Class.getEnumConstantsShared;;isAccessible=true;
Method.invoke;<java.lang.StackWalker$Option: java.lang.StackWalker$Option[] values()>;java.lang.Class.getEnumConstantsShared;;isAccessible=true;
Method.invoke;<java.lang.annotation.ElementType: java.lang.annotation.ElementType[] values()>;java.lang.Class.getEnumConstantsShared;;isAccessible=true;
Method.invoke;<java.lang.annotation.RetentionPolicy: java.lang.annotation.RetentionPolicy[] values()>;java.lang.Class.getEnumConstantsShared;;isAccessible=true;
Method.invoke;<java.lang.management.ManagementFactory: java.lang.management.RuntimeMXBean getRuntimeMXBean()>;org.eclipse.jetty.util.Uptime$DefaultImpl.<init>;54;isAccessible=false;
Method.invoke;<java.math.BigDecimal: byte byteValueExact()>;water.api.Schema.parseInteger;608;isAccessible=false;
Method.invoke;<java.math.BigDecimal: int intValueExact()>;water.api.Schema.parseInteger;608;isAccessible=false;
Method.invoke;<java.math.BigDecimal: long longValueExact()>;water.api.Schema.parseInteger;608;isAccessible=false;
Method.invoke;<java.nio.file.attribute.PosixFilePermission: java.nio.file.attribute.PosixFilePermission[] values()>;java.lang.Class.getEnumConstantsShared;;isAccessible=true;
Method.invoke;<java.text.DateFormatSymbols: java.text.DateFormatSymbols getInstance(java.util.Locale)>;ai.h2o.org.joda.time.DateTimeUtils.getDateFormatSymbols;382;isAccessible=false;
Method.invoke;<java.util.logging.LogManager: java.util.logging.LoggingMXBean getLoggingMXBean()>;sun.management.ManagementFactoryHelper$LoggingMXBeanAccess.getMXBeanImplementation;243;isAccessible=false;
Method.invoke;<net.sf.json.JSONArray: int size()>;org.dacapo.h2o.RestUtil.getIndexFromJsonArray;181;isAccessible=false;
Method.invoke;<net.sf.json.JSONArray: java.lang.String getString(int)>;org.dacapo.h2o.RestUtil.getIndexFromJsonArray;182;isAccessible=false;
Method.invoke;<net.sf.json.JSONArray: net.sf.json.JSONArray fromObject(java.lang.Object)>;org.dacapo.h2o.RestUtil.getIndexFromJsonArray;180;isAccessible=false;
Method.invoke;<net.sf.json.JSONObject: java.lang.String getString(java.lang.String)>;org.dacapo.h2o.DacapoH2OFacade.jobsAllDone;276;isAccessible=false;
Method.invoke;<net.sf.json.JSONObject: java.lang.String getString(java.lang.String)>;org.dacapo.h2o.RestUtil.getFromResponse;154;isAccessible=false;
Method.invoke;<net.sf.json.JSONObject: net.sf.json.JSONObject fromObject(java.lang.Object)>;org.dacapo.h2o.RestUtil.getFromResponse;149;isAccessible=false;
Method.invoke;<net.sf.json.JSONObject: net.sf.json.JSONObject fromObject(java.lang.Object)>;org.dacapo.h2o.RestUtil.getIndexFromJsonArray;182;isAccessible=false;
Method.invoke;<org.apache.logging.log4j.core.Filter$Result: org.apache.logging.log4j.core.Filter$Result[] values()>;java.lang.Class.getEnumConstantsShared;;isAccessible=true;
Method.invoke;<org.apache.logging.log4j.core.appender.ConsoleAppender$Target: org.apache.logging.log4j.core.appender.ConsoleAppender$Target[] values()>;java.lang.Class.getEnumConstantsShared;;isAccessible=true;
Method.invoke;<org.apache.logging.log4j.core.appender.ConsoleAppender: org.apache.logging.log4j.core.appender.ConsoleAppender$Builder newBuilder()>;org.apache.logging.log4j.core.config.plugins.util.PluginBuilder.createBuilder;157;isAccessible=false;
Method.invoke;<org.apache.logging.log4j.core.appender.RollingFileAppender: org.apache.logging.log4j.core.appender.RollingFileAppender$Builder newBuilder()>;org.apache.logging.log4j.core.config.plugins.util.PluginBuilder.createBuilder;157;isAccessible=false;
Method.invoke;<org.apache.logging.log4j.core.appender.rolling.CompositeTriggeringPolicy: org.apache.logging.log4j.core.appender.rolling.CompositeTriggeringPolicy createPolicy(org.apache.logging.log4j.core.appender.rolling.TriggeringPolicy[])>;org.apache.logging.log4j.core.config.plugins.util.PluginBuilder.build;136;isAccessible=false;
Method.invoke;<org.apache.logging.log4j.core.appender.rolling.DefaultRolloverStrategy: org.apache.logging.log4j.core.appender.rolling.DefaultRolloverStrategy$Builder newBuilder()>;org.apache.logging.log4j.core.config.plugins.util.PluginBuilder.createBuilder;157;isAccessible=false;
Method.invoke;<org.apache.logging.log4j.core.appender.rolling.SizeBasedTriggeringPolicy: org.apache.logging.log4j.core.appender.rolling.SizeBasedTriggeringPolicy createPolicy(java.lang.String)>;org.apache.logging.log4j.core.config.plugins.util.PluginBuilder.build;136;isAccessible=false;
Method.invoke;<org.apache.logging.log4j.core.config.AppenderRef: org.apache.logging.log4j.core.config.AppenderRef createAppenderRef(java.lang.String,org.apache.logging.log4j.Level,org.apache.logging.log4j.core.Filter)>;org.apache.logging.log4j.core.config.plugins.util.PluginBuilder.build;136;isAccessible=false;
Method.invoke;<org.apache.logging.log4j.core.config.AppendersPlugin: java.util.concurrent.ConcurrentMap createAppenders(org.apache.logging.log4j.core.Appender[])>;org.apache.logging.log4j.core.config.plugins.util.PluginBuilder.build;136;isAccessible=false;
Method.invoke;<org.apache.logging.log4j.core.config.LoggerConfig$RootLogger: org.apache.logging.log4j.core.config.LoggerConfig createLogger(java.lang.String,org.apache.logging.log4j.Level,java.lang.String,org.apache.logging.log4j.core.config.AppenderRef[],org.apache.logging.log4j.core.config.Property[],org.apache.logging.log4j.core.config.Configuration,org.apache.logging.log4j.core.Filter)>;org.apache.logging.log4j.core.config.plugins.util.PluginBuilder.build;136;isAccessible=false;
Method.invoke;<org.apache.logging.log4j.core.config.LoggerConfig: org.apache.logging.log4j.core.config.LoggerConfig createLogger(boolean,org.apache.logging.log4j.Level,java.lang.String,java.lang.String,org.apache.logging.log4j.core.config.AppenderRef[],org.apache.logging.log4j.core.config.Property[],org.apache.logging.log4j.core.config.Configuration,org.apache.logging.log4j.core.Filter)>;org.apache.logging.log4j.core.config.plugins.util.PluginBuilder.build;136;isAccessible=false;
Method.invoke;<org.apache.logging.log4j.core.config.LoggersPlugin: org.apache.logging.log4j.core.config.Loggers createLoggers(org.apache.logging.log4j.core.config.LoggerConfig[])>;org.apache.logging.log4j.core.config.plugins.util.PluginBuilder.build;136;isAccessible=false;
Method.invoke;<org.apache.logging.log4j.core.filter.ThresholdFilter: org.apache.logging.log4j.core.filter.ThresholdFilter createFilter(org.apache.logging.log4j.Level,org.apache.logging.log4j.core.Filter$Result,org.apache.logging.log4j.core.Filter$Result)>;org.apache.logging.log4j.core.config.plugins.util.PluginBuilder.build;136;isAccessible=false;
Method.invoke;<org.apache.logging.log4j.core.layout.PatternLayout: org.apache.logging.log4j.core.layout.PatternLayout$Builder newBuilder()>;org.apache.logging.log4j.core.config.plugins.util.PluginBuilder.createBuilder;157;isAccessible=false;
Method.invoke;<org.apache.logging.log4j.core.pattern.DatePatternConverter: org.apache.logging.log4j.core.pattern.DatePatternConverter newInstance(java.lang.String[])>;org.apache.logging.log4j.core.pattern.PatternParser.createConverter;590;isAccessible=false;
Method.invoke;<org.apache.logging.log4j.core.pattern.IntegerPatternConverter: org.apache.logging.log4j.core.pattern.IntegerPatternConverter newInstance(java.lang.String[])>;org.apache.logging.log4j.core.pattern.PatternParser.createConverter;590;isAccessible=false;
Method.invoke;<org.apache.logging.log4j.core.pattern.LevelPatternConverter: org.apache.logging.log4j.core.pattern.LevelPatternConverter newInstance(java.lang.String[])>;org.apache.logging.log4j.core.pattern.PatternParser.createConverter;590;isAccessible=false;
Method.invoke;<org.apache.logging.log4j.core.pattern.LineSeparatorPatternConverter: org.apache.logging.log4j.core.pattern.LineSeparatorPatternConverter newInstance(java.lang.String[])>;org.apache.logging.log4j.core.pattern.PatternParser.createConverter;590;isAccessible=false;
Method.invoke;<org.apache.logging.log4j.core.pattern.LoggerPatternConverter: org.apache.logging.log4j.core.pattern.LoggerPatternConverter newInstance(java.lang.String[])>;org.apache.logging.log4j.core.pattern.PatternParser.createConverter;590;isAccessible=false;
Method.invoke;<org.apache.logging.log4j.core.pattern.MessagePatternConverter: org.apache.logging.log4j.core.pattern.MessagePatternConverter newInstance(org.apache.logging.log4j.core.config.Configuration,java.lang.String[])>;org.apache.logging.log4j.core.pattern.PatternParser.createConverter;590;isAccessible=false;
Method.invoke;<org.apache.logging.log4j.core.pattern.ThreadNamePatternConverter: org.apache.logging.log4j.core.pattern.ThreadNamePatternConverter newInstance(java.lang.String[])>;org.apache.logging.log4j.core.pattern.PatternParser.createConverter;590;isAccessible=false;
Method.invoke;<org.apache.logging.log4j.spi.StandardLevel: org.apache.logging.log4j.spi.StandardLevel[] values()>;java.lang.Class.getEnumConstantsShared;;isAccessible=true;
Method.invoke;<org.eclipse.jetty.http.HttpComplianceSection: org.eclipse.jetty.http.HttpComplianceSection[] values()>;java.lang.Class.getEnumConstantsShared;;isAccessible=true;
Method.invoke;<org.eclipse.jetty.http.HttpHeader: org.eclipse.jetty.http.HttpHeader[] values()>;java.lang.Class.getEnumConstantsShared;;isAccessible=true;
Method.invoke;<org.eclipse.jetty.http.HttpParser$State: org.eclipse.jetty.http.HttpParser$State[] values()>;java.lang.Class.getEnumConstantsShared;;isAccessible=true;
Method.invoke;<org.eclipse.jetty.io.WriteFlusher$StateType: org.eclipse.jetty.io.WriteFlusher$StateType[] values()>;java.lang.Class.getEnumConstantsShared;;isAccessible=true;
Method.invoke;<org.eclipse.jetty.server.Response$EncodingFrom: org.eclipse.jetty.server.Response$EncodingFrom[] values()>;java.lang.Class.getEnumConstantsShared;;isAccessible=true;
Method.invoke;<sun.management.BaseOperatingSystemImpl: double getSystemLoadAverage()>;sun.reflect.misc.Trampoline.invoke;72;isAccessible=false;
Method.invoke;<sun.management.RuntimeImpl: long getUptime()>;org.eclipse.jetty.util.Uptime$DefaultImpl.getUptime;82;isAccessible=false;
Method.invoke;<sun.reflect.misc.Trampoline: java.lang.Object invoke(java.lang.reflect.Method,java.lang.Object,java.lang.Object[])>;sun.reflect.misc.MethodUtil.invoke;262;isAccessible=true;
Method.invoke;<water.H2OApp: void main(java.lang.String[])>;org.dacapo.harness.H2O.prepare;113;isAccessible=false;
Method.invoke;<water.api.API$Direction: water.api.API$Direction[] values()>;java.lang.Class.getEnumConstantsShared;;isAccessible=true;
Method.invoke;<water.api.API$Level: water.api.API$Level[] values()>;java.lang.Class.getEnumConstantsShared;;isAccessible=true;
Method.invoke;<water.api.GarbageCollectHandler: water.api.schemas3.GarbageCollectV3 gc(int,water.api.schemas3.GarbageCollectV3)>;water.api.Handler.handle;60;isAccessible=true;
Method.invoke;<water.api.ImportFilesHandler: water.api.schemas3.ImportFilesV3 importFiles(int,water.api.schemas3.ImportFilesV3)>;water.api.Handler.handle;60;isAccessible=true;
Method.invoke;<water.api.JobsHandler: water.api.schemas3.JobsV3 list(int,water.api.schemas3.JobsV3)>;water.api.Handler.handle;60;isAccessible=true;
Method.invoke;<water.api.ParseHandler: water.api.schemas3.ParseV3 parse(int,water.api.schemas3.ParseV3)>;water.api.Handler.handle;60;isAccessible=true;
Method.invoke;<water.api.ParseSetupHandler: water.api.schemas3.ParseSetupV3 guessSetup(int,water.api.schemas3.ParseSetupV3)>;water.api.Handler.handle;60;isAccessible=true;
Method.invoke;<water.logging.LoggingLevel: water.logging.LoggingLevel[] values()>;java.lang.Class.getEnumConstantsShared;;isAccessible=true;
