Array.newInstance;boolean[];java.lang.reflect.ProxyGenerator$PrimitiveTypeInfo.<init>;998;;
Array.newInstance;byte[];java.lang.reflect.ProxyGenerator$PrimitiveTypeInfo.<init>;998;;
Array.newInstance;byte[];net.sourceforge.pmd.lang.java.typeresolution.typedefinition.JavaTypeDefinitionSimple.withDimensions;268;;
Array.newInstance;char[];java.lang.reflect.ProxyGenerator$PrimitiveTypeInfo.<init>;998;;
Array.newInstance;char[];net.sourceforge.pmd.lang.java.typeresolution.typedefinition.JavaTypeDefinitionSimple.withDimensions;268;;
Array.newInstance;double[];java.lang.reflect.ProxyGenerator$PrimitiveTypeInfo.<init>;998;;
Array.newInstance;double[];net.sourceforge.pmd.lang.java.typeresolution.typedefinition.JavaTypeDefinitionSimple.withDimensions;268;;
Array.newInstance;float[];java.lang.reflect.ProxyGenerator$PrimitiveTypeInfo.<init>;998;;
Array.newInstance;int[];java.lang.reflect.ProxyGenerator$PrimitiveTypeInfo.<init>;998;;
Array.newInstance;int[];net.sourceforge.pmd.lang.java.typeresolution.typedefinition.JavaTypeDefinitionSimple.withDimensions;268;;
Array.newInstance;int[];net.sourceforge.pmd.lang.java.types.TypesFromReflection.loadClassMaybeArray;92;;
Array.newInstance;int[];sun.reflect.generics.factory.CoreReflectionFactory.makeArrayType;123;;
Array.newInstance;java.io.File[];net.sourceforge.pmd.lang.java.typeresolution.typedefinition.JavaTypeDefinitionSimple.withDimensions;268;;
Array.newInstance;java.lang.Boolean[];net.sourceforge.pmd.lang.java.typeresolution.typedefinition.JavaTypeDefinitionSimple.withDimensions;268;;
Array.newInstance;java.lang.Character[];net.sourceforge.pmd.lang.java.typeresolution.typedefinition.JavaTypeDefinitionSimple.withDimensions;268;;
Array.newInstance;java.lang.Class[];java.util.Arrays.copyOf;3513;;
Array.newInstance;java.lang.Class[];java.util.Arrays.copyOfRange;3786;;
Array.newInstance;java.lang.Class[];java.util.ImmutableCollections$List12.toArray;640;;
Array.newInstance;java.lang.Class[];net.sourceforge.pmd.lang.java.typeresolution.typedefinition.JavaTypeDefinitionSimple.resolveTypeDefinition;216;;
Array.newInstance;java.lang.Class[];net.sourceforge.pmd.lang.java.typeresolution.typedefinition.JavaTypeDefinitionSimple.withDimensions;268;;
Array.newInstance;java.lang.Double[];net.sourceforge.pmd.lang.java.typeresolution.typedefinition.JavaTypeDefinitionSimple.resolveTypeDefinition;216;;
Array.newInstance;java.lang.Double[];net.sourceforge.pmd.lang.java.typeresolution.typedefinition.JavaTypeDefinitionSimple.withDimensions;268;;
Array.newInstance;java.lang.Float[];net.sourceforge.pmd.lang.java.typeresolution.typedefinition.JavaTypeDefinitionSimple.resolveTypeDefinition;216;;
Array.newInstance;java.lang.Float[];net.sourceforge.pmd.lang.java.typeresolution.typedefinition.JavaTypeDefinitionSimple.withDimensions;268;;
Array.newInstance;java.lang.Integer[];net.sourceforge.pmd.lang.java.typeresolution.typedefinition.JavaTypeDefinitionSimple.resolveTypeDefinition;216;;
Array.newInstance;java.lang.Integer[];net.sourceforge.pmd.lang.java.typeresolution.typedefinition.JavaTypeDefinitionSimple.withDimensions;268;;
Array.newInstance;java.lang.Long[];net.sourceforge.pmd.lang.java.typeresolution.typedefinition.JavaTypeDefinitionSimple.resolveTypeDefinition;216;;
Array.newInstance;java.lang.Long[];net.sourceforge.pmd.lang.java.typeresolution.typedefinition.JavaTypeDefinitionSimple.withDimensions;268;;
Array.newInstance;java.lang.Object[];java.util.TimSort.<init>;157;;
Array.newInstance;java.lang.Object[];java.util.TimSort.ensureCapacity;933;;
Array.newInstance;java.lang.Object[];net.sourceforge.pmd.lang.java.typeresolution.typedefinition.JavaTypeDefinitionSimple.resolveTypeDefinition;216;;
Array.newInstance;java.lang.Object[];net.sourceforge.pmd.lang.java.typeresolution.typedefinition.JavaTypeDefinitionSimple.withDimensions;268;;
Array.newInstance;java.lang.Object[];net.sourceforge.pmd.lang.java.types.TypesFromReflection.loadClassMaybeArray;92;;
Array.newInstance;java.lang.Object[];sun.reflect.generics.factory.CoreReflectionFactory.makeArrayType;123;;
Array.newInstance;java.lang.Object[][];net.sourceforge.pmd.lang.java.typeresolution.typedefinition.JavaTypeDefinitionSimple.withDimensions;268;;
Array.newInstance;java.lang.String[];java.util.Arrays.copyOf;3513;;
Array.newInstance;java.lang.String[];net.sourceforge.pmd.lang.java.typeresolution.typedefinition.JavaTypeDefinitionSimple.resolveTypeDefinition;216;;
Array.newInstance;java.lang.String[];net.sourceforge.pmd.lang.java.typeresolution.typedefinition.JavaTypeDefinitionSimple.withDimensions;268;;
Array.newInstance;java.lang.String[];net.sourceforge.pmd.lang.java.types.TypesFromReflection.loadClassMaybeArray;92;;
Array.newInstance;java.lang.String[];sun.reflect.generics.factory.CoreReflectionFactory.makeArrayType;123;;
Array.newInstance;java.lang.Thread[];java.util.Arrays.copyOf;3513;;
Array.newInstance;java.lang.invoke.LambdaForm$Name[];java.util.Arrays.copyOf;3513;;
Array.newInstance;java.lang.reflect.Field[];java.util.HashMap.prepareArray;926;;
Array.newInstance;java.lang.reflect.Field[];jdk.internal.reflect.Reflection.filter;325;;
Array.newInstance;java.lang.reflect.Method[];net.sourceforge.pmd.lang.java.typeresolution.typedefinition.JavaTypeDefinitionSimple.withDimensions;268;;
Array.newInstance;java.lang.reflect.Type[];net.sourceforge.pmd.lang.java.typeresolution.typedefinition.JavaTypeDefinitionSimple.withDimensions;268;;
Array.newInstance;java.net.URI[];net.sourceforge.pmd.lang.java.typeresolution.typedefinition.JavaTypeDefinitionSimple.withDimensions;268;;
Array.newInstance;java.net.URL[];net.sourceforge.pmd.lang.java.typeresolution.typedefinition.JavaTypeDefinitionSimple.withDimensions;268;;
Array.newInstance;java.net.URL[];sun.reflect.generics.factory.CoreReflectionFactory.makeArrayType;123;;
Array.newInstance;java.nio.file.OpenOption[];sun.reflect.generics.factory.CoreReflectionFactory.makeArrayType;123;;
Array.newInstance;java.nio.file.attribute.FileAttribute[];net.sourceforge.pmd.lang.java.typeresolution.typedefinition.JavaTypeDefinitionSimple.resolveTypeDefinition;216;;
Array.newInstance;java.util.Iterator[];net.sourceforge.pmd.lang.java.typeresolution.typedefinition.JavaTypeDefinitionSimple.resolveTypeDefinition;216;;
Array.newInstance;java.util.Iterator[];net.sourceforge.pmd.lang.java.typeresolution.typedefinition.JavaTypeDefinitionSimple.withDimensions;268;;
Array.newInstance;java.util.logging.Handler[];net.sourceforge.pmd.lang.java.typeresolution.typedefinition.JavaTypeDefinitionSimple.withDimensions;268;;
Array.newInstance;java.util.logging.Level[];net.sourceforge.pmd.lang.java.typeresolution.typedefinition.JavaTypeDefinitionSimple.withDimensions;268;;
Array.newInstance;java.util.regex.Pattern[];net.sourceforge.pmd.lang.java.typeresolution.typedefinition.JavaTypeDefinitionSimple.withDimensions;268;;
Array.newInstance;java.util.zip.ZipEntry[];net.sourceforge.pmd.lang.java.typeresolution.typedefinition.JavaTypeDefinitionSimple.withDimensions;268;;
Array.newInstance;javax.swing.JRadioButtonMenuItem[];net.sourceforge.pmd.lang.java.typeresolution.typedefinition.JavaTypeDefinitionSimple.withDimensions;268;;
Array.newInstance;jdk.nio.zipfs.ZipFileSystem$IndexNode[];java.util.HashMap.prepareArray;926;;
Array.newInstance;long[];java.lang.reflect.ProxyGenerator$PrimitiveTypeInfo.<init>;998;;
Array.newInstance;long[];net.sourceforge.pmd.lang.java.typeresolution.typedefinition.JavaTypeDefinitionSimple.withDimensions;268;;
Array.newInstance;net.sf.saxon.expr.Expression[];net.sourceforge.pmd.lang.java.typeresolution.typedefinition.JavaTypeDefinitionSimple.withDimensions;268;;
Array.newInstance;net.sf.saxon.om.Item[];net.sourceforge.pmd.lang.java.typeresolution.typedefinition.JavaTypeDefinitionSimple.withDimensions;268;;
Array.newInstance;net.sf.saxon.om.NodeInfo[];net.sourceforge.pmd.lang.java.typeresolution.typedefinition.JavaTypeDefinitionSimple.withDimensions;268;;
Array.newInstance;net.sourceforge.pmd.RuleSet[];net.sourceforge.pmd.lang.java.typeresolution.typedefinition.JavaTypeDefinitionSimple.withDimensions;268;;
Array.newInstance;net.sourceforge.pmd.RuleViolation[];net.sourceforge.pmd.lang.java.typeresolution.typedefinition.JavaTypeDefinitionSimple.withDimensions;268;;
Array.newInstance;net.sourceforge.pmd.Rule[];net.sourceforge.pmd.lang.java.typeresolution.typedefinition.JavaTypeDefinitionSimple.withDimensions;268;;
Array.newInstance;net.sourceforge.pmd.cpd.GUI$ColumnSpec[];net.sourceforge.pmd.lang.java.typeresolution.typedefinition.JavaTypeDefinitionSimple.withDimensions;268;;
Array.newInstance;net.sourceforge.pmd.lang.LanguageVersion[];net.sourceforge.pmd.lang.java.typeresolution.typedefinition.JavaTypeDefinitionSimple.withDimensions;268;;
Array.newInstance;net.sourceforge.pmd.lang.ast.Node[];java.util.Arrays.copyOf;3513;;
Array.newInstance;net.sourceforge.pmd.lang.ast.Node[];net.sourceforge.pmd.lang.java.typeresolution.typedefinition.JavaTypeDefinitionSimple.withDimensions;268;;
Array.newInstance;net.sourceforge.pmd.lang.ast.xpath.AttributeAxisIterator$MethodWrapper[];java.util.Arrays.copyOf;3513;;
Array.newInstance;net.sourceforge.pmd.lang.ast.xpath.AttributeAxisIterator$MethodWrapper[];net.sourceforge.pmd.lang.java.typeresolution.typedefinition.JavaTypeDefinitionSimple.withDimensions;268;;
Array.newInstance;net.sourceforge.pmd.lang.java.typeresolution.typedefinition.JavaTypeDefinition[];java.util.Arrays.copyOf;3513;;
Array.newInstance;net.sourceforge.pmd.lang.metrics.MetricKey[];net.sourceforge.pmd.lang.java.typeresolution.typedefinition.JavaTypeDefinitionSimple.withDimensions;268;;
Array.newInstance;net.sourceforge.pmd.lang.metrics.MetricOption[];net.sourceforge.pmd.lang.java.typeresolution.typedefinition.JavaTypeDefinitionSimple.withDimensions;268;;
Array.newInstance;net.sourceforge.pmd.properties.PropertyDescriptor[];net.sourceforge.pmd.lang.java.typeresolution.typedefinition.JavaTypeDefinitionSimple.resolveTypeDefinition;216;;
Array.newInstance;net.sourceforge.pmd.properties.PropertyDescriptor[];net.sourceforge.pmd.lang.java.typeresolution.typedefinition.JavaTypeDefinitionSimple.withDimensions;268;;
Array.newInstance;net.sourceforge.pmd.renderers.ColumnDescriptor[];net.sourceforge.pmd.lang.java.typeresolution.typedefinition.JavaTypeDefinitionSimple.withDimensions;268;;
Array.newInstance;net.sourceforge.pmd.stat.DataPoint[];net.sourceforge.pmd.lang.java.typeresolution.typedefinition.JavaTypeDefinitionSimple.withDimensions;268;;
Array.newInstance;net.sourceforge.pmd.util.designer.Designer$ASTTreeNode[];net.sourceforge.pmd.lang.java.typeresolution.typedefinition.JavaTypeDefinitionSimple.withDimensions;268;;
Array.newInstance;net.sourceforge.pmd.util.designer.Designer$ExceptionNode[];net.sourceforge.pmd.lang.java.typeresolution.typedefinition.JavaTypeDefinitionSimple.withDimensions;268;;
Array.newInstance;net.sourceforge.pmd.util.filter.Filter[];net.sourceforge.pmd.lang.java.typeresolution.typedefinition.JavaTypeDefinitionSimple.withDimensions;268;;
Array.newInstance;org.objectweb.asm.Label[];net.sourceforge.pmd.lang.java.typeresolution.typedefinition.JavaTypeDefinitionSimple.withDimensions;268;;
Array.newInstance;short[];java.lang.reflect.ProxyGenerator$PrimitiveTypeInfo.<init>;998;;
Array.newInstance;sun.security.jca.ProviderConfig[];java.util.Arrays.copyOf;3513;;
Class.forName;Harness;sun.launcher.LauncherHelper.loadMainClass;791;;
Class.forName;com.beust.jcommander.IStringConverter;sun.reflect.generics.factory.CoreReflectionFactory.makeNamedType;114;;
Class.forName;com.beust.jcommander.Parameter;java.lang.reflect.Proxy$ProxyBuilder.ensureVisible;879;;
Class.forName;com.beust.jcommander.Parameter;jdk.proxy2.$Proxy1.<clinit>;;;
Class.forName;com.beust.jcommander.Parameter;sun.reflect.generics.factory.CoreReflectionFactory.makeNamedType;114;;
Class.forName;com.beust.jcommander.converters.CommaParameterSplitter;sun.reflect.generics.factory.CoreReflectionFactory.makeNamedType;114;;
Class.forName;com.beust.jcommander.converters.NoConverter;sun.reflect.generics.factory.CoreReflectionFactory.makeNamedType;114;;
Class.forName;com.beust.jcommander.validators.NoValidator;sun.reflect.generics.factory.CoreReflectionFactory.makeNamedType;114;;
Class.forName;com.beust.jcommander.validators.NoValueValidator;sun.reflect.generics.factory.CoreReflectionFactory.makeNamedType;114;;
Class.forName;com.beust.jcommander.validators.PositiveInteger;sun.reflect.generics.factory.CoreReflectionFactory.makeNamedType;114;;
Class.forName;com.sun.org.apache.xerces.internal.jaxp.datatype.DatatypeFactoryImpl;javax.xml.datatype.FactoryFinder.getProviderClass;109;;
Class.forName;java.awt.ItemSelectable;sun.reflect.generics.factory.CoreReflectionFactory.makeNamedType;114;;
Class.forName;java.awt.event.ActionListener;sun.reflect.generics.factory.CoreReflectionFactory.makeNamedType;114;;
Class.forName;java.io.Closeable;sun.reflect.generics.factory.CoreReflectionFactory.makeNamedType;114;;
Class.forName;java.io.File;sun.reflect.generics.factory.CoreReflectionFactory.makeNamedType;114;;
Class.forName;java.io.FilePermission;org.objectweb.asm.ClassWriter.getCommonSuperClass;1043;;
Class.forName;java.io.FilenameFilter;sun.reflect.generics.factory.CoreReflectionFactory.makeNamedType;114;;
Class.forName;java.io.IOException;org.objectweb.asm.ClassWriter.getCommonSuperClass;1043;;
Class.forName;java.io.IOException;sun.reflect.generics.factory.CoreReflectionFactory.makeNamedType;114;;
Class.forName;java.io.PrintStream;sun.reflect.generics.factory.CoreReflectionFactory.makeNamedType;114;;
Class.forName;java.io.Serializable;sun.reflect.generics.factory.CoreReflectionFactory.makeNamedType;114;;
Class.forName;java.io.Writer;sun.reflect.generics.factory.CoreReflectionFactory.makeNamedType;114;;
Class.forName;java.lang.AbstractStringBuilder;sun.reflect.generics.factory.CoreReflectionFactory.makeNamedType;114;;
Class.forName;java.lang.Appendable;sun.reflect.generics.factory.CoreReflectionFactory.makeNamedType;114;;
Class.forName;java.lang.AutoCloseable;sun.reflect.generics.factory.CoreReflectionFactory.makeNamedType;114;;
Class.forName;java.lang.Boolean;net.sf.saxon.expr.JPConverter.class$;35;;
Class.forName;java.lang.Boolean;net.sf.saxon.expr.PJConverter.class$;38;;
Class.forName;java.lang.Boolean;sun.reflect.generics.factory.CoreReflectionFactory.makeNamedType;114;;
Class.forName;java.lang.Boolean[];net.sf.saxon.expr.JPConverter.class$;35;;
Class.forName;java.lang.Byte;net.sf.saxon.expr.JPConverter.class$;35;;
Class.forName;java.lang.Byte;net.sf.saxon.expr.PJConverter.class$;38;;
Class.forName;java.lang.Byte;sun.reflect.generics.factory.CoreReflectionFactory.makeNamedType;114;;
Class.forName;java.lang.Byte[];net.sf.saxon.expr.JPConverter.class$;35;;
Class.forName;java.lang.CharSequence;net.sf.saxon.expr.PJConverter.class$;38;;
Class.forName;java.lang.CharSequence;sun.reflect.generics.factory.CoreReflectionFactory.makeNamedType;114;;
Class.forName;java.lang.Character;net.sf.saxon.expr.JPConverter.class$;35;;
Class.forName;java.lang.Character;sun.reflect.generics.factory.CoreReflectionFactory.makeNamedType;114;;
Class.forName;java.lang.Character[];net.sf.saxon.expr.JPConverter.class$;35;;
Class.forName;java.lang.Class;java.lang.reflect.Proxy$ProxyBuilder.ensureVisible;879;;
Class.forName;java.lang.Class;sun.reflect.generics.factory.CoreReflectionFactory.makeNamedType;114;;
Class.forName;java.lang.ClassLoader;sun.reflect.generics.factory.CoreReflectionFactory.makeNamedType;114;;
Class.forName;java.lang.ClassNotFoundException;org.objectweb.asm.ClassWriter.getCommonSuperClass;1043;;
Class.forName;java.lang.Cloneable;sun.reflect.generics.factory.CoreReflectionFactory.makeNamedType;114;;
Class.forName;java.lang.Comparable;sun.reflect.generics.factory.CoreReflectionFactory.makeNamedType;114;;
Class.forName;java.lang.Deprecated;java.lang.reflect.Proxy$ProxyBuilder.ensureVisible;879;;
Class.forName;java.lang.Deprecated;jdk.proxy1.$Proxy2.<clinit>;;;
Class.forName;java.lang.Deprecated;sun.reflect.generics.factory.CoreReflectionFactory.makeNamedType;114;;
Class.forName;java.lang.Double;net.sf.saxon.expr.JPConverter.class$;35;;
Class.forName;java.lang.Double;net.sf.saxon.expr.PJConverter.class$;38;;
Class.forName;java.lang.Double;sun.reflect.generics.factory.CoreReflectionFactory.makeNamedType;114;;
Class.forName;java.lang.Double[];net.sf.saxon.expr.JPConverter.class$;35;;
Class.forName;java.lang.Enum;sun.reflect.generics.factory.CoreReflectionFactory.makeNamedType;114;;
Class.forName;java.lang.Error;jdk.internal.org.objectweb.asm.ClassWriter.getCommonSuperClass;1055;;
Class.forName;java.lang.Float;net.sf.saxon.expr.JPConverter.class$;35;;
Class.forName;java.lang.Float;net.sf.saxon.expr.PJConverter.class$;38;;
Class.forName;java.lang.Float;sun.reflect.generics.factory.CoreReflectionFactory.makeNamedType;114;;
Class.forName;java.lang.Float[];net.sf.saxon.expr.JPConverter.class$;35;;
Class.forName;java.lang.Integer;net.sf.saxon.expr.JPConverter.class$;35;;
Class.forName;java.lang.Integer;net.sf.saxon.expr.PJConverter.class$;38;;
Class.forName;java.lang.Integer;sun.reflect.generics.factory.CoreReflectionFactory.makeNamedType;114;;
Class.forName;java.lang.Integer[];net.sf.saxon.expr.JPConverter.class$;35;;
Class.forName;java.lang.Iterable;sun.reflect.generics.factory.CoreReflectionFactory.makeNamedType;114;;
Class.forName;java.lang.LinkageError;org.objectweb.asm.ClassWriter.getCommonSuperClass;1049;;
Class.forName;java.lang.Long;net.sf.saxon.expr.JPConverter.class$;35;;
Class.forName;java.lang.Long;net.sf.saxon.expr.PJConverter.class$;38;;
Class.forName;java.lang.Long;sun.reflect.generics.factory.CoreReflectionFactory.makeNamedType;114;;
Class.forName;java.lang.Long[];net.sf.saxon.expr.JPConverter.class$;35;;
Class.forName;java.lang.ModuleLayer;sun.reflect.generics.factory.CoreReflectionFactory.makeNamedType;114;;
Class.forName;java.lang.Number;sun.reflect.generics.factory.CoreReflectionFactory.makeNamedType;114;;
Class.forName;java.lang.Object;java.lang.reflect.Proxy$ProxyBuilder.ensureVisible;879;;
Class.forName;java.lang.Object;jdk.proxy1.$Proxy0.<clinit>;;;
Class.forName;java.lang.Object;jdk.proxy1.$Proxy2.<clinit>;;;
Class.forName;java.lang.Object;jdk.proxy2.$Proxy1.<clinit>;;;
Class.forName;java.lang.Object;net.sf.saxon.expr.PJConverter.class$;38;;
Class.forName;java.lang.Object;org.objectweb.asm.ClassWriter.getCommonSuperClass;1043;;
Class.forName;java.lang.Object;org.objectweb.asm.ClassWriter.getCommonSuperClass;1049;;
Class.forName;java.lang.Object;sun.reflect.generics.factory.CoreReflectionFactory.makeNamedType;114;;
Class.forName;java.lang.Readable;sun.reflect.generics.factory.CoreReflectionFactory.makeNamedType;114;;
Class.forName;java.lang.Runnable;sun.reflect.generics.factory.CoreReflectionFactory.makeNamedType;114;;
Class.forName;java.lang.RuntimeException;jdk.internal.org.objectweb.asm.ClassWriter.getCommonSuperClass;1061;;
Class.forName;java.lang.SecurityException;org.objectweb.asm.ClassWriter.getCommonSuperClass;1049;;
Class.forName;java.lang.SecurityManager;org.objectweb.asm.ClassWriter.getCommonSuperClass;1043;;
Class.forName;java.lang.Short;net.sf.saxon.expr.JPConverter.class$;35;;
Class.forName;java.lang.Short;net.sf.saxon.expr.PJConverter.class$;38;;
Class.forName;java.lang.Short;sun.reflect.generics.factory.CoreReflectionFactory.makeNamedType;114;;
Class.forName;java.lang.Short[];net.sf.saxon.expr.JPConverter.class$;35;;
Class.forName;java.lang.String;java.lang.reflect.Proxy$ProxyBuilder.ensureVisible;879;;
Class.forName;java.lang.String;net.sf.saxon.expr.JPConverter.class$;35;;
Class.forName;java.lang.String;net.sf.saxon.expr.PJConverter.class$;38;;
Class.forName;java.lang.String;org.objectweb.asm.ClassWriter.getCommonSuperClass;1043;;
Class.forName;java.lang.String;org.objectweb.asm.ClassWriter.getCommonSuperClass;1049;;
Class.forName;java.lang.String;sun.reflect.generics.factory.CoreReflectionFactory.makeNamedType;114;;
Class.forName;java.lang.StringBuffer;sun.reflect.generics.factory.CoreReflectionFactory.makeNamedType;114;;
Class.forName;java.lang.StringBuilder;sun.reflect.generics.factory.CoreReflectionFactory.makeNamedType;114;;
Class.forName;java.lang.ThreadLocal;sun.reflect.generics.factory.CoreReflectionFactory.makeNamedType;114;;
Class.forName;java.lang.Throwable;sun.reflect.generics.factory.CoreReflectionFactory.makeNamedType;114;;
Class.forName;java.lang.Void;sun.reflect.generics.factory.CoreReflectionFactory.makeNamedType;114;;
Class.forName;java.lang.annotation.Annotation;sun.reflect.generics.factory.CoreReflectionFactory.makeNamedType;114;;
Class.forName;java.lang.annotation.Documented;sun.reflect.generics.factory.CoreReflectionFactory.makeNamedType;114;;
Class.forName;java.lang.annotation.Retention;java.lang.reflect.Proxy$ProxyBuilder.ensureVisible;879;;
Class.forName;java.lang.annotation.Retention;jdk.proxy1.$Proxy0.<clinit>;;;
Class.forName;java.lang.annotation.Retention;sun.reflect.generics.factory.CoreReflectionFactory.makeNamedType;114;;
Class.forName;java.lang.annotation.RetentionPolicy;java.lang.reflect.Proxy$ProxyBuilder.ensureVisible;879;;
Class.forName;java.lang.annotation.RetentionPolicy;sun.reflect.generics.factory.CoreReflectionFactory.makeNamedType;114;;
Class.forName;java.lang.annotation.Target;sun.reflect.generics.factory.CoreReflectionFactory.makeNamedType;114;;
Class.forName;java.lang.constant.Constable;sun.reflect.generics.factory.CoreReflectionFactory.makeNamedType;114;;
Class.forName;java.lang.constant.ConstantDesc;sun.reflect.generics.factory.CoreReflectionFactory.makeNamedType;114;;
Class.forName;java.lang.invoke.TypeDescriptor$OfField;sun.reflect.generics.factory.CoreReflectionFactory.makeNamedType;114;;
Class.forName;java.lang.invoke.TypeDescriptor;sun.reflect.generics.factory.CoreReflectionFactory.makeNamedType;114;;
Class.forName;java.lang.ref.Reference;sun.reflect.generics.factory.CoreReflectionFactory.makeNamedType;114;;
Class.forName;java.lang.ref.SoftReference;sun.reflect.generics.factory.CoreReflectionFactory.makeNamedType;114;;
Class.forName;java.lang.ref.WeakReference;sun.reflect.generics.factory.CoreReflectionFactory.makeNamedType;114;;
Class.forName;java.lang.reflect.AnnotatedElement;sun.reflect.generics.factory.CoreReflectionFactory.makeNamedType;114;;
Class.forName;java.lang.reflect.Constructor;sun.reflect.generics.factory.CoreReflectionFactory.makeNamedType;114;;
Class.forName;java.lang.reflect.Executable;sun.reflect.generics.factory.CoreReflectionFactory.makeNamedType;114;;
Class.forName;java.lang.reflect.Field;sun.reflect.generics.factory.CoreReflectionFactory.makeNamedType;114;;
Class.forName;java.lang.reflect.GenericDeclaration;sun.reflect.generics.factory.CoreReflectionFactory.makeNamedType;114;;
Class.forName;java.lang.reflect.Member;sun.reflect.generics.factory.CoreReflectionFactory.makeNamedType;114;;
Class.forName;java.lang.reflect.Method;sun.reflect.generics.factory.CoreReflectionFactory.makeNamedType;114;;
Class.forName;java.lang.reflect.Type;sun.reflect.generics.factory.CoreReflectionFactory.makeNamedType;114;;
Class.forName;java.math.BigDecimal;net.sf.saxon.expr.JPConverter.class$;35;;
Class.forName;java.math.BigDecimal;net.sf.saxon.expr.PJConverter.class$;38;;
Class.forName;java.math.BigInteger;net.sf.saxon.expr.JPConverter.class$;35;;
Class.forName;java.math.BigInteger;net.sf.saxon.expr.PJConverter.class$;38;;
Class.forName;java.net.SocketPermission;org.objectweb.asm.ClassWriter.getCommonSuperClass;1043;;
Class.forName;java.net.URI;net.sf.saxon.expr.JPConverter.class$;35;;
Class.forName;java.net.URI;net.sf.saxon.expr.PJConverter.class$;38;;
Class.forName;java.net.URI;sun.reflect.generics.factory.CoreReflectionFactory.makeNamedType;114;;
Class.forName;java.net.URL;net.sf.saxon.expr.JPConverter.class$;35;;
Class.forName;java.net.URL;net.sf.saxon.expr.PJConverter.class$;38;;
Class.forName;java.net.URL;org.objectweb.asm.ClassWriter.getCommonSuperClass;1049;;
Class.forName;java.net.URL;sun.reflect.generics.factory.CoreReflectionFactory.makeNamedType;114;;
Class.forName;java.nio.Buffer;sun.reflect.generics.factory.CoreReflectionFactory.makeNamedType;114;;
Class.forName;java.nio.ByteBuffer;sun.reflect.generics.factory.CoreReflectionFactory.makeNamedType;114;;
Class.forName;java.nio.CharBuffer;sun.reflect.generics.factory.CoreReflectionFactory.makeNamedType;114;;
Class.forName;java.nio.charset.Charset;sun.reflect.generics.factory.CoreReflectionFactory.makeNamedType;114;;
Class.forName;java.nio.file.FileSystem;sun.reflect.generics.factory.CoreReflectionFactory.makeNamedType;114;;
Class.forName;java.nio.file.FileVisitOption;sun.reflect.generics.factory.CoreReflectionFactory.makeNamedType;114;;
Class.forName;java.nio.file.FileVisitResult;sun.reflect.generics.factory.CoreReflectionFactory.makeNamedType;114;;
Class.forName;java.nio.file.FileVisitor;sun.reflect.generics.factory.CoreReflectionFactory.makeNamedType;114;;
Class.forName;java.nio.file.OpenOption;sun.reflect.generics.factory.CoreReflectionFactory.makeNamedType;114;;
Class.forName;java.nio.file.Path;sun.reflect.generics.factory.CoreReflectionFactory.makeNamedType;114;;
Class.forName;java.nio.file.SimpleFileVisitor;sun.reflect.generics.factory.CoreReflectionFactory.makeNamedType;114;;
Class.forName;java.nio.file.Watchable;sun.reflect.generics.factory.CoreReflectionFactory.makeNamedType;114;;
Class.forName;java.nio.file.attribute.BasicFileAttributes;sun.reflect.generics.factory.CoreReflectionFactory.makeNamedType;114;;
Class.forName;java.nio.file.attribute.FileAttribute;sun.reflect.generics.factory.CoreReflectionFactory.makeNamedType;114;;
Class.forName;java.security.Permission;org.objectweb.asm.ClassWriter.getCommonSuperClass;1043;;
Class.forName;java.security.Permission;org.objectweb.asm.ClassWriter.getCommonSuperClass;1049;;
Class.forName;java.security.PrivilegedAction;sun.reflect.generics.factory.CoreReflectionFactory.makeNamedType;114;;
Class.forName;java.security.PrivilegedExceptionAction;sun.reflect.generics.factory.CoreReflectionFactory.makeNamedType;114;;
Class.forName;java.sql.DatabaseMetaData;sun.reflect.generics.factory.CoreReflectionFactory.makeNamedType;114;;
Class.forName;java.sql.PreparedStatement;sun.reflect.generics.factory.CoreReflectionFactory.makeNamedType;114;;
Class.forName;java.util.AbstractCollection;sun.reflect.generics.factory.CoreReflectionFactory.makeNamedType;114;;
Class.forName;java.util.AbstractList;sun.reflect.generics.factory.CoreReflectionFactory.makeNamedType;114;;
Class.forName;java.util.AbstractSequentialList;sun.reflect.generics.factory.CoreReflectionFactory.makeNamedType;114;;
Class.forName;java.util.AbstractSet;sun.reflect.generics.factory.CoreReflectionFactory.makeNamedType;114;;
Class.forName;java.util.ArrayList;org.objectweb.asm.ClassWriter.getCommonSuperClass;1043;;
Class.forName;java.util.ArrayList;sun.reflect.generics.factory.CoreReflectionFactory.makeNamedType;114;;
Class.forName;java.util.Collection;net.sf.saxon.expr.JPConverter.class$;35;;
Class.forName;java.util.Collection;net.sf.saxon.expr.PJConverter.class$;38;;
Class.forName;java.util.Collection;sun.reflect.generics.factory.CoreReflectionFactory.makeNamedType;114;;
Class.forName;java.util.Comparator;sun.reflect.generics.factory.CoreReflectionFactory.makeNamedType;114;;
Class.forName;java.util.Date;net.sf.saxon.expr.JPConverter.class$;35;;
Class.forName;java.util.Deque;sun.reflect.generics.factory.CoreReflectionFactory.makeNamedType;114;;
Class.forName;java.util.Dictionary;sun.reflect.generics.factory.CoreReflectionFactory.makeNamedType;114;;
Class.forName;java.util.EnumSet;sun.reflect.generics.factory.CoreReflectionFactory.makeNamedType;114;;
Class.forName;java.util.Enumeration;sun.reflect.generics.factory.CoreReflectionFactory.makeNamedType;114;;
Class.forName;java.util.Hashtable;sun.reflect.generics.factory.CoreReflectionFactory.makeNamedType;114;;
Class.forName;java.util.Iterator;org.objectweb.asm.ClassWriter.getCommonSuperClass;1049;;
Class.forName;java.util.Iterator;sun.reflect.generics.factory.CoreReflectionFactory.makeNamedType;114;;
Class.forName;java.util.LinkedList;sun.reflect.generics.factory.CoreReflectionFactory.makeNamedType;114;;
Class.forName;java.util.List;org.objectweb.asm.ClassWriter.getCommonSuperClass;1049;;
Class.forName;java.util.List;sun.reflect.generics.factory.CoreReflectionFactory.makeNamedType;114;;
Class.forName;java.util.ListIterator;sun.reflect.generics.factory.CoreReflectionFactory.makeNamedType;114;;
Class.forName;java.util.Map$Entry;sun.reflect.generics.factory.CoreReflectionFactory.makeNamedType;114;;
Class.forName;java.util.Map;sun.reflect.generics.factory.CoreReflectionFactory.makeNamedType;114;;
Class.forName;java.util.NavigableSet;sun.reflect.generics.factory.CoreReflectionFactory.makeNamedType;114;;
Class.forName;java.util.Queue;sun.reflect.generics.factory.CoreReflectionFactory.makeNamedType;114;;
Class.forName;java.util.Random;sun.reflect.generics.factory.CoreReflectionFactory.makeNamedType;114;;
Class.forName;java.util.RandomAccess;sun.reflect.generics.factory.CoreReflectionFactory.makeNamedType;114;;
Class.forName;java.util.ServiceLoader;sun.reflect.generics.factory.CoreReflectionFactory.makeNamedType;114;;
Class.forName;java.util.Set;sun.reflect.generics.factory.CoreReflectionFactory.makeNamedType;114;;
Class.forName;java.util.SortedSet;sun.reflect.generics.factory.CoreReflectionFactory.makeNamedType;114;;
Class.forName;java.util.Spliterator;sun.reflect.generics.factory.CoreReflectionFactory.makeNamedType;114;;
Class.forName;java.util.Vector;sun.reflect.generics.factory.CoreReflectionFactory.makeNamedType;114;;
Class.forName;java.util.concurrent.Callable;sun.reflect.generics.factory.CoreReflectionFactory.makeNamedType;114;;
Class.forName;java.util.concurrent.ConcurrentMap;sun.reflect.generics.factory.CoreReflectionFactory.makeNamedType;114;;
Class.forName;java.util.concurrent.Future;sun.reflect.generics.factory.CoreReflectionFactory.makeNamedType;114;;
Class.forName;java.util.function.Function;sun.reflect.generics.factory.CoreReflectionFactory.makeNamedType;114;;
Class.forName;java.util.function.IntFunction;sun.reflect.generics.factory.CoreReflectionFactory.makeNamedType;114;;
Class.forName;java.util.function.Supplier;sun.reflect.generics.factory.CoreReflectionFactory.makeNamedType;114;;
Class.forName;java.util.logging.Level;sun.reflect.generics.factory.CoreReflectionFactory.makeNamedType;114;;
Class.forName;java.util.regex.MatchResult;sun.reflect.generics.factory.CoreReflectionFactory.makeNamedType;114;;
Class.forName;java.util.regex.Pattern;sun.reflect.generics.factory.CoreReflectionFactory.makeNamedType;114;;
Class.forName;java.util.zip.ZipEntry;sun.reflect.generics.factory.CoreReflectionFactory.makeNamedType;114;;
Class.forName;java.util.zip.ZipFile;sun.reflect.generics.factory.CoreReflectionFactory.makeNamedType;114;;
Class.forName;javax.accessibility.Accessible;sun.reflect.generics.factory.CoreReflectionFactory.makeNamedType;114;;
Class.forName;javax.swing.AbstractButton;sun.reflect.generics.factory.CoreReflectionFactory.makeNamedType;114;;
Class.forName;javax.swing.AbstractListModel;sun.reflect.generics.factory.CoreReflectionFactory.makeNamedType;114;;
Class.forName;javax.swing.JComponent;sun.reflect.generics.factory.CoreReflectionFactory.makeNamedType;114;;
Class.forName;javax.swing.ListCellRenderer;sun.reflect.generics.factory.CoreReflectionFactory.makeNamedType;114;;
Class.forName;javax.swing.ListModel;sun.reflect.generics.factory.CoreReflectionFactory.makeNamedType;114;;
Class.forName;javax.swing.Scrollable;sun.reflect.generics.factory.CoreReflectionFactory.makeNamedType;114;;
Class.forName;javax.swing.event.ListDataListener;sun.reflect.generics.factory.CoreReflectionFactory.makeNamedType;114;;
Class.forName;javax.swing.table.AbstractTableModel;sun.reflect.generics.factory.CoreReflectionFactory.makeNamedType;114;;
Class.forName;javax.swing.table.TableCellRenderer;sun.reflect.generics.factory.CoreReflectionFactory.makeNamedType;114;;
Class.forName;javax.swing.table.TableModel;sun.reflect.generics.factory.CoreReflectionFactory.makeNamedType;114;;
Class.forName;javax.swing.tree.TreeNode;sun.reflect.generics.factory.CoreReflectionFactory.makeNamedType;114;;
Class.forName;javax.xml.transform.dom.DOMResult;net.sf.saxon.dom.DOMObjectModel.class$;67;;
Class.forName;jdk.internal.jrtfs.JrtFileSystemProvider;java.util.ServiceLoader$LazyClassPathLookupIterator.nextProviderClass;1217;;
Class.forName;jdk.internal.jrtfs.JrtFileSystemProvider;java.util.ServiceLoader.loadProvider;859;;
Class.forName;jdk.nio.zipfs.ZipFileSystemProvider;java.util.ServiceLoader.loadProvider;859;;
Class.forName;net.sf.saxon.Configuration;net.sf.saxon.Configuration.class$;307;;
Class.forName;net.sf.saxon.expr.Expression;sun.reflect.generics.factory.CoreReflectionFactory.makeNamedType;114;;
Class.forName;net.sf.saxon.expr.XPathContext;net.sf.saxon.functions.ExtensionFunctionCall.class$;92;;
Class.forName;net.sf.saxon.expr.XPathContext;net.sf.saxon.functions.JavaExtensionLibrary.class$;68;;
Class.forName;net.sf.saxon.exslt.Common;net.sf.saxon.functions.JavaExtensionLibrary.class$;68;;
Class.forName;net.sf.saxon.exslt.Date;net.sf.saxon.functions.JavaExtensionLibrary.class$;68;;
Class.forName;net.sf.saxon.exslt.Math;net.sf.saxon.functions.JavaExtensionLibrary.class$;68;;
Class.forName;net.sf.saxon.exslt.Random;net.sf.saxon.functions.JavaExtensionLibrary.class$;68;;
Class.forName;net.sf.saxon.exslt.Sets;net.sf.saxon.functions.JavaExtensionLibrary.class$;68;;
Class.forName;net.sf.saxon.functions.Adjust;net.sf.saxon.functions.StandardFunction.class$;119;;
Class.forName;net.sf.saxon.functions.Aggregate;net.sf.saxon.functions.StandardFunction.class$;119;;
Class.forName;net.sf.saxon.functions.Available;net.sf.saxon.functions.StandardFunction.class$;119;;
Class.forName;net.sf.saxon.functions.BaseURI;net.sf.saxon.functions.StandardFunction.class$;119;;
Class.forName;net.sf.saxon.functions.BooleanFn;net.sf.saxon.functions.StandardFunction.class$;119;;
Class.forName;net.sf.saxon.functions.CodepointEqual;net.sf.saxon.functions.StandardFunction.class$;119;;
Class.forName;net.sf.saxon.functions.CodepointsToString;net.sf.saxon.functions.StandardFunction.class$;119;;
Class.forName;net.sf.saxon.functions.Collection;net.sf.saxon.functions.StandardFunction.class$;119;;
Class.forName;net.sf.saxon.functions.Compare;net.sf.saxon.functions.StandardFunction.class$;119;;
Class.forName;net.sf.saxon.functions.Component;net.sf.saxon.functions.StandardFunction.class$;119;;
Class.forName;net.sf.saxon.functions.Concat;net.sf.saxon.functions.StandardFunction.class$;119;;
Class.forName;net.sf.saxon.functions.Contains;net.sf.saxon.functions.StandardFunction.class$;119;;
Class.forName;net.sf.saxon.functions.Current;net.sf.saxon.functions.StandardFunction.class$;119;;
Class.forName;net.sf.saxon.functions.CurrentDateTime;net.sf.saxon.functions.StandardFunction.class$;119;;
Class.forName;net.sf.saxon.functions.CurrentGroup;net.sf.saxon.functions.StandardFunction.class$;119;;
Class.forName;net.sf.saxon.functions.Data;net.sf.saxon.functions.StandardFunction.class$;119;;
Class.forName;net.sf.saxon.functions.DateTimeConstructor;net.sf.saxon.functions.StandardFunction.class$;119;;
Class.forName;net.sf.saxon.functions.DeepEqual;net.sf.saxon.functions.StandardFunction.class$;119;;
Class.forName;net.sf.saxon.functions.DefaultCollation;net.sf.saxon.functions.StandardFunction.class$;119;;
Class.forName;net.sf.saxon.functions.DistinctValues;net.sf.saxon.functions.StandardFunction.class$;119;;
Class.forName;net.sf.saxon.functions.Doc;net.sf.saxon.functions.StandardFunction.class$;119;;
Class.forName;net.sf.saxon.functions.DocAvailable;net.sf.saxon.functions.StandardFunction.class$;119;;
Class.forName;net.sf.saxon.functions.Document;net.sf.saxon.functions.StandardFunction.class$;119;;
Class.forName;net.sf.saxon.functions.Error;net.sf.saxon.functions.StandardFunction.class$;119;;
Class.forName;net.sf.saxon.functions.EscapeURI;net.sf.saxon.functions.StandardFunction.class$;119;;
Class.forName;net.sf.saxon.functions.Evaluate;net.sf.saxon.functions.VendorFunctionLibrary.class$;64;;
Class.forName;net.sf.saxon.functions.Existence;net.sf.saxon.functions.StandardFunction.class$;119;;
Class.forName;net.sf.saxon.functions.ExtensionFunctionCall;net.sf.saxon.functions.JavaExtensionFunctionFactory.class$;24;;
Class.forName;net.sf.saxon.functions.Extensions;net.sf.saxon.functions.JavaExtensionLibrary.class$;68;;
Class.forName;net.sf.saxon.functions.ForceCase;net.sf.saxon.functions.StandardFunction.class$;119;;
Class.forName;net.sf.saxon.functions.FormatDate;net.sf.saxon.functions.StandardFunction.class$;119;;
Class.forName;net.sf.saxon.functions.FormatNumber;net.sf.saxon.functions.StandardFunction.class$;119;;
Class.forName;net.sf.saxon.functions.Id;net.sf.saxon.functions.StandardFunction.class$;119;;
Class.forName;net.sf.saxon.functions.Idref;net.sf.saxon.functions.StandardFunction.class$;119;;
Class.forName;net.sf.saxon.functions.InScopePrefixes;net.sf.saxon.functions.StandardFunction.class$;119;;
Class.forName;net.sf.saxon.functions.IndexOf;net.sf.saxon.functions.StandardFunction.class$;119;;
Class.forName;net.sf.saxon.functions.Insert;net.sf.saxon.functions.StandardFunction.class$;119;;
Class.forName;net.sf.saxon.functions.IsWholeNumber;net.sf.saxon.functions.VendorFunctionLibrary.class$;64;;
Class.forName;net.sf.saxon.functions.ItemAt;net.sf.saxon.functions.VendorFunctionLibrary.class$;64;;
Class.forName;net.sf.saxon.functions.KeyFn;net.sf.saxon.functions.StandardFunction.class$;119;;
Class.forName;net.sf.saxon.functions.Lang;net.sf.saxon.functions.StandardFunction.class$;119;;
Class.forName;net.sf.saxon.functions.Last;net.sf.saxon.functions.StandardFunction.class$;119;;
Class.forName;net.sf.saxon.functions.Matches;net.sf.saxon.functions.StandardFunction.class$;119;;
Class.forName;net.sf.saxon.functions.Minimax;net.sf.saxon.functions.StandardFunction.class$;119;;
Class.forName;net.sf.saxon.functions.NamePart;net.sf.saxon.functions.StandardFunction.class$;119;;
Class.forName;net.sf.saxon.functions.NamespaceForPrefix;net.sf.saxon.functions.StandardFunction.class$;119;;
Class.forName;net.sf.saxon.functions.Nilled;net.sf.saxon.functions.StandardFunction.class$;119;;
Class.forName;net.sf.saxon.functions.NormalizeSpace;net.sf.saxon.functions.StandardFunction.class$;119;;
Class.forName;net.sf.saxon.functions.NormalizeUnicode;net.sf.saxon.functions.StandardFunction.class$;119;;
Class.forName;net.sf.saxon.functions.NumberFn;net.sf.saxon.functions.StandardFunction.class$;119;;
Class.forName;net.sf.saxon.functions.Parse;net.sf.saxon.functions.VendorFunctionLibrary.class$;64;;
Class.forName;net.sf.saxon.functions.Position;net.sf.saxon.functions.StandardFunction.class$;119;;
Class.forName;net.sf.saxon.functions.Put;net.sf.saxon.functions.StandardFunction.class$;119;;
Class.forName;net.sf.saxon.functions.QNameFn;net.sf.saxon.functions.StandardFunction.class$;119;;
Class.forName;net.sf.saxon.functions.RegexGroup;net.sf.saxon.functions.StandardFunction.class$;119;;
Class.forName;net.sf.saxon.functions.Remove;net.sf.saxon.functions.StandardFunction.class$;119;;
Class.forName;net.sf.saxon.functions.Replace;net.sf.saxon.functions.StandardFunction.class$;119;;
Class.forName;net.sf.saxon.functions.ResolveQName;net.sf.saxon.functions.StandardFunction.class$;119;;
Class.forName;net.sf.saxon.functions.ResolveURI;net.sf.saxon.functions.StandardFunction.class$;119;;
Class.forName;net.sf.saxon.functions.Reverse;net.sf.saxon.functions.StandardFunction.class$;119;;
Class.forName;net.sf.saxon.functions.Root;net.sf.saxon.functions.StandardFunction.class$;119;;
Class.forName;net.sf.saxon.functions.Rounding;net.sf.saxon.functions.StandardFunction.class$;119;;
Class.forName;net.sf.saxon.functions.Serialize;net.sf.saxon.functions.VendorFunctionLibrary.class$;64;;
Class.forName;net.sf.saxon.functions.StaticBaseURI;net.sf.saxon.functions.StandardFunction.class$;119;;
Class.forName;net.sf.saxon.functions.StringFn;net.sf.saxon.functions.StandardFunction.class$;119;;
Class.forName;net.sf.saxon.functions.StringJoin;net.sf.saxon.functions.StandardFunction.class$;119;;
Class.forName;net.sf.saxon.functions.StringLength;net.sf.saxon.functions.StandardFunction.class$;119;;
Class.forName;net.sf.saxon.functions.StringToCodepoints;net.sf.saxon.functions.StandardFunction.class$;119;;
Class.forName;net.sf.saxon.functions.Subsequence;net.sf.saxon.functions.StandardFunction.class$;119;;
Class.forName;net.sf.saxon.functions.Substring;net.sf.saxon.functions.StandardFunction.class$;119;;
Class.forName;net.sf.saxon.functions.SystemProperty;net.sf.saxon.functions.StandardFunction.class$;119;;
Class.forName;net.sf.saxon.functions.Tokenize;net.sf.saxon.functions.StandardFunction.class$;119;;
Class.forName;net.sf.saxon.functions.Trace;net.sf.saxon.functions.StandardFunction.class$;119;;
Class.forName;net.sf.saxon.functions.Translate;net.sf.saxon.functions.StandardFunction.class$;119;;
Class.forName;net.sf.saxon.functions.TreatFn;net.sf.saxon.functions.StandardFunction.class$;119;;
Class.forName;net.sf.saxon.functions.Unordered;net.sf.saxon.functions.StandardFunction.class$;119;;
Class.forName;net.sf.saxon.functions.UnparsedEntity;net.sf.saxon.functions.StandardFunction.class$;119;;
Class.forName;net.sf.saxon.functions.UnparsedText;net.sf.saxon.functions.StandardFunction.class$;119;;
Class.forName;net.sf.saxon.om.Item;net.sf.saxon.expr.PJConverter.class$;38;;
Class.forName;net.sf.saxon.om.SequenceIterator;net.sf.saxon.expr.JPConverter.class$;35;;
Class.forName;net.sf.saxon.om.SequenceIterator;net.sf.saxon.expr.PJConverter.class$;38;;
Class.forName;net.sf.saxon.om.ValueRepresentation;net.sf.saxon.expr.JPConverter.class$;35;;
Class.forName;net.sf.saxon.om.ValueRepresentation;net.sf.saxon.expr.PJConverter.class$;38;;
Class.forName;net.sf.saxon.om.ValueRepresentation;sun.reflect.generics.factory.CoreReflectionFactory.makeNamedType;114;;
Class.forName;net.sf.saxon.sort.StandardCollationURIResolver;net.sf.saxon.sort.StandardCollationURIResolver.class$;19;;
Class.forName;net.sf.saxon.sxpath.IndependentContext;sun.reflect.generics.factory.CoreReflectionFactory.makeNamedType;114;;
Class.forName;net.sf.saxon.value.SequenceExtent;net.sf.saxon.expr.PJConverter.class$;38;;
Class.forName;net.sf.saxon.value.Value;net.sf.saxon.expr.PJConverter.class$;38;;
Class.forName;net.sf.saxon.value.Value;sun.reflect.generics.factory.CoreReflectionFactory.makeNamedType;114;;
Class.forName;net.sourceforge.pmd.PMD$StatusCode;sun.reflect.generics.factory.CoreReflectionFactory.makeNamedType;114;;
Class.forName;net.sourceforge.pmd.PMD;org.dacapo.harness.Pmd.<init>;39;;
Class.forName;net.sourceforge.pmd.PMDConfiguration;sun.reflect.generics.factory.CoreReflectionFactory.makeNamedType;114;;
Class.forName;net.sourceforge.pmd.Report$ConfigurationError;sun.reflect.generics.factory.CoreReflectionFactory.makeNamedType;114;;
Class.forName;net.sourceforge.pmd.Report$ProcessingError;sun.reflect.generics.factory.CoreReflectionFactory.makeNamedType;114;;
Class.forName;net.sourceforge.pmd.Report$SuppressedViolation;sun.reflect.generics.factory.CoreReflectionFactory.makeNamedType;114;;
Class.forName;net.sourceforge.pmd.Report;sun.reflect.generics.factory.CoreReflectionFactory.makeNamedType;114;;
Class.forName;net.sourceforge.pmd.Rule;sun.reflect.generics.factory.CoreReflectionFactory.makeNamedType;114;;
Class.forName;net.sourceforge.pmd.RuleContext;sun.reflect.generics.factory.CoreReflectionFactory.makeNamedType;114;;
Class.forName;net.sourceforge.pmd.RulePriority;sun.reflect.generics.factory.CoreReflectionFactory.makeNamedType;114;;
Class.forName;net.sourceforge.pmd.RuleSet$RuleSetBuilder;sun.reflect.generics.factory.CoreReflectionFactory.makeNamedType;114;;
Class.forName;net.sourceforge.pmd.RuleSet;sun.reflect.generics.factory.CoreReflectionFactory.makeNamedType;114;;
Class.forName;net.sourceforge.pmd.RuleSetFactory;sun.reflect.generics.factory.CoreReflectionFactory.makeNamedType;114;;
Class.forName;net.sourceforge.pmd.RuleSetReferenceId;sun.reflect.generics.factory.CoreReflectionFactory.makeNamedType;114;;
Class.forName;net.sourceforge.pmd.RuleSets;sun.reflect.generics.factory.CoreReflectionFactory.makeNamedType;114;;
Class.forName;net.sourceforge.pmd.RuleViolation;sun.reflect.generics.factory.CoreReflectionFactory.makeNamedType;114;;
Class.forName;net.sourceforge.pmd.ThreadSafeReportListener;sun.reflect.generics.factory.CoreReflectionFactory.makeNamedType;114;;
Class.forName;net.sourceforge.pmd.benchmark.BenchmarkResult;sun.reflect.generics.factory.CoreReflectionFactory.makeNamedType;114;;
Class.forName;net.sourceforge.pmd.benchmark.RuleDuration;sun.reflect.generics.factory.CoreReflectionFactory.makeNamedType;114;;
Class.forName;net.sourceforge.pmd.benchmark.TimeTracker$TimedResult;sun.reflect.generics.factory.CoreReflectionFactory.makeNamedType;114;;
Class.forName;net.sourceforge.pmd.benchmark.TimedOperationCategory;sun.reflect.generics.factory.CoreReflectionFactory.makeNamedType;114;;
Class.forName;net.sourceforge.pmd.cache.AnalysisResult;sun.reflect.generics.factory.CoreReflectionFactory.makeNamedType;114;;
Class.forName;net.sourceforge.pmd.cli.PMDCommandLineInterface;org.dacapo.harness.Pmd.<init>;54;;
Class.forName;net.sourceforge.pmd.cli.PMDParameters$PathToRelativizeRootValidator;sun.reflect.generics.factory.CoreReflectionFactory.makeNamedType;114;;
Class.forName;net.sourceforge.pmd.cli.PMDParameters$PropertyConverter;sun.reflect.generics.factory.CoreReflectionFactory.makeNamedType;114;;
Class.forName;net.sourceforge.pmd.cli.PMDParameters$RulePriorityValidator;sun.reflect.generics.factory.CoreReflectionFactory.makeNamedType;114;;
Class.forName;net.sourceforge.pmd.cli.PMDParameters$StringToPathConverter;sun.reflect.generics.factory.CoreReflectionFactory.makeNamedType;114;;
Class.forName;net.sourceforge.pmd.cpd.CPD$StatusCode;sun.reflect.generics.factory.CoreReflectionFactory.makeNamedType;114;;
Class.forName;net.sourceforge.pmd.cpd.CPD;sun.reflect.generics.factory.CoreReflectionFactory.makeNamedType;114;;
Class.forName;net.sourceforge.pmd.cpd.CPDReport;sun.reflect.generics.factory.CoreReflectionFactory.makeNamedType;114;;
Class.forName;net.sourceforge.pmd.cpd.GUI$SortingTableModel;sun.reflect.generics.factory.CoreReflectionFactory.makeNamedType;114;;
Class.forName;net.sourceforge.pmd.cpd.Language;sun.reflect.generics.factory.CoreReflectionFactory.makeNamedType;114;;
Class.forName;net.sourceforge.pmd.cpd.Mark;sun.reflect.generics.factory.CoreReflectionFactory.makeNamedType;114;;
Class.forName;net.sourceforge.pmd.cpd.Match;sun.reflect.generics.factory.CoreReflectionFactory.makeNamedType;114;;
Class.forName;net.sourceforge.pmd.cpd.SourceCode;sun.reflect.generics.factory.CoreReflectionFactory.makeNamedType;114;;
Class.forName;net.sourceforge.pmd.cpd.TokenEntry;sun.reflect.generics.factory.CoreReflectionFactory.makeNamedType;114;;
Class.forName;net.sourceforge.pmd.cpd.token.AntlrToken;sun.reflect.generics.factory.CoreReflectionFactory.makeNamedType;114;;
Class.forName;net.sourceforge.pmd.cpd.token.TokenFilter;sun.reflect.generics.factory.CoreReflectionFactory.makeNamedType;114;;
Class.forName;net.sourceforge.pmd.cpd.token.internal.BaseTokenFilter;sun.reflect.generics.factory.CoreReflectionFactory.makeNamedType;114;;
Class.forName;net.sourceforge.pmd.dcd.graph.ClassNode;sun.reflect.generics.factory.CoreReflectionFactory.makeNamedType;114;;
Class.forName;net.sourceforge.pmd.dcd.graph.ConstructorNode;sun.reflect.generics.factory.CoreReflectionFactory.makeNamedType;114;;
Class.forName;net.sourceforge.pmd.dcd.graph.FieldNode;sun.reflect.generics.factory.CoreReflectionFactory.makeNamedType;114;;
Class.forName;net.sourceforge.pmd.dcd.graph.MemberNode;sun.reflect.generics.factory.CoreReflectionFactory.makeNamedType;114;;
Class.forName;net.sourceforge.pmd.dcd.graph.MethodNode;sun.reflect.generics.factory.CoreReflectionFactory.makeNamedType;114;;
Class.forName;net.sourceforge.pmd.dcd.graph.NodeVisitorAcceptor;sun.reflect.generics.factory.CoreReflectionFactory.makeNamedType;114;;
Class.forName;net.sourceforge.pmd.document.DocumentOperation;sun.reflect.generics.factory.CoreReflectionFactory.makeNamedType;114;;
Class.forName;net.sourceforge.pmd.internal.LanguageServiceBase;sun.reflect.generics.factory.CoreReflectionFactory.makeNamedType;114;;
Class.forName;net.sourceforge.pmd.internal.util.IteratorUtil$AbstractIterator;sun.reflect.generics.factory.CoreReflectionFactory.makeNamedType;114;;
Class.forName;net.sourceforge.pmd.lang.Language;sun.reflect.generics.factory.CoreReflectionFactory.makeNamedType;114;;
Class.forName;net.sourceforge.pmd.lang.LanguageVersion;sun.reflect.generics.factory.CoreReflectionFactory.makeNamedType;114;;
Class.forName;net.sourceforge.pmd.lang.Parser;sun.reflect.generics.factory.CoreReflectionFactory.makeNamedType;114;;
Class.forName;net.sourceforge.pmd.lang.ast.GenericToken;sun.reflect.generics.factory.CoreReflectionFactory.makeNamedType;114;;
Class.forName;net.sourceforge.pmd.lang.ast.Node;sun.reflect.generics.factory.CoreReflectionFactory.makeNamedType;114;;
Class.forName;net.sourceforge.pmd.lang.ast.xpath.Attribute;sun.reflect.generics.factory.CoreReflectionFactory.makeNamedType;114;;
Class.forName;net.sourceforge.pmd.lang.ast.xpath.saxon.AttributeNode;sun.reflect.generics.factory.CoreReflectionFactory.makeNamedType;114;;
Class.forName;net.sourceforge.pmd.lang.ast.xpath.saxon.ElementNode;sun.reflect.generics.factory.CoreReflectionFactory.makeNamedType;114;;
Class.forName;net.sourceforge.pmd.lang.dfa.DFAGraphMethod;sun.reflect.generics.factory.CoreReflectionFactory.makeNamedType;114;;
Class.forName;net.sourceforge.pmd.lang.dfa.DataFlowNode;sun.reflect.generics.factory.CoreReflectionFactory.makeNamedType;114;;
Class.forName;net.sourceforge.pmd.lang.dfa.NodeType;sun.reflect.generics.factory.CoreReflectionFactory.makeNamedType;114;;
Class.forName;net.sourceforge.pmd.lang.dfa.SequenceChecker$Status;sun.reflect.generics.factory.CoreReflectionFactory.makeNamedType;114;;
Class.forName;net.sourceforge.pmd.lang.dfa.StackObject;sun.reflect.generics.factory.CoreReflectionFactory.makeNamedType;114;;
Class.forName;net.sourceforge.pmd.lang.dfa.VariableAccess;sun.reflect.generics.factory.CoreReflectionFactory.makeNamedType;114;;
Class.forName;net.sourceforge.pmd.lang.dfa.report.AbstractReportNode;sun.reflect.generics.factory.CoreReflectionFactory.makeNamedType;114;;
Class.forName;net.sourceforge.pmd.lang.document.FileCollector;sun.reflect.generics.factory.CoreReflectionFactory.makeNamedType;114;;
Class.forName;net.sourceforge.pmd.lang.document.TextFile;sun.reflect.generics.factory.CoreReflectionFactory.makeNamedType;114;;
Class.forName;net.sourceforge.pmd.lang.java.JavaLanguageModule;java.util.ServiceLoader$LazyClassPathLookupIterator.nextProviderClass;1217;;
Class.forName;net.sourceforge.pmd.lang.java.ast.ASTAnnotation;sun.reflect.generics.factory.CoreReflectionFactory.makeNamedType;114;;
Class.forName;net.sourceforge.pmd.lang.java.ast.ASTAnyTypeBodyDeclaration;sun.reflect.generics.factory.CoreReflectionFactory.makeNamedType;114;;
Class.forName;net.sourceforge.pmd.lang.java.ast.ASTClassOrInterfaceType;sun.reflect.generics.factory.CoreReflectionFactory.makeNamedType;114;;
Class.forName;net.sourceforge.pmd.lang.java.ast.ASTSwitchLabel;sun.reflect.generics.factory.CoreReflectionFactory.makeNamedType;114;;
Class.forName;net.sourceforge.pmd.lang.java.ast.ASTVariableDeclaratorId;sun.reflect.generics.factory.CoreReflectionFactory.makeNamedType;114;;
Class.forName;net.sourceforge.pmd.lang.metrics.LanguageMetricsProvider;sun.reflect.generics.factory.CoreReflectionFactory.makeNamedType;114;;
Class.forName;net.sourceforge.pmd.lang.metrics.Metric;sun.reflect.generics.factory.CoreReflectionFactory.makeNamedType;114;;
Class.forName;net.sourceforge.pmd.lang.metrics.MetricKey;sun.reflect.generics.factory.CoreReflectionFactory.makeNamedType;114;;
Class.forName;net.sourceforge.pmd.lang.metrics.MetricMemoizer;sun.reflect.generics.factory.CoreReflectionFactory.makeNamedType;114;;
Class.forName;net.sourceforge.pmd.lang.metrics.MetricOption;sun.reflect.generics.factory.CoreReflectionFactory.makeNamedType;114;;
Class.forName;net.sourceforge.pmd.lang.metrics.MetricOptions;sun.reflect.generics.factory.CoreReflectionFactory.makeNamedType;114;;
Class.forName;net.sourceforge.pmd.lang.metrics.MetricsComputer;sun.reflect.generics.factory.CoreReflectionFactory.makeNamedType;114;;
Class.forName;net.sourceforge.pmd.lang.metrics.ParameterizedMetricKey;sun.reflect.generics.factory.CoreReflectionFactory.makeNamedType;114;;
Class.forName;net.sourceforge.pmd.lang.metrics.ProjectMemoizer;sun.reflect.generics.factory.CoreReflectionFactory.makeNamedType;114;;
Class.forName;net.sourceforge.pmd.lang.metrics.ResultOption;sun.reflect.generics.factory.CoreReflectionFactory.makeNamedType;114;;
Class.forName;net.sourceforge.pmd.lang.rule.xpath.XPathVersion;sun.reflect.generics.factory.CoreReflectionFactory.makeNamedType;114;;
Class.forName;net.sourceforge.pmd.lang.symboltable.NameDeclaration;sun.reflect.generics.factory.CoreReflectionFactory.makeNamedType;114;;
Class.forName;net.sourceforge.pmd.lang.symboltable.NameOccurrence;sun.reflect.generics.factory.CoreReflectionFactory.makeNamedType;114;;
Class.forName;net.sourceforge.pmd.properties.AbstractMultiNumericProperty;sun.reflect.generics.factory.CoreReflectionFactory.makeNamedType;114;;
Class.forName;net.sourceforge.pmd.properties.AbstractMultiPackagedProperty;sun.reflect.generics.factory.CoreReflectionFactory.makeNamedType;114;;
Class.forName;net.sourceforge.pmd.properties.AbstractMultiValueProperty;sun.reflect.generics.factory.CoreReflectionFactory.makeNamedType;114;;
Class.forName;net.sourceforge.pmd.properties.AbstractNumericProperty;sun.reflect.generics.factory.CoreReflectionFactory.makeNamedType;114;;
Class.forName;net.sourceforge.pmd.properties.AbstractPackagedProperty;sun.reflect.generics.factory.CoreReflectionFactory.makeNamedType;114;;
Class.forName;net.sourceforge.pmd.properties.AbstractProperty;sun.reflect.generics.factory.CoreReflectionFactory.makeNamedType;114;;
Class.forName;net.sourceforge.pmd.properties.AbstractSingleValueProperty;sun.reflect.generics.factory.CoreReflectionFactory.makeNamedType;114;;
Class.forName;net.sourceforge.pmd.properties.BooleanMultiProperty$BooleanMultiPBuilder;sun.reflect.generics.factory.CoreReflectionFactory.makeNamedType;114;;
Class.forName;net.sourceforge.pmd.properties.BooleanProperty$BooleanPBuilder;sun.reflect.generics.factory.CoreReflectionFactory.makeNamedType;114;;
Class.forName;net.sourceforge.pmd.properties.CharacterMultiProperty$CharacterMultiPBuilder;sun.reflect.generics.factory.CoreReflectionFactory.makeNamedType;114;;
Class.forName;net.sourceforge.pmd.properties.CharacterProperty$CharacterPBuilder;sun.reflect.generics.factory.CoreReflectionFactory.makeNamedType;114;;
Class.forName;net.sourceforge.pmd.properties.DoubleMultiProperty$DoubleMultiPBuilder;sun.reflect.generics.factory.CoreReflectionFactory.makeNamedType;114;;
Class.forName;net.sourceforge.pmd.properties.DoubleProperty$DoublePBuilder;sun.reflect.generics.factory.CoreReflectionFactory.makeNamedType;114;;
Class.forName;net.sourceforge.pmd.properties.EnumeratedMultiProperty$EnumMultiPBuilder;sun.reflect.generics.factory.CoreReflectionFactory.makeNamedType;114;;
Class.forName;net.sourceforge.pmd.properties.EnumeratedMultiProperty;sun.reflect.generics.factory.CoreReflectionFactory.makeNamedType;114;;
Class.forName;net.sourceforge.pmd.properties.EnumeratedProperty$EnumPBuilder;sun.reflect.generics.factory.CoreReflectionFactory.makeNamedType;114;;
Class.forName;net.sourceforge.pmd.properties.EnumeratedProperty;sun.reflect.generics.factory.CoreReflectionFactory.makeNamedType;114;;
Class.forName;net.sourceforge.pmd.properties.EnumeratedPropertyDescriptor;sun.reflect.generics.factory.CoreReflectionFactory.makeNamedType;114;;
Class.forName;net.sourceforge.pmd.properties.FloatMultiProperty$FloatMultiPBuilder;sun.reflect.generics.factory.CoreReflectionFactory.makeNamedType;114;;
Class.forName;net.sourceforge.pmd.properties.FloatProperty$FloatPBuilder;sun.reflect.generics.factory.CoreReflectionFactory.makeNamedType;114;;
Class.forName;net.sourceforge.pmd.properties.IntegerMultiProperty$IntegerMultiPBuilder;sun.reflect.generics.factory.CoreReflectionFactory.makeNamedType;114;;
Class.forName;net.sourceforge.pmd.properties.IntegerProperty$IntegerPBuilder;sun.reflect.generics.factory.CoreReflectionFactory.makeNamedType;114;;
Class.forName;net.sourceforge.pmd.properties.LongMultiProperty$LongMultiPBuilder;sun.reflect.generics.factory.CoreReflectionFactory.makeNamedType;114;;
Class.forName;net.sourceforge.pmd.properties.LongProperty$LongPBuilder;sun.reflect.generics.factory.CoreReflectionFactory.makeNamedType;114;;
Class.forName;net.sourceforge.pmd.properties.MultiValuePropertyDescriptor;sun.reflect.generics.factory.CoreReflectionFactory.makeNamedType;114;;
Class.forName;net.sourceforge.pmd.properties.NumericPropertyDescriptor;sun.reflect.generics.factory.CoreReflectionFactory.makeNamedType;114;;
Class.forName;net.sourceforge.pmd.properties.PackagedPropertyDescriptor;sun.reflect.generics.factory.CoreReflectionFactory.makeNamedType;114;;
Class.forName;net.sourceforge.pmd.properties.PropertyBuilder$BaseSinglePropertyBuilder;sun.reflect.generics.factory.CoreReflectionFactory.makeNamedType;114;;
Class.forName;net.sourceforge.pmd.properties.PropertyBuilder$GenericCollectionPropertyBuilder$Supplier;sun.reflect.generics.factory.CoreReflectionFactory.makeNamedType;114;;
Class.forName;net.sourceforge.pmd.properties.PropertyBuilder$GenericCollectionPropertyBuilder;sun.reflect.generics.factory.CoreReflectionFactory.makeNamedType;114;;
Class.forName;net.sourceforge.pmd.properties.PropertyBuilder$GenericPropertyBuilder;sun.reflect.generics.factory.CoreReflectionFactory.makeNamedType;114;;
Class.forName;net.sourceforge.pmd.properties.PropertyBuilder$RegexPropertyBuilder;sun.reflect.generics.factory.CoreReflectionFactory.makeNamedType;114;;
Class.forName;net.sourceforge.pmd.properties.PropertyBuilder;sun.reflect.generics.factory.CoreReflectionFactory.makeNamedType;114;;
Class.forName;net.sourceforge.pmd.properties.PropertyDescriptor;sun.reflect.generics.factory.CoreReflectionFactory.makeNamedType;114;;
Class.forName;net.sourceforge.pmd.properties.PropertyDescriptorField;sun.reflect.generics.factory.CoreReflectionFactory.makeNamedType;114;;
Class.forName;net.sourceforge.pmd.properties.PropertySource;sun.reflect.generics.factory.CoreReflectionFactory.makeNamedType;114;;
Class.forName;net.sourceforge.pmd.properties.PropertyTypeId;sun.reflect.generics.factory.CoreReflectionFactory.makeNamedType;114;;
Class.forName;net.sourceforge.pmd.properties.RegexProperty$RegexPBuilder;sun.reflect.generics.factory.CoreReflectionFactory.makeNamedType;114;;
Class.forName;net.sourceforge.pmd.properties.SingleValuePropertyDescriptor;sun.reflect.generics.factory.CoreReflectionFactory.makeNamedType;114;;
Class.forName;net.sourceforge.pmd.properties.StringMultiProperty$StringMultiPBuilder;sun.reflect.generics.factory.CoreReflectionFactory.makeNamedType;114;;
Class.forName;net.sourceforge.pmd.properties.StringProperty$StringPBuilder;sun.reflect.generics.factory.CoreReflectionFactory.makeNamedType;114;;
Class.forName;net.sourceforge.pmd.properties.TypeMultiProperty$TypeMultiPBuilder;sun.reflect.generics.factory.CoreReflectionFactory.makeNamedType;114;;
Class.forName;net.sourceforge.pmd.properties.TypeProperty$TypePBuilder;sun.reflect.generics.factory.CoreReflectionFactory.makeNamedType;114;;
Class.forName;net.sourceforge.pmd.properties.ValueParser;sun.reflect.generics.factory.CoreReflectionFactory.makeNamedType;114;;
Class.forName;net.sourceforge.pmd.properties.builders.MultiNumericPropertyBuilder;sun.reflect.generics.factory.CoreReflectionFactory.makeNamedType;114;;
Class.forName;net.sourceforge.pmd.properties.builders.MultiPackagedPropertyBuilder;sun.reflect.generics.factory.CoreReflectionFactory.makeNamedType;114;;
Class.forName;net.sourceforge.pmd.properties.builders.MultiValuePropertyBuilder;sun.reflect.generics.factory.CoreReflectionFactory.makeNamedType;114;;
Class.forName;net.sourceforge.pmd.properties.builders.PropertyDescriptorBuilder;sun.reflect.generics.factory.CoreReflectionFactory.makeNamedType;114;;
Class.forName;net.sourceforge.pmd.properties.builders.PropertyDescriptorBuilderConversionWrapper$MultiValue$Numeric;sun.reflect.generics.factory.CoreReflectionFactory.makeNamedType;114;;
Class.forName;net.sourceforge.pmd.properties.builders.PropertyDescriptorBuilderConversionWrapper$MultiValue$Packaged;sun.reflect.generics.factory.CoreReflectionFactory.makeNamedType;114;;
Class.forName;net.sourceforge.pmd.properties.builders.PropertyDescriptorBuilderConversionWrapper$MultiValue;sun.reflect.generics.factory.CoreReflectionFactory.makeNamedType;114;;
Class.forName;net.sourceforge.pmd.properties.builders.PropertyDescriptorBuilderConversionWrapper$SingleValue$Numeric;sun.reflect.generics.factory.CoreReflectionFactory.makeNamedType;114;;
Class.forName;net.sourceforge.pmd.properties.builders.PropertyDescriptorBuilderConversionWrapper$SingleValue$Packaged;sun.reflect.generics.factory.CoreReflectionFactory.makeNamedType;114;;
Class.forName;net.sourceforge.pmd.properties.builders.PropertyDescriptorBuilderConversionWrapper$SingleValue;sun.reflect.generics.factory.CoreReflectionFactory.makeNamedType;114;;
Class.forName;net.sourceforge.pmd.properties.builders.PropertyDescriptorBuilderConversionWrapper;sun.reflect.generics.factory.CoreReflectionFactory.makeNamedType;114;;
Class.forName;net.sourceforge.pmd.properties.builders.PropertyDescriptorExternalBuilder;sun.reflect.generics.factory.CoreReflectionFactory.makeNamedType;114;;
Class.forName;net.sourceforge.pmd.properties.builders.SingleNumericPropertyBuilder;sun.reflect.generics.factory.CoreReflectionFactory.makeNamedType;114;;
Class.forName;net.sourceforge.pmd.properties.builders.SinglePackagedPropertyBuilder;sun.reflect.generics.factory.CoreReflectionFactory.makeNamedType;114;;
Class.forName;net.sourceforge.pmd.properties.builders.SingleValuePropertyBuilder;sun.reflect.generics.factory.CoreReflectionFactory.makeNamedType;114;;
Class.forName;net.sourceforge.pmd.properties.constraints.ConstraintFactory$Predicate;sun.reflect.generics.factory.CoreReflectionFactory.makeNamedType;114;;
Class.forName;net.sourceforge.pmd.properties.constraints.PropertyConstraint;sun.reflect.generics.factory.CoreReflectionFactory.makeNamedType;114;;
Class.forName;net.sourceforge.pmd.properties.modules.PackagedPropertyModule;sun.reflect.generics.factory.CoreReflectionFactory.makeNamedType;114;;
Class.forName;net.sourceforge.pmd.renderers.CSVWriter;sun.reflect.generics.factory.CoreReflectionFactory.makeNamedType;114;;
Class.forName;net.sourceforge.pmd.renderers.CodeClimateRule$CodeClimateCategory;sun.reflect.generics.factory.CoreReflectionFactory.makeNamedType;114;;
Class.forName;net.sourceforge.pmd.renderers.ColumnDescriptor$Accessor;sun.reflect.generics.factory.CoreReflectionFactory.makeNamedType;114;;
Class.forName;net.sourceforge.pmd.renderers.ColumnDescriptor;sun.reflect.generics.factory.CoreReflectionFactory.makeNamedType;114;;
Class.forName;net.sourceforge.pmd.renderers.Renderer;sun.reflect.generics.factory.CoreReflectionFactory.makeNamedType;114;;
Class.forName;net.sourceforge.pmd.renderers.internal.sarif.SarifLog$Component$ComponentBuilder;sun.reflect.generics.factory.CoreReflectionFactory.makeNamedType;114;;
Class.forName;net.sourceforge.pmd.renderers.internal.sarif.SarifLog$Invocation$InvocationBuilder;sun.reflect.generics.factory.CoreReflectionFactory.makeNamedType;114;;
Class.forName;net.sourceforge.pmd.renderers.internal.sarif.SarifLog$Invocation;sun.reflect.generics.factory.CoreReflectionFactory.makeNamedType;114;;
Class.forName;net.sourceforge.pmd.renderers.internal.sarif.SarifLog$Location;sun.reflect.generics.factory.CoreReflectionFactory.makeNamedType;114;;
Class.forName;net.sourceforge.pmd.renderers.internal.sarif.SarifLog$PropertyBag$PropertyBagBuilder;sun.reflect.generics.factory.CoreReflectionFactory.makeNamedType;114;;
Class.forName;net.sourceforge.pmd.renderers.internal.sarif.SarifLog$ReportingDescriptor;sun.reflect.generics.factory.CoreReflectionFactory.makeNamedType;114;;
Class.forName;net.sourceforge.pmd.renderers.internal.sarif.SarifLog$Result;sun.reflect.generics.factory.CoreReflectionFactory.makeNamedType;114;;
Class.forName;net.sourceforge.pmd.renderers.internal.sarif.SarifLog$Run$RunBuilder;sun.reflect.generics.factory.CoreReflectionFactory.makeNamedType;114;;
Class.forName;net.sourceforge.pmd.renderers.internal.sarif.SarifLog$Run;sun.reflect.generics.factory.CoreReflectionFactory.makeNamedType;114;;
Class.forName;net.sourceforge.pmd.renderers.internal.sarif.SarifLog$SarifLogBuilder;sun.reflect.generics.factory.CoreReflectionFactory.makeNamedType;114;;
Class.forName;net.sourceforge.pmd.renderers.internal.sarif.SarifLog$ToolConfigurationNotification;sun.reflect.generics.factory.CoreReflectionFactory.makeNamedType;114;;
Class.forName;net.sourceforge.pmd.renderers.internal.sarif.SarifLog$ToolExecutionNotification$ToolExecutionNotificationBuilder;sun.reflect.generics.factory.CoreReflectionFactory.makeNamedType;114;;
Class.forName;net.sourceforge.pmd.renderers.internal.sarif.SarifLog$ToolExecutionNotification;sun.reflect.generics.factory.CoreReflectionFactory.makeNamedType;114;;
Class.forName;net.sourceforge.pmd.stat.DataPoint;sun.reflect.generics.factory.CoreReflectionFactory.makeNamedType;114;;
Class.forName;net.sourceforge.pmd.stat.Metric;sun.reflect.generics.factory.CoreReflectionFactory.makeNamedType;114;;
Class.forName;net.sourceforge.pmd.util.DataMap$DataKey;sun.reflect.generics.factory.CoreReflectionFactory.makeNamedType;114;;
Class.forName;net.sourceforge.pmd.util.DataMap$SimpleDataKey;sun.reflect.generics.factory.CoreReflectionFactory.makeNamedType;114;;
Class.forName;net.sourceforge.pmd.util.DataMap;sun.reflect.generics.factory.CoreReflectionFactory.makeNamedType;114;;
Class.forName;net.sourceforge.pmd.util.Predicate;sun.reflect.generics.factory.CoreReflectionFactory.makeNamedType;114;;
Class.forName;net.sourceforge.pmd.util.SearchFunction;sun.reflect.generics.factory.CoreReflectionFactory.makeNamedType;114;;
Class.forName;net.sourceforge.pmd.util.database.SourceObject;sun.reflect.generics.factory.CoreReflectionFactory.makeNamedType;114;;
Class.forName;net.sourceforge.pmd.util.datasource.DataSource;sun.reflect.generics.factory.CoreReflectionFactory.makeNamedType;114;;
Class.forName;net.sourceforge.pmd.util.designer.LineGetter;sun.reflect.generics.factory.CoreReflectionFactory.makeNamedType;114;;
Class.forName;net.sourceforge.pmd.util.filter.AbstractCompoundFilter;sun.reflect.generics.factory.CoreReflectionFactory.makeNamedType;114;;
Class.forName;net.sourceforge.pmd.util.filter.Filter;sun.reflect.generics.factory.CoreReflectionFactory.makeNamedType;114;;
Class.forName;net.sourceforge.pmd.util.log.MessageReporter$Level;sun.reflect.generics.factory.CoreReflectionFactory.makeNamedType;114;;
Class.forName;net.sourceforge.pmd.util.log.MessageReporter;sun.reflect.generics.factory.CoreReflectionFactory.makeNamedType;114;;
Class.forName;net.sourceforge.pmd.util.treeexport.TreeRendererDescriptor;sun.reflect.generics.factory.CoreReflectionFactory.makeNamedType;114;;
Class.forName;org.apache.commons.lang3.mutable.Mutable;sun.reflect.generics.factory.CoreReflectionFactory.makeNamedType;114;;
Class.forName;org.apache.commons.lang3.mutable.MutableInt;sun.reflect.generics.factory.CoreReflectionFactory.makeNamedType;114;;
Class.forName;org.apache.xerces.parsers.ObjectFactory;org.apache.xerces.parsers.ObjectFactory.class$;;;
Class.forName;org.dacapo.harness.Pmd;org.dacapo.harness.TestHarness.findClass;274;;
Class.forName;org.jaxen.XPath;sun.reflect.generics.factory.CoreReflectionFactory.makeNamedType;114;;
Class.forName;org.w3c.dom.Element;sun.reflect.generics.factory.CoreReflectionFactory.makeNamedType;114;;
Class.forName;org.w3c.dom.Node;sun.reflect.generics.factory.CoreReflectionFactory.makeNamedType;114;;
Class.forName;sun.security.provider.MD5;java.security.Provider$Service.getImplClass;1933;;
Class.forName;sun.security.provider.SHA;java.security.Provider$Service.getImplClass;1933;;
Class.forName;sun.text.resources.cldr.FormatData;sun.util.resources.Bundles.findBundleOf;205;;
Class.forName;sun.text.resources.cldr.FormatData_en;sun.util.resources.Bundles.findBundleOf;205;;
Class.forName;sun.text.resources.cldr.ext.FormatData_en_001;sun.util.resources.provider.LocaleDataProvider.loadResourceBundle;54;;
Class.forName;sun.text.resources.cldr.ext.FormatData_en_AU;sun.util.resources.provider.LocaleDataProvider.loadResourceBundle;54;;
Class.forName;sun.util.cldr.CLDRLocaleProviderAdapter;sun.util.locale.provider.LocaleProviderAdapter.forType;187;;
Class.forName;sun.util.logging.internal.LoggingProviderImpl;java.util.ServiceLoader.loadProvider;859;;
Class.forName;sun.util.resources.cldr.provider.CLDRLocaleDataMetaInfo;java.util.ServiceLoader.loadProvider;859;;
Class.forName;sun.util.resources.provider.LocaleDataProvider;java.util.ServiceLoader.loadProvider;859;;
Class.newInstance;com.beust.jcommander.converters.CommaParameterSplitter;com.beust.jcommander.JCommander.convertToList;1326;;
Class.newInstance;com.beust.jcommander.validators.NoValidator;com.beust.jcommander.ParameterDescription.validateParameter;300;;
Class.newInstance;com.beust.jcommander.validators.NoValueValidator;com.beust.jcommander.ParameterDescription.validateValueParameter;285;;
Class.newInstance;com.beust.jcommander.validators.PositiveInteger;com.beust.jcommander.ParameterDescription.validateParameter;300;;
Class.newInstance;java.util.concurrent.ConcurrentHashMap;net.sf.saxon.type.TypeHierarchy.<init>;61;;
Class.newInstance;jdk.internal.reflect.GeneratedConstructorAccessor100;jdk.internal.reflect.MethodAccessorGenerator$1.run;405;;
Class.newInstance;jdk.internal.reflect.GeneratedConstructorAccessor101;jdk.internal.reflect.MethodAccessorGenerator$1.run;405;;
Class.newInstance;jdk.internal.reflect.GeneratedConstructorAccessor102;jdk.internal.reflect.MethodAccessorGenerator$1.run;405;;
Class.newInstance;jdk.internal.reflect.GeneratedConstructorAccessor103;jdk.internal.reflect.MethodAccessorGenerator$1.run;405;;
Class.newInstance;jdk.internal.reflect.GeneratedConstructorAccessor104;jdk.internal.reflect.MethodAccessorGenerator$1.run;405;;
Class.newInstance;jdk.internal.reflect.GeneratedConstructorAccessor105;jdk.internal.reflect.MethodAccessorGenerator$1.run;405;;
Class.newInstance;jdk.internal.reflect.GeneratedConstructorAccessor106;jdk.internal.reflect.MethodAccessorGenerator$1.run;405;;
Class.newInstance;jdk.internal.reflect.GeneratedConstructorAccessor107;jdk.internal.reflect.MethodAccessorGenerator$1.run;405;;
Class.newInstance;jdk.internal.reflect.GeneratedConstructorAccessor108;jdk.internal.reflect.MethodAccessorGenerator$1.run;405;;
Class.newInstance;jdk.internal.reflect.GeneratedConstructorAccessor109;jdk.internal.reflect.MethodAccessorGenerator$1.run;405;;
Class.newInstance;jdk.internal.reflect.GeneratedConstructorAccessor10;jdk.internal.reflect.MethodAccessorGenerator$1.run;405;;
Class.newInstance;jdk.internal.reflect.GeneratedConstructorAccessor110;jdk.internal.reflect.MethodAccessorGenerator$1.run;405;;
Class.newInstance;jdk.internal.reflect.GeneratedConstructorAccessor111;jdk.internal.reflect.MethodAccessorGenerator$1.run;405;;
Class.newInstance;jdk.internal.reflect.GeneratedConstructorAccessor112;jdk.internal.reflect.MethodAccessorGenerator$1.run;405;;
Class.newInstance;jdk.internal.reflect.GeneratedConstructorAccessor11;jdk.internal.reflect.MethodAccessorGenerator$1.run;405;;
Class.newInstance;jdk.internal.reflect.GeneratedConstructorAccessor12;jdk.internal.reflect.MethodAccessorGenerator$1.run;405;;
Class.newInstance;jdk.internal.reflect.GeneratedConstructorAccessor13;jdk.internal.reflect.MethodAccessorGenerator$1.run;405;;
Class.newInstance;jdk.internal.reflect.GeneratedConstructorAccessor14;jdk.internal.reflect.MethodAccessorGenerator$1.run;405;;
Class.newInstance;jdk.internal.reflect.GeneratedConstructorAccessor15;jdk.internal.reflect.MethodAccessorGenerator$1.run;405;;
Class.newInstance;jdk.internal.reflect.GeneratedConstructorAccessor16;jdk.internal.reflect.MethodAccessorGenerator$1.run;405;;
Class.newInstance;jdk.internal.reflect.GeneratedConstructorAccessor17;jdk.internal.reflect.MethodAccessorGenerator$1.run;405;;
Class.newInstance;jdk.internal.reflect.GeneratedConstructorAccessor18;jdk.internal.reflect.MethodAccessorGenerator$1.run;405;;
Class.newInstance;jdk.internal.reflect.GeneratedConstructorAccessor19;jdk.internal.reflect.MethodAccessorGenerator$1.run;405;;
Class.newInstance;jdk.internal.reflect.GeneratedConstructorAccessor1;jdk.internal.reflect.MethodAccessorGenerator$1.run;405;;
Class.newInstance;jdk.internal.reflect.GeneratedConstructorAccessor20;jdk.internal.reflect.MethodAccessorGenerator$1.run;405;;
Class.newInstance;jdk.internal.reflect.GeneratedConstructorAccessor21;jdk.internal.reflect.MethodAccessorGenerator$1.run;405;;
Class.newInstance;jdk.internal.reflect.GeneratedConstructorAccessor22;jdk.internal.reflect.MethodAccessorGenerator$1.run;405;;
Class.newInstance;jdk.internal.reflect.GeneratedConstructorAccessor23;jdk.internal.reflect.MethodAccessorGenerator$1.run;405;;
Class.newInstance;jdk.internal.reflect.GeneratedConstructorAccessor24;jdk.internal.reflect.MethodAccessorGenerator$1.run;405;;
Class.newInstance;jdk.internal.reflect.GeneratedConstructorAccessor25;jdk.internal.reflect.MethodAccessorGenerator$1.run;405;;
Class.newInstance;jdk.internal.reflect.GeneratedConstructorAccessor26;jdk.internal.reflect.MethodAccessorGenerator$1.run;405;;
Class.newInstance;jdk.internal.reflect.GeneratedConstructorAccessor27;jdk.internal.reflect.MethodAccessorGenerator$1.run;405;;
Class.newInstance;jdk.internal.reflect.GeneratedConstructorAccessor28;jdk.internal.reflect.MethodAccessorGenerator$1.run;405;;
Class.newInstance;jdk.internal.reflect.GeneratedConstructorAccessor29;jdk.internal.reflect.MethodAccessorGenerator$1.run;405;;
Class.newInstance;jdk.internal.reflect.GeneratedConstructorAccessor2;jdk.internal.reflect.MethodAccessorGenerator$1.run;405;;
Class.newInstance;jdk.internal.reflect.GeneratedConstructorAccessor30;jdk.internal.reflect.MethodAccessorGenerator$1.run;405;;
Class.newInstance;jdk.internal.reflect.GeneratedConstructorAccessor31;jdk.internal.reflect.MethodAccessorGenerator$1.run;405;;
Class.newInstance;jdk.internal.reflect.GeneratedConstructorAccessor32;jdk.internal.reflect.MethodAccessorGenerator$1.run;405;;
Class.newInstance;jdk.internal.reflect.GeneratedConstructorAccessor33;jdk.internal.reflect.MethodAccessorGenerator$1.run;405;;
Class.newInstance;jdk.internal.reflect.GeneratedConstructorAccessor34;jdk.internal.reflect.MethodAccessorGenerator$1.run;405;;
Class.newInstance;jdk.internal.reflect.GeneratedConstructorAccessor35;jdk.internal.reflect.MethodAccessorGenerator$1.run;405;;
Class.newInstance;jdk.internal.reflect.GeneratedConstructorAccessor36;jdk.internal.reflect.MethodAccessorGenerator$1.run;405;;
Class.newInstance;jdk.internal.reflect.GeneratedConstructorAccessor37;jdk.internal.reflect.MethodAccessorGenerator$1.run;405;;
Class.newInstance;jdk.internal.reflect.GeneratedConstructorAccessor38;jdk.internal.reflect.MethodAccessorGenerator$1.run;405;;
Class.newInstance;jdk.internal.reflect.GeneratedConstructorAccessor39;jdk.internal.reflect.MethodAccessorGenerator$1.run;405;;
Class.newInstance;jdk.internal.reflect.GeneratedConstructorAccessor3;jdk.internal.reflect.MethodAccessorGenerator$1.run;405;;
Class.newInstance;jdk.internal.reflect.GeneratedConstructorAccessor40;jdk.internal.reflect.MethodAccessorGenerator$1.run;405;;
Class.newInstance;jdk.internal.reflect.GeneratedConstructorAccessor41;jdk.internal.reflect.MethodAccessorGenerator$1.run;405;;
Class.newInstance;jdk.internal.reflect.GeneratedConstructorAccessor42;jdk.internal.reflect.MethodAccessorGenerator$1.run;405;;
Class.newInstance;jdk.internal.reflect.GeneratedConstructorAccessor43;jdk.internal.reflect.MethodAccessorGenerator$1.run;405;;
Class.newInstance;jdk.internal.reflect.GeneratedConstructorAccessor44;jdk.internal.reflect.MethodAccessorGenerator$1.run;405;;
Class.newInstance;jdk.internal.reflect.GeneratedConstructorAccessor45;jdk.internal.reflect.MethodAccessorGenerator$1.run;405;;
Class.newInstance;jdk.internal.reflect.GeneratedConstructorAccessor46;jdk.internal.reflect.MethodAccessorGenerator$1.run;405;;
Class.newInstance;jdk.internal.reflect.GeneratedConstructorAccessor47;jdk.internal.reflect.MethodAccessorGenerator$1.run;405;;
Class.newInstance;jdk.internal.reflect.GeneratedConstructorAccessor48;jdk.internal.reflect.MethodAccessorGenerator$1.run;405;;
Class.newInstance;jdk.internal.reflect.GeneratedConstructorAccessor49;jdk.internal.reflect.MethodAccessorGenerator$1.run;405;;
Class.newInstance;jdk.internal.reflect.GeneratedConstructorAccessor4;jdk.internal.reflect.MethodAccessorGenerator$1.run;405;;
Class.newInstance;jdk.internal.reflect.GeneratedConstructorAccessor50;jdk.internal.reflect.MethodAccessorGenerator$1.run;405;;
Class.newInstance;jdk.internal.reflect.GeneratedConstructorAccessor51;jdk.internal.reflect.MethodAccessorGenerator$1.run;405;;
Class.newInstance;jdk.internal.reflect.GeneratedConstructorAccessor52;jdk.internal.reflect.MethodAccessorGenerator$1.run;405;;
Class.newInstance;jdk.internal.reflect.GeneratedConstructorAccessor53;jdk.internal.reflect.MethodAccessorGenerator$1.run;405;;
Class.newInstance;jdk.internal.reflect.GeneratedConstructorAccessor54;jdk.internal.reflect.MethodAccessorGenerator$1.run;405;;
Class.newInstance;jdk.internal.reflect.GeneratedConstructorAccessor55;jdk.internal.reflect.MethodAccessorGenerator$1.run;405;;
Class.newInstance;jdk.internal.reflect.GeneratedConstructorAccessor56;jdk.internal.reflect.MethodAccessorGenerator$1.run;405;;
Class.newInstance;jdk.internal.reflect.GeneratedConstructorAccessor57;jdk.internal.reflect.MethodAccessorGenerator$1.run;405;;
Class.newInstance;jdk.internal.reflect.GeneratedConstructorAccessor58;jdk.internal.reflect.MethodAccessorGenerator$1.run;405;;
Class.newInstance;jdk.internal.reflect.GeneratedConstructorAccessor59;jdk.internal.reflect.MethodAccessorGenerator$1.run;405;;
Class.newInstance;jdk.internal.reflect.GeneratedConstructorAccessor5;jdk.internal.reflect.MethodAccessorGenerator$1.run;405;;
Class.newInstance;jdk.internal.reflect.GeneratedConstructorAccessor60;jdk.internal.reflect.MethodAccessorGenerator$1.run;405;;
Class.newInstance;jdk.internal.reflect.GeneratedConstructorAccessor61;jdk.internal.reflect.MethodAccessorGenerator$1.run;405;;
Class.newInstance;jdk.internal.reflect.GeneratedConstructorAccessor62;jdk.internal.reflect.MethodAccessorGenerator$1.run;405;;
Class.newInstance;jdk.internal.reflect.GeneratedConstructorAccessor63;jdk.internal.reflect.MethodAccessorGenerator$1.run;405;;
Class.newInstance;jdk.internal.reflect.GeneratedConstructorAccessor64;jdk.internal.reflect.MethodAccessorGenerator$1.run;405;;
Class.newInstance;jdk.internal.reflect.GeneratedConstructorAccessor65;jdk.internal.reflect.MethodAccessorGenerator$1.run;405;;
Class.newInstance;jdk.internal.reflect.GeneratedConstructorAccessor66;jdk.internal.reflect.MethodAccessorGenerator$1.run;405;;
Class.newInstance;jdk.internal.reflect.GeneratedConstructorAccessor67;jdk.internal.reflect.MethodAccessorGenerator$1.run;405;;
Class.newInstance;jdk.internal.reflect.GeneratedConstructorAccessor68;jdk.internal.reflect.MethodAccessorGenerator$1.run;405;;
Class.newInstance;jdk.internal.reflect.GeneratedConstructorAccessor69;jdk.internal.reflect.MethodAccessorGenerator$1.run;405;;
Class.newInstance;jdk.internal.reflect.GeneratedConstructorAccessor6;jdk.internal.reflect.MethodAccessorGenerator$1.run;405;;
Class.newInstance;jdk.internal.reflect.GeneratedConstructorAccessor70;jdk.internal.reflect.MethodAccessorGenerator$1.run;405;;
Class.newInstance;jdk.internal.reflect.GeneratedConstructorAccessor71;jdk.internal.reflect.MethodAccessorGenerator$1.run;405;;
Class.newInstance;jdk.internal.reflect.GeneratedConstructorAccessor72;jdk.internal.reflect.MethodAccessorGenerator$1.run;405;;
Class.newInstance;jdk.internal.reflect.GeneratedConstructorAccessor73;jdk.internal.reflect.MethodAccessorGenerator$1.run;405;;
Class.newInstance;jdk.internal.reflect.GeneratedConstructorAccessor74;jdk.internal.reflect.MethodAccessorGenerator$1.run;405;;
Class.newInstance;jdk.internal.reflect.GeneratedConstructorAccessor75;jdk.internal.reflect.MethodAccessorGenerator$1.run;405;;
Class.newInstance;jdk.internal.reflect.GeneratedConstructorAccessor76;jdk.internal.reflect.MethodAccessorGenerator$1.run;405;;
Class.newInstance;jdk.internal.reflect.GeneratedConstructorAccessor77;jdk.internal.reflect.MethodAccessorGenerator$1.run;405;;
Class.newInstance;jdk.internal.reflect.GeneratedConstructorAccessor78;jdk.internal.reflect.MethodAccessorGenerator$1.run;405;;
Class.newInstance;jdk.internal.reflect.GeneratedConstructorAccessor79;jdk.internal.reflect.MethodAccessorGenerator$1.run;405;;
Class.newInstance;jdk.internal.reflect.GeneratedConstructorAccessor7;jdk.internal.reflect.MethodAccessorGenerator$1.run;405;;
Class.newInstance;jdk.internal.reflect.GeneratedConstructorAccessor80;jdk.internal.reflect.MethodAccessorGenerator$1.run;405;;
Class.newInstance;jdk.internal.reflect.GeneratedConstructorAccessor81;jdk.internal.reflect.MethodAccessorGenerator$1.run;405;;
Class.newInstance;jdk.internal.reflect.GeneratedConstructorAccessor82;jdk.internal.reflect.MethodAccessorGenerator$1.run;405;;
Class.newInstance;jdk.internal.reflect.GeneratedConstructorAccessor83;jdk.internal.reflect.MethodAccessorGenerator$1.run;405;;
Class.newInstance;jdk.internal.reflect.GeneratedConstructorAccessor84;jdk.internal.reflect.MethodAccessorGenerator$1.run;405;;
Class.newInstance;jdk.internal.reflect.GeneratedConstructorAccessor85;jdk.internal.reflect.MethodAccessorGenerator$1.run;405;;
Class.newInstance;jdk.internal.reflect.GeneratedConstructorAccessor86;jdk.internal.reflect.MethodAccessorGenerator$1.run;405;;
Class.newInstance;jdk.internal.reflect.GeneratedConstructorAccessor87;jdk.internal.reflect.MethodAccessorGenerator$1.run;405;;
Class.newInstance;jdk.internal.reflect.GeneratedConstructorAccessor88;jdk.internal.reflect.MethodAccessorGenerator$1.run;405;;
Class.newInstance;jdk.internal.reflect.GeneratedConstructorAccessor89;jdk.internal.reflect.MethodAccessorGenerator$1.run;405;;
Class.newInstance;jdk.internal.reflect.GeneratedConstructorAccessor8;jdk.internal.reflect.MethodAccessorGenerator$1.run;405;;
Class.newInstance;jdk.internal.reflect.GeneratedConstructorAccessor90;jdk.internal.reflect.MethodAccessorGenerator$1.run;405;;
Class.newInstance;jdk.internal.reflect.GeneratedConstructorAccessor91;jdk.internal.reflect.MethodAccessorGenerator$1.run;405;;
Class.newInstance;jdk.internal.reflect.GeneratedConstructorAccessor92;jdk.internal.reflect.MethodAccessorGenerator$1.run;405;;
Class.newInstance;jdk.internal.reflect.GeneratedConstructorAccessor93;jdk.internal.reflect.MethodAccessorGenerator$1.run;405;;
Class.newInstance;jdk.internal.reflect.GeneratedConstructorAccessor94;jdk.internal.reflect.MethodAccessorGenerator$1.run;405;;
Class.newInstance;jdk.internal.reflect.GeneratedConstructorAccessor95;jdk.internal.reflect.MethodAccessorGenerator$1.run;405;;
Class.newInstance;jdk.internal.reflect.GeneratedConstructorAccessor96;jdk.internal.reflect.MethodAccessorGenerator$1.run;405;;
Class.newInstance;jdk.internal.reflect.GeneratedConstructorAccessor97;jdk.internal.reflect.MethodAccessorGenerator$1.run;405;;
Class.newInstance;jdk.internal.reflect.GeneratedConstructorAccessor98;jdk.internal.reflect.MethodAccessorGenerator$1.run;405;;
Class.newInstance;jdk.internal.reflect.GeneratedConstructorAccessor99;jdk.internal.reflect.MethodAccessorGenerator$1.run;405;;
Class.newInstance;jdk.internal.reflect.GeneratedConstructorAccessor9;jdk.internal.reflect.MethodAccessorGenerator$1.run;405;;
Class.newInstance;jdk.internal.reflect.GeneratedMethodAccessor10;jdk.internal.reflect.MethodAccessorGenerator$1.run;405;;
Class.newInstance;jdk.internal.reflect.GeneratedMethodAccessor11;jdk.internal.reflect.MethodAccessorGenerator$1.run;405;;
Class.newInstance;jdk.internal.reflect.GeneratedMethodAccessor12;jdk.internal.reflect.MethodAccessorGenerator$1.run;405;;
Class.newInstance;jdk.internal.reflect.GeneratedMethodAccessor13;jdk.internal.reflect.MethodAccessorGenerator$1.run;405;;
Class.newInstance;jdk.internal.reflect.GeneratedMethodAccessor14;jdk.internal.reflect.MethodAccessorGenerator$1.run;405;;
Class.newInstance;jdk.internal.reflect.GeneratedMethodAccessor15;jdk.internal.reflect.MethodAccessorGenerator$1.run;405;;
Class.newInstance;jdk.internal.reflect.GeneratedMethodAccessor16;jdk.internal.reflect.MethodAccessorGenerator$1.run;405;;
Class.newInstance;jdk.internal.reflect.GeneratedMethodAccessor17;jdk.internal.reflect.MethodAccessorGenerator$1.run;405;;
Class.newInstance;jdk.internal.reflect.GeneratedMethodAccessor18;jdk.internal.reflect.MethodAccessorGenerator$1.run;405;;
Class.newInstance;jdk.internal.reflect.GeneratedMethodAccessor19;jdk.internal.reflect.MethodAccessorGenerator$1.run;405;;
Class.newInstance;jdk.internal.reflect.GeneratedMethodAccessor1;jdk.internal.reflect.MethodAccessorGenerator$1.run;405;;
Class.newInstance;jdk.internal.reflect.GeneratedMethodAccessor20;jdk.internal.reflect.MethodAccessorGenerator$1.run;405;;
Class.newInstance;jdk.internal.reflect.GeneratedMethodAccessor21;jdk.internal.reflect.MethodAccessorGenerator$1.run;405;;
Class.newInstance;jdk.internal.reflect.GeneratedMethodAccessor22;jdk.internal.reflect.MethodAccessorGenerator$1.run;405;;
Class.newInstance;jdk.internal.reflect.GeneratedMethodAccessor23;jdk.internal.reflect.MethodAccessorGenerator$1.run;405;;
Class.newInstance;jdk.internal.reflect.GeneratedMethodAccessor24;jdk.internal.reflect.MethodAccessorGenerator$1.run;405;;
Class.newInstance;jdk.internal.reflect.GeneratedMethodAccessor25;jdk.internal.reflect.MethodAccessorGenerator$1.run;405;;
Class.newInstance;jdk.internal.reflect.GeneratedMethodAccessor26;jdk.internal.reflect.MethodAccessorGenerator$1.run;405;;
Class.newInstance;jdk.internal.reflect.GeneratedMethodAccessor27;jdk.internal.reflect.MethodAccessorGenerator$1.run;405;;
Class.newInstance;jdk.internal.reflect.GeneratedMethodAccessor28;jdk.internal.reflect.MethodAccessorGenerator$1.run;405;;
Class.newInstance;jdk.internal.reflect.GeneratedMethodAccessor29;jdk.internal.reflect.MethodAccessorGenerator$1.run;405;;
Class.newInstance;jdk.internal.reflect.GeneratedMethodAccessor2;jdk.internal.reflect.MethodAccessorGenerator$1.run;405;;
Class.newInstance;jdk.internal.reflect.GeneratedMethodAccessor30;jdk.internal.reflect.MethodAccessorGenerator$1.run;405;;
Class.newInstance;jdk.internal.reflect.GeneratedMethodAccessor31;jdk.internal.reflect.MethodAccessorGenerator$1.run;405;;
Class.newInstance;jdk.internal.reflect.GeneratedMethodAccessor32;jdk.internal.reflect.MethodAccessorGenerator$1.run;405;;
Class.newInstance;jdk.internal.reflect.GeneratedMethodAccessor33;jdk.internal.reflect.MethodAccessorGenerator$1.run;405;;
Class.newInstance;jdk.internal.reflect.GeneratedMethodAccessor34;jdk.internal.reflect.MethodAccessorGenerator$1.run;405;;
Class.newInstance;jdk.internal.reflect.GeneratedMethodAccessor35;jdk.internal.reflect.MethodAccessorGenerator$1.run;405;;
Class.newInstance;jdk.internal.reflect.GeneratedMethodAccessor36;jdk.internal.reflect.MethodAccessorGenerator$1.run;405;;
Class.newInstance;jdk.internal.reflect.GeneratedMethodAccessor37;jdk.internal.reflect.MethodAccessorGenerator$1.run;405;;
Class.newInstance;jdk.internal.reflect.GeneratedMethodAccessor38;jdk.internal.reflect.MethodAccessorGenerator$1.run;405;;
Class.newInstance;jdk.internal.reflect.GeneratedMethodAccessor39;jdk.internal.reflect.MethodAccessorGenerator$1.run;405;;
Class.newInstance;jdk.internal.reflect.GeneratedMethodAccessor3;jdk.internal.reflect.MethodAccessorGenerator$1.run;405;;
Class.newInstance;jdk.internal.reflect.GeneratedMethodAccessor40;jdk.internal.reflect.MethodAccessorGenerator$1.run;405;;
Class.newInstance;jdk.internal.reflect.GeneratedMethodAccessor41;jdk.internal.reflect.MethodAccessorGenerator$1.run;405;;
Class.newInstance;jdk.internal.reflect.GeneratedMethodAccessor42;jdk.internal.reflect.MethodAccessorGenerator$1.run;405;;
Class.newInstance;jdk.internal.reflect.GeneratedMethodAccessor43;jdk.internal.reflect.MethodAccessorGenerator$1.run;405;;
Class.newInstance;jdk.internal.reflect.GeneratedMethodAccessor44;jdk.internal.reflect.MethodAccessorGenerator$1.run;405;;
Class.newInstance;jdk.internal.reflect.GeneratedMethodAccessor45;jdk.internal.reflect.MethodAccessorGenerator$1.run;405;;
Class.newInstance;jdk.internal.reflect.GeneratedMethodAccessor46;jdk.internal.reflect.MethodAccessorGenerator$1.run;405;;
Class.newInstance;jdk.internal.reflect.GeneratedMethodAccessor47;jdk.internal.reflect.MethodAccessorGenerator$1.run;405;;
Class.newInstance;jdk.internal.reflect.GeneratedMethodAccessor48;jdk.internal.reflect.MethodAccessorGenerator$1.run;405;;
Class.newInstance;jdk.internal.reflect.GeneratedMethodAccessor49;jdk.internal.reflect.MethodAccessorGenerator$1.run;405;;
Class.newInstance;jdk.internal.reflect.GeneratedMethodAccessor4;jdk.internal.reflect.MethodAccessorGenerator$1.run;405;;
Class.newInstance;jdk.internal.reflect.GeneratedMethodAccessor50;jdk.internal.reflect.MethodAccessorGenerator$1.run;405;;
Class.newInstance;jdk.internal.reflect.GeneratedMethodAccessor51;jdk.internal.reflect.MethodAccessorGenerator$1.run;405;;
Class.newInstance;jdk.internal.reflect.GeneratedMethodAccessor52;jdk.internal.reflect.MethodAccessorGenerator$1.run;405;;
Class.newInstance;jdk.internal.reflect.GeneratedMethodAccessor5;jdk.internal.reflect.MethodAccessorGenerator$1.run;405;;
Class.newInstance;jdk.internal.reflect.GeneratedMethodAccessor6;jdk.internal.reflect.MethodAccessorGenerator$1.run;405;;
Class.newInstance;jdk.internal.reflect.GeneratedMethodAccessor7;jdk.internal.reflect.MethodAccessorGenerator$1.run;405;;
Class.newInstance;jdk.internal.reflect.GeneratedMethodAccessor8;jdk.internal.reflect.MethodAccessorGenerator$1.run;405;;
Class.newInstance;jdk.internal.reflect.GeneratedMethodAccessor9;jdk.internal.reflect.MethodAccessorGenerator$1.run;405;;
Class.newInstance;net.sf.saxon.dom.DOMEnvelope;net.sf.saxon.trans.DynamicLoader.getInstance;117;;
Class.newInstance;net.sf.saxon.dom.DOMObjectModel;net.sf.saxon.trans.DynamicLoader.getInstance;117;;
Class.newInstance;net.sf.saxon.functions.Aggregate;net.sf.saxon.functions.SystemFunction.makeSystemFunction;33;;
Class.newInstance;net.sf.saxon.functions.Aggregate;net.sf.saxon.functions.SystemFunctionLibrary.bind;134;;
Class.newInstance;net.sf.saxon.functions.BooleanFn;net.sf.saxon.functions.SystemFunction.makeSystemFunction;33;;
Class.newInstance;net.sf.saxon.functions.BooleanFn;net.sf.saxon.functions.SystemFunctionLibrary.bind;134;;
Class.newInstance;net.sf.saxon.functions.Concat;net.sf.saxon.functions.SystemFunction.makeSystemFunction;33;;
Class.newInstance;net.sf.saxon.functions.Concat;net.sf.saxon.functions.SystemFunctionLibrary.bind;134;;
Class.newInstance;net.sf.saxon.functions.Contains;net.sf.saxon.functions.SystemFunction.makeSystemFunction;33;;
Class.newInstance;net.sf.saxon.functions.Contains;net.sf.saxon.functions.SystemFunctionLibrary.bind;134;;
Class.newInstance;net.sf.saxon.functions.DistinctValues;net.sf.saxon.functions.SystemFunction.makeSystemFunction;33;;
Class.newInstance;net.sf.saxon.functions.DistinctValues;net.sf.saxon.functions.SystemFunctionLibrary.bind;134;;
Class.newInstance;net.sf.saxon.functions.Existence;net.sf.saxon.functions.SystemFunction.makeSystemFunction;33;;
Class.newInstance;net.sf.saxon.functions.Existence;net.sf.saxon.functions.SystemFunctionLibrary.bind;134;;
Class.newInstance;net.sf.saxon.functions.ExtensionFunctionCall;net.sf.saxon.functions.JavaExtensionFunctionFactory.makeExtensionFunctionCall;53;;
Class.newInstance;net.sf.saxon.functions.ForceCase;net.sf.saxon.functions.SystemFunction.makeSystemFunction;33;;
Class.newInstance;net.sf.saxon.functions.ForceCase;net.sf.saxon.functions.SystemFunctionLibrary.bind;134;;
Class.newInstance;net.sf.saxon.functions.IndexOf;net.sf.saxon.functions.SystemFunction.makeSystemFunction;33;;
Class.newInstance;net.sf.saxon.functions.IndexOf;net.sf.saxon.functions.SystemFunctionLibrary.bind;134;;
Class.newInstance;net.sf.saxon.functions.ItemAt;net.sf.saxon.functions.VendorFunctionLibrary.bind;141;;
Class.newInstance;net.sf.saxon.functions.Last;net.sf.saxon.functions.SystemFunction.makeSystemFunction;33;;
Class.newInstance;net.sf.saxon.functions.Last;net.sf.saxon.functions.SystemFunctionLibrary.bind;134;;
Class.newInstance;net.sf.saxon.functions.Matches;net.sf.saxon.functions.SystemFunction.makeSystemFunction;33;;
Class.newInstance;net.sf.saxon.functions.Matches;net.sf.saxon.functions.SystemFunctionLibrary.bind;134;;
Class.newInstance;net.sf.saxon.functions.NamePart;net.sf.saxon.functions.SystemFunction.makeSystemFunction;33;;
Class.newInstance;net.sf.saxon.functions.NamePart;net.sf.saxon.functions.SystemFunctionLibrary.bind;134;;
Class.newInstance;net.sf.saxon.functions.Position;net.sf.saxon.functions.SystemFunction.makeSystemFunction;33;;
Class.newInstance;net.sf.saxon.functions.Position;net.sf.saxon.functions.SystemFunctionLibrary.bind;134;;
Class.newInstance;net.sf.saxon.functions.Reverse;net.sf.saxon.functions.SystemFunction.makeSystemFunction;33;;
Class.newInstance;net.sf.saxon.functions.StringLength;net.sf.saxon.functions.SystemFunction.makeSystemFunction;33;;
Class.newInstance;net.sf.saxon.functions.StringLength;net.sf.saxon.functions.SystemFunctionLibrary.bind;134;;
Class.newInstance;net.sf.saxon.functions.Tokenize;net.sf.saxon.functions.SystemFunction.makeSystemFunction;33;;
Class.newInstance;net.sf.saxon.functions.Tokenize;net.sf.saxon.functions.SystemFunctionLibrary.bind;134;;
Class.newInstance;net.sourceforge.pmd.cli.PMDParameters$PathToRelativizeRootValidator;com.beust.jcommander.ParameterDescription.validateValueParameter;285;;
Class.newInstance;net.sourceforge.pmd.cli.PMDParameters$RulePriorityValidator;com.beust.jcommander.ParameterDescription.validateValueParameter;285;;
Class.newInstance;net.sourceforge.pmd.lang.java.rule.bestpractices.AbstractClassWithoutAbstractMethodRule;net.sourceforge.pmd.lang.rule.AbstractRule.deepCopy;463;;
Class.newInstance;net.sourceforge.pmd.lang.java.rule.bestpractices.AbstractClassWithoutAbstractMethodRule;net.sourceforge.pmd.util.ResourceLoader.loadRuleFromClassPath;139;;
Class.newInstance;net.sourceforge.pmd.lang.java.rule.bestpractices.AccessorClassGenerationRule;net.sourceforge.pmd.lang.rule.AbstractRule.deepCopy;463;;
Class.newInstance;net.sourceforge.pmd.lang.java.rule.bestpractices.AccessorClassGenerationRule;net.sourceforge.pmd.util.ResourceLoader.loadRuleFromClassPath;139;;
Class.newInstance;net.sourceforge.pmd.lang.java.rule.bestpractices.AccessorMethodGenerationRule;net.sourceforge.pmd.lang.rule.AbstractRule.deepCopy;463;;
Class.newInstance;net.sourceforge.pmd.lang.java.rule.bestpractices.AccessorMethodGenerationRule;net.sourceforge.pmd.util.ResourceLoader.loadRuleFromClassPath;139;;
Class.newInstance;net.sourceforge.pmd.lang.java.rule.bestpractices.AvoidReassigningParametersRule;net.sourceforge.pmd.lang.rule.AbstractRule.deepCopy;463;;
Class.newInstance;net.sourceforge.pmd.lang.java.rule.bestpractices.AvoidReassigningParametersRule;net.sourceforge.pmd.util.ResourceLoader.loadRuleFromClassPath;139;;
Class.newInstance;net.sourceforge.pmd.lang.java.rule.bestpractices.AvoidUsingHardCodedIPRule;net.sourceforge.pmd.lang.rule.AbstractRule.deepCopy;463;;
Class.newInstance;net.sourceforge.pmd.lang.java.rule.bestpractices.AvoidUsingHardCodedIPRule;net.sourceforge.pmd.util.ResourceLoader.loadRuleFromClassPath;139;;
Class.newInstance;net.sourceforge.pmd.lang.java.rule.bestpractices.CheckResultSetRule;net.sourceforge.pmd.lang.rule.AbstractRule.deepCopy;463;;
Class.newInstance;net.sourceforge.pmd.lang.java.rule.bestpractices.CheckResultSetRule;net.sourceforge.pmd.util.ResourceLoader.loadRuleFromClassPath;139;;
Class.newInstance;net.sourceforge.pmd.lang.java.rule.bestpractices.PositionLiteralsFirstInCaseInsensitiveComparisonsRule;net.sourceforge.pmd.lang.rule.AbstractRule.deepCopy;463;;
Class.newInstance;net.sourceforge.pmd.lang.java.rule.bestpractices.PositionLiteralsFirstInCaseInsensitiveComparisonsRule;net.sourceforge.pmd.util.ResourceLoader.loadRuleFromClassPath;139;;
Class.newInstance;net.sourceforge.pmd.lang.java.rule.bestpractices.PositionLiteralsFirstInComparisonsRule;net.sourceforge.pmd.lang.rule.AbstractRule.deepCopy;463;;
Class.newInstance;net.sourceforge.pmd.lang.java.rule.bestpractices.PositionLiteralsFirstInComparisonsRule;net.sourceforge.pmd.util.ResourceLoader.loadRuleFromClassPath;139;;
Class.newInstance;net.sourceforge.pmd.lang.java.rule.bestpractices.PreserveStackTraceRule;net.sourceforge.pmd.lang.rule.AbstractRule.deepCopy;463;;
Class.newInstance;net.sourceforge.pmd.lang.java.rule.bestpractices.PreserveStackTraceRule;net.sourceforge.pmd.util.ResourceLoader.loadRuleFromClassPath;139;;
Class.newInstance;net.sourceforge.pmd.lang.java.rule.bestpractices.UnusedImportsRule;net.sourceforge.pmd.lang.rule.AbstractRule.deepCopy;463;;
Class.newInstance;net.sourceforge.pmd.lang.java.rule.bestpractices.UnusedImportsRule;net.sourceforge.pmd.util.ResourceLoader.loadRuleFromClassPath;139;;
Class.newInstance;net.sourceforge.pmd.lang.java.rule.bestpractices.UseCollectionIsEmptyRule;net.sourceforge.pmd.lang.rule.AbstractRule.deepCopy;463;;
Class.newInstance;net.sourceforge.pmd.lang.java.rule.bestpractices.UseCollectionIsEmptyRule;net.sourceforge.pmd.util.ResourceLoader.loadRuleFromClassPath;139;;
Class.newInstance;net.sourceforge.pmd.lang.java.rule.codestyle.AtLeastOneConstructorRule;net.sourceforge.pmd.lang.rule.AbstractRule.deepCopy;463;;
Class.newInstance;net.sourceforge.pmd.lang.java.rule.codestyle.AtLeastOneConstructorRule;net.sourceforge.pmd.util.ResourceLoader.loadRuleFromClassPath;139;;
Class.newInstance;net.sourceforge.pmd.lang.java.rule.codestyle.AvoidDollarSignsRule;net.sourceforge.pmd.lang.rule.AbstractRule.deepCopy;463;;
Class.newInstance;net.sourceforge.pmd.lang.java.rule.codestyle.AvoidDollarSignsRule;net.sourceforge.pmd.util.ResourceLoader.loadRuleFromClassPath;139;;
Class.newInstance;net.sourceforge.pmd.lang.java.rule.codestyle.ClassNamingConventionsRule;net.sourceforge.pmd.lang.rule.AbstractRule.deepCopy;463;;
Class.newInstance;net.sourceforge.pmd.lang.java.rule.codestyle.ClassNamingConventionsRule;net.sourceforge.pmd.util.ResourceLoader.loadRuleFromClassPath;139;;
Class.newInstance;net.sourceforge.pmd.lang.java.rule.codestyle.CommentDefaultAccessModifierRule;net.sourceforge.pmd.lang.rule.AbstractRule.deepCopy;463;;
Class.newInstance;net.sourceforge.pmd.lang.java.rule.codestyle.CommentDefaultAccessModifierRule;net.sourceforge.pmd.util.ResourceLoader.loadRuleFromClassPath;139;;
Class.newInstance;net.sourceforge.pmd.lang.java.rule.codestyle.ConfusingTernaryRule;net.sourceforge.pmd.lang.rule.AbstractRule.deepCopy;463;;
Class.newInstance;net.sourceforge.pmd.lang.java.rule.codestyle.ConfusingTernaryRule;net.sourceforge.pmd.util.ResourceLoader.loadRuleFromClassPath;139;;
Class.newInstance;net.sourceforge.pmd.lang.java.rule.codestyle.DontImportJavaLangRule;net.sourceforge.pmd.lang.rule.AbstractRule.deepCopy;463;;
Class.newInstance;net.sourceforge.pmd.lang.java.rule.codestyle.DontImportJavaLangRule;net.sourceforge.pmd.util.ResourceLoader.loadRuleFromClassPath;139;;
Class.newInstance;net.sourceforge.pmd.lang.java.rule.codestyle.DuplicateImportsRule;net.sourceforge.pmd.lang.rule.AbstractRule.deepCopy;463;;
Class.newInstance;net.sourceforge.pmd.lang.java.rule.codestyle.DuplicateImportsRule;net.sourceforge.pmd.util.ResourceLoader.loadRuleFromClassPath;139;;
Class.newInstance;net.sourceforge.pmd.lang.java.rule.codestyle.FieldDeclarationsShouldBeAtStartOfClassRule;net.sourceforge.pmd.lang.rule.AbstractRule.deepCopy;463;;
Class.newInstance;net.sourceforge.pmd.lang.java.rule.codestyle.FieldDeclarationsShouldBeAtStartOfClassRule;net.sourceforge.pmd.util.ResourceLoader.loadRuleFromClassPath;139;;
Class.newInstance;net.sourceforge.pmd.lang.java.rule.codestyle.LocalVariableCouldBeFinalRule;net.sourceforge.pmd.lang.rule.AbstractRule.deepCopy;463;;
Class.newInstance;net.sourceforge.pmd.lang.java.rule.codestyle.LocalVariableCouldBeFinalRule;net.sourceforge.pmd.util.ResourceLoader.loadRuleFromClassPath;139;;
Class.newInstance;net.sourceforge.pmd.lang.java.rule.codestyle.MethodArgumentCouldBeFinalRule;net.sourceforge.pmd.lang.rule.AbstractRule.deepCopy;463;;
Class.newInstance;net.sourceforge.pmd.lang.java.rule.codestyle.MethodArgumentCouldBeFinalRule;net.sourceforge.pmd.util.ResourceLoader.loadRuleFromClassPath;139;;
Class.newInstance;net.sourceforge.pmd.lang.java.rule.codestyle.MethodNamingConventionsRule;net.sourceforge.pmd.lang.rule.AbstractRule.deepCopy;463;;
Class.newInstance;net.sourceforge.pmd.lang.java.rule.codestyle.MethodNamingConventionsRule;net.sourceforge.pmd.util.ResourceLoader.loadRuleFromClassPath;139;;
Class.newInstance;net.sourceforge.pmd.lang.java.rule.codestyle.OnlyOneReturnRule;net.sourceforge.pmd.lang.rule.AbstractRule.deepCopy;463;;
Class.newInstance;net.sourceforge.pmd.lang.java.rule.codestyle.OnlyOneReturnRule;net.sourceforge.pmd.util.ResourceLoader.loadRuleFromClassPath;139;;
Class.newInstance;net.sourceforge.pmd.lang.java.rule.codestyle.PrematureDeclarationRule;net.sourceforge.pmd.lang.rule.AbstractRule.deepCopy;463;;
Class.newInstance;net.sourceforge.pmd.lang.java.rule.codestyle.PrematureDeclarationRule;net.sourceforge.pmd.util.ResourceLoader.loadRuleFromClassPath;139;;
Class.newInstance;net.sourceforge.pmd.lang.java.rule.codestyle.UnnecessaryConstructorRule;net.sourceforge.pmd.lang.rule.AbstractRule.deepCopy;463;;
Class.newInstance;net.sourceforge.pmd.lang.java.rule.codestyle.UnnecessaryConstructorRule;net.sourceforge.pmd.util.ResourceLoader.loadRuleFromClassPath;139;;
Class.newInstance;net.sourceforge.pmd.lang.java.rule.codestyle.UnnecessaryFullyQualifiedNameRule;net.sourceforge.pmd.lang.rule.AbstractRule.deepCopy;463;;
Class.newInstance;net.sourceforge.pmd.lang.java.rule.codestyle.UnnecessaryFullyQualifiedNameRule;net.sourceforge.pmd.util.ResourceLoader.loadRuleFromClassPath;139;;
Class.newInstance;net.sourceforge.pmd.lang.java.rule.codestyle.UnnecessaryLocalBeforeReturnRule;net.sourceforge.pmd.lang.rule.AbstractRule.deepCopy;463;;
Class.newInstance;net.sourceforge.pmd.lang.java.rule.codestyle.UnnecessaryLocalBeforeReturnRule;net.sourceforge.pmd.util.ResourceLoader.loadRuleFromClassPath;139;;
Class.newInstance;net.sourceforge.pmd.lang.java.rule.codestyle.VariableNamingConventionsRule;net.sourceforge.pmd.lang.rule.AbstractRule.deepCopy;463;;
Class.newInstance;net.sourceforge.pmd.lang.java.rule.codestyle.VariableNamingConventionsRule;net.sourceforge.pmd.util.ResourceLoader.loadRuleFromClassPath;139;;
Class.newInstance;net.sourceforge.pmd.lang.java.rule.design.AvoidDeeplyNestedIfStmtsRule;net.sourceforge.pmd.lang.rule.AbstractRule.deepCopy;463;;
Class.newInstance;net.sourceforge.pmd.lang.java.rule.design.AvoidDeeplyNestedIfStmtsRule;net.sourceforge.pmd.util.ResourceLoader.loadRuleFromClassPath;139;;
Class.newInstance;net.sourceforge.pmd.lang.java.rule.design.CyclomaticComplexityRule;net.sourceforge.pmd.lang.rule.AbstractRule.deepCopy;463;;
Class.newInstance;net.sourceforge.pmd.lang.java.rule.design.CyclomaticComplexityRule;net.sourceforge.pmd.util.ResourceLoader.loadRuleFromClassPath;139;;
Class.newInstance;net.sourceforge.pmd.lang.java.rule.design.DataClassRule;net.sourceforge.pmd.lang.rule.AbstractRule.deepCopy;463;;
Class.newInstance;net.sourceforge.pmd.lang.java.rule.design.DataClassRule;net.sourceforge.pmd.util.ResourceLoader.loadRuleFromClassPath;139;;
Class.newInstance;net.sourceforge.pmd.lang.java.rule.design.ExcessiveClassLengthRule;net.sourceforge.pmd.lang.rule.AbstractRule.deepCopy;463;;
Class.newInstance;net.sourceforge.pmd.lang.java.rule.design.ExcessiveClassLengthRule;net.sourceforge.pmd.util.ResourceLoader.loadRuleFromClassPath;139;;
Class.newInstance;net.sourceforge.pmd.lang.java.rule.design.ExcessiveMethodLengthRule;net.sourceforge.pmd.lang.rule.AbstractRule.deepCopy;463;;
Class.newInstance;net.sourceforge.pmd.lang.java.rule.design.ExcessiveMethodLengthRule;net.sourceforge.pmd.util.ResourceLoader.loadRuleFromClassPath;139;;
Class.newInstance;net.sourceforge.pmd.lang.java.rule.design.ExcessiveParameterListRule;net.sourceforge.pmd.lang.rule.AbstractRule.deepCopy;463;;
Class.newInstance;net.sourceforge.pmd.lang.java.rule.design.ExcessiveParameterListRule;net.sourceforge.pmd.util.ResourceLoader.loadRuleFromClassPath;139;;
Class.newInstance;net.sourceforge.pmd.lang.java.rule.design.ExcessivePublicCountRule;net.sourceforge.pmd.lang.rule.AbstractRule.deepCopy;463;;
Class.newInstance;net.sourceforge.pmd.lang.java.rule.design.ExcessivePublicCountRule;net.sourceforge.pmd.util.ResourceLoader.loadRuleFromClassPath;139;;
Class.newInstance;net.sourceforge.pmd.lang.java.rule.design.GodClassRule;net.sourceforge.pmd.lang.rule.AbstractRule.deepCopy;463;;
Class.newInstance;net.sourceforge.pmd.lang.java.rule.design.GodClassRule;net.sourceforge.pmd.util.ResourceLoader.loadRuleFromClassPath;139;;
Class.newInstance;net.sourceforge.pmd.lang.java.rule.design.ImmutableFieldRule;net.sourceforge.pmd.lang.rule.AbstractRule.deepCopy;463;;
Class.newInstance;net.sourceforge.pmd.lang.java.rule.design.ImmutableFieldRule;net.sourceforge.pmd.util.ResourceLoader.loadRuleFromClassPath;139;;
Class.newInstance;net.sourceforge.pmd.lang.java.rule.design.ModifiedCyclomaticComplexityRule;net.sourceforge.pmd.lang.rule.AbstractRule.deepCopy;463;;
Class.newInstance;net.sourceforge.pmd.lang.java.rule.design.ModifiedCyclomaticComplexityRule;net.sourceforge.pmd.util.ResourceLoader.loadRuleFromClassPath;139;;
Class.newInstance;net.sourceforge.pmd.lang.java.rule.design.NPathComplexityRule;net.sourceforge.pmd.lang.rule.AbstractRule.deepCopy;463;;
Class.newInstance;net.sourceforge.pmd.lang.java.rule.design.NPathComplexityRule;net.sourceforge.pmd.util.ResourceLoader.loadRuleFromClassPath;139;;
Class.newInstance;net.sourceforge.pmd.lang.java.rule.design.NcssConstructorCountRule;net.sourceforge.pmd.lang.rule.AbstractRule.deepCopy;463;;
Class.newInstance;net.sourceforge.pmd.lang.java.rule.design.NcssConstructorCountRule;net.sourceforge.pmd.util.ResourceLoader.loadRuleFromClassPath;139;;
Class.newInstance;net.sourceforge.pmd.lang.java.rule.design.NcssCountRule;net.sourceforge.pmd.lang.rule.AbstractRule.deepCopy;463;;
Class.newInstance;net.sourceforge.pmd.lang.java.rule.design.NcssCountRule;net.sourceforge.pmd.util.ResourceLoader.loadRuleFromClassPath;139;;
Class.newInstance;net.sourceforge.pmd.lang.java.rule.design.NcssMethodCountRule;net.sourceforge.pmd.lang.rule.AbstractRule.deepCopy;463;;
Class.newInstance;net.sourceforge.pmd.lang.java.rule.design.NcssMethodCountRule;net.sourceforge.pmd.util.ResourceLoader.loadRuleFromClassPath;139;;
Class.newInstance;net.sourceforge.pmd.lang.java.rule.design.NcssTypeCountRule;net.sourceforge.pmd.lang.rule.AbstractRule.deepCopy;463;;
Class.newInstance;net.sourceforge.pmd.lang.java.rule.design.NcssTypeCountRule;net.sourceforge.pmd.util.ResourceLoader.loadRuleFromClassPath;139;;
Class.newInstance;net.sourceforge.pmd.lang.java.rule.design.SimplifyBooleanReturnsRule;net.sourceforge.pmd.lang.rule.AbstractRule.deepCopy;463;;
Class.newInstance;net.sourceforge.pmd.lang.java.rule.design.SimplifyBooleanReturnsRule;net.sourceforge.pmd.util.ResourceLoader.loadRuleFromClassPath;139;;
Class.newInstance;net.sourceforge.pmd.lang.java.rule.design.SingularFieldRule;net.sourceforge.pmd.lang.rule.AbstractRule.deepCopy;463;;
Class.newInstance;net.sourceforge.pmd.lang.java.rule.design.SingularFieldRule;net.sourceforge.pmd.util.ResourceLoader.loadRuleFromClassPath;139;;
Class.newInstance;net.sourceforge.pmd.lang.java.rule.design.StdCyclomaticComplexityRule;net.sourceforge.pmd.lang.rule.AbstractRule.deepCopy;463;;
Class.newInstance;net.sourceforge.pmd.lang.java.rule.design.StdCyclomaticComplexityRule;net.sourceforge.pmd.util.ResourceLoader.loadRuleFromClassPath;139;;
Class.newInstance;net.sourceforge.pmd.lang.java.rule.design.SwitchDensityRule;net.sourceforge.pmd.lang.rule.AbstractRule.deepCopy;463;;
Class.newInstance;net.sourceforge.pmd.lang.java.rule.design.SwitchDensityRule;net.sourceforge.pmd.util.ResourceLoader.loadRuleFromClassPath;139;;
Class.newInstance;net.sourceforge.pmd.lang.java.rule.design.TooManyFieldsRule;net.sourceforge.pmd.lang.rule.AbstractRule.deepCopy;463;;
Class.newInstance;net.sourceforge.pmd.lang.java.rule.design.TooManyFieldsRule;net.sourceforge.pmd.util.ResourceLoader.loadRuleFromClassPath;139;;
Class.newInstance;net.sourceforge.pmd.lang.java.rule.design.UseUtilityClassRule;net.sourceforge.pmd.lang.rule.AbstractRule.deepCopy;463;;
Class.newInstance;net.sourceforge.pmd.lang.java.rule.design.UseUtilityClassRule;net.sourceforge.pmd.util.ResourceLoader.loadRuleFromClassPath;139;;
Class.newInstance;net.sourceforge.pmd.lang.java.rule.documentation.CommentContentRule;net.sourceforge.pmd.lang.rule.AbstractRule.deepCopy;463;;
Class.newInstance;net.sourceforge.pmd.lang.java.rule.documentation.CommentContentRule;net.sourceforge.pmd.util.ResourceLoader.loadRuleFromClassPath;139;;
Class.newInstance;net.sourceforge.pmd.lang.java.rule.documentation.CommentRequiredRule;net.sourceforge.pmd.lang.rule.AbstractRule.deepCopy;463;;
Class.newInstance;net.sourceforge.pmd.lang.java.rule.documentation.CommentRequiredRule;net.sourceforge.pmd.util.ResourceLoader.loadRuleFromClassPath;139;;
Class.newInstance;net.sourceforge.pmd.lang.java.rule.documentation.CommentSizeRule;net.sourceforge.pmd.lang.rule.AbstractRule.deepCopy;463;;
Class.newInstance;net.sourceforge.pmd.lang.java.rule.documentation.CommentSizeRule;net.sourceforge.pmd.util.ResourceLoader.loadRuleFromClassPath;139;;
Class.newInstance;net.sourceforge.pmd.lang.java.rule.errorprone.AssignmentInOperandRule;net.sourceforge.pmd.lang.rule.AbstractRule.deepCopy;463;;
Class.newInstance;net.sourceforge.pmd.lang.java.rule.errorprone.AssignmentInOperandRule;net.sourceforge.pmd.util.ResourceLoader.loadRuleFromClassPath;139;;
Class.newInstance;net.sourceforge.pmd.lang.java.rule.errorprone.AssignmentToNonFinalStaticRule;net.sourceforge.pmd.lang.rule.AbstractRule.deepCopy;463;;
Class.newInstance;net.sourceforge.pmd.lang.java.rule.errorprone.AssignmentToNonFinalStaticRule;net.sourceforge.pmd.util.ResourceLoader.loadRuleFromClassPath;139;;
Class.newInstance;net.sourceforge.pmd.lang.java.rule.errorprone.AvoidBranchingStatementAsLastInLoopRule;net.sourceforge.pmd.lang.rule.AbstractRule.deepCopy;463;;
Class.newInstance;net.sourceforge.pmd.lang.java.rule.errorprone.AvoidBranchingStatementAsLastInLoopRule;net.sourceforge.pmd.util.ResourceLoader.loadRuleFromClassPath;139;;
Class.newInstance;net.sourceforge.pmd.lang.java.rule.errorprone.AvoidCallingFinalizeRule;net.sourceforge.pmd.lang.rule.AbstractRule.deepCopy;463;;
Class.newInstance;net.sourceforge.pmd.lang.java.rule.errorprone.AvoidCallingFinalizeRule;net.sourceforge.pmd.util.ResourceLoader.loadRuleFromClassPath;139;;
Class.newInstance;net.sourceforge.pmd.lang.java.rule.errorprone.AvoidFieldNameMatchingMethodNameRule;net.sourceforge.pmd.lang.rule.AbstractRule.deepCopy;463;;
Class.newInstance;net.sourceforge.pmd.lang.java.rule.errorprone.AvoidFieldNameMatchingMethodNameRule;net.sourceforge.pmd.util.ResourceLoader.loadRuleFromClassPath;139;;
Class.newInstance;net.sourceforge.pmd.lang.java.rule.errorprone.AvoidFieldNameMatchingTypeNameRule;net.sourceforge.pmd.lang.rule.AbstractRule.deepCopy;463;;
Class.newInstance;net.sourceforge.pmd.lang.java.rule.errorprone.AvoidFieldNameMatchingTypeNameRule;net.sourceforge.pmd.util.ResourceLoader.loadRuleFromClassPath;139;;
Class.newInstance;net.sourceforge.pmd.lang.java.rule.errorprone.AvoidMultipleUnaryOperatorsRule;net.sourceforge.pmd.lang.rule.AbstractRule.deepCopy;463;;
Class.newInstance;net.sourceforge.pmd.lang.java.rule.errorprone.AvoidMultipleUnaryOperatorsRule;net.sourceforge.pmd.util.ResourceLoader.loadRuleFromClassPath;139;;
Class.newInstance;net.sourceforge.pmd.lang.java.rule.errorprone.AvoidUsingOctalValuesRule;net.sourceforge.pmd.lang.rule.AbstractRule.deepCopy;463;;
Class.newInstance;net.sourceforge.pmd.lang.java.rule.errorprone.AvoidUsingOctalValuesRule;net.sourceforge.pmd.util.ResourceLoader.loadRuleFromClassPath;139;;
Class.newInstance;net.sourceforge.pmd.lang.java.rule.errorprone.BrokenNullCheckRule;net.sourceforge.pmd.lang.rule.AbstractRule.deepCopy;463;;
Class.newInstance;net.sourceforge.pmd.lang.java.rule.errorprone.BrokenNullCheckRule;net.sourceforge.pmd.util.ResourceLoader.loadRuleFromClassPath;139;;
Class.newInstance;net.sourceforge.pmd.lang.java.rule.errorprone.CheckSkipResultRule;net.sourceforge.pmd.lang.rule.AbstractRule.deepCopy;463;;
Class.newInstance;net.sourceforge.pmd.lang.java.rule.errorprone.CheckSkipResultRule;net.sourceforge.pmd.util.ResourceLoader.loadRuleFromClassPath;139;;
Class.newInstance;net.sourceforge.pmd.lang.java.rule.errorprone.CloneMethodMustImplementCloneableRule;net.sourceforge.pmd.lang.rule.AbstractRule.deepCopy;463;;
Class.newInstance;net.sourceforge.pmd.lang.java.rule.errorprone.CloneMethodMustImplementCloneableRule;net.sourceforge.pmd.util.ResourceLoader.loadRuleFromClassPath;139;;
Class.newInstance;net.sourceforge.pmd.lang.java.rule.errorprone.CloseResourceRule;net.sourceforge.pmd.lang.rule.AbstractRule.deepCopy;463;;
Class.newInstance;net.sourceforge.pmd.lang.java.rule.errorprone.CloseResourceRule;net.sourceforge.pmd.util.ResourceLoader.loadRuleFromClassPath;139;;
Class.newInstance;net.sourceforge.pmd.lang.java.rule.errorprone.ConstructorCallsOverridableMethodRule;net.sourceforge.pmd.lang.rule.AbstractRule.deepCopy;463;;
Class.newInstance;net.sourceforge.pmd.lang.java.rule.errorprone.ConstructorCallsOverridableMethodRule;net.sourceforge.pmd.util.ResourceLoader.loadRuleFromClassPath;139;;
Class.newInstance;net.sourceforge.pmd.lang.java.rule.errorprone.DataflowAnomalyAnalysisRule;net.sourceforge.pmd.lang.rule.AbstractRule.deepCopy;463;;
Class.newInstance;net.sourceforge.pmd.lang.java.rule.errorprone.DataflowAnomalyAnalysisRule;net.sourceforge.pmd.util.ResourceLoader.loadRuleFromClassPath;139;;
Class.newInstance;net.sourceforge.pmd.lang.java.rule.errorprone.DontImportSunRule;net.sourceforge.pmd.lang.rule.AbstractRule.deepCopy;463;;
Class.newInstance;net.sourceforge.pmd.lang.java.rule.errorprone.DontImportSunRule;net.sourceforge.pmd.util.ResourceLoader.loadRuleFromClassPath;139;;
Class.newInstance;net.sourceforge.pmd.lang.java.rule.errorprone.IdempotentOperationsRule;net.sourceforge.pmd.lang.rule.AbstractRule.deepCopy;463;;
Class.newInstance;net.sourceforge.pmd.lang.java.rule.errorprone.IdempotentOperationsRule;net.sourceforge.pmd.util.ResourceLoader.loadRuleFromClassPath;139;;
Class.newInstance;net.sourceforge.pmd.lang.java.rule.errorprone.ImportFromSamePackageRule;net.sourceforge.pmd.lang.rule.AbstractRule.deepCopy;463;;
Class.newInstance;net.sourceforge.pmd.lang.java.rule.errorprone.ImportFromSamePackageRule;net.sourceforge.pmd.util.ResourceLoader.loadRuleFromClassPath;139;;
Class.newInstance;net.sourceforge.pmd.lang.java.rule.errorprone.MethodWithSameNameAsEnclosingClassRule;net.sourceforge.pmd.lang.rule.AbstractRule.deepCopy;463;;
Class.newInstance;net.sourceforge.pmd.lang.java.rule.errorprone.MethodWithSameNameAsEnclosingClassRule;net.sourceforge.pmd.util.ResourceLoader.loadRuleFromClassPath;139;;
Class.newInstance;net.sourceforge.pmd.lang.java.rule.errorprone.NullAssignmentRule;net.sourceforge.pmd.lang.rule.AbstractRule.deepCopy;463;;
Class.newInstance;net.sourceforge.pmd.lang.java.rule.errorprone.NullAssignmentRule;net.sourceforge.pmd.util.ResourceLoader.loadRuleFromClassPath;139;;
Class.newInstance;net.sourceforge.pmd.lang.java.rule.errorprone.OverrideBothEqualsAndHashcodeRule;net.sourceforge.pmd.lang.rule.AbstractRule.deepCopy;463;;
Class.newInstance;net.sourceforge.pmd.lang.java.rule.errorprone.OverrideBothEqualsAndHashcodeRule;net.sourceforge.pmd.util.ResourceLoader.loadRuleFromClassPath;139;;
Class.newInstance;net.sourceforge.pmd.lang.java.rule.errorprone.ProperCloneImplementationRule;net.sourceforge.pmd.lang.rule.AbstractRule.deepCopy;463;;
Class.newInstance;net.sourceforge.pmd.lang.java.rule.errorprone.ProperCloneImplementationRule;net.sourceforge.pmd.util.ResourceLoader.loadRuleFromClassPath;139;;
Class.newInstance;net.sourceforge.pmd.lang.java.rule.errorprone.SingleMethodSingletonRule;net.sourceforge.pmd.lang.rule.AbstractRule.deepCopy;463;;
Class.newInstance;net.sourceforge.pmd.lang.java.rule.errorprone.SingleMethodSingletonRule;net.sourceforge.pmd.util.ResourceLoader.loadRuleFromClassPath;139;;
Class.newInstance;net.sourceforge.pmd.lang.java.rule.errorprone.SingletonClassReturningNewInstanceRule;net.sourceforge.pmd.lang.rule.AbstractRule.deepCopy;463;;
Class.newInstance;net.sourceforge.pmd.lang.java.rule.errorprone.SingletonClassReturningNewInstanceRule;net.sourceforge.pmd.util.ResourceLoader.loadRuleFromClassPath;139;;
Class.newInstance;net.sourceforge.pmd.lang.java.rule.errorprone.SuspiciousHashcodeMethodNameRule;net.sourceforge.pmd.lang.rule.AbstractRule.deepCopy;463;;
Class.newInstance;net.sourceforge.pmd.lang.java.rule.errorprone.SuspiciousHashcodeMethodNameRule;net.sourceforge.pmd.util.ResourceLoader.loadRuleFromClassPath;139;;
Class.newInstance;net.sourceforge.pmd.lang.java.rule.errorprone.SuspiciousOctalEscapeRule;net.sourceforge.pmd.lang.rule.AbstractRule.deepCopy;463;;
Class.newInstance;net.sourceforge.pmd.lang.java.rule.errorprone.SuspiciousOctalEscapeRule;net.sourceforge.pmd.util.ResourceLoader.loadRuleFromClassPath;139;;
Class.newInstance;net.sourceforge.pmd.lang.java.rule.multithreading.DoubleCheckedLockingRule;net.sourceforge.pmd.lang.rule.AbstractRule.deepCopy;463;;
Class.newInstance;net.sourceforge.pmd.lang.java.rule.multithreading.DoubleCheckedLockingRule;net.sourceforge.pmd.util.ResourceLoader.loadRuleFromClassPath;139;;
Class.newInstance;net.sourceforge.pmd.lang.java.rule.multithreading.NonThreadSafeSingletonRule;net.sourceforge.pmd.lang.rule.AbstractRule.deepCopy;463;;
Class.newInstance;net.sourceforge.pmd.lang.java.rule.multithreading.NonThreadSafeSingletonRule;net.sourceforge.pmd.util.ResourceLoader.loadRuleFromClassPath;139;;
Class.newInstance;net.sourceforge.pmd.lang.java.rule.multithreading.UnsynchronizedStaticDateFormatterRule;net.sourceforge.pmd.lang.rule.AbstractRule.deepCopy;463;;
Class.newInstance;net.sourceforge.pmd.lang.java.rule.multithreading.UnsynchronizedStaticDateFormatterRule;net.sourceforge.pmd.util.ResourceLoader.loadRuleFromClassPath;139;;
Class.newInstance;net.sourceforge.pmd.lang.java.rule.performance.AvoidInstantiatingObjectsInLoopsRule;net.sourceforge.pmd.lang.rule.AbstractRule.deepCopy;463;;
Class.newInstance;net.sourceforge.pmd.lang.java.rule.performance.AvoidInstantiatingObjectsInLoopsRule;net.sourceforge.pmd.util.ResourceLoader.loadRuleFromClassPath;139;;
Class.newInstance;net.sourceforge.pmd.lang.java.rule.performance.BigIntegerInstantiationRule;net.sourceforge.pmd.lang.rule.AbstractRule.deepCopy;463;;
Class.newInstance;net.sourceforge.pmd.lang.java.rule.performance.BigIntegerInstantiationRule;net.sourceforge.pmd.util.ResourceLoader.loadRuleFromClassPath;139;;
Class.newInstance;net.sourceforge.pmd.lang.java.rule.performance.BooleanInstantiationRule;net.sourceforge.pmd.lang.rule.AbstractRule.deepCopy;463;;
Class.newInstance;net.sourceforge.pmd.lang.java.rule.performance.BooleanInstantiationRule;net.sourceforge.pmd.util.ResourceLoader.loadRuleFromClassPath;139;;
Class.newInstance;net.sourceforge.pmd.lang.java.rule.performance.RedundantFieldInitializerRule;net.sourceforge.pmd.lang.rule.AbstractRule.deepCopy;463;;
Class.newInstance;net.sourceforge.pmd.lang.java.rule.performance.RedundantFieldInitializerRule;net.sourceforge.pmd.util.ResourceLoader.loadRuleFromClassPath;139;;
Class.newInstance;net.sourceforge.pmd.lang.java.rule.performance.UnnecessaryWrapperObjectCreationRule;net.sourceforge.pmd.lang.rule.AbstractRule.deepCopy;463;;
Class.newInstance;net.sourceforge.pmd.lang.java.rule.performance.UnnecessaryWrapperObjectCreationRule;net.sourceforge.pmd.util.ResourceLoader.loadRuleFromClassPath;139;;
Class.newInstance;net.sourceforge.pmd.lang.java.rule.performance.UseStringBufferForStringAppendsRule;net.sourceforge.pmd.lang.rule.AbstractRule.deepCopy;463;;
Class.newInstance;net.sourceforge.pmd.lang.java.rule.performance.UseStringBufferForStringAppendsRule;net.sourceforge.pmd.util.ResourceLoader.loadRuleFromClassPath;139;;
Class.newInstance;net.sourceforge.pmd.lang.rule.XPathRule;net.sourceforge.pmd.lang.rule.AbstractRule.deepCopy;463;;
Class.newInstance;net.sourceforge.pmd.lang.rule.XPathRule;net.sourceforge.pmd.util.ResourceLoader.loadRuleFromClassPath;139;;
Class.newInstance;org.apache.xerces.impl.dv.dtd.DTDDVFactoryImpl;org.apache.xerces.impl.dv.ObjectFactory.newInstance;;;
Class.newInstance;org.apache.xerces.jaxp.DocumentBuilderFactoryImpl;javax.xml.parsers.FactoryFinder.newInstance;;;
Class.newInstance;org.apache.xerces.parsers.XIncludeAwareParserConfiguration;org.apache.xerces.parsers.ObjectFactory.newInstance;;;
Class.newInstance;sun.text.resources.cldr.ext.FormatData_en_001;sun.util.resources.provider.LocaleDataProvider.loadResourceBundle;58;;
Class.newInstance;sun.text.resources.cldr.ext.FormatData_en_AU;sun.util.resources.provider.LocaleDataProvider.loadResourceBundle;58;;
Constructor.newInstance;<com.beust.jcommander.converters.BooleanConverter: void <init>(java.lang.String)>;com.beust.jcommander.JCommander.instantiateConverter;1351;isAccessible=false;
Constructor.newInstance;<com.beust.jcommander.converters.IntegerConverter: void <init>(java.lang.String)>;com.beust.jcommander.JCommander.instantiateConverter;1351;isAccessible=false;
Constructor.newInstance;<com.beust.jcommander.converters.StringConverter: void <init>()>;com.beust.jcommander.JCommander.instantiateConverter;1351;isAccessible=false;
Constructor.newInstance;<com.sun.org.apache.xerces.internal.jaxp.datatype.DatatypeFactoryImpl: void <init>()>;javax.xml.datatype.FactoryFinder.newInstance;189;isAccessible=false;
Constructor.newInstance;<java.lang.Class$$Lambda$64: void <init>()>;java.lang.invoke.InnerClassLambdaMetafactory.buildCallSite;261;isAccessible=true;
Constructor.newInstance;<java.lang.Module$$Lambda$24: void <init>()>;java.lang.invoke.InnerClassLambdaMetafactory.buildCallSite;261;isAccessible=true;
Constructor.newInstance;<java.lang.invoke.VarHandleByteArrayAsInts$ArrayHandle$$Lambda$40: void <init>()>;java.lang.invoke.InnerClassLambdaMetafactory.buildCallSite;261;isAccessible=true;
Constructor.newInstance;<java.lang.invoke.VarHandleByteArrayAsLongs$ArrayHandle$$Lambda$41: void <init>()>;java.lang.invoke.InnerClassLambdaMetafactory.buildCallSite;261;isAccessible=true;
Constructor.newInstance;<java.lang.module.ModuleDescriptor$Builder$$Lambda$34: void <init>()>;java.lang.invoke.InnerClassLambdaMetafactory.buildCallSite;261;isAccessible=true;
Constructor.newInstance;<java.lang.reflect.Executable$$Lambda$18: void <init>()>;java.lang.invoke.InnerClassLambdaMetafactory.buildCallSite;261;isAccessible=true;
Constructor.newInstance;<java.lang.reflect.Executable$$Lambda$81: void <init>()>;java.lang.invoke.InnerClassLambdaMetafactory.buildCallSite;261;isAccessible=true;
Constructor.newInstance;<java.lang.reflect.Proxy$$Lambda$54: void <init>()>;java.lang.invoke.InnerClassLambdaMetafactory.buildCallSite;261;isAccessible=true;
Constructor.newInstance;<java.lang.reflect.Proxy$ProxyBuilder$$Lambda$55: void <init>()>;java.lang.invoke.InnerClassLambdaMetafactory.buildCallSite;261;isAccessible=true;
Constructor.newInstance;<java.lang.reflect.ProxyGenerator$$Lambda$58: void <init>()>;java.lang.invoke.InnerClassLambdaMetafactory.buildCallSite;261;isAccessible=true;
Constructor.newInstance;<java.lang.reflect.ProxyGenerator$$Lambda$59: void <init>()>;java.lang.invoke.InnerClassLambdaMetafactory.buildCallSite;261;isAccessible=true;
Constructor.newInstance;<java.nio.file.Files$$Lambda$30: void <init>()>;java.lang.invoke.InnerClassLambdaMetafactory.buildCallSite;261;isAccessible=true;
Constructor.newInstance;<java.text.DecimalFormatSymbols$$Lambda$59: void <init>()>;java.lang.invoke.InnerClassLambdaMetafactory.buildCallSite;261;isAccessible=true;
Constructor.newInstance;<java.util.function.Function$$Lambda$27: void <init>()>;java.lang.invoke.InnerClassLambdaMetafactory.buildCallSite;261;isAccessible=true;
Constructor.newInstance;<java.util.logging.Level$$Lambda$41: void <init>()>;java.lang.invoke.InnerClassLambdaMetafactory.buildCallSite;261;isAccessible=true;
Constructor.newInstance;<java.util.logging.Level$KnownLevel$$Lambda$39: void <init>()>;java.lang.invoke.InnerClassLambdaMetafactory.buildCallSite;261;isAccessible=true;
Constructor.newInstance;<java.util.logging.Level$KnownLevel$$Lambda$40: void <init>()>;java.lang.invoke.InnerClassLambdaMetafactory.buildCallSite;261;isAccessible=true;
Constructor.newInstance;<java.util.logging.Level$KnownLevel$$Lambda$53: void <init>()>;java.lang.invoke.InnerClassLambdaMetafactory.buildCallSite;261;isAccessible=true;
Constructor.newInstance;<java.util.logging.SimpleFormatter$$Lambda$63: void <init>()>;java.lang.invoke.InnerClassLambdaMetafactory.buildCallSite;261;isAccessible=true;
Constructor.newInstance;<java.util.regex.CharPredicates$$Lambda$20: void <init>()>;java.lang.invoke.InnerClassLambdaMetafactory.buildCallSite;261;isAccessible=true;
Constructor.newInstance;<java.util.regex.CharPredicates$$Lambda$47: void <init>()>;java.lang.invoke.InnerClassLambdaMetafactory.buildCallSite;261;isAccessible=true;
Constructor.newInstance;<java.util.regex.CharPredicates$$Lambda$60: void <init>()>;java.lang.invoke.InnerClassLambdaMetafactory.buildCallSite;261;isAccessible=true;
Constructor.newInstance;<java.util.regex.Pattern$$Lambda$43: void <init>()>;java.lang.invoke.InnerClassLambdaMetafactory.buildCallSite;261;isAccessible=true;
Constructor.newInstance;<java.util.stream.Collectors$$Lambda$34: void <init>()>;java.lang.invoke.InnerClassLambdaMetafactory.buildCallSite;261;isAccessible=true;
Constructor.newInstance;<java.util.stream.Collectors$$Lambda$35: void <init>()>;java.lang.invoke.InnerClassLambdaMetafactory.buildCallSite;261;isAccessible=true;
Constructor.newInstance;<java.util.stream.Collectors$$Lambda$36: void <init>()>;java.lang.invoke.InnerClassLambdaMetafactory.buildCallSite;261;isAccessible=true;
Constructor.newInstance;<java.util.stream.Collectors$$Lambda$37: void <init>()>;java.lang.invoke.InnerClassLambdaMetafactory.buildCallSite;261;isAccessible=true;
Constructor.newInstance;<java.util.stream.Collectors$$Lambda$44: void <init>()>;java.lang.invoke.InnerClassLambdaMetafactory.buildCallSite;261;isAccessible=true;
Constructor.newInstance;<java.util.stream.Collectors$$Lambda$45: void <init>()>;java.lang.invoke.InnerClassLambdaMetafactory.buildCallSite;261;isAccessible=true;
Constructor.newInstance;<java.util.stream.Collectors$$Lambda$46: void <init>()>;java.lang.invoke.InnerClassLambdaMetafactory.buildCallSite;261;isAccessible=true;
Constructor.newInstance;<java.util.stream.FindOps$FindSink$OfInt$$Lambda$60: void <init>()>;java.lang.invoke.InnerClassLambdaMetafactory.buildCallSite;261;isAccessible=true;
Constructor.newInstance;<java.util.stream.FindOps$FindSink$OfInt$$Lambda$61: void <init>()>;java.lang.invoke.InnerClassLambdaMetafactory.buildCallSite;261;isAccessible=true;
Constructor.newInstance;<java.util.stream.FindOps$FindSink$OfInt$$Lambda$62: void <init>()>;java.lang.invoke.InnerClassLambdaMetafactory.buildCallSite;261;isAccessible=true;
Constructor.newInstance;<java.util.stream.FindOps$FindSink$OfInt$$Lambda$63: void <init>()>;java.lang.invoke.InnerClassLambdaMetafactory.buildCallSite;261;isAccessible=true;
Constructor.newInstance;<jdk.internal.jrtfs.JrtFileSystemProvider: void <init>()>;java.util.ServiceLoader$ProviderImpl.newInstance;789;isAccessible=true;
Constructor.newInstance;<jdk.nio.zipfs.ZipFileSystem$$Lambda$26: void <init>()>;java.lang.invoke.InnerClassLambdaMetafactory.buildCallSite;261;isAccessible=true;
Constructor.newInstance;<jdk.nio.zipfs.ZipFileSystemProvider: void <init>()>;java.util.ServiceLoader$ProviderImpl.newInstance;789;isAccessible=true;
Constructor.newInstance;<jdk.proxy1.$Proxy0: void <init>(java.lang.reflect.InvocationHandler)>;java.lang.reflect.Proxy.newProxyInstance;1053;isAccessible=true;
Constructor.newInstance;<jdk.proxy1.$Proxy2: void <init>(java.lang.reflect.InvocationHandler)>;java.lang.reflect.Proxy.newProxyInstance;1053;isAccessible=true;
Constructor.newInstance;<jdk.proxy2.$Proxy1: void <init>(java.lang.reflect.InvocationHandler)>;java.lang.reflect.Proxy.newProxyInstance;1053;isAccessible=true;
Constructor.newInstance;<jdk.xml.internal.SecuritySupport$$Lambda$48: void <init>()>;java.lang.invoke.InnerClassLambdaMetafactory.buildCallSite;261;isAccessible=true;
Constructor.newInstance;<net.sourceforge.pmd.lang.internal.DefaultRulechainVisitor: void <init>()>;net.sourceforge.pmd.RuleChain.getRuleChainVisitor;82;isAccessible=false;
Constructor.newInstance;<net.sourceforge.pmd.lang.java.JavaLanguageModule: void <init>()>;java.util.ServiceLoader$ProviderImpl.newInstance;789;isAccessible=false;
Constructor.newInstance;<net.sourceforge.pmd.renderers.TextRenderer: void <init>()>;net.sourceforge.pmd.renderers.RendererFactory.createRenderer;73;isAccessible=false;
Constructor.newInstance;<org.dacapo.harness.Benchmark$$Lambda$39: void <init>()>;java.lang.invoke.InnerClassLambdaMetafactory.buildCallSite;261;isAccessible=true;
Constructor.newInstance;<org.dacapo.harness.CommandLineArgs$$Lambda$31: void <init>()>;java.lang.invoke.InnerClassLambdaMetafactory.buildCallSite;261;isAccessible=true;
Constructor.newInstance;<org.dacapo.harness.CommandLineArgs$$Lambda$32: void <init>()>;java.lang.invoke.InnerClassLambdaMetafactory.buildCallSite;261;isAccessible=true;
Constructor.newInstance;<org.dacapo.harness.CommandLineArgs$$Lambda$33: void <init>()>;java.lang.invoke.InnerClassLambdaMetafactory.buildCallSite;261;isAccessible=true;
Constructor.newInstance;<org.dacapo.harness.Pmd: void <init>(org.dacapo.parser.Config,java.io.File,java.io.File)>;org.dacapo.harness.TestHarness.runBenchmark;218;isAccessible=false;
Constructor.newInstance;<sun.security.provider.MD5: void <init>()>;java.security.Provider$Service.newInstanceOf;1879;isAccessible=false;
Constructor.newInstance;<sun.security.provider.SHA: void <init>()>;java.security.Provider$Service.newInstanceOf;1879;isAccessible=false;
Constructor.newInstance;<sun.text.resources.cldr.FormatData: void <init>()>;java.util.ResourceBundle$ResourceBundleProviderHelper.newResourceBundle;3586;isAccessible=true;
Constructor.newInstance;<sun.text.resources.cldr.FormatData_en: void <init>()>;java.util.ResourceBundle$ResourceBundleProviderHelper.newResourceBundle;3586;isAccessible=true;
Constructor.newInstance;<sun.util.cldr.CLDRLocaleProviderAdapter$$Lambda$51: void <init>()>;java.lang.invoke.InnerClassLambdaMetafactory.buildCallSite;261;isAccessible=true;
Constructor.newInstance;<sun.util.cldr.CLDRLocaleProviderAdapter: void <init>()>;sun.util.locale.provider.LocaleProviderAdapter.forType;188;isAccessible=false;
Constructor.newInstance;<sun.util.resources.cldr.provider.CLDRLocaleDataMetaInfo: void <init>()>;java.util.ServiceLoader$ProviderImpl.newInstance;789;isAccessible=true;
Constructor.newInstance;<sun.util.resources.provider.LocaleDataProvider: void <init>()>;java.util.ServiceLoader$ProviderImpl.newInstance;789;isAccessible=true;
Field.get*;<net.sourceforge.pmd.cli.PMDCommandLineInterface: java.lang.String NO_EXIT_AFTER_RUN>;org.dacapo.harness.Pmd.<init>;55;isAccessible=false;
Field.get*;<net.sourceforge.pmd.cli.PMDParameters: boolean benchmark>;com.beust.jcommander.Parameterized.get;115;isAccessible=true;
Field.get*;<net.sourceforge.pmd.cli.PMDParameters: boolean currentVersion>;com.beust.jcommander.Parameterized.get;115;isAccessible=true;
Field.get*;<net.sourceforge.pmd.cli.PMDParameters: boolean debug>;com.beust.jcommander.Parameterized.get;115;isAccessible=true;
Field.get*;<net.sourceforge.pmd.cli.PMDParameters: boolean failOnViolation>;com.beust.jcommander.Parameterized.get;115;isAccessible=true;
Field.get*;<net.sourceforge.pmd.cli.PMDParameters: boolean help>;com.beust.jcommander.Parameterized.get;115;isAccessible=true;
Field.get*;<net.sourceforge.pmd.cli.PMDParameters: boolean noCache>;com.beust.jcommander.Parameterized.get;115;isAccessible=true;
Field.get*;<net.sourceforge.pmd.cli.PMDParameters: boolean noRuleSetCompatibility>;com.beust.jcommander.Parameterized.get;115;isAccessible=true;
Field.get*;<net.sourceforge.pmd.cli.PMDParameters: boolean shortnames>;com.beust.jcommander.Parameterized.get;115;isAccessible=true;
Field.get*;<net.sourceforge.pmd.cli.PMDParameters: boolean showsuppressed>;com.beust.jcommander.Parameterized.get;115;isAccessible=true;
Field.get*;<net.sourceforge.pmd.cli.PMDParameters: boolean stress>;com.beust.jcommander.Parameterized.get;115;isAccessible=true;
Field.get*;<net.sourceforge.pmd.cli.PMDParameters: int minimumPriority>;com.beust.jcommander.Parameterized.get;115;isAccessible=true;
Field.get*;<net.sourceforge.pmd.cli.PMDParameters: int threads>;com.beust.jcommander.Parameterized.get;115;isAccessible=true;
Field.get*;<net.sourceforge.pmd.cli.PMDParameters: java.lang.String auxclasspath>;com.beust.jcommander.Parameterized.get;115;isAccessible=true;
Field.get*;<net.sourceforge.pmd.cli.PMDParameters: java.lang.String cacheLocation>;com.beust.jcommander.Parameterized.get;115;isAccessible=true;
Field.get*;<net.sourceforge.pmd.cli.PMDParameters: java.lang.String encoding>;com.beust.jcommander.Parameterized.get;115;isAccessible=true;
Field.get*;<net.sourceforge.pmd.cli.PMDParameters: java.lang.String fileListPath>;com.beust.jcommander.Parameterized.get;115;isAccessible=true;
Field.get*;<net.sourceforge.pmd.cli.PMDParameters: java.lang.String forceLanguage>;com.beust.jcommander.Parameterized.get;115;isAccessible=true;
Field.get*;<net.sourceforge.pmd.cli.PMDParameters: java.lang.String format>;com.beust.jcommander.Parameterized.get;115;isAccessible=true;
Field.get*;<net.sourceforge.pmd.cli.PMDParameters: java.lang.String ignoreListPath>;com.beust.jcommander.Parameterized.get;115;isAccessible=true;
Field.get*;<net.sourceforge.pmd.cli.PMDParameters: java.lang.String language>;com.beust.jcommander.Parameterized.get;115;isAccessible=true;
Field.get*;<net.sourceforge.pmd.cli.PMDParameters: java.lang.String reportfile>;com.beust.jcommander.Parameterized.get;115;isAccessible=true;
Field.get*;<net.sourceforge.pmd.cli.PMDParameters: java.lang.String suppressmarker>;com.beust.jcommander.Parameterized.get;115;isAccessible=true;
Field.get*;<net.sourceforge.pmd.cli.PMDParameters: java.lang.String uri>;com.beust.jcommander.Parameterized.get;115;isAccessible=true;
Field.get*;<net.sourceforge.pmd.cli.PMDParameters: java.lang.String version>;com.beust.jcommander.Parameterized.get;115;isAccessible=true;
Field.get*;<net.sourceforge.pmd.cli.PMDParameters: java.util.List inputPaths>;com.beust.jcommander.Parameterized.get;115;isAccessible=true;
Field.get*;<net.sourceforge.pmd.cli.PMDParameters: java.util.List languageVersions>;com.beust.jcommander.Parameterized.get;115;isAccessible=true;
Field.get*;<net.sourceforge.pmd.cli.PMDParameters: java.util.List properties>;com.beust.jcommander.Parameterized.get;115;isAccessible=true;
Field.get*;<net.sourceforge.pmd.cli.PMDParameters: java.util.List relativizePathRoot>;com.beust.jcommander.Parameterized.get;115;isAccessible=true;
Field.get*;<net.sourceforge.pmd.cli.PMDParameters: java.util.List rulesets>;com.beust.jcommander.Parameterized.get;115;isAccessible=true;
Field.set*;<net.sourceforge.pmd.cli.PMDParameters: boolean failOnViolation>;com.beust.jcommander.Parameterized.set;189;isAccessible=true;
Field.set*;<net.sourceforge.pmd.cli.PMDParameters: boolean shortnames>;com.beust.jcommander.Parameterized.set;189;isAccessible=true;
Field.set*;<net.sourceforge.pmd.cli.PMDParameters: int threads>;com.beust.jcommander.Parameterized.set;189;isAccessible=true;
Field.set*;<net.sourceforge.pmd.cli.PMDParameters: java.lang.String format>;com.beust.jcommander.Parameterized.set;189;isAccessible=true;
Field.set*;<net.sourceforge.pmd.cli.PMDParameters: java.lang.String language>;com.beust.jcommander.Parameterized.set;189;isAccessible=true;
Field.set*;<net.sourceforge.pmd.cli.PMDParameters: java.lang.String reportfile>;com.beust.jcommander.Parameterized.set;189;isAccessible=true;
Field.set*;<net.sourceforge.pmd.cli.PMDParameters: java.util.List inputPaths>;com.beust.jcommander.Parameterized.set;189;isAccessible=true;
Field.set*;<net.sourceforge.pmd.cli.PMDParameters: java.util.List rulesets>;com.beust.jcommander.Parameterized.set;189;isAccessible=true;
Method.invoke;<java.lang.System$Logger$Level: java.lang.System$Logger$Level[] values()>;java.lang.Class.getEnumConstantsShared;;isAccessible=true;
Method.invoke;<java.lang.annotation.RetentionPolicy: java.lang.annotation.RetentionPolicy[] values()>;java.lang.Class.getEnumConstantsShared;;isAccessible=true;
Method.invoke;<java.nio.file.FileVisitOption: java.nio.file.FileVisitOption[] values()>;java.lang.Class.getEnumConstantsShared;;isAccessible=true;
Method.invoke;<java.nio.file.attribute.PosixFilePermission: java.nio.file.attribute.PosixFilePermission[] values()>;java.lang.Class.getEnumConstantsShared;;isAccessible=true;
Method.invoke;<net.sourceforge.pmd.PMD: void main(java.lang.String[])>;org.dacapo.harness.Pmd.iterate;99;isAccessible=false;
Method.invoke;<net.sourceforge.pmd.lang.ast.AbstractNode: int getBeginLine()>;net.sourceforge.pmd.lang.ast.xpath.Attribute.getValue;98;isAccessible=false;
Method.invoke;<net.sourceforge.pmd.lang.ast.AbstractNode: java.lang.String getImage()>;net.sourceforge.pmd.lang.ast.xpath.Attribute.getValue;98;isAccessible=false;
Method.invoke;<net.sourceforge.pmd.lang.dfa.NodeType: net.sourceforge.pmd.lang.dfa.NodeType[] values()>;java.lang.Class.getEnumConstantsShared;;isAccessible=true;
Method.invoke;<net.sourceforge.pmd.lang.java.ast.ASTAdditiveExpression: java.lang.String getOperator()>;net.sourceforge.pmd.lang.ast.xpath.Attribute.getValue;98;isAccessible=false;
Method.invoke;<net.sourceforge.pmd.lang.java.ast.ASTArguments: int size()>;net.sourceforge.pmd.lang.ast.xpath.Attribute.getValue;98;isAccessible=false;
Method.invoke;<net.sourceforge.pmd.lang.java.ast.ASTBlock: boolean containsComment()>;net.sourceforge.pmd.lang.ast.xpath.Attribute.getValue;98;isAccessible=false;
Method.invoke;<net.sourceforge.pmd.lang.java.ast.ASTBooleanLiteral: boolean isTrue()>;net.sourceforge.pmd.lang.ast.xpath.Attribute.getValue;98;isAccessible=false;
Method.invoke;<net.sourceforge.pmd.lang.java.ast.ASTClassOrInterfaceDeclaration: boolean isInterface()>;net.sourceforge.pmd.lang.ast.xpath.Attribute.getValue;98;isAccessible=false;
Method.invoke;<net.sourceforge.pmd.lang.java.ast.ASTClassOrInterfaceDeclaration: boolean isLocal()>;net.sourceforge.pmd.lang.ast.xpath.Attribute.getValue;98;isAccessible=false;
Method.invoke;<net.sourceforge.pmd.lang.java.ast.ASTClassOrInterfaceType: boolean isArray()>;net.sourceforge.pmd.lang.ast.xpath.Attribute.getValue;98;isAccessible=false;
Method.invoke;<net.sourceforge.pmd.lang.java.ast.ASTConstructorDeclaration: boolean containsComment()>;net.sourceforge.pmd.lang.ast.xpath.Attribute.getValue;98;isAccessible=false;
Method.invoke;<net.sourceforge.pmd.lang.java.ast.ASTFieldDeclaration: boolean isFinal()>;net.sourceforge.pmd.lang.ast.xpath.Attribute.getValue;98;isAccessible=false;
Method.invoke;<net.sourceforge.pmd.lang.java.ast.ASTFieldDeclaration: boolean isPackagePrivate()>;net.sourceforge.pmd.lang.ast.xpath.Attribute.getValue;98;isAccessible=false;
Method.invoke;<net.sourceforge.pmd.lang.java.ast.ASTFieldDeclaration: boolean isPrivate()>;net.sourceforge.pmd.lang.ast.xpath.Attribute.getValue;98;isAccessible=false;
Method.invoke;<net.sourceforge.pmd.lang.java.ast.ASTFieldDeclaration: boolean isProtected()>;net.sourceforge.pmd.lang.ast.xpath.Attribute.getValue;98;isAccessible=false;
Method.invoke;<net.sourceforge.pmd.lang.java.ast.ASTFieldDeclaration: boolean isStatic()>;net.sourceforge.pmd.lang.ast.xpath.Attribute.getValue;98;isAccessible=false;
Method.invoke;<net.sourceforge.pmd.lang.java.ast.ASTForStatement: boolean isForeach()>;net.sourceforge.pmd.lang.ast.xpath.Attribute.getValue;98;isAccessible=false;
Method.invoke;<net.sourceforge.pmd.lang.java.ast.ASTFormalParameter: boolean isVarargs()>;net.sourceforge.pmd.lang.ast.xpath.Attribute.getValue;98;isAccessible=false;
Method.invoke;<net.sourceforge.pmd.lang.java.ast.ASTIfStatement: boolean hasElse()>;net.sourceforge.pmd.lang.ast.xpath.Attribute.getValue;98;isAccessible=false;
Method.invoke;<net.sourceforge.pmd.lang.java.ast.ASTImportDeclaration: boolean isStatic()>;net.sourceforge.pmd.lang.ast.xpath.Attribute.getValue;98;isAccessible=false;
Method.invoke;<net.sourceforge.pmd.lang.java.ast.ASTInitializer: boolean isStatic()>;net.sourceforge.pmd.lang.ast.xpath.Attribute.getValue;98;isAccessible=false;
Method.invoke;<net.sourceforge.pmd.lang.java.ast.ASTLiteral: boolean isIntLiteral()>;net.sourceforge.pmd.lang.ast.xpath.Attribute.getValue;98;isAccessible=false;
Method.invoke;<net.sourceforge.pmd.lang.java.ast.ASTLiteral: boolean isStringLiteral()>;net.sourceforge.pmd.lang.ast.xpath.Attribute.getValue;98;isAccessible=false;
Method.invoke;<net.sourceforge.pmd.lang.java.ast.ASTMethodDeclaration: boolean isAbstract()>;net.sourceforge.pmd.lang.ast.xpath.Attribute.getValue;98;isAccessible=false;
Method.invoke;<net.sourceforge.pmd.lang.java.ast.ASTMethodDeclaration: boolean isPublic()>;net.sourceforge.pmd.lang.ast.xpath.Attribute.getValue;98;isAccessible=false;
Method.invoke;<net.sourceforge.pmd.lang.java.ast.ASTMethodDeclaration: int getArity()>;net.sourceforge.pmd.lang.ast.xpath.Attribute.getValue;98;isAccessible=false;
Method.invoke;<net.sourceforge.pmd.lang.java.ast.ASTMethodDeclaration: java.lang.String getName()>;net.sourceforge.pmd.lang.ast.xpath.Attribute.getValue;98;isAccessible=false;
Method.invoke;<net.sourceforge.pmd.lang.java.ast.ASTPrimaryPrefix: boolean usesSuperModifier()>;net.sourceforge.pmd.lang.ast.xpath.Attribute.getValue;98;isAccessible=false;
Method.invoke;<net.sourceforge.pmd.lang.java.ast.ASTPrimaryPrefix: boolean usesThisModifier()>;net.sourceforge.pmd.lang.ast.xpath.Attribute.getValue;98;isAccessible=false;
Method.invoke;<net.sourceforge.pmd.lang.java.ast.ASTPrimarySuffix: boolean isArrayDereference()>;net.sourceforge.pmd.lang.ast.xpath.Attribute.getValue;98;isAccessible=false;
Method.invoke;<net.sourceforge.pmd.lang.java.ast.ASTResultType: boolean isVoid()>;net.sourceforge.pmd.lang.ast.xpath.Attribute.getValue;98;isAccessible=false;
Method.invoke;<net.sourceforge.pmd.lang.java.ast.ASTSwitchLabel: boolean isDefault()>;net.sourceforge.pmd.lang.ast.xpath.Attribute.getValue;98;isAccessible=false;
Method.invoke;<net.sourceforge.pmd.lang.java.ast.ASTSwitchStatement: boolean hasDefaultCase()>;net.sourceforge.pmd.lang.ast.xpath.Attribute.getValue;98;isAccessible=false;
Method.invoke;<net.sourceforge.pmd.lang.java.ast.ASTSwitchStatement: boolean isExhaustiveEnumSwitch()>;net.sourceforge.pmd.lang.ast.xpath.Attribute.getValue;98;isAccessible=false;
Method.invoke;<net.sourceforge.pmd.lang.java.ast.ASTType: boolean isArrayType()>;net.sourceforge.pmd.lang.ast.xpath.Attribute.getValue;98;isAccessible=false;
Method.invoke;<net.sourceforge.pmd.lang.java.ast.ASTVariableDeclarator: boolean hasInitializer()>;net.sourceforge.pmd.lang.ast.xpath.Attribute.getValue;98;isAccessible=false;
Method.invoke;<net.sourceforge.pmd.lang.java.ast.ASTVariableDeclarator: java.lang.String getName()>;net.sourceforge.pmd.lang.ast.xpath.Attribute.getValue;98;isAccessible=false;
Method.invoke;<net.sourceforge.pmd.lang.java.ast.ASTVariableDeclaratorId: boolean hasArrayType()>;net.sourceforge.pmd.lang.ast.xpath.Attribute.getValue;98;isAccessible=false;
Method.invoke;<net.sourceforge.pmd.lang.java.ast.ASTVariableDeclaratorId: boolean isFinal()>;net.sourceforge.pmd.lang.ast.xpath.Attribute.getValue;98;isAccessible=false;
Method.invoke;<net.sourceforge.pmd.lang.java.ast.ASTVariableDeclaratorId: java.lang.String getName()>;net.sourceforge.pmd.lang.ast.xpath.Attribute.getValue;98;isAccessible=false;
Method.invoke;<net.sourceforge.pmd.lang.java.ast.AbstractAnyTypeDeclaration: boolean isNested()>;net.sourceforge.pmd.lang.ast.xpath.Attribute.getValue;98;isAccessible=false;
Method.invoke;<net.sourceforge.pmd.lang.java.ast.AbstractAnyTypeDeclaration: java.lang.String getSimpleName()>;net.sourceforge.pmd.lang.ast.xpath.Attribute.getValue;98;isAccessible=false;
Method.invoke;<net.sourceforge.pmd.lang.java.ast.AbstractJavaAccessNode: boolean isAbstract()>;net.sourceforge.pmd.lang.ast.xpath.Attribute.getValue;98;isAccessible=false;
Method.invoke;<net.sourceforge.pmd.lang.java.ast.AbstractJavaAccessNode: boolean isFinal()>;net.sourceforge.pmd.lang.ast.xpath.Attribute.getValue;98;isAccessible=false;
Method.invoke;<net.sourceforge.pmd.lang.java.ast.AbstractJavaAccessNode: boolean isNative()>;net.sourceforge.pmd.lang.ast.xpath.Attribute.getValue;98;isAccessible=false;
Method.invoke;<net.sourceforge.pmd.lang.java.ast.AbstractJavaAccessNode: boolean isPackagePrivate()>;net.sourceforge.pmd.lang.ast.xpath.Attribute.getValue;98;isAccessible=false;
Method.invoke;<net.sourceforge.pmd.lang.java.ast.AbstractJavaAccessNode: boolean isPrivate()>;net.sourceforge.pmd.lang.ast.xpath.Attribute.getValue;98;isAccessible=false;
Method.invoke;<net.sourceforge.pmd.lang.java.ast.AbstractJavaAccessNode: boolean isProtected()>;net.sourceforge.pmd.lang.ast.xpath.Attribute.getValue;98;isAccessible=false;
Method.invoke;<net.sourceforge.pmd.lang.java.ast.AbstractJavaAccessNode: boolean isPublic()>;net.sourceforge.pmd.lang.ast.xpath.Attribute.getValue;98;isAccessible=false;
Method.invoke;<net.sourceforge.pmd.lang.java.ast.AbstractJavaAccessNode: boolean isStatic()>;net.sourceforge.pmd.lang.ast.xpath.Attribute.getValue;98;isAccessible=false;
Method.invoke;<net.sourceforge.pmd.lang.java.ast.AbstractJavaAccessNode: boolean isSynchronized()>;net.sourceforge.pmd.lang.ast.xpath.Attribute.getValue;98;isAccessible=false;
Method.invoke;<net.sourceforge.pmd.lang.java.ast.AbstractJavaAccessNode: boolean isVolatile()>;net.sourceforge.pmd.lang.ast.xpath.Attribute.getValue;98;isAccessible=false;
Method.invoke;<net.sourceforge.pmd.lang.java.metrics.api.JavaClassMetricKey: net.sourceforge.pmd.lang.java.metrics.api.JavaClassMetricKey[] values()>;java.lang.Class.getEnumConstantsShared;;isAccessible=true;
Method.invoke;<net.sourceforge.pmd.lang.java.metrics.api.JavaOperationMetricKey: net.sourceforge.pmd.lang.java.metrics.api.JavaOperationMetricKey[] values()>;java.lang.Class.getEnumConstantsShared;;isAccessible=true;
Method.invoke;<net.sourceforge.pmd.lang.java.multifile.signature.JavaOperationSignature$Role: net.sourceforge.pmd.lang.java.multifile.signature.JavaOperationSignature$Role[] values()>;java.lang.Class.getEnumConstantsShared;;isAccessible=true;
Method.invoke;<net.sourceforge.pmd.lang.java.multifile.signature.JavaSignature$Visibility: net.sourceforge.pmd.lang.java.multifile.signature.JavaSignature$Visibility[] values()>;java.lang.Class.getEnumConstantsShared;;isAccessible=true;
Method.invoke;<net.sourceforge.pmd.lang.java.xpath.JavaFunctions: boolean typeIs(net.sf.saxon.expr.XPathContext,java.lang.String)>;net.sf.saxon.functions.ExtensionFunctionCall.invokeMethod;690;isAccessible=false;
Method.invoke;<net.sourceforge.pmd.lang.java.xpath.JavaFunctions: boolean typeIsExactly(net.sf.saxon.expr.XPathContext,java.lang.String)>;net.sf.saxon.functions.ExtensionFunctionCall.invokeMethod;690;isAccessible=false;
Method.invoke;<net.sourceforge.pmd.lang.xpath.PMDFunctions: boolean matches(java.lang.String,java.lang.String,java.lang.String,java.lang.String,java.lang.String)>;net.sf.saxon.functions.ExtensionFunctionCall.invokeMethod;690;isAccessible=false;
