Array.newInstance;boolean[];com.sun.jmx.mbeanserver.DefaultMXBeanMappingFactory.<clinit>;222;;
Array.newInstance;boolean[];java.lang.reflect.ProxyGenerator$PrimitiveTypeInfo.<init>;998;;
Array.newInstance;byte[];com.fasterxml.jackson.databind.type.ArrayType.construct;47;;
Array.newInstance;byte[];com.sun.jmx.mbeanserver.DefaultMXBeanMappingFactory.<clinit>;222;;
Array.newInstance;byte[];java.lang.reflect.ProxyGenerator$PrimitiveTypeInfo.<init>;998;;
Array.newInstance;byte[];sun.reflect.generics.factory.CoreReflectionFactory.makeArrayType;123;;
Array.newInstance;char[];com.sun.jmx.mbeanserver.DefaultMXBeanMappingFactory.<clinit>;222;;
Array.newInstance;char[];java.lang.reflect.ProxyGenerator$PrimitiveTypeInfo.<init>;998;;
Array.newInstance;com.fasterxml.jackson.annotation.JsonSubTypes$Type[];sun.reflect.annotation.AnnotationParser.parseAnnotationArray;731;;
Array.newInstance;com.fasterxml.jackson.databind.deser.Deserializers[];com.fasterxml.jackson.databind.util.ArrayBuilders.insertInListNoDup;232;;
Array.newInstance;com.fasterxml.jackson.databind.ser.Serializers[];com.fasterxml.jackson.databind.util.ArrayBuilders.insertInListNoDup;232;;
Array.newInstance;com.fasterxml.jackson.databind.ser.impl.PropertySerializerMap$TypeAndSerializer[];java.util.Arrays.copyOf;3513;;
Array.newInstance;com.sun.jmx.mbeanserver.ClassLoaderRepositorySupport$LoaderEntry[];java.util.Arrays.copyOf;3513;;
Array.newInstance;double[];com.sun.jmx.mbeanserver.DefaultMXBeanMappingFactory.<clinit>;222;;
Array.newInstance;double[];java.lang.reflect.ProxyGenerator$PrimitiveTypeInfo.<init>;998;;
Array.newInstance;float[];com.sun.jmx.mbeanserver.DefaultMXBeanMappingFactory.<clinit>;222;;
Array.newInstance;float[];java.lang.reflect.ProxyGenerator$PrimitiveTypeInfo.<init>;998;;
Array.newInstance;int[];com.sun.jmx.mbeanserver.DefaultMXBeanMappingFactory.<clinit>;222;;
Array.newInstance;int[];java.lang.reflect.ProxyGenerator$PrimitiveTypeInfo.<init>;998;;
Array.newInstance;java.io.File[];scala.reflect.ClassTag$GenericClassTag.newArray;149;;
Array.newInstance;java.lang.Class[];java.util.Arrays.copyOf;3513;;
Array.newInstance;java.lang.Class[];java.util.Arrays.copyOfRange;3786;;
Array.newInstance;java.lang.Class[];java.util.Collections$CopiesList.toArray;5199;;
Array.newInstance;java.lang.Class[];java.util.ImmutableCollections$List12.toArray;640;;
Array.newInstance;java.lang.Class[];org.glassfish.jersey.internal.ServiceFinder.toClassArray;398;;
Array.newInstance;java.lang.Object[];java.util.TimSort.<init>;157;;
Array.newInstance;java.lang.Runnable[];java.util.Arrays.copyOf;3513;;
Array.newInstance;java.lang.Runnable[];scala.reflect.ClassTag$GenericClassTag.newArray;149;;
Array.newInstance;java.lang.String[];java.util.AbstractCollection.toArray;185;;
Array.newInstance;java.lang.String[];java.util.Arrays.copyOf;3513;;
Array.newInstance;java.lang.String[];scala.reflect.ClassTag$GenericClassTag.newArray;149;;
Array.newInstance;java.lang.Thread[];java.util.Arrays.copyOf;3513;;
Array.newInstance;java.lang.annotation.Annotation[];java.util.Arrays.copyOf;3513;;
Array.newInstance;java.lang.annotation.Annotation[];java.util.HashMap.prepareArray;926;;
Array.newInstance;java.lang.annotation.ElementType[];sun.reflect.annotation.AnnotationParser.parseEnumArray;722;;
Array.newInstance;java.lang.invoke.LambdaForm$Name[];java.util.Arrays.copyOf;3513;;
Array.newInstance;java.lang.invoke.MethodType[];java.lang.invoke.LambdaMetafactory.extractArgs;552;;
Array.newInstance;java.lang.reflect.Method[];java.util.TimSort.<init>;157;;
Array.newInstance;java.nio.ByteBuffer[];java.util.Arrays.copyOf;3513;;
Array.newInstance;java.time.format.DateTimeFormatterBuilder$DateTimePrinterParser[];java.util.Arrays.copyOf;3513;;
Array.newInstance;java.util.concurrent.CompletableFuture[];scala.reflect.ClassTag$GenericClassTag.newArray;149;;
Array.newInstance;java.util.concurrent.Future[];scala.reflect.ClassTag$GenericClassTag.newArray;149;;
Array.newInstance;java.util.concurrent.RunnableScheduledFuture[];java.util.Arrays.copyOf;3513;;
Array.newInstance;javax.management.MBeanAttributeInfo[];java.util.Arrays.copyOf;3513;;
Array.newInstance;javax.management.MBeanOperationInfo[];java.util.Arrays.copyOf;3513;;
Array.newInstance;javax.xml.bind.annotation.XmlNs[];sun.reflect.annotation.AnnotationParser.parseAnnotationArray;731;;
Array.newInstance;jdk.nio.zipfs.ZipFileSystem$IndexNode[];java.util.HashMap.prepareArray;926;;
Array.newInstance;kafka.log.SnapshotFile[];java.util.Arrays.copyOf;3513;;
Array.newInstance;kafka.log.SnapshotFile[];scala.reflect.ClassTag$GenericClassTag.newArray;149;;
Array.newInstance;kafka.server.DelayedOperationPurgatory$WatcherList[];scala.reflect.ClassTag$GenericClassTag.newArray;149;;
Array.newInstance;kafka.utils.timer.TimerTaskList[];scala.reflect.ClassTag$GenericClassTag.newArray;149;;
Array.newInstance;long[];com.sun.jmx.mbeanserver.DefaultMXBeanMappingFactory.<clinit>;222;;
Array.newInstance;long[];java.lang.reflect.ProxyGenerator$PrimitiveTypeInfo.<init>;998;;
Array.newInstance;org.apache.kafka.common.resource.PatternType[];java.util.Arrays.copyOf;3513;;
Array.newInstance;org.apache.kafka.common.resource.PatternType[];scala.reflect.ClassTag$GenericClassTag.newArray;149;;
Array.newInstance;org.apache.kafka.server.common.MetadataVersion[];java.util.Arrays.copyOf;3513;;
Array.newInstance;org.eclipse.jetty.servlet.ServletHolder[];java.util.Arrays.copyOf;3513;;
Array.newInstance;org.eclipse.jetty.servlet.ServletMapping[];java.util.Arrays.copyOf;3513;;
Array.newInstance;org.eclipse.jetty.servlet.ServletMapping[];org.eclipse.jetty.util.ArrayUtil.addToArray;91;;
Array.newInstance;org.glassfish.jersey.internal.inject.AbstractBinder[];java.util.Arrays.copyOf;3513;;
Array.newInstance;org.glassfish.jersey.servlet.internal.spi.ServletContainerProvider[];org.glassfish.jersey.internal.ServiceFinder.toArray;376;;
Array.newInstance;scala.Tuple2[];scala.reflect.ClassTag$GenericClassTag.newArray;149;;
Array.newInstance;scala.collection.mutable.HashMap$Node[];java.util.Arrays.copyOf;3513;;
Array.newInstance;scala.collection.mutable.HashSet$Node[];java.util.Arrays.copyOf;3513;;
Array.newInstance;short[];com.sun.jmx.mbeanserver.DefaultMXBeanMappingFactory.<clinit>;222;;
Array.newInstance;short[];java.lang.reflect.ProxyGenerator$PrimitiveTypeInfo.<init>;998;;
Array.newInstance;sun.security.jca.ProviderConfig[];java.util.Arrays.copyOf;3513;;
Class.forName;Harness;sun.launcher.LauncherHelper.loadMainClass;791;;
Class.forName;com.fasterxml.jackson.annotation.JacksonAnnotation;java.lang.reflect.Proxy$ProxyBuilder.ensureVisible;879;;
Class.forName;com.fasterxml.jackson.annotation.JacksonAnnotation;jdk.proxy2.$Proxy39.<clinit>;;;
Class.forName;com.fasterxml.jackson.annotation.JacksonAnnotation;sun.reflect.generics.factory.CoreReflectionFactory.makeNamedType;114;;
Class.forName;com.fasterxml.jackson.annotation.JsonAnyGetter;java.lang.reflect.Proxy$ProxyBuilder.ensureVisible;879;;
Class.forName;com.fasterxml.jackson.annotation.JsonAnyGetter;jdk.proxy2.$Proxy45.<clinit>;;;
Class.forName;com.fasterxml.jackson.annotation.JsonAnyGetter;sun.reflect.generics.factory.CoreReflectionFactory.makeNamedType;114;;
Class.forName;com.fasterxml.jackson.annotation.JsonAnySetter;java.lang.reflect.Proxy$ProxyBuilder.ensureVisible;879;;
Class.forName;com.fasterxml.jackson.annotation.JsonAnySetter;jdk.proxy2.$Proxy46.<clinit>;;;
Class.forName;com.fasterxml.jackson.annotation.JsonAnySetter;sun.reflect.generics.factory.CoreReflectionFactory.makeNamedType;114;;
Class.forName;com.fasterxml.jackson.annotation.JsonCreator$Mode;java.lang.reflect.Proxy$ProxyBuilder.ensureVisible;879;;
Class.forName;com.fasterxml.jackson.annotation.JsonCreator$Mode;sun.reflect.generics.factory.CoreReflectionFactory.makeNamedType;114;;
Class.forName;com.fasterxml.jackson.annotation.JsonCreator;java.lang.reflect.Proxy$ProxyBuilder.ensureVisible;879;;
Class.forName;com.fasterxml.jackson.annotation.JsonCreator;jdk.proxy2.$Proxy41.<clinit>;;;
Class.forName;com.fasterxml.jackson.annotation.JsonCreator;sun.reflect.generics.factory.CoreReflectionFactory.makeNamedType;114;;
Class.forName;com.fasterxml.jackson.annotation.JsonProperty$Access;java.lang.reflect.Proxy$ProxyBuilder.ensureVisible;879;;
Class.forName;com.fasterxml.jackson.annotation.JsonProperty$Access;sun.reflect.generics.factory.CoreReflectionFactory.makeNamedType;114;;
Class.forName;com.fasterxml.jackson.annotation.JsonProperty;java.lang.reflect.Proxy$ProxyBuilder.ensureVisible;879;;
Class.forName;com.fasterxml.jackson.annotation.JsonProperty;jdk.proxy2.$Proxy40.<clinit>;;;
Class.forName;com.fasterxml.jackson.annotation.JsonProperty;sun.reflect.generics.factory.CoreReflectionFactory.makeNamedType;114;;
Class.forName;com.fasterxml.jackson.annotation.JsonSubTypes$Type;java.lang.reflect.Proxy$ProxyBuilder.ensureVisible;879;;
Class.forName;com.fasterxml.jackson.annotation.JsonSubTypes$Type;jdk.proxy2.$Proxy42.<clinit>;;;
Class.forName;com.fasterxml.jackson.annotation.JsonSubTypes$Type;sun.reflect.generics.factory.CoreReflectionFactory.makeNamedType;114;;
Class.forName;com.fasterxml.jackson.annotation.JsonSubTypes;java.lang.reflect.Proxy$ProxyBuilder.ensureVisible;879;;
Class.forName;com.fasterxml.jackson.annotation.JsonSubTypes;jdk.proxy2.$Proxy43.<clinit>;;;
Class.forName;com.fasterxml.jackson.annotation.JsonSubTypes;sun.reflect.generics.factory.CoreReflectionFactory.makeNamedType;114;;
Class.forName;com.fasterxml.jackson.annotation.JsonTypeInfo$As;java.lang.reflect.Proxy$ProxyBuilder.ensureVisible;879;;
Class.forName;com.fasterxml.jackson.annotation.JsonTypeInfo$As;sun.reflect.generics.factory.CoreReflectionFactory.makeNamedType;114;;
Class.forName;com.fasterxml.jackson.annotation.JsonTypeInfo$Id;java.lang.reflect.Proxy$ProxyBuilder.ensureVisible;879;;
Class.forName;com.fasterxml.jackson.annotation.JsonTypeInfo$Id;sun.reflect.generics.factory.CoreReflectionFactory.makeNamedType;114;;
Class.forName;com.fasterxml.jackson.annotation.JsonTypeInfo;java.lang.reflect.Proxy$ProxyBuilder.ensureVisible;879;;
Class.forName;com.fasterxml.jackson.annotation.JsonTypeInfo;jdk.proxy2.$Proxy38.<clinit>;;;
Class.forName;com.fasterxml.jackson.annotation.JsonTypeInfo;sun.reflect.generics.factory.CoreReflectionFactory.makeNamedType;114;;
Class.forName;com.fasterxml.jackson.core.Versioned;sun.reflect.generics.factory.CoreReflectionFactory.makeNamedType;114;;
Class.forName;com.fasterxml.jackson.databind.ObjectMapper;sun.reflect.generics.factory.CoreReflectionFactory.makeNamedType;114;;
Class.forName;com.fasterxml.jackson.databind.annotation.JacksonStdImpl;java.lang.reflect.Proxy$ProxyBuilder.ensureVisible;879;;
Class.forName;com.fasterxml.jackson.databind.annotation.JacksonStdImpl;jdk.proxy2.$Proxy47.<clinit>;;;
Class.forName;com.fasterxml.jackson.databind.annotation.JacksonStdImpl;sun.reflect.generics.factory.CoreReflectionFactory.makeNamedType;114;;
Class.forName;com.fasterxml.jackson.databind.ext.Java7HandlersImpl;com.fasterxml.jackson.databind.ext.Java7Handlers.<clinit>;23;;
Class.forName;com.fasterxml.jackson.databind.ext.Java7SupportImpl;com.fasterxml.jackson.databind.ext.Java7Support.<clinit>;22;;
Class.forName;com.fasterxml.jackson.jaxrs.base.ProviderBase;sun.reflect.generics.factory.CoreReflectionFactory.makeNamedType;114;;
Class.forName;com.fasterxml.jackson.jaxrs.json.JacksonJsonProvider;sun.reflect.generics.factory.CoreReflectionFactory.makeNamedType;114;;
Class.forName;com.fasterxml.jackson.jaxrs.json.JsonEndpointConfig;sun.reflect.generics.factory.CoreReflectionFactory.makeNamedType;114;;
Class.forName;com.fasterxml.jackson.jaxrs.json.JsonMapperConfigurator;sun.reflect.generics.factory.CoreReflectionFactory.makeNamedType;114;;
Class.forName;com.sun.management.VMOption;sun.reflect.generics.factory.CoreReflectionFactory.makeNamedType;114;;
Class.forName;com.sun.management.internal.PlatformMBeanProviderImpl;java.util.ServiceLoader.loadProvider;859;;
Class.forName;com.sun.org.apache.xerces.internal.jaxp.datatype.DatatypeFactoryImpl;javax.xml.datatype.FactoryFinder.getProviderClass;109;;
Class.forName;com.sun.xml.bind.v2.model.nav.ReflectionNavigator;com.sun.xml.bind.v2.model.impl.Utils.<clinit>;72;;
Class.forName;java.awt.image.RenderedImage;org.glassfish.jersey.internal.util.ReflectionHelper$2.run;234;;
Class.forName;java.awt.image.RenderedImage;sun.reflect.generics.factory.CoreReflectionFactory.makeNamedType;114;;
Class.forName;java.beans.PropertyVetoException;com.sun.beans.introspect.PropertyInfo.<clinit>;56;;
Class.forName;java.io.File;sun.reflect.generics.factory.CoreReflectionFactory.makeNamedType;114;;
Class.forName;java.io.FilePermission;org.objectweb.asm.ClassWriter.getCommonSuperClass;1043;;
Class.forName;java.io.IOException;org.objectweb.asm.ClassWriter.getCommonSuperClass;1043;;
Class.forName;java.io.InputStream;sun.reflect.generics.factory.CoreReflectionFactory.makeNamedType;114;;
Class.forName;java.io.Reader;sun.reflect.generics.factory.CoreReflectionFactory.makeNamedType;114;;
Class.forName;java.io.Serializable;sun.reflect.generics.factory.CoreReflectionFactory.makeNamedType;114;;
Class.forName;java.lang.AutoCloseable;sun.reflect.generics.factory.CoreReflectionFactory.makeNamedType;114;;
Class.forName;java.lang.Boolean;com.sun.jmx.mbeanserver.DefaultMXBeanMappingFactory.<clinit>;204;;
Class.forName;java.lang.Boolean;com.sun.jmx.mbeanserver.MXBeanMapping.makeOpenClass;172;;
Class.forName;java.lang.Boolean[];com.sun.jmx.mbeanserver.MXBeanMapping.makeOpenClass;172;;
Class.forName;java.lang.Byte;com.sun.jmx.mbeanserver.DefaultMXBeanMappingFactory.<clinit>;204;;
Class.forName;java.lang.Byte;com.sun.jmx.mbeanserver.MXBeanMapping.makeOpenClass;172;;
Class.forName;java.lang.Byte[];com.sun.jmx.mbeanserver.MXBeanMapping.makeOpenClass;172;;
Class.forName;java.lang.Character;com.sun.jmx.mbeanserver.DefaultMXBeanMappingFactory.<clinit>;204;;
Class.forName;java.lang.Character;com.sun.jmx.mbeanserver.MXBeanMapping.makeOpenClass;172;;
Class.forName;java.lang.Character[];com.sun.jmx.mbeanserver.MXBeanMapping.makeOpenClass;172;;
Class.forName;java.lang.Class;java.lang.reflect.Proxy$ProxyBuilder.ensureVisible;879;;
Class.forName;java.lang.Class;sun.reflect.generics.factory.CoreReflectionFactory.makeNamedType;114;;
Class.forName;java.lang.ClassValue;scala.runtime.ClassValueCompat$.liftedTree1$1;48;;
Class.forName;java.lang.Cloneable;sun.reflect.generics.factory.CoreReflectionFactory.makeNamedType;114;;
Class.forName;java.lang.Comparable;sun.reflect.generics.factory.CoreReflectionFactory.makeNamedType;114;;
Class.forName;java.lang.Deprecated;java.lang.reflect.Proxy$ProxyBuilder.ensureVisible;879;;
Class.forName;java.lang.Deprecated;jdk.proxy1.$Proxy3.<clinit>;;;
Class.forName;java.lang.Deprecated;sun.reflect.generics.factory.CoreReflectionFactory.makeNamedType;114;;
Class.forName;java.lang.Double;com.sun.jmx.mbeanserver.DefaultMXBeanMappingFactory.<clinit>;204;;
Class.forName;java.lang.Double;com.sun.jmx.mbeanserver.MXBeanMapping.makeOpenClass;172;;
Class.forName;java.lang.Double[];com.sun.jmx.mbeanserver.MXBeanMapping.makeOpenClass;172;;
Class.forName;java.lang.Enum;sun.reflect.generics.factory.CoreReflectionFactory.makeNamedType;114;;
Class.forName;java.lang.Error;jdk.internal.org.objectweb.asm.ClassWriter.getCommonSuperClass;1055;;
Class.forName;java.lang.Float;com.sun.jmx.mbeanserver.DefaultMXBeanMappingFactory.<clinit>;204;;
Class.forName;java.lang.Float;com.sun.jmx.mbeanserver.MXBeanMapping.makeOpenClass;172;;
Class.forName;java.lang.Float[];com.sun.jmx.mbeanserver.MXBeanMapping.makeOpenClass;172;;
Class.forName;java.lang.FunctionalInterface;java.lang.reflect.Proxy$ProxyBuilder.ensureVisible;879;;
Class.forName;java.lang.FunctionalInterface;jdk.proxy1.$Proxy23.<clinit>;;;
Class.forName;java.lang.FunctionalInterface;sun.reflect.generics.factory.CoreReflectionFactory.makeNamedType;114;;
Class.forName;java.lang.Integer;com.sun.jmx.mbeanserver.DefaultMXBeanMappingFactory.<clinit>;204;;
Class.forName;java.lang.Integer;com.sun.jmx.mbeanserver.MXBeanMapping.makeOpenClass;172;;
Class.forName;java.lang.Integer;sun.reflect.generics.factory.CoreReflectionFactory.makeNamedType;114;;
Class.forName;java.lang.Integer[];com.sun.jmx.mbeanserver.MXBeanMapping.makeOpenClass;172;;
Class.forName;java.lang.Iterable;sun.reflect.generics.factory.CoreReflectionFactory.makeNamedType;114;;
Class.forName;java.lang.Long;com.sun.jmx.mbeanserver.DefaultMXBeanMappingFactory.<clinit>;204;;
Class.forName;java.lang.Long;com.sun.jmx.mbeanserver.MXBeanMapping.makeOpenClass;172;;
Class.forName;java.lang.Long;sun.reflect.generics.factory.CoreReflectionFactory.makeNamedType;114;;
Class.forName;java.lang.Long[];com.sun.jmx.mbeanserver.MXBeanMapping.makeOpenClass;172;;
Class.forName;java.lang.Number;sun.reflect.generics.factory.CoreReflectionFactory.makeNamedType;114;;
Class.forName;java.lang.Object;com.sun.proxy.jdk.proxy1.$Proxy1.<clinit>;;;
Class.forName;java.lang.Object;com.sun.proxy.jdk.proxy1.$Proxy2.<clinit>;;;
Class.forName;java.lang.Object;com.sun.proxy.jdk.proxy1.$Proxy44.<clinit>;;;
Class.forName;java.lang.Object;java.lang.reflect.Proxy$ProxyBuilder.ensureVisible;879;;
Class.forName;java.lang.Object;jdk.proxy1.$Proxy0.<clinit>;;;
Class.forName;java.lang.Object;jdk.proxy1.$Proxy11.<clinit>;;;
Class.forName;java.lang.Object;jdk.proxy1.$Proxy23.<clinit>;;;
Class.forName;java.lang.Object;jdk.proxy1.$Proxy3.<clinit>;;;
Class.forName;java.lang.Object;jdk.proxy1.$Proxy6.<clinit>;;;
Class.forName;java.lang.Object;jdk.proxy1.$Proxy8.<clinit>;;;
Class.forName;java.lang.Object;jdk.proxy2.$Proxy10.<clinit>;;;
Class.forName;java.lang.Object;jdk.proxy2.$Proxy12.<clinit>;;;
Class.forName;java.lang.Object;jdk.proxy2.$Proxy13.<clinit>;;;
Class.forName;java.lang.Object;jdk.proxy2.$Proxy14.<clinit>;;;
Class.forName;java.lang.Object;jdk.proxy2.$Proxy15.<clinit>;;;
Class.forName;java.lang.Object;jdk.proxy2.$Proxy16.<clinit>;;;
Class.forName;java.lang.Object;jdk.proxy2.$Proxy17.<clinit>;;;
Class.forName;java.lang.Object;jdk.proxy2.$Proxy18.<clinit>;;;
Class.forName;java.lang.Object;jdk.proxy2.$Proxy19.<clinit>;;;
Class.forName;java.lang.Object;jdk.proxy2.$Proxy20.<clinit>;;;
Class.forName;java.lang.Object;jdk.proxy2.$Proxy21.<clinit>;;;
Class.forName;java.lang.Object;jdk.proxy2.$Proxy22.<clinit>;;;
Class.forName;java.lang.Object;jdk.proxy2.$Proxy24.<clinit>;;;
Class.forName;java.lang.Object;jdk.proxy2.$Proxy25.<clinit>;;;
Class.forName;java.lang.Object;jdk.proxy2.$Proxy26.<clinit>;;;
Class.forName;java.lang.Object;jdk.proxy2.$Proxy27.<clinit>;;;
Class.forName;java.lang.Object;jdk.proxy2.$Proxy28.<clinit>;;;
Class.forName;java.lang.Object;jdk.proxy2.$Proxy29.<clinit>;;;
Class.forName;java.lang.Object;jdk.proxy2.$Proxy30.<clinit>;;;
Class.forName;java.lang.Object;jdk.proxy2.$Proxy31.<clinit>;;;
Class.forName;java.lang.Object;jdk.proxy2.$Proxy32.<clinit>;;;
Class.forName;java.lang.Object;jdk.proxy2.$Proxy33.<clinit>;;;
Class.forName;java.lang.Object;jdk.proxy2.$Proxy34.<clinit>;;;
Class.forName;java.lang.Object;jdk.proxy2.$Proxy35.<clinit>;;;
Class.forName;java.lang.Object;jdk.proxy2.$Proxy36.<clinit>;;;
Class.forName;java.lang.Object;jdk.proxy2.$Proxy37.<clinit>;;;
Class.forName;java.lang.Object;jdk.proxy2.$Proxy38.<clinit>;;;
Class.forName;java.lang.Object;jdk.proxy2.$Proxy39.<clinit>;;;
Class.forName;java.lang.Object;jdk.proxy2.$Proxy4.<clinit>;;;
Class.forName;java.lang.Object;jdk.proxy2.$Proxy40.<clinit>;;;
Class.forName;java.lang.Object;jdk.proxy2.$Proxy41.<clinit>;;;
Class.forName;java.lang.Object;jdk.proxy2.$Proxy42.<clinit>;;;
Class.forName;java.lang.Object;jdk.proxy2.$Proxy43.<clinit>;;;
Class.forName;java.lang.Object;jdk.proxy2.$Proxy45.<clinit>;;;
Class.forName;java.lang.Object;jdk.proxy2.$Proxy46.<clinit>;;;
Class.forName;java.lang.Object;jdk.proxy2.$Proxy47.<clinit>;;;
Class.forName;java.lang.Object;jdk.proxy2.$Proxy48.<clinit>;;;
Class.forName;java.lang.Object;jdk.proxy2.$Proxy5.<clinit>;;;
Class.forName;java.lang.Object;jdk.proxy2.$Proxy7.<clinit>;;;
Class.forName;java.lang.Object;jdk.proxy2.$Proxy9.<clinit>;;;
Class.forName;java.lang.Object;org.objectweb.asm.ClassWriter.getCommonSuperClass;1043;;
Class.forName;java.lang.Object;org.objectweb.asm.ClassWriter.getCommonSuperClass;1049;;
Class.forName;java.lang.Object;sun.reflect.generics.factory.CoreReflectionFactory.makeNamedType;114;;
Class.forName;java.lang.RuntimeException;jdk.internal.org.objectweb.asm.ClassWriter.getCommonSuperClass;1061;;
Class.forName;java.lang.SecurityManager;org.objectweb.asm.ClassWriter.getCommonSuperClass;1043;;
Class.forName;java.lang.Short;com.sun.jmx.mbeanserver.DefaultMXBeanMappingFactory.<clinit>;204;;
Class.forName;java.lang.Short;com.sun.jmx.mbeanserver.MXBeanMapping.makeOpenClass;172;;
Class.forName;java.lang.Short[];com.sun.jmx.mbeanserver.MXBeanMapping.makeOpenClass;172;;
Class.forName;java.lang.String;com.sun.jmx.mbeanserver.DefaultMXBeanMappingFactory.<clinit>;204;;
Class.forName;java.lang.String;com.sun.jmx.mbeanserver.MXBeanMapping.makeOpenClass;172;;
Class.forName;java.lang.String;java.lang.reflect.Proxy$ProxyBuilder.ensureVisible;879;;
Class.forName;java.lang.String;org.objectweb.asm.ClassWriter.getCommonSuperClass;1043;;
Class.forName;java.lang.String;org.objectweb.asm.ClassWriter.getCommonSuperClass;1049;;
Class.forName;java.lang.String;sun.reflect.generics.factory.CoreReflectionFactory.makeNamedType;114;;
Class.forName;java.lang.String[];com.sun.jmx.mbeanserver.DefaultMXBeanMappingFactory.makeArrayOrCollectionMapping;331;;
Class.forName;java.lang.String[];com.sun.jmx.mbeanserver.MXBeanMapping.makeOpenClass;172;;
Class.forName;java.lang.Void;com.sun.jmx.mbeanserver.DefaultMXBeanMappingFactory.<clinit>;204;;
Class.forName;java.lang.Void;com.sun.jmx.mbeanserver.MXBeanMapping.makeOpenClass;172;;
Class.forName;java.lang.annotation.Documented;java.lang.reflect.Proxy$ProxyBuilder.ensureVisible;879;;
Class.forName;java.lang.annotation.Documented;jdk.proxy1.$Proxy11.<clinit>;;;
Class.forName;java.lang.annotation.Documented;sun.reflect.generics.factory.CoreReflectionFactory.makeNamedType;114;;
Class.forName;java.lang.annotation.ElementType;java.lang.reflect.Proxy$ProxyBuilder.ensureVisible;879;;
Class.forName;java.lang.annotation.ElementType;sun.reflect.generics.factory.CoreReflectionFactory.makeNamedType;114;;
Class.forName;java.lang.annotation.Inherited;java.lang.reflect.Proxy$ProxyBuilder.ensureVisible;879;;
Class.forName;java.lang.annotation.Inherited;jdk.proxy1.$Proxy8.<clinit>;;;
Class.forName;java.lang.annotation.Inherited;sun.reflect.generics.factory.CoreReflectionFactory.makeNamedType;114;;
Class.forName;java.lang.annotation.Retention;java.lang.reflect.Proxy$ProxyBuilder.ensureVisible;879;;
Class.forName;java.lang.annotation.Retention;jdk.proxy1.$Proxy0.<clinit>;;;
Class.forName;java.lang.annotation.Retention;sun.reflect.generics.factory.CoreReflectionFactory.makeNamedType;114;;
Class.forName;java.lang.annotation.RetentionPolicy;java.lang.reflect.Proxy$ProxyBuilder.ensureVisible;879;;
Class.forName;java.lang.annotation.RetentionPolicy;sun.reflect.generics.factory.CoreReflectionFactory.makeNamedType;114;;
Class.forName;java.lang.annotation.Target;java.lang.reflect.Proxy$ProxyBuilder.ensureVisible;879;;
Class.forName;java.lang.annotation.Target;jdk.proxy1.$Proxy6.<clinit>;;;
Class.forName;java.lang.annotation.Target;sun.reflect.generics.factory.CoreReflectionFactory.makeNamedType;114;;
Class.forName;java.lang.constant.Constable;sun.reflect.generics.factory.CoreReflectionFactory.makeNamedType;114;;
Class.forName;java.lang.constant.ConstantDesc;sun.reflect.generics.factory.CoreReflectionFactory.makeNamedType;114;;
Class.forName;java.lang.invoke.VarHandle;scala.runtime.Statics$VM.mkHandle;161;;
Class.forName;java.lang.management.ManagementFactory;org.eclipse.jetty.util.Uptime$DefaultImpl.<init>;46;;
Class.forName;java.lang.management.ManagementPermission;com.sun.management.internal.DiagnosticCommandImpl$Wrapper.<init>;118;;
Class.forName;java.lang.management.MemoryUsage;sun.reflect.generics.factory.CoreReflectionFactory.makeNamedType;114;;
Class.forName;java.lang.management.RuntimeMXBean;org.eclipse.jetty.util.Uptime$DefaultImpl.<init>;47;;
Class.forName;java.math.BigDecimal;com.sun.jmx.mbeanserver.DefaultMXBeanMappingFactory.<clinit>;204;;
Class.forName;java.math.BigDecimal;com.sun.jmx.mbeanserver.MXBeanMapping.makeOpenClass;172;;
Class.forName;java.math.BigInteger;com.sun.jmx.mbeanserver.DefaultMXBeanMappingFactory.<clinit>;204;;
Class.forName;java.math.BigInteger;com.sun.jmx.mbeanserver.MXBeanMapping.makeOpenClass;172;;
Class.forName;java.net.Inet6AddressImpl;java.net.InetAddress.loadImpl;1713;;
Class.forName;java.net.SocketPermission;org.objectweb.asm.ClassWriter.getCommonSuperClass;1043;;
Class.forName;java.net.URL;org.objectweb.asm.ClassWriter.getCommonSuperClass;1049;;
Class.forName;java.nio.DirectByteBuffer;sun.nio.ch.Util$3.run;415;;
Class.forName;java.security.Permission;org.objectweb.asm.ClassWriter.getCommonSuperClass;1043;;
Class.forName;java.security.Permission;org.objectweb.asm.ClassWriter.getCommonSuperClass;1049;;
Class.forName;java.security.SecureRandomParameters;java.security.Provider$Service.newInstance;1843;;
Class.forName;java.util.AbstractCollection;sun.reflect.generics.factory.CoreReflectionFactory.makeNamedType;114;;
Class.forName;java.util.AbstractList;sun.reflect.generics.factory.CoreReflectionFactory.makeNamedType;114;;
Class.forName;java.util.AbstractMap;sun.reflect.generics.factory.CoreReflectionFactory.makeNamedType;114;;
Class.forName;java.util.Collection;sun.reflect.generics.factory.CoreReflectionFactory.makeNamedType;114;;
Class.forName;java.util.Date;com.sun.jmx.mbeanserver.DefaultMXBeanMappingFactory.<clinit>;204;;
Class.forName;java.util.Date;com.sun.jmx.mbeanserver.MXBeanMapping.makeOpenClass;172;;
Class.forName;java.util.Dictionary;sun.reflect.generics.factory.CoreReflectionFactory.makeNamedType;114;;
Class.forName;java.util.HashMap;sun.reflect.generics.factory.CoreReflectionFactory.makeNamedType;114;;
Class.forName;java.util.Hashtable;sun.reflect.generics.factory.CoreReflectionFactory.makeNamedType;114;;
Class.forName;java.util.ImmutableCollections$Access;jdk.internal.access.SharedSecrets.getJavaUtilCollectionAccess;95;;
Class.forName;java.util.Iterator;org.objectweb.asm.ClassWriter.getCommonSuperClass;1049;;
Class.forName;java.util.List;sun.reflect.generics.factory.CoreReflectionFactory.makeNamedType;114;;
Class.forName;java.util.Map;sun.reflect.generics.factory.CoreReflectionFactory.makeNamedType;114;;
Class.forName;java.util.Optional;sun.reflect.generics.factory.CoreReflectionFactory.makeNamedType;114;;
Class.forName;java.util.PropertyPermission;com.sun.management.internal.DiagnosticCommandImpl$Wrapper.<init>;118;;
Class.forName;java.util.RandomAccess;sun.reflect.generics.factory.CoreReflectionFactory.makeNamedType;114;;
Class.forName;java.util.concurrent.ExecutorService;sun.reflect.generics.factory.CoreReflectionFactory.makeNamedType;114;;
Class.forName;java.util.concurrent.Flow$Subscriber;org.glassfish.jersey.internal.util.ReflectionHelper$2.run;244;;
Class.forName;java.util.concurrent.ScheduledExecutorService;sun.reflect.generics.factory.CoreReflectionFactory.makeNamedType;114;;
Class.forName;java.util.concurrent.ScheduledThreadPoolExecutor;sun.reflect.generics.factory.CoreReflectionFactory.makeNamedType;114;;
Class.forName;java.util.concurrent.ThreadPoolExecutor;sun.reflect.generics.factory.CoreReflectionFactory.makeNamedType;114;;
Class.forName;java.util.function.Supplier;sun.reflect.generics.factory.CoreReflectionFactory.makeNamedType;114;;
Class.forName;java.util.logging.LogManager;sun.management.ManagementFactoryHelper$LoggingMXBeanAccess$1.run;201;;
Class.forName;java.util.logging.LoggingMXBean;sun.management.ManagementFactoryHelper$LoggingMXBeanAccess$1.run;201;;
Class.forName;java.util.zip.CRC32C;org.apache.kafka.common.utils.Crc32C$Java9ChecksumFactory.<clinit>;89;;
Class.forName;javax.activation.DataSource;org.glassfish.jersey.internal.util.ReflectionHelper$2.run;234;;
Class.forName;javax.activation.DataSource;sun.reflect.generics.factory.CoreReflectionFactory.makeNamedType;114;;
Class.forName;javax.annotation.PreDestroy;java.lang.reflect.Proxy$ProxyBuilder.ensureVisible;879;;
Class.forName;javax.annotation.PreDestroy;jdk.proxy2.$Proxy48.<clinit>;;;
Class.forName;javax.annotation.PreDestroy;sun.reflect.generics.factory.CoreReflectionFactory.makeNamedType;114;;
Class.forName;javax.annotation.Priority;java.lang.reflect.Proxy$ProxyBuilder.ensureVisible;879;;
Class.forName;javax.annotation.Priority;jdk.proxy2.$Proxy13.<clinit>;;;
Class.forName;javax.annotation.Priority;sun.reflect.generics.factory.CoreReflectionFactory.makeNamedType;114;;
Class.forName;javax.inject.Inject;java.lang.reflect.Proxy$ProxyBuilder.ensureVisible;879;;
Class.forName;javax.inject.Inject;jdk.proxy2.$Proxy21.<clinit>;;;
Class.forName;javax.inject.Inject;sun.reflect.generics.factory.CoreReflectionFactory.makeNamedType;114;;
Class.forName;javax.inject.Named;java.lang.reflect.Proxy$ProxyBuilder.ensureVisible;879;;
Class.forName;javax.inject.Named;jdk.proxy2.$Proxy15.<clinit>;;;
Class.forName;javax.inject.Named;sun.reflect.generics.factory.CoreReflectionFactory.makeNamedType;114;;
Class.forName;javax.inject.Provider;sun.reflect.generics.factory.CoreReflectionFactory.makeNamedType;114;;
Class.forName;javax.inject.Qualifier;java.lang.reflect.Proxy$ProxyBuilder.ensureVisible;879;;
Class.forName;javax.inject.Qualifier;jdk.proxy2.$Proxy19.<clinit>;;;
Class.forName;javax.inject.Qualifier;sun.reflect.generics.factory.CoreReflectionFactory.makeNamedType;114;;
Class.forName;javax.inject.Scope;java.lang.reflect.Proxy$ProxyBuilder.ensureVisible;879;;
Class.forName;javax.inject.Scope;jdk.proxy2.$Proxy18.<clinit>;;;
Class.forName;javax.inject.Scope;sun.reflect.generics.factory.CoreReflectionFactory.makeNamedType;114;;
Class.forName;javax.inject.Singleton;java.lang.reflect.Proxy$ProxyBuilder.ensureVisible;879;;
Class.forName;javax.inject.Singleton;jdk.proxy2.$Proxy14.<clinit>;;;
Class.forName;javax.inject.Singleton;sun.reflect.generics.factory.CoreReflectionFactory.makeNamedType;114;;
Class.forName;javax.management.ObjectName;com.sun.jmx.mbeanserver.DefaultMXBeanMappingFactory.<clinit>;204;;
Class.forName;javax.management.ObjectName;com.sun.jmx.mbeanserver.MXBeanMapping.makeOpenClass;172;;
Class.forName;javax.management.openmbean.CompositeData;com.sun.jmx.mbeanserver.MXBeanMapping.makeOpenClass;172;;
Class.forName;javax.management.openmbean.CompositeData[];com.sun.jmx.mbeanserver.DefaultMXBeanMappingFactory.makeArrayOrCollectionMapping;331;;
Class.forName;javax.management.openmbean.CompositeData[];com.sun.jmx.mbeanserver.MXBeanMapping.makeOpenClass;172;;
Class.forName;javax.management.openmbean.TabularData;com.sun.jmx.mbeanserver.MXBeanMapping.makeOpenClass;172;;
Class.forName;javax.servlet.http.HttpServletRequest;sun.reflect.generics.factory.CoreReflectionFactory.makeNamedType;114;;
Class.forName;javax.servlet.http.HttpServletResponse;sun.reflect.generics.factory.CoreReflectionFactory.makeNamedType;114;;
Class.forName;javax.ws.rs.ConstrainedTo;java.lang.reflect.Proxy$ProxyBuilder.ensureVisible;879;;
Class.forName;javax.ws.rs.ConstrainedTo;jdk.proxy2.$Proxy25.<clinit>;;;
Class.forName;javax.ws.rs.ConstrainedTo;sun.reflect.generics.factory.CoreReflectionFactory.makeNamedType;114;;
Class.forName;javax.ws.rs.Consumes;java.lang.reflect.Proxy$ProxyBuilder.ensureVisible;879;;
Class.forName;javax.ws.rs.Consumes;jdk.proxy2.$Proxy9.<clinit>;;;
Class.forName;javax.ws.rs.Consumes;sun.reflect.generics.factory.CoreReflectionFactory.makeNamedType;114;;
Class.forName;javax.ws.rs.DELETE;java.lang.reflect.Proxy$ProxyBuilder.ensureVisible;879;;
Class.forName;javax.ws.rs.DELETE;jdk.proxy2.$Proxy33.<clinit>;;;
Class.forName;javax.ws.rs.DELETE;sun.reflect.generics.factory.CoreReflectionFactory.makeNamedType;114;;
Class.forName;javax.ws.rs.DefaultValue;java.lang.reflect.Proxy$ProxyBuilder.ensureVisible;879;;
Class.forName;javax.ws.rs.DefaultValue;jdk.proxy2.$Proxy34.<clinit>;;;
Class.forName;javax.ws.rs.DefaultValue;sun.reflect.generics.factory.CoreReflectionFactory.makeNamedType;114;;
Class.forName;javax.ws.rs.GET;java.lang.reflect.Proxy$ProxyBuilder.ensureVisible;879;;
Class.forName;javax.ws.rs.GET;jdk.proxy2.$Proxy32.<clinit>;;;
Class.forName;javax.ws.rs.GET;sun.reflect.generics.factory.CoreReflectionFactory.makeNamedType;114;;
Class.forName;javax.ws.rs.HttpMethod;java.lang.reflect.Proxy$ProxyBuilder.ensureVisible;879;;
Class.forName;javax.ws.rs.HttpMethod;jdk.proxy2.$Proxy30.<clinit>;;;
Class.forName;javax.ws.rs.HttpMethod;sun.reflect.generics.factory.CoreReflectionFactory.makeNamedType;114;;
Class.forName;javax.ws.rs.POST;java.lang.reflect.Proxy$ProxyBuilder.ensureVisible;879;;
Class.forName;javax.ws.rs.POST;jdk.proxy2.$Proxy31.<clinit>;;;
Class.forName;javax.ws.rs.POST;sun.reflect.generics.factory.CoreReflectionFactory.makeNamedType;114;;
Class.forName;javax.ws.rs.PUT;java.lang.reflect.Proxy$ProxyBuilder.ensureVisible;879;;
Class.forName;javax.ws.rs.PUT;jdk.proxy2.$Proxy29.<clinit>;;;
Class.forName;javax.ws.rs.PUT;sun.reflect.generics.factory.CoreReflectionFactory.makeNamedType;114;;
Class.forName;javax.ws.rs.Path;java.lang.reflect.Proxy$ProxyBuilder.ensureVisible;879;;
Class.forName;javax.ws.rs.Path;jdk.proxy2.$Proxy12.<clinit>;;;
Class.forName;javax.ws.rs.Path;sun.reflect.generics.factory.CoreReflectionFactory.makeNamedType;114;;
Class.forName;javax.ws.rs.Produces;java.lang.reflect.Proxy$ProxyBuilder.ensureVisible;879;;
Class.forName;javax.ws.rs.Produces;jdk.proxy2.$Proxy10.<clinit>;;;
Class.forName;javax.ws.rs.Produces;sun.reflect.generics.factory.CoreReflectionFactory.makeNamedType;114;;
Class.forName;javax.ws.rs.QueryParam;java.lang.reflect.Proxy$ProxyBuilder.ensureVisible;879;;
Class.forName;javax.ws.rs.QueryParam;jdk.proxy2.$Proxy35.<clinit>;;;
Class.forName;javax.ws.rs.QueryParam;sun.reflect.generics.factory.CoreReflectionFactory.makeNamedType;114;;
Class.forName;javax.ws.rs.RuntimeType;java.lang.reflect.Proxy$ProxyBuilder.ensureVisible;879;;
Class.forName;javax.ws.rs.RuntimeType;sun.reflect.generics.factory.CoreReflectionFactory.makeNamedType;114;;
Class.forName;javax.ws.rs.container.ContainerRequestContext;sun.reflect.generics.factory.CoreReflectionFactory.makeNamedType;114;;
Class.forName;javax.ws.rs.core.Application;sun.reflect.generics.factory.CoreReflectionFactory.makeNamedType;114;;
Class.forName;javax.ws.rs.core.Configurable;sun.reflect.generics.factory.CoreReflectionFactory.makeNamedType;114;;
Class.forName;javax.ws.rs.core.Context;java.lang.reflect.Proxy$ProxyBuilder.ensureVisible;879;;
Class.forName;javax.ws.rs.core.Context;jdk.proxy2.$Proxy28.<clinit>;;;
Class.forName;javax.ws.rs.core.Context;sun.reflect.generics.factory.CoreReflectionFactory.makeNamedType;114;;
Class.forName;javax.ws.rs.core.Form;sun.reflect.generics.factory.CoreReflectionFactory.makeNamedType;114;;
Class.forName;javax.ws.rs.core.GenericType;sun.reflect.generics.factory.CoreReflectionFactory.makeNamedType;114;;
Class.forName;javax.ws.rs.core.MultivaluedMap;sun.reflect.generics.factory.CoreReflectionFactory.makeNamedType;114;;
Class.forName;javax.ws.rs.core.Response;sun.reflect.generics.factory.CoreReflectionFactory.makeNamedType;114;;
Class.forName;javax.ws.rs.core.StreamingOutput;sun.reflect.generics.factory.CoreReflectionFactory.makeNamedType;114;;
Class.forName;javax.ws.rs.ext.MessageBodyReader;sun.reflect.generics.factory.CoreReflectionFactory.makeNamedType;114;;
Class.forName;javax.ws.rs.ext.MessageBodyWriter;sun.reflect.generics.factory.CoreReflectionFactory.makeNamedType;114;;
Class.forName;javax.ws.rs.ext.Provider;java.lang.reflect.Proxy$ProxyBuilder.ensureVisible;879;;
Class.forName;javax.ws.rs.ext.Provider;jdk.proxy2.$Proxy7.<clinit>;;;
Class.forName;javax.ws.rs.ext.Provider;sun.reflect.generics.factory.CoreReflectionFactory.makeNamedType;114;;
Class.forName;javax.xml.bind.JAXBException;org.glassfish.jersey.internal.util.ReflectionHelper$2.run;234;;
Class.forName;javax.xml.bind.annotation.XmlNs;java.lang.reflect.Proxy$ProxyBuilder.ensureVisible;879;;
Class.forName;javax.xml.bind.annotation.XmlNsForm;java.lang.reflect.Proxy$ProxyBuilder.ensureVisible;879;;
Class.forName;javax.xml.bind.annotation.XmlNsForm;sun.reflect.generics.factory.CoreReflectionFactory.makeNamedType;114;;
Class.forName;javax.xml.bind.annotation.XmlRegistry;java.lang.reflect.Proxy$ProxyBuilder.ensureVisible;879;;
Class.forName;javax.xml.bind.annotation.XmlRegistry;jdk.proxy2.$Proxy26.<clinit>;;;
Class.forName;javax.xml.bind.annotation.XmlRegistry;sun.reflect.generics.factory.CoreReflectionFactory.makeNamedType;114;;
Class.forName;javax.xml.bind.annotation.XmlSchema;java.lang.reflect.Proxy$ProxyBuilder.ensureVisible;879;;
Class.forName;javax.xml.bind.annotation.XmlSchema;jdk.proxy2.$Proxy27.<clinit>;;;
Class.forName;javax.xml.bind.annotation.XmlSchema;sun.reflect.generics.factory.CoreReflectionFactory.makeNamedType;114;;
Class.forName;javax.xml.parsers.DocumentBuilderFactory;sun.reflect.generics.factory.CoreReflectionFactory.makeNamedType;114;;
Class.forName;javax.xml.parsers.SAXParserFactory;sun.reflect.generics.factory.CoreReflectionFactory.makeNamedType;114;;
Class.forName;javax.xml.transform.Source;org.glassfish.jersey.internal.util.ReflectionHelper$2.run;234;;
Class.forName;javax.xml.transform.Source;sun.reflect.generics.factory.CoreReflectionFactory.makeNamedType;114;;
Class.forName;javax.xml.transform.TransformerFactory;sun.reflect.generics.factory.CoreReflectionFactory.makeNamedType;114;;
Class.forName;javax.xml.transform.dom.DOMSource;org.glassfish.jersey.internal.util.ReflectionHelper$2.run;234;;
Class.forName;javax.xml.transform.dom.DOMSource;sun.reflect.generics.factory.CoreReflectionFactory.makeNamedType;114;;
Class.forName;javax.xml.transform.sax.SAXSource;org.glassfish.jersey.internal.util.ReflectionHelper$2.run;234;;
Class.forName;javax.xml.transform.sax.SAXSource;sun.reflect.generics.factory.CoreReflectionFactory.makeNamedType;114;;
Class.forName;javax.xml.transform.stream.StreamSource;org.glassfish.jersey.internal.util.ReflectionHelper$2.run;234;;
Class.forName;javax.xml.transform.stream.StreamSource;sun.reflect.generics.factory.CoreReflectionFactory.makeNamedType;114;;
Class.forName;jdk.internal.ValueBased;com.sun.proxy.jdk.proxy1.$Proxy44.<clinit>;;;
Class.forName;jdk.internal.ValueBased;java.lang.reflect.Proxy$ProxyBuilder.ensureVisible;879;;
Class.forName;jdk.internal.ValueBased;sun.reflect.generics.factory.CoreReflectionFactory.makeNamedType;114;;
Class.forName;jdk.internal.jrtfs.JrtFileSystemProvider;java.util.ServiceLoader$LazyClassPathLookupIterator.nextProviderClass;1217;;
Class.forName;jdk.internal.jrtfs.JrtFileSystemProvider;java.util.ServiceLoader.loadProvider;859;;
Class.forName;jdk.internal.reflect.CallerSensitive;com.sun.proxy.jdk.proxy1.$Proxy1.<clinit>;;;
Class.forName;jdk.internal.reflect.CallerSensitive;java.lang.reflect.Proxy$ProxyBuilder.ensureVisible;879;;
Class.forName;jdk.internal.reflect.CallerSensitive;sun.reflect.generics.factory.CoreReflectionFactory.makeNamedType;114;;
Class.forName;jdk.internal.vm.annotation.IntrinsicCandidate;com.sun.proxy.jdk.proxy1.$Proxy2.<clinit>;;;
Class.forName;jdk.internal.vm.annotation.IntrinsicCandidate;java.lang.reflect.Proxy$ProxyBuilder.ensureVisible;879;;
Class.forName;jdk.internal.vm.annotation.IntrinsicCandidate;sun.reflect.generics.factory.CoreReflectionFactory.makeNamedType;114;;
Class.forName;jdk.management.jfr.ConfigurationInfo;sun.reflect.generics.factory.CoreReflectionFactory.makeNamedType;114;;
Class.forName;jdk.management.jfr.EventTypeInfo;sun.reflect.generics.factory.CoreReflectionFactory.makeNamedType;114;;
Class.forName;jdk.management.jfr.RecordingInfo;sun.reflect.generics.factory.CoreReflectionFactory.makeNamedType;114;;
Class.forName;jdk.management.jfr.SettingDescriptorInfo;sun.reflect.generics.factory.CoreReflectionFactory.makeNamedType;114;;
Class.forName;jdk.management.jfr.internal.FlightRecorderMXBeanProvider;java.util.ServiceLoader.loadProvider;859;;
Class.forName;jdk.net.ExtendedSocketOptions;sun.net.ext.ExtendedSocketOptions.getInstance;178;;
Class.forName;jdk.net.LinuxSocketOptions;jdk.net.ExtendedSocketOptions$PlatformSocketOptions.newInstance;352;;
Class.forName;jdk.nio.zipfs.ZipFileSystemProvider;java.util.ServiceLoader.loadProvider;859;;
Class.forName;kafka.Kafka;org.dacapo.kafka.ServerStarter.<init>;;;
Class.forName;kafka.admin.TopicCommand;org.dacapo.kafka.ClientRunner.initialize;;;
Class.forName;kafka.utils.Log4jController;kafka.utils.Log4jControllerRegistration$.<clinit>;28;;
Class.forName;org.apache.kafka.trogdor.agent.Agent;org.dacapo.kafka.ClientRunner.initialize;;;
Class.forName;org.apache.kafka.trogdor.basic.BasicPlatform;org.apache.kafka.common.utils.Utils.newParameterizedInstance;448;;
Class.forName;org.apache.kafka.trogdor.workload.ConstantPayloadGenerator;sun.reflect.generics.factory.CoreReflectionFactory.makeNamedType;114;;
Class.forName;org.apache.kafka.trogdor.workload.GaussianTimestampConstantPayloadGenerator;sun.reflect.generics.factory.CoreReflectionFactory.makeNamedType;114;;
Class.forName;org.apache.kafka.trogdor.workload.GaussianTimestampRandomPayloadGenerator;sun.reflect.generics.factory.CoreReflectionFactory.makeNamedType;114;;
Class.forName;org.apache.kafka.trogdor.workload.NullPayloadGenerator;sun.reflect.generics.factory.CoreReflectionFactory.makeNamedType;114;;
Class.forName;org.apache.kafka.trogdor.workload.PartitionsSpec;sun.reflect.generics.factory.CoreReflectionFactory.makeNamedType;114;;
Class.forName;org.apache.kafka.trogdor.workload.PayloadGenerator;sun.reflect.generics.factory.CoreReflectionFactory.makeNamedType;114;;
Class.forName;org.apache.kafka.trogdor.workload.ProduceBenchSpec;com.fasterxml.jackson.databind.type.TypeFactory.classForName;365;;
Class.forName;org.apache.kafka.trogdor.workload.ProduceBenchWorker;org.dacapo.kafka.ClientRunner.initialize;;;
Class.forName;org.apache.kafka.trogdor.workload.RandomComponentPayloadGenerator;sun.reflect.generics.factory.CoreReflectionFactory.makeNamedType;114;;
Class.forName;org.apache.kafka.trogdor.workload.SequentialPayloadGenerator;sun.reflect.generics.factory.CoreReflectionFactory.makeNamedType;114;;
Class.forName;org.apache.kafka.trogdor.workload.TimeIntervalTransactionsGenerator;sun.reflect.generics.factory.CoreReflectionFactory.makeNamedType;114;;
Class.forName;org.apache.kafka.trogdor.workload.TimestampConstantPayloadGenerator;sun.reflect.generics.factory.CoreReflectionFactory.makeNamedType;114;;
Class.forName;org.apache.kafka.trogdor.workload.TimestampRandomPayloadGenerator;sun.reflect.generics.factory.CoreReflectionFactory.makeNamedType;114;;
Class.forName;org.apache.kafka.trogdor.workload.TopicsSpec;sun.reflect.generics.factory.CoreReflectionFactory.makeNamedType;114;;
Class.forName;org.apache.kafka.trogdor.workload.TransactionGenerator;sun.reflect.generics.factory.CoreReflectionFactory.makeNamedType;114;;
Class.forName;org.apache.kafka.trogdor.workload.UniformRandomPayloadGenerator;sun.reflect.generics.factory.CoreReflectionFactory.makeNamedType;114;;
Class.forName;org.apache.kafka.trogdor.workload.UniformTransactionsGenerator;sun.reflect.generics.factory.CoreReflectionFactory.makeNamedType;114;;
Class.forName;org.apache.zookeeper.ClientCnxnSocketNIO;org.apache.zookeeper.ZooKeeper.getClientCnxnSocket;3404;;
Class.forName;org.apache.zookeeper.metrics.impl.DefaultMetricsProvider;org.apache.zookeeper.metrics.impl.MetricsProviderBootstrap.startMetricsProvider;39;;
Class.forName;org.apache.zookeeper.metrics.impl.DefaultMetricsProvider;org.apache.zookeeper.server.quorum.QuorumPeerConfig.parseProperties;499;;
Class.forName;org.apache.zookeeper.server.NIOServerCnxnFactory;org.apache.zookeeper.server.ServerCnxnFactory.createFactory;166;;
Class.forName;org.apache.zookeeper.server.ZooKeeperServerMain;org.dacapo.kafka.ZookeeperStarter.<init>;;;
Class.forName;org.apache.zookeeper.server.watch.WatchManager;org.apache.zookeeper.server.watch.WatchManagerFactory.createWatchManager;41;;
Class.forName;org.dacapo.harness.Kafka;org.dacapo.harness.TestHarness.findClass;274;;
Class.forName;org.dacapo.harness.LatencyReporter;org.apache.kafka.trogdor.workload.ProduceBenchWorker$Prepare.run;157;;
Class.forName;org.dacapo.kafka.Launcher;org.dacapo.harness.Kafka.<init>;32;;
Class.forName;org.eclipse.jetty.http.Http1FieldPreEncoder;java.util.ServiceLoader$LazyClassPathLookupIterator.nextProviderClass;1217;;
Class.forName;org.glassfish.hk2.api.AnnotationLiteral;sun.reflect.generics.factory.CoreReflectionFactory.makeNamedType;114;;
Class.forName;org.glassfish.hk2.api.Context;sun.reflect.generics.factory.CoreReflectionFactory.makeNamedType;114;;
Class.forName;org.glassfish.hk2.api.ContractIndicator;java.lang.reflect.Proxy$ProxyBuilder.ensureVisible;879;;
Class.forName;org.glassfish.hk2.api.ContractIndicator;jdk.proxy2.$Proxy20.<clinit>;;;
Class.forName;org.glassfish.hk2.api.ContractIndicator;sun.reflect.generics.factory.CoreReflectionFactory.makeNamedType;114;;
Class.forName;org.glassfish.hk2.api.DescriptorVisibility;java.lang.reflect.Proxy$ProxyBuilder.ensureVisible;879;;
Class.forName;org.glassfish.hk2.api.DescriptorVisibility;sun.reflect.generics.factory.CoreReflectionFactory.makeNamedType;114;;
Class.forName;org.glassfish.hk2.api.Factory;sun.reflect.generics.factory.CoreReflectionFactory.makeNamedType;114;;
Class.forName;org.glassfish.hk2.api.InjectionResolver;sun.reflect.generics.factory.CoreReflectionFactory.makeNamedType;114;;
Class.forName;org.glassfish.hk2.api.PerThread;sun.reflect.generics.factory.CoreReflectionFactory.makeNamedType;114;;
Class.forName;org.glassfish.hk2.api.TypeLiteral;sun.reflect.generics.factory.CoreReflectionFactory.makeNamedType;114;;
Class.forName;org.glassfish.hk2.api.Unproxiable;java.lang.reflect.Proxy$ProxyBuilder.ensureVisible;879;;
Class.forName;org.glassfish.hk2.api.Unproxiable;jdk.proxy2.$Proxy22.<clinit>;;;
Class.forName;org.glassfish.hk2.api.Unproxiable;sun.reflect.generics.factory.CoreReflectionFactory.makeNamedType;114;;
Class.forName;org.glassfish.hk2.api.Visibility;java.lang.reflect.Proxy$ProxyBuilder.ensureVisible;879;;
Class.forName;org.glassfish.hk2.api.Visibility;jdk.proxy2.$Proxy16.<clinit>;;;
Class.forName;org.glassfish.hk2.api.Visibility;sun.reflect.generics.factory.CoreReflectionFactory.makeNamedType;114;;
Class.forName;org.glassfish.hk2.utilities.binding.AbstractBindingBuilder;sun.reflect.generics.factory.CoreReflectionFactory.makeNamedType;114;;
Class.forName;org.glassfish.hk2.utilities.binding.BindingBuilder;sun.reflect.generics.factory.CoreReflectionFactory.makeNamedType;114;;
Class.forName;org.glassfish.hk2.utilities.binding.NamedBindingBuilder;sun.reflect.generics.factory.CoreReflectionFactory.makeNamedType;114;;
Class.forName;org.glassfish.hk2.utilities.binding.ScopedBindingBuilder;sun.reflect.generics.factory.CoreReflectionFactory.makeNamedType;114;;
Class.forName;org.glassfish.hk2.utilities.binding.ScopedNamedBindingBuilder;sun.reflect.generics.factory.CoreReflectionFactory.makeNamedType;114;;
Class.forName;org.glassfish.hk2.utilities.binding.ServiceBindingBuilder;sun.reflect.generics.factory.CoreReflectionFactory.makeNamedType;114;;
Class.forName;org.glassfish.jersey.inject.hk2.Hk2InjectionManagerFactory;org.glassfish.jersey.internal.util.ReflectionHelper$7.run;379;;
Class.forName;org.glassfish.jersey.internal.config.ExternalPropertiesAutoDiscoverable;org.glassfish.jersey.internal.util.ReflectionHelper$7.run;379;;
Class.forName;org.glassfish.jersey.internal.inject.AnnotationLiteral;sun.reflect.generics.factory.CoreReflectionFactory.makeNamedType;114;;
Class.forName;org.glassfish.jersey.internal.inject.Custom;sun.reflect.generics.factory.CoreReflectionFactory.makeNamedType;114;;
Class.forName;org.glassfish.jersey.internal.inject.DisposableSupplier;sun.reflect.generics.factory.CoreReflectionFactory.makeNamedType;114;;
Class.forName;org.glassfish.jersey.internal.inject.InjectionResolver;sun.reflect.generics.factory.CoreReflectionFactory.makeNamedType;114;;
Class.forName;org.glassfish.jersey.internal.util.collection.LazyValue;sun.reflect.generics.factory.CoreReflectionFactory.makeNamedType;114;;
Class.forName;org.glassfish.jersey.internal.util.collection.Ref;sun.reflect.generics.factory.CoreReflectionFactory.makeNamedType;114;;
Class.forName;org.glassfish.jersey.logging.LoggingFeatureAutoDiscoverable;org.glassfish.jersey.internal.util.ReflectionHelper$7.run;379;;
Class.forName;org.glassfish.jersey.message.MessageBodyWorkers;sun.reflect.generics.factory.CoreReflectionFactory.makeNamedType;114;;
Class.forName;org.glassfish.jersey.message.internal.AbstractFormProvider;sun.reflect.generics.factory.CoreReflectionFactory.makeNamedType;114;;
Class.forName;org.glassfish.jersey.message.internal.AbstractMessageReaderWriterProvider;sun.reflect.generics.factory.CoreReflectionFactory.makeNamedType;114;;
Class.forName;org.glassfish.jersey.process.Inflector;sun.reflect.generics.factory.CoreReflectionFactory.makeNamedType;114;;
Class.forName;org.glassfish.jersey.process.internal.RequestScoped;sun.reflect.generics.factory.CoreReflectionFactory.makeNamedType;114;;
Class.forName;org.glassfish.jersey.server.BackgroundScheduler;java.lang.reflect.Proxy$ProxyBuilder.ensureVisible;879;;
Class.forName;org.glassfish.jersey.server.BackgroundScheduler;jdk.proxy2.$Proxy36.<clinit>;;;
Class.forName;org.glassfish.jersey.server.BackgroundScheduler;sun.reflect.generics.factory.CoreReflectionFactory.makeNamedType;114;;
Class.forName;org.glassfish.jersey.server.ChunkedOutput;sun.reflect.generics.factory.CoreReflectionFactory.makeNamedType;114;;
Class.forName;org.glassfish.jersey.server.ContainerRequest;sun.reflect.generics.factory.CoreReflectionFactory.makeNamedType;114;;
Class.forName;org.glassfish.jersey.server.ManagedAsyncExecutor;java.lang.reflect.Proxy$ProxyBuilder.ensureVisible;879;;
Class.forName;org.glassfish.jersey.server.ManagedAsyncExecutor;jdk.proxy2.$Proxy37.<clinit>;;;
Class.forName;org.glassfish.jersey.server.ManagedAsyncExecutor;sun.reflect.generics.factory.CoreReflectionFactory.makeNamedType;114;;
Class.forName;org.glassfish.jersey.server.ResourceConfig;sun.reflect.generics.factory.CoreReflectionFactory.makeNamedType;114;;
Class.forName;org.glassfish.jersey.server.ServerConfig;sun.reflect.generics.factory.CoreReflectionFactory.makeNamedType;114;;
Class.forName;org.glassfish.jersey.server.filter.internal.ServerFiltersAutoDiscoverable;org.glassfish.jersey.internal.util.ReflectionHelper$7.run;379;;
Class.forName;org.glassfish.jersey.server.internal.RuntimeDelegateImpl;java.util.ServiceLoader$LazyClassPathLookupIterator.nextProviderClass;1217;;
Class.forName;org.glassfish.jersey.server.internal.monitoring.MonitoringAutodiscoverable;org.glassfish.jersey.internal.util.ReflectionHelper$7.run;379;;
Class.forName;org.glassfish.jersey.server.model.Parameter$ServerParameterService;org.glassfish.jersey.internal.util.ReflectionHelper$7.run;379;;
Class.forName;org.glassfish.jersey.server.spi.ComponentProvider;sun.reflect.generics.factory.CoreReflectionFactory.makeNamedType;114;;
Class.forName;org.glassfish.jersey.server.spi.ExternalRequestScope;sun.reflect.generics.factory.CoreReflectionFactory.makeNamedType;114;;
Class.forName;org.glassfish.jersey.server.spi.internal.ValueParamProvider;sun.reflect.generics.factory.CoreReflectionFactory.makeNamedType;114;;
Class.forName;org.glassfish.jersey.server.wadl.internal.WadlAutoDiscoverable;org.glassfish.jersey.internal.util.ReflectionHelper$7.run;379;;
Class.forName;org.glassfish.jersey.servlet.async.AsyncContextDelegateProviderImpl;org.glassfish.jersey.internal.util.ReflectionHelper$7.run;379;;
Class.forName;org.glassfish.jersey.servlet.init.FilterUrlMappingsProviderImpl;org.glassfish.jersey.internal.util.ReflectionHelper$7.run;379;;
Class.forName;org.glassfish.jersey.spi.AbstractThreadPoolProvider;sun.reflect.generics.factory.CoreReflectionFactory.makeNamedType;114;;
Class.forName;org.glassfish.jersey.spi.ContextResolvers;sun.reflect.generics.factory.CoreReflectionFactory.makeNamedType;114;;
Class.forName;org.glassfish.jersey.spi.Contract;java.lang.reflect.Proxy$ProxyBuilder.ensureVisible;879;;
Class.forName;org.glassfish.jersey.spi.Contract;jdk.proxy2.$Proxy24.<clinit>;;;
Class.forName;org.glassfish.jersey.spi.Contract;sun.reflect.generics.factory.CoreReflectionFactory.makeNamedType;114;;
Class.forName;org.glassfish.jersey.spi.ExceptionMappers;sun.reflect.generics.factory.CoreReflectionFactory.makeNamedType;114;;
Class.forName;org.glassfish.jersey.spi.ExecutorServiceProvider;sun.reflect.generics.factory.CoreReflectionFactory.makeNamedType;114;;
Class.forName;org.glassfish.jersey.spi.ScheduledExecutorServiceProvider;sun.reflect.generics.factory.CoreReflectionFactory.makeNamedType;114;;
Class.forName;org.jvnet.hk2.annotations.Contract;java.lang.reflect.Proxy$ProxyBuilder.ensureVisible;879;;
Class.forName;org.jvnet.hk2.annotations.Contract;jdk.proxy2.$Proxy17.<clinit>;;;
Class.forName;org.jvnet.hk2.annotations.Contract;sun.reflect.generics.factory.CoreReflectionFactory.makeNamedType;114;;
Class.forName;org.jvnet.hk2.external.generator.ServiceLocatorGeneratorImpl;java.util.ServiceLoader$LazyClassPathLookupIterator.nextProviderClass;1217;;
Class.forName;scala.Equals;sun.reflect.generics.factory.CoreReflectionFactory.makeNamedType;114;;
Class.forName;scala.Function1;sun.reflect.generics.factory.CoreReflectionFactory.makeNamedType;114;;
Class.forName;scala.PartialFunction;sun.reflect.generics.factory.CoreReflectionFactory.makeNamedType;114;;
Class.forName;scala.Product2;sun.reflect.generics.factory.CoreReflectionFactory.makeNamedType;114;;
Class.forName;scala.Product;sun.reflect.generics.factory.CoreReflectionFactory.makeNamedType;114;;
Class.forName;scala.Tuple2;sun.reflect.generics.factory.CoreReflectionFactory.makeNamedType;114;;
Class.forName;scala.collection.Iterable;sun.reflect.generics.factory.CoreReflectionFactory.makeNamedType;114;;
Class.forName;scala.collection.IterableFactoryDefaults;sun.reflect.generics.factory.CoreReflectionFactory.makeNamedType;114;;
Class.forName;scala.collection.IterableOnce;sun.reflect.generics.factory.CoreReflectionFactory.makeNamedType;114;;
Class.forName;scala.collection.IterableOnceOps;sun.reflect.generics.factory.CoreReflectionFactory.makeNamedType;114;;
Class.forName;scala.collection.IterableOps;sun.reflect.generics.factory.CoreReflectionFactory.makeNamedType;114;;
Class.forName;scala.collection.Map;sun.reflect.generics.factory.CoreReflectionFactory.makeNamedType;114;;
Class.forName;scala.collection.MapFactoryDefaults;sun.reflect.generics.factory.CoreReflectionFactory.makeNamedType;114;;
Class.forName;scala.collection.MapOps;sun.reflect.generics.factory.CoreReflectionFactory.makeNamedType;114;;
Class.forName;scala.collection.Seq;sun.reflect.generics.factory.CoreReflectionFactory.makeNamedType;114;;
Class.forName;scala.collection.SeqOps;sun.reflect.generics.factory.CoreReflectionFactory.makeNamedType;114;;
Class.forName;scala.collection.convert.JavaCollectionWrappers$IterableWrapperTrait;sun.reflect.generics.factory.CoreReflectionFactory.makeNamedType;114;;
Class.forName;scala.collection.convert.JavaCollectionWrappers$MapWrapper;sun.reflect.generics.factory.CoreReflectionFactory.makeNamedType;114;;
Class.forName;scala.collection.mutable.Buffer;sun.reflect.generics.factory.CoreReflectionFactory.makeNamedType;114;;
Class.forName;scala.collection.mutable.Builder;sun.reflect.generics.factory.CoreReflectionFactory.makeNamedType;114;;
Class.forName;scala.collection.mutable.Clearable;sun.reflect.generics.factory.CoreReflectionFactory.makeNamedType;114;;
Class.forName;scala.collection.mutable.Cloneable;sun.reflect.generics.factory.CoreReflectionFactory.makeNamedType;114;;
Class.forName;scala.collection.mutable.Growable;sun.reflect.generics.factory.CoreReflectionFactory.makeNamedType;114;;
Class.forName;scala.collection.mutable.Iterable;sun.reflect.generics.factory.CoreReflectionFactory.makeNamedType;114;;
Class.forName;scala.collection.mutable.Map;sun.reflect.generics.factory.CoreReflectionFactory.makeNamedType;114;;
Class.forName;scala.collection.mutable.MapOps;sun.reflect.generics.factory.CoreReflectionFactory.makeNamedType;114;;
Class.forName;scala.collection.mutable.Seq;sun.reflect.generics.factory.CoreReflectionFactory.makeNamedType;114;;
Class.forName;scala.collection.mutable.SeqOps;sun.reflect.generics.factory.CoreReflectionFactory.makeNamedType;114;;
Class.forName;scala.collection.mutable.Shrinkable;sun.reflect.generics.factory.CoreReflectionFactory.makeNamedType;114;;
Class.forName;scala.reflect.ScalaSignature;java.lang.reflect.Proxy$ProxyBuilder.ensureVisible;879;;
Class.forName;scala.reflect.ScalaSignature;jdk.proxy2.$Proxy4.<clinit>;;;
Class.forName;scala.reflect.ScalaSignature;sun.reflect.generics.factory.CoreReflectionFactory.makeNamedType;114;;
Class.forName;sun.misc.Signal;java.lang.reflect.Proxy$ProxyBuilder.ensureVisible;879;;
Class.forName;sun.misc.Signal;jdk.proxy2.$Proxy5.<clinit>;;;
Class.forName;sun.misc.Signal;org.apache.kafka.common.utils.LoggingSignalHandler.<init>;50;;
Class.forName;sun.misc.SignalHandler;java.lang.reflect.Proxy$ProxyBuilder.ensureVisible;879;;
Class.forName;sun.misc.SignalHandler;jdk.proxy2.$Proxy5.<clinit>;;;
Class.forName;sun.misc.SignalHandler;org.apache.kafka.common.utils.LoggingSignalHandler.<init>;52;;
Class.forName;sun.net.spi.DefaultProxySelector;java.net.ProxySelector.<clinit>;72;;
Class.forName;sun.security.provider.ConfigFile;javax.security.auth.login.Configuration$2.run;253;;
Class.forName;sun.security.provider.MD5;java.security.Provider$Service.getImplClass;1933;;
Class.forName;sun.security.provider.NativePRNG;java.security.Provider$Service.getImplClass;1933;;
Class.forName;sun.security.provider.SHA;java.security.Provider$Service.getImplClass;1933;;
Class.forName;sun.text.resources.cldr.FormatData;sun.util.resources.Bundles.findBundleOf;205;;
Class.forName;sun.text.resources.cldr.FormatData_en;sun.util.resources.Bundles.findBundleOf;205;;
Class.forName;sun.text.resources.cldr.FormatData_en_US;sun.util.resources.Bundles.findBundleOf;205;;
Class.forName;sun.text.resources.cldr.ext.FormatData_en_001;sun.util.resources.provider.LocaleDataProvider.loadResourceBundle;54;;
Class.forName;sun.text.resources.cldr.ext.FormatData_en_AU;sun.util.resources.provider.LocaleDataProvider.loadResourceBundle;54;;
Class.forName;sun.util.cldr.CLDRLocaleProviderAdapter;sun.util.locale.provider.LocaleProviderAdapter.forType;187;;
Class.forName;sun.util.locale.provider.JRELocaleProviderAdapter;sun.util.locale.provider.LocaleProviderAdapter.forType;187;;
Class.forName;sun.util.logging.internal.LoggingProviderImpl;java.util.ServiceLoader.loadProvider;859;;
Class.forName;sun.util.resources.TimeZoneNames;sun.util.resources.Bundles.findBundleOf;205;;
Class.forName;sun.util.resources.TimeZoneNames_en;sun.util.resources.Bundles.findBundleOf;205;;
Class.forName;sun.util.resources.cldr.CalendarData;sun.util.resources.Bundles.findBundleOf;205;;
Class.forName;sun.util.resources.cldr.TimeZoneNames;sun.util.resources.Bundles.findBundleOf;205;;
Class.forName;sun.util.resources.cldr.TimeZoneNames_en;sun.util.resources.Bundles.findBundleOf;205;;
Class.forName;sun.util.resources.cldr.TimeZoneNames_en_US;sun.util.resources.Bundles.findBundleOf;205;;
Class.forName;sun.util.resources.cldr.provider.CLDRLocaleDataMetaInfo;java.util.ServiceLoader.loadProvider;859;;
Class.forName;sun.util.resources.provider.LocaleDataProvider;java.util.ServiceLoader.loadProvider;859;;
Class.forName;sun.util.resources.provider.NonBaseLocaleDataMetaInfo;java.util.ServiceLoader.loadProvider;859;;
Class.newInstance;java.net.Inet6AddressImpl;java.net.InetAddress.loadImpl;1713;;
Class.newInstance;javax.management.MBeanServerBuilder;javax.management.MBeanServerFactory.newBuilder;461;;
Class.newInstance;jdk.internal.reflect.GeneratedConstructorAccessor10;jdk.internal.reflect.MethodAccessorGenerator$1.run;405;;
Class.newInstance;jdk.internal.reflect.GeneratedConstructorAccessor1;jdk.internal.reflect.MethodAccessorGenerator$1.run;405;;
Class.newInstance;jdk.internal.reflect.GeneratedConstructorAccessor2;jdk.internal.reflect.MethodAccessorGenerator$1.run;405;;
Class.newInstance;jdk.internal.reflect.GeneratedConstructorAccessor3;jdk.internal.reflect.MethodAccessorGenerator$1.run;405;;
Class.newInstance;jdk.internal.reflect.GeneratedConstructorAccessor4;jdk.internal.reflect.MethodAccessorGenerator$1.run;405;;
Class.newInstance;jdk.internal.reflect.GeneratedConstructorAccessor5;jdk.internal.reflect.MethodAccessorGenerator$1.run;405;;
Class.newInstance;jdk.internal.reflect.GeneratedConstructorAccessor6;jdk.internal.reflect.MethodAccessorGenerator$1.run;405;;
Class.newInstance;jdk.internal.reflect.GeneratedConstructorAccessor7;jdk.internal.reflect.MethodAccessorGenerator$1.run;405;;
Class.newInstance;jdk.internal.reflect.GeneratedConstructorAccessor8;jdk.internal.reflect.MethodAccessorGenerator$1.run;405;;
Class.newInstance;jdk.internal.reflect.GeneratedConstructorAccessor9;jdk.internal.reflect.MethodAccessorGenerator$1.run;405;;
Class.newInstance;jdk.internal.reflect.GeneratedMethodAccessor1;jdk.internal.reflect.MethodAccessorGenerator$1.run;405;;
Class.newInstance;jdk.internal.reflect.GeneratedMethodAccessor2;jdk.internal.reflect.MethodAccessorGenerator$1.run;405;;
Class.newInstance;org.apache.log4j.ConsoleAppender;org.apache.log4j.helpers.OptionConverter.instantiateByClassName;313;;
Class.newInstance;org.apache.log4j.PatternLayout;org.apache.log4j.helpers.OptionConverter.instantiateByClassName;313;;
Class.newInstance;org.glassfish.jersey.inject.hk2.Hk2InjectionManagerFactory;org.glassfish.jersey.internal.ServiceFinder$LazyObjectIterator.hasNext;691;;
Class.newInstance;org.glassfish.jersey.server.model.Parameter$ServerParameterService;org.glassfish.jersey.internal.ServiceFinder$LazyObjectIterator.hasNext;691;;
Class.newInstance;sun.net.spi.DefaultProxySelector;java.net.ProxySelector.<clinit>;75;;
Class.newInstance;sun.security.provider.ConfigFile;javax.security.auth.login.Configuration$2.run;258;;
Class.newInstance;sun.text.resources.cldr.ext.FormatData_en_001;sun.util.resources.provider.LocaleDataProvider.loadResourceBundle;58;;
Class.newInstance;sun.text.resources.cldr.ext.FormatData_en_AU;sun.util.resources.provider.LocaleDataProvider.loadResourceBundle;58;;
Constructor.newInstance;<com.fasterxml.jackson.databind.ext.Java7HandlersImpl: void <init>()>;com.fasterxml.jackson.databind.util.ClassUtil.createInstance;566;isAccessible=false;
Constructor.newInstance;<com.fasterxml.jackson.databind.ext.Java7SupportImpl: void <init>()>;com.fasterxml.jackson.databind.util.ClassUtil.createInstance;566;isAccessible=false;
Constructor.newInstance;<com.sun.management.internal.PlatformMBeanProviderImpl$$Lambda$89: void <init>()>;java.lang.invoke.InnerClassLambdaMetafactory.buildCallSite;261;isAccessible=true;
Constructor.newInstance;<com.sun.management.internal.PlatformMBeanProviderImpl: void <init>()>;java.util.ServiceLoader$ProviderImpl.newInstance;789;isAccessible=true;
Constructor.newInstance;<com.sun.org.apache.xerces.internal.jaxp.datatype.DatatypeFactoryImpl: void <init>()>;javax.xml.datatype.FactoryFinder.newInstance;189;isAccessible=false;
Constructor.newInstance;<com.sun.proxy.jdk.proxy1.$Proxy1: void <init>(java.lang.reflect.InvocationHandler)>;java.lang.reflect.Proxy.newProxyInstance;1053;isAccessible=true;
Constructor.newInstance;<com.sun.proxy.jdk.proxy1.$Proxy2: void <init>(java.lang.reflect.InvocationHandler)>;java.lang.reflect.Proxy.newProxyInstance;1053;isAccessible=true;
Constructor.newInstance;<com.sun.proxy.jdk.proxy1.$Proxy44: void <init>(java.lang.reflect.InvocationHandler)>;java.lang.reflect.Proxy.newProxyInstance;1053;isAccessible=true;
Constructor.newInstance;<java.lang.Class$$Lambda$116: void <init>()>;java.lang.invoke.InnerClassLambdaMetafactory.buildCallSite;261;isAccessible=true;
Constructor.newInstance;<java.lang.Module$$Lambda$24: void <init>()>;java.lang.invoke.InnerClassLambdaMetafactory.buildCallSite;261;isAccessible=true;
Constructor.newInstance;<java.lang.String: void <init>(java.lang.String)>;net.sourceforge.argparse4j.impl.type.ReflectArgumentType.convertUsingConstructor;143;isAccessible=false;
Constructor.newInstance;<java.lang.System$LoggerFinder$$Lambda$78: void <init>()>;java.lang.invoke.InnerClassLambdaMetafactory.buildCallSite;261;isAccessible=true;
Constructor.newInstance;<java.lang.invoke.VarHandleByteArrayAsInts$ArrayHandle$$Lambda$40: void <init>()>;java.lang.invoke.InnerClassLambdaMetafactory.buildCallSite;261;isAccessible=true;
Constructor.newInstance;<java.lang.invoke.VarHandleByteArrayAsLongs$ArrayHandle$$Lambda$41: void <init>()>;java.lang.invoke.InnerClassLambdaMetafactory.buildCallSite;261;isAccessible=true;
Constructor.newInstance;<java.lang.management.DefaultPlatformMBeanProvider$5$$Lambda$106: void <init>()>;java.lang.invoke.InnerClassLambdaMetafactory.buildCallSite;261;isAccessible=true;
Constructor.newInstance;<java.lang.management.ManagementFactory$$Lambda$77: void <init>()>;java.lang.invoke.InnerClassLambdaMetafactory.buildCallSite;261;isAccessible=true;
Constructor.newInstance;<java.lang.management.ManagementFactory$$Lambda$93: void <init>()>;java.lang.invoke.InnerClassLambdaMetafactory.buildCallSite;261;isAccessible=true;
Constructor.newInstance;<java.lang.management.ManagementFactory$$Lambda$94: void <init>()>;java.lang.invoke.InnerClassLambdaMetafactory.buildCallSite;261;isAccessible=true;
Constructor.newInstance;<java.lang.management.ManagementFactory$$Lambda$95: void <init>()>;java.lang.invoke.InnerClassLambdaMetafactory.buildCallSite;261;isAccessible=true;
Constructor.newInstance;<java.lang.management.ManagementPermission: void <init>(java.lang.String)>;com.sun.management.internal.DiagnosticCommandImpl$Wrapper.<init>;122;isAccessible=false;
Constructor.newInstance;<java.lang.module.ModuleDescriptor$Builder$$Lambda$34: void <init>()>;java.lang.invoke.InnerClassLambdaMetafactory.buildCallSite;261;isAccessible=true;
Constructor.newInstance;<java.lang.reflect.Executable$$Lambda$18: void <init>()>;java.lang.invoke.InnerClassLambdaMetafactory.buildCallSite;261;isAccessible=true;
Constructor.newInstance;<java.lang.reflect.Executable$$Lambda$56: void <init>()>;java.lang.invoke.InnerClassLambdaMetafactory.buildCallSite;261;isAccessible=true;
Constructor.newInstance;<java.lang.reflect.Proxy$$Lambda$50: void <init>()>;java.lang.invoke.InnerClassLambdaMetafactory.buildCallSite;261;isAccessible=true;
Constructor.newInstance;<java.lang.reflect.Proxy$ProxyBuilder$$Lambda$51: void <init>()>;java.lang.invoke.InnerClassLambdaMetafactory.buildCallSite;261;isAccessible=true;
Constructor.newInstance;<java.lang.reflect.ProxyGenerator$$Lambda$54: void <init>()>;java.lang.invoke.InnerClassLambdaMetafactory.buildCallSite;261;isAccessible=true;
Constructor.newInstance;<java.lang.reflect.ProxyGenerator$$Lambda$55: void <init>()>;java.lang.invoke.InnerClassLambdaMetafactory.buildCallSite;261;isAccessible=true;
Constructor.newInstance;<java.net.SocketImpl$$Lambda$61: void <init>()>;java.lang.invoke.InnerClassLambdaMetafactory.buildCallSite;261;isAccessible=true;
Constructor.newInstance;<java.nio.DirectByteBuffer: void <init>(int,long,java.io.FileDescriptor,java.lang.Runnable,boolean,jdk.internal.access.foreign.MemorySegmentProxy)>;sun.nio.ch.Util.newMappedByteBuffer;443;isAccessible=true;
Constructor.newInstance;<java.nio.channels.spi.SelectorProvider$Holder$$Lambda$72: void <init>()>;java.lang.invoke.InnerClassLambdaMetafactory.buildCallSite;261;isAccessible=true;
Constructor.newInstance;<java.nio.file.Files$$Lambda$30: void <init>()>;java.lang.invoke.InnerClassLambdaMetafactory.buildCallSite;261;isAccessible=true;
Constructor.newInstance;<java.text.DecimalFormatSymbols$$Lambda$59: void <init>()>;java.lang.invoke.InnerClassLambdaMetafactory.buildCallSite;261;isAccessible=true;
Constructor.newInstance;<java.time.format.DateTimeFormatter$$Lambda$49: void <init>()>;java.lang.invoke.InnerClassLambdaMetafactory.buildCallSite;261;isAccessible=true;
Constructor.newInstance;<java.time.format.DateTimeFormatter$$Lambda$50: void <init>()>;java.lang.invoke.InnerClassLambdaMetafactory.buildCallSite;261;isAccessible=true;
Constructor.newInstance;<java.time.format.DateTimeFormatterBuilder$$Lambda$48: void <init>()>;java.lang.invoke.InnerClassLambdaMetafactory.buildCallSite;261;isAccessible=true;
Constructor.newInstance;<java.util.PropertyPermission: void <init>(java.lang.String,java.lang.String)>;com.sun.management.internal.DiagnosticCommandImpl$Wrapper.<init>;133;isAccessible=false;
Constructor.newInstance;<java.util.ResourceBundle$ResourceBundleControlProviderHolder$$Lambda$590: void <init>()>;java.lang.invoke.InnerClassLambdaMetafactory.buildCallSite;261;isAccessible=true;
Constructor.newInstance;<java.util.ResourceBundle$ResourceBundleControlProviderHolder$$Lambda$591: void <init>()>;java.lang.invoke.InnerClassLambdaMetafactory.buildCallSite;261;isAccessible=true;
Constructor.newInstance;<java.util.function.Function$$Lambda$27: void <init>()>;java.lang.invoke.InnerClassLambdaMetafactory.buildCallSite;261;isAccessible=true;
Constructor.newInstance;<java.util.logging.Level$$Lambda$41: void <init>()>;java.lang.invoke.InnerClassLambdaMetafactory.buildCallSite;261;isAccessible=true;
Constructor.newInstance;<java.util.logging.Level$KnownLevel$$Lambda$39: void <init>()>;java.lang.invoke.InnerClassLambdaMetafactory.buildCallSite;261;isAccessible=true;
Constructor.newInstance;<java.util.logging.Level$KnownLevel$$Lambda$40: void <init>()>;java.lang.invoke.InnerClassLambdaMetafactory.buildCallSite;261;isAccessible=true;
Constructor.newInstance;<java.util.logging.Level$KnownLevel$$Lambda$83: void <init>()>;java.lang.invoke.InnerClassLambdaMetafactory.buildCallSite;261;isAccessible=true;
Constructor.newInstance;<java.util.regex.CharPredicates$$Lambda$20: void <init>()>;java.lang.invoke.InnerClassLambdaMetafactory.buildCallSite;261;isAccessible=true;
Constructor.newInstance;<java.util.regex.CharPredicates$$Lambda$335: void <init>()>;java.lang.invoke.InnerClassLambdaMetafactory.buildCallSite;261;isAccessible=true;
Constructor.newInstance;<java.util.regex.CharPredicates$$Lambda$47: void <init>()>;java.lang.invoke.InnerClassLambdaMetafactory.buildCallSite;261;isAccessible=true;
Constructor.newInstance;<java.util.regex.Pattern$$Lambda$43: void <init>()>;java.lang.invoke.InnerClassLambdaMetafactory.buildCallSite;261;isAccessible=true;
Constructor.newInstance;<java.util.regex.Pattern$$Lambda$793: void <init>()>;java.lang.invoke.InnerClassLambdaMetafactory.buildCallSite;261;isAccessible=true;
Constructor.newInstance;<java.util.stream.Collectors$$Lambda$107: void <init>()>;java.lang.invoke.InnerClassLambdaMetafactory.buildCallSite;261;isAccessible=true;
Constructor.newInstance;<java.util.stream.Collectors$$Lambda$109: void <init>()>;java.lang.invoke.InnerClassLambdaMetafactory.buildCallSite;261;isAccessible=true;
Constructor.newInstance;<java.util.stream.Collectors$$Lambda$1407: void <init>()>;java.lang.invoke.InnerClassLambdaMetafactory.buildCallSite;261;isAccessible=true;
Constructor.newInstance;<java.util.stream.Collectors$$Lambda$1410: void <init>()>;java.lang.invoke.InnerClassLambdaMetafactory.buildCallSite;261;isAccessible=true;
Constructor.newInstance;<java.util.stream.Collectors$$Lambda$1411: void <init>()>;java.lang.invoke.InnerClassLambdaMetafactory.buildCallSite;261;isAccessible=true;
Constructor.newInstance;<java.util.stream.Collectors$$Lambda$1412: void <init>()>;java.lang.invoke.InnerClassLambdaMetafactory.buildCallSite;261;isAccessible=true;
Constructor.newInstance;<java.util.stream.Collectors$$Lambda$34: void <init>()>;java.lang.invoke.InnerClassLambdaMetafactory.buildCallSite;261;isAccessible=true;
Constructor.newInstance;<java.util.stream.Collectors$$Lambda$35: void <init>()>;java.lang.invoke.InnerClassLambdaMetafactory.buildCallSite;261;isAccessible=true;
Constructor.newInstance;<java.util.stream.Collectors$$Lambda$36: void <init>()>;java.lang.invoke.InnerClassLambdaMetafactory.buildCallSite;261;isAccessible=true;
Constructor.newInstance;<java.util.stream.Collectors$$Lambda$37: void <init>()>;java.lang.invoke.InnerClassLambdaMetafactory.buildCallSite;261;isAccessible=true;
Constructor.newInstance;<java.util.stream.Collectors$$Lambda$44: void <init>()>;java.lang.invoke.InnerClassLambdaMetafactory.buildCallSite;261;isAccessible=true;
Constructor.newInstance;<java.util.stream.Collectors$$Lambda$45: void <init>()>;java.lang.invoke.InnerClassLambdaMetafactory.buildCallSite;261;isAccessible=true;
Constructor.newInstance;<java.util.stream.Collectors$$Lambda$46: void <init>()>;java.lang.invoke.InnerClassLambdaMetafactory.buildCallSite;261;isAccessible=true;
Constructor.newInstance;<java.util.stream.Collectors$$Lambda$90: void <init>()>;java.lang.invoke.InnerClassLambdaMetafactory.buildCallSite;261;isAccessible=true;
Constructor.newInstance;<java.util.stream.Collectors$$Lambda$91: void <init>()>;java.lang.invoke.InnerClassLambdaMetafactory.buildCallSite;261;isAccessible=true;
Constructor.newInstance;<java.util.stream.Collectors$$Lambda$92: void <init>()>;java.lang.invoke.InnerClassLambdaMetafactory.buildCallSite;261;isAccessible=true;
Constructor.newInstance;<java.util.stream.Collectors$$Lambda$985: void <init>()>;java.lang.invoke.InnerClassLambdaMetafactory.buildCallSite;261;isAccessible=true;
Constructor.newInstance;<java.util.stream.Collectors$$Lambda$986: void <init>()>;java.lang.invoke.InnerClassLambdaMetafactory.buildCallSite;261;isAccessible=true;
Constructor.newInstance;<java.util.stream.FindOps$FindSink$OfInt$$Lambda$60: void <init>()>;java.lang.invoke.InnerClassLambdaMetafactory.buildCallSite;261;isAccessible=true;
Constructor.newInstance;<java.util.stream.FindOps$FindSink$OfInt$$Lambda$61: void <init>()>;java.lang.invoke.InnerClassLambdaMetafactory.buildCallSite;261;isAccessible=true;
Constructor.newInstance;<java.util.stream.FindOps$FindSink$OfInt$$Lambda$62: void <init>()>;java.lang.invoke.InnerClassLambdaMetafactory.buildCallSite;261;isAccessible=true;
Constructor.newInstance;<java.util.stream.FindOps$FindSink$OfInt$$Lambda$63: void <init>()>;java.lang.invoke.InnerClassLambdaMetafactory.buildCallSite;261;isAccessible=true;
Constructor.newInstance;<java.util.stream.IntPipeline$$Lambda$893: void <init>()>;java.lang.invoke.InnerClassLambdaMetafactory.buildCallSite;261;isAccessible=true;
Constructor.newInstance;<java.util.stream.ReferencePipeline$$Lambda$593: void <init>()>;java.lang.invoke.InnerClassLambdaMetafactory.buildCallSite;261;isAccessible=true;
Constructor.newInstance;<javax.ws.rs.ext.FactoryFinder$$Lambda$996: void <init>()>;java.lang.invoke.InnerClassLambdaMetafactory.buildCallSite;261;isAccessible=true;
Constructor.newInstance;<jdk.internal.jrtfs.JrtFileSystemProvider: void <init>()>;java.util.ServiceLoader$ProviderImpl.newInstance;789;isAccessible=true;
Constructor.newInstance;<jdk.internal.misc.ExtendedMapMode$$Lambda$1330: void <init>()>;java.lang.invoke.InnerClassLambdaMetafactory.buildCallSite;261;isAccessible=true;
Constructor.newInstance;<jdk.internal.platform.CgroupSubsystemFactory$$Lambda$102: void <init>()>;java.lang.invoke.InnerClassLambdaMetafactory.buildCallSite;261;isAccessible=true;
Constructor.newInstance;<jdk.internal.platform.cgroupv1.CgroupV1Subsystem$$Lambda$103: void <init>()>;java.lang.invoke.InnerClassLambdaMetafactory.buildCallSite;261;isAccessible=true;
Constructor.newInstance;<jdk.jfr.internal.dcmd.DCmdCheck$$Lambda$113: void <init>()>;java.lang.invoke.InnerClassLambdaMetafactory.buildCallSite;261;isAccessible=true;
Constructor.newInstance;<jdk.jfr.internal.dcmd.DCmdDump$$Lambda$112: void <init>()>;java.lang.invoke.InnerClassLambdaMetafactory.buildCallSite;261;isAccessible=true;
Constructor.newInstance;<jdk.jfr.internal.dcmd.DCmdStart$$Lambda$111: void <init>()>;java.lang.invoke.InnerClassLambdaMetafactory.buildCallSite;261;isAccessible=true;
Constructor.newInstance;<jdk.jfr.internal.dcmd.DCmdStop$$Lambda$110: void <init>()>;java.lang.invoke.InnerClassLambdaMetafactory.buildCallSite;261;isAccessible=true;
Constructor.newInstance;<jdk.management.jfr.internal.FlightRecorderMXBeanProvider: void <init>()>;java.util.ServiceLoader$ProviderImpl.newInstance;789;isAccessible=true;
Constructor.newInstance;<jdk.net.LinuxSocketOptions: void <init>()>;jdk.net.ExtendedSocketOptions$PlatformSocketOptions.newInstance;353;isAccessible=false;
Constructor.newInstance;<jdk.nio.zipfs.ZipFileSystem$$Lambda$26: void <init>()>;java.lang.invoke.InnerClassLambdaMetafactory.buildCallSite;261;isAccessible=true;
Constructor.newInstance;<jdk.nio.zipfs.ZipFileSystemProvider: void <init>()>;java.util.ServiceLoader$ProviderImpl.newInstance;789;isAccessible=true;
Constructor.newInstance;<jdk.proxy1.$Proxy0: void <init>(java.lang.reflect.InvocationHandler)>;java.lang.reflect.Proxy.newProxyInstance;1053;isAccessible=true;
Constructor.newInstance;<jdk.proxy1.$Proxy11: void <init>(java.lang.reflect.InvocationHandler)>;java.lang.reflect.Proxy.newProxyInstance;1053;isAccessible=true;
Constructor.newInstance;<jdk.proxy1.$Proxy23: void <init>(java.lang.reflect.InvocationHandler)>;java.lang.reflect.Proxy.newProxyInstance;1053;isAccessible=true;
Constructor.newInstance;<jdk.proxy1.$Proxy3: void <init>(java.lang.reflect.InvocationHandler)>;java.lang.reflect.Proxy.newProxyInstance;1053;isAccessible=true;
Constructor.newInstance;<jdk.proxy1.$Proxy6: void <init>(java.lang.reflect.InvocationHandler)>;java.lang.reflect.Proxy.newProxyInstance;1053;isAccessible=true;
Constructor.newInstance;<jdk.proxy1.$Proxy8: void <init>(java.lang.reflect.InvocationHandler)>;java.lang.reflect.Proxy.newProxyInstance;1053;isAccessible=true;
Constructor.newInstance;<jdk.proxy2.$Proxy10: void <init>(java.lang.reflect.InvocationHandler)>;java.lang.reflect.Proxy.newProxyInstance;1053;isAccessible=true;
Constructor.newInstance;<jdk.proxy2.$Proxy12: void <init>(java.lang.reflect.InvocationHandler)>;java.lang.reflect.Proxy.newProxyInstance;1053;isAccessible=true;
Constructor.newInstance;<jdk.proxy2.$Proxy13: void <init>(java.lang.reflect.InvocationHandler)>;java.lang.reflect.Proxy.newProxyInstance;1053;isAccessible=true;
Constructor.newInstance;<jdk.proxy2.$Proxy14: void <init>(java.lang.reflect.InvocationHandler)>;java.lang.reflect.Proxy.newProxyInstance;1053;isAccessible=true;
Constructor.newInstance;<jdk.proxy2.$Proxy15: void <init>(java.lang.reflect.InvocationHandler)>;java.lang.reflect.Proxy.newProxyInstance;1053;isAccessible=true;
Constructor.newInstance;<jdk.proxy2.$Proxy16: void <init>(java.lang.reflect.InvocationHandler)>;java.lang.reflect.Proxy.newProxyInstance;1053;isAccessible=true;
Constructor.newInstance;<jdk.proxy2.$Proxy17: void <init>(java.lang.reflect.InvocationHandler)>;java.lang.reflect.Proxy.newProxyInstance;1053;isAccessible=true;
Constructor.newInstance;<jdk.proxy2.$Proxy18: void <init>(java.lang.reflect.InvocationHandler)>;java.lang.reflect.Proxy.newProxyInstance;1053;isAccessible=true;
Constructor.newInstance;<jdk.proxy2.$Proxy19: void <init>(java.lang.reflect.InvocationHandler)>;java.lang.reflect.Proxy.newProxyInstance;1053;isAccessible=true;
Constructor.newInstance;<jdk.proxy2.$Proxy20: void <init>(java.lang.reflect.InvocationHandler)>;java.lang.reflect.Proxy.newProxyInstance;1053;isAccessible=true;
Constructor.newInstance;<jdk.proxy2.$Proxy21: void <init>(java.lang.reflect.InvocationHandler)>;java.lang.reflect.Proxy.newProxyInstance;1053;isAccessible=true;
Constructor.newInstance;<jdk.proxy2.$Proxy22: void <init>(java.lang.reflect.InvocationHandler)>;java.lang.reflect.Proxy.newProxyInstance;1053;isAccessible=true;
Constructor.newInstance;<jdk.proxy2.$Proxy24: void <init>(java.lang.reflect.InvocationHandler)>;java.lang.reflect.Proxy.newProxyInstance;1053;isAccessible=true;
Constructor.newInstance;<jdk.proxy2.$Proxy25: void <init>(java.lang.reflect.InvocationHandler)>;java.lang.reflect.Proxy.newProxyInstance;1053;isAccessible=true;
Constructor.newInstance;<jdk.proxy2.$Proxy26: void <init>(java.lang.reflect.InvocationHandler)>;java.lang.reflect.Proxy.newProxyInstance;1053;isAccessible=true;
Constructor.newInstance;<jdk.proxy2.$Proxy27: void <init>(java.lang.reflect.InvocationHandler)>;java.lang.reflect.Proxy.newProxyInstance;1053;isAccessible=true;
Constructor.newInstance;<jdk.proxy2.$Proxy28: void <init>(java.lang.reflect.InvocationHandler)>;java.lang.reflect.Proxy.newProxyInstance;1053;isAccessible=true;
Constructor.newInstance;<jdk.proxy2.$Proxy29: void <init>(java.lang.reflect.InvocationHandler)>;java.lang.reflect.Proxy.newProxyInstance;1053;isAccessible=true;
Constructor.newInstance;<jdk.proxy2.$Proxy30: void <init>(java.lang.reflect.InvocationHandler)>;java.lang.reflect.Proxy.newProxyInstance;1053;isAccessible=true;
Constructor.newInstance;<jdk.proxy2.$Proxy31: void <init>(java.lang.reflect.InvocationHandler)>;java.lang.reflect.Proxy.newProxyInstance;1053;isAccessible=true;
Constructor.newInstance;<jdk.proxy2.$Proxy32: void <init>(java.lang.reflect.InvocationHandler)>;java.lang.reflect.Proxy.newProxyInstance;1053;isAccessible=true;
Constructor.newInstance;<jdk.proxy2.$Proxy33: void <init>(java.lang.reflect.InvocationHandler)>;java.lang.reflect.Proxy.newProxyInstance;1053;isAccessible=true;
Constructor.newInstance;<jdk.proxy2.$Proxy34: void <init>(java.lang.reflect.InvocationHandler)>;java.lang.reflect.Proxy.newProxyInstance;1053;isAccessible=true;
Constructor.newInstance;<jdk.proxy2.$Proxy35: void <init>(java.lang.reflect.InvocationHandler)>;java.lang.reflect.Proxy.newProxyInstance;1053;isAccessible=true;
Constructor.newInstance;<jdk.proxy2.$Proxy36: void <init>(java.lang.reflect.InvocationHandler)>;java.lang.reflect.Proxy.newProxyInstance;1053;isAccessible=true;
Constructor.newInstance;<jdk.proxy2.$Proxy37: void <init>(java.lang.reflect.InvocationHandler)>;java.lang.reflect.Proxy.newProxyInstance;1053;isAccessible=true;
Constructor.newInstance;<jdk.proxy2.$Proxy38: void <init>(java.lang.reflect.InvocationHandler)>;java.lang.reflect.Proxy.newProxyInstance;1053;isAccessible=true;
Constructor.newInstance;<jdk.proxy2.$Proxy39: void <init>(java.lang.reflect.InvocationHandler)>;java.lang.reflect.Proxy.newProxyInstance;1053;isAccessible=true;
Constructor.newInstance;<jdk.proxy2.$Proxy40: void <init>(java.lang.reflect.InvocationHandler)>;java.lang.reflect.Proxy.newProxyInstance;1053;isAccessible=true;
Constructor.newInstance;<jdk.proxy2.$Proxy41: void <init>(java.lang.reflect.InvocationHandler)>;java.lang.reflect.Proxy.newProxyInstance;1053;isAccessible=true;
Constructor.newInstance;<jdk.proxy2.$Proxy42: void <init>(java.lang.reflect.InvocationHandler)>;java.lang.reflect.Proxy.newProxyInstance;1053;isAccessible=true;
Constructor.newInstance;<jdk.proxy2.$Proxy43: void <init>(java.lang.reflect.InvocationHandler)>;java.lang.reflect.Proxy.newProxyInstance;1053;isAccessible=true;
Constructor.newInstance;<jdk.proxy2.$Proxy45: void <init>(java.lang.reflect.InvocationHandler)>;java.lang.reflect.Proxy.newProxyInstance;1053;isAccessible=true;
Constructor.newInstance;<jdk.proxy2.$Proxy46: void <init>(java.lang.reflect.InvocationHandler)>;java.lang.reflect.Proxy.newProxyInstance;1053;isAccessible=true;
Constructor.newInstance;<jdk.proxy2.$Proxy47: void <init>(java.lang.reflect.InvocationHandler)>;java.lang.reflect.Proxy.newProxyInstance;1053;isAccessible=true;
Constructor.newInstance;<jdk.proxy2.$Proxy48: void <init>(java.lang.reflect.InvocationHandler)>;java.lang.reflect.Proxy.newProxyInstance;1053;isAccessible=true;
Constructor.newInstance;<jdk.proxy2.$Proxy4: void <init>(java.lang.reflect.InvocationHandler)>;java.lang.reflect.Proxy.newProxyInstance;1053;isAccessible=true;
Constructor.newInstance;<jdk.proxy2.$Proxy5: void <init>(java.lang.reflect.InvocationHandler)>;java.lang.reflect.Proxy.newProxyInstance;1053;isAccessible=true;
Constructor.newInstance;<jdk.proxy2.$Proxy7: void <init>(java.lang.reflect.InvocationHandler)>;java.lang.reflect.Proxy.newProxyInstance;1053;isAccessible=true;
Constructor.newInstance;<jdk.proxy2.$Proxy9: void <init>(java.lang.reflect.InvocationHandler)>;java.lang.reflect.Proxy.newProxyInstance;1053;isAccessible=true;
Constructor.newInstance;<jdk.xml.internal.SecuritySupport$$Lambda$48: void <init>()>;java.lang.invoke.InnerClassLambdaMetafactory.buildCallSite;261;isAccessible=true;
Constructor.newInstance;<kafka.admin.AdminUtils$$$Lambda$1111: void <init>()>;java.lang.invoke.InnerClassLambdaMetafactory.buildCallSite;261;isAccessible=true;
Constructor.newInstance;<kafka.admin.AdminUtils$$$Lambda$1112: void <init>()>;java.lang.invoke.InnerClassLambdaMetafactory.buildCallSite;261;isAccessible=true;
Constructor.newInstance;<kafka.cluster.Broker$$Lambda$613: void <init>()>;java.lang.invoke.InnerClassLambdaMetafactory.buildCallSite;261;isAccessible=true;
Constructor.newInstance;<kafka.cluster.EndPoint$$$Lambda$149: void <init>()>;java.lang.invoke.InnerClassLambdaMetafactory.buildCallSite;261;isAccessible=true;
Constructor.newInstance;<kafka.cluster.EndPoint$$$Lambda$174: void <init>()>;java.lang.invoke.InnerClassLambdaMetafactory.buildCallSite;261;isAccessible=true;
Constructor.newInstance;<kafka.cluster.Partition$$Lambda$1275: void <init>()>;java.lang.invoke.InnerClassLambdaMetafactory.buildCallSite;261;isAccessible=true;
Constructor.newInstance;<kafka.cluster.Partition$$Lambda$1285: void <init>()>;java.lang.invoke.InnerClassLambdaMetafactory.buildCallSite;261;isAccessible=true;
Constructor.newInstance;<kafka.cluster.Partition$$Lambda$1286: void <init>()>;java.lang.invoke.InnerClassLambdaMetafactory.buildCallSite;261;isAccessible=true;
Constructor.newInstance;<kafka.cluster.Partition$$Lambda$1287: void <init>()>;java.lang.invoke.InnerClassLambdaMetafactory.buildCallSite;261;isAccessible=true;
Constructor.newInstance;<kafka.cluster.Partition$$Lambda$1288: void <init>()>;java.lang.invoke.InnerClassLambdaMetafactory.buildCallSite;261;isAccessible=true;
Constructor.newInstance;<kafka.controller.AbstractControllerBrokerRequestBatch$$Lambda$1224: void <init>()>;java.lang.invoke.InnerClassLambdaMetafactory.buildCallSite;261;isAccessible=true;
Constructor.newInstance;<kafka.controller.AbstractControllerBrokerRequestBatch$$Lambda$1227: void <init>()>;java.lang.invoke.InnerClassLambdaMetafactory.buildCallSite;261;isAccessible=true;
Constructor.newInstance;<kafka.controller.AbstractControllerBrokerRequestBatch$$Lambda$1229: void <init>()>;java.lang.invoke.InnerClassLambdaMetafactory.buildCallSite;261;isAccessible=true;
Constructor.newInstance;<kafka.controller.AbstractControllerBrokerRequestBatch$$Lambda$1230: void <init>()>;java.lang.invoke.InnerClassLambdaMetafactory.buildCallSite;261;isAccessible=true;
Constructor.newInstance;<kafka.controller.AbstractControllerBrokerRequestBatch$$Lambda$1231: void <init>()>;java.lang.invoke.InnerClassLambdaMetafactory.buildCallSite;261;isAccessible=true;
Constructor.newInstance;<kafka.controller.AbstractControllerBrokerRequestBatch$$Lambda$1233: void <init>()>;java.lang.invoke.InnerClassLambdaMetafactory.buildCallSite;261;isAccessible=true;
Constructor.newInstance;<kafka.controller.AbstractControllerBrokerRequestBatch$$Lambda$1234: void <init>()>;java.lang.invoke.InnerClassLambdaMetafactory.buildCallSite;261;isAccessible=true;
Constructor.newInstance;<kafka.controller.AbstractControllerBrokerRequestBatch$$Lambda$1238: void <init>()>;java.lang.invoke.InnerClassLambdaMetafactory.buildCallSite;261;isAccessible=true;
Constructor.newInstance;<kafka.controller.AbstractControllerBrokerRequestBatch$$Lambda$1240: void <init>()>;java.lang.invoke.InnerClassLambdaMetafactory.buildCallSite;261;isAccessible=true;
Constructor.newInstance;<kafka.controller.AbstractControllerBrokerRequestBatch$$Lambda$1242: void <init>()>;java.lang.invoke.InnerClassLambdaMetafactory.buildCallSite;261;isAccessible=true;
Constructor.newInstance;<kafka.controller.AbstractControllerBrokerRequestBatch$$Lambda$1257: void <init>()>;java.lang.invoke.InnerClassLambdaMetafactory.buildCallSite;261;isAccessible=true;
Constructor.newInstance;<kafka.controller.AbstractControllerBrokerRequestBatch$$Lambda$1259: void <init>()>;java.lang.invoke.InnerClassLambdaMetafactory.buildCallSite;261;isAccessible=true;
Constructor.newInstance;<kafka.controller.AbstractControllerBrokerRequestBatch$$Lambda$796: void <init>()>;java.lang.invoke.InnerClassLambdaMetafactory.buildCallSite;261;isAccessible=true;
Constructor.newInstance;<kafka.controller.AbstractControllerBrokerRequestBatch$$Lambda$802: void <init>()>;java.lang.invoke.InnerClassLambdaMetafactory.buildCallSite;261;isAccessible=true;
Constructor.newInstance;<kafka.controller.AbstractControllerBrokerRequestBatch$$Lambda$804: void <init>()>;java.lang.invoke.InnerClassLambdaMetafactory.buildCallSite;261;isAccessible=true;
Constructor.newInstance;<kafka.controller.ControllerContext$$Lambda$1178: void <init>()>;java.lang.invoke.InnerClassLambdaMetafactory.buildCallSite;261;isAccessible=true;
Constructor.newInstance;<kafka.controller.ControllerContext$$Lambda$1193: void <init>()>;java.lang.invoke.InnerClassLambdaMetafactory.buildCallSite;261;isAccessible=true;
Constructor.newInstance;<kafka.controller.ControllerContext$$Lambda$1195: void <init>()>;java.lang.invoke.InnerClassLambdaMetafactory.buildCallSite;261;isAccessible=true;
Constructor.newInstance;<kafka.controller.ControllerContext$$Lambda$1212: void <init>()>;java.lang.invoke.InnerClassLambdaMetafactory.buildCallSite;261;isAccessible=true;
Constructor.newInstance;<kafka.controller.ControllerContext$$Lambda$1221: void <init>()>;java.lang.invoke.InnerClassLambdaMetafactory.buildCallSite;261;isAccessible=true;
Constructor.newInstance;<kafka.controller.ControllerContext$$Lambda$1222: void <init>()>;java.lang.invoke.InnerClassLambdaMetafactory.buildCallSite;261;isAccessible=true;
Constructor.newInstance;<kafka.controller.ControllerContext$$Lambda$745: void <init>()>;java.lang.invoke.InnerClassLambdaMetafactory.buildCallSite;261;isAccessible=true;
Constructor.newInstance;<kafka.controller.ControllerContext$$Lambda$758: void <init>()>;java.lang.invoke.InnerClassLambdaMetafactory.buildCallSite;261;isAccessible=true;
Constructor.newInstance;<kafka.controller.ControllerContext$$Lambda$816: void <init>()>;java.lang.invoke.InnerClassLambdaMetafactory.buildCallSite;261;isAccessible=true;
Constructor.newInstance;<kafka.controller.KafkaController$$Lambda$1183: void <init>()>;java.lang.invoke.InnerClassLambdaMetafactory.buildCallSite;261;isAccessible=true;
Constructor.newInstance;<kafka.controller.KafkaController$$Lambda$1184: void <init>()>;java.lang.invoke.InnerClassLambdaMetafactory.buildCallSite;261;isAccessible=true;
Constructor.newInstance;<kafka.controller.KafkaController$$Lambda$1421: void <init>()>;java.lang.invoke.InnerClassLambdaMetafactory.buildCallSite;261;isAccessible=true;
Constructor.newInstance;<kafka.controller.KafkaController$$Lambda$1576: void <init>()>;java.lang.invoke.InnerClassLambdaMetafactory.buildCallSite;261;isAccessible=true;
Constructor.newInstance;<kafka.controller.KafkaController$$Lambda$1577: void <init>()>;java.lang.invoke.InnerClassLambdaMetafactory.buildCallSite;261;isAccessible=true;
Constructor.newInstance;<kafka.controller.KafkaController$$Lambda$1581: void <init>()>;java.lang.invoke.InnerClassLambdaMetafactory.buildCallSite;261;isAccessible=true;
Constructor.newInstance;<kafka.controller.KafkaController$$Lambda$656: void <init>()>;java.lang.invoke.InnerClassLambdaMetafactory.buildCallSite;261;isAccessible=true;
Constructor.newInstance;<kafka.controller.KafkaController$$Lambda$708: void <init>()>;java.lang.invoke.InnerClassLambdaMetafactory.buildCallSite;261;isAccessible=true;
Constructor.newInstance;<kafka.controller.KafkaController$$Lambda$719: void <init>()>;java.lang.invoke.InnerClassLambdaMetafactory.buildCallSite;261;isAccessible=true;
Constructor.newInstance;<kafka.controller.KafkaController$$Lambda$724: void <init>()>;java.lang.invoke.InnerClassLambdaMetafactory.buildCallSite;261;isAccessible=true;
Constructor.newInstance;<kafka.controller.KafkaController$$Lambda$727: void <init>()>;java.lang.invoke.InnerClassLambdaMetafactory.buildCallSite;261;isAccessible=true;
Constructor.newInstance;<kafka.controller.KafkaController$$Lambda$751: void <init>()>;java.lang.invoke.InnerClassLambdaMetafactory.buildCallSite;261;isAccessible=true;
Constructor.newInstance;<kafka.controller.KafkaController$$Lambda$784: void <init>()>;java.lang.invoke.InnerClassLambdaMetafactory.buildCallSite;261;isAccessible=true;
Constructor.newInstance;<kafka.controller.KafkaController$$Lambda$787: void <init>()>;java.lang.invoke.InnerClassLambdaMetafactory.buildCallSite;261;isAccessible=true;
Constructor.newInstance;<kafka.controller.KafkaController$$Lambda$790: void <init>()>;java.lang.invoke.InnerClassLambdaMetafactory.buildCallSite;261;isAccessible=true;
Constructor.newInstance;<kafka.controller.KafkaController$$Lambda$795: void <init>()>;java.lang.invoke.InnerClassLambdaMetafactory.buildCallSite;261;isAccessible=true;
Constructor.newInstance;<kafka.controller.KafkaController$$Lambda$875: void <init>()>;java.lang.invoke.InnerClassLambdaMetafactory.buildCallSite;261;isAccessible=true;
Constructor.newInstance;<kafka.controller.KafkaController$$Lambda$886: void <init>()>;java.lang.invoke.InnerClassLambdaMetafactory.buildCallSite;261;isAccessible=true;
Constructor.newInstance;<kafka.controller.PartitionStateMachine$$Lambda$821: void <init>()>;java.lang.invoke.InnerClassLambdaMetafactory.buildCallSite;261;isAccessible=true;
Constructor.newInstance;<kafka.controller.PartitionStateMachine$$Lambda$826: void <init>()>;java.lang.invoke.InnerClassLambdaMetafactory.buildCallSite;261;isAccessible=true;
Constructor.newInstance;<kafka.controller.ReplicaLeaderElection$$$Lambda$874: void <init>()>;java.lang.invoke.InnerClassLambdaMetafactory.buildCallSite;261;isAccessible=true;
Constructor.newInstance;<kafka.controller.ReplicaStateMachine$$Lambda$813: void <init>()>;java.lang.invoke.InnerClassLambdaMetafactory.buildCallSite;261;isAccessible=true;
Constructor.newInstance;<kafka.controller.ReplicaStateMachine$$Lambda$815: void <init>()>;java.lang.invoke.InnerClassLambdaMetafactory.buildCallSite;261;isAccessible=true;
Constructor.newInstance;<kafka.controller.ReplicaStateMachine$$Lambda$819: void <init>()>;java.lang.invoke.InnerClassLambdaMetafactory.buildCallSite;261;isAccessible=true;
Constructor.newInstance;<kafka.controller.StateChangeLogger$$Lambda$408: void <init>()>;java.lang.invoke.InnerClassLambdaMetafactory.buildCallSite;261;isAccessible=true;
Constructor.newInstance;<kafka.controller.StateChangeLogger$$Lambda$409: void <init>()>;java.lang.invoke.InnerClassLambdaMetafactory.buildCallSite;261;isAccessible=true;
Constructor.newInstance;<kafka.controller.ZkPartitionStateMachine$$Lambda$1213: void <init>()>;java.lang.invoke.InnerClassLambdaMetafactory.buildCallSite;261;isAccessible=true;
Constructor.newInstance;<kafka.controller.ZkReplicaStateMachine$$Lambda$1197: void <init>()>;java.lang.invoke.InnerClassLambdaMetafactory.buildCallSite;261;isAccessible=true;
Constructor.newInstance;<kafka.coordinator.group.GroupCoordinator$$Lambda$664: void <init>()>;java.lang.invoke.InnerClassLambdaMetafactory.buildCallSite;261;isAccessible=true;
Constructor.newInstance;<kafka.coordinator.group.GroupCoordinator$$Lambda$672: void <init>()>;java.lang.invoke.InnerClassLambdaMetafactory.buildCallSite;261;isAccessible=true;
Constructor.newInstance;<kafka.coordinator.transaction.RPCProducerIdManager$$Lambda$1464: void <init>()>;java.lang.invoke.InnerClassLambdaMetafactory.buildCallSite;261;isAccessible=true;
Constructor.newInstance;<kafka.coordinator.transaction.TransactionCoordinator$$Lambda$691: void <init>()>;java.lang.invoke.InnerClassLambdaMetafactory.buildCallSite;261;isAccessible=true;
Constructor.newInstance;<kafka.coordinator.transaction.TransactionCoordinator$$Lambda$698: void <init>()>;java.lang.invoke.InnerClassLambdaMetafactory.buildCallSite;261;isAccessible=true;
Constructor.newInstance;<kafka.coordinator.transaction.TransactionMarkerChannelManager$$Lambda$714: void <init>()>;java.lang.invoke.InnerClassLambdaMetafactory.buildCallSite;261;isAccessible=true;
Constructor.newInstance;<kafka.coordinator.transaction.TransactionMarkerChannelManager$$Lambda$716: void <init>()>;java.lang.invoke.InnerClassLambdaMetafactory.buildCallSite;261;isAccessible=true;
Constructor.newInstance;<kafka.coordinator.transaction.TransactionMarkerChannelManager$$Lambda$717: void <init>()>;java.lang.invoke.InnerClassLambdaMetafactory.buildCallSite;261;isAccessible=true;
Constructor.newInstance;<kafka.log.Cleaner$$Lambda$401: void <init>()>;java.lang.invoke.InnerClassLambdaMetafactory.buildCallSite;261;isAccessible=true;
Constructor.newInstance;<kafka.log.LogAppendInfo$$Lambda$1521: void <init>()>;java.lang.invoke.InnerClassLambdaMetafactory.buildCallSite;261;isAccessible=true;
Constructor.newInstance;<kafka.log.LogCleaner$$Lambda$369: void <init>()>;java.lang.invoke.InnerClassLambdaMetafactory.buildCallSite;261;isAccessible=true;
Constructor.newInstance;<kafka.log.LogCleaner$CleanerThread$$Lambda$417: void <init>()>;java.lang.invoke.InnerClassLambdaMetafactory.buildCallSite;261;isAccessible=true;
Constructor.newInstance;<kafka.log.LogCleaner$CleanerThread$$Lambda$418: void <init>()>;java.lang.invoke.InnerClassLambdaMetafactory.buildCallSite;261;isAccessible=true;
Constructor.newInstance;<kafka.log.LogCleanerManager$$Lambda$377: void <init>()>;java.lang.invoke.InnerClassLambdaMetafactory.buildCallSite;261;isAccessible=true;
Constructor.newInstance;<kafka.log.LogCleanerManager$$Lambda$403: void <init>()>;java.lang.invoke.InnerClassLambdaMetafactory.buildCallSite;261;isAccessible=true;
Constructor.newInstance;<kafka.log.LogCleanerManager$$Lambda$411: void <init>()>;java.lang.invoke.InnerClassLambdaMetafactory.buildCallSite;261;isAccessible=true;
Constructor.newInstance;<kafka.log.LogCleanerManager$$Lambda$414: void <init>()>;java.lang.invoke.InnerClassLambdaMetafactory.buildCallSite;261;isAccessible=true;
Constructor.newInstance;<kafka.log.LogCleanerManager$$Lambda$424: void <init>()>;java.lang.invoke.InnerClassLambdaMetafactory.buildCallSite;261;isAccessible=true;
Constructor.newInstance;<kafka.log.LogConfig$$$Lambda$1126: void <init>()>;java.lang.invoke.InnerClassLambdaMetafactory.buildCallSite;261;isAccessible=true;
Constructor.newInstance;<kafka.log.LogConfig$$$Lambda$1131: void <init>()>;java.lang.invoke.InnerClassLambdaMetafactory.buildCallSite;261;isAccessible=true;
Constructor.newInstance;<kafka.log.LogConfig$$$Lambda$216: void <init>()>;java.lang.invoke.InnerClassLambdaMetafactory.buildCallSite;261;isAccessible=true;
Constructor.newInstance;<kafka.log.LogConfig$$Lambda$319: void <init>()>;java.lang.invoke.InnerClassLambdaMetafactory.buildCallSite;261;isAccessible=true;
Constructor.newInstance;<kafka.log.LogConfig$$Lambda$321: void <init>()>;java.lang.invoke.InnerClassLambdaMetafactory.buildCallSite;261;isAccessible=true;
Constructor.newInstance;<kafka.log.LogLoader$$Lambda$1309: void <init>()>;java.lang.invoke.InnerClassLambdaMetafactory.buildCallSite;261;isAccessible=true;
Constructor.newInstance;<kafka.log.LogLoader$$Lambda$1314: void <init>()>;java.lang.invoke.InnerClassLambdaMetafactory.buildCallSite;261;isAccessible=true;
Constructor.newInstance;<kafka.log.LogLoader$$Lambda$1316: void <init>()>;java.lang.invoke.InnerClassLambdaMetafactory.buildCallSite;261;isAccessible=true;
Constructor.newInstance;<kafka.log.LogLoader$$Lambda$1318: void <init>()>;java.lang.invoke.InnerClassLambdaMetafactory.buildCallSite;261;isAccessible=true;
Constructor.newInstance;<kafka.log.LogLoader$$Lambda$1321: void <init>()>;java.lang.invoke.InnerClassLambdaMetafactory.buildCallSite;261;isAccessible=true;
Constructor.newInstance;<kafka.log.LogLoader$$Lambda$1322: void <init>()>;java.lang.invoke.InnerClassLambdaMetafactory.buildCallSite;261;isAccessible=true;
Constructor.newInstance;<kafka.log.LogManager$$$Lambda$322: void <init>()>;java.lang.invoke.InnerClassLambdaMetafactory.buildCallSite;261;isAccessible=true;
Constructor.newInstance;<kafka.log.LogManager$$$Lambda$323: void <init>()>;java.lang.invoke.InnerClassLambdaMetafactory.buildCallSite;261;isAccessible=true;
Constructor.newInstance;<kafka.log.LogManager$$Lambda$1294: void <init>()>;java.lang.invoke.InnerClassLambdaMetafactory.buildCallSite;261;isAccessible=true;
Constructor.newInstance;<kafka.log.LogManager$$Lambda$342: void <init>()>;java.lang.invoke.InnerClassLambdaMetafactory.buildCallSite;261;isAccessible=true;
Constructor.newInstance;<kafka.log.LogManager$$Lambda$343: void <init>()>;java.lang.invoke.InnerClassLambdaMetafactory.buildCallSite;261;isAccessible=true;
Constructor.newInstance;<kafka.log.LogManager$$Lambda$346: void <init>()>;java.lang.invoke.InnerClassLambdaMetafactory.buildCallSite;261;isAccessible=true;
Constructor.newInstance;<kafka.log.LogManager$$Lambda$349: void <init>()>;java.lang.invoke.InnerClassLambdaMetafactory.buildCallSite;261;isAccessible=true;
Constructor.newInstance;<kafka.log.LogManager$$Lambda$350: void <init>()>;java.lang.invoke.InnerClassLambdaMetafactory.buildCallSite;261;isAccessible=true;
Constructor.newInstance;<kafka.log.LogManager$$Lambda$352: void <init>()>;java.lang.invoke.InnerClassLambdaMetafactory.buildCallSite;261;isAccessible=true;
Constructor.newInstance;<kafka.log.LogManager$$Lambda$355: void <init>()>;java.lang.invoke.InnerClassLambdaMetafactory.buildCallSite;261;isAccessible=true;
Constructor.newInstance;<kafka.log.LogManager$$Lambda$374: void <init>()>;java.lang.invoke.InnerClassLambdaMetafactory.buildCallSite;261;isAccessible=true;
Constructor.newInstance;<kafka.log.LogManager$$Lambda$375: void <init>()>;java.lang.invoke.InnerClassLambdaMetafactory.buildCallSite;261;isAccessible=true;
Constructor.newInstance;<kafka.log.LogManager$$Lambda$379: void <init>()>;java.lang.invoke.InnerClassLambdaMetafactory.buildCallSite;261;isAccessible=true;
Constructor.newInstance;<kafka.log.LogManager$$Lambda$386: void <init>()>;java.lang.invoke.InnerClassLambdaMetafactory.buildCallSite;261;isAccessible=true;
Constructor.newInstance;<kafka.log.LogManager$$Lambda$395: void <init>()>;java.lang.invoke.InnerClassLambdaMetafactory.buildCallSite;261;isAccessible=true;
Constructor.newInstance;<kafka.log.LogManager$$Lambda$396: void <init>()>;java.lang.invoke.InnerClassLambdaMetafactory.buildCallSite;261;isAccessible=true;
Constructor.newInstance;<kafka.log.LogManager$$Lambda$399: void <init>()>;java.lang.invoke.InnerClassLambdaMetafactory.buildCallSite;261;isAccessible=true;
Constructor.newInstance;<kafka.log.LogSegments$$Lambda$1320: void <init>()>;java.lang.invoke.InnerClassLambdaMetafactory.buildCallSite;261;isAccessible=true;
Constructor.newInstance;<kafka.log.LogSegments$$Lambda$1329: void <init>()>;java.lang.invoke.InnerClassLambdaMetafactory.buildCallSite;261;isAccessible=true;
Constructor.newInstance;<kafka.log.LogSegments$$Lambda$1336: void <init>()>;java.lang.invoke.InnerClassLambdaMetafactory.buildCallSite;261;isAccessible=true;
Constructor.newInstance;<kafka.log.LogSegments$$Lambda$1339: void <init>()>;java.lang.invoke.InnerClassLambdaMetafactory.buildCallSite;261;isAccessible=true;
Constructor.newInstance;<kafka.log.LogSegments$$Lambda$1344: void <init>()>;java.lang.invoke.InnerClassLambdaMetafactory.buildCallSite;261;isAccessible=true;
Constructor.newInstance;<kafka.log.ProducerStateManager$$$Lambda$1304: void <init>()>;java.lang.invoke.InnerClassLambdaMetafactory.buildCallSite;261;isAccessible=true;
Constructor.newInstance;<kafka.log.ProducerStateManager$$$Lambda$1305: void <init>()>;java.lang.invoke.InnerClassLambdaMetafactory.buildCallSite;261;isAccessible=true;
Constructor.newInstance;<kafka.log.ProducerStateManager$$$Lambda$1306: void <init>()>;java.lang.invoke.InnerClassLambdaMetafactory.buildCallSite;261;isAccessible=true;
Constructor.newInstance;<kafka.log.ProducerStateManager$$$Lambda$1307: void <init>()>;java.lang.invoke.InnerClassLambdaMetafactory.buildCallSite;261;isAccessible=true;
Constructor.newInstance;<kafka.log.ProducerStateManager$$Lambda$1342: void <init>()>;java.lang.invoke.InnerClassLambdaMetafactory.buildCallSite;261;isAccessible=true;
Constructor.newInstance;<kafka.log.ProducerStateManager$$Lambda$1346: void <init>()>;java.lang.invoke.InnerClassLambdaMetafactory.buildCallSite;261;isAccessible=true;
Constructor.newInstance;<kafka.log.ProducerStateManager$$Lambda$1347: void <init>()>;java.lang.invoke.InnerClassLambdaMetafactory.buildCallSite;261;isAccessible=true;
Constructor.newInstance;<kafka.log.ProducerStateManager$$Lambda$1349: void <init>()>;java.lang.invoke.InnerClassLambdaMetafactory.buildCallSite;261;isAccessible=true;
Constructor.newInstance;<kafka.log.ProducerStateManager$$Lambda$1350: void <init>()>;java.lang.invoke.InnerClassLambdaMetafactory.buildCallSite;261;isAccessible=true;
Constructor.newInstance;<kafka.log.UnifiedLog$$$Lambda$1345: void <init>()>;java.lang.invoke.InnerClassLambdaMetafactory.buildCallSite;261;isAccessible=true;
Constructor.newInstance;<kafka.log.UnifiedLog$$Lambda$1351: void <init>()>;java.lang.invoke.InnerClassLambdaMetafactory.buildCallSite;261;isAccessible=true;
Constructor.newInstance;<kafka.log.UnifiedLog$$Lambda$1355: void <init>()>;java.lang.invoke.InnerClassLambdaMetafactory.buildCallSite;261;isAccessible=true;
Constructor.newInstance;<kafka.log.UnifiedLog$$Lambda$1374: void <init>()>;java.lang.invoke.InnerClassLambdaMetafactory.buildCallSite;261;isAccessible=true;
Constructor.newInstance;<kafka.log.UnifiedLog$$Lambda$1515: void <init>()>;java.lang.invoke.InnerClassLambdaMetafactory.buildCallSite;261;isAccessible=true;
Constructor.newInstance;<kafka.message.BrokerCompressionCodec$$$Lambda$156: void <init>()>;java.lang.invoke.InnerClassLambdaMetafactory.buildCallSite;261;isAccessible=true;
Constructor.newInstance;<kafka.metrics.KafkaMetricsGroup$$Lambda$228: void <init>()>;java.lang.invoke.InnerClassLambdaMetafactory.buildCallSite;261;isAccessible=true;
Constructor.newInstance;<kafka.metrics.KafkaMetricsGroup$$Lambda$229: void <init>()>;java.lang.invoke.InnerClassLambdaMetafactory.buildCallSite;261;isAccessible=true;
Constructor.newInstance;<kafka.metrics.KafkaMetricsGroup$$Lambda$331: void <init>()>;java.lang.invoke.InnerClassLambdaMetafactory.buildCallSite;261;isAccessible=true;
Constructor.newInstance;<kafka.metrics.KafkaMetricsGroup$$Lambda$332: void <init>()>;java.lang.invoke.InnerClassLambdaMetafactory.buildCallSite;261;isAccessible=true;
Constructor.newInstance;<kafka.metrics.KafkaMetricsGroup$$Lambda$334: void <init>()>;java.lang.invoke.InnerClassLambdaMetafactory.buildCallSite;261;isAccessible=true;
Constructor.newInstance;<kafka.network.Acceptor$$Lambda$838: void <init>()>;java.lang.invoke.InnerClassLambdaMetafactory.buildCallSite;261;isAccessible=true;
Constructor.newInstance;<kafka.network.ConnectionQuotas$$Lambda$561: void <init>()>;java.lang.invoke.InnerClassLambdaMetafactory.buildCallSite;261;isAccessible=true;
Constructor.newInstance;<kafka.network.ConnectionQuotas$$Lambda$856: void <init>()>;java.lang.invoke.InnerClassLambdaMetafactory.buildCallSite;261;isAccessible=true;
Constructor.newInstance;<kafka.network.ConnectionQuotas$$Lambda$857: void <init>()>;java.lang.invoke.InnerClassLambdaMetafactory.buildCallSite;261;isAccessible=true;
Constructor.newInstance;<kafka.network.ConnectionQuotas$$Lambda$858: void <init>()>;java.lang.invoke.InnerClassLambdaMetafactory.buildCallSite;261;isAccessible=true;
Constructor.newInstance;<kafka.network.ConnectionQuotas$$Lambda$859: void <init>()>;java.lang.invoke.InnerClassLambdaMetafactory.buildCallSite;261;isAccessible=true;
Constructor.newInstance;<kafka.network.ConnectionQuotas$ListenerConnectionQuota$$Lambda$569: void <init>()>;java.lang.invoke.InnerClassLambdaMetafactory.buildCallSite;261;isAccessible=true;
Constructor.newInstance;<kafka.network.ConnectionQuotas$ListenerConnectionQuota$$Lambda$570: void <init>()>;java.lang.invoke.InnerClassLambdaMetafactory.buildCallSite;261;isAccessible=true;
Constructor.newInstance;<kafka.network.ConnectionQuotas$ListenerConnectionQuota$$Lambda$571: void <init>()>;java.lang.invoke.InnerClassLambdaMetafactory.buildCallSite;261;isAccessible=true;
Constructor.newInstance;<kafka.network.ConnectionQuotas$ListenerConnectionQuota$$Lambda$572: void <init>()>;java.lang.invoke.InnerClassLambdaMetafactory.buildCallSite;261;isAccessible=true;
Constructor.newInstance;<kafka.network.Processor$$Lambda$920: void <init>()>;java.lang.invoke.InnerClassLambdaMetafactory.buildCallSite;261;isAccessible=true;
Constructor.newInstance;<kafka.network.Processor$$Lambda$921: void <init>()>;java.lang.invoke.InnerClassLambdaMetafactory.buildCallSite;261;isAccessible=true;
Constructor.newInstance;<kafka.network.RequestChannel$Metrics$$Lambda$447: void <init>()>;java.lang.invoke.InnerClassLambdaMetafactory.buildCallSite;261;isAccessible=true;
Constructor.newInstance;<kafka.network.SocketServer$$Lambda$830: void <init>()>;java.lang.invoke.InnerClassLambdaMetafactory.buildCallSite;261;isAccessible=true;
Constructor.newInstance;<kafka.server.AbstractFetcherManager$$Lambda$602: void <init>()>;java.lang.invoke.InnerClassLambdaMetafactory.buildCallSite;261;isAccessible=true;
Constructor.newInstance;<kafka.server.BrokerFeatures$$$Lambda$704: void <init>()>;java.lang.invoke.InnerClassLambdaMetafactory.buildCallSite;261;isAccessible=true;
Constructor.newInstance;<kafka.server.BrokerFeatures$$$Lambda$705: void <init>()>;java.lang.invoke.InnerClassLambdaMetafactory.buildCallSite;261;isAccessible=true;
Constructor.newInstance;<kafka.server.BrokerFeatures$$Lambda$674: void <init>()>;java.lang.invoke.InnerClassLambdaMetafactory.buildCallSite;261;isAccessible=true;
Constructor.newInstance;<kafka.server.BrokerMetadataCheckpoint$$$Lambda$265: void <init>()>;java.lang.invoke.InnerClassLambdaMetafactory.buildCallSite;261;isAccessible=true;
Constructor.newInstance;<kafka.server.BrokerToControllerRequestThread$$Lambda$437: void <init>()>;java.lang.invoke.InnerClassLambdaMetafactory.buildCallSite;261;isAccessible=true;
Constructor.newInstance;<kafka.server.BrokerToControllerRequestThread$$Lambda$439: void <init>()>;java.lang.invoke.InnerClassLambdaMetafactory.buildCallSite;261;isAccessible=true;
Constructor.newInstance;<kafka.server.BrokerTopicStats$$$Lambda$312: void <init>()>;java.lang.invoke.InnerClassLambdaMetafactory.buildCallSite;261;isAccessible=true;
Constructor.newInstance;<kafka.server.ConfigHelper$$Lambda$1128: void <init>()>;java.lang.invoke.InnerClassLambdaMetafactory.buildCallSite;261;isAccessible=true;
Constructor.newInstance;<kafka.server.ConfigHelper$$Lambda$1139: void <init>()>;java.lang.invoke.InnerClassLambdaMetafactory.buildCallSite;261;isAccessible=true;
Constructor.newInstance;<kafka.server.DefaultApiVersionManager$$Lambda$1065: void <init>()>;java.lang.invoke.InnerClassLambdaMetafactory.buildCallSite;261;isAccessible=true;
Constructor.newInstance;<kafka.server.DefaultApiVersionManager$$Lambda$1066: void <init>()>;java.lang.invoke.InnerClassLambdaMetafactory.buildCallSite;261;isAccessible=true;
Constructor.newInstance;<kafka.server.Defaults$$$Lambda$150: void <init>()>;java.lang.invoke.InnerClassLambdaMetafactory.buildCallSite;261;isAccessible=true;
Constructor.newInstance;<kafka.server.Defaults$$$Lambda$151: void <init>()>;java.lang.invoke.InnerClassLambdaMetafactory.buildCallSite;261;isAccessible=true;
Constructor.newInstance;<kafka.server.DelayedCreatePartitions$$Lambda$1241: void <init>()>;java.lang.invoke.InnerClassLambdaMetafactory.buildCallSite;261;isAccessible=true;
Constructor.newInstance;<kafka.server.DelayedCreatePartitions$$Lambda$1250: void <init>()>;java.lang.invoke.InnerClassLambdaMetafactory.buildCallSite;261;isAccessible=true;
Constructor.newInstance;<kafka.server.DelayedCreatePartitions$$Lambda$1429: void <init>()>;java.lang.invoke.InnerClassLambdaMetafactory.buildCallSite;261;isAccessible=true;
Constructor.newInstance;<kafka.server.DelayedOperation$$Lambda$1228: void <init>()>;java.lang.invoke.InnerClassLambdaMetafactory.buildCallSite;261;isAccessible=true;
Constructor.newInstance;<kafka.server.DelayedOperationPurgatory$$Lambda$1235: void <init>()>;java.lang.invoke.InnerClassLambdaMetafactory.buildCallSite;261;isAccessible=true;
Constructor.newInstance;<kafka.server.DelayedProduce$$Lambda$1556: void <init>()>;java.lang.invoke.InnerClassLambdaMetafactory.buildCallSite;261;isAccessible=true;
Constructor.newInstance;<kafka.server.DelayedProduce$$Lambda$1557: void <init>()>;java.lang.invoke.InnerClassLambdaMetafactory.buildCallSite;261;isAccessible=true;
Constructor.newInstance;<kafka.server.DynamicBrokerConfig$$$Lambda$275: void <init>()>;java.lang.invoke.InnerClassLambdaMetafactory.buildCallSite;261;isAccessible=true;
Constructor.newInstance;<kafka.server.DynamicBrokerConfig$$Lambda$291: void <init>()>;java.lang.invoke.InnerClassLambdaMetafactory.buildCallSite;261;isAccessible=true;
Constructor.newInstance;<kafka.server.DynamicBrokerConfig$$Lambda$567: void <init>()>;java.lang.invoke.InnerClassLambdaMetafactory.buildCallSite;261;isAccessible=true;
Constructor.newInstance;<kafka.server.DynamicConfig$$$Lambda$280: void <init>()>;java.lang.invoke.InnerClassLambdaMetafactory.buildCallSite;261;isAccessible=true;
Constructor.newInstance;<kafka.server.DynamicLogConfig$$$Lambda$272: void <init>()>;java.lang.invoke.InnerClassLambdaMetafactory.buildCallSite;261;isAccessible=true;
Constructor.newInstance;<kafka.server.FinalizedFeatureChangeListener$FeatureCacheUpdater$$Lambda$420: void <init>()>;java.lang.invoke.InnerClassLambdaMetafactory.buildCallSite;261;isAccessible=true;
Constructor.newInstance;<kafka.server.FinalizedFeatureChangeListener$FeatureCacheUpdater$$Lambda$427: void <init>()>;java.lang.invoke.InnerClassLambdaMetafactory.buildCallSite;261;isAccessible=true;
Constructor.newInstance;<kafka.server.KafkaApis$$Lambda$1074: void <init>()>;java.lang.invoke.InnerClassLambdaMetafactory.buildCallSite;261;isAccessible=true;
Constructor.newInstance;<kafka.server.KafkaApis$$Lambda$1079: void <init>()>;java.lang.invoke.InnerClassLambdaMetafactory.buildCallSite;261;isAccessible=true;
Constructor.newInstance;<kafka.server.KafkaApis$$Lambda$1087: void <init>()>;java.lang.invoke.InnerClassLambdaMetafactory.buildCallSite;261;isAccessible=true;
Constructor.newInstance;<kafka.server.KafkaApis$$Lambda$1101: void <init>()>;java.lang.invoke.InnerClassLambdaMetafactory.buildCallSite;261;isAccessible=true;
Constructor.newInstance;<kafka.server.KafkaApis$$Lambda$1102: void <init>()>;java.lang.invoke.InnerClassLambdaMetafactory.buildCallSite;261;isAccessible=true;
Constructor.newInstance;<kafka.server.KafkaApis$$Lambda$1507: void <init>()>;java.lang.invoke.InnerClassLambdaMetafactory.buildCallSite;261;isAccessible=true;
Constructor.newInstance;<kafka.server.KafkaConfig$$$Lambda$148: void <init>()>;java.lang.invoke.InnerClassLambdaMetafactory.buildCallSite;261;isAccessible=true;
Constructor.newInstance;<kafka.server.KafkaConfig$$$Lambda$157: void <init>()>;java.lang.invoke.InnerClassLambdaMetafactory.buildCallSite;261;isAccessible=true;
Constructor.newInstance;<kafka.server.KafkaConfig$$Lambda$159: void <init>()>;java.lang.invoke.InnerClassLambdaMetafactory.buildCallSite;261;isAccessible=true;
Constructor.newInstance;<kafka.server.KafkaConfig$$Lambda$162: void <init>()>;java.lang.invoke.InnerClassLambdaMetafactory.buildCallSite;261;isAccessible=true;
Constructor.newInstance;<kafka.server.KafkaConfig$$Lambda$166: void <init>()>;java.lang.invoke.InnerClassLambdaMetafactory.buildCallSite;261;isAccessible=true;
Constructor.newInstance;<kafka.server.KafkaConfig$$Lambda$168: void <init>()>;java.lang.invoke.InnerClassLambdaMetafactory.buildCallSite;261;isAccessible=true;
Constructor.newInstance;<kafka.server.KafkaConfig$$Lambda$182: void <init>()>;java.lang.invoke.InnerClassLambdaMetafactory.buildCallSite;261;isAccessible=true;
Constructor.newInstance;<kafka.server.KafkaConfig$$Lambda$184: void <init>()>;java.lang.invoke.InnerClassLambdaMetafactory.buildCallSite;261;isAccessible=true;
Constructor.newInstance;<kafka.server.KafkaConfig$$Lambda$185: void <init>()>;java.lang.invoke.InnerClassLambdaMetafactory.buildCallSite;261;isAccessible=true;
Constructor.newInstance;<kafka.server.KafkaConfig$$Lambda$186: void <init>()>;java.lang.invoke.InnerClassLambdaMetafactory.buildCallSite;261;isAccessible=true;
Constructor.newInstance;<kafka.server.KafkaConfig$$Lambda$188: void <init>()>;java.lang.invoke.InnerClassLambdaMetafactory.buildCallSite;261;isAccessible=true;
Constructor.newInstance;<kafka.server.KafkaConfig$$Lambda$190: void <init>()>;java.lang.invoke.InnerClassLambdaMetafactory.buildCallSite;261;isAccessible=true;
Constructor.newInstance;<kafka.server.KafkaConfig$$Lambda$192: void <init>()>;java.lang.invoke.InnerClassLambdaMetafactory.buildCallSite;261;isAccessible=true;
Constructor.newInstance;<kafka.server.KafkaConfig$$Lambda$194: void <init>()>;java.lang.invoke.InnerClassLambdaMetafactory.buildCallSite;261;isAccessible=true;
Constructor.newInstance;<kafka.server.KafkaConfig$$Lambda$196: void <init>()>;java.lang.invoke.InnerClassLambdaMetafactory.buildCallSite;261;isAccessible=true;
Constructor.newInstance;<kafka.server.KafkaConfig$$Lambda$197: void <init>()>;java.lang.invoke.InnerClassLambdaMetafactory.buildCallSite;261;isAccessible=true;
Constructor.newInstance;<kafka.server.KafkaConfig$$Lambda$198: void <init>()>;java.lang.invoke.InnerClassLambdaMetafactory.buildCallSite;261;isAccessible=true;
Constructor.newInstance;<kafka.server.KafkaConfig$$Lambda$199: void <init>()>;java.lang.invoke.InnerClassLambdaMetafactory.buildCallSite;261;isAccessible=true;
Constructor.newInstance;<kafka.server.KafkaConfig$$Lambda$200: void <init>()>;java.lang.invoke.InnerClassLambdaMetafactory.buildCallSite;261;isAccessible=true;
Constructor.newInstance;<kafka.server.KafkaConfig$$Lambda$201: void <init>()>;java.lang.invoke.InnerClassLambdaMetafactory.buildCallSite;261;isAccessible=true;
Constructor.newInstance;<kafka.server.KafkaConfig$$Lambda$204: void <init>()>;java.lang.invoke.InnerClassLambdaMetafactory.buildCallSite;261;isAccessible=true;
Constructor.newInstance;<kafka.server.KafkaConfig$$Lambda$207: void <init>()>;java.lang.invoke.InnerClassLambdaMetafactory.buildCallSite;261;isAccessible=true;
Constructor.newInstance;<kafka.server.KafkaConfig$$Lambda$210: void <init>()>;java.lang.invoke.InnerClassLambdaMetafactory.buildCallSite;261;isAccessible=true;
Constructor.newInstance;<kafka.server.KafkaConfig$$Lambda$211: void <init>()>;java.lang.invoke.InnerClassLambdaMetafactory.buildCallSite;261;isAccessible=true;
Constructor.newInstance;<kafka.server.KafkaConfig$$Lambda$212: void <init>()>;java.lang.invoke.InnerClassLambdaMetafactory.buildCallSite;261;isAccessible=true;
Constructor.newInstance;<kafka.server.KafkaConfig$$Lambda$219: void <init>()>;java.lang.invoke.InnerClassLambdaMetafactory.buildCallSite;261;isAccessible=true;
Constructor.newInstance;<kafka.server.KafkaConfig$$Lambda$220: void <init>()>;java.lang.invoke.InnerClassLambdaMetafactory.buildCallSite;261;isAccessible=true;
Constructor.newInstance;<kafka.server.KafkaConfig$$Lambda$221: void <init>()>;java.lang.invoke.InnerClassLambdaMetafactory.buildCallSite;261;isAccessible=true;
Constructor.newInstance;<kafka.server.KafkaConfig$$Lambda$223: void <init>()>;java.lang.invoke.InnerClassLambdaMetafactory.buildCallSite;261;isAccessible=true;
Constructor.newInstance;<kafka.server.KafkaConfig$$Lambda$224: void <init>()>;java.lang.invoke.InnerClassLambdaMetafactory.buildCallSite;261;isAccessible=true;
Constructor.newInstance;<kafka.server.KafkaConfig$$Lambda$412: void <init>()>;java.lang.invoke.InnerClassLambdaMetafactory.buildCallSite;261;isAccessible=true;
Constructor.newInstance;<kafka.server.KafkaServer$$Lambda$1601: void <init>()>;java.lang.invoke.InnerClassLambdaMetafactory.buildCallSite;261;isAccessible=true;
Constructor.newInstance;<kafka.server.KafkaServer$$Lambda$1603: void <init>()>;java.lang.invoke.InnerClassLambdaMetafactory.buildCallSite;261;isAccessible=true;
Constructor.newInstance;<kafka.server.KafkaServer$$Lambda$236: void <init>()>;java.lang.invoke.InnerClassLambdaMetafactory.buildCallSite;261;isAccessible=true;
Constructor.newInstance;<kafka.server.KafkaServer$$Lambda$313: void <init>()>;java.lang.invoke.InnerClassLambdaMetafactory.buildCallSite;261;isAccessible=true;
Constructor.newInstance;<kafka.server.KafkaServer$$Lambda$603: void <init>()>;java.lang.invoke.InnerClassLambdaMetafactory.buildCallSite;261;isAccessible=true;
Constructor.newInstance;<kafka.server.KafkaServer$$Lambda$612: void <init>()>;java.lang.invoke.InnerClassLambdaMetafactory.buildCallSite;261;isAccessible=true;
Constructor.newInstance;<kafka.server.KafkaServer$$Lambda$711: void <init>()>;java.lang.invoke.InnerClassLambdaMetafactory.buildCallSite;261;isAccessible=true;
Constructor.newInstance;<kafka.server.KafkaServer$$Lambda$846: void <init>()>;java.lang.invoke.InnerClassLambdaMetafactory.buildCallSite;261;isAccessible=true;
Constructor.newInstance;<kafka.server.RawMetaProperties$$Lambda$267: void <init>()>;java.lang.invoke.InnerClassLambdaMetafactory.buildCallSite;261;isAccessible=true;
Constructor.newInstance;<kafka.server.RawMetaProperties$$Lambda$268: void <init>()>;java.lang.invoke.InnerClassLambdaMetafactory.buildCallSite;261;isAccessible=true;
Constructor.newInstance;<kafka.server.ReplicaManager$$Lambda$1272: void <init>()>;java.lang.invoke.InnerClassLambdaMetafactory.buildCallSite;261;isAccessible=true;
Constructor.newInstance;<kafka.server.ReplicaManager$$Lambda$1279: void <init>()>;java.lang.invoke.InnerClassLambdaMetafactory.buildCallSite;261;isAccessible=true;
Constructor.newInstance;<kafka.server.ReplicaManager$$Lambda$1381: void <init>()>;java.lang.invoke.InnerClassLambdaMetafactory.buildCallSite;261;isAccessible=true;
Constructor.newInstance;<kafka.server.ReplicaManager$$Lambda$1382: void <init>()>;java.lang.invoke.InnerClassLambdaMetafactory.buildCallSite;261;isAccessible=true;
Constructor.newInstance;<kafka.server.ReplicaManager$$Lambda$1383: void <init>()>;java.lang.invoke.InnerClassLambdaMetafactory.buildCallSite;261;isAccessible=true;
Constructor.newInstance;<kafka.server.ReplicaManager$$Lambda$1384: void <init>()>;java.lang.invoke.InnerClassLambdaMetafactory.buildCallSite;261;isAccessible=true;
Constructor.newInstance;<kafka.server.ReplicaManager$$Lambda$1396: void <init>()>;java.lang.invoke.InnerClassLambdaMetafactory.buildCallSite;261;isAccessible=true;
Constructor.newInstance;<kafka.server.ReplicaManager$$Lambda$1401: void <init>()>;java.lang.invoke.InnerClassLambdaMetafactory.buildCallSite;261;isAccessible=true;
Constructor.newInstance;<kafka.server.ReplicaManager$$Lambda$1541: void <init>()>;java.lang.invoke.InnerClassLambdaMetafactory.buildCallSite;261;isAccessible=true;
Constructor.newInstance;<kafka.server.ReplicaManager$$Lambda$1542: void <init>()>;java.lang.invoke.InnerClassLambdaMetafactory.buildCallSite;261;isAccessible=true;
Constructor.newInstance;<kafka.server.ReplicaManager$$Lambda$1543: void <init>()>;java.lang.invoke.InnerClassLambdaMetafactory.buildCallSite;261;isAccessible=true;
Constructor.newInstance;<kafka.server.ReplicaManager$$Lambda$1545: void <init>()>;java.lang.invoke.InnerClassLambdaMetafactory.buildCallSite;261;isAccessible=true;
Constructor.newInstance;<kafka.server.ReplicaManager$$Lambda$1548: void <init>()>;java.lang.invoke.InnerClassLambdaMetafactory.buildCallSite;261;isAccessible=true;
Constructor.newInstance;<kafka.server.ReplicaManager$$Lambda$1552: void <init>()>;java.lang.invoke.InnerClassLambdaMetafactory.buildCallSite;261;isAccessible=true;
Constructor.newInstance;<kafka.server.ReplicaManager$$Lambda$1591: void <init>()>;java.lang.invoke.InnerClassLambdaMetafactory.buildCallSite;261;isAccessible=true;
Constructor.newInstance;<kafka.server.ReplicaManager$$Lambda$601: void <init>()>;java.lang.invoke.InnerClassLambdaMetafactory.buildCallSite;261;isAccessible=true;
Constructor.newInstance;<kafka.server.ThrottledReplicaListValidator$$$Lambda$213: void <init>()>;java.lang.invoke.InnerClassLambdaMetafactory.buildCallSite;261;isAccessible=true;
Constructor.newInstance;<kafka.server.ZkAdminManager$$Lambda$1109: void <init>()>;java.lang.invoke.InnerClassLambdaMetafactory.buildCallSite;261;isAccessible=true;
Constructor.newInstance;<kafka.server.ZkAdminManager$$Lambda$1110: void <init>()>;java.lang.invoke.InnerClassLambdaMetafactory.buildCallSite;261;isAccessible=true;
Constructor.newInstance;<kafka.server.ZkAdminManager$$Lambda$1173: void <init>()>;java.lang.invoke.InnerClassLambdaMetafactory.buildCallSite;261;isAccessible=true;
Constructor.newInstance;<kafka.server.ZkAdminManager$$Lambda$1226: void <init>()>;java.lang.invoke.InnerClassLambdaMetafactory.buildCallSite;261;isAccessible=true;
Constructor.newInstance;<kafka.server.ZkAdminManager$$Lambda$1232: void <init>()>;java.lang.invoke.InnerClassLambdaMetafactory.buildCallSite;261;isAccessible=true;
Constructor.newInstance;<kafka.server.checkpoints.LazyOffsetCheckpoints$$Lambda$1276: void <init>()>;java.lang.invoke.InnerClassLambdaMetafactory.buildCallSite;261;isAccessible=true;
Constructor.newInstance;<kafka.server.epoch.LeaderEpochFileCache$$Lambda$1334: void <init>()>;java.lang.invoke.InnerClassLambdaMetafactory.buildCallSite;261;isAccessible=true;
Constructor.newInstance;<kafka.server.metadata.ZkMetadataCache$$Lambda$1107: void <init>()>;java.lang.invoke.InnerClassLambdaMetafactory.buildCallSite;261;isAccessible=true;
Constructor.newInstance;<kafka.server.metadata.ZkMetadataCache$$Lambda$1425: void <init>()>;java.lang.invoke.InnerClassLambdaMetafactory.buildCallSite;261;isAccessible=true;
Constructor.newInstance;<kafka.server.metadata.ZkMetadataCache$$Lambda$1455: void <init>()>;java.lang.invoke.InnerClassLambdaMetafactory.buildCallSite;261;isAccessible=true;
Constructor.newInstance;<kafka.server.metadata.ZkMetadataCache$$Lambda$1456: void <init>()>;java.lang.invoke.InnerClassLambdaMetafactory.buildCallSite;261;isAccessible=true;
Constructor.newInstance;<kafka.server.metadata.ZkMetadataCache$$Lambda$1458: void <init>()>;java.lang.invoke.InnerClassLambdaMetafactory.buildCallSite;261;isAccessible=true;
Constructor.newInstance;<kafka.server.metadata.ZkMetadataCache$$Lambda$699: void <init>()>;java.lang.invoke.InnerClassLambdaMetafactory.buildCallSite;261;isAccessible=true;
Constructor.newInstance;<kafka.server.metadata.ZkMetadataCache$$Lambda$700: void <init>()>;java.lang.invoke.InnerClassLambdaMetafactory.buildCallSite;261;isAccessible=true;
Constructor.newInstance;<kafka.server.metadata.ZkMetadataCache$$Lambda$899: void <init>()>;java.lang.invoke.InnerClassLambdaMetafactory.buildCallSite;261;isAccessible=true;
Constructor.newInstance;<kafka.server.metadata.ZkMetadataCache$$Lambda$900: void <init>()>;java.lang.invoke.InnerClassLambdaMetafactory.buildCallSite;261;isAccessible=true;
Constructor.newInstance;<kafka.server.metadata.ZkMetadataCache$MetadataSnapshot$$Lambda$407: void <init>()>;java.lang.invoke.InnerClassLambdaMetafactory.buildCallSite;261;isAccessible=true;
Constructor.newInstance;<kafka.utils.CoreUtils$$$Lambda$169: void <init>()>;java.lang.invoke.InnerClassLambdaMetafactory.buildCallSite;261;isAccessible=true;
Constructor.newInstance;<kafka.utils.CoreUtils$$$Lambda$171: void <init>()>;java.lang.invoke.InnerClassLambdaMetafactory.buildCallSite;261;isAccessible=true;
Constructor.newInstance;<kafka.utils.CoreUtils$$$Lambda$176: void <init>()>;java.lang.invoke.InnerClassLambdaMetafactory.buildCallSite;261;isAccessible=true;
Constructor.newInstance;<kafka.utils.CoreUtils$$$Lambda$177: void <init>()>;java.lang.invoke.InnerClassLambdaMetafactory.buildCallSite;261;isAccessible=true;
Constructor.newInstance;<kafka.utils.CoreUtils$$$Lambda$178: void <init>()>;java.lang.invoke.InnerClassLambdaMetafactory.buildCallSite;261;isAccessible=true;
Constructor.newInstance;<kafka.utils.Json$$$Lambda$684: void <init>()>;java.lang.invoke.InnerClassLambdaMetafactory.buildCallSite;261;isAccessible=true;
Constructor.newInstance;<kafka.utils.Json$$$Lambda$884: void <init>()>;java.lang.invoke.InnerClassLambdaMetafactory.buildCallSite;261;isAccessible=true;
Constructor.newInstance;<kafka.utils.KafkaScheduler$$Lambda$240: void <init>()>;java.lang.invoke.InnerClassLambdaMetafactory.buildCallSite;261;isAccessible=true;
Constructor.newInstance;<kafka.utils.Log4jController: void <init>()>;kafka.utils.Log4jControllerRegistration$.<clinit>;29;isAccessible=false;
Constructor.newInstance;<kafka.utils.ShutdownableThread$$Lambda$316: void <init>()>;java.lang.invoke.InnerClassLambdaMetafactory.buildCallSite;261;isAccessible=true;
Constructor.newInstance;<kafka.utils.ShutdownableThread$$Lambda$317: void <init>()>;java.lang.invoke.InnerClassLambdaMetafactory.buildCallSite;261;isAccessible=true;
Constructor.newInstance;<kafka.utils.json.DecodeJson$$$Lambda$689: void <init>()>;java.lang.invoke.InnerClassLambdaMetafactory.buildCallSite;261;isAccessible=true;
Constructor.newInstance;<kafka.utils.json.JsonObject$$Lambda$1162: void <init>()>;java.lang.invoke.InnerClassLambdaMetafactory.buildCallSite;261;isAccessible=true;
Constructor.newInstance;<kafka.utils.json.JsonObject$$Lambda$1163: void <init>()>;java.lang.invoke.InnerClassLambdaMetafactory.buildCallSite;261;isAccessible=true;
Constructor.newInstance;<kafka.utils.json.JsonObject$$Lambda$686: void <init>()>;java.lang.invoke.InnerClassLambdaMetafactory.buildCallSite;261;isAccessible=true;
Constructor.newInstance;<kafka.zk.AdminZkClient$$Lambda$1118: void <init>()>;java.lang.invoke.InnerClassLambdaMetafactory.buildCallSite;261;isAccessible=true;
Constructor.newInstance;<kafka.zk.AdminZkClient$$Lambda$1120: void <init>()>;java.lang.invoke.InnerClassLambdaMetafactory.buildCallSite;261;isAccessible=true;
Constructor.newInstance;<kafka.zk.AdminZkClient$$Lambda$1142: void <init>()>;java.lang.invoke.InnerClassLambdaMetafactory.buildCallSite;261;isAccessible=true;
Constructor.newInstance;<kafka.zk.AdminZkClient$$Lambda$1144: void <init>()>;java.lang.invoke.InnerClassLambdaMetafactory.buildCallSite;261;isAccessible=true;
Constructor.newInstance;<kafka.zk.BrokerIdZNode$$$Lambda$614: void <init>()>;java.lang.invoke.InnerClassLambdaMetafactory.buildCallSite;261;isAccessible=true;
Constructor.newInstance;<kafka.zk.BrokerIdZNode$$$Lambda$615: void <init>()>;java.lang.invoke.InnerClassLambdaMetafactory.buildCallSite;261;isAccessible=true;
Constructor.newInstance;<kafka.zk.BrokerIdZNode$$$Lambda$616: void <init>()>;java.lang.invoke.InnerClassLambdaMetafactory.buildCallSite;261;isAccessible=true;
Constructor.newInstance;<kafka.zk.BrokerIdZNode$$$Lambda$618: void <init>()>;java.lang.invoke.InnerClassLambdaMetafactory.buildCallSite;261;isAccessible=true;
Constructor.newInstance;<kafka.zk.BrokerIdZNode$$$Lambda$730: void <init>()>;java.lang.invoke.InnerClassLambdaMetafactory.buildCallSite;261;isAccessible=true;
Constructor.newInstance;<kafka.zk.BrokerIdZNode$$$Lambda$732: void <init>()>;java.lang.invoke.InnerClassLambdaMetafactory.buildCallSite;261;isAccessible=true;
Constructor.newInstance;<kafka.zk.BrokerIdZNode$$$Lambda$734: void <init>()>;java.lang.invoke.InnerClassLambdaMetafactory.buildCallSite;261;isAccessible=true;
Constructor.newInstance;<kafka.zk.BrokerIdZNode$$$Lambda$735: void <init>()>;java.lang.invoke.InnerClassLambdaMetafactory.buildCallSite;261;isAccessible=true;
Constructor.newInstance;<kafka.zk.BrokerIdZNode$$$Lambda$736: void <init>()>;java.lang.invoke.InnerClassLambdaMetafactory.buildCallSite;261;isAccessible=true;
Constructor.newInstance;<kafka.zk.BrokerIdZNode$$$Lambda$737: void <init>()>;java.lang.invoke.InnerClassLambdaMetafactory.buildCallSite;261;isAccessible=true;
Constructor.newInstance;<kafka.zk.BrokerIdZNode$$$Lambda$738: void <init>()>;java.lang.invoke.InnerClassLambdaMetafactory.buildCallSite;261;isAccessible=true;
Constructor.newInstance;<kafka.zk.ConfigEntityZNode$$$Lambda$1298: void <init>()>;java.lang.invoke.InnerClassLambdaMetafactory.buildCallSite;261;isAccessible=true;
Constructor.newInstance;<kafka.zk.ConfigEntityZNode$$$Lambda$1299: void <init>()>;java.lang.invoke.InnerClassLambdaMetafactory.buildCallSite;261;isAccessible=true;
Constructor.newInstance;<kafka.zk.ControllerZNode$$$Lambda$885: void <init>()>;java.lang.invoke.InnerClassLambdaMetafactory.buildCallSite;261;isAccessible=true;
Constructor.newInstance;<kafka.zk.FeatureZNode$$$Lambda$676: void <init>()>;java.lang.invoke.InnerClassLambdaMetafactory.buildCallSite;261;isAccessible=true;
Constructor.newInstance;<kafka.zk.FeatureZNode$$$Lambda$677: void <init>()>;java.lang.invoke.InnerClassLambdaMetafactory.buildCallSite;261;isAccessible=true;
Constructor.newInstance;<kafka.zk.FeatureZNode$$$Lambda$688: void <init>()>;java.lang.invoke.InnerClassLambdaMetafactory.buildCallSite;261;isAccessible=true;
Constructor.newInstance;<kafka.zk.FeatureZNode$$$Lambda$693: void <init>()>;java.lang.invoke.InnerClassLambdaMetafactory.buildCallSite;261;isAccessible=true;
Constructor.newInstance;<kafka.zk.KafkaZkClient$$Lambda$1145: void <init>()>;java.lang.invoke.InnerClassLambdaMetafactory.buildCallSite;261;isAccessible=true;
Constructor.newInstance;<kafka.zk.KafkaZkClient$$Lambda$1152: void <init>()>;java.lang.invoke.InnerClassLambdaMetafactory.buildCallSite;261;isAccessible=true;
Constructor.newInstance;<kafka.zk.KafkaZkClient$$Lambda$1154: void <init>()>;java.lang.invoke.InnerClassLambdaMetafactory.buildCallSite;261;isAccessible=true;
Constructor.newInstance;<kafka.zk.KafkaZkClient$$Lambda$1167: void <init>()>;java.lang.invoke.InnerClassLambdaMetafactory.buildCallSite;261;isAccessible=true;
Constructor.newInstance;<kafka.zk.KafkaZkClient$$Lambda$1169: void <init>()>;java.lang.invoke.InnerClassLambdaMetafactory.buildCallSite;261;isAccessible=true;
Constructor.newInstance;<kafka.zk.KafkaZkClient$$Lambda$1170: void <init>()>;java.lang.invoke.InnerClassLambdaMetafactory.buildCallSite;261;isAccessible=true;
Constructor.newInstance;<kafka.zk.KafkaZkClient$$Lambda$1171: void <init>()>;java.lang.invoke.InnerClassLambdaMetafactory.buildCallSite;261;isAccessible=true;
Constructor.newInstance;<kafka.zk.KafkaZkClient$$Lambda$1216: void <init>()>;java.lang.invoke.InnerClassLambdaMetafactory.buildCallSite;261;isAccessible=true;
Constructor.newInstance;<kafka.zk.KafkaZkClient$$Lambda$260: void <init>()>;java.lang.invoke.InnerClassLambdaMetafactory.buildCallSite;261;isAccessible=true;
Constructor.newInstance;<kafka.zk.KafkaZkClient$$Lambda$606: void <init>()>;java.lang.invoke.InnerClassLambdaMetafactory.buildCallSite;261;isAccessible=true;
Constructor.newInstance;<kafka.zk.KafkaZkClient$$Lambda$607: void <init>()>;java.lang.invoke.InnerClassLambdaMetafactory.buildCallSite;261;isAccessible=true;
Constructor.newInstance;<kafka.zk.KafkaZkClient$$Lambda$608: void <init>()>;java.lang.invoke.InnerClassLambdaMetafactory.buildCallSite;261;isAccessible=true;
Constructor.newInstance;<kafka.zk.KafkaZkClient$$Lambda$657: void <init>()>;java.lang.invoke.InnerClassLambdaMetafactory.buildCallSite;261;isAccessible=true;
Constructor.newInstance;<kafka.zk.KafkaZkClient$$Lambda$661: void <init>()>;java.lang.invoke.InnerClassLambdaMetafactory.buildCallSite;261;isAccessible=true;
Constructor.newInstance;<kafka.zk.KafkaZkClient$$Lambda$665: void <init>()>;java.lang.invoke.InnerClassLambdaMetafactory.buildCallSite;261;isAccessible=true;
Constructor.newInstance;<kafka.zk.KafkaZkClient$$Lambda$668: void <init>()>;java.lang.invoke.InnerClassLambdaMetafactory.buildCallSite;261;isAccessible=true;
Constructor.newInstance;<kafka.zk.KafkaZkClient$$Lambda$669: void <init>()>;java.lang.invoke.InnerClassLambdaMetafactory.buildCallSite;261;isAccessible=true;
Constructor.newInstance;<kafka.zk.KafkaZkClient$$Lambda$720: void <init>()>;java.lang.invoke.InnerClassLambdaMetafactory.buildCallSite;261;isAccessible=true;
Constructor.newInstance;<kafka.zk.KafkaZkClient$$Lambda$721: void <init>()>;java.lang.invoke.InnerClassLambdaMetafactory.buildCallSite;261;isAccessible=true;
Constructor.newInstance;<kafka.zk.KafkaZkClient$$Lambda$723: void <init>()>;java.lang.invoke.InnerClassLambdaMetafactory.buildCallSite;261;isAccessible=true;
Constructor.newInstance;<kafka.zk.KafkaZkClient$$Lambda$725: void <init>()>;java.lang.invoke.InnerClassLambdaMetafactory.buildCallSite;261;isAccessible=true;
Constructor.newInstance;<kafka.zk.KafkaZkClient$$Lambda$726: void <init>()>;java.lang.invoke.InnerClassLambdaMetafactory.buildCallSite;261;isAccessible=true;
Constructor.newInstance;<kafka.zk.KafkaZkClient$$Lambda$728: void <init>()>;java.lang.invoke.InnerClassLambdaMetafactory.buildCallSite;261;isAccessible=true;
Constructor.newInstance;<kafka.zk.KafkaZkClient$$Lambda$729: void <init>()>;java.lang.invoke.InnerClassLambdaMetafactory.buildCallSite;261;isAccessible=true;
Constructor.newInstance;<kafka.zk.KafkaZkClient$$Lambda$749: void <init>()>;java.lang.invoke.InnerClassLambdaMetafactory.buildCallSite;261;isAccessible=true;
Constructor.newInstance;<kafka.zk.KafkaZkClient$$Lambda$750: void <init>()>;java.lang.invoke.InnerClassLambdaMetafactory.buildCallSite;261;isAccessible=true;
Constructor.newInstance;<kafka.zk.KafkaZkClient$$Lambda$752: void <init>()>;java.lang.invoke.InnerClassLambdaMetafactory.buildCallSite;261;isAccessible=true;
Constructor.newInstance;<kafka.zk.KafkaZkClient$$Lambda$753: void <init>()>;java.lang.invoke.InnerClassLambdaMetafactory.buildCallSite;261;isAccessible=true;
Constructor.newInstance;<kafka.zk.KafkaZkClient$$Lambda$759: void <init>()>;java.lang.invoke.InnerClassLambdaMetafactory.buildCallSite;261;isAccessible=true;
Constructor.newInstance;<kafka.zk.KafkaZkClient$$Lambda$760: void <init>()>;java.lang.invoke.InnerClassLambdaMetafactory.buildCallSite;261;isAccessible=true;
Constructor.newInstance;<kafka.zk.TopicZNode$$$Lambda$1146: void <init>()>;java.lang.invoke.InnerClassLambdaMetafactory.buildCallSite;261;isAccessible=true;
Constructor.newInstance;<kafka.zk.TopicZNode$$$Lambda$1156: void <init>()>;java.lang.invoke.InnerClassLambdaMetafactory.buildCallSite;261;isAccessible=true;
Constructor.newInstance;<kafka.zk.TopicZNode$$$Lambda$1157: void <init>()>;java.lang.invoke.InnerClassLambdaMetafactory.buildCallSite;261;isAccessible=true;
Constructor.newInstance;<kafka.zk.TopicZNode$$$Lambda$1158: void <init>()>;java.lang.invoke.InnerClassLambdaMetafactory.buildCallSite;261;isAccessible=true;
Constructor.newInstance;<kafka.zk.TopicZNode$$$Lambda$1159: void <init>()>;java.lang.invoke.InnerClassLambdaMetafactory.buildCallSite;261;isAccessible=true;
Constructor.newInstance;<kafka.zk.TopicZNode$$$Lambda$1160: void <init>()>;java.lang.invoke.InnerClassLambdaMetafactory.buildCallSite;261;isAccessible=true;
Constructor.newInstance;<kafka.zk.TopicZNode$$$Lambda$1165: void <init>()>;java.lang.invoke.InnerClassLambdaMetafactory.buildCallSite;261;isAccessible=true;
Constructor.newInstance;<kafka.zk.ZkAclStore$$$Lambda$248: void <init>()>;java.lang.invoke.InnerClassLambdaMetafactory.buildCallSite;261;isAccessible=true;
Constructor.newInstance;<kafka.zk.ZkAclStore$$$Lambda$249: void <init>()>;java.lang.invoke.InnerClassLambdaMetafactory.buildCallSite;261;isAccessible=true;
Constructor.newInstance;<kafka.zk.ZkAclStore$$$Lambda$250: void <init>()>;java.lang.invoke.InnerClassLambdaMetafactory.buildCallSite;261;isAccessible=true;
Constructor.newInstance;<kafka.zk.ZkData$$$Lambda$251: void <init>()>;java.lang.invoke.InnerClassLambdaMetafactory.buildCallSite;261;isAccessible=true;
Constructor.newInstance;<kafka.zookeeper.ZooKeeperClient$$Lambda$242: void <init>()>;java.lang.invoke.InnerClassLambdaMetafactory.buildCallSite;261;isAccessible=true;
Constructor.newInstance;<kafka.zookeeper.ZooKeeperClient$$Lambda$245: void <init>()>;java.lang.invoke.InnerClassLambdaMetafactory.buildCallSite;261;isAccessible=true;
Constructor.newInstance;<kafka.zookeeper.ZooKeeperClient$$Lambda$623: void <init>()>;java.lang.invoke.InnerClassLambdaMetafactory.buildCallSite;261;isAccessible=true;
Constructor.newInstance;<kafka.zookeeper.ZooKeeperClient$$Lambda$627: void <init>()>;java.lang.invoke.InnerClassLambdaMetafactory.buildCallSite;261;isAccessible=true;
Constructor.newInstance;<kafka.zookeeper.ZooKeeperClient$$anon$3$$Lambda$336: void <init>()>;java.lang.invoke.InnerClassLambdaMetafactory.buildCallSite;261;isAccessible=true;
Constructor.newInstance;<kafka.zookeeper.ZooKeeperClient$$anon$3$$Lambda$337: void <init>()>;java.lang.invoke.InnerClassLambdaMetafactory.buildCallSite;261;isAccessible=true;
Constructor.newInstance;<kafka.zookeeper.ZooKeeperClient$ZooKeeperClientWatcher$$$Lambda$1149: void <init>()>;java.lang.invoke.InnerClassLambdaMetafactory.buildCallSite;261;isAccessible=true;
Constructor.newInstance;<kafka.zookeeper.ZooKeeperClient$ZooKeeperClientWatcher$$$Lambda$244: void <init>()>;java.lang.invoke.InnerClassLambdaMetafactory.buildCallSite;261;isAccessible=true;
Constructor.newInstance;<kafka.zookeeper.ZooKeeperClient$ZooKeeperClientWatcher$$$Lambda$666: void <init>()>;java.lang.invoke.InnerClassLambdaMetafactory.buildCallSite;261;isAccessible=true;
Constructor.newInstance;<org.apache.kafka.clients.ApiVersions$$Lambda$1067: void <init>()>;java.lang.invoke.InnerClassLambdaMetafactory.buildCallSite;261;isAccessible=true;
Constructor.newInstance;<org.apache.kafka.clients.ApiVersions$$Lambda$1068: void <init>()>;java.lang.invoke.InnerClassLambdaMetafactory.buildCallSite;261;isAccessible=true;
Constructor.newInstance;<org.apache.kafka.clients.ApiVersions$$Lambda$1069: void <init>()>;java.lang.invoke.InnerClassLambdaMetafactory.buildCallSite;261;isAccessible=true;
Constructor.newInstance;<org.apache.kafka.clients.MetadataCache$$Lambda$1493: void <init>()>;java.lang.invoke.InnerClassLambdaMetafactory.buildCallSite;261;isAccessible=true;
Constructor.newInstance;<org.apache.kafka.clients.MetadataCache$$Lambda$1494: void <init>()>;java.lang.invoke.InnerClassLambdaMetafactory.buildCallSite;261;isAccessible=true;
Constructor.newInstance;<org.apache.kafka.clients.NetworkClient$DefaultMetadataUpdater$$Lambda$1460: void <init>()>;java.lang.invoke.InnerClassLambdaMetafactory.buildCallSite;261;isAccessible=true;
Constructor.newInstance;<org.apache.kafka.clients.NetworkClient$DefaultMetadataUpdater$$Lambda$1461: void <init>()>;java.lang.invoke.InnerClassLambdaMetafactory.buildCallSite;261;isAccessible=true;
Constructor.newInstance;<org.apache.kafka.clients.admin.CreateTopicsResult$$Lambda$1060: void <init>()>;java.lang.invoke.InnerClassLambdaMetafactory.buildCallSite;261;isAccessible=true;
Constructor.newInstance;<org.apache.kafka.clients.admin.CreateTopicsResult$$Lambda$1061: void <init>()>;java.lang.invoke.InnerClassLambdaMetafactory.buildCallSite;261;isAccessible=true;
Constructor.newInstance;<org.apache.kafka.clients.admin.CreateTopicsResult$$Lambda$1062: void <init>()>;java.lang.invoke.InnerClassLambdaMetafactory.buildCallSite;261;isAccessible=true;
Constructor.newInstance;<org.apache.kafka.clients.admin.KafkaAdminClient$$Lambda$1059: void <init>()>;java.lang.invoke.InnerClassLambdaMetafactory.buildCallSite;261;isAccessible=true;
Constructor.newInstance;<org.apache.kafka.clients.admin.KafkaAdminClient$$Lambda$1438: void <init>()>;java.lang.invoke.InnerClassLambdaMetafactory.buildCallSite;261;isAccessible=true;
Constructor.newInstance;<org.apache.kafka.clients.admin.KafkaAdminClient$1$$Lambda$1437: void <init>()>;java.lang.invoke.InnerClassLambdaMetafactory.buildCallSite;261;isAccessible=true;
Constructor.newInstance;<org.apache.kafka.clients.admin.KafkaAdminClient$AdminClientRunnable$1$$Lambda$1093: void <init>()>;java.lang.invoke.InnerClassLambdaMetafactory.buildCallSite;261;isAccessible=true;
Constructor.newInstance;<org.apache.kafka.clients.producer.internals.RecordAccumulator$$Lambda$1482: void <init>()>;java.lang.invoke.InnerClassLambdaMetafactory.buildCallSite;261;isAccessible=true;
Constructor.newInstance;<org.apache.kafka.clients.producer.internals.RecordAccumulator$$Lambda$1495: void <init>()>;java.lang.invoke.InnerClassLambdaMetafactory.buildCallSite;261;isAccessible=true;
Constructor.newInstance;<org.apache.kafka.clients.producer.internals.Sender$$Lambda$1571: void <init>()>;java.lang.invoke.InnerClassLambdaMetafactory.buildCallSite;261;isAccessible=true;
Constructor.newInstance;<org.apache.kafka.clients.producer.internals.TransactionManager$$Lambda$1443: void <init>()>;java.lang.invoke.InnerClassLambdaMetafactory.buildCallSite;261;isAccessible=true;
Constructor.newInstance;<org.apache.kafka.clients.producer.internals.TxnPartitionEntry$$Lambda$1497: void <init>()>;java.lang.invoke.InnerClassLambdaMetafactory.buildCallSite;261;isAccessible=true;
Constructor.newInstance;<org.apache.kafka.clients.producer.internals.TxnPartitionEntry$$Lambda$1499: void <init>()>;java.lang.invoke.InnerClassLambdaMetafactory.buildCallSite;261;isAccessible=true;
Constructor.newInstance;<org.apache.kafka.clients.producer.internals.TxnPartitionEntry$$Lambda$1501: void <init>()>;java.lang.invoke.InnerClassLambdaMetafactory.buildCallSite;261;isAccessible=true;
Constructor.newInstance;<org.apache.kafka.clients.producer.internals.TxnPartitionMap$$Lambda$1496: void <init>()>;java.lang.invoke.InnerClassLambdaMetafactory.buildCallSite;261;isAccessible=true;
Constructor.newInstance;<org.apache.kafka.common.Cluster$$Lambda$1471: void <init>()>;java.lang.invoke.InnerClassLambdaMetafactory.buildCallSite;261;isAccessible=true;
Constructor.newInstance;<org.apache.kafka.common.Cluster$$Lambda$1472: void <init>()>;java.lang.invoke.InnerClassLambdaMetafactory.buildCallSite;261;isAccessible=true;
Constructor.newInstance;<org.apache.kafka.common.config.AbstractConfig$$Lambda$158: void <init>()>;java.lang.invoke.InnerClassLambdaMetafactory.buildCallSite;261;isAccessible=true;
Constructor.newInstance;<org.apache.kafka.common.config.ConfigResource$Type$$Lambda$1296: void <init>()>;java.lang.invoke.InnerClassLambdaMetafactory.buildCallSite;261;isAccessible=true;
Constructor.newInstance;<org.apache.kafka.common.feature.Features$$Lambda$619: void <init>()>;java.lang.invoke.InnerClassLambdaMetafactory.buildCallSite;261;isAccessible=true;
Constructor.newInstance;<org.apache.kafka.common.feature.Features$$Lambda$620: void <init>()>;java.lang.invoke.InnerClassLambdaMetafactory.buildCallSite;261;isAccessible=true;
Constructor.newInstance;<org.apache.kafka.common.feature.Features$$Lambda$739: void <init>()>;java.lang.invoke.InnerClassLambdaMetafactory.buildCallSite;261;isAccessible=true;
Constructor.newInstance;<org.apache.kafka.common.feature.Features$$Lambda$740: void <init>()>;java.lang.invoke.InnerClassLambdaMetafactory.buildCallSite;261;isAccessible=true;
Constructor.newInstance;<org.apache.kafka.common.internals.Topic$$Lambda$1117: void <init>()>;java.lang.invoke.InnerClassLambdaMetafactory.buildCallSite;261;isAccessible=true;
Constructor.newInstance;<org.apache.kafka.common.metrics.JmxReporter$$Lambda$307: void <init>()>;java.lang.invoke.InnerClassLambdaMetafactory.buildCallSite;261;isAccessible=true;
Constructor.newInstance;<org.apache.kafka.common.metrics.Metrics$$Lambda$310: void <init>()>;java.lang.invoke.InnerClassLambdaMetafactory.buildCallSite;261;isAccessible=true;
Constructor.newInstance;<org.apache.kafka.common.metrics.Metrics$$Lambda$433: void <init>()>;java.lang.invoke.InnerClassLambdaMetafactory.buildCallSite;261;isAccessible=true;
Constructor.newInstance;<org.apache.kafka.common.network.Selector$$Lambda$1441: void <init>()>;java.lang.invoke.InnerClassLambdaMetafactory.buildCallSite;261;isAccessible=true;
Constructor.newInstance;<org.apache.kafka.common.protocol.ApiKeys$$Lambda$446: void <init>()>;java.lang.invoke.InnerClassLambdaMetafactory.buildCallSite;261;isAccessible=true;
Constructor.newInstance;<org.apache.kafka.common.protocol.Errors$$Lambda$449: void <init>()>;java.lang.invoke.InnerClassLambdaMetafactory.buildCallSite;261;isAccessible=true;
Constructor.newInstance;<org.apache.kafka.common.protocol.Errors$$Lambda$450: void <init>()>;java.lang.invoke.InnerClassLambdaMetafactory.buildCallSite;261;isAccessible=true;
Constructor.newInstance;<org.apache.kafka.common.protocol.Errors$$Lambda$451: void <init>()>;java.lang.invoke.InnerClassLambdaMetafactory.buildCallSite;261;isAccessible=true;
Constructor.newInstance;<org.apache.kafka.common.protocol.Errors$$Lambda$452: void <init>()>;java.lang.invoke.InnerClassLambdaMetafactory.buildCallSite;261;isAccessible=true;
Constructor.newInstance;<org.apache.kafka.common.protocol.Errors$$Lambda$453: void <init>()>;java.lang.invoke.InnerClassLambdaMetafactory.buildCallSite;261;isAccessible=true;
Constructor.newInstance;<org.apache.kafka.common.protocol.Errors$$Lambda$454: void <init>()>;java.lang.invoke.InnerClassLambdaMetafactory.buildCallSite;261;isAccessible=true;
Constructor.newInstance;<org.apache.kafka.common.protocol.Errors$$Lambda$455: void <init>()>;java.lang.invoke.InnerClassLambdaMetafactory.buildCallSite;261;isAccessible=true;
Constructor.newInstance;<org.apache.kafka.common.protocol.Errors$$Lambda$456: void <init>()>;java.lang.invoke.InnerClassLambdaMetafactory.buildCallSite;261;isAccessible=true;
Constructor.newInstance;<org.apache.kafka.common.protocol.Errors$$Lambda$457: void <init>()>;java.lang.invoke.InnerClassLambdaMetafactory.buildCallSite;261;isAccessible=true;
Constructor.newInstance;<org.apache.kafka.common.protocol.Errors$$Lambda$458: void <init>()>;java.lang.invoke.InnerClassLambdaMetafactory.buildCallSite;261;isAccessible=true;
Constructor.newInstance;<org.apache.kafka.common.protocol.Errors$$Lambda$459: void <init>()>;java.lang.invoke.InnerClassLambdaMetafactory.buildCallSite;261;isAccessible=true;
Constructor.newInstance;<org.apache.kafka.common.protocol.Errors$$Lambda$460: void <init>()>;java.lang.invoke.InnerClassLambdaMetafactory.buildCallSite;261;isAccessible=true;
Constructor.newInstance;<org.apache.kafka.common.protocol.Errors$$Lambda$461: void <init>()>;java.lang.invoke.InnerClassLambdaMetafactory.buildCallSite;261;isAccessible=true;
Constructor.newInstance;<org.apache.kafka.common.protocol.Errors$$Lambda$462: void <init>()>;java.lang.invoke.InnerClassLambdaMetafactory.buildCallSite;261;isAccessible=true;
Constructor.newInstance;<org.apache.kafka.common.protocol.Errors$$Lambda$463: void <init>()>;java.lang.invoke.InnerClassLambdaMetafactory.buildCallSite;261;isAccessible=true;
Constructor.newInstance;<org.apache.kafka.common.protocol.Errors$$Lambda$464: void <init>()>;java.lang.invoke.InnerClassLambdaMetafactory.buildCallSite;261;isAccessible=true;
Constructor.newInstance;<org.apache.kafka.common.protocol.Errors$$Lambda$465: void <init>()>;java.lang.invoke.InnerClassLambdaMetafactory.buildCallSite;261;isAccessible=true;
Constructor.newInstance;<org.apache.kafka.common.protocol.Errors$$Lambda$466: void <init>()>;java.lang.invoke.InnerClassLambdaMetafactory.buildCallSite;261;isAccessible=true;
Constructor.newInstance;<org.apache.kafka.common.protocol.Errors$$Lambda$467: void <init>()>;java.lang.invoke.InnerClassLambdaMetafactory.buildCallSite;261;isAccessible=true;
Constructor.newInstance;<org.apache.kafka.common.protocol.Errors$$Lambda$468: void <init>()>;java.lang.invoke.InnerClassLambdaMetafactory.buildCallSite;261;isAccessible=true;
Constructor.newInstance;<org.apache.kafka.common.protocol.Errors$$Lambda$469: void <init>()>;java.lang.invoke.InnerClassLambdaMetafactory.buildCallSite;261;isAccessible=true;
Constructor.newInstance;<org.apache.kafka.common.protocol.Errors$$Lambda$470: void <init>()>;java.lang.invoke.InnerClassLambdaMetafactory.buildCallSite;261;isAccessible=true;
Constructor.newInstance;<org.apache.kafka.common.protocol.Errors$$Lambda$471: void <init>()>;java.lang.invoke.InnerClassLambdaMetafactory.buildCallSite;261;isAccessible=true;
Constructor.newInstance;<org.apache.kafka.common.protocol.Errors$$Lambda$472: void <init>()>;java.lang.invoke.InnerClassLambdaMetafactory.buildCallSite;261;isAccessible=true;
Constructor.newInstance;<org.apache.kafka.common.protocol.Errors$$Lambda$473: void <init>()>;java.lang.invoke.InnerClassLambdaMetafactory.buildCallSite;261;isAccessible=true;
Constructor.newInstance;<org.apache.kafka.common.protocol.Errors$$Lambda$474: void <init>()>;java.lang.invoke.InnerClassLambdaMetafactory.buildCallSite;261;isAccessible=true;
Constructor.newInstance;<org.apache.kafka.common.protocol.Errors$$Lambda$475: void <init>()>;java.lang.invoke.InnerClassLambdaMetafactory.buildCallSite;261;isAccessible=true;
Constructor.newInstance;<org.apache.kafka.common.protocol.Errors$$Lambda$476: void <init>()>;java.lang.invoke.InnerClassLambdaMetafactory.buildCallSite;261;isAccessible=true;
Constructor.newInstance;<org.apache.kafka.common.protocol.Errors$$Lambda$477: void <init>()>;java.lang.invoke.InnerClassLambdaMetafactory.buildCallSite;261;isAccessible=true;
Constructor.newInstance;<org.apache.kafka.common.protocol.Errors$$Lambda$478: void <init>()>;java.lang.invoke.InnerClassLambdaMetafactory.buildCallSite;261;isAccessible=true;
Constructor.newInstance;<org.apache.kafka.common.protocol.Errors$$Lambda$479: void <init>()>;java.lang.invoke.InnerClassLambdaMetafactory.buildCallSite;261;isAccessible=true;
Constructor.newInstance;<org.apache.kafka.common.protocol.Errors$$Lambda$480: void <init>()>;java.lang.invoke.InnerClassLambdaMetafactory.buildCallSite;261;isAccessible=true;
Constructor.newInstance;<org.apache.kafka.common.protocol.Errors$$Lambda$481: void <init>()>;java.lang.invoke.InnerClassLambdaMetafactory.buildCallSite;261;isAccessible=true;
Constructor.newInstance;<org.apache.kafka.common.protocol.Errors$$Lambda$482: void <init>()>;java.lang.invoke.InnerClassLambdaMetafactory.buildCallSite;261;isAccessible=true;
Constructor.newInstance;<org.apache.kafka.common.protocol.Errors$$Lambda$483: void <init>()>;java.lang.invoke.InnerClassLambdaMetafactory.buildCallSite;261;isAccessible=true;
Constructor.newInstance;<org.apache.kafka.common.protocol.Errors$$Lambda$484: void <init>()>;java.lang.invoke.InnerClassLambdaMetafactory.buildCallSite;261;isAccessible=true;
Constructor.newInstance;<org.apache.kafka.common.protocol.Errors$$Lambda$485: void <init>()>;java.lang.invoke.InnerClassLambdaMetafactory.buildCallSite;261;isAccessible=true;
Constructor.newInstance;<org.apache.kafka.common.protocol.Errors$$Lambda$486: void <init>()>;java.lang.invoke.InnerClassLambdaMetafactory.buildCallSite;261;isAccessible=true;
Constructor.newInstance;<org.apache.kafka.common.protocol.Errors$$Lambda$487: void <init>()>;java.lang.invoke.InnerClassLambdaMetafactory.buildCallSite;261;isAccessible=true;
Constructor.newInstance;<org.apache.kafka.common.protocol.Errors$$Lambda$488: void <init>()>;java.lang.invoke.InnerClassLambdaMetafactory.buildCallSite;261;isAccessible=true;
Constructor.newInstance;<org.apache.kafka.common.protocol.Errors$$Lambda$489: void <init>()>;java.lang.invoke.InnerClassLambdaMetafactory.buildCallSite;261;isAccessible=true;
Constructor.newInstance;<org.apache.kafka.common.protocol.Errors$$Lambda$490: void <init>()>;java.lang.invoke.InnerClassLambdaMetafactory.buildCallSite;261;isAccessible=true;
Constructor.newInstance;<org.apache.kafka.common.protocol.Errors$$Lambda$491: void <init>()>;java.lang.invoke.InnerClassLambdaMetafactory.buildCallSite;261;isAccessible=true;
Constructor.newInstance;<org.apache.kafka.common.protocol.Errors$$Lambda$492: void <init>()>;java.lang.invoke.InnerClassLambdaMetafactory.buildCallSite;261;isAccessible=true;
Constructor.newInstance;<org.apache.kafka.common.protocol.Errors$$Lambda$493: void <init>()>;java.lang.invoke.InnerClassLambdaMetafactory.buildCallSite;261;isAccessible=true;
Constructor.newInstance;<org.apache.kafka.common.protocol.Errors$$Lambda$494: void <init>()>;java.lang.invoke.InnerClassLambdaMetafactory.buildCallSite;261;isAccessible=true;
Constructor.newInstance;<org.apache.kafka.common.protocol.Errors$$Lambda$495: void <init>()>;java.lang.invoke.InnerClassLambdaMetafactory.buildCallSite;261;isAccessible=true;
Constructor.newInstance;<org.apache.kafka.common.protocol.Errors$$Lambda$496: void <init>()>;java.lang.invoke.InnerClassLambdaMetafactory.buildCallSite;261;isAccessible=true;
Constructor.newInstance;<org.apache.kafka.common.protocol.Errors$$Lambda$497: void <init>()>;java.lang.invoke.InnerClassLambdaMetafactory.buildCallSite;261;isAccessible=true;
Constructor.newInstance;<org.apache.kafka.common.protocol.Errors$$Lambda$498: void <init>()>;java.lang.invoke.InnerClassLambdaMetafactory.buildCallSite;261;isAccessible=true;
Constructor.newInstance;<org.apache.kafka.common.protocol.Errors$$Lambda$499: void <init>()>;java.lang.invoke.InnerClassLambdaMetafactory.buildCallSite;261;isAccessible=true;
Constructor.newInstance;<org.apache.kafka.common.protocol.Errors$$Lambda$500: void <init>()>;java.lang.invoke.InnerClassLambdaMetafactory.buildCallSite;261;isAccessible=true;
Constructor.newInstance;<org.apache.kafka.common.protocol.Errors$$Lambda$501: void <init>()>;java.lang.invoke.InnerClassLambdaMetafactory.buildCallSite;261;isAccessible=true;
Constructor.newInstance;<org.apache.kafka.common.protocol.Errors$$Lambda$502: void <init>()>;java.lang.invoke.InnerClassLambdaMetafactory.buildCallSite;261;isAccessible=true;
Constructor.newInstance;<org.apache.kafka.common.protocol.Errors$$Lambda$503: void <init>()>;java.lang.invoke.InnerClassLambdaMetafactory.buildCallSite;261;isAccessible=true;
Constructor.newInstance;<org.apache.kafka.common.protocol.Errors$$Lambda$504: void <init>()>;java.lang.invoke.InnerClassLambdaMetafactory.buildCallSite;261;isAccessible=true;
Constructor.newInstance;<org.apache.kafka.common.protocol.Errors$$Lambda$505: void <init>()>;java.lang.invoke.InnerClassLambdaMetafactory.buildCallSite;261;isAccessible=true;
Constructor.newInstance;<org.apache.kafka.common.protocol.Errors$$Lambda$506: void <init>()>;java.lang.invoke.InnerClassLambdaMetafactory.buildCallSite;261;isAccessible=true;
Constructor.newInstance;<org.apache.kafka.common.protocol.Errors$$Lambda$507: void <init>()>;java.lang.invoke.InnerClassLambdaMetafactory.buildCallSite;261;isAccessible=true;
Constructor.newInstance;<org.apache.kafka.common.protocol.Errors$$Lambda$508: void <init>()>;java.lang.invoke.InnerClassLambdaMetafactory.buildCallSite;261;isAccessible=true;
Constructor.newInstance;<org.apache.kafka.common.protocol.Errors$$Lambda$509: void <init>()>;java.lang.invoke.InnerClassLambdaMetafactory.buildCallSite;261;isAccessible=true;
Constructor.newInstance;<org.apache.kafka.common.protocol.Errors$$Lambda$510: void <init>()>;java.lang.invoke.InnerClassLambdaMetafactory.buildCallSite;261;isAccessible=true;
Constructor.newInstance;<org.apache.kafka.common.protocol.Errors$$Lambda$511: void <init>()>;java.lang.invoke.InnerClassLambdaMetafactory.buildCallSite;261;isAccessible=true;
Constructor.newInstance;<org.apache.kafka.common.protocol.Errors$$Lambda$512: void <init>()>;java.lang.invoke.InnerClassLambdaMetafactory.buildCallSite;261;isAccessible=true;
Constructor.newInstance;<org.apache.kafka.common.protocol.Errors$$Lambda$513: void <init>()>;java.lang.invoke.InnerClassLambdaMetafactory.buildCallSite;261;isAccessible=true;
Constructor.newInstance;<org.apache.kafka.common.protocol.Errors$$Lambda$514: void <init>()>;java.lang.invoke.InnerClassLambdaMetafactory.buildCallSite;261;isAccessible=true;
Constructor.newInstance;<org.apache.kafka.common.protocol.Errors$$Lambda$515: void <init>()>;java.lang.invoke.InnerClassLambdaMetafactory.buildCallSite;261;isAccessible=true;
Constructor.newInstance;<org.apache.kafka.common.protocol.Errors$$Lambda$516: void <init>()>;java.lang.invoke.InnerClassLambdaMetafactory.buildCallSite;261;isAccessible=true;
Constructor.newInstance;<org.apache.kafka.common.protocol.Errors$$Lambda$517: void <init>()>;java.lang.invoke.InnerClassLambdaMetafactory.buildCallSite;261;isAccessible=true;
Constructor.newInstance;<org.apache.kafka.common.protocol.Errors$$Lambda$518: void <init>()>;java.lang.invoke.InnerClassLambdaMetafactory.buildCallSite;261;isAccessible=true;
Constructor.newInstance;<org.apache.kafka.common.protocol.Errors$$Lambda$519: void <init>()>;java.lang.invoke.InnerClassLambdaMetafactory.buildCallSite;261;isAccessible=true;
Constructor.newInstance;<org.apache.kafka.common.protocol.Errors$$Lambda$520: void <init>()>;java.lang.invoke.InnerClassLambdaMetafactory.buildCallSite;261;isAccessible=true;
Constructor.newInstance;<org.apache.kafka.common.protocol.Errors$$Lambda$521: void <init>()>;java.lang.invoke.InnerClassLambdaMetafactory.buildCallSite;261;isAccessible=true;
Constructor.newInstance;<org.apache.kafka.common.protocol.Errors$$Lambda$522: void <init>()>;java.lang.invoke.InnerClassLambdaMetafactory.buildCallSite;261;isAccessible=true;
Constructor.newInstance;<org.apache.kafka.common.protocol.Errors$$Lambda$523: void <init>()>;java.lang.invoke.InnerClassLambdaMetafactory.buildCallSite;261;isAccessible=true;
Constructor.newInstance;<org.apache.kafka.common.protocol.Errors$$Lambda$524: void <init>()>;java.lang.invoke.InnerClassLambdaMetafactory.buildCallSite;261;isAccessible=true;
Constructor.newInstance;<org.apache.kafka.common.protocol.Errors$$Lambda$525: void <init>()>;java.lang.invoke.InnerClassLambdaMetafactory.buildCallSite;261;isAccessible=true;
Constructor.newInstance;<org.apache.kafka.common.protocol.Errors$$Lambda$526: void <init>()>;java.lang.invoke.InnerClassLambdaMetafactory.buildCallSite;261;isAccessible=true;
Constructor.newInstance;<org.apache.kafka.common.protocol.Errors$$Lambda$527: void <init>()>;java.lang.invoke.InnerClassLambdaMetafactory.buildCallSite;261;isAccessible=true;
Constructor.newInstance;<org.apache.kafka.common.protocol.Errors$$Lambda$528: void <init>()>;java.lang.invoke.InnerClassLambdaMetafactory.buildCallSite;261;isAccessible=true;
Constructor.newInstance;<org.apache.kafka.common.protocol.Errors$$Lambda$529: void <init>()>;java.lang.invoke.InnerClassLambdaMetafactory.buildCallSite;261;isAccessible=true;
Constructor.newInstance;<org.apache.kafka.common.protocol.Errors$$Lambda$530: void <init>()>;java.lang.invoke.InnerClassLambdaMetafactory.buildCallSite;261;isAccessible=true;
Constructor.newInstance;<org.apache.kafka.common.protocol.Errors$$Lambda$531: void <init>()>;java.lang.invoke.InnerClassLambdaMetafactory.buildCallSite;261;isAccessible=true;
Constructor.newInstance;<org.apache.kafka.common.protocol.Errors$$Lambda$532: void <init>()>;java.lang.invoke.InnerClassLambdaMetafactory.buildCallSite;261;isAccessible=true;
Constructor.newInstance;<org.apache.kafka.common.protocol.Errors$$Lambda$533: void <init>()>;java.lang.invoke.InnerClassLambdaMetafactory.buildCallSite;261;isAccessible=true;
Constructor.newInstance;<org.apache.kafka.common.protocol.Errors$$Lambda$534: void <init>()>;java.lang.invoke.InnerClassLambdaMetafactory.buildCallSite;261;isAccessible=true;
Constructor.newInstance;<org.apache.kafka.common.protocol.Errors$$Lambda$535: void <init>()>;java.lang.invoke.InnerClassLambdaMetafactory.buildCallSite;261;isAccessible=true;
Constructor.newInstance;<org.apache.kafka.common.protocol.Errors$$Lambda$536: void <init>()>;java.lang.invoke.InnerClassLambdaMetafactory.buildCallSite;261;isAccessible=true;
Constructor.newInstance;<org.apache.kafka.common.protocol.Errors$$Lambda$537: void <init>()>;java.lang.invoke.InnerClassLambdaMetafactory.buildCallSite;261;isAccessible=true;
Constructor.newInstance;<org.apache.kafka.common.protocol.Errors$$Lambda$538: void <init>()>;java.lang.invoke.InnerClassLambdaMetafactory.buildCallSite;261;isAccessible=true;
Constructor.newInstance;<org.apache.kafka.common.protocol.Errors$$Lambda$539: void <init>()>;java.lang.invoke.InnerClassLambdaMetafactory.buildCallSite;261;isAccessible=true;
Constructor.newInstance;<org.apache.kafka.common.protocol.Errors$$Lambda$540: void <init>()>;java.lang.invoke.InnerClassLambdaMetafactory.buildCallSite;261;isAccessible=true;
Constructor.newInstance;<org.apache.kafka.common.protocol.Errors$$Lambda$541: void <init>()>;java.lang.invoke.InnerClassLambdaMetafactory.buildCallSite;261;isAccessible=true;
Constructor.newInstance;<org.apache.kafka.common.protocol.Errors$$Lambda$542: void <init>()>;java.lang.invoke.InnerClassLambdaMetafactory.buildCallSite;261;isAccessible=true;
Constructor.newInstance;<org.apache.kafka.common.protocol.Errors$$Lambda$543: void <init>()>;java.lang.invoke.InnerClassLambdaMetafactory.buildCallSite;261;isAccessible=true;
Constructor.newInstance;<org.apache.kafka.common.protocol.Errors$$Lambda$544: void <init>()>;java.lang.invoke.InnerClassLambdaMetafactory.buildCallSite;261;isAccessible=true;
Constructor.newInstance;<org.apache.kafka.common.protocol.Errors$$Lambda$545: void <init>()>;java.lang.invoke.InnerClassLambdaMetafactory.buildCallSite;261;isAccessible=true;
Constructor.newInstance;<org.apache.kafka.common.protocol.Errors$$Lambda$546: void <init>()>;java.lang.invoke.InnerClassLambdaMetafactory.buildCallSite;261;isAccessible=true;
Constructor.newInstance;<org.apache.kafka.common.protocol.Errors$$Lambda$547: void <init>()>;java.lang.invoke.InnerClassLambdaMetafactory.buildCallSite;261;isAccessible=true;
Constructor.newInstance;<org.apache.kafka.common.protocol.Errors$$Lambda$548: void <init>()>;java.lang.invoke.InnerClassLambdaMetafactory.buildCallSite;261;isAccessible=true;
Constructor.newInstance;<org.apache.kafka.common.protocol.Errors$$Lambda$549: void <init>()>;java.lang.invoke.InnerClassLambdaMetafactory.buildCallSite;261;isAccessible=true;
Constructor.newInstance;<org.apache.kafka.common.protocol.Errors$$Lambda$550: void <init>()>;java.lang.invoke.InnerClassLambdaMetafactory.buildCallSite;261;isAccessible=true;
Constructor.newInstance;<org.apache.kafka.common.protocol.Errors$$Lambda$551: void <init>()>;java.lang.invoke.InnerClassLambdaMetafactory.buildCallSite;261;isAccessible=true;
Constructor.newInstance;<org.apache.kafka.common.protocol.Errors$$Lambda$552: void <init>()>;java.lang.invoke.InnerClassLambdaMetafactory.buildCallSite;261;isAccessible=true;
Constructor.newInstance;<org.apache.kafka.common.protocol.Errors$$Lambda$553: void <init>()>;java.lang.invoke.InnerClassLambdaMetafactory.buildCallSite;261;isAccessible=true;
Constructor.newInstance;<org.apache.kafka.common.protocol.Errors$$Lambda$554: void <init>()>;java.lang.invoke.InnerClassLambdaMetafactory.buildCallSite;261;isAccessible=true;
Constructor.newInstance;<org.apache.kafka.common.protocol.Errors$$Lambda$555: void <init>()>;java.lang.invoke.InnerClassLambdaMetafactory.buildCallSite;261;isAccessible=true;
Constructor.newInstance;<org.apache.kafka.common.protocol.Errors$$Lambda$556: void <init>()>;java.lang.invoke.InnerClassLambdaMetafactory.buildCallSite;261;isAccessible=true;
Constructor.newInstance;<org.apache.kafka.common.protocol.Errors$$Lambda$557: void <init>()>;java.lang.invoke.InnerClassLambdaMetafactory.buildCallSite;261;isAccessible=true;
Constructor.newInstance;<org.apache.kafka.common.protocol.Errors$$Lambda$558: void <init>()>;java.lang.invoke.InnerClassLambdaMetafactory.buildCallSite;261;isAccessible=true;
Constructor.newInstance;<org.apache.kafka.common.requests.AbstractResponse$$Lambda$1405: void <init>()>;java.lang.invoke.InnerClassLambdaMetafactory.buildCallSite;261;isAccessible=true;
Constructor.newInstance;<org.apache.kafka.common.requests.AbstractResponse$$Lambda$1406: void <init>()>;java.lang.invoke.InnerClassLambdaMetafactory.buildCallSite;261;isAccessible=true;
Constructor.newInstance;<org.apache.kafka.common.requests.CreateTopicsRequest$Builder$$Lambda$1094: void <init>()>;java.lang.invoke.InnerClassLambdaMetafactory.buildCallSite;261;isAccessible=true;
Constructor.newInstance;<org.apache.kafka.common.requests.CreateTopicsRequest$Builder$$Lambda$1095: void <init>()>;java.lang.invoke.InnerClassLambdaMetafactory.buildCallSite;261;isAccessible=true;
Constructor.newInstance;<org.apache.kafka.common.requests.CreateTopicsRequest$Builder$$Lambda$1096: void <init>()>;java.lang.invoke.InnerClassLambdaMetafactory.buildCallSite;261;isAccessible=true;
Constructor.newInstance;<org.apache.kafka.common.requests.LeaderAndIsrRequest$$Lambda$1268: void <init>()>;java.lang.invoke.InnerClassLambdaMetafactory.buildCallSite;261;isAccessible=true;
Constructor.newInstance;<org.apache.kafka.common.requests.LeaderAndIsrRequest$$Lambda$1269: void <init>()>;java.lang.invoke.InnerClassLambdaMetafactory.buildCallSite;261;isAccessible=true;
Constructor.newInstance;<org.apache.kafka.common.requests.LeaderAndIsrRequest$$Lambda$1271: void <init>()>;java.lang.invoke.InnerClassLambdaMetafactory.buildCallSite;261;isAccessible=true;
Constructor.newInstance;<org.apache.kafka.common.requests.LeaderAndIsrRequest$Builder$$Lambda$1261: void <init>()>;java.lang.invoke.InnerClassLambdaMetafactory.buildCallSite;261;isAccessible=true;
Constructor.newInstance;<org.apache.kafka.common.requests.LeaderAndIsrResponse$$Lambda$1402: void <init>()>;java.lang.invoke.InnerClassLambdaMetafactory.buildCallSite;261;isAccessible=true;
Constructor.newInstance;<org.apache.kafka.common.requests.LeaderAndIsrResponse$$Lambda$1403: void <init>()>;java.lang.invoke.InnerClassLambdaMetafactory.buildCallSite;261;isAccessible=true;
Constructor.newInstance;<org.apache.kafka.common.requests.MetadataRequest$$Lambda$1073: void <init>()>;java.lang.invoke.InnerClassLambdaMetafactory.buildCallSite;261;isAccessible=true;
Constructor.newInstance;<org.apache.kafka.common.requests.MetadataRequest$$Lambda$1078: void <init>()>;java.lang.invoke.InnerClassLambdaMetafactory.buildCallSite;261;isAccessible=true;
Constructor.newInstance;<org.apache.kafka.common.requests.MetadataResponse$$Lambda$1470: void <init>()>;java.lang.invoke.InnerClassLambdaMetafactory.buildCallSite;261;isAccessible=true;
Constructor.newInstance;<org.apache.kafka.common.requests.MetadataResponse$Holder$$Lambda$1091: void <init>()>;java.lang.invoke.InnerClassLambdaMetafactory.buildCallSite;261;isAccessible=true;
Constructor.newInstance;<org.apache.kafka.common.requests.MetadataResponse$Holder$$Lambda$1092: void <init>()>;java.lang.invoke.InnerClassLambdaMetafactory.buildCallSite;261;isAccessible=true;
Constructor.newInstance;<org.apache.kafka.common.requests.ProduceResponse$$Lambda$1561: void <init>()>;java.lang.invoke.InnerClassLambdaMetafactory.buildCallSite;261;isAccessible=true;
Constructor.newInstance;<org.apache.kafka.common.requests.RequestUtils$$Lambda$1506: void <init>()>;java.lang.invoke.InnerClassLambdaMetafactory.buildCallSite;261;isAccessible=true;
Constructor.newInstance;<org.apache.kafka.common.requests.UpdateMetadataRequest$$Lambda$904: void <init>()>;java.lang.invoke.InnerClassLambdaMetafactory.buildCallSite;261;isAccessible=true;
Constructor.newInstance;<org.apache.kafka.common.resource.PatternType$$Lambda$246: void <init>()>;java.lang.invoke.InnerClassLambdaMetafactory.buildCallSite;261;isAccessible=true;
Constructor.newInstance;<org.apache.kafka.common.resource.PatternType$$Lambda$247: void <init>()>;java.lang.invoke.InnerClassLambdaMetafactory.buildCallSite;261;isAccessible=true;
Constructor.newInstance;<org.apache.kafka.common.utils.ConfigUtils$$Lambda$292: void <init>()>;java.lang.invoke.InnerClassLambdaMetafactory.buildCallSite;261;isAccessible=true;
Constructor.newInstance;<org.apache.kafka.common.utils.ConfigUtils$$Lambda$293: void <init>()>;java.lang.invoke.InnerClassLambdaMetafactory.buildCallSite;261;isAccessible=true;
Constructor.newInstance;<org.apache.kafka.common.utils.ConfigUtils$$Lambda$294: void <init>()>;java.lang.invoke.InnerClassLambdaMetafactory.buildCallSite;261;isAccessible=true;
Constructor.newInstance;<org.apache.kafka.common.utils.ConfigUtils$$Lambda$298: void <init>()>;java.lang.invoke.InnerClassLambdaMetafactory.buildCallSite;261;isAccessible=true;
Constructor.newInstance;<org.apache.kafka.common.utils.ConfigUtils$$Lambda$299: void <init>()>;java.lang.invoke.InnerClassLambdaMetafactory.buildCallSite;261;isAccessible=true;
Constructor.newInstance;<org.apache.kafka.common.utils.ConfigUtils$$Lambda$300: void <init>()>;java.lang.invoke.InnerClassLambdaMetafactory.buildCallSite;261;isAccessible=true;
Constructor.newInstance;<org.apache.kafka.common.utils.Utils$$Lambda$154: void <init>()>;java.lang.invoke.InnerClassLambdaMetafactory.buildCallSite;261;isAccessible=true;
Constructor.newInstance;<org.apache.kafka.common.utils.Utils$$Lambda$155: void <init>()>;java.lang.invoke.InnerClassLambdaMetafactory.buildCallSite;261;isAccessible=true;
Constructor.newInstance;<org.apache.kafka.metadata.ConfigSynonym$$Lambda$214: void <init>()>;java.lang.invoke.InnerClassLambdaMetafactory.buildCallSite;261;isAccessible=true;
Constructor.newInstance;<org.apache.kafka.metadata.ConfigSynonym$$Lambda$215: void <init>()>;java.lang.invoke.InnerClassLambdaMetafactory.buildCallSite;261;isAccessible=true;
Constructor.newInstance;<org.apache.kafka.server.metrics.KafkaYammerMetrics$$Lambda$225: void <init>()>;java.lang.invoke.InnerClassLambdaMetafactory.buildCallSite;261;isAccessible=true;
Constructor.newInstance;<org.apache.kafka.trogdor.basic.BasicPlatform: void <init>(java.lang.String,org.apache.kafka.common.utils.Scheduler,com.fasterxml.jackson.databind.JsonNode)>;org.apache.kafka.common.utils.Utils.newParameterizedInstance;455;isAccessible=false;
Constructor.newInstance;<org.apache.kafka.trogdor.workload.ConstantPayloadGenerator: void <init>(int,byte[])>;com.fasterxml.jackson.databind.introspect.AnnotatedConstructor.call;128;isAccessible=true;
Constructor.newInstance;<org.apache.kafka.trogdor.workload.PartitionsSpec: void <init>(int,short,java.util.Map,java.util.Map)>;com.fasterxml.jackson.databind.introspect.AnnotatedConstructor.call;128;isAccessible=true;
Constructor.newInstance;<org.apache.kafka.trogdor.workload.ProduceBenchSpec: void <init>(long,long,java.lang.String,java.lang.String,int,long,org.apache.kafka.trogdor.workload.PayloadGenerator,org.apache.kafka.trogdor.workload.PayloadGenerator,java.util.Optional,java.util.Map,java.util.Map,java.util.Map,org.apache.kafka.trogdor.workload.TopicsSpec,org.apache.kafka.trogdor.workload.TopicsSpec,boolean,boolean)>;com.fasterxml.jackson.databind.introspect.AnnotatedConstructor.call;128;isAccessible=true;
Constructor.newInstance;<org.apache.kafka.trogdor.workload.SequentialPayloadGenerator: void <init>(int,long)>;com.fasterxml.jackson.databind.introspect.AnnotatedConstructor.call;128;isAccessible=true;
Constructor.newInstance;<org.apache.kafka.trogdor.workload.TopicsSpec: void <init>()>;com.fasterxml.jackson.databind.introspect.AnnotatedConstructor.call;123;isAccessible=true;
Constructor.newInstance;<org.apache.zookeeper.ClientCnxnSocketNIO: void <init>(org.apache.zookeeper.client.ZKClientConfig)>;org.apache.zookeeper.ZooKeeper.getClientCnxnSocket;3406;isAccessible=false;
Constructor.newInstance;<org.apache.zookeeper.common.PathTrie$$Lambda$256: void <init>()>;java.lang.invoke.InnerClassLambdaMetafactory.buildCallSite;261;isAccessible=true;
Constructor.newInstance;<org.apache.zookeeper.common.PathTrie$$Lambda$257: void <init>()>;java.lang.invoke.InnerClassLambdaMetafactory.buildCallSite;261;isAccessible=true;
Constructor.newInstance;<org.apache.zookeeper.metrics.impl.DefaultMetricsProvider$DefaultMetricsContext$$Lambda$69: void <init>()>;java.lang.invoke.InnerClassLambdaMetafactory.buildCallSite;261;isAccessible=true;
Constructor.newInstance;<org.apache.zookeeper.metrics.impl.DefaultMetricsProvider: void <init>()>;org.apache.zookeeper.metrics.impl.MetricsProviderBootstrap.startMetricsProvider;43;isAccessible=false;
Constructor.newInstance;<org.apache.zookeeper.server.NIOServerCnxnFactory: void <init>()>;org.apache.zookeeper.server.ServerCnxnFactory.createFactory;168;isAccessible=false;
Constructor.newInstance;<org.apache.zookeeper.server.watch.WatchManager: void <init>()>;org.apache.zookeeper.server.watch.WatchManagerFactory.createWatchManager;41;isAccessible=false;
Constructor.newInstance;<org.dacapo.harness.Benchmark$$Lambda$39: void <init>()>;java.lang.invoke.InnerClassLambdaMetafactory.buildCallSite;261;isAccessible=true;
Constructor.newInstance;<org.dacapo.harness.CommandLineArgs$$Lambda$31: void <init>()>;java.lang.invoke.InnerClassLambdaMetafactory.buildCallSite;261;isAccessible=true;
Constructor.newInstance;<org.dacapo.harness.CommandLineArgs$$Lambda$32: void <init>()>;java.lang.invoke.InnerClassLambdaMetafactory.buildCallSite;261;isAccessible=true;
Constructor.newInstance;<org.dacapo.harness.CommandLineArgs$$Lambda$33: void <init>()>;java.lang.invoke.InnerClassLambdaMetafactory.buildCallSite;261;isAccessible=true;
Constructor.newInstance;<org.dacapo.harness.Kafka: void <init>(org.dacapo.parser.Config,java.io.File,java.io.File)>;org.dacapo.harness.TestHarness.runBenchmark;218;isAccessible=false;
Constructor.newInstance;<org.dacapo.kafka.Launcher: void <init>(java.io.File,java.io.File,java.lang.String[])>;org.dacapo.harness.Kafka.prepare;44;isAccessible=false;
Constructor.newInstance;<org.eclipse.jetty.http.Http1FieldPreEncoder: void <init>()>;java.util.ServiceLoader$ProviderImpl.newInstance;789;isAccessible=false;
Constructor.newInstance;<org.eclipse.jetty.http.MimeTypes$$Lambda$903: void <init>()>;java.lang.invoke.InnerClassLambdaMetafactory.buildCallSite;261;isAccessible=true;
Constructor.newInstance;<org.eclipse.jetty.http.MimeTypes$$Lambda$907: void <init>()>;java.lang.invoke.InnerClassLambdaMetafactory.buildCallSite;261;isAccessible=true;
Constructor.newInstance;<org.eclipse.jetty.http.pathmap.PathMappings$$Lambda$910: void <init>()>;java.lang.invoke.InnerClassLambdaMetafactory.buildCallSite;261;isAccessible=true;
Constructor.newInstance;<org.eclipse.jetty.server.CustomRequestLog$$Lambda$785: void <init>()>;java.lang.invoke.InnerClassLambdaMetafactory.buildCallSite;261;isAccessible=true;
Constructor.newInstance;<org.eclipse.jetty.servlet.ServletHandler$$Lambda$912: void <init>()>;java.lang.invoke.InnerClassLambdaMetafactory.buildCallSite;261;isAccessible=true;
Constructor.newInstance;<org.eclipse.jetty.servlet.ServletHolder$$Lambda$923: void <init>()>;java.lang.invoke.InnerClassLambdaMetafactory.buildCallSite;261;isAccessible=true;
Constructor.newInstance;<org.eclipse.jetty.util.log.Slf4jLog: void <init>()>;org.eclipse.jetty.util.log.Log.initialized;158;isAccessible=false;
Constructor.newInstance;<org.eclipse.jetty.util.statistic.CounterStatistic$$Lambda$766: void <init>()>;java.lang.invoke.InnerClassLambdaMetafactory.buildCallSite;261;isAccessible=true;
Constructor.newInstance;<org.eclipse.jetty.util.statistic.SampleStatistic$$Lambda$762: void <init>()>;java.lang.invoke.InnerClassLambdaMetafactory.buildCallSite;261;isAccessible=true;
Constructor.newInstance;<org.eclipse.jetty.util.thread.QueuedThreadPool$$Lambda$625: void <init>()>;java.lang.invoke.InnerClassLambdaMetafactory.buildCallSite;261;isAccessible=true;
Constructor.newInstance;<org.eclipse.jetty.util.thread.ReservedThreadExecutor$$Lambda$1597: void <init>()>;java.lang.invoke.InnerClassLambdaMetafactory.buildCallSite;261;isAccessible=true;
Constructor.newInstance;<org.eclipse.jetty.util.thread.ReservedThreadExecutor$$Lambda$1598: void <init>()>;java.lang.invoke.InnerClassLambdaMetafactory.buildCallSite;261;isAccessible=true;
Constructor.newInstance;<org.eclipse.jetty.util.thread.ReservedThreadExecutor$$Lambda$1599: void <init>()>;java.lang.invoke.InnerClassLambdaMetafactory.buildCallSite;261;isAccessible=true;
Constructor.newInstance;<org.eclipse.jetty.util.thread.ReservedThreadExecutor$$Lambda$1600: void <init>()>;java.lang.invoke.InnerClassLambdaMetafactory.buildCallSite;261;isAccessible=true;
Constructor.newInstance;<org.eclipse.jetty.util.thread.ShutdownThread$$Lambda$871: void <init>()>;java.lang.invoke.InnerClassLambdaMetafactory.buildCallSite;261;isAccessible=true;
Constructor.newInstance;<org.eclipse.jetty.util.thread.ThreadPoolBudget$$Lambda$891: void <init>()>;java.lang.invoke.InnerClassLambdaMetafactory.buildCallSite;261;isAccessible=true;
Constructor.newInstance;<org.glassfish.jersey.inject.hk2.AbstractHk2InjectionManager$$Lambda$1034: void <init>()>;java.lang.invoke.InnerClassLambdaMetafactory.buildCallSite;261;isAccessible=true;
Constructor.newInstance;<org.glassfish.jersey.inject.hk2.ContextInjectionResolverImpl: void <init>()>;org.glassfish.hk2.utilities.reflection.ReflectionHelper.makeMe;1356;isAccessible=true;
Constructor.newInstance;<org.glassfish.jersey.inject.hk2.Hk2RequestScope: void <init>()>;org.glassfish.hk2.utilities.reflection.ReflectionHelper.makeMe;1356;isAccessible=true;
Constructor.newInstance;<org.glassfish.jersey.inject.hk2.JerseyErrorService: void <init>()>;org.glassfish.hk2.utilities.reflection.ReflectionHelper.makeMe;1356;isAccessible=true;
Constructor.newInstance;<org.glassfish.jersey.internal.JaxrsProviders: void <init>()>;org.glassfish.hk2.utilities.reflection.ReflectionHelper.makeMe;1356;isAccessible=true;
Constructor.newInstance;<org.glassfish.jersey.internal.config.ExternalPropertiesAutoDiscoverable: void <init>()>;org.glassfish.hk2.utilities.reflection.ReflectionHelper.makeMe;1356;isAccessible=true;
Constructor.newInstance;<org.glassfish.jersey.internal.config.SystemPropertiesConfigurationModel$$Lambda$978: void <init>()>;java.lang.invoke.InnerClassLambdaMetafactory.buildCallSite;261;isAccessible=true;
Constructor.newInstance;<org.glassfish.jersey.internal.config.SystemPropertiesConfigurationModel$$Lambda$979: void <init>()>;java.lang.invoke.InnerClassLambdaMetafactory.buildCallSite;261;isAccessible=true;
Constructor.newInstance;<org.glassfish.jersey.internal.config.SystemPropertiesConfigurationModel$$Lambda$980: void <init>()>;java.lang.invoke.InnerClassLambdaMetafactory.buildCallSite;261;isAccessible=true;
Constructor.newInstance;<org.glassfish.jersey.internal.inject.AbstractBinder$$Lambda$939: void <init>()>;java.lang.invoke.InnerClassLambdaMetafactory.buildCallSite;261;isAccessible=true;
Constructor.newInstance;<org.glassfish.jersey.internal.inject.Injections$$Lambda$933: void <init>()>;java.lang.invoke.InnerClassLambdaMetafactory.buildCallSite;261;isAccessible=true;
Constructor.newInstance;<org.glassfish.jersey.internal.inject.Providers$$Lambda$1032: void <init>()>;java.lang.invoke.InnerClassLambdaMetafactory.buildCallSite;261;isAccessible=true;
Constructor.newInstance;<org.glassfish.jersey.internal.inject.Providers$$Lambda$1036: void <init>()>;java.lang.invoke.InnerClassLambdaMetafactory.buildCallSite;261;isAccessible=true;
Constructor.newInstance;<org.glassfish.jersey.internal.inject.Providers$$Lambda$1037: void <init>()>;java.lang.invoke.InnerClassLambdaMetafactory.buildCallSite;261;isAccessible=true;
Constructor.newInstance;<org.glassfish.jersey.internal.inject.Providers$$Lambda$1043: void <init>()>;java.lang.invoke.InnerClassLambdaMetafactory.buildCallSite;261;isAccessible=true;
Constructor.newInstance;<org.glassfish.jersey.internal.inject.Providers$$Lambda$1044: void <init>()>;java.lang.invoke.InnerClassLambdaMetafactory.buildCallSite;261;isAccessible=true;
Constructor.newInstance;<org.glassfish.jersey.internal.util.collection.Cache$$Lambda$936: void <init>()>;java.lang.invoke.InnerClassLambdaMetafactory.buildCallSite;261;isAccessible=true;
Constructor.newInstance;<org.glassfish.jersey.logging.LoggingFeatureAutoDiscoverable: void <init>()>;org.glassfish.hk2.utilities.reflection.ReflectionHelper.makeMe;1356;isAccessible=true;
Constructor.newInstance;<org.glassfish.jersey.message.internal.BasicTypesMessageProvider: void <init>()>;org.glassfish.hk2.utilities.reflection.ReflectionHelper.makeMe;1356;isAccessible=true;
Constructor.newInstance;<org.glassfish.jersey.message.internal.ByteArrayProvider: void <init>()>;org.glassfish.hk2.utilities.reflection.ReflectionHelper.makeMe;1356;isAccessible=true;
Constructor.newInstance;<org.glassfish.jersey.message.internal.DataSourceProvider: void <init>()>;org.glassfish.hk2.utilities.reflection.ReflectionHelper.makeMe;1356;isAccessible=true;
Constructor.newInstance;<org.glassfish.jersey.message.internal.EnumMessageProvider: void <init>()>;org.glassfish.hk2.utilities.reflection.ReflectionHelper.makeMe;1356;isAccessible=true;
Constructor.newInstance;<org.glassfish.jersey.message.internal.FileProvider: void <init>()>;org.glassfish.hk2.utilities.reflection.ReflectionHelper.makeMe;1356;isAccessible=true;
Constructor.newInstance;<org.glassfish.jersey.message.internal.FormMultivaluedMapProvider: void <init>()>;org.glassfish.hk2.utilities.reflection.ReflectionHelper.makeMe;1356;isAccessible=true;
Constructor.newInstance;<org.glassfish.jersey.message.internal.FormProvider: void <init>()>;org.glassfish.hk2.utilities.reflection.ReflectionHelper.makeMe;1356;isAccessible=true;
Constructor.newInstance;<org.glassfish.jersey.message.internal.InputStreamProvider: void <init>()>;org.glassfish.hk2.utilities.reflection.ReflectionHelper.makeMe;1356;isAccessible=true;
Constructor.newInstance;<org.glassfish.jersey.message.internal.MediaTypes$$Lambda$1039: void <init>()>;java.lang.invoke.InnerClassLambdaMetafactory.buildCallSite;261;isAccessible=true;
Constructor.newInstance;<org.glassfish.jersey.message.internal.MessageBodyFactory$$Lambda$969: void <init>()>;java.lang.invoke.InnerClassLambdaMetafactory.buildCallSite;261;isAccessible=true;
Constructor.newInstance;<org.glassfish.jersey.message.internal.MessageBodyFactory$$Lambda$970: void <init>()>;java.lang.invoke.InnerClassLambdaMetafactory.buildCallSite;261;isAccessible=true;
Constructor.newInstance;<org.glassfish.jersey.message.internal.MessageBodyFactory$$Lambda$971: void <init>()>;java.lang.invoke.InnerClassLambdaMetafactory.buildCallSite;261;isAccessible=true;
Constructor.newInstance;<org.glassfish.jersey.message.internal.ReaderProvider: void <init>()>;org.glassfish.hk2.utilities.reflection.ReflectionHelper.makeMe;1356;isAccessible=true;
Constructor.newInstance;<org.glassfish.jersey.message.internal.RenderedImageProvider: void <init>()>;org.glassfish.hk2.utilities.reflection.ReflectionHelper.makeMe;1356;isAccessible=true;
Constructor.newInstance;<org.glassfish.jersey.message.internal.SourceProvider$DomSourceReader: void <init>(javax.inject.Provider)>;org.glassfish.hk2.utilities.reflection.ReflectionHelper.makeMe;1356;isAccessible=true;
Constructor.newInstance;<org.glassfish.jersey.message.internal.SourceProvider$SaxSourceReader: void <init>(javax.inject.Provider)>;org.glassfish.hk2.utilities.reflection.ReflectionHelper.makeMe;1356;isAccessible=true;
Constructor.newInstance;<org.glassfish.jersey.message.internal.SourceProvider$SourceWriter: void <init>(javax.inject.Provider,javax.inject.Provider)>;org.glassfish.hk2.utilities.reflection.ReflectionHelper.makeMe;1356;isAccessible=true;
Constructor.newInstance;<org.glassfish.jersey.message.internal.SourceProvider$StreamSourceReader: void <init>()>;org.glassfish.hk2.utilities.reflection.ReflectionHelper.makeMe;1356;isAccessible=true;
Constructor.newInstance;<org.glassfish.jersey.message.internal.StreamingOutputProvider: void <init>()>;org.glassfish.hk2.utilities.reflection.ReflectionHelper.makeMe;1356;isAccessible=true;
Constructor.newInstance;<org.glassfish.jersey.message.internal.StringMessageProvider: void <init>()>;org.glassfish.hk2.utilities.reflection.ReflectionHelper.makeMe;1356;isAccessible=true;
Constructor.newInstance;<org.glassfish.jersey.model.ContractProvider$Builder$$Lambda$682: void <init>()>;java.lang.invoke.InnerClassLambdaMetafactory.buildCallSite;261;isAccessible=true;
Constructor.newInstance;<org.glassfish.jersey.model.Parameter$$Lambda$1000: void <init>()>;java.lang.invoke.InnerClassLambdaMetafactory.buildCallSite;261;isAccessible=true;
Constructor.newInstance;<org.glassfish.jersey.model.Parameter$$Lambda$1001: void <init>()>;java.lang.invoke.InnerClassLambdaMetafactory.buildCallSite;261;isAccessible=true;
Constructor.newInstance;<org.glassfish.jersey.model.Parameter$$Lambda$997: void <init>()>;java.lang.invoke.InnerClassLambdaMetafactory.buildCallSite;261;isAccessible=true;
Constructor.newInstance;<org.glassfish.jersey.model.Parameter$$Lambda$998: void <init>()>;java.lang.invoke.InnerClassLambdaMetafactory.buildCallSite;261;isAccessible=true;
Constructor.newInstance;<org.glassfish.jersey.model.Parameter$$Lambda$999: void <init>()>;java.lang.invoke.InnerClassLambdaMetafactory.buildCallSite;261;isAccessible=true;
Constructor.newInstance;<org.glassfish.jersey.model.internal.CommonConfig$$Lambda$982: void <init>()>;java.lang.invoke.InnerClassLambdaMetafactory.buildCallSite;261;isAccessible=true;
Constructor.newInstance;<org.glassfish.jersey.model.internal.CommonConfig$$Lambda$993: void <init>()>;java.lang.invoke.InnerClassLambdaMetafactory.buildCallSite;261;isAccessible=true;
Constructor.newInstance;<org.glassfish.jersey.model.internal.ComponentBag$$Lambda$646: void <init>()>;java.lang.invoke.InnerClassLambdaMetafactory.buildCallSite;261;isAccessible=true;
Constructor.newInstance;<org.glassfish.jersey.model.internal.ComponentBag$$Lambda$648: void <init>()>;java.lang.invoke.InnerClassLambdaMetafactory.buildCallSite;261;isAccessible=true;
Constructor.newInstance;<org.glassfish.jersey.model.internal.ComponentBag$$Lambda$649: void <init>()>;java.lang.invoke.InnerClassLambdaMetafactory.buildCallSite;261;isAccessible=true;
Constructor.newInstance;<org.glassfish.jersey.model.internal.ComponentBag$$Lambda$650: void <init>()>;java.lang.invoke.InnerClassLambdaMetafactory.buildCallSite;261;isAccessible=true;
Constructor.newInstance;<org.glassfish.jersey.model.internal.ComponentBag$$Lambda$651: void <init>()>;java.lang.invoke.InnerClassLambdaMetafactory.buildCallSite;261;isAccessible=true;
Constructor.newInstance;<org.glassfish.jersey.model.internal.ComponentBag$$Lambda$652: void <init>()>;java.lang.invoke.InnerClassLambdaMetafactory.buildCallSite;261;isAccessible=true;
Constructor.newInstance;<org.glassfish.jersey.model.internal.ComponentBag$$Lambda$653: void <init>()>;java.lang.invoke.InnerClassLambdaMetafactory.buildCallSite;261;isAccessible=true;
Constructor.newInstance;<org.glassfish.jersey.model.internal.ComponentBag$$Lambda$654: void <init>()>;java.lang.invoke.InnerClassLambdaMetafactory.buildCallSite;261;isAccessible=true;
Constructor.newInstance;<org.glassfish.jersey.model.internal.ComponentBag$$Lambda$984: void <init>()>;java.lang.invoke.InnerClassLambdaMetafactory.buildCallSite;261;isAccessible=true;
Constructor.newInstance;<org.glassfish.jersey.model.internal.ComponentBag$$Lambda$992: void <init>()>;java.lang.invoke.InnerClassLambdaMetafactory.buildCallSite;261;isAccessible=true;
Constructor.newInstance;<org.glassfish.jersey.server.ChunkedResponseWriter: void <init>()>;org.glassfish.hk2.utilities.reflection.ReflectionHelper.makeMe;1356;isAccessible=true;
Constructor.newInstance;<org.glassfish.jersey.server.ComponentProviderConfigurator$$Lambda$1011: void <init>()>;java.lang.invoke.InnerClassLambdaMetafactory.buildCallSite;261;isAccessible=true;
Constructor.newInstance;<org.glassfish.jersey.server.ComponentProviderConfigurator$$Lambda$1013: void <init>()>;java.lang.invoke.InnerClassLambdaMetafactory.buildCallSite;261;isAccessible=true;
Constructor.newInstance;<org.glassfish.jersey.server.ComponentProviderConfigurator$$Lambda$1031: void <init>()>;java.lang.invoke.InnerClassLambdaMetafactory.buildCallSite;261;isAccessible=true;
Constructor.newInstance;<org.glassfish.jersey.server.ModelProcessorConfigurator$$Lambda$1006: void <init>()>;java.lang.invoke.InnerClassLambdaMetafactory.buildCallSite;261;isAccessible=true;
Constructor.newInstance;<org.glassfish.jersey.server.ModelProcessorConfigurator$$Lambda$1007: void <init>()>;java.lang.invoke.InnerClassLambdaMetafactory.buildCallSite;261;isAccessible=true;
Constructor.newInstance;<org.glassfish.jersey.server.ResourceModelConfigurator$$Lambda$1022: void <init>()>;java.lang.invoke.InnerClassLambdaMetafactory.buildCallSite;261;isAccessible=true;
Constructor.newInstance;<org.glassfish.jersey.server.filter.internal.ServerFiltersAutoDiscoverable: void <init>()>;org.glassfish.hk2.utilities.reflection.ReflectionHelper.makeMe;1356;isAccessible=true;
Constructor.newInstance;<org.glassfish.jersey.server.internal.JsonWithPaddingInterceptor: void <init>()>;org.glassfish.hk2.utilities.reflection.ReflectionHelper.makeMe;1356;isAccessible=true;
Constructor.newInstance;<org.glassfish.jersey.server.internal.MappableExceptionWrapperInterceptor: void <init>()>;org.glassfish.hk2.utilities.reflection.ReflectionHelper.makeMe;1356;isAccessible=true;
Constructor.newInstance;<org.glassfish.jersey.server.internal.RuntimeDelegateImpl: void <init>()>;java.util.ServiceLoader$ProviderImpl.newInstance;789;isAccessible=false;
Constructor.newInstance;<org.glassfish.jersey.server.internal.monitoring.MonitoringAutodiscoverable: void <init>()>;org.glassfish.hk2.utilities.reflection.ReflectionHelper.makeMe;1356;isAccessible=true;
Constructor.newInstance;<org.glassfish.jersey.server.internal.monitoring.MonitoringContainerListener: void <init>()>;org.glassfish.hk2.utilities.reflection.ReflectionHelper.makeMe;1356;isAccessible=true;
Constructor.newInstance;<org.glassfish.jersey.server.model.ResourceMethod$Builder$$Lambda$1002: void <init>()>;java.lang.invoke.InnerClassLambdaMetafactory.buildCallSite;261;isAccessible=true;
Constructor.newInstance;<org.glassfish.jersey.server.model.ResourceMethodValidator$$Lambda$1046: void <init>()>;java.lang.invoke.InnerClassLambdaMetafactory.buildCallSite;261;isAccessible=true;
Constructor.newInstance;<org.glassfish.jersey.server.model.RuntimeResource$$Lambda$1021: void <init>()>;java.lang.invoke.InnerClassLambdaMetafactory.buildCallSite;261;isAccessible=true;
Constructor.newInstance;<org.glassfish.jersey.server.model.internal.ModelErrors$$Lambda$1047: void <init>()>;java.lang.invoke.InnerClassLambdaMetafactory.buildCallSite;261;isAccessible=true;
Constructor.newInstance;<org.glassfish.jersey.server.model.internal.ResourceMethodInvocationHandlerFactory$$Lambda$1040: void <init>()>;java.lang.invoke.InnerClassLambdaMetafactory.buildCallSite;261;isAccessible=true;
Constructor.newInstance;<org.glassfish.jersey.server.spi.internal.ParameterValueHelper$$Lambda$1045: void <init>()>;java.lang.invoke.InnerClassLambdaMetafactory.buildCallSite;261;isAccessible=true;
Constructor.newInstance;<org.glassfish.jersey.server.wadl.WadlFeature: void <init>()>;org.glassfish.hk2.utilities.reflection.ReflectionHelper.makeMe;1356;isAccessible=true;
Constructor.newInstance;<org.glassfish.jersey.server.wadl.internal.WadlAutoDiscoverable: void <init>()>;org.glassfish.hk2.utilities.reflection.ReflectionHelper.makeMe;1356;isAccessible=true;
Constructor.newInstance;<org.glassfish.jersey.servlet.WebComponent$$Lambda$928: void <init>()>;java.lang.invoke.InnerClassLambdaMetafactory.buildCallSite;261;isAccessible=true;
Constructor.newInstance;<org.glassfish.jersey.servlet.async.AsyncContextDelegateProviderImpl: void <init>()>;org.glassfish.hk2.utilities.reflection.ReflectionHelper.makeMe;1356;isAccessible=true;
Constructor.newInstance;<org.glassfish.jersey.spi.AbstractThreadPoolProvider$$Lambda$1051: void <init>()>;java.lang.invoke.InnerClassLambdaMetafactory.buildCallSite;261;isAccessible=true;
Constructor.newInstance;<org.jvnet.hk2.external.generator.ServiceLocatorGeneratorImpl: void <init>()>;java.util.ServiceLoader$ProviderImpl.newInstance;789;isAccessible=false;
Constructor.newInstance;<org.jvnet.hk2.internal.DynamicConfigurationServiceImpl: void <init>(org.glassfish.hk2.api.ServiceLocator)>;org.glassfish.hk2.utilities.reflection.ReflectionHelper.makeMe;1356;isAccessible=true;
Constructor.newInstance;<org.jvnet.hk2.internal.ServiceLocatorRuntimeImpl: void <init>(org.glassfish.hk2.api.ServiceLocator)>;org.glassfish.hk2.utilities.reflection.ReflectionHelper.makeMe;1356;isAccessible=true;
Constructor.newInstance;<scala.collection.Map$$$Lambda$147: void <init>()>;java.lang.invoke.InnerClassLambdaMetafactory.buildCallSite;261;isAccessible=true;
Constructor.newInstance;<scala.collection.SeqOps$$Lambda$179: void <init>()>;java.lang.invoke.InnerClassLambdaMetafactory.buildCallSite;261;isAccessible=true;
Constructor.newInstance;<scala.collection.immutable.LazyList$$$Lambda$145: void <init>()>;java.lang.invoke.InnerClassLambdaMetafactory.buildCallSite;261;isAccessible=true;
Constructor.newInstance;<scala.collection.immutable.LazyList$$$Lambda$146: void <init>()>;java.lang.invoke.InnerClassLambdaMetafactory.buildCallSite;261;isAccessible=true;
Constructor.newInstance;<scala.collection.immutable.SetOps$$Lambda$1153: void <init>()>;java.lang.invoke.InnerClassLambdaMetafactory.buildCallSite;261;isAccessible=true;
Constructor.newInstance;<scala.collection.mutable.ArraySeq$$$Lambda$173: void <init>()>;java.lang.invoke.InnerClassLambdaMetafactory.buildCallSite;261;isAccessible=true;
Constructor.newInstance;<scala.collection.mutable.LongMap$$$Lambda$405: void <init>()>;java.lang.invoke.InnerClassLambdaMetafactory.buildCallSite;261;isAccessible=true;
Constructor.newInstance;<sun.management.ManagementFactoryHelper$$Lambda$114: void <init>()>;java.lang.invoke.InnerClassLambdaMetafactory.buildCallSite;261;isAccessible=true;
Constructor.newInstance;<sun.misc.Signal: void <init>(java.lang.String)>;org.apache.kafka.common.utils.LoggingSignalHandler.register;101;isAccessible=false;
Constructor.newInstance;<sun.nio.ch.DefaultSelectorProvider$$Lambda$73: void <init>()>;java.lang.invoke.InnerClassLambdaMetafactory.buildCallSite;261;isAccessible=true;
Constructor.newInstance;<sun.security.provider.MD5: void <init>()>;java.security.Provider$Service.newInstanceOf;1879;isAccessible=false;
Constructor.newInstance;<sun.security.provider.NativePRNG: void <init>()>;java.security.Provider$Service.newInstanceOf;1879;isAccessible=false;
Constructor.newInstance;<sun.security.provider.SHA: void <init>()>;java.security.Provider$Service.newInstanceOf;1879;isAccessible=false;
Constructor.newInstance;<sun.text.resources.cldr.FormatData: void <init>()>;java.util.ResourceBundle$ResourceBundleProviderHelper.newResourceBundle;3586;isAccessible=true;
Constructor.newInstance;<sun.text.resources.cldr.FormatData_en: void <init>()>;java.util.ResourceBundle$ResourceBundleProviderHelper.newResourceBundle;3586;isAccessible=true;
Constructor.newInstance;<sun.util.cldr.CLDRLocaleProviderAdapter$$Lambda$51: void <init>()>;java.lang.invoke.InnerClassLambdaMetafactory.buildCallSite;261;isAccessible=true;
Constructor.newInstance;<sun.util.cldr.CLDRLocaleProviderAdapter: void <init>()>;sun.util.locale.provider.LocaleProviderAdapter.forType;188;isAccessible=false;
Constructor.newInstance;<sun.util.locale.provider.JRELocaleProviderAdapter: void <init>()>;sun.util.locale.provider.LocaleProviderAdapter.forType;188;isAccessible=false;
Constructor.newInstance;<sun.util.logging.internal.LoggingProviderImpl: void <init>()>;java.util.ServiceLoader$ProviderImpl.newInstance;789;isAccessible=true;
Constructor.newInstance;<sun.util.resources.TimeZoneNames: void <init>()>;java.util.ResourceBundle$ResourceBundleProviderHelper.newResourceBundle;3586;isAccessible=true;
Constructor.newInstance;<sun.util.resources.TimeZoneNames_en: void <init>()>;java.util.ResourceBundle$ResourceBundleProviderHelper.newResourceBundle;3586;isAccessible=true;
Constructor.newInstance;<sun.util.resources.cldr.CalendarData: void <init>()>;java.util.ResourceBundle$ResourceBundleProviderHelper.newResourceBundle;3586;isAccessible=true;
Constructor.newInstance;<sun.util.resources.cldr.TimeZoneNames: void <init>()>;java.util.ResourceBundle$ResourceBundleProviderHelper.newResourceBundle;3586;isAccessible=true;
Constructor.newInstance;<sun.util.resources.cldr.TimeZoneNames_en: void <init>()>;java.util.ResourceBundle$ResourceBundleProviderHelper.newResourceBundle;3586;isAccessible=true;
Constructor.newInstance;<sun.util.resources.cldr.provider.CLDRLocaleDataMetaInfo: void <init>()>;java.util.ServiceLoader$ProviderImpl.newInstance;789;isAccessible=true;
Constructor.newInstance;<sun.util.resources.provider.LocaleDataProvider: void <init>()>;java.util.ServiceLoader$ProviderImpl.newInstance;789;isAccessible=true;
Constructor.newInstance;<sun.util.resources.provider.NonBaseLocaleDataMetaInfo: void <init>()>;java.util.ServiceLoader$ProviderImpl.newInstance;789;isAccessible=true;
Field.get*;<java.lang.Boolean: java.lang.Class TYPE>;com.sun.jmx.mbeanserver.DefaultMXBeanMappingFactory.<clinit>;216;isAccessible=false;
Field.get*;<java.lang.Byte: java.lang.Class TYPE>;com.sun.jmx.mbeanserver.DefaultMXBeanMappingFactory.<clinit>;216;isAccessible=false;
Field.get*;<java.lang.Character: java.lang.Class TYPE>;com.sun.jmx.mbeanserver.DefaultMXBeanMappingFactory.<clinit>;216;isAccessible=false;
Field.get*;<java.lang.Double: java.lang.Class TYPE>;com.sun.jmx.mbeanserver.DefaultMXBeanMappingFactory.<clinit>;216;isAccessible=false;
Field.get*;<java.lang.Float: java.lang.Class TYPE>;com.sun.jmx.mbeanserver.DefaultMXBeanMappingFactory.<clinit>;216;isAccessible=false;
Field.get*;<java.lang.Integer: java.lang.Class TYPE>;com.sun.jmx.mbeanserver.DefaultMXBeanMappingFactory.<clinit>;216;isAccessible=false;
Field.get*;<java.lang.Long: java.lang.Class TYPE>;com.sun.jmx.mbeanserver.DefaultMXBeanMappingFactory.<clinit>;216;isAccessible=false;
Field.get*;<java.lang.Short: java.lang.Class TYPE>;com.sun.jmx.mbeanserver.DefaultMXBeanMappingFactory.<clinit>;216;isAccessible=false;
Field.get*;<java.lang.Void: java.lang.Class TYPE>;com.sun.jmx.mbeanserver.DefaultMXBeanMappingFactory.<clinit>;216;isAccessible=false;
Field.set*;<com.fasterxml.jackson.jaxrs.json.JacksonJsonProvider: javax.ws.rs.ext.Providers _providers>;org.glassfish.hk2.utilities.reflection.ReflectionHelper.setField;1231;isAccessible=true;
Field.set*;<org.apache.kafka.trogdor.agent.AgentRestResource: javax.servlet.ServletContext context>;org.glassfish.hk2.utilities.reflection.ReflectionHelper.setField;1231;isAccessible=true;
Field.set*;<org.apache.kafka.trogdor.workload.SequentialPayloadGenerator: long startOffset>;com.fasterxml.jackson.databind.deser.impl.FieldProperty.set;190;isAccessible=true;
Field.set*;<org.glassfish.jersey.inject.hk2.ContextInjectionResolverImpl: org.glassfish.hk2.api.ServiceLocator serviceLocator>;org.glassfish.hk2.utilities.reflection.ReflectionHelper.setField;1231;isAccessible=true;
Field.set*;<org.glassfish.jersey.internal.JaxrsProviders: javax.inject.Provider mappers>;org.glassfish.hk2.utilities.reflection.ReflectionHelper.setField;1231;isAccessible=true;
Field.set*;<org.glassfish.jersey.internal.JaxrsProviders: javax.inject.Provider resolvers>;org.glassfish.hk2.utilities.reflection.ReflectionHelper.setField;1231;isAccessible=true;
Field.set*;<org.glassfish.jersey.internal.JaxrsProviders: javax.inject.Provider workers>;org.glassfish.hk2.utilities.reflection.ReflectionHelper.setField;1231;isAccessible=true;
Field.set*;<org.glassfish.jersey.server.internal.JsonWithPaddingInterceptor: javax.inject.Provider containerRequestProvider>;org.glassfish.hk2.utilities.reflection.ReflectionHelper.setField;1231;isAccessible=true;
Method.invoke;<com.fasterxml.jackson.annotation.JsonCreator$Mode: com.fasterxml.jackson.annotation.JsonCreator$Mode[] values()>;java.lang.Class.getEnumConstantsShared;;isAccessible=true;
Method.invoke;<com.fasterxml.jackson.annotation.JsonProperty$Access: com.fasterxml.jackson.annotation.JsonProperty$Access[] values()>;java.lang.Class.getEnumConstantsShared;;isAccessible=true;
Method.invoke;<com.fasterxml.jackson.annotation.JsonTypeInfo$As: com.fasterxml.jackson.annotation.JsonTypeInfo$As[] values()>;java.lang.Class.getEnumConstantsShared;;isAccessible=true;
Method.invoke;<com.fasterxml.jackson.annotation.JsonTypeInfo$Id: com.fasterxml.jackson.annotation.JsonTypeInfo$Id[] values()>;java.lang.Class.getEnumConstantsShared;;isAccessible=true;
Method.invoke;<com.fasterxml.jackson.databind.DeserializationFeature: com.fasterxml.jackson.databind.DeserializationFeature[] values()>;java.lang.Class.getEnumConstantsShared;;isAccessible=true;
Method.invoke;<com.fasterxml.jackson.databind.SerializationFeature: com.fasterxml.jackson.databind.SerializationFeature[] values()>;java.lang.Class.getEnumConstantsShared;;isAccessible=true;
Method.invoke;<com.sun.xml.bind.v2.ContextFactory: javax.xml.bind.JAXBContext createContext(java.lang.String,java.lang.ClassLoader,java.util.Map)>;javax.xml.bind.ContextFinder.newInstance;171;isAccessible=false;
Method.invoke;<com.sun.xml.bind.v2.model.nav.ReflectionNavigator: com.sun.xml.bind.v2.model.nav.ReflectionNavigator getInstance()>;com.sun.xml.bind.v2.model.impl.Utils.<clinit>;91;isAccessible=true;
Method.invoke;<java.lang.Long: java.lang.Long valueOf(java.lang.String)>;org.glassfish.jersey.server.internal.inject.PrimitiveValueOfExtractor.getValue;74;isAccessible=false;
Method.invoke;<java.lang.Thread: java.lang.ClassLoader getContextClassLoader()>;org.apache.log4j.helpers.Loader.getTCL;161;isAccessible=false;
Method.invoke;<java.lang.annotation.ElementType: java.lang.annotation.ElementType[] values()>;java.lang.Class.getEnumConstantsShared;;isAccessible=true;
Method.invoke;<java.lang.annotation.RetentionPolicy: java.lang.annotation.RetentionPolicy[] values()>;java.lang.Class.getEnumConstantsShared;;isAccessible=true;
Method.invoke;<java.lang.management.ManagementFactory: java.lang.management.RuntimeMXBean getRuntimeMXBean()>;org.eclipse.jetty.util.Uptime$DefaultImpl.<init>;54;isAccessible=false;
Method.invoke;<java.nio.file.attribute.PosixFilePermission: java.nio.file.attribute.PosixFilePermission[] values()>;java.lang.Class.getEnumConstantsShared;;isAccessible=true;
Method.invoke;<java.util.logging.LogManager: java.util.logging.LoggingMXBean getLoggingMXBean()>;sun.management.ManagementFactoryHelper$LoggingMXBeanAccess.getMXBeanImplementation;243;isAccessible=false;
Method.invoke;<javax.servlet.SessionTrackingMode: javax.servlet.SessionTrackingMode[] values()>;java.lang.Class.getEnumConstantsShared;;isAccessible=true;
Method.invoke;<javax.ws.rs.RuntimeType: javax.ws.rs.RuntimeType[] values()>;java.lang.Class.getEnumConstantsShared;;isAccessible=true;
Method.invoke;<javax.xml.bind.annotation.XmlNsForm: javax.xml.bind.annotation.XmlNsForm[] values()>;java.lang.Class.getEnumConstantsShared;;isAccessible=true;
Method.invoke;<org.apache.kafka.clients.ClientDnsLookup: org.apache.kafka.clients.ClientDnsLookup[] values()>;java.lang.Class.getEnumConstantsShared;;isAccessible=true;
Method.invoke;<org.apache.kafka.common.message.ApiMessageType$ListenerType: org.apache.kafka.common.message.ApiMessageType$ListenerType[] values()>;java.lang.Class.getEnumConstantsShared;;isAccessible=true;
Method.invoke;<org.apache.kafka.common.metrics.Sensor$RecordingLevel: org.apache.kafka.common.metrics.Sensor$RecordingLevel[] values()>;java.lang.Class.getEnumConstantsShared;;isAccessible=true;
Method.invoke;<org.apache.kafka.common.protocol.ApiKeys: org.apache.kafka.common.protocol.ApiKeys[] values()>;java.lang.Class.getEnumConstantsShared;;isAccessible=true;
Method.invoke;<org.apache.kafka.common.record.CompressionType: org.apache.kafka.common.record.CompressionType[] values()>;java.lang.Class.getEnumConstantsShared;;isAccessible=true;
Method.invoke;<org.apache.kafka.common.security.auth.SecurityProtocol: org.apache.kafka.common.security.auth.SecurityProtocol[] values()>;java.lang.Class.getEnumConstantsShared;;isAccessible=true;
Method.invoke;<org.apache.kafka.trogdor.agent.Agent: void main(java.lang.String[])>;org.dacapo.kafka.ClientRunner.runClient;;isAccessible=false;
Method.invoke;<org.apache.kafka.trogdor.task.TaskSpec: long durationMs()>;com.fasterxml.jackson.databind.ser.BeanPropertyWriter.serializeAsField;689;isAccessible=true;
Method.invoke;<org.apache.kafka.trogdor.task.TaskSpec: long startMs()>;com.fasterxml.jackson.databind.ser.BeanPropertyWriter.serializeAsField;689;isAccessible=true;
Method.invoke;<org.apache.kafka.trogdor.workload.ConstantPayloadGenerator: byte[] value()>;com.fasterxml.jackson.databind.ser.BeanPropertyWriter.serializeAsField;689;isAccessible=true;
Method.invoke;<org.apache.kafka.trogdor.workload.ConstantPayloadGenerator: int size()>;com.fasterxml.jackson.databind.ser.BeanPropertyWriter.serializeAsField;689;isAccessible=true;
Method.invoke;<org.apache.kafka.trogdor.workload.PartitionsSpec: int numPartitions()>;com.fasterxml.jackson.databind.ser.BeanPropertyWriter.serializeAsField;689;isAccessible=true;
Method.invoke;<org.apache.kafka.trogdor.workload.PartitionsSpec: java.util.Map configs()>;com.fasterxml.jackson.databind.ser.BeanPropertyWriter.serializeAsField;689;isAccessible=true;
Method.invoke;<org.apache.kafka.trogdor.workload.PartitionsSpec: java.util.Map partitionAssignments()>;com.fasterxml.jackson.databind.ser.BeanPropertyWriter.serializeAsField;689;isAccessible=true;
Method.invoke;<org.apache.kafka.trogdor.workload.PartitionsSpec: short replicationFactor()>;com.fasterxml.jackson.databind.ser.BeanPropertyWriter.serializeAsField;689;isAccessible=true;
Method.invoke;<org.apache.kafka.trogdor.workload.ProduceBenchSpec: boolean skipFlush()>;com.fasterxml.jackson.databind.ser.BeanPropertyWriter.serializeAsField;689;isAccessible=true;
Method.invoke;<org.apache.kafka.trogdor.workload.ProduceBenchSpec: boolean useConfiguredPartitioner()>;com.fasterxml.jackson.databind.ser.BeanPropertyWriter.serializeAsField;689;isAccessible=true;
Method.invoke;<org.apache.kafka.trogdor.workload.ProduceBenchSpec: int targetMessagesPerSec()>;com.fasterxml.jackson.databind.ser.BeanPropertyWriter.serializeAsField;689;isAccessible=true;
Method.invoke;<org.apache.kafka.trogdor.workload.ProduceBenchSpec: java.lang.String bootstrapServers()>;com.fasterxml.jackson.databind.ser.BeanPropertyWriter.serializeAsField;689;isAccessible=true;
Method.invoke;<org.apache.kafka.trogdor.workload.ProduceBenchSpec: java.lang.String producerNode()>;com.fasterxml.jackson.databind.ser.BeanPropertyWriter.serializeAsField;689;isAccessible=true;
Method.invoke;<org.apache.kafka.trogdor.workload.ProduceBenchSpec: java.util.Map adminClientConf()>;com.fasterxml.jackson.databind.ser.BeanPropertyWriter.serializeAsField;689;isAccessible=true;
Method.invoke;<org.apache.kafka.trogdor.workload.ProduceBenchSpec: java.util.Map commonClientConf()>;com.fasterxml.jackson.databind.ser.BeanPropertyWriter.serializeAsField;689;isAccessible=true;
Method.invoke;<org.apache.kafka.trogdor.workload.ProduceBenchSpec: java.util.Map producerConf()>;com.fasterxml.jackson.databind.ser.BeanPropertyWriter.serializeAsField;689;isAccessible=true;
Method.invoke;<org.apache.kafka.trogdor.workload.ProduceBenchSpec: java.util.Optional transactionGenerator()>;com.fasterxml.jackson.databind.ser.BeanPropertyWriter.serializeAsField;689;isAccessible=true;
Method.invoke;<org.apache.kafka.trogdor.workload.ProduceBenchSpec: long maxMessages()>;com.fasterxml.jackson.databind.ser.BeanPropertyWriter.serializeAsField;689;isAccessible=true;
Method.invoke;<org.apache.kafka.trogdor.workload.ProduceBenchSpec: org.apache.kafka.trogdor.workload.PayloadGenerator keyGenerator()>;com.fasterxml.jackson.databind.ser.BeanPropertyWriter.serializeAsField;689;isAccessible=true;
Method.invoke;<org.apache.kafka.trogdor.workload.ProduceBenchSpec: org.apache.kafka.trogdor.workload.PayloadGenerator valueGenerator()>;com.fasterxml.jackson.databind.ser.BeanPropertyWriter.serializeAsField;689;isAccessible=true;
Method.invoke;<org.apache.kafka.trogdor.workload.ProduceBenchSpec: org.apache.kafka.trogdor.workload.TopicsSpec activeTopics()>;com.fasterxml.jackson.databind.ser.BeanPropertyWriter.serializeAsField;689;isAccessible=true;
Method.invoke;<org.apache.kafka.trogdor.workload.ProduceBenchSpec: org.apache.kafka.trogdor.workload.TopicsSpec inactiveTopics()>;com.fasterxml.jackson.databind.ser.BeanPropertyWriter.serializeAsField;689;isAccessible=true;
Method.invoke;<org.apache.kafka.trogdor.workload.ProduceBenchWorker$StatusData: float averageLatencyMs()>;com.fasterxml.jackson.databind.ser.BeanPropertyWriter.serializeAsField;689;isAccessible=true;
Method.invoke;<org.apache.kafka.trogdor.workload.ProduceBenchWorker$StatusData: int p50LatencyMs()>;com.fasterxml.jackson.databind.ser.BeanPropertyWriter.serializeAsField;689;isAccessible=true;
Method.invoke;<org.apache.kafka.trogdor.workload.ProduceBenchWorker$StatusData: int p95LatencyMs()>;com.fasterxml.jackson.databind.ser.BeanPropertyWriter.serializeAsField;689;isAccessible=true;
Method.invoke;<org.apache.kafka.trogdor.workload.ProduceBenchWorker$StatusData: int p99LatencyMs()>;com.fasterxml.jackson.databind.ser.BeanPropertyWriter.serializeAsField;689;isAccessible=true;
Method.invoke;<org.apache.kafka.trogdor.workload.ProduceBenchWorker$StatusData: long totalSent()>;com.fasterxml.jackson.databind.ser.BeanPropertyWriter.serializeAsField;689;isAccessible=true;
Method.invoke;<org.apache.kafka.trogdor.workload.ProduceBenchWorker$StatusData: long transactionsCommitted()>;com.fasterxml.jackson.databind.ser.BeanPropertyWriter.serializeAsField;689;isAccessible=true;
Method.invoke;<org.apache.kafka.trogdor.workload.ProduceBenchWorker: void setTxCount(int)>;org.dacapo.kafka.ClientRunner.runClient;;isAccessible=false;
Method.invoke;<org.apache.kafka.trogdor.workload.SequentialPayloadGenerator: int size()>;com.fasterxml.jackson.databind.ser.BeanPropertyWriter.serializeAsField;689;isAccessible=true;
Method.invoke;<org.apache.kafka.trogdor.workload.SequentialPayloadGenerator: long startOffset()>;com.fasterxml.jackson.databind.ser.BeanPropertyWriter.serializeAsField;689;isAccessible=true;
Method.invoke;<org.apache.kafka.trogdor.workload.TopicsSpec: java.util.Map get()>;com.fasterxml.jackson.databind.introspect.AnnotatedMethod.getValue;178;isAccessible=true;
Method.invoke;<org.apache.kafka.trogdor.workload.TopicsSpec: void set(java.lang.String,org.apache.kafka.trogdor.workload.PartitionsSpec)>;com.fasterxml.jackson.databind.introspect.AnnotatedMethod.callOnWith;117;isAccessible=true;
Method.invoke;<org.apache.log4j.ConsoleAppender: void setTarget(java.lang.String)>;org.apache.log4j.config.PropertySetter.setProperty;228;isAccessible=false;
Method.invoke;<org.apache.log4j.PatternLayout: void setConversionPattern(java.lang.String)>;org.apache.log4j.config.PropertySetter.setProperty;228;isAccessible=false;
Method.invoke;<org.apache.zookeeper.KeeperException$Code: org.apache.zookeeper.KeeperException$Code[] values()>;java.lang.Class.getEnumConstantsShared;;isAccessible=true;
Method.invoke;<org.dacapo.harness.LatencyReporter: float endIdx(int)>;org.apache.kafka.trogdor.workload.ProduceBenchWorker$SendRecordsCallback.dacapoEnd;220;isAccessible=false;
Method.invoke;<org.dacapo.harness.LatencyReporter: int start(int)>;org.apache.kafka.trogdor.workload.ProduceBenchWorker$SendRecordsCallback.dacapoStart;207;isAccessible=false;
Method.invoke;<org.dacapo.harness.LatencyReporter: void requestsFinished()>;org.apache.kafka.trogdor.workload.ProduceBenchWorker.dacapoFinished;120;isAccessible=false;
Method.invoke;<org.dacapo.harness.LatencyReporter: void requestsStarting()>;org.apache.kafka.trogdor.workload.ProduceBenchWorker.dacapoStarting;110;isAccessible=false;
Method.invoke;<org.dacapo.harness.TestHarness: void main(java.lang.String[])>;Harness.main;39;isAccessible=false;
Method.invoke;<org.dacapo.kafka.Launcher: void launching()>;org.dacapo.harness.Kafka.prepare;46;isAccessible=false;
Method.invoke;<org.dacapo.kafka.Launcher: void performIteration()>;org.dacapo.harness.Kafka.iterate;53;isAccessible=false;
Method.invoke;<org.dacapo.kafka.Launcher: void shutdown()>;org.dacapo.harness.Kafka.postIteration;58;isAccessible=false;
Method.invoke;<org.eclipse.jetty.http.HttpComplianceSection: org.eclipse.jetty.http.HttpComplianceSection[] values()>;java.lang.Class.getEnumConstantsShared;;isAccessible=true;
Method.invoke;<org.eclipse.jetty.http.HttpHeader: org.eclipse.jetty.http.HttpHeader[] values()>;java.lang.Class.getEnumConstantsShared;;isAccessible=true;
Method.invoke;<org.eclipse.jetty.http.HttpURI$Violation: org.eclipse.jetty.http.HttpURI$Violation[] values()>;java.lang.Class.getEnumConstantsShared;;isAccessible=true;
Method.invoke;<org.glassfish.hk2.api.DescriptorVisibility: org.glassfish.hk2.api.DescriptorVisibility[] values()>;java.lang.Class.getEnumConstantsShared;;isAccessible=true;
Method.invoke;<org.glassfish.hk2.utilities.NamedImpl: java.lang.String value()>;org.glassfish.hk2.api.AnnotationLiteral.invoke;286;isAccessible=true;
Method.invoke;<org.glassfish.jersey.spi.ScheduledThreadPoolExecutorProvider: void preDestroy()>;org.glassfish.hk2.utilities.reflection.ReflectionHelper.invoke;1268;isAccessible=true;
Method.invoke;<org.glassfish.jersey.spi.ThreadPoolExecutorProvider: void preDestroy()>;org.glassfish.hk2.utilities.reflection.ReflectionHelper.invoke;1268;isAccessible=true;
Method.invoke;<sun.management.RuntimeImpl: long getUptime()>;org.eclipse.jetty.util.Uptime$DefaultImpl.getUptime;82;isAccessible=false;
Method.invoke;<sun.misc.Signal: sun.misc.SignalHandler handle(sun.misc.Signal,sun.misc.SignalHandler)>;org.apache.kafka.common.utils.LoggingSignalHandler.register;103;isAccessible=false;
