ClassLoader.loadClass;Harness;java.lang.Class.forName0;;jdk.internal.loader.ClassLoaders$AppClassLoader;jdk.internal.loader.ClassLoaders$AppClassLoader
ClassLoader.loadClass;com.google.gson.JsonElement;java.lang.Class.forName0;;org.dacapo.harness.DacapoClassLoader;org.dacapo.harness.DacapoClassLoader
ClassLoader.loadClass;com.google.gson.JsonObject;java.lang.Class.forName0;;org.dacapo.harness.DacapoClassLoader;org.dacapo.harness.DacapoClassLoader
ClassLoader.loadClass;com.jme3.anim.AnimComposer;java.lang.Class.getDeclaredMethods0;;org.dacapo.harness.DacapoClassLoader;org.dacapo.harness.DacapoClassLoader
ClassLoader.loadClass;com.jme3.anim.AnimTrack;java.lang.Class.forName0;;org.dacapo.harness.DacapoClassLoader;org.dacapo.harness.DacapoClassLoader
ClassLoader.loadClass;com.jme3.anim.AnimationMask;java.lang.Class.forName0;;org.dacapo.harness.DacapoClassLoader;org.dacapo.harness.DacapoClassLoader
ClassLoader.loadClass;com.jme3.anim.tween.Tween;java.lang.ClassLoader.defineClass1;;org.dacapo.harness.DacapoClassLoader;org.dacapo.harness.DacapoClassLoader
ClassLoader.loadClass;com.jme3.anim.tween.action.Action;java.lang.Class.forName0;;org.dacapo.harness.DacapoClassLoader;org.dacapo.harness.DacapoClassLoader
ClassLoader.loadClass;com.jme3.anim.tween.action.BaseAction;java.lang.Class.forName0;;org.dacapo.harness.DacapoClassLoader;org.dacapo.harness.DacapoClassLoader
ClassLoader.loadClass;com.jme3.anim.tween.action.BlendSpace;java.lang.Class.forName0;;org.dacapo.harness.DacapoClassLoader;org.dacapo.harness.DacapoClassLoader
ClassLoader.loadClass;com.jme3.anim.util.HasLocalTransform;java.lang.ClassLoader.defineClass1;;org.dacapo.harness.DacapoClassLoader;org.dacapo.harness.DacapoClassLoader
ClassLoader.loadClass;com.jme3.animation.Track;java.lang.Class.forName0;;org.dacapo.harness.DacapoClassLoader;org.dacapo.harness.DacapoClassLoader
ClassLoader.loadClass;com.jme3.app.Application;java.lang.ClassLoader.defineClass1;;org.dacapo.harness.DacapoClassLoader;org.dacapo.harness.DacapoClassLoader
ClassLoader.loadClass;com.jme3.app.DebugKeysAppState$DebugKeyListener;com.jme3.app.DebugKeysAppState.<init>;58;org.dacapo.harness.DacapoClassLoader;org.dacapo.harness.DacapoClassLoader
ClassLoader.loadClass;com.jme3.app.DebugKeysAppState;com.jme3.app.SimpleApplication.<init>;113;org.dacapo.harness.DacapoClassLoader;org.dacapo.harness.DacapoClassLoader
ClassLoader.loadClass;com.jme3.app.FlyCamAppState;com.jme3.app.SimpleApplication.<init>;113;org.dacapo.harness.DacapoClassLoader;org.dacapo.harness.DacapoClassLoader
ClassLoader.loadClass;com.jme3.app.LegacyApplication;java.lang.ClassLoader.defineClass1;;org.dacapo.harness.DacapoClassLoader;org.dacapo.harness.DacapoClassLoader
ClassLoader.loadClass;com.jme3.app.LostFocusBehavior;com.jme3.app.LegacyApplication.<init>;87;org.dacapo.harness.DacapoClassLoader;org.dacapo.harness.DacapoClassLoader
ClassLoader.loadClass;com.jme3.app.ResetStatsState;com.jme3.app.LegacyApplication.initStateManager;366;org.dacapo.harness.DacapoClassLoader;org.dacapo.harness.DacapoClassLoader
ClassLoader.loadClass;com.jme3.app.SettingsDialog$SelectionListener;java.lang.Class.forName0;;org.dacapo.harness.DacapoClassLoader;org.dacapo.harness.DacapoClassLoader
ClassLoader.loadClass;com.jme3.app.SimpleApplication$AppActionListener;com.jme3.app.SimpleApplication.<init>;90;org.dacapo.harness.DacapoClassLoader;org.dacapo.harness.DacapoClassLoader
ClassLoader.loadClass;com.jme3.app.SimpleApplication;java.lang.ClassLoader.defineClass1;;org.dacapo.harness.DacapoClassLoader;org.dacapo.harness.DacapoClassLoader
ClassLoader.loadClass;com.jme3.app.StatsAppState;com.jme3.app.SimpleApplication.<init>;113;org.dacapo.harness.DacapoClassLoader;org.dacapo.harness.DacapoClassLoader
ClassLoader.loadClass;com.jme3.app.StatsView;com.jme3.app.SimpleApplication.<init>;113;org.dacapo.harness.DacapoClassLoader;org.dacapo.harness.DacapoClassLoader
ClassLoader.loadClass;com.jme3.app.state.AbstractAppState;java.lang.ClassLoader.defineClass1;;org.dacapo.harness.DacapoClassLoader;org.dacapo.harness.DacapoClassLoader
ClassLoader.loadClass;com.jme3.app.state.AppState;java.lang.Class.forName0;;org.dacapo.harness.DacapoClassLoader;org.dacapo.harness.DacapoClassLoader
ClassLoader.loadClass;com.jme3.app.state.AppStateManager;com.jme3.app.LegacyApplication.initStateManager;362;org.dacapo.harness.DacapoClassLoader;org.dacapo.harness.DacapoClassLoader
ClassLoader.loadClass;com.jme3.app.state.BaseAppState;java.lang.ClassLoader.defineClass1;;org.dacapo.harness.DacapoClassLoader;org.dacapo.harness.DacapoClassLoader
ClassLoader.loadClass;com.jme3.app.state.ConstantVerifierState$1;com.jme3.app.state.ConstantVerifierState.checkValues;166;org.dacapo.harness.DacapoClassLoader;org.dacapo.harness.DacapoClassLoader
ClassLoader.loadClass;com.jme3.app.state.ConstantVerifierState$Checker;com.jme3.app.state.ConstantVerifierState.<clinit>;60;org.dacapo.harness.DacapoClassLoader;org.dacapo.harness.DacapoClassLoader
ClassLoader.loadClass;com.jme3.app.state.ConstantVerifierState$ErrorType;com.jme3.app.state.ConstantVerifierState.<init>;104;org.dacapo.harness.DacapoClassLoader;org.dacapo.harness.DacapoClassLoader
ClassLoader.loadClass;com.jme3.app.state.ConstantVerifierState;com.jme3.app.SimpleApplication.<init>;113;org.dacapo.harness.DacapoClassLoader;org.dacapo.harness.DacapoClassLoader
ClassLoader.loadClass;com.jme3.asset.AssetConfig;com.jme3.asset.DesktopAssetManager.loadConfigFile;96;org.dacapo.harness.DacapoClassLoader;org.dacapo.harness.DacapoClassLoader
ClassLoader.loadClass;com.jme3.asset.AssetInfo;java.lang.Class.forName0;;org.dacapo.harness.DacapoClassLoader;org.dacapo.harness.DacapoClassLoader
ClassLoader.loadClass;com.jme3.asset.AssetKey;java.lang.Class.forName0;;org.dacapo.harness.DacapoClassLoader;org.dacapo.harness.DacapoClassLoader
ClassLoader.loadClass;com.jme3.asset.AssetLoadException;com.jme3.system.JmeSystemDelegate.newAssetManager;127;org.dacapo.harness.DacapoClassLoader;org.dacapo.harness.DacapoClassLoader
ClassLoader.loadClass;com.jme3.asset.AssetLoader;java.lang.Class.forName0;;org.dacapo.harness.DacapoClassLoader;org.dacapo.harness.DacapoClassLoader
ClassLoader.loadClass;com.jme3.asset.AssetLocator;java.lang.ClassLoader.defineClass1;;org.dacapo.harness.DacapoClassLoader;org.dacapo.harness.DacapoClassLoader
ClassLoader.loadClass;com.jme3.asset.AssetManager;java.lang.Class.getDeclaredMethods0;;org.dacapo.harness.DacapoClassLoader;org.dacapo.harness.DacapoClassLoader
ClassLoader.loadClass;com.jme3.asset.AssetNotFoundException;java.lang.Class.forName0;;org.dacapo.harness.DacapoClassLoader;org.dacapo.harness.DacapoClassLoader
ClassLoader.loadClass;com.jme3.asset.AssetProcessor;java.lang.Class.forName0;;org.dacapo.harness.DacapoClassLoader;org.dacapo.harness.DacapoClassLoader
ClassLoader.loadClass;com.jme3.asset.CloneableSmartAsset;java.lang.ClassLoader.defineClass1;;org.dacapo.harness.DacapoClassLoader;org.dacapo.harness.DacapoClassLoader
ClassLoader.loadClass;com.jme3.asset.DesktopAssetManager;com.jme3.system.JmeSystemDelegate.newAssetManager;127;org.dacapo.harness.DacapoClassLoader;org.dacapo.harness.DacapoClassLoader
ClassLoader.loadClass;com.jme3.asset.FilterKey;com.jme3.system.JmeSystemDelegate.newAssetManager;127;org.dacapo.harness.DacapoClassLoader;org.dacapo.harness.DacapoClassLoader
ClassLoader.loadClass;com.jme3.asset.ImplHandler$ImplThreadLocal;com.jme3.asset.ImplHandler.addLocator;294;org.dacapo.harness.DacapoClassLoader;org.dacapo.harness.DacapoClassLoader
ClassLoader.loadClass;com.jme3.asset.ImplHandler;com.jme3.asset.DesktopAssetManager.<init>;71;org.dacapo.harness.DacapoClassLoader;org.dacapo.harness.DacapoClassLoader
ClassLoader.loadClass;com.jme3.asset.MaterialKey;java.lang.Class.forName0;;org.dacapo.harness.DacapoClassLoader;org.dacapo.harness.DacapoClassLoader
ClassLoader.loadClass;com.jme3.asset.ModelKey;java.lang.ClassLoader.defineClass1;;org.dacapo.harness.DacapoClassLoader;org.dacapo.harness.DacapoClassLoader
ClassLoader.loadClass;com.jme3.asset.StreamAssetInfo;com.jme3.system.JmeSystemDelegate.newAssetManager;127;org.dacapo.harness.DacapoClassLoader;org.dacapo.harness.DacapoClassLoader
ClassLoader.loadClass;com.jme3.asset.TextureKey;com.jme3.system.JmeSystemDelegate.newAssetManager;127;org.dacapo.harness.DacapoClassLoader;org.dacapo.harness.DacapoClassLoader
ClassLoader.loadClass;com.jme3.asset.cache.AssetCache;java.lang.Class.forName0;;org.dacapo.harness.DacapoClassLoader;org.dacapo.harness.DacapoClassLoader
ClassLoader.loadClass;com.jme3.asset.cache.SimpleAssetCache;com.jme3.asset.AssetKey.getCacheType;129;org.dacapo.harness.DacapoClassLoader;org.dacapo.harness.DacapoClassLoader
ClassLoader.loadClass;com.jme3.asset.cache.WeakRefAssetCache;com.jme3.asset.cache.WeakRefCloneAssetCache.<clinit>;55;org.dacapo.harness.DacapoClassLoader;org.dacapo.harness.DacapoClassLoader
ClassLoader.loadClass;com.jme3.asset.cache.WeakRefCloneAssetCache$1;java.lang.Class.getDeclaredConstructors0;;org.dacapo.harness.DacapoClassLoader;org.dacapo.harness.DacapoClassLoader
ClassLoader.loadClass;com.jme3.asset.cache.WeakRefCloneAssetCache$AssetRef;com.jme3.asset.cache.WeakRefCloneAssetCache.addToCache;140;org.dacapo.harness.DacapoClassLoader;org.dacapo.harness.DacapoClassLoader
ClassLoader.loadClass;com.jme3.asset.cache.WeakRefCloneAssetCache$KeyRef;com.jme3.asset.cache.WeakRefCloneAssetCache.addToCache;136;org.dacapo.harness.DacapoClassLoader;org.dacapo.harness.DacapoClassLoader
ClassLoader.loadClass;com.jme3.asset.cache.WeakRefCloneAssetCache;com.jme3.asset.TextureKey.getCacheType;102;org.dacapo.harness.DacapoClassLoader;org.dacapo.harness.DacapoClassLoader
ClassLoader.loadClass;com.jme3.asset.plugins.ClasspathLocator;java.lang.Class.forName0;;org.dacapo.harness.DacapoClassLoader;org.dacapo.harness.DacapoClassLoader
ClassLoader.loadClass;com.jme3.asset.plugins.UrlAssetInfo;java.lang.Class.forName0;;org.dacapo.harness.DacapoClassLoader;org.dacapo.harness.DacapoClassLoader
ClassLoader.loadClass;com.jme3.audio.AudioBuffer;java.lang.Class.forName0;;org.dacapo.harness.DacapoClassLoader;org.dacapo.harness.DacapoClassLoader
ClassLoader.loadClass;com.jme3.audio.AudioContext;com.jme3.app.LegacyApplication.update;775;org.dacapo.harness.DacapoClassLoader;org.dacapo.harness.DacapoClassLoader
ClassLoader.loadClass;com.jme3.audio.AudioData;java.lang.Class.forName0;;org.dacapo.harness.DacapoClassLoader;org.dacapo.harness.DacapoClassLoader
ClassLoader.loadClass;com.jme3.audio.AudioKey;java.lang.Class.forName0;;org.dacapo.harness.DacapoClassLoader;org.dacapo.harness.DacapoClassLoader
ClassLoader.loadClass;com.jme3.audio.AudioListenerState;com.jme3.app.SimpleApplication.<init>;113;org.dacapo.harness.DacapoClassLoader;org.dacapo.harness.DacapoClassLoader
ClassLoader.loadClass;com.jme3.audio.AudioNode;java.lang.Class.forName0;;org.dacapo.harness.DacapoClassLoader;org.dacapo.harness.DacapoClassLoader
ClassLoader.loadClass;com.jme3.audio.AudioRenderer;java.lang.Class.getDeclaredMethods0;;org.dacapo.harness.DacapoClassLoader;org.dacapo.harness.DacapoClassLoader
ClassLoader.loadClass;com.jme3.audio.AudioSource;java.lang.Class.forName0;;org.dacapo.harness.DacapoClassLoader;org.dacapo.harness.DacapoClassLoader
ClassLoader.loadClass;com.jme3.audio.AudioStream;java.lang.Class.forName0;;org.dacapo.harness.DacapoClassLoader;org.dacapo.harness.DacapoClassLoader
ClassLoader.loadClass;com.jme3.audio.Filter;java.lang.Class.forName0;;org.dacapo.harness.DacapoClassLoader;org.dacapo.harness.DacapoClassLoader
ClassLoader.loadClass;com.jme3.audio.Listener;java.lang.Class.getDeclaredMethods0;;org.dacapo.harness.DacapoClassLoader;org.dacapo.harness.DacapoClassLoader
ClassLoader.loadClass;com.jme3.audio.LowPassFilter;java.lang.Class.forName0;;org.dacapo.harness.DacapoClassLoader;org.dacapo.harness.DacapoClassLoader
ClassLoader.loadClass;com.jme3.audio.SeekableStream;java.lang.ClassLoader.defineClass1;;org.dacapo.harness.DacapoClassLoader;org.dacapo.harness.DacapoClassLoader
ClassLoader.loadClass;com.jme3.audio.plugins.OGGLoader$JOggInputStream;java.lang.ClassLoader.defineClass1;;org.dacapo.harness.DacapoClassLoader;org.dacapo.harness.DacapoClassLoader
ClassLoader.loadClass;com.jme3.audio.plugins.OGGLoader$SeekableJOggInputStream;java.lang.Class.forName0;;org.dacapo.harness.DacapoClassLoader;org.dacapo.harness.DacapoClassLoader
ClassLoader.loadClass;com.jme3.audio.plugins.OGGLoader;java.lang.Class.forName0;;org.dacapo.harness.DacapoClassLoader;org.dacapo.harness.DacapoClassLoader
ClassLoader.loadClass;com.jme3.audio.plugins.WAVLoader$ResettableInputStream;java.lang.Class.forName0;;org.dacapo.harness.DacapoClassLoader;org.dacapo.harness.DacapoClassLoader
ClassLoader.loadClass;com.jme3.audio.plugins.WAVLoader;java.lang.Class.forName0;;org.dacapo.harness.DacapoClassLoader;org.dacapo.harness.DacapoClassLoader
ClassLoader.loadClass;com.jme3.bounding.BoundingBox$1;com.jme3.bounding.BoundingBox.mergeLocal;436;org.dacapo.harness.DacapoClassLoader;org.dacapo.harness.DacapoClassLoader
ClassLoader.loadClass;com.jme3.bounding.BoundingBox;java.lang.Class.getDeclaredMethods0;;org.dacapo.harness.DacapoClassLoader;org.dacapo.harness.DacapoClassLoader
ClassLoader.loadClass;com.jme3.bounding.BoundingSphere;java.lang.Class.getDeclaredMethods0;;org.dacapo.harness.DacapoClassLoader;org.dacapo.harness.DacapoClassLoader
ClassLoader.loadClass;com.jme3.bounding.BoundingVolume$Type;com.jme3.bounding.BoundingBox$1.<clinit>;436;org.dacapo.harness.DacapoClassLoader;org.dacapo.harness.DacapoClassLoader
ClassLoader.loadClass;com.jme3.bounding.BoundingVolume;java.lang.ClassLoader.defineClass1;;org.dacapo.harness.DacapoClassLoader;org.dacapo.harness.DacapoClassLoader
ClassLoader.loadClass;com.jme3.bullet.BulletAppState;java.lang.Class.forName0;;org.dacapo.harness.DacapoClassLoader;org.dacapo.harness.DacapoClassLoader
ClassLoader.loadClass;com.jme3.bullet.PhysicsSpace;java.lang.Class.getDeclaredMethods0;;org.dacapo.harness.DacapoClassLoader;org.dacapo.harness.DacapoClassLoader
ClassLoader.loadClass;com.jme3.bullet.PhysicsTickListener;java.lang.ClassLoader.defineClass1;;org.dacapo.harness.DacapoClassLoader;org.dacapo.harness.DacapoClassLoader
ClassLoader.loadClass;com.jme3.bullet.animation.PhysicsLink;java.lang.Class.getDeclaredMethods0;;org.dacapo.harness.DacapoClassLoader;org.dacapo.harness.DacapoClassLoader
ClassLoader.loadClass;com.jme3.bullet.animation.RagdollCollisionListener;java.lang.ClassLoader.defineClass1;;org.dacapo.harness.DacapoClassLoader;org.dacapo.harness.DacapoClassLoader
ClassLoader.loadClass;com.jme3.bullet.collision.PhysicsCollisionEvent;java.lang.Class.getDeclaredMethods0;;org.dacapo.harness.DacapoClassLoader;org.dacapo.harness.DacapoClassLoader
ClassLoader.loadClass;com.jme3.bullet.collision.PhysicsCollisionListener;java.lang.ClassLoader.defineClass1;;org.dacapo.harness.DacapoClassLoader;org.dacapo.harness.DacapoClassLoader
ClassLoader.loadClass;com.jme3.bullet.collision.PhysicsCollisionObject;java.lang.ClassLoader.defineClass1;;org.dacapo.harness.DacapoClassLoader;org.dacapo.harness.DacapoClassLoader
ClassLoader.loadClass;com.jme3.bullet.collision.shapes.BoxCollisionShape;java.lang.Class.forName0;;org.dacapo.harness.DacapoClassLoader;org.dacapo.harness.DacapoClassLoader
ClassLoader.loadClass;com.jme3.bullet.collision.shapes.CapsuleCollisionShape;java.lang.Class.forName0;;org.dacapo.harness.DacapoClassLoader;org.dacapo.harness.DacapoClassLoader
ClassLoader.loadClass;com.jme3.bullet.collision.shapes.CollisionShape;java.lang.Class.forName0;;org.dacapo.harness.DacapoClassLoader;org.dacapo.harness.DacapoClassLoader
ClassLoader.loadClass;com.jme3.bullet.collision.shapes.CompoundCollisionShape;java.lang.Class.forName0;;org.dacapo.harness.DacapoClassLoader;org.dacapo.harness.DacapoClassLoader
ClassLoader.loadClass;com.jme3.bullet.collision.shapes.CylinderCollisionShape;java.lang.Class.forName0;;org.dacapo.harness.DacapoClassLoader;org.dacapo.harness.DacapoClassLoader
ClassLoader.loadClass;com.jme3.bullet.collision.shapes.GImpactCollisionShape;java.lang.Class.forName0;;org.dacapo.harness.DacapoClassLoader;org.dacapo.harness.DacapoClassLoader
ClassLoader.loadClass;com.jme3.bullet.collision.shapes.MeshCollisionShape;java.lang.Class.forName0;;org.dacapo.harness.DacapoClassLoader;org.dacapo.harness.DacapoClassLoader
ClassLoader.loadClass;com.jme3.bullet.collision.shapes.PlaneCollisionShape;java.lang.Class.forName0;;org.dacapo.harness.DacapoClassLoader;org.dacapo.harness.DacapoClassLoader
ClassLoader.loadClass;com.jme3.bullet.collision.shapes.SphereCollisionShape;java.lang.Class.forName0;;org.dacapo.harness.DacapoClassLoader;org.dacapo.harness.DacapoClassLoader
ClassLoader.loadClass;com.jme3.bullet.control.PhysicsControl;java.lang.ClassLoader.defineClass1;;org.dacapo.harness.DacapoClassLoader;org.dacapo.harness.DacapoClassLoader
ClassLoader.loadClass;com.jme3.bullet.control.RigidBodyControl;java.lang.Class.forName0;;org.dacapo.harness.DacapoClassLoader;org.dacapo.harness.DacapoClassLoader
ClassLoader.loadClass;com.jme3.bullet.control.VehicleControl;java.lang.Class.forName0;;org.dacapo.harness.DacapoClassLoader;org.dacapo.harness.DacapoClassLoader
ClassLoader.loadClass;com.jme3.bullet.joints.ConeJoint;java.lang.Class.forName0;;org.dacapo.harness.DacapoClassLoader;org.dacapo.harness.DacapoClassLoader
ClassLoader.loadClass;com.jme3.bullet.joints.PhysicsJoint;java.lang.Class.forName0;;org.dacapo.harness.DacapoClassLoader;org.dacapo.harness.DacapoClassLoader
ClassLoader.loadClass;com.jme3.bullet.objects.PhysicsRigidBody;java.lang.Class.forName0;;org.dacapo.harness.DacapoClassLoader;org.dacapo.harness.DacapoClassLoader
ClassLoader.loadClass;com.jme3.bullet.objects.PhysicsVehicle;java.lang.ClassLoader.defineClass1;;org.dacapo.harness.DacapoClassLoader;org.dacapo.harness.DacapoClassLoader
ClassLoader.loadClass;com.jme3.cinematic.MotionPathListener;java.lang.Class.forName0;;org.dacapo.harness.DacapoClassLoader;org.dacapo.harness.DacapoClassLoader
ClassLoader.loadClass;com.jme3.cinematic.events.CinematicEvent;java.lang.Class.forName0;;org.dacapo.harness.DacapoClassLoader;org.dacapo.harness.DacapoClassLoader
ClassLoader.loadClass;com.jme3.cinematic.events.CinematicEventListener;java.lang.Class.forName0;;org.dacapo.harness.DacapoClassLoader;org.dacapo.harness.DacapoClassLoader
ClassLoader.loadClass;com.jme3.collision.Collidable;java.lang.ClassLoader.defineClass1;;org.dacapo.harness.DacapoClassLoader;org.dacapo.harness.DacapoClassLoader
ClassLoader.loadClass;com.jme3.collision.CollisionResults;com.jme3.util.TempVars.<init>;226;org.dacapo.harness.DacapoClassLoader;org.dacapo.harness.DacapoClassLoader
ClassLoader.loadClass;com.jme3.collision.UnsupportedCollisionException;com.jme3.scene.Mesh.<init>;156;org.dacapo.harness.DacapoClassLoader;org.dacapo.harness.DacapoClassLoader
ClassLoader.loadClass;com.jme3.cursors.plugins.CursorLoader;java.lang.Class.forName0;;org.dacapo.harness.DacapoClassLoader;org.dacapo.harness.DacapoClassLoader
ClassLoader.loadClass;com.jme3.effect.ParticleEmitter;java.lang.Class.forName0;;org.dacapo.harness.DacapoClassLoader;org.dacapo.harness.DacapoClassLoader
ClassLoader.loadClass;com.jme3.effect.ParticleMesh$Type;jme3test.effect.TestExplosionEffect.<clinit>;59;org.dacapo.harness.DacapoClassLoader;org.dacapo.harness.DacapoClassLoader
ClassLoader.loadClass;com.jme3.effect.shapes.EmitterShape;java.lang.Class.forName0;;org.dacapo.harness.DacapoClassLoader;org.dacapo.harness.DacapoClassLoader
ClassLoader.loadClass;com.jme3.environment.generation.JobProgressListener;java.lang.Class.forName0;;org.dacapo.harness.DacapoClassLoader;org.dacapo.harness.DacapoClassLoader
ClassLoader.loadClass;com.jme3.export.JmeExporter;java.lang.Class.getDeclaredMethods0;;org.dacapo.harness.DacapoClassLoader;org.dacapo.harness.DacapoClassLoader
ClassLoader.loadClass;com.jme3.export.JmeImporter;java.lang.Class.getDeclaredMethods0;;org.dacapo.harness.DacapoClassLoader;org.dacapo.harness.DacapoClassLoader
ClassLoader.loadClass;com.jme3.export.Savable;java.lang.ClassLoader.defineClass1;;org.dacapo.harness.DacapoClassLoader;org.dacapo.harness.DacapoClassLoader
ClassLoader.loadClass;com.jme3.export.binary.BinaryLoader;java.lang.Class.forName0;;org.dacapo.harness.DacapoClassLoader;org.dacapo.harness.DacapoClassLoader
ClassLoader.loadClass;com.jme3.font.BitmapCharacter;com.jme3.font.plugins.BitmapFontLoader.load;122;org.dacapo.harness.DacapoClassLoader;org.dacapo.harness.DacapoClassLoader
ClassLoader.loadClass;com.jme3.font.BitmapCharacterSet;com.jme3.font.plugins.BitmapFontLoader.load;52;org.dacapo.harness.DacapoClassLoader;org.dacapo.harness.DacapoClassLoader
ClassLoader.loadClass;com.jme3.font.BitmapFont$Align;com.jme3.font.StringBlock.<init>;48;org.dacapo.harness.DacapoClassLoader;org.dacapo.harness.DacapoClassLoader
ClassLoader.loadClass;com.jme3.font.BitmapFont$VAlign;com.jme3.font.StringBlock.<init>;49;org.dacapo.harness.DacapoClassLoader;org.dacapo.harness.DacapoClassLoader
ClassLoader.loadClass;com.jme3.font.BitmapFont;java.lang.Class.getDeclaredMethods0;;org.dacapo.harness.DacapoClassLoader;org.dacapo.harness.DacapoClassLoader
ClassLoader.loadClass;com.jme3.font.BitmapText;java.lang.Class.forName0;;org.dacapo.harness.DacapoClassLoader;org.dacapo.harness.DacapoClassLoader
ClassLoader.loadClass;com.jme3.font.BitmapTextPage;com.jme3.app.StatsAppState.setFont;87;org.dacapo.harness.DacapoClassLoader;org.dacapo.harness.DacapoClassLoader
ClassLoader.loadClass;com.jme3.font.ColorTags;com.jme3.font.Letters.<init>;53;org.dacapo.harness.DacapoClassLoader;org.dacapo.harness.DacapoClassLoader
ClassLoader.loadClass;com.jme3.font.LetterQuad;com.jme3.font.Letters.<init>;62;org.dacapo.harness.DacapoClassLoader;org.dacapo.harness.DacapoClassLoader
ClassLoader.loadClass;com.jme3.font.Letters;com.jme3.font.BitmapText.<init>;82;org.dacapo.harness.DacapoClassLoader;org.dacapo.harness.DacapoClassLoader
ClassLoader.loadClass;com.jme3.font.LineWrapMode;com.jme3.font.StringBlock.<init>;54;org.dacapo.harness.DacapoClassLoader;org.dacapo.harness.DacapoClassLoader
ClassLoader.loadClass;com.jme3.font.Rectangle;com.jme3.font.LetterQuad.<clinit>;44;org.dacapo.harness.DacapoClassLoader;org.dacapo.harness.DacapoClassLoader
ClassLoader.loadClass;com.jme3.font.StringBlock;com.jme3.font.BitmapText.<init>;80;org.dacapo.harness.DacapoClassLoader;org.dacapo.harness.DacapoClassLoader
ClassLoader.loadClass;com.jme3.font.plugins.BitmapFontLoader;java.lang.Class.forName0;;org.dacapo.harness.DacapoClassLoader;org.dacapo.harness.DacapoClassLoader
ClassLoader.loadClass;com.jme3.input.FlyByCamera;java.lang.Class.getDeclaredMethods0;;org.dacapo.harness.DacapoClassLoader;org.dacapo.harness.DacapoClassLoader
ClassLoader.loadClass;com.jme3.input.Input;java.lang.ClassLoader.defineClass1;;org.dacapo.harness.DacapoClassLoader;org.dacapo.harness.DacapoClassLoader
ClassLoader.loadClass;com.jme3.input.InputManager$Mapping;com.jme3.input.InputManager.addMapping;576;org.dacapo.harness.DacapoClassLoader;org.dacapo.harness.DacapoClassLoader
ClassLoader.loadClass;com.jme3.input.InputManager;java.lang.Class.getDeclaredMethods0;;org.dacapo.harness.DacapoClassLoader;org.dacapo.harness.DacapoClassLoader
ClassLoader.loadClass;com.jme3.input.JoyInput;java.lang.Class.getDeclaredFields0;;org.dacapo.harness.DacapoClassLoader;org.dacapo.harness.DacapoClassLoader
ClassLoader.loadClass;com.jme3.input.KeyInput;com.jme3.system.JmeDesktopSystem.newContext;272;org.dacapo.harness.DacapoClassLoader;org.dacapo.harness.DacapoClassLoader
ClassLoader.loadClass;com.jme3.input.MouseInput;com.jme3.system.JmeDesktopSystem.newContext;272;org.dacapo.harness.DacapoClassLoader;org.dacapo.harness.DacapoClassLoader
ClassLoader.loadClass;com.jme3.input.RawInputListener;java.lang.Class.forName0;;org.dacapo.harness.DacapoClassLoader;org.dacapo.harness.DacapoClassLoader
ClassLoader.loadClass;com.jme3.input.TouchInput;java.lang.Class.getDeclaredFields0;;org.dacapo.harness.DacapoClassLoader;org.dacapo.harness.DacapoClassLoader
ClassLoader.loadClass;com.jme3.input.controls.ActionListener;java.lang.Class.forName0;;org.dacapo.harness.DacapoClassLoader;org.dacapo.harness.DacapoClassLoader
ClassLoader.loadClass;com.jme3.input.controls.AnalogListener;java.lang.ClassLoader.defineClass1;;org.dacapo.harness.DacapoClassLoader;org.dacapo.harness.DacapoClassLoader
ClassLoader.loadClass;com.jme3.input.controls.InputListener;java.lang.Class.forName0;;org.dacapo.harness.DacapoClassLoader;org.dacapo.harness.DacapoClassLoader
ClassLoader.loadClass;com.jme3.input.controls.KeyTrigger;com.jme3.app.SimpleApplication.initialize;250;org.dacapo.harness.DacapoClassLoader;org.dacapo.harness.DacapoClassLoader
ClassLoader.loadClass;com.jme3.input.controls.MouseAxisTrigger;com.jme3.input.FlyByCamera.registerWithInput;257;org.dacapo.harness.DacapoClassLoader;org.dacapo.harness.DacapoClassLoader
ClassLoader.loadClass;com.jme3.input.controls.MouseButtonTrigger;com.jme3.input.FlyByCamera.registerWithInput;272;org.dacapo.harness.DacapoClassLoader;org.dacapo.harness.DacapoClassLoader
ClassLoader.loadClass;com.jme3.input.controls.Trigger;com.jme3.app.SimpleApplication.initialize;250;org.dacapo.harness.DacapoClassLoader;org.dacapo.harness.DacapoClassLoader
ClassLoader.loadClass;com.jme3.input.dummy.DummyInput;java.lang.ClassLoader.defineClass1;;org.dacapo.harness.DacapoClassLoader;org.dacapo.harness.DacapoClassLoader
ClassLoader.loadClass;com.jme3.input.dummy.DummyKeyInput;com.jme3.system.NullContext.getKeyInput;191;org.dacapo.harness.DacapoClassLoader;org.dacapo.harness.DacapoClassLoader
ClassLoader.loadClass;com.jme3.input.dummy.DummyMouseInput;com.jme3.system.NullContext.getMouseInput;186;org.dacapo.harness.DacapoClassLoader;org.dacapo.harness.DacapoClassLoader
ClassLoader.loadClass;com.jme3.light.AmbientLight;java.lang.Class.forName0;;org.dacapo.harness.DacapoClassLoader;org.dacapo.harness.DacapoClassLoader
ClassLoader.loadClass;com.jme3.light.DefaultLightFilter;com.jme3.renderer.RenderManager.<init>;101;org.dacapo.harness.DacapoClassLoader;org.dacapo.harness.DacapoClassLoader
ClassLoader.loadClass;com.jme3.light.DirectionalLight;java.lang.Class.forName0;;org.dacapo.harness.DacapoClassLoader;org.dacapo.harness.DacapoClassLoader
ClassLoader.loadClass;com.jme3.light.Light;java.lang.Class.forName0;;org.dacapo.harness.DacapoClassLoader;org.dacapo.harness.DacapoClassLoader
ClassLoader.loadClass;com.jme3.light.LightFilter;com.jme3.app.LegacyApplication.initCamera;312;org.dacapo.harness.DacapoClassLoader;org.dacapo.harness.DacapoClassLoader
ClassLoader.loadClass;com.jme3.light.LightList$1;com.jme3.light.LightList.<clinit>;57;org.dacapo.harness.DacapoClassLoader;org.dacapo.harness.DacapoClassLoader
ClassLoader.loadClass;com.jme3.light.LightList;com.jme3.scene.Spatial.<init>;208;org.dacapo.harness.DacapoClassLoader;org.dacapo.harness.DacapoClassLoader
ClassLoader.loadClass;com.jme3.light.LightProbe;java.lang.Class.forName0;;org.dacapo.harness.DacapoClassLoader;org.dacapo.harness.DacapoClassLoader
ClassLoader.loadClass;com.jme3.light.LightProbeBlendingStrategy;com.jme3.renderer.RenderManager.<init>;101;org.dacapo.harness.DacapoClassLoader;org.dacapo.harness.DacapoClassLoader
ClassLoader.loadClass;com.jme3.light.PointLight;java.lang.Class.forName0;;org.dacapo.harness.DacapoClassLoader;org.dacapo.harness.DacapoClassLoader
ClassLoader.loadClass;com.jme3.light.SpotLight;java.lang.Class.forName0;;org.dacapo.harness.DacapoClassLoader;org.dacapo.harness.DacapoClassLoader
ClassLoader.loadClass;com.jme3.light.WeightedProbeBlendingStrategy;com.jme3.light.DefaultLightFilter.<init>;49;org.dacapo.harness.DacapoClassLoader;org.dacapo.harness.DacapoClassLoader
ClassLoader.loadClass;com.jme3.material.MatParam;java.lang.ClassLoader.defineClass1;;org.dacapo.harness.DacapoClassLoader;org.dacapo.harness.DacapoClassLoader
ClassLoader.loadClass;com.jme3.material.MatParamOverride;com.jme3.scene.Spatial.<init>;211;org.dacapo.harness.DacapoClassLoader;org.dacapo.harness.DacapoClassLoader
ClassLoader.loadClass;com.jme3.material.MatParamTexture;com.jme3.scene.plugins.gltf.GltfLoader.<clinit>;101;org.dacapo.harness.DacapoClassLoader;org.dacapo.harness.DacapoClassLoader
ClassLoader.loadClass;com.jme3.material.Material$1;com.jme3.material.Material.setTexture;600;org.dacapo.harness.DacapoClassLoader;org.dacapo.harness.DacapoClassLoader
ClassLoader.loadClass;com.jme3.material.Material;com.jme3.font.plugins.BitmapFontLoader.load;83;org.dacapo.harness.DacapoClassLoader;org.dacapo.harness.DacapoClassLoader
ClassLoader.loadClass;com.jme3.material.MaterialDef;com.jme3.material.plugins.J3MLoader.loadFromRoot;759;org.dacapo.harness.DacapoClassLoader;org.dacapo.harness.DacapoClassLoader
ClassLoader.loadClass;com.jme3.material.RenderState$BlendEquation;com.jme3.material.plugins.J3MLoader.readForcedRenderState;517;org.dacapo.harness.DacapoClassLoader;org.dacapo.harness.DacapoClassLoader
ClassLoader.loadClass;com.jme3.material.RenderState$BlendEquationAlpha;com.jme3.material.plugins.J3MLoader.readForcedRenderState;517;org.dacapo.harness.DacapoClassLoader;org.dacapo.harness.DacapoClassLoader
ClassLoader.loadClass;com.jme3.material.RenderState$BlendFunc;com.jme3.material.plugins.J3MLoader.readForcedRenderState;517;org.dacapo.harness.DacapoClassLoader;org.dacapo.harness.DacapoClassLoader
ClassLoader.loadClass;com.jme3.material.RenderState$BlendMode;com.jme3.material.plugins.J3MLoader.readForcedRenderState;517;org.dacapo.harness.DacapoClassLoader;org.dacapo.harness.DacapoClassLoader
ClassLoader.loadClass;com.jme3.material.RenderState$FaceCullMode;com.jme3.material.plugins.J3MLoader.readForcedRenderState;517;org.dacapo.harness.DacapoClassLoader;org.dacapo.harness.DacapoClassLoader
ClassLoader.loadClass;com.jme3.material.RenderState$StencilOperation;com.jme3.material.plugins.J3MLoader.readForcedRenderState;517;org.dacapo.harness.DacapoClassLoader;org.dacapo.harness.DacapoClassLoader
ClassLoader.loadClass;com.jme3.material.RenderState$TestFunction;com.jme3.material.plugins.J3MLoader.readForcedRenderState;517;org.dacapo.harness.DacapoClassLoader;org.dacapo.harness.DacapoClassLoader
ClassLoader.loadClass;com.jme3.material.RenderState;java.lang.Class.getDeclaredMethods0;;org.dacapo.harness.DacapoClassLoader;org.dacapo.harness.DacapoClassLoader
ClassLoader.loadClass;com.jme3.material.ShaderGenerationInfo;java.lang.Class.getDeclaredMethods0;;org.dacapo.harness.DacapoClassLoader;org.dacapo.harness.DacapoClassLoader
ClassLoader.loadClass;com.jme3.material.TechniqueDef$LightMode;com.jme3.renderer.RenderManager.<init>;102;org.dacapo.harness.DacapoClassLoader;org.dacapo.harness.DacapoClassLoader
ClassLoader.loadClass;com.jme3.material.TechniqueDef$LightSpace;java.lang.Class.getDeclaredMethods0;;org.dacapo.harness.DacapoClassLoader;org.dacapo.harness.DacapoClassLoader
ClassLoader.loadClass;com.jme3.material.TechniqueDef$ShadowMode;com.jme3.material.plugins.J3MLoader.readTechnique;634;org.dacapo.harness.DacapoClassLoader;org.dacapo.harness.DacapoClassLoader
ClassLoader.loadClass;com.jme3.material.TechniqueDef;com.jme3.material.plugins.J3MLoader.readTechnique;634;org.dacapo.harness.DacapoClassLoader;org.dacapo.harness.DacapoClassLoader
ClassLoader.loadClass;com.jme3.material.logic.DefaultTechniqueDefLogic;com.jme3.material.plugins.J3MLoader.readTechnique;644;org.dacapo.harness.DacapoClassLoader;org.dacapo.harness.DacapoClassLoader
ClassLoader.loadClass;com.jme3.material.logic.MultiPassLightingLogic;com.jme3.material.plugins.J3MLoader.readTechnique;647;org.dacapo.harness.DacapoClassLoader;org.dacapo.harness.DacapoClassLoader
ClassLoader.loadClass;com.jme3.material.logic.SinglePassLightingLogic;com.jme3.material.plugins.J3MLoader.readTechnique;650;org.dacapo.harness.DacapoClassLoader;org.dacapo.harness.DacapoClassLoader
ClassLoader.loadClass;com.jme3.material.logic.TechniqueDefLogic;java.lang.Class.forName0;;org.dacapo.harness.DacapoClassLoader;org.dacapo.harness.DacapoClassLoader
ClassLoader.loadClass;com.jme3.material.plugins.J3MLoader$1;com.jme3.material.plugins.J3MLoader.readValue;307;org.dacapo.harness.DacapoClassLoader;org.dacapo.harness.DacapoClassLoader
ClassLoader.loadClass;com.jme3.material.plugins.J3MLoader;java.lang.Class.forName0;;org.dacapo.harness.DacapoClassLoader;org.dacapo.harness.DacapoClassLoader
ClassLoader.loadClass;com.jme3.material.plugins.MatParseException;java.lang.Class.forName0;;org.dacapo.harness.DacapoClassLoader;org.dacapo.harness.DacapoClassLoader
ClassLoader.loadClass;com.jme3.material.plugins.ShaderNodeDefinitionLoader;java.lang.Class.forName0;;org.dacapo.harness.DacapoClassLoader;org.dacapo.harness.DacapoClassLoader
ClassLoader.loadClass;com.jme3.math.AbstractTriangle;java.lang.ClassLoader.defineClass1;;org.dacapo.harness.DacapoClassLoader;org.dacapo.harness.DacapoClassLoader
ClassLoader.loadClass;com.jme3.math.ColorRGBA;java.lang.Class.getDeclaredMethods0;;org.dacapo.harness.DacapoClassLoader;org.dacapo.harness.DacapoClassLoader
ClassLoader.loadClass;com.jme3.math.Eigen3f;com.jme3.util.TempVars.<init>;205;org.dacapo.harness.DacapoClassLoader;org.dacapo.harness.DacapoClassLoader
ClassLoader.loadClass;com.jme3.math.FastMath;com.jme3.math.Quaternion.fromRotationMatrix;421;org.dacapo.harness.DacapoClassLoader;org.dacapo.harness.DacapoClassLoader
ClassLoader.loadClass;com.jme3.math.Matrix3f;com.jme3.util.TempVars.<init>;194;org.dacapo.harness.DacapoClassLoader;org.dacapo.harness.DacapoClassLoader
ClassLoader.loadClass;com.jme3.math.Matrix4f;com.jme3.util.TempVars.<init>;195;org.dacapo.harness.DacapoClassLoader;org.dacapo.harness.DacapoClassLoader
ClassLoader.loadClass;com.jme3.math.Plane;com.jme3.util.TempVars.<init>;209;org.dacapo.harness.DacapoClassLoader;org.dacapo.harness.DacapoClassLoader
ClassLoader.loadClass;com.jme3.math.Quaternion;com.jme3.util.TempVars.<init>;200;org.dacapo.harness.DacapoClassLoader;org.dacapo.harness.DacapoClassLoader
ClassLoader.loadClass;com.jme3.math.Ray;com.jme3.terrain.geomipmap.picking.BresenhamTerrainPicker.<init>;64;org.dacapo.harness.DacapoClassLoader;org.dacapo.harness.DacapoClassLoader
ClassLoader.loadClass;com.jme3.math.Transform;com.jme3.scene.Spatial.<init>;205;org.dacapo.harness.DacapoClassLoader;org.dacapo.harness.DacapoClassLoader
ClassLoader.loadClass;com.jme3.math.Triangle;com.jme3.util.TempVars.<init>;162;org.dacapo.harness.DacapoClassLoader;org.dacapo.harness.DacapoClassLoader
ClassLoader.loadClass;com.jme3.math.Vector2f;com.jme3.util.TempVars.<init>;189;org.dacapo.harness.DacapoClassLoader;org.dacapo.harness.DacapoClassLoader
ClassLoader.loadClass;com.jme3.math.Vector3f;jme3test.app.TestTempVars.<clinit>;42;org.dacapo.harness.DacapoClassLoader;org.dacapo.harness.DacapoClassLoader
ClassLoader.loadClass;com.jme3.math.Vector4f;com.jme3.util.TempVars.<init>;181;org.dacapo.harness.DacapoClassLoader;org.dacapo.harness.DacapoClassLoader
ClassLoader.loadClass;com.jme3.network.ClientStateListener;java.lang.Class.forName0;;org.dacapo.harness.DacapoClassLoader;org.dacapo.harness.DacapoClassLoader
ClassLoader.loadClass;com.jme3.network.ConnectionListener;java.lang.Class.forName0;;org.dacapo.harness.DacapoClassLoader;org.dacapo.harness.DacapoClassLoader
ClassLoader.loadClass;com.jme3.network.ErrorListener;java.lang.Class.forName0;;org.dacapo.harness.DacapoClassLoader;org.dacapo.harness.DacapoClassLoader
ClassLoader.loadClass;com.jme3.network.HostedConnection;java.lang.Class.getDeclaredMethods0;;org.dacapo.harness.DacapoClassLoader;org.dacapo.harness.DacapoClassLoader
ClassLoader.loadClass;com.jme3.network.Message;java.lang.Class.forName0;;org.dacapo.harness.DacapoClassLoader;org.dacapo.harness.DacapoClassLoader
ClassLoader.loadClass;com.jme3.network.MessageConnection;java.lang.ClassLoader.defineClass1;;org.dacapo.harness.DacapoClassLoader;org.dacapo.harness.DacapoClassLoader
ClassLoader.loadClass;com.jme3.network.MessageListener;java.lang.Class.forName0;;org.dacapo.harness.DacapoClassLoader;org.dacapo.harness.DacapoClassLoader
ClassLoader.loadClass;com.jme3.network.Server;java.lang.Class.getDeclaredMethods0;;org.dacapo.harness.DacapoClassLoader;org.dacapo.harness.DacapoClassLoader
ClassLoader.loadClass;com.jme3.network.serializing.Serializer;java.lang.Class.forName0;;org.dacapo.harness.DacapoClassLoader;org.dacapo.harness.DacapoClassLoader
ClassLoader.loadClass;com.jme3.network.serializing.serializers.SavableSerializer;java.lang.Class.forName0;;org.dacapo.harness.DacapoClassLoader;org.dacapo.harness.DacapoClassLoader
ClassLoader.loadClass;com.jme3.opencl.DefaultPlatformChooser;com.jme3.system.AppSettings.<clinit>;292;org.dacapo.harness.DacapoClassLoader;org.dacapo.harness.DacapoClassLoader
ClassLoader.loadClass;com.jme3.opencl.OpenCLException;java.lang.Class.forName0;;org.dacapo.harness.DacapoClassLoader;org.dacapo.harness.DacapoClassLoader
ClassLoader.loadClass;com.jme3.opencl.PlatformChooser;java.lang.ClassLoader.defineClass1;;org.dacapo.harness.DacapoClassLoader;org.dacapo.harness.DacapoClassLoader
ClassLoader.loadClass;com.jme3.post.Filter;java.lang.Class.forName0;;org.dacapo.harness.DacapoClassLoader;org.dacapo.harness.DacapoClassLoader
ClassLoader.loadClass;com.jme3.post.FilterPostProcessor;jme3test.water.TestMultiPostWater.simpleInitApp;111;org.dacapo.harness.DacapoClassLoader;org.dacapo.harness.DacapoClassLoader
ClassLoader.loadClass;com.jme3.post.SceneProcessor;java.lang.Class.forName0;;org.dacapo.harness.DacapoClassLoader;org.dacapo.harness.DacapoClassLoader
ClassLoader.loadClass;com.jme3.post.filters.BloomFilter;java.lang.Class.forName0;;org.dacapo.harness.DacapoClassLoader;org.dacapo.harness.DacapoClassLoader
ClassLoader.loadClass;com.jme3.post.filters.CartoonEdgeFilter;java.lang.Class.forName0;;org.dacapo.harness.DacapoClassLoader;org.dacapo.harness.DacapoClassLoader
ClassLoader.loadClass;com.jme3.post.filters.ColorOverlayFilter;java.lang.Class.forName0;;org.dacapo.harness.DacapoClassLoader;org.dacapo.harness.DacapoClassLoader
ClassLoader.loadClass;com.jme3.post.filters.ComposeFilter;java.lang.Class.forName0;;org.dacapo.harness.DacapoClassLoader;org.dacapo.harness.DacapoClassLoader
ClassLoader.loadClass;com.jme3.post.filters.ContrastAdjustmentFilter;java.lang.Class.forName0;;org.dacapo.harness.DacapoClassLoader;org.dacapo.harness.DacapoClassLoader
ClassLoader.loadClass;com.jme3.post.filters.CrossHatchFilter;java.lang.Class.forName0;;org.dacapo.harness.DacapoClassLoader;org.dacapo.harness.DacapoClassLoader
ClassLoader.loadClass;com.jme3.post.filters.DepthOfFieldFilter;java.lang.Class.forName0;;org.dacapo.harness.DacapoClassLoader;org.dacapo.harness.DacapoClassLoader
ClassLoader.loadClass;com.jme3.post.filters.FXAAFilter;java.lang.Class.forName0;;org.dacapo.harness.DacapoClassLoader;org.dacapo.harness.DacapoClassLoader
ClassLoader.loadClass;com.jme3.post.filters.FadeFilter;java.lang.Class.forName0;;org.dacapo.harness.DacapoClassLoader;org.dacapo.harness.DacapoClassLoader
ClassLoader.loadClass;com.jme3.post.filters.FogFilter;java.lang.Class.forName0;;org.dacapo.harness.DacapoClassLoader;org.dacapo.harness.DacapoClassLoader
ClassLoader.loadClass;com.jme3.post.filters.LightScatteringFilter;java.lang.Class.forName0;;org.dacapo.harness.DacapoClassLoader;org.dacapo.harness.DacapoClassLoader
ClassLoader.loadClass;com.jme3.post.filters.PosterizationFilter;java.lang.Class.forName0;;org.dacapo.harness.DacapoClassLoader;org.dacapo.harness.DacapoClassLoader
ClassLoader.loadClass;com.jme3.post.filters.RadialBlurFilter;java.lang.Class.forName0;;org.dacapo.harness.DacapoClassLoader;org.dacapo.harness.DacapoClassLoader
ClassLoader.loadClass;com.jme3.post.filters.ToneMapFilter;java.lang.Class.forName0;;org.dacapo.harness.DacapoClassLoader;org.dacapo.harness.DacapoClassLoader
ClassLoader.loadClass;com.jme3.post.filters.TranslucentBucketFilter;java.lang.Class.forName0;;org.dacapo.harness.DacapoClassLoader;org.dacapo.harness.DacapoClassLoader
ClassLoader.loadClass;com.jme3.post.ssao.SSAOFilter;java.lang.Class.forName0;;org.dacapo.harness.DacapoClassLoader;org.dacapo.harness.DacapoClassLoader
ClassLoader.loadClass;com.jme3.profile.AppProfiler;java.lang.Class.forName0;;org.dacapo.harness.DacapoClassLoader;org.dacapo.harness.DacapoClassLoader
ClassLoader.loadClass;com.jme3.renderer.Camera$FrustumIntersect;com.jme3.scene.Spatial.<init>;149;org.dacapo.harness.DacapoClassLoader;org.dacapo.harness.DacapoClassLoader
ClassLoader.loadClass;com.jme3.renderer.Camera;java.lang.Class.getDeclaredMethods0;;org.dacapo.harness.DacapoClassLoader;org.dacapo.harness.DacapoClassLoader
ClassLoader.loadClass;com.jme3.renderer.Caps;com.jme3.system.NullRenderer.<init>;58;org.dacapo.harness.DacapoClassLoader;org.dacapo.harness.DacapoClassLoader
ClassLoader.loadClass;com.jme3.renderer.IDList;jme3test.app.TestIDList.<clinit>;77;org.dacapo.harness.DacapoClassLoader;org.dacapo.harness.DacapoClassLoader
ClassLoader.loadClass;com.jme3.renderer.Limits;com.jme3.system.NullContext.initInThread;92;org.dacapo.harness.DacapoClassLoader;org.dacapo.harness.DacapoClassLoader
ClassLoader.loadClass;com.jme3.renderer.RenderManager;java.lang.Class.getDeclaredMethods0;;org.dacapo.harness.DacapoClassLoader;org.dacapo.harness.DacapoClassLoader
ClassLoader.loadClass;com.jme3.renderer.Renderer;java.lang.Class.getDeclaredMethods0;;org.dacapo.harness.DacapoClassLoader;org.dacapo.harness.DacapoClassLoader
ClassLoader.loadClass;com.jme3.renderer.Statistics;com.jme3.system.NullRenderer.<init>;60;org.dacapo.harness.DacapoClassLoader;org.dacapo.harness.DacapoClassLoader
ClassLoader.loadClass;com.jme3.renderer.TextureUnitException;com.jme3.font.plugins.BitmapFontLoader.load;109;org.dacapo.harness.DacapoClassLoader;org.dacapo.harness.DacapoClassLoader
ClassLoader.loadClass;com.jme3.renderer.ViewPort;java.lang.Class.getDeclaredMethods0;;org.dacapo.harness.DacapoClassLoader;org.dacapo.harness.DacapoClassLoader
ClassLoader.loadClass;com.jme3.renderer.opengl.GL;java.lang.Class.forName0;;org.dacapo.harness.DacapoClassLoader;org.dacapo.harness.DacapoClassLoader
ClassLoader.loadClass;com.jme3.renderer.opengl.GLExt;java.lang.Class.forName0;;org.dacapo.harness.DacapoClassLoader;org.dacapo.harness.DacapoClassLoader
ClassLoader.loadClass;com.jme3.renderer.opengl.GLFbo;java.lang.Class.forName0;;org.dacapo.harness.DacapoClassLoader;org.dacapo.harness.DacapoClassLoader
ClassLoader.loadClass;com.jme3.renderer.queue.GeometryComparator;com.jme3.renderer.ViewPort.<init>;78;org.dacapo.harness.DacapoClassLoader;org.dacapo.harness.DacapoClassLoader
ClassLoader.loadClass;com.jme3.renderer.queue.GeometryList;com.jme3.renderer.queue.RenderQueue.<init>;59;org.dacapo.harness.DacapoClassLoader;org.dacapo.harness.DacapoClassLoader
ClassLoader.loadClass;com.jme3.renderer.queue.GuiComparator;com.jme3.renderer.queue.RenderQueue.<init>;60;org.dacapo.harness.DacapoClassLoader;org.dacapo.harness.DacapoClassLoader
ClassLoader.loadClass;com.jme3.renderer.queue.NullComparator;com.jme3.renderer.queue.RenderQueue.<init>;63;org.dacapo.harness.DacapoClassLoader;org.dacapo.harness.DacapoClassLoader
ClassLoader.loadClass;com.jme3.renderer.queue.OpaqueComparator;com.jme3.renderer.queue.RenderQueue.<init>;59;org.dacapo.harness.DacapoClassLoader;org.dacapo.harness.DacapoClassLoader
ClassLoader.loadClass;com.jme3.renderer.queue.RenderQueue$Bucket;com.jme3.app.SimpleApplication.<init>;84;org.dacapo.harness.DacapoClassLoader;org.dacapo.harness.DacapoClassLoader
ClassLoader.loadClass;com.jme3.renderer.queue.RenderQueue$ShadowMode;com.jme3.app.SimpleApplication.<init>;84;org.dacapo.harness.DacapoClassLoader;org.dacapo.harness.DacapoClassLoader
ClassLoader.loadClass;com.jme3.renderer.queue.RenderQueue;java.lang.Class.getDeclaredMethods0;;org.dacapo.harness.DacapoClassLoader;org.dacapo.harness.DacapoClassLoader
ClassLoader.loadClass;com.jme3.renderer.queue.TransparentComparator;com.jme3.renderer.queue.RenderQueue.<init>;61;org.dacapo.harness.DacapoClassLoader;org.dacapo.harness.DacapoClassLoader
ClassLoader.loadClass;com.jme3.scene.AssetLinkNode;java.lang.Class.forName0;;org.dacapo.harness.DacapoClassLoader;org.dacapo.harness.DacapoClassLoader
ClassLoader.loadClass;com.jme3.scene.BatchNode;java.lang.Class.forName0;;org.dacapo.harness.DacapoClassLoader;org.dacapo.harness.DacapoClassLoader
ClassLoader.loadClass;com.jme3.scene.CameraNode;java.lang.Class.forName0;;org.dacapo.harness.DacapoClassLoader;org.dacapo.harness.DacapoClassLoader
ClassLoader.loadClass;com.jme3.scene.CollisionData;jme3test.scene.TestSceneStress.<clinit>;62;org.dacapo.harness.DacapoClassLoader;org.dacapo.harness.DacapoClassLoader
ClassLoader.loadClass;com.jme3.scene.Geometry;java.lang.Class.forName0;;org.dacapo.harness.DacapoClassLoader;org.dacapo.harness.DacapoClassLoader
ClassLoader.loadClass;com.jme3.scene.GeometryGroupNode;java.lang.ClassLoader.defineClass1;;org.dacapo.harness.DacapoClassLoader;org.dacapo.harness.DacapoClassLoader
ClassLoader.loadClass;com.jme3.scene.Mesh$1;com.jme3.scene.Mesh.computeNumElements;771;org.dacapo.harness.DacapoClassLoader;org.dacapo.harness.DacapoClassLoader
ClassLoader.loadClass;com.jme3.scene.Mesh$Mode;jme3test.scene.TestSceneStress.<clinit>;62;org.dacapo.harness.DacapoClassLoader;org.dacapo.harness.DacapoClassLoader
ClassLoader.loadClass;com.jme3.scene.Mesh;java.lang.Class.forName0;;org.dacapo.harness.DacapoClassLoader;org.dacapo.harness.DacapoClassLoader
ClassLoader.loadClass;com.jme3.scene.Node;java.lang.Class.forName0;;org.dacapo.harness.DacapoClassLoader;org.dacapo.harness.DacapoClassLoader
ClassLoader.loadClass;com.jme3.scene.SimpleBatchNode;java.lang.Class.forName0;;org.dacapo.harness.DacapoClassLoader;org.dacapo.harness.DacapoClassLoader
ClassLoader.loadClass;com.jme3.scene.Spatial$BatchHint;com.jme3.app.SimpleApplication.<init>;84;org.dacapo.harness.DacapoClassLoader;org.dacapo.harness.DacapoClassLoader
ClassLoader.loadClass;com.jme3.scene.Spatial$CullHint;com.jme3.app.SimpleApplication.<init>;84;org.dacapo.harness.DacapoClassLoader;org.dacapo.harness.DacapoClassLoader
ClassLoader.loadClass;com.jme3.scene.Spatial;java.lang.Class.forName0;;org.dacapo.harness.DacapoClassLoader;org.dacapo.harness.DacapoClassLoader
ClassLoader.loadClass;com.jme3.scene.VertexBuffer$Format;com.jme3.scene.Mesh.setBuffer;1111;org.dacapo.harness.DacapoClassLoader;org.dacapo.harness.DacapoClassLoader
ClassLoader.loadClass;com.jme3.scene.VertexBuffer$Type;com.jme3.scene.shape.Box.doUpdateGeometryVertices;181;org.dacapo.harness.DacapoClassLoader;org.dacapo.harness.DacapoClassLoader
ClassLoader.loadClass;com.jme3.scene.VertexBuffer$Usage;com.jme3.scene.Mesh.setBuffer;1086;org.dacapo.harness.DacapoClassLoader;org.dacapo.harness.DacapoClassLoader
ClassLoader.loadClass;com.jme3.scene.VertexBuffer;com.jme3.scene.Mesh.<init>;160;org.dacapo.harness.DacapoClassLoader;org.dacapo.harness.DacapoClassLoader
ClassLoader.loadClass;com.jme3.scene.control.AbstractControl;java.lang.ClassLoader.defineClass1;;org.dacapo.harness.DacapoClassLoader;org.dacapo.harness.DacapoClassLoader
ClassLoader.loadClass;com.jme3.scene.control.Control;java.lang.Class.forName0;;org.dacapo.harness.DacapoClassLoader;org.dacapo.harness.DacapoClassLoader
ClassLoader.loadClass;com.jme3.scene.debug.Arrow;java.lang.Class.forName0;;org.dacapo.harness.DacapoClassLoader;org.dacapo.harness.DacapoClassLoader
ClassLoader.loadClass;com.jme3.scene.debug.Grid;java.lang.Class.forName0;;org.dacapo.harness.DacapoClassLoader;org.dacapo.harness.DacapoClassLoader
ClassLoader.loadClass;com.jme3.scene.debug.WireBox;java.lang.Class.forName0;;org.dacapo.harness.DacapoClassLoader;org.dacapo.harness.DacapoClassLoader
ClassLoader.loadClass;com.jme3.scene.debug.WireFrustum;java.lang.Class.forName0;;org.dacapo.harness.DacapoClassLoader;org.dacapo.harness.DacapoClassLoader
ClassLoader.loadClass;com.jme3.scene.debug.WireSphere;java.lang.Class.forName0;;org.dacapo.harness.DacapoClassLoader;org.dacapo.harness.DacapoClassLoader
ClassLoader.loadClass;com.jme3.scene.debug.custom.ArmatureDebugger;java.lang.Class.forName0;;org.dacapo.harness.DacapoClassLoader;org.dacapo.harness.DacapoClassLoader
ClassLoader.loadClass;com.jme3.scene.instancing.InstancedNode;java.lang.Class.forName0;;org.dacapo.harness.DacapoClassLoader;org.dacapo.harness.DacapoClassLoader
ClassLoader.loadClass;com.jme3.scene.mesh.IndexBuffer;jme3test.scene.TestSceneStress.<clinit>;62;org.dacapo.harness.DacapoClassLoader;org.dacapo.harness.DacapoClassLoader
ClassLoader.loadClass;com.jme3.scene.mesh.IndexByteBuffer;com.jme3.terrain.geomipmap.LODGeomap.writeIndexArrayLodDiff;170;org.dacapo.harness.DacapoClassLoader;org.dacapo.harness.DacapoClassLoader
ClassLoader.loadClass;com.jme3.scene.mesh.IndexIntBuffer;jme3test.scene.TestSceneStress.<clinit>;62;org.dacapo.harness.DacapoClassLoader;org.dacapo.harness.DacapoClassLoader
ClassLoader.loadClass;com.jme3.scene.mesh.IndexShortBuffer;jme3test.scene.TestSceneStress.<clinit>;62;org.dacapo.harness.DacapoClassLoader;org.dacapo.harness.DacapoClassLoader
ClassLoader.loadClass;com.jme3.scene.mesh.VirtualIndexBuffer;java.lang.ClassLoader.defineClass1;;org.dacapo.harness.DacapoClassLoader;org.dacapo.harness.DacapoClassLoader
ClassLoader.loadClass;com.jme3.scene.mesh.WrappedIndexBuffer;jme3test.scene.TestSceneStress.<clinit>;62;org.dacapo.harness.DacapoClassLoader;org.dacapo.harness.DacapoClassLoader
ClassLoader.loadClass;com.jme3.scene.plugins.MTLLoader;java.lang.Class.forName0;;org.dacapo.harness.DacapoClassLoader;org.dacapo.harness.DacapoClassLoader
ClassLoader.loadClass;com.jme3.scene.plugins.OBJLoader;java.lang.Class.forName0;;org.dacapo.harness.DacapoClassLoader;org.dacapo.harness.DacapoClassLoader
ClassLoader.loadClass;com.jme3.scene.plugins.fbx.FbxLoader;java.lang.Class.forName0;;org.dacapo.harness.DacapoClassLoader;org.dacapo.harness.DacapoClassLoader
ClassLoader.loadClass;com.jme3.scene.plugins.gltf.BinDataKey;java.lang.Class.forName0;;org.dacapo.harness.DacapoClassLoader;org.dacapo.harness.DacapoClassLoader
ClassLoader.loadClass;com.jme3.scene.plugins.gltf.BinLoader;java.lang.Class.forName0;;org.dacapo.harness.DacapoClassLoader;org.dacapo.harness.DacapoClassLoader
ClassLoader.loadClass;com.jme3.scene.plugins.gltf.GlbLoader;java.lang.Class.forName0;;org.dacapo.harness.DacapoClassLoader;org.dacapo.harness.DacapoClassLoader
ClassLoader.loadClass;com.jme3.scene.plugins.gltf.GltfLoader$Populator;java.lang.Class.forName0;;org.dacapo.harness.DacapoClassLoader;org.dacapo.harness.DacapoClassLoader
ClassLoader.loadClass;com.jme3.scene.plugins.gltf.GltfLoader;java.lang.Class.forName0;;org.dacapo.harness.DacapoClassLoader;org.dacapo.harness.DacapoClassLoader
ClassLoader.loadClass;com.jme3.scene.plugins.gltf.GltfModelKey;java.lang.Class.forName0;;org.dacapo.harness.DacapoClassLoader;org.dacapo.harness.DacapoClassLoader
ClassLoader.loadClass;com.jme3.scene.plugins.gltf.MaterialAdapter;java.lang.ClassLoader.defineClass1;;org.dacapo.harness.DacapoClassLoader;org.dacapo.harness.DacapoClassLoader
ClassLoader.loadClass;com.jme3.scene.plugins.gltf.PBRMaterialAdapter;java.lang.ClassLoader.defineClass1;;org.dacapo.harness.DacapoClassLoader;org.dacapo.harness.DacapoClassLoader
ClassLoader.loadClass;com.jme3.scene.plugins.gltf.PBRMetalRoughMaterialAdapter;com.jme3.scene.plugins.gltf.GltfLoader.<clinit>;101;org.dacapo.harness.DacapoClassLoader;org.dacapo.harness.DacapoClassLoader
ClassLoader.loadClass;com.jme3.scene.plugins.ogre.MaterialLoader;java.lang.Class.forName0;;org.dacapo.harness.DacapoClassLoader;org.dacapo.harness.DacapoClassLoader
ClassLoader.loadClass;com.jme3.scene.plugins.ogre.MeshLoader;java.lang.Class.forName0;;org.dacapo.harness.DacapoClassLoader;org.dacapo.harness.DacapoClassLoader
ClassLoader.loadClass;com.jme3.scene.plugins.ogre.OgreMeshKey;java.lang.Class.forName0;;org.dacapo.harness.DacapoClassLoader;org.dacapo.harness.DacapoClassLoader
ClassLoader.loadClass;com.jme3.scene.plugins.ogre.SceneLoader;com.jme3.scene.plugins.ogre.SkeletonLoader.<clinit>;52;org.dacapo.harness.DacapoClassLoader;org.dacapo.harness.DacapoClassLoader
ClassLoader.loadClass;com.jme3.scene.plugins.ogre.SkeletonLoader;java.lang.Class.forName0;;org.dacapo.harness.DacapoClassLoader;org.dacapo.harness.DacapoClassLoader
ClassLoader.loadClass;com.jme3.scene.plugins.ogre.matext.OgreMaterialKey;java.lang.Class.forName0;;org.dacapo.harness.DacapoClassLoader;org.dacapo.harness.DacapoClassLoader
ClassLoader.loadClass;com.jme3.scene.shape.AbstractBox;java.lang.ClassLoader.defineClass1;;org.dacapo.harness.DacapoClassLoader;org.dacapo.harness.DacapoClassLoader
ClassLoader.loadClass;com.jme3.scene.shape.Box;java.lang.Class.forName0;;org.dacapo.harness.DacapoClassLoader;org.dacapo.harness.DacapoClassLoader
ClassLoader.loadClass;com.jme3.scene.shape.Cylinder;java.lang.Class.forName0;;org.dacapo.harness.DacapoClassLoader;org.dacapo.harness.DacapoClassLoader
ClassLoader.loadClass;com.jme3.scene.shape.Dome;java.lang.Class.forName0;;org.dacapo.harness.DacapoClassLoader;org.dacapo.harness.DacapoClassLoader
ClassLoader.loadClass;com.jme3.scene.shape.Line;java.lang.Class.forName0;;org.dacapo.harness.DacapoClassLoader;org.dacapo.harness.DacapoClassLoader
ClassLoader.loadClass;com.jme3.scene.shape.PQTorus;java.lang.Class.forName0;;org.dacapo.harness.DacapoClassLoader;org.dacapo.harness.DacapoClassLoader
ClassLoader.loadClass;com.jme3.scene.shape.Quad;java.lang.Class.forName0;;org.dacapo.harness.DacapoClassLoader;org.dacapo.harness.DacapoClassLoader
ClassLoader.loadClass;com.jme3.scene.shape.RectangleMesh;java.lang.Class.forName0;;org.dacapo.harness.DacapoClassLoader;org.dacapo.harness.DacapoClassLoader
ClassLoader.loadClass;com.jme3.scene.shape.Sphere$TextureMode;com.jme3.util.SkyFactory.createSky;191;org.dacapo.harness.DacapoClassLoader;org.dacapo.harness.DacapoClassLoader
ClassLoader.loadClass;com.jme3.scene.shape.Sphere;java.lang.Class.forName0;;org.dacapo.harness.DacapoClassLoader;org.dacapo.harness.DacapoClassLoader
ClassLoader.loadClass;com.jme3.scene.shape.Torus;java.lang.Class.forName0;;org.dacapo.harness.DacapoClassLoader;org.dacapo.harness.DacapoClassLoader
ClassLoader.loadClass;com.jme3.shader.DefineList;com.jme3.material.plugins.J3MLoader.createShaderPrologue;610;org.dacapo.harness.DacapoClassLoader;org.dacapo.harness.DacapoClassLoader
ClassLoader.loadClass;com.jme3.shader.Glsl100ShaderGenerator;java.lang.ClassLoader.defineClass1;;org.dacapo.harness.DacapoClassLoader;org.dacapo.harness.DacapoClassLoader
ClassLoader.loadClass;com.jme3.shader.Glsl150ShaderGenerator;java.lang.ClassLoader.defineClass1;;org.dacapo.harness.DacapoClassLoader;org.dacapo.harness.DacapoClassLoader
ClassLoader.loadClass;com.jme3.shader.Glsl300ShaderGenerator;com.jme3.system.JmeSystemDelegate.newAssetManager;127;org.dacapo.harness.DacapoClassLoader;org.dacapo.harness.DacapoClassLoader
ClassLoader.loadClass;com.jme3.shader.Shader$ShaderType;java.lang.Class.forName0;;org.dacapo.harness.DacapoClassLoader;org.dacapo.harness.DacapoClassLoader
ClassLoader.loadClass;com.jme3.shader.Shader;java.lang.Class.getDeclaredMethods0;;org.dacapo.harness.DacapoClassLoader;org.dacapo.harness.DacapoClassLoader
ClassLoader.loadClass;com.jme3.shader.ShaderGenerator;com.jme3.system.JmeSystemDelegate.newAssetManager;127;org.dacapo.harness.DacapoClassLoader;org.dacapo.harness.DacapoClassLoader
ClassLoader.loadClass;com.jme3.shader.UniformBinding;com.jme3.material.TechniqueDef.addWorldParam;637;org.dacapo.harness.DacapoClassLoader;org.dacapo.harness.DacapoClassLoader
ClassLoader.loadClass;com.jme3.shader.UniformBindingManager;com.jme3.renderer.RenderManager.<init>;83;org.dacapo.harness.DacapoClassLoader;org.dacapo.harness.DacapoClassLoader
ClassLoader.loadClass;com.jme3.shader.VarType;com.jme3.material.plugins.J3MLoader.readParam;394;org.dacapo.harness.DacapoClassLoader;org.dacapo.harness.DacapoClassLoader
ClassLoader.loadClass;com.jme3.shader.plugins.GLSLLoader$ShaderDependencyKey;java.lang.Class.forName0;;org.dacapo.harness.DacapoClassLoader;org.dacapo.harness.DacapoClassLoader
ClassLoader.loadClass;com.jme3.shader.plugins.GLSLLoader;java.lang.Class.forName0;;org.dacapo.harness.DacapoClassLoader;org.dacapo.harness.DacapoClassLoader
ClassLoader.loadClass;com.jme3.shadow.AbstractShadowFilter;java.lang.ClassLoader.defineClass1;;org.dacapo.harness.DacapoClassLoader;org.dacapo.harness.DacapoClassLoader
ClassLoader.loadClass;com.jme3.shadow.AbstractShadowRenderer;java.lang.Class.forName0;;org.dacapo.harness.DacapoClassLoader;org.dacapo.harness.DacapoClassLoader
ClassLoader.loadClass;com.jme3.shadow.DirectionalLightShadowFilter;java.lang.Class.forName0;;org.dacapo.harness.DacapoClassLoader;org.dacapo.harness.DacapoClassLoader
ClassLoader.loadClass;com.jme3.shadow.DirectionalLightShadowRenderer;java.lang.Class.forName0;;org.dacapo.harness.DacapoClassLoader;org.dacapo.harness.DacapoClassLoader
ClassLoader.loadClass;com.jme3.shadow.PointLightShadowFilter;java.lang.Class.forName0;;org.dacapo.harness.DacapoClassLoader;org.dacapo.harness.DacapoClassLoader
ClassLoader.loadClass;com.jme3.shadow.PointLightShadowRenderer;java.lang.Class.forName0;;org.dacapo.harness.DacapoClassLoader;org.dacapo.harness.DacapoClassLoader
ClassLoader.loadClass;com.jme3.shadow.SpotLightShadowFilter;java.lang.Class.forName0;;org.dacapo.harness.DacapoClassLoader;org.dacapo.harness.DacapoClassLoader
ClassLoader.loadClass;com.jme3.shadow.SpotLightShadowRenderer;java.lang.Class.forName0;;org.dacapo.harness.DacapoClassLoader;org.dacapo.harness.DacapoClassLoader
ClassLoader.loadClass;com.jme3.system.AppSettings;java.lang.Class.getDeclaredMethods0;;org.dacapo.harness.DacapoClassLoader;org.dacapo.harness.DacapoClassLoader
ClassLoader.loadClass;com.jme3.system.JmeContext$Type;java.lang.Class.getDeclaredMethods0;;org.dacapo.harness.DacapoClassLoader;org.dacapo.harness.DacapoClassLoader
ClassLoader.loadClass;com.jme3.system.JmeContext;java.lang.Class.getDeclaredMethods0;;org.dacapo.harness.DacapoClassLoader;org.dacapo.harness.DacapoClassLoader
ClassLoader.loadClass;com.jme3.system.JmeDesktopSystem;java.lang.Class.forName0;;org.dacapo.harness.DacapoClassLoader;org.dacapo.harness.DacapoClassLoader
ClassLoader.loadClass;com.jme3.system.JmeSystem$StorageFolderType;com.jme3.system.JmeSystemDelegate.<init>;58;org.dacapo.harness.DacapoClassLoader;org.dacapo.harness.DacapoClassLoader
ClassLoader.loadClass;com.jme3.system.JmeSystem;com.jme3.app.LegacyApplication.start;494;org.dacapo.harness.DacapoClassLoader;org.dacapo.harness.DacapoClassLoader
ClassLoader.loadClass;com.jme3.system.JmeSystemDelegate;java.lang.ClassLoader.defineClass1;;org.dacapo.harness.DacapoClassLoader;org.dacapo.harness.DacapoClassLoader
ClassLoader.loadClass;com.jme3.system.JmeVersion;com.jme3.system.AppSettings.<clinit>;278;org.dacapo.harness.DacapoClassLoader;org.dacapo.harness.DacapoClassLoader
ClassLoader.loadClass;com.jme3.system.NanoTimer;java.lang.Class.forName0;;org.dacapo.harness.DacapoClassLoader;org.dacapo.harness.DacapoClassLoader
ClassLoader.loadClass;com.jme3.system.NativeLibrary$Key;com.jme3.system.NativeLibraryLoader.registerNativeLibrary;97;org.dacapo.harness.DacapoClassLoader;org.dacapo.harness.DacapoClassLoader
ClassLoader.loadClass;com.jme3.system.NativeLibrary;com.jme3.system.NativeLibraryLoader.registerNativeLibrary;97;org.dacapo.harness.DacapoClassLoader;org.dacapo.harness.DacapoClassLoader
ClassLoader.loadClass;com.jme3.system.NativeLibraryLoader;com.jme3.system.JmeDesktopSystem.initialize;342;org.dacapo.harness.DacapoClassLoader;org.dacapo.harness.DacapoClassLoader
ClassLoader.loadClass;com.jme3.system.NullContext$1;com.jme3.system.NullContext.initInThread;78;org.dacapo.harness.DacapoClassLoader;org.dacapo.harness.DacapoClassLoader
ClassLoader.loadClass;com.jme3.system.NullContext;com.jme3.system.JmeDesktopSystem.newContext;272;org.dacapo.harness.DacapoClassLoader;org.dacapo.harness.DacapoClassLoader
ClassLoader.loadClass;com.jme3.system.NullRenderer;com.jme3.system.NullContext.initInThread;92;org.dacapo.harness.DacapoClassLoader;org.dacapo.harness.DacapoClassLoader
ClassLoader.loadClass;com.jme3.system.Platform$Os;com.jme3.system.Platform.<clinit>;42;org.dacapo.harness.DacapoClassLoader;org.dacapo.harness.DacapoClassLoader
ClassLoader.loadClass;com.jme3.system.Platform;com.jme3.system.NativeLibraryLoader.<clinit>;124;org.dacapo.harness.DacapoClassLoader;org.dacapo.harness.DacapoClassLoader
ClassLoader.loadClass;com.jme3.system.SystemListener;java.lang.ClassLoader.defineClass1;;org.dacapo.harness.DacapoClassLoader;org.dacapo.harness.DacapoClassLoader
ClassLoader.loadClass;com.jme3.system.Timer;java.lang.Class.forName0;;org.dacapo.harness.DacapoClassLoader;org.dacapo.harness.DacapoClassLoader
ClassLoader.loadClass;com.jme3.system.awt.AwtPanel;java.lang.Class.forName0;;org.dacapo.harness.DacapoClassLoader;org.dacapo.harness.DacapoClassLoader
ClassLoader.loadClass;com.jme3.terrain.GeoMap;java.lang.ClassLoader.defineClass1;;org.dacapo.harness.DacapoClassLoader;org.dacapo.harness.DacapoClassLoader
ClassLoader.loadClass;com.jme3.terrain.Terrain;java.lang.Class.forName0;;org.dacapo.harness.DacapoClassLoader;org.dacapo.harness.DacapoClassLoader
ClassLoader.loadClass;com.jme3.terrain.geomipmap.LODGeomap$1;com.jme3.terrain.geomipmap.LODGeomap.createMesh;96;org.dacapo.harness.DacapoClassLoader;org.dacapo.harness.DacapoClassLoader
ClassLoader.loadClass;com.jme3.terrain.geomipmap.LODGeomap$VerboseBuffer;com.jme3.terrain.geomipmap.LODGeomap.writeIndexArrayLodDiff;171;org.dacapo.harness.DacapoClassLoader;org.dacapo.harness.DacapoClassLoader
ClassLoader.loadClass;com.jme3.terrain.geomipmap.LODGeomap;com.jme3.terrain.geomipmap.TerrainPatch.<init>;187;org.dacapo.harness.DacapoClassLoader;org.dacapo.harness.DacapoClassLoader
ClassLoader.loadClass;com.jme3.terrain.geomipmap.NeighbourFinder;java.lang.ClassLoader.defineClass1;;org.dacapo.harness.DacapoClassLoader;org.dacapo.harness.DacapoClassLoader
ClassLoader.loadClass;com.jme3.terrain.geomipmap.NormalRecalcControl;com.jme3.terrain.geomipmap.TerrainQuad.<init>;161;org.dacapo.harness.DacapoClassLoader;org.dacapo.harness.DacapoClassLoader
ClassLoader.loadClass;com.jme3.terrain.geomipmap.TerrainGrid;java.lang.Class.forName0;;org.dacapo.harness.DacapoClassLoader;org.dacapo.harness.DacapoClassLoader
ClassLoader.loadClass;com.jme3.terrain.geomipmap.TerrainGridListener;java.lang.Class.forName0;;org.dacapo.harness.DacapoClassLoader;org.dacapo.harness.DacapoClassLoader
ClassLoader.loadClass;com.jme3.terrain.geomipmap.TerrainGridLodControl;java.lang.Class.forName0;;org.dacapo.harness.DacapoClassLoader;org.dacapo.harness.DacapoClassLoader
ClassLoader.loadClass;com.jme3.terrain.geomipmap.TerrainGridTileLoader;java.lang.Class.forName0;;org.dacapo.harness.DacapoClassLoader;org.dacapo.harness.DacapoClassLoader
ClassLoader.loadClass;com.jme3.terrain.geomipmap.TerrainLodControl;java.lang.Class.forName0;;org.dacapo.harness.DacapoClassLoader;org.dacapo.harness.DacapoClassLoader
ClassLoader.loadClass;com.jme3.terrain.geomipmap.TerrainPatch;jme3test.water.TestMultiPostWater.createTerrain;203;org.dacapo.harness.DacapoClassLoader;org.dacapo.harness.DacapoClassLoader
ClassLoader.loadClass;com.jme3.terrain.geomipmap.TerrainQuad;java.lang.Class.forName0;;org.dacapo.harness.DacapoClassLoader;org.dacapo.harness.DacapoClassLoader
ClassLoader.loadClass;com.jme3.terrain.geomipmap.lodcalc.LodCalculator;java.lang.Class.forName0;;org.dacapo.harness.DacapoClassLoader;org.dacapo.harness.DacapoClassLoader
ClassLoader.loadClass;com.jme3.terrain.geomipmap.picking.BresenhamTerrainPicker;com.jme3.terrain.geomipmap.TerrainQuad.<init>;126;org.dacapo.harness.DacapoClassLoader;org.dacapo.harness.DacapoClassLoader
ClassLoader.loadClass;com.jme3.terrain.geomipmap.picking.BresenhamYUpGridTracer$Direction;com.jme3.terrain.geomipmap.picking.BresenhamYUpGridTracer.<init>;52;org.dacapo.harness.DacapoClassLoader;org.dacapo.harness.DacapoClassLoader
ClassLoader.loadClass;com.jme3.terrain.geomipmap.picking.BresenhamYUpGridTracer;com.jme3.terrain.geomipmap.picking.BresenhamTerrainPicker.<init>;68;org.dacapo.harness.DacapoClassLoader;org.dacapo.harness.DacapoClassLoader
ClassLoader.loadClass;com.jme3.terrain.geomipmap.picking.TerrainPicker;jme3test.water.TestMultiPostWater.createTerrain;203;org.dacapo.harness.DacapoClassLoader;org.dacapo.harness.DacapoClassLoader
ClassLoader.loadClass;com.jme3.terrain.heightmap.AbstractHeightMap;java.lang.Class.forName0;;org.dacapo.harness.DacapoClassLoader;org.dacapo.harness.DacapoClassLoader
ClassLoader.loadClass;com.jme3.terrain.heightmap.HeightMap;java.lang.ClassLoader.defineClass1;;org.dacapo.harness.DacapoClassLoader;org.dacapo.harness.DacapoClassLoader
ClassLoader.loadClass;com.jme3.terrain.heightmap.ImageBasedHeightMap;java.lang.Class.forName0;;org.dacapo.harness.DacapoClassLoader;org.dacapo.harness.DacapoClassLoader
ClassLoader.loadClass;com.jme3.terrain.heightmap.Namer;java.lang.Class.forName0;;org.dacapo.harness.DacapoClassLoader;org.dacapo.harness.DacapoClassLoader
ClassLoader.loadClass;com.jme3.terrain.noise.Basis;java.lang.Class.forName0;;org.dacapo.harness.DacapoClassLoader;org.dacapo.harness.DacapoClassLoader
ClassLoader.loadClass;com.jme3.terrain.noise.Filter;java.lang.Class.forName0;;org.dacapo.harness.DacapoClassLoader;org.dacapo.harness.DacapoClassLoader
ClassLoader.loadClass;com.jme3.terrain.noise.modulator.Modulator;java.lang.Class.forName0;;org.dacapo.harness.DacapoClassLoader;org.dacapo.harness.DacapoClassLoader
ClassLoader.loadClass;com.jme3.texture.FrameBuffer$RenderBuffer;java.lang.Class.getDeclaredMethods0;;org.dacapo.harness.DacapoClassLoader;org.dacapo.harness.DacapoClassLoader
ClassLoader.loadClass;com.jme3.texture.FrameBuffer;java.lang.Class.getDeclaredMethods0;;org.dacapo.harness.DacapoClassLoader;org.dacapo.harness.DacapoClassLoader
ClassLoader.loadClass;com.jme3.texture.Image$Format;com.jme3.texture.plugins.AWTLoader.load;116;org.dacapo.harness.DacapoClassLoader;org.dacapo.harness.DacapoClassLoader
ClassLoader.loadClass;com.jme3.texture.Image;com.jme3.texture.plugins.AWTLoader.load;116;org.dacapo.harness.DacapoClassLoader;org.dacapo.harness.DacapoClassLoader
ClassLoader.loadClass;com.jme3.texture.Texture$MagFilter;com.jme3.texture.TextureProcessor.postProcess;61;org.dacapo.harness.DacapoClassLoader;org.dacapo.harness.DacapoClassLoader
ClassLoader.loadClass;com.jme3.texture.Texture$MinFilter;com.jme3.texture.TextureProcessor.postProcess;61;org.dacapo.harness.DacapoClassLoader;org.dacapo.harness.DacapoClassLoader
ClassLoader.loadClass;com.jme3.texture.Texture$ShadowCompareMode;com.jme3.texture.image.LastTextureState.reset;65;org.dacapo.harness.DacapoClassLoader;org.dacapo.harness.DacapoClassLoader
ClassLoader.loadClass;com.jme3.texture.Texture$Type;com.jme3.font.plugins.BitmapFontLoader.load;100;org.dacapo.harness.DacapoClassLoader;org.dacapo.harness.DacapoClassLoader
ClassLoader.loadClass;com.jme3.texture.Texture$WrapMode;com.jme3.texture.TextureProcessor.postProcess;61;org.dacapo.harness.DacapoClassLoader;org.dacapo.harness.DacapoClassLoader
ClassLoader.loadClass;com.jme3.texture.Texture2D;java.lang.Class.forName0;;org.dacapo.harness.DacapoClassLoader;org.dacapo.harness.DacapoClassLoader
ClassLoader.loadClass;com.jme3.texture.Texture3D;java.lang.Class.forName0;;org.dacapo.harness.DacapoClassLoader;org.dacapo.harness.DacapoClassLoader
ClassLoader.loadClass;com.jme3.texture.Texture;java.lang.Class.forName0;;org.dacapo.harness.DacapoClassLoader;org.dacapo.harness.DacapoClassLoader
ClassLoader.loadClass;com.jme3.texture.TextureArray;java.lang.Class.forName0;;org.dacapo.harness.DacapoClassLoader;org.dacapo.harness.DacapoClassLoader
ClassLoader.loadClass;com.jme3.texture.TextureCubeMap;java.lang.Class.forName0;;org.dacapo.harness.DacapoClassLoader;org.dacapo.harness.DacapoClassLoader
ClassLoader.loadClass;com.jme3.texture.TextureProcessor;com.jme3.asset.TextureKey.getProcessorType;107;org.dacapo.harness.DacapoClassLoader;org.dacapo.harness.DacapoClassLoader
ClassLoader.loadClass;com.jme3.texture.image.BitMaskImageCodec;com.jme3.texture.image.ImageCodec.<clinit>;70;org.dacapo.harness.DacapoClassLoader;org.dacapo.harness.DacapoClassLoader
ClassLoader.loadClass;com.jme3.texture.image.ByteAlignedImageCodec;com.jme3.texture.image.ImageCodec.<clinit>;106;org.dacapo.harness.DacapoClassLoader;org.dacapo.harness.DacapoClassLoader
ClassLoader.loadClass;com.jme3.texture.image.ByteOffsetImageCodec;com.jme3.texture.image.ImageCodec.<clinit>;62;org.dacapo.harness.DacapoClassLoader;org.dacapo.harness.DacapoClassLoader
ClassLoader.loadClass;com.jme3.texture.image.ColorSpace;com.jme3.material.MaterialDef.addMaterialParamTexture;137;org.dacapo.harness.DacapoClassLoader;org.dacapo.harness.DacapoClassLoader
ClassLoader.loadClass;com.jme3.texture.image.DefaultImageRaster;com.jme3.terrain.heightmap.ImageBasedHeightMap.getImageRaster;98;org.dacapo.harness.DacapoClassLoader;org.dacapo.harness.DacapoClassLoader
ClassLoader.loadClass;com.jme3.texture.image.ImageCodec;com.jme3.texture.image.DefaultImageRaster.<init>;91;org.dacapo.harness.DacapoClassLoader;org.dacapo.harness.DacapoClassLoader
ClassLoader.loadClass;com.jme3.texture.image.ImageRaster;com.jme3.terrain.heightmap.ImageBasedHeightMap.getImageRaster;98;org.dacapo.harness.DacapoClassLoader;org.dacapo.harness.DacapoClassLoader
ClassLoader.loadClass;com.jme3.texture.image.LastTextureState;com.jme3.texture.Image.<init>;597;org.dacapo.harness.DacapoClassLoader;org.dacapo.harness.DacapoClassLoader
ClassLoader.loadClass;com.jme3.texture.plugins.AWTLoader;java.lang.Class.forName0;;org.dacapo.harness.DacapoClassLoader;org.dacapo.harness.DacapoClassLoader
ClassLoader.loadClass;com.jme3.texture.plugins.DDSLoader;java.lang.Class.forName0;;org.dacapo.harness.DacapoClassLoader;org.dacapo.harness.DacapoClassLoader
ClassLoader.loadClass;com.jme3.texture.plugins.HDRLoader;java.lang.Class.forName0;;org.dacapo.harness.DacapoClassLoader;org.dacapo.harness.DacapoClassLoader
ClassLoader.loadClass;com.jme3.texture.plugins.PFMLoader;java.lang.Class.forName0;;org.dacapo.harness.DacapoClassLoader;org.dacapo.harness.DacapoClassLoader
ClassLoader.loadClass;com.jme3.texture.plugins.TGALoader;java.lang.Class.forName0;;org.dacapo.harness.DacapoClassLoader;org.dacapo.harness.DacapoClassLoader
ClassLoader.loadClass;com.jme3.ui.Picture;java.lang.Class.forName0;;org.dacapo.harness.DacapoClassLoader;org.dacapo.harness.DacapoClassLoader
ClassLoader.loadClass;com.jme3.util.BufferAllocator;com.jme3.util.BufferUtils.<clinit>;65;org.dacapo.harness.DacapoClassLoader;org.dacapo.harness.DacapoClassLoader
ClassLoader.loadClass;com.jme3.util.BufferAllocatorFactory;com.jme3.util.BufferUtils.<clinit>;65;org.dacapo.harness.DacapoClassLoader;org.dacapo.harness.DacapoClassLoader
ClassLoader.loadClass;com.jme3.util.BufferUtils;com.jme3.scene.shape.Box.doUpdateGeometryVertices;171;org.dacapo.harness.DacapoClassLoader;org.dacapo.harness.DacapoClassLoader
ClassLoader.loadClass;com.jme3.util.IntMap$Entry;com.jme3.util.IntMap.<init>;78;org.dacapo.harness.DacapoClassLoader;org.dacapo.harness.DacapoClassLoader
ClassLoader.loadClass;com.jme3.util.IntMap$IntMapIterator;com.jme3.util.IntMap.iterator;228;org.dacapo.harness.DacapoClassLoader;org.dacapo.harness.DacapoClassLoader
ClassLoader.loadClass;com.jme3.util.IntMap;com.jme3.scene.Mesh.<init>;161;org.dacapo.harness.DacapoClassLoader;org.dacapo.harness.DacapoClassLoader
ClassLoader.loadClass;com.jme3.util.JmeFormatter;java.lang.Class.forName0;;org.dacapo.harness.DacapoClassLoader;org.dacapo.harness.DacapoClassLoader
ClassLoader.loadClass;com.jme3.util.ListMap$ListMapEntry;com.jme3.util.ListMap.<init>;109;org.dacapo.harness.DacapoClassLoader;org.dacapo.harness.DacapoClassLoader
ClassLoader.loadClass;com.jme3.util.ListMap;com.jme3.material.Material.<init>;81;org.dacapo.harness.DacapoClassLoader;org.dacapo.harness.DacapoClassLoader
ClassLoader.loadClass;com.jme3.util.ListSort;com.jme3.renderer.queue.GeometryList.<init>;68;org.dacapo.harness.DacapoClassLoader;org.dacapo.harness.DacapoClassLoader
ClassLoader.loadClass;com.jme3.util.LittleEndien;java.lang.ClassLoader.defineClass1;;org.dacapo.harness.DacapoClassLoader;org.dacapo.harness.DacapoClassLoader
ClassLoader.loadClass;com.jme3.util.NativeObject;java.lang.ClassLoader.defineClass1;;org.dacapo.harness.DacapoClassLoader;org.dacapo.harness.DacapoClassLoader
ClassLoader.loadClass;com.jme3.util.ReflectionAllocator;com.jme3.util.BufferAllocatorFactory.create;29;org.dacapo.harness.DacapoClassLoader;org.dacapo.harness.DacapoClassLoader
ClassLoader.loadClass;com.jme3.util.SafeArrayList$ArrayIterator;com.jme3.util.SafeArrayList.listIterator;370;org.dacapo.harness.DacapoClassLoader;org.dacapo.harness.DacapoClassLoader
ClassLoader.loadClass;com.jme3.util.SafeArrayList;com.jme3.scene.Mesh.<init>;160;org.dacapo.harness.DacapoClassLoader;org.dacapo.harness.DacapoClassLoader
ClassLoader.loadClass;com.jme3.util.SkyFactory$1;com.jme3.util.SkyFactory.createSky;199;org.dacapo.harness.DacapoClassLoader;org.dacapo.harness.DacapoClassLoader
ClassLoader.loadClass;com.jme3.util.SkyFactory$EnvMapType;jme3test.water.TestMultiPostWater.simpleInitApp;102;org.dacapo.harness.DacapoClassLoader;org.dacapo.harness.DacapoClassLoader
ClassLoader.loadClass;com.jme3.util.SkyFactory;jme3test.water.TestMultiPostWater.simpleInitApp;102;org.dacapo.harness.DacapoClassLoader;org.dacapo.harness.DacapoClassLoader
ClassLoader.loadClass;com.jme3.util.TempVars$1;com.jme3.bounding.BoundingBox.containAABB;249;org.dacapo.harness.DacapoClassLoader;org.dacapo.harness.DacapoClassLoader
ClassLoader.loadClass;com.jme3.util.TempVars$TempVarsStack;com.jme3.util.TempVars$1.initialValue;78;org.dacapo.harness.DacapoClassLoader;org.dacapo.harness.DacapoClassLoader
ClassLoader.loadClass;com.jme3.util.TempVars;com.jme3.bounding.BoundingBox.containAABB;249;org.dacapo.harness.DacapoClassLoader;org.dacapo.harness.DacapoClassLoader
ClassLoader.loadClass;com.jme3.util.blockparser.BlockLanguageParser;com.jme3.material.plugins.J3MLoader.load;801;org.dacapo.harness.DacapoClassLoader;org.dacapo.harness.DacapoClassLoader
ClassLoader.loadClass;com.jme3.util.blockparser.Statement;com.jme3.util.blockparser.BlockLanguageParser.reset;53;org.dacapo.harness.DacapoClassLoader;org.dacapo.harness.DacapoClassLoader
ClassLoader.loadClass;com.jme3.util.clone.CloneFunction;com.jme3.app.SimpleApplication.<init>;84;org.dacapo.harness.DacapoClassLoader;org.dacapo.harness.DacapoClassLoader
ClassLoader.loadClass;com.jme3.util.clone.Cloner;com.jme3.material.plugins.J3MLoader.readTechnique;622;org.dacapo.harness.DacapoClassLoader;org.dacapo.harness.DacapoClassLoader
ClassLoader.loadClass;com.jme3.util.clone.JmeCloneable;java.lang.ClassLoader.defineClass1;;org.dacapo.harness.DacapoClassLoader;org.dacapo.harness.DacapoClassLoader
ClassLoader.loadClass;com.jme3.util.clone.ListCloneFunction;com.jme3.util.clone.Cloner.<init>;125;org.dacapo.harness.DacapoClassLoader;org.dacapo.harness.DacapoClassLoader
ClassLoader.loadClass;com.jme3.water.WaterFilter$AreaShape;com.jme3.water.WaterFilter.<init>;130;org.dacapo.harness.DacapoClassLoader;org.dacapo.harness.DacapoClassLoader
ClassLoader.loadClass;com.jme3.water.WaterFilter;java.lang.Class.forName0;;org.dacapo.harness.DacapoClassLoader;org.dacapo.harness.DacapoClassLoader
ClassLoader.loadClass;com.sun.org.apache.xerces.internal.jaxp.datatype.DatatypeFactoryImpl;java.lang.Class.forName0;;java.net.FactoryURLClassLoader;BootstrapClassLoader
ClassLoader.loadClass;de.jarnbjo.ogg.EndOfOggStreamException;java.lang.Class.forName0;;org.dacapo.harness.DacapoClassLoader;org.dacapo.harness.DacapoClassLoader
ClassLoader.loadClass;de.jarnbjo.ogg.PhysicalOggStream;java.lang.Class.forName0;;org.dacapo.harness.DacapoClassLoader;org.dacapo.harness.DacapoClassLoader
ClassLoader.loadClass;de.lessvoid.nifty.Nifty;java.lang.Class.getDeclaredMethods0;;org.dacapo.harness.DacapoClassLoader;org.dacapo.harness.DacapoClassLoader
ClassLoader.loadClass;de.lessvoid.nifty.NiftyEvent;java.lang.ClassLoader.defineClass1;;org.dacapo.harness.DacapoClassLoader;org.dacapo.harness.DacapoClassLoader
ClassLoader.loadClass;de.lessvoid.nifty.controls.ButtonClickedEvent;java.lang.Class.getDeclaredMethods0;;org.dacapo.harness.DacapoClassLoader;org.dacapo.harness.DacapoClassLoader
ClassLoader.loadClass;de.lessvoid.nifty.controls.ListBoxSelectionChangedEvent;java.lang.Class.getDeclaredMethods0;;org.dacapo.harness.DacapoClassLoader;org.dacapo.harness.DacapoClassLoader
ClassLoader.loadClass;de.lessvoid.nifty.screen.Screen;java.lang.Class.getDeclaredMethods0;;org.dacapo.harness.DacapoClassLoader;org.dacapo.harness.DacapoClassLoader
ClassLoader.loadClass;de.lessvoid.nifty.screen.ScreenController;java.lang.ClassLoader.defineClass1;;org.dacapo.harness.DacapoClassLoader;org.dacapo.harness.DacapoClassLoader
ClassLoader.loadClass;java.applet.Applet;java.lang.ClassLoader.defineClass1;;org.dacapo.harness.DacapoClassLoader;BootstrapClassLoader
ClassLoader.loadClass;java.awt.Canvas;java.lang.ClassLoader.defineClass1;;org.dacapo.harness.DacapoClassLoader;BootstrapClassLoader
ClassLoader.loadClass;java.awt.Component;java.lang.Class.forName0;;org.dacapo.harness.DacapoClassLoader;BootstrapClassLoader
ClassLoader.loadClass;java.awt.Container;java.lang.Class.forName0;;org.dacapo.harness.DacapoClassLoader;BootstrapClassLoader
ClassLoader.loadClass;java.awt.Font;java.lang.Class.getDeclaredMethods0;;org.dacapo.harness.DacapoClassLoader;BootstrapClassLoader
ClassLoader.loadClass;java.awt.FontFormatException;java.lang.Class.forName0;;org.dacapo.harness.DacapoClassLoader;BootstrapClassLoader
ClassLoader.loadClass;java.awt.Graphics;java.lang.Class.getDeclaredMethods0;;org.dacapo.harness.DacapoClassLoader;BootstrapClassLoader
ClassLoader.loadClass;java.awt.LayoutManager;java.lang.Class.forName0;;org.dacapo.harness.DacapoClassLoader;BootstrapClassLoader
ClassLoader.loadClass;java.awt.color.ColorSpace;com.jme3.texture.plugins.AWTLoader.<clinit>;59;org.dacapo.harness.DacapoClassLoader;BootstrapClassLoader
ClassLoader.loadClass;java.awt.event.ActionListener;java.lang.Class.forName0;;org.dacapo.harness.DacapoClassLoader;BootstrapClassLoader
ClassLoader.loadClass;java.awt.event.WindowListener;java.lang.Class.forName0;;org.dacapo.harness.DacapoClassLoader;BootstrapClassLoader
ClassLoader.loadClass;java.awt.image.BufferedImage;com.jme3.texture.plugins.AWTLoader.load;105;org.dacapo.harness.DacapoClassLoader;BootstrapClassLoader
ClassLoader.loadClass;java.awt.image.BufferedImageOp;java.lang.Class.forName0;;org.dacapo.harness.DacapoClassLoader;BootstrapClassLoader
ClassLoader.loadClass;java.awt.image.ColorModel;java.lang.Class.forName0;;org.dacapo.harness.DacapoClassLoader;BootstrapClassLoader
ClassLoader.loadClass;java.awt.image.ComponentColorModel;java.lang.Class.forName0;;org.dacapo.harness.DacapoClassLoader;BootstrapClassLoader
ClassLoader.loadClass;java.awt.image.DataBuffer;com.jme3.texture.plugins.AWTLoader.extractImageData;68;org.dacapo.harness.DacapoClassLoader;BootstrapClassLoader
ClassLoader.loadClass;java.awt.image.DataBufferByte;com.jme3.texture.plugins.AWTLoader.extractImageData;70;org.dacapo.harness.DacapoClassLoader;BootstrapClassLoader
ClassLoader.loadClass;java.awt.image.DirectColorModel;java.lang.Class.forName0;;org.dacapo.harness.DacapoClassLoader;BootstrapClassLoader
ClassLoader.loadClass;java.awt.image.RenderedImage;java.lang.Class.forName0;;org.dacapo.harness.DacapoClassLoader;BootstrapClassLoader
ClassLoader.loadClass;java.awt.image.WritableRaster;com.jme3.texture.plugins.AWTLoader.extractImageData;67;org.dacapo.harness.DacapoClassLoader;BootstrapClassLoader
ClassLoader.loadClass;java.io.BufferedInputStream;java.lang.Class.forName0;;org.dacapo.harness.DacapoClassLoader;BootstrapClassLoader
ClassLoader.loadClass;java.io.BufferedInputStream;org.dacapo.harness.TestHarness.main;108;jdk.internal.loader.ClassLoaders$AppClassLoader;BootstrapClassLoader
ClassLoader.loadClass;java.io.BufferedOutputStream;jdk.nio.zipfs.ZipFileSystemProvider.getZipFileSystem;125;jdk.internal.loader.ClassLoaders$PlatformClassLoader;BootstrapClassLoader
ClassLoader.loadClass;java.io.BufferedReader;com.jme3.font.plugins.BitmapFontLoader.load;56;org.dacapo.harness.DacapoClassLoader;BootstrapClassLoader
ClassLoader.loadClass;java.io.BufferedReader;org.dacapo.harness.Benchmark.getDeps;358;jdk.internal.loader.ClassLoaders$AppClassLoader;BootstrapClassLoader
ClassLoader.loadClass;java.io.BufferedWriter;org.dacapo.harness.TestHarness.main;108;jdk.internal.loader.ClassLoaders$AppClassLoader;BootstrapClassLoader
ClassLoader.loadClass;java.io.ByteArrayInputStream;java.lang.Class.forName0;;org.dacapo.harness.DacapoClassLoader;BootstrapClassLoader
ClassLoader.loadClass;java.io.ByteArrayInputStream;jdk.nio.zipfs.ZipFileSystemProvider.getZipFileSystem;125;jdk.internal.loader.ClassLoaders$PlatformClassLoader;BootstrapClassLoader
ClassLoader.loadClass;java.io.ByteArrayOutputStream;java.lang.Class.forName0;;org.dacapo.harness.DacapoClassLoader;BootstrapClassLoader
ClassLoader.loadClass;java.io.Closeable;java.lang.ClassLoader.defineClass1;;org.dacapo.harness.DacapoClassLoader;BootstrapClassLoader
ClassLoader.loadClass;java.io.DataInput;java.lang.ClassLoader.defineClass1;;org.dacapo.harness.DacapoClassLoader;BootstrapClassLoader
ClassLoader.loadClass;java.io.DataInputStream;java.lang.Class.forName0;;org.dacapo.harness.DacapoClassLoader;BootstrapClassLoader
ClassLoader.loadClass;java.io.FileInputStream;java.lang.Class.forName0;;org.dacapo.harness.DacapoClassLoader;BootstrapClassLoader
ClassLoader.loadClass;java.io.FileInputStream;java.lang.Class.getDeclaredMethods0;;jdk.internal.loader.ClassLoaders$AppClassLoader;BootstrapClassLoader
ClassLoader.loadClass;java.io.FileNotFoundException;java.lang.Class.getDeclaredMethods0;;jdk.internal.loader.ClassLoaders$AppClassLoader;BootstrapClassLoader
ClassLoader.loadClass;java.io.FileNotFoundException;jme3test.water.TestMultiPostWater.createTerrain;198;org.dacapo.harness.DacapoClassLoader;BootstrapClassLoader
ClassLoader.loadClass;java.io.FileOutputStream;com.jme3.system.JmeDesktopSystem.initialize;342;org.dacapo.harness.DacapoClassLoader;BootstrapClassLoader
ClassLoader.loadClass;java.io.FileOutputStream;org.dacapo.harness.TestHarness.main;108;jdk.internal.loader.ClassLoaders$AppClassLoader;BootstrapClassLoader
ClassLoader.loadClass;java.io.FileReader;org.dacapo.harness.TestHarness.main;105;jdk.internal.loader.ClassLoaders$AppClassLoader;BootstrapClassLoader
ClassLoader.loadClass;java.io.FileWriter;java.lang.Class.forName0;;org.dacapo.harness.DacapoClassLoader;BootstrapClassLoader
ClassLoader.loadClass;java.io.FileWriter;org.dacapo.harness.TestHarness.main;105;jdk.internal.loader.ClassLoaders$AppClassLoader;BootstrapClassLoader
ClassLoader.loadClass;java.io.FilterOutputStream;java.lang.ClassLoader.defineClass1;;jdk.internal.loader.ClassLoaders$AppClassLoader;BootstrapClassLoader
ClassLoader.loadClass;java.io.FilterOutputStream;java.lang.ClassLoader.defineClass2;;jdk.internal.loader.ClassLoaders$PlatformClassLoader;BootstrapClassLoader
ClassLoader.loadClass;java.io.IOException;java.lang.Class.forName0;;org.dacapo.harness.DacapoClassLoader;BootstrapClassLoader
ClassLoader.loadClass;java.io.IOException;java.lang.Class.getDeclaredMethods0;;jdk.internal.loader.ClassLoaders$PlatformClassLoader;BootstrapClassLoader
ClassLoader.loadClass;java.io.InputStream;java.lang.Class.forName0;;org.dacapo.harness.DacapoClassLoader;BootstrapClassLoader
ClassLoader.loadClass;java.io.InputStream;java.lang.Class.getDeclaredMethods0;;jdk.internal.loader.ClassLoaders$AppClassLoader;BootstrapClassLoader
ClassLoader.loadClass;java.io.InputStream;java.lang.Class.getDeclaredMethods0;;jdk.internal.loader.ClassLoaders$PlatformClassLoader;BootstrapClassLoader
ClassLoader.loadClass;java.io.InputStreamReader;java.lang.Class.forName0;;org.dacapo.harness.DacapoClassLoader;BootstrapClassLoader
ClassLoader.loadClass;java.io.InputStreamReader;org.dacapo.harness.TestHarness.main;101;jdk.internal.loader.ClassLoaders$AppClassLoader;BootstrapClassLoader
ClassLoader.loadClass;java.io.OutputStream;java.lang.Class.forName0;;org.dacapo.harness.DacapoClassLoader;BootstrapClassLoader
ClassLoader.loadClass;java.io.OutputStream;java.lang.Class.getDeclaredMethods0;;jdk.internal.loader.ClassLoaders$PlatformClassLoader;BootstrapClassLoader
ClassLoader.loadClass;java.io.OutputStream;org.dacapo.harness.TestHarness.main;108;jdk.internal.loader.ClassLoaders$AppClassLoader;BootstrapClassLoader
ClassLoader.loadClass;java.io.PrintStream;jme3test.water.TestMultiPostWater.simpleInitApp;81;org.dacapo.harness.DacapoClassLoader;BootstrapClassLoader
ClassLoader.loadClass;java.io.PrintStream;org.dacapo.harness.TestHarness.main;108;jdk.internal.loader.ClassLoaders$AppClassLoader;BootstrapClassLoader
ClassLoader.loadClass;java.io.Reader;java.lang.Class.forName0;;org.dacapo.harness.DacapoClassLoader;BootstrapClassLoader
ClassLoader.loadClass;java.io.Reader;org.dacapo.harness.TestHarness.main;101;jdk.internal.loader.ClassLoaders$AppClassLoader;BootstrapClassLoader
ClassLoader.loadClass;java.io.Serializable;java.lang.ClassLoader.defineClass1;;jdk.internal.loader.ClassLoaders$AppClassLoader;BootstrapClassLoader
ClassLoader.loadClass;java.io.Serializable;java.lang.ClassLoader.defineClass1;;org.dacapo.harness.DacapoClassLoader;BootstrapClassLoader
ClassLoader.loadClass;java.io.UncheckedIOException;com.jme3.system.JmeDesktopSystem.initialize;342;org.dacapo.harness.DacapoClassLoader;BootstrapClassLoader
ClassLoader.loadClass;java.io.UnsupportedEncodingException;com.jme3.scene.shape.Box.doUpdateGeometryVertices;171;org.dacapo.harness.DacapoClassLoader;BootstrapClassLoader
ClassLoader.loadClass;java.io.UnsupportedEncodingException;org.dacapo.parser.Config.parse;213;jdk.internal.loader.ClassLoaders$AppClassLoader;BootstrapClassLoader
ClassLoader.loadClass;java.io.Writer;java.lang.Class.forName0;;org.dacapo.harness.DacapoClassLoader;BootstrapClassLoader
ClassLoader.loadClass;java.io.Writer;org.dacapo.harness.TestHarness.main;105;jdk.internal.loader.ClassLoaders$AppClassLoader;BootstrapClassLoader
ClassLoader.loadClass;java.lang.Appendable;jdk.nio.zipfs.ZipFileSystem.getFileAttributes;550;jdk.internal.loader.ClassLoaders$PlatformClassLoader;BootstrapClassLoader
ClassLoader.loadClass;java.lang.ArithmeticException;com.jme3.util.TempVars.<init>;195;org.dacapo.harness.DacapoClassLoader;BootstrapClassLoader
ClassLoader.loadClass;java.lang.ArrayIndexOutOfBoundsException;com.jme3.texture.image.ImageCodec.<clinit>;106;org.dacapo.harness.DacapoClassLoader;BootstrapClassLoader
ClassLoader.loadClass;java.lang.AssertionError;java.lang.Class.forName0;;org.dacapo.harness.DacapoClassLoader;BootstrapClassLoader
ClassLoader.loadClass;java.lang.AssertionError;jdk.nio.zipfs.ZipFileSystem.<init>;1646;jdk.internal.loader.ClassLoaders$PlatformClassLoader;BootstrapClassLoader
ClassLoader.loadClass;java.lang.AssertionError;org.dacapo.harness.TestHarness.main;101;jdk.internal.loader.ClassLoaders$AppClassLoader;BootstrapClassLoader
ClassLoader.loadClass;java.lang.Boolean;com.jme3.system.AppSettings.<clinit>;269;org.dacapo.harness.DacapoClassLoader;BootstrapClassLoader
ClassLoader.loadClass;java.lang.Boolean;jdk.nio.zipfs.ZipFileSystem.lambda$static$0;87;jdk.internal.loader.ClassLoaders$PlatformClassLoader;BootstrapClassLoader
ClassLoader.loadClass;java.lang.Boolean;org.dacapo.harness.Benchmark.getDeps;386;jdk.internal.loader.ClassLoaders$AppClassLoader;BootstrapClassLoader
ClassLoader.loadClass;java.lang.Byte;jdk.internal.reflect.GeneratedMethodAccessor3.invoke;;jdk.internal.loader.ClassLoaders$AppClassLoader;BootstrapClassLoader
ClassLoader.loadClass;java.lang.Byte;jdk.nio.zipfs.ZipConstants.SH;184;jdk.internal.loader.ClassLoaders$PlatformClassLoader;BootstrapClassLoader
ClassLoader.loadClass;java.lang.CharSequence;java.lang.Class.forName0;;org.dacapo.harness.DacapoClassLoader;BootstrapClassLoader
ClassLoader.loadClass;java.lang.CharSequence;java.lang.Class.getDeclaredMethods0;;jdk.internal.loader.ClassLoaders$AppClassLoader;BootstrapClassLoader
ClassLoader.loadClass;java.lang.CharSequence;jdk.nio.zipfs.ZipFileSystemProvider.getZipFileSystem;125;jdk.internal.loader.ClassLoaders$PlatformClassLoader;BootstrapClassLoader
ClassLoader.loadClass;java.lang.Character;org.apache.commons.cli.OptionValidator.isValidChar;33;jdk.internal.loader.ClassLoaders$AppClassLoader;BootstrapClassLoader
ClassLoader.loadClass;java.lang.Class;java.lang.Class.getDeclaredMethods0;;jdk.internal.loader.ClassLoaders$PlatformClassLoader;BootstrapClassLoader
ClassLoader.loadClass;java.lang.Class;jme3test.TestChooser.<clinit>;78;org.dacapo.harness.DacapoClassLoader;BootstrapClassLoader
ClassLoader.loadClass;java.lang.ClassCastException;java.lang.Class.forName0;;org.dacapo.harness.DacapoClassLoader;BootstrapClassLoader
ClassLoader.loadClass;java.lang.ClassLoader;com.jme3.system.JmeDesktopSystem.getPlatformAssetConfigURL;75;org.dacapo.harness.DacapoClassLoader;BootstrapClassLoader
ClassLoader.loadClass;java.lang.ClassLoader;java.lang.Class.getDeclaredMethods0;;jdk.internal.loader.ClassLoaders$AppClassLoader;BootstrapClassLoader
ClassLoader.loadClass;java.lang.ClassNotFoundException;java.lang.Class.forName0;;org.dacapo.harness.DacapoClassLoader;BootstrapClassLoader
ClassLoader.loadClass;java.lang.ClassNotFoundException;java.lang.Class.getDeclaredMethods0;;jdk.internal.loader.ClassLoaders$AppClassLoader;BootstrapClassLoader
ClassLoader.loadClass;java.lang.CloneNotSupportedException;jme3test.app.TestTempVars.<clinit>;42;org.dacapo.harness.DacapoClassLoader;BootstrapClassLoader
ClassLoader.loadClass;java.lang.CloneNotSupportedException;org.dacapo.harness.CommandLineArgs.makeOption;482;jdk.internal.loader.ClassLoaders$AppClassLoader;BootstrapClassLoader
ClassLoader.loadClass;java.lang.Cloneable;java.lang.ClassLoader.defineClass1;;jdk.internal.loader.ClassLoaders$AppClassLoader;BootstrapClassLoader
ClassLoader.loadClass;java.lang.Cloneable;java.lang.ClassLoader.defineClass1;;org.dacapo.harness.DacapoClassLoader;BootstrapClassLoader
ClassLoader.loadClass;java.lang.Enum;java.lang.ClassLoader.defineClass1;;jdk.internal.loader.ClassLoaders$AppClassLoader;BootstrapClassLoader
ClassLoader.loadClass;java.lang.Enum;java.lang.ClassLoader.defineClass1;;org.dacapo.harness.DacapoClassLoader;BootstrapClassLoader
ClassLoader.loadClass;java.lang.Error;org.dacapo.parser.Config.parse;213;jdk.internal.loader.ClassLoaders$AppClassLoader;BootstrapClassLoader
ClassLoader.loadClass;java.lang.Exception;java.lang.Class.forName0;;org.dacapo.harness.DacapoClassLoader;BootstrapClassLoader
ClassLoader.loadClass;java.lang.Exception;java.lang.Class.getDeclaredMethods0;;jdk.internal.loader.ClassLoaders$AppClassLoader;BootstrapClassLoader
ClassLoader.loadClass;java.lang.Exception;jdk.nio.zipfs.ZipFileSystemProvider.getZipFileSystem;125;jdk.internal.loader.ClassLoaders$PlatformClassLoader;BootstrapClassLoader
ClassLoader.loadClass;java.lang.Float;com.jme3.math.Vector3f.equals;984;org.dacapo.harness.DacapoClassLoader;BootstrapClassLoader
ClassLoader.loadClass;java.lang.IllegalAccessException;java.lang.Class.forName0;;org.dacapo.harness.DacapoClassLoader;BootstrapClassLoader
ClassLoader.loadClass;java.lang.IllegalAccessException;java.lang.Class.getDeclaredMethods0;;jdk.internal.loader.ClassLoaders$AppClassLoader;BootstrapClassLoader
ClassLoader.loadClass;java.lang.IllegalAccessException;java.lang.Class.getDeclaredMethods0;;jdk.internal.loader.ClassLoaders$PlatformClassLoader;BootstrapClassLoader
ClassLoader.loadClass;java.lang.IllegalArgumentException;java.lang.Class.getDeclaredMethods0;;jdk.internal.loader.ClassLoaders$PlatformClassLoader;BootstrapClassLoader
ClassLoader.loadClass;java.lang.IllegalArgumentException;jme3test.app.TestTempVars.<clinit>;42;org.dacapo.harness.DacapoClassLoader;BootstrapClassLoader
ClassLoader.loadClass;java.lang.IllegalArgumentException;org.apache.commons.cli.Option.<init>;387;jdk.internal.loader.ClassLoaders$AppClassLoader;BootstrapClassLoader
ClassLoader.loadClass;java.lang.IllegalStateException;java.lang.Class.forName0;;org.dacapo.harness.DacapoClassLoader;BootstrapClassLoader
ClassLoader.loadClass;java.lang.IllegalStateException;jdk.nio.zipfs.ZipPath.newDirectoryStream;755;jdk.internal.loader.ClassLoaders$PlatformClassLoader;BootstrapClassLoader
ClassLoader.loadClass;java.lang.IndexOutOfBoundsException;jme3test.scene.TestSceneStress.<clinit>;62;org.dacapo.harness.DacapoClassLoader;BootstrapClassLoader
ClassLoader.loadClass;java.lang.InstantiationException;java.lang.Class.forName0;;org.dacapo.harness.DacapoClassLoader;BootstrapClassLoader
ClassLoader.loadClass;java.lang.InstantiationException;java.lang.Class.getDeclaredMethods0;;jdk.internal.loader.ClassLoaders$AppClassLoader;BootstrapClassLoader
ClassLoader.loadClass;java.lang.InstantiationException;java.lang.Class.getDeclaredMethods0;;jdk.internal.loader.ClassLoaders$PlatformClassLoader;BootstrapClassLoader
ClassLoader.loadClass;java.lang.Integer;com.jme3.app.SimpleApplication.<init>;92;org.dacapo.harness.DacapoClassLoader;BootstrapClassLoader
ClassLoader.loadClass;java.lang.Integer;org.dacapo.harness.CommandLineArgs.getIterations;331;jdk.internal.loader.ClassLoaders$AppClassLoader;BootstrapClassLoader
ClassLoader.loadClass;java.lang.InternalError;java.lang.Class.getDeclaredMethods0;;jdk.internal.loader.ClassLoaders$PlatformClassLoader;BootstrapClassLoader
ClassLoader.loadClass;java.lang.InterruptedException;java.lang.Class.getDeclaredMethods0;;org.dacapo.harness.DacapoClassLoader;BootstrapClassLoader
ClassLoader.loadClass;java.lang.Iterable;java.lang.ClassLoader.defineClass1;;org.dacapo.harness.DacapoClassLoader;BootstrapClassLoader
ClassLoader.loadClass;java.lang.Iterable;jdk.nio.zipfs.ZipFileSystemProvider.getZipFileSystem;125;jdk.internal.loader.ClassLoaders$PlatformClassLoader;BootstrapClassLoader
ClassLoader.loadClass;java.lang.Iterable;org.dacapo.harness.TestHarness.main;101;jdk.internal.loader.ClassLoaders$AppClassLoader;BootstrapClassLoader
ClassLoader.loadClass;java.lang.Math;com.jme3.math.FastMath.sqrt;692;org.dacapo.harness.DacapoClassLoader;BootstrapClassLoader
ClassLoader.loadClass;java.lang.NoClassDefFoundError;java.lang.Class.forName0;;org.dacapo.harness.DacapoClassLoader;BootstrapClassLoader
ClassLoader.loadClass;java.lang.NoSuchFieldError;com.jme3.scene.Mesh.computeNumElements;771;org.dacapo.harness.DacapoClassLoader;BootstrapClassLoader
ClassLoader.loadClass;java.lang.NoSuchFieldError;org.dacapo.parser.Config.getThreadCount;736;jdk.internal.loader.ClassLoaders$AppClassLoader;BootstrapClassLoader
ClassLoader.loadClass;java.lang.NoSuchMethodException;java.lang.Class.forName0;;org.dacapo.harness.DacapoClassLoader;BootstrapClassLoader
ClassLoader.loadClass;java.lang.NoSuchMethodException;java.lang.Class.getDeclaredMethods0;;jdk.internal.loader.ClassLoaders$AppClassLoader;BootstrapClassLoader
ClassLoader.loadClass;java.lang.NullPointerException;com.jme3.system.AppSettings.<clinit>;278;org.dacapo.harness.DacapoClassLoader;BootstrapClassLoader
ClassLoader.loadClass;java.lang.NullPointerException;java.lang.Class.getDeclaredMethods0;;jdk.internal.loader.ClassLoaders$PlatformClassLoader;BootstrapClassLoader
ClassLoader.loadClass;java.lang.NumberFormatException;jdk.nio.zipfs.ZipFileSystemProvider.getZipFileSystem;125;jdk.internal.loader.ClassLoaders$PlatformClassLoader;BootstrapClassLoader
ClassLoader.loadClass;java.lang.NumberFormatException;org.dacapo.harness.TestHarness.main;108;jdk.internal.loader.ClassLoaders$AppClassLoader;BootstrapClassLoader
ClassLoader.loadClass;java.lang.Object;java.lang.Class.getDeclaredMethods0;;jdk.internal.loader.ClassLoaders$PlatformClassLoader;BootstrapClassLoader
ClassLoader.loadClass;java.lang.Object;java.lang.ClassLoader.defineClass1;;org.dacapo.harness.DacapoClassLoader;BootstrapClassLoader
ClassLoader.loadClass;java.lang.OutOfMemoryError;java.lang.Class.forName0;;org.dacapo.harness.DacapoClassLoader;BootstrapClassLoader
ClassLoader.loadClass;java.lang.ReflectiveOperationException;java.lang.Class.forName0;;org.dacapo.harness.DacapoClassLoader;BootstrapClassLoader
ClassLoader.loadClass;java.lang.ReflectiveOperationException;java.lang.Class.getDeclaredMethods0;;jdk.internal.loader.ClassLoaders$PlatformClassLoader;BootstrapClassLoader
ClassLoader.loadClass;java.lang.Runnable;java.lang.Class.forName0;;org.dacapo.harness.DacapoClassLoader;BootstrapClassLoader
ClassLoader.loadClass;java.lang.Runtime;jme3test.stress.TestParallelTangentGeneration.<clinit>;44;org.dacapo.harness.DacapoClassLoader;BootstrapClassLoader
ClassLoader.loadClass;java.lang.RuntimeException;java.lang.Class.forName0;;org.dacapo.harness.DacapoClassLoader;BootstrapClassLoader
ClassLoader.loadClass;java.lang.RuntimeException;java.lang.Class.getDeclaredMethods0;;jdk.internal.loader.ClassLoaders$AppClassLoader;BootstrapClassLoader
ClassLoader.loadClass;java.lang.SecurityException;java.lang.Class.forName0;;org.dacapo.harness.DacapoClassLoader;BootstrapClassLoader
ClassLoader.loadClass;java.lang.Short;jdk.internal.reflect.GeneratedMethodAccessor3.invoke;;jdk.internal.loader.ClassLoaders$AppClassLoader;BootstrapClassLoader
ClassLoader.loadClass;java.lang.String;java.lang.Class.getDeclaredMethods0;;jdk.internal.loader.ClassLoaders$PlatformClassLoader;BootstrapClassLoader
ClassLoader.loadClass;java.lang.String;java.lang.Class.getDeclaredMethods0;;org.dacapo.harness.DacapoClassLoader;BootstrapClassLoader
ClassLoader.loadClass;java.lang.StringBuffer;org.dacapo.harness.Digest.toString;44;jdk.internal.loader.ClassLoaders$AppClassLoader;BootstrapClassLoader
ClassLoader.loadClass;java.lang.StringBuilder;jme3test.TestChooser.find;114;org.dacapo.harness.DacapoClassLoader;BootstrapClassLoader
ClassLoader.loadClass;java.lang.StringBuilder;org.dacapo.harness.Data.<clinit>;39;jdk.internal.loader.ClassLoaders$AppClassLoader;BootstrapClassLoader
ClassLoader.loadClass;java.lang.System;Harness.makeHarnessClassLoader;51;jdk.internal.loader.ClassLoaders$AppClassLoader;BootstrapClassLoader
ClassLoader.loadClass;java.lang.System;jdk.nio.zipfs.ZipFileSystem.lambda$static$0;87;jdk.internal.loader.ClassLoaders$PlatformClassLoader;BootstrapClassLoader
ClassLoader.loadClass;java.lang.System;jme3test.network.TestLatency.<clinit>;47;org.dacapo.harness.DacapoClassLoader;BootstrapClassLoader
ClassLoader.loadClass;java.lang.Thread$UncaughtExceptionHandler;com.jme3.system.JmeDesktopSystem.newContext;272;org.dacapo.harness.DacapoClassLoader;BootstrapClassLoader
ClassLoader.loadClass;java.lang.Thread;java.lang.Class.forName0;;org.dacapo.harness.DacapoClassLoader;BootstrapClassLoader
ClassLoader.loadClass;java.lang.ThreadLocal;com.jme3.bounding.BoundingBox.containAABB;249;org.dacapo.harness.DacapoClassLoader;BootstrapClassLoader
ClassLoader.loadClass;java.lang.ThreadLocal;jdk.nio.zipfs.ZipFileSystem$IndexNode.<clinit>;2593;jdk.internal.loader.ClassLoaders$PlatformClassLoader;BootstrapClassLoader
ClassLoader.loadClass;java.lang.Throwable;java.lang.Class.forName0;;org.dacapo.harness.DacapoClassLoader;BootstrapClassLoader
ClassLoader.loadClass;java.lang.Throwable;java.lang.Class.getDeclaredMethods0;;jdk.internal.loader.ClassLoaders$PlatformClassLoader;BootstrapClassLoader
ClassLoader.loadClass;java.lang.UnsatisfiedLinkError;com.jme3.system.JmeDesktopSystem.initialize;342;org.dacapo.harness.DacapoClassLoader;BootstrapClassLoader
ClassLoader.loadClass;java.lang.UnsupportedClassVersionError;java.lang.Class.forName0;;org.dacapo.harness.DacapoClassLoader;BootstrapClassLoader
ClassLoader.loadClass;java.lang.UnsupportedOperationException;java.lang.Class.forName0;;org.dacapo.harness.DacapoClassLoader;BootstrapClassLoader
ClassLoader.loadClass;java.lang.UnsupportedOperationException;java.lang.Class.getDeclaredMethods0;;jdk.internal.loader.ClassLoaders$PlatformClassLoader;BootstrapClassLoader
ClassLoader.loadClass;java.lang.UnsupportedOperationException;org.dacapo.harness.CommandLineArgs.makeOption;482;jdk.internal.loader.ClassLoaders$AppClassLoader;BootstrapClassLoader
ClassLoader.loadClass;java.lang.invoke.LambdaMetafactory;jdk.nio.zipfs.ZipFileSystem.<clinit>;86;jdk.internal.loader.ClassLoaders$PlatformClassLoader;BootstrapClassLoader
ClassLoader.loadClass;java.lang.invoke.LambdaMetafactory;org.dacapo.harness.CommandLineArgs.extractBenchmarkSet;291;jdk.internal.loader.ClassLoaders$AppClassLoader;BootstrapClassLoader
ClassLoader.loadClass;java.lang.ref.PhantomReference;java.lang.ClassLoader.defineClass1;;org.dacapo.harness.DacapoClassLoader;BootstrapClassLoader
ClassLoader.loadClass;java.lang.ref.ReferenceQueue;com.jme3.util.BufferUtils.<clinit>;68;org.dacapo.harness.DacapoClassLoader;BootstrapClassLoader
ClassLoader.loadClass;java.lang.ref.WeakReference;java.lang.ClassLoader.defineClass1;;org.dacapo.harness.DacapoClassLoader;BootstrapClassLoader
ClassLoader.loadClass;java.lang.reflect.Array;com.jme3.util.SafeArrayList.createArray;128;org.dacapo.harness.DacapoClassLoader;BootstrapClassLoader
ClassLoader.loadClass;java.lang.reflect.Constructor;jme3test.TestChooser$2.run;261;org.dacapo.harness.DacapoClassLoader;BootstrapClassLoader
ClassLoader.loadClass;java.lang.reflect.Constructor;org.dacapo.harness.TestHarness.runBenchmark;218;jdk.internal.loader.ClassLoaders$AppClassLoader;BootstrapClassLoader
ClassLoader.loadClass;java.lang.reflect.Field;jme3test.TestChooser$2.run;266;org.dacapo.harness.DacapoClassLoader;BootstrapClassLoader
ClassLoader.loadClass;java.lang.reflect.Field;org.dacapo.harness.JME.prepare;49;jdk.internal.loader.ClassLoaders$AppClassLoader;BootstrapClassLoader
ClassLoader.loadClass;java.lang.reflect.InvocationTargetException;java.lang.Class.forName0;;org.dacapo.harness.DacapoClassLoader;BootstrapClassLoader
ClassLoader.loadClass;java.lang.reflect.InvocationTargetException;java.lang.Class.getDeclaredMethods0;;jdk.internal.loader.ClassLoaders$AppClassLoader;BootstrapClassLoader
ClassLoader.loadClass;java.lang.reflect.Method;Harness.main;39;jdk.internal.loader.ClassLoaders$AppClassLoader;BootstrapClassLoader
ClassLoader.loadClass;java.lang.reflect.Method;com.jme3.util.ReflectionAllocator.loadMethod;74;org.dacapo.harness.DacapoClassLoader;BootstrapClassLoader
ClassLoader.loadClass;java.net.MalformedURLException;java.lang.Class.forName0;;org.dacapo.harness.DacapoClassLoader;BootstrapClassLoader
ClassLoader.loadClass;java.net.URI;java.lang.Class.getDeclaredMethods0;;jdk.internal.loader.ClassLoaders$PlatformClassLoader;BootstrapClassLoader
ClassLoader.loadClass;java.net.URI;jme3test.TestChooser.find;129;org.dacapo.harness.DacapoClassLoader;BootstrapClassLoader
ClassLoader.loadClass;java.net.URISyntaxException;java.lang.Class.forName0;;org.dacapo.harness.DacapoClassLoader;BootstrapClassLoader
ClassLoader.loadClass;java.net.URISyntaxException;java.lang.Class.getDeclaredMethods0;;jdk.internal.loader.ClassLoaders$PlatformClassLoader;BootstrapClassLoader
ClassLoader.loadClass;java.net.URL;jme3test.TestChooser.find;123;org.dacapo.harness.DacapoClassLoader;BootstrapClassLoader
ClassLoader.loadClass;java.net.URLClassLoader;java.lang.Class.getDeclaredMethods0;;jdk.internal.loader.ClassLoaders$AppClassLoader;BootstrapClassLoader
ClassLoader.loadClass;java.net.URLConnection;com.jme3.asset.plugins.UrlAssetInfo.create;57;org.dacapo.harness.DacapoClassLoader;BootstrapClassLoader
ClassLoader.loadClass;java.nio.Buffer;java.lang.Class.forName0;;org.dacapo.harness.DacapoClassLoader;BootstrapClassLoader
ClassLoader.loadClass;java.nio.BufferUnderflowException;com.jme3.terrain.geomipmap.TerrainPatch.<init>;187;org.dacapo.harness.DacapoClassLoader;BootstrapClassLoader
ClassLoader.loadClass;java.nio.ByteBuffer;java.lang.Class.forName0;;org.dacapo.harness.DacapoClassLoader;BootstrapClassLoader
ClassLoader.loadClass;java.nio.ByteBuffer;jdk.nio.zipfs.ZipFileSystem.readFullyAt;1233;jdk.internal.loader.ClassLoaders$PlatformClassLoader;BootstrapClassLoader
ClassLoader.loadClass;java.nio.ByteOrder;com.jme3.util.BufferUtils.createFloatBuffer;870;org.dacapo.harness.DacapoClassLoader;BootstrapClassLoader
ClassLoader.loadClass;java.nio.DoubleBuffer;com.jme3.scene.shape.Box.doUpdateGeometryVertices;171;org.dacapo.harness.DacapoClassLoader;BootstrapClassLoader
ClassLoader.loadClass;java.nio.FloatBuffer;java.lang.Class.forName0;;org.dacapo.harness.DacapoClassLoader;BootstrapClassLoader
ClassLoader.loadClass;java.nio.IntBuffer;jme3test.scene.TestSceneStress.<clinit>;62;org.dacapo.harness.DacapoClassLoader;BootstrapClassLoader
ClassLoader.loadClass;java.nio.ShortBuffer;jme3test.scene.TestSceneStress.<clinit>;62;org.dacapo.harness.DacapoClassLoader;BootstrapClassLoader
ClassLoader.loadClass;java.nio.channels.AsynchronousFileChannel;java.lang.Class.getDeclaredMethods0;;jdk.internal.loader.ClassLoaders$PlatformClassLoader;BootstrapClassLoader
ClassLoader.loadClass;java.nio.channels.FileChannel;java.lang.Class.getDeclaredMethods0;;jdk.internal.loader.ClassLoaders$PlatformClassLoader;BootstrapClassLoader
ClassLoader.loadClass;java.nio.channels.SeekableByteChannel;java.lang.Class.getDeclaredMethods0;;jdk.internal.loader.ClassLoaders$PlatformClassLoader;BootstrapClassLoader
ClassLoader.loadClass;java.nio.charset.Charset;jdk.nio.zipfs.ZipCoder.get;72;jdk.internal.loader.ClassLoaders$PlatformClassLoader;BootstrapClassLoader
ClassLoader.loadClass;java.nio.charset.StandardCharsets;jdk.nio.zipfs.ZipCoder$UTF8.<init>;49;jdk.internal.loader.ClassLoaders$PlatformClassLoader;BootstrapClassLoader
ClassLoader.loadClass;java.nio.file.AccessDeniedException;jdk.nio.zipfs.ZipFileSystem.<init>;176;jdk.internal.loader.ClassLoaders$PlatformClassLoader;BootstrapClassLoader
ClassLoader.loadClass;java.nio.file.AccessMode;java.lang.Class.getDeclaredMethods0;;jdk.internal.loader.ClassLoaders$PlatformClassLoader;BootstrapClassLoader
ClassLoader.loadClass;java.nio.file.ClosedDirectoryStreamException;jdk.nio.zipfs.ZipPath.newDirectoryStream;755;jdk.internal.loader.ClassLoaders$PlatformClassLoader;BootstrapClassLoader
ClassLoader.loadClass;java.nio.file.ClosedFileSystemException;jdk.nio.zipfs.ZipFileSystemProvider.getZipFileSystem;125;jdk.internal.loader.ClassLoaders$PlatformClassLoader;BootstrapClassLoader
ClassLoader.loadClass;java.nio.file.CopyOption;java.lang.Class.getDeclaredMethods0;;jdk.internal.loader.ClassLoaders$PlatformClassLoader;BootstrapClassLoader
ClassLoader.loadClass;java.nio.file.DirectoryIteratorException;jdk.nio.zipfs.ZipPath.newDirectoryStream;755;jdk.internal.loader.ClassLoaders$PlatformClassLoader;BootstrapClassLoader
ClassLoader.loadClass;java.nio.file.DirectoryNotEmptyException;jdk.nio.zipfs.ZipFileSystemProvider.getZipFileSystem;125;jdk.internal.loader.ClassLoaders$PlatformClassLoader;BootstrapClassLoader
ClassLoader.loadClass;java.nio.file.DirectoryStream$Filter;java.lang.Class.forName0;;org.dacapo.harness.DacapoClassLoader;BootstrapClassLoader
ClassLoader.loadClass;java.nio.file.DirectoryStream$Filter;java.lang.Class.getDeclaredMethods0;;jdk.internal.loader.ClassLoaders$PlatformClassLoader;BootstrapClassLoader
ClassLoader.loadClass;java.nio.file.DirectoryStream;java.lang.Class.getDeclaredMethods0;;jdk.internal.loader.ClassLoaders$PlatformClassLoader;BootstrapClassLoader
ClassLoader.loadClass;java.nio.file.DirectoryStream;jme3test.TestChooser.addAllFilesInDirectory;203;org.dacapo.harness.DacapoClassLoader;BootstrapClassLoader
ClassLoader.loadClass;java.nio.file.FileAlreadyExistsException;jdk.nio.zipfs.ZipFileSystemProvider.getZipFileSystem;125;jdk.internal.loader.ClassLoaders$PlatformClassLoader;BootstrapClassLoader
ClassLoader.loadClass;java.nio.file.FileStore;java.lang.Class.getDeclaredMethods0;;jdk.internal.loader.ClassLoaders$PlatformClassLoader;BootstrapClassLoader
ClassLoader.loadClass;java.nio.file.FileSystem;java.lang.Class.getDeclaredMethods0;;jdk.internal.loader.ClassLoaders$PlatformClassLoader;BootstrapClassLoader
ClassLoader.loadClass;java.nio.file.FileSystem;jme3test.TestChooser.find;147;org.dacapo.harness.DacapoClassLoader;BootstrapClassLoader
ClassLoader.loadClass;java.nio.file.FileSystem;org.dacapo.harness.CommandLineArgs.extractBenchmarkSet;286;jdk.internal.loader.ClassLoaders$AppClassLoader;BootstrapClassLoader
ClassLoader.loadClass;java.nio.file.FileSystemAlreadyExistsException;java.lang.Class.getDeclaredMethods0;;jdk.internal.loader.ClassLoaders$PlatformClassLoader;BootstrapClassLoader
ClassLoader.loadClass;java.nio.file.FileSystemException;jdk.nio.zipfs.ZipFileSystemProvider.getZipFileSystem;125;jdk.internal.loader.ClassLoaders$PlatformClassLoader;BootstrapClassLoader
ClassLoader.loadClass;java.nio.file.FileSystemNotFoundException;java.lang.Class.getDeclaredMethods0;;jdk.internal.loader.ClassLoaders$PlatformClassLoader;BootstrapClassLoader
ClassLoader.loadClass;java.nio.file.FileSystems;jme3test.TestChooser.find;131;org.dacapo.harness.DacapoClassLoader;BootstrapClassLoader
ClassLoader.loadClass;java.nio.file.FileSystems;org.dacapo.harness.CommandLineArgs.extractBenchmarkSet;285;jdk.internal.loader.ClassLoaders$AppClassLoader;BootstrapClassLoader
ClassLoader.loadClass;java.nio.file.FileVisitOption;org.dacapo.harness.CommandLineArgs.extractBenchmarkSet;291;jdk.internal.loader.ClassLoaders$AppClassLoader;BootstrapClassLoader
ClassLoader.loadClass;java.nio.file.Files;jdk.nio.zipfs.ZipFileSystemProvider.ensureFile;85;jdk.internal.loader.ClassLoaders$PlatformClassLoader;BootstrapClassLoader
ClassLoader.loadClass;java.nio.file.Files;jme3test.TestChooser.addAllFilesInDirectory;202;org.dacapo.harness.DacapoClassLoader;BootstrapClassLoader
ClassLoader.loadClass;java.nio.file.Files;org.dacapo.harness.CommandLineArgs.extractBenchmarkSet;291;jdk.internal.loader.ClassLoaders$AppClassLoader;BootstrapClassLoader
ClassLoader.loadClass;java.nio.file.InvalidPathException;jdk.nio.zipfs.ZipFileSystem.<init>;176;jdk.internal.loader.ClassLoaders$PlatformClassLoader;BootstrapClassLoader
ClassLoader.loadClass;java.nio.file.LinkOption;java.lang.Class.getDeclaredMethods0;;jdk.internal.loader.ClassLoaders$PlatformClassLoader;BootstrapClassLoader
ClassLoader.loadClass;java.nio.file.LinkOption;jme3test.TestChooser$1.accept;237;org.dacapo.harness.DacapoClassLoader;BootstrapClassLoader
ClassLoader.loadClass;java.nio.file.NoSuchFileException;java.lang.Class.forName0;;org.dacapo.harness.DacapoClassLoader;BootstrapClassLoader
ClassLoader.loadClass;java.nio.file.NoSuchFileException;jdk.nio.zipfs.ZipFileSystemProvider.getZipFileSystem;125;jdk.internal.loader.ClassLoaders$PlatformClassLoader;BootstrapClassLoader
ClassLoader.loadClass;java.nio.file.NotDirectoryException;jdk.nio.zipfs.ZipFileSystemProvider.getZipFileSystem;125;jdk.internal.loader.ClassLoaders$PlatformClassLoader;BootstrapClassLoader
ClassLoader.loadClass;java.nio.file.OpenOption;java.lang.Class.getDeclaredMethods0;;jdk.internal.loader.ClassLoaders$PlatformClassLoader;BootstrapClassLoader
ClassLoader.loadClass;java.nio.file.OpenOption;org.dacapo.harness.Benchmark.getMD5;403;jdk.internal.loader.ClassLoaders$AppClassLoader;BootstrapClassLoader
ClassLoader.loadClass;java.nio.file.Path;java.lang.Class.getDeclaredMethods0;;jdk.internal.loader.ClassLoaders$PlatformClassLoader;BootstrapClassLoader
ClassLoader.loadClass;java.nio.file.Path;jme3test.TestChooser.find;139;org.dacapo.harness.DacapoClassLoader;BootstrapClassLoader
ClassLoader.loadClass;java.nio.file.Path;org.dacapo.harness.CommandLineArgs.extractBenchmarkSet;291;jdk.internal.loader.ClassLoaders$AppClassLoader;BootstrapClassLoader
ClassLoader.loadClass;java.nio.file.Paths;jdk.nio.zipfs.ZipFileSystemProvider.uriToPath;76;jdk.internal.loader.ClassLoaders$PlatformClassLoader;BootstrapClassLoader
ClassLoader.loadClass;java.nio.file.Paths;jme3test.TestChooser.find;138;org.dacapo.harness.DacapoClassLoader;BootstrapClassLoader
ClassLoader.loadClass;java.nio.file.Paths;org.dacapo.harness.Data.<clinit>;36;jdk.internal.loader.ClassLoaders$AppClassLoader;BootstrapClassLoader
ClassLoader.loadClass;java.nio.file.ProviderMismatchException;java.lang.Class.getDeclaredMethods0;;jdk.internal.loader.ClassLoaders$PlatformClassLoader;BootstrapClassLoader
ClassLoader.loadClass;java.nio.file.ReadOnlyFileSystemException;jdk.nio.zipfs.ZipFileSystemProvider.getZipFileSystem;125;jdk.internal.loader.ClassLoaders$PlatformClassLoader;BootstrapClassLoader
ClassLoader.loadClass;java.nio.file.StandardOpenOption;jdk.nio.zipfs.ZipFileSystem.<init>;177;jdk.internal.loader.ClassLoaders$PlatformClassLoader;BootstrapClassLoader
ClassLoader.loadClass;java.nio.file.attribute.BasicFileAttributeView;java.lang.ClassLoader.defineClass2;;jdk.internal.loader.ClassLoaders$PlatformClassLoader;BootstrapClassLoader
ClassLoader.loadClass;java.nio.file.attribute.BasicFileAttributes;java.lang.Class.getDeclaredMethods0;;jdk.internal.loader.ClassLoaders$PlatformClassLoader;BootstrapClassLoader
ClassLoader.loadClass;java.nio.file.attribute.FileAttribute;java.lang.Class.getDeclaredMethods0;;jdk.internal.loader.ClassLoaders$PlatformClassLoader;BootstrapClassLoader
ClassLoader.loadClass;java.nio.file.attribute.FileAttributeView;java.lang.Class.getDeclaredMethods0;;jdk.internal.loader.ClassLoaders$PlatformClassLoader;BootstrapClassLoader
ClassLoader.loadClass;java.nio.file.attribute.PosixFileAttributeView;java.lang.ClassLoader.defineClass2;;jdk.internal.loader.ClassLoaders$PlatformClassLoader;BootstrapClassLoader
ClassLoader.loadClass;java.nio.file.attribute.PosixFileAttributes;java.lang.ClassLoader.defineClass2;;jdk.internal.loader.ClassLoaders$PlatformClassLoader;BootstrapClassLoader
ClassLoader.loadClass;java.nio.file.attribute.PosixFilePermissions;jdk.nio.zipfs.ZipFileSystem.<clinit>;101;jdk.internal.loader.ClassLoaders$PlatformClassLoader;BootstrapClassLoader
ClassLoader.loadClass;java.nio.file.spi.FileSystemProvider;java.lang.ClassLoader.defineClass2;;jdk.internal.loader.ClassLoaders$PlatformClassLoader;BootstrapClassLoader
ClassLoader.loadClass;java.security.AccessController;jdk.nio.zipfs.ZipFileSystem.<clinit>;86;jdk.internal.loader.ClassLoaders$PlatformClassLoader;BootstrapClassLoader
ClassLoader.loadClass;java.security.BasicPermission;java.lang.ClassLoader.defineClass1;;jdk.internal.loader.ClassLoaders$AppClassLoader;BootstrapClassLoader
ClassLoader.loadClass;java.security.CodeSource;org.dacapo.harness.TestHarness.getManifestAttribute;284;jdk.internal.loader.ClassLoaders$AppClassLoader;BootstrapClassLoader
ClassLoader.loadClass;java.security.MessageDigest;org.dacapo.harness.Benchmark.getMD5;401;jdk.internal.loader.ClassLoaders$AppClassLoader;BootstrapClassLoader
ClassLoader.loadClass;java.security.NoSuchAlgorithmException;org.dacapo.harness.FileDigest.getText;84;jdk.internal.loader.ClassLoaders$AppClassLoader;BootstrapClassLoader
ClassLoader.loadClass;java.security.Permission;org.dacapo.harness.Benchmark.getMD5;409;jdk.internal.loader.ClassLoaders$AppClassLoader;BootstrapClassLoader
ClassLoader.loadClass;java.security.PrivilegedAction;jdk.nio.zipfs.ZipFileSystem.<clinit>;86;jdk.internal.loader.ClassLoaders$PlatformClassLoader;BootstrapClassLoader
ClassLoader.loadClass;java.security.PrivilegedActionException;java.lang.Class.getDeclaredMethods0;;jdk.internal.loader.ClassLoaders$PlatformClassLoader;BootstrapClassLoader
ClassLoader.loadClass;java.security.PrivilegedExceptionAction;jdk.nio.zipfs.ZipFileSystem.close;483;jdk.internal.loader.ClassLoaders$PlatformClassLoader;BootstrapClassLoader
ClassLoader.loadClass;java.security.ProtectionDomain;org.dacapo.harness.TestHarness.getManifestAttribute;284;jdk.internal.loader.ClassLoaders$AppClassLoader;BootstrapClassLoader
ClassLoader.loadClass;java.time.DateTimeException;jdk.nio.zipfs.ZipFileSystem$Entry.readCEN;2798;jdk.internal.loader.ClassLoaders$PlatformClassLoader;BootstrapClassLoader
ClassLoader.loadClass;java.time.LocalDateTime;jdk.nio.zipfs.ZipUtils.dosToJavaTime;216;jdk.internal.loader.ClassLoaders$PlatformClassLoader;BootstrapClassLoader
ClassLoader.loadClass;java.time.ZoneId;jdk.nio.zipfs.ZipUtils.dosToJavaTime;218;jdk.internal.loader.ClassLoaders$PlatformClassLoader;BootstrapClassLoader
ClassLoader.loadClass;java.time.zone.ZoneRules;jdk.nio.zipfs.ZipUtils.dosToJavaTime;218;jdk.internal.loader.ClassLoaders$PlatformClassLoader;BootstrapClassLoader
ClassLoader.loadClass;java.util.AbstractMap;java.lang.ClassLoader.defineClass1;;org.dacapo.harness.DacapoClassLoader;BootstrapClassLoader
ClassLoader.loadClass;java.util.ArrayList;com.jme3.util.SafeArrayList.getBuffer;164;org.dacapo.harness.DacapoClassLoader;BootstrapClassLoader
ClassLoader.loadClass;java.util.ArrayList;jdk.nio.zipfs.ZipFileSystem.<init>;2390;jdk.internal.loader.ClassLoaders$PlatformClassLoader;BootstrapClassLoader
ClassLoader.loadClass;java.util.ArrayList;org.apache.commons.cli.Option.<init>;328;jdk.internal.loader.ClassLoaders$AppClassLoader;BootstrapClassLoader
ClassLoader.loadClass;java.util.Arrays;com.jme3.util.SafeArrayList.getBuffer;169;org.dacapo.harness.DacapoClassLoader;BootstrapClassLoader
ClassLoader.loadClass;java.util.Arrays;jdk.nio.zipfs.ZipFileSystem$IndexNode.name;2606;jdk.internal.loader.ClassLoaders$PlatformClassLoader;BootstrapClassLoader
ClassLoader.loadClass;java.util.Arrays;org.apache.commons.cli.PosixParser.flatten;124;jdk.internal.loader.ClassLoaders$AppClassLoader;BootstrapClassLoader
ClassLoader.loadClass;java.util.Calendar;javax.xml.bind.DatatypeConverter.initConverter;155;jdk.internal.loader.ClassLoaders$AppClassLoader;BootstrapClassLoader
ClassLoader.loadClass;java.util.Collection;java.lang.Class.forName0;;org.dacapo.harness.DacapoClassLoader;BootstrapClassLoader
ClassLoader.loadClass;java.util.Collection;jdk.nio.zipfs.ZipFileSystemProvider.getZipFileSystem;125;jdk.internal.loader.ClassLoaders$PlatformClassLoader;BootstrapClassLoader
ClassLoader.loadClass;java.util.Collection;org.dacapo.harness.TestHarness.main;101;jdk.internal.loader.ClassLoaders$AppClassLoader;BootstrapClassLoader
ClassLoader.loadClass;java.util.Collections;jdk.nio.zipfs.ZipFileSystem.<init>;1133;jdk.internal.loader.ClassLoaders$PlatformClassLoader;BootstrapClassLoader
ClassLoader.loadClass;java.util.Collections;jme3test.TestChooser.find;131;org.dacapo.harness.DacapoClassLoader;BootstrapClassLoader
ClassLoader.loadClass;java.util.Collections;org.apache.commons.cli.Options.getRequiredOptions;269;jdk.internal.loader.ClassLoaders$AppClassLoader;BootstrapClassLoader
ClassLoader.loadClass;java.util.Comparator;com.jme3.scene.Spatial.<init>;208;org.dacapo.harness.DacapoClassLoader;BootstrapClassLoader
ClassLoader.loadClass;java.util.Deque;java.lang.Class.forName0;;org.dacapo.harness.DacapoClassLoader;BootstrapClassLoader
ClassLoader.loadClass;java.util.EnumMap;com.jme3.system.JmeSystemDelegate.<init>;58;org.dacapo.harness.DacapoClassLoader;BootstrapClassLoader
ClassLoader.loadClass;java.util.EnumSet;com.jme3.system.NullRenderer.<init>;58;org.dacapo.harness.DacapoClassLoader;BootstrapClassLoader
ClassLoader.loadClass;java.util.EventObject;java.lang.ClassLoader.defineClass1;;org.dacapo.harness.DacapoClassLoader;BootstrapClassLoader
ClassLoader.loadClass;java.util.GregorianCalendar;javax.xml.bind.DatatypeConverter.initConverter;155;jdk.internal.loader.ClassLoaders$AppClassLoader;BootstrapClassLoader
ClassLoader.loadClass;java.util.HashMap;java.lang.ClassLoader.defineClass1;;org.dacapo.harness.DacapoClassLoader;BootstrapClassLoader
ClassLoader.loadClass;java.util.HashMap;jdk.nio.zipfs.ZipFileSystemProvider.<init>;55;jdk.internal.loader.ClassLoaders$PlatformClassLoader;BootstrapClassLoader
ClassLoader.loadClass;java.util.HashMap;org.dacapo.parser.Config.<init>;255;jdk.internal.loader.ClassLoaders$AppClassLoader;BootstrapClassLoader
ClassLoader.loadClass;java.util.HashSet;com.jme3.light.DefaultLightFilter.<init>;45;org.dacapo.harness.DacapoClassLoader;BootstrapClassLoader
ClassLoader.loadClass;java.util.HashSet;jdk.nio.zipfs.ZipFileSystem.<init>;1132;jdk.internal.loader.ClassLoaders$PlatformClassLoader;BootstrapClassLoader
ClassLoader.loadClass;java.util.HashSet;org.apache.commons.cli.Options.getOptionGroups;251;jdk.internal.loader.ClassLoaders$AppClassLoader;BootstrapClassLoader
ClassLoader.loadClass;java.util.IdentityHashMap;com.jme3.util.clone.Cloner.<init>;107;org.dacapo.harness.DacapoClassLoader;BootstrapClassLoader
ClassLoader.loadClass;java.util.Iterator;jdk.nio.zipfs.ZipFileSystem.<init>;176;jdk.internal.loader.ClassLoaders$PlatformClassLoader;BootstrapClassLoader
ClassLoader.loadClass;java.util.Iterator;jme3test.TestChooser.addAllFilesInDirectory;203;org.dacapo.harness.DacapoClassLoader;BootstrapClassLoader
ClassLoader.loadClass;java.util.Iterator;org.apache.commons.cli.Parser.parse;136;jdk.internal.loader.ClassLoaders$AppClassLoader;BootstrapClassLoader
ClassLoader.loadClass;java.util.LinkedHashMap;jdk.nio.zipfs.ZipFileSystem.initCEN;1557;jdk.internal.loader.ClassLoaders$PlatformClassLoader;BootstrapClassLoader
ClassLoader.loadClass;java.util.LinkedHashMap;org.apache.commons.cli.Options.<init>;44;jdk.internal.loader.ClassLoaders$AppClassLoader;BootstrapClassLoader
ClassLoader.loadClass;java.util.LinkedHashSet;jme3test.TestChooser.start;361;org.dacapo.harness.DacapoClassLoader;BootstrapClassLoader
ClassLoader.loadClass;java.util.LinkedList;com.jme3.util.clone.Cloner.<init>;127;org.dacapo.harness.DacapoClassLoader;BootstrapClassLoader
ClassLoader.loadClass;java.util.LinkedList;org.apache.commons.cli.CommandLine.<init>;81;jdk.internal.loader.ClassLoaders$AppClassLoader;BootstrapClassLoader
ClassLoader.loadClass;java.util.List;java.lang.Class.forName0;;org.dacapo.harness.DacapoClassLoader;BootstrapClassLoader
ClassLoader.loadClass;java.util.List;jdk.nio.zipfs.ZipFileSystemProvider.getZipFileSystem;125;jdk.internal.loader.ClassLoaders$PlatformClassLoader;BootstrapClassLoader
ClassLoader.loadClass;java.util.List;org.dacapo.harness.TestHarness.main;101;jdk.internal.loader.ClassLoaders$AppClassLoader;BootstrapClassLoader
ClassLoader.loadClass;java.util.ListIterator;com.jme3.scene.Mesh.<init>;160;org.dacapo.harness.DacapoClassLoader;BootstrapClassLoader
ClassLoader.loadClass;java.util.ListIterator;org.apache.commons.cli.Parser.parse;161;jdk.internal.loader.ClassLoaders$AppClassLoader;BootstrapClassLoader
ClassLoader.loadClass;java.util.ListResourceBundle;java.lang.ClassLoader.defineClass2;;jdk.internal.loader.ClassLoaders$PlatformClassLoader;BootstrapClassLoader
ClassLoader.loadClass;java.util.Locale;com.jme3.asset.AssetConfig.loadText;78;org.dacapo.harness.DacapoClassLoader;BootstrapClassLoader
ClassLoader.loadClass;java.util.Locale;java.lang.Class.getDeclaredMethods0;;jdk.internal.loader.ClassLoaders$PlatformClassLoader;BootstrapClassLoader
ClassLoader.loadClass;java.util.Locale;org.dacapo.harness.TestHarness.main;80;jdk.internal.loader.ClassLoaders$AppClassLoader;BootstrapClassLoader
ClassLoader.loadClass;java.util.Map$Entry;com.jme3.util.clone.Cloner.getCloneFunction;327;org.dacapo.harness.DacapoClassLoader;BootstrapClassLoader
ClassLoader.loadClass;java.util.Map;com.jme3.app.SimpleApplication.<init>;84;org.dacapo.harness.DacapoClassLoader;BootstrapClassLoader
ClassLoader.loadClass;java.util.Map;java.lang.Class.getDeclaredMethods0;;jdk.internal.loader.ClassLoaders$PlatformClassLoader;BootstrapClassLoader
ClassLoader.loadClass;java.util.Map;org.dacapo.harness.CommandLineArgs.<clinit>;145;jdk.internal.loader.ClassLoaders$AppClassLoader;BootstrapClassLoader
ClassLoader.loadClass;java.util.NoSuchElementException;com.jme3.util.SafeArrayList.listIterator;370;org.dacapo.harness.DacapoClassLoader;BootstrapClassLoader
ClassLoader.loadClass;java.util.NoSuchElementException;jdk.nio.zipfs.ZipDirectoryStream.iterator;74;jdk.internal.loader.ClassLoaders$PlatformClassLoader;BootstrapClassLoader
ClassLoader.loadClass;java.util.Objects;jdk.nio.zipfs.ZipFileSystem.getInode;1892;jdk.internal.loader.ClassLoaders$PlatformClassLoader;BootstrapClassLoader
ClassLoader.loadClass;java.util.Properties;com.jme3.system.JmeVersion.<clinit>;47;org.dacapo.harness.DacapoClassLoader;BootstrapClassLoader
ClassLoader.loadClass;java.util.Properties;org.dacapo.harness.Data.getLocation;58;jdk.internal.loader.ClassLoaders$AppClassLoader;BootstrapClassLoader
ClassLoader.loadClass;java.util.Queue;java.lang.Class.forName0;;org.dacapo.harness.DacapoClassLoader;BootstrapClassLoader
ClassLoader.loadClass;java.util.Random;com.jme3.math.FastMath.<clinit>;97;org.dacapo.harness.DacapoClassLoader;BootstrapClassLoader
ClassLoader.loadClass;java.util.ResourceBundle;java.lang.Class.getDeclaredMethods0;;jdk.internal.loader.ClassLoaders$PlatformClassLoader;BootstrapClassLoader
ClassLoader.loadClass;java.util.Scanner;com.jme3.asset.AssetConfig.loadText;77;org.dacapo.harness.DacapoClassLoader;BootstrapClassLoader
ClassLoader.loadClass;java.util.Set;java.lang.Class.forName0;;org.dacapo.harness.DacapoClassLoader;BootstrapClassLoader
ClassLoader.loadClass;java.util.Set;java.lang.Class.getDeclaredMethods0;;jdk.internal.loader.ClassLoaders$PlatformClassLoader;BootstrapClassLoader
ClassLoader.loadClass;java.util.Set;org.dacapo.harness.TestHarness.main;108;jdk.internal.loader.ClassLoaders$AppClassLoader;BootstrapClassLoader
ClassLoader.loadClass;java.util.Stack;com.jme3.util.clone.Cloner.<init>;130;org.dacapo.harness.DacapoClassLoader;BootstrapClassLoader
ClassLoader.loadClass;java.util.TreeMap;org.dacapo.harness.DacapoClassLoader.sortURLs;38;jdk.internal.loader.ClassLoaders$AppClassLoader;BootstrapClassLoader
ClassLoader.loadClass;java.util.Vector;com.jme3.util.clone.Cloner.<init>;129;org.dacapo.harness.DacapoClassLoader;BootstrapClassLoader
ClassLoader.loadClass;java.util.Vector;org.dacapo.parser.ConfigFile.sizeClause;161;jdk.internal.loader.ClassLoaders$AppClassLoader;BootstrapClassLoader
ClassLoader.loadClass;java.util.concurrent.BlockingQueue;java.lang.Class.forName0;;org.dacapo.harness.DacapoClassLoader;BootstrapClassLoader
ClassLoader.loadClass;java.util.concurrent.Callable;java.lang.Class.forName0;;org.dacapo.harness.DacapoClassLoader;BootstrapClassLoader
ClassLoader.loadClass;java.util.concurrent.ConcurrentHashMap;com.jme3.util.BufferUtils.<clinit>;69;org.dacapo.harness.DacapoClassLoader;BootstrapClassLoader
ClassLoader.loadClass;java.util.concurrent.ConcurrentLinkedQueue;com.jme3.app.LegacyApplication.<init>;99;org.dacapo.harness.DacapoClassLoader;BootstrapClassLoader
ClassLoader.loadClass;java.util.concurrent.ConcurrentMap;com.jme3.app.LegacyApplication.initStateManager;362;org.dacapo.harness.DacapoClassLoader;BootstrapClassLoader
ClassLoader.loadClass;java.util.concurrent.CopyOnWriteArrayList;com.jme3.asset.ImplHandler.<init>;60;org.dacapo.harness.DacapoClassLoader;BootstrapClassLoader
ClassLoader.loadClass;java.util.concurrent.CountDownLatch;jme3test.awt.TestAwtPanels.<clinit>;24;org.dacapo.harness.DacapoClassLoader;BootstrapClassLoader
ClassLoader.loadClass;java.util.concurrent.ExecutorService;java.lang.Class.forName0;;org.dacapo.harness.DacapoClassLoader;BootstrapClassLoader
ClassLoader.loadClass;java.util.concurrent.ExecutorService;java.lang.Class.getDeclaredMethods0;;jdk.internal.loader.ClassLoaders$PlatformClassLoader;BootstrapClassLoader
ClassLoader.loadClass;java.util.concurrent.Executors;jme3test.stress.TestParallelTangentGeneration.<clinit>;44;org.dacapo.harness.DacapoClassLoader;BootstrapClassLoader
ClassLoader.loadClass;java.util.concurrent.Future;java.lang.Class.forName0;;org.dacapo.harness.DacapoClassLoader;BootstrapClassLoader
ClassLoader.loadClass;java.util.concurrent.SynchronousQueue;jme3test.TestChooser.start;355;org.dacapo.harness.DacapoClassLoader;BootstrapClassLoader
ClassLoader.loadClass;java.util.concurrent.ThreadFactory;java.lang.Class.forName0;;org.dacapo.harness.DacapoClassLoader;BootstrapClassLoader
ClassLoader.loadClass;java.util.concurrent.ThreadPoolExecutor;jme3test.TestChooser.start;355;org.dacapo.harness.DacapoClassLoader;BootstrapClassLoader
ClassLoader.loadClass;java.util.concurrent.TimeUnit;jdk.nio.zipfs.ZipUtils.dosToJavaTime;217;jdk.internal.loader.ClassLoaders$PlatformClassLoader;BootstrapClassLoader
ClassLoader.loadClass;java.util.concurrent.TimeUnit;jme3test.TestChooser.start;355;org.dacapo.harness.DacapoClassLoader;BootstrapClassLoader
ClassLoader.loadClass;java.util.concurrent.atomic.AtomicBoolean;com.jme3.system.NullContext.<init>;52;org.dacapo.harness.DacapoClassLoader;BootstrapClassLoader
ClassLoader.loadClass;java.util.concurrent.atomic.AtomicInteger;org.dacapo.harness.LatencyReporter.<clinit>;47;jdk.internal.loader.ClassLoaders$AppClassLoader;BootstrapClassLoader
ClassLoader.loadClass;java.util.concurrent.locks.Lock;jdk.nio.zipfs.ZipFileSystem.beginWrite;1186;jdk.internal.loader.ClassLoaders$PlatformClassLoader;BootstrapClassLoader
ClassLoader.loadClass;java.util.concurrent.locks.ReadWriteLock;jdk.nio.zipfs.ZipFileSystemProvider.getZipFileSystem;125;jdk.internal.loader.ClassLoaders$PlatformClassLoader;BootstrapClassLoader
ClassLoader.loadClass;java.util.concurrent.locks.ReentrantReadWriteLock;jdk.nio.zipfs.ZipFileSystem.<init>;1209;jdk.internal.loader.ClassLoaders$PlatformClassLoader;BootstrapClassLoader
ClassLoader.loadClass;java.util.function.BinaryOperator;org.dacapo.harness.Benchmark.getDeps;386;jdk.internal.loader.ClassLoaders$AppClassLoader;BootstrapClassLoader
ClassLoader.loadClass;java.util.function.Function;jdk.nio.zipfs.ZipFileSystem.<init>;132;jdk.internal.loader.ClassLoaders$PlatformClassLoader;BootstrapClassLoader
ClassLoader.loadClass;java.util.function.Function;org.dacapo.harness.CommandLineArgs.extractBenchmarkSet;291;jdk.internal.loader.ClassLoaders$AppClassLoader;BootstrapClassLoader
ClassLoader.loadClass;java.util.function.Predicate;org.dacapo.harness.CommandLineArgs.extractBenchmarkSet;292;jdk.internal.loader.ClassLoaders$AppClassLoader;BootstrapClassLoader
ClassLoader.loadClass;java.util.jar.Attributes$Name;org.dacapo.harness.TestHarness.getManifestAttribute;288;jdk.internal.loader.ClassLoaders$AppClassLoader;BootstrapClassLoader
ClassLoader.loadClass;java.util.jar.Attributes;org.dacapo.harness.TestHarness.getManifestAttribute;288;jdk.internal.loader.ClassLoaders$AppClassLoader;BootstrapClassLoader
ClassLoader.loadClass;java.util.jar.Manifest;org.dacapo.harness.TestHarness.getManifestAttribute;287;jdk.internal.loader.ClassLoaders$AppClassLoader;BootstrapClassLoader
ClassLoader.loadClass;java.util.logging.ConsoleHandler;java.lang.Class.forName0;;org.dacapo.harness.DacapoClassLoader;BootstrapClassLoader
ClassLoader.loadClass;java.util.logging.Formatter;java.lang.Class.forName0;;org.dacapo.harness.DacapoClassLoader;BootstrapClassLoader
ClassLoader.loadClass;java.util.logging.Handler;java.lang.Class.forName0;;org.dacapo.harness.DacapoClassLoader;BootstrapClassLoader
ClassLoader.loadClass;java.util.logging.Level;jme3test.TestChooser.find;139;org.dacapo.harness.DacapoClassLoader;BootstrapClassLoader
ClassLoader.loadClass;java.util.logging.Logger;jme3test.TestChooser.<clinit>;77;org.dacapo.harness.DacapoClassLoader;BootstrapClassLoader
ClassLoader.loadClass;java.util.prefs.BackingStoreException;java.lang.Class.forName0;;org.dacapo.harness.DacapoClassLoader;BootstrapClassLoader
ClassLoader.loadClass;java.util.regex.Matcher;com.jme3.font.ColorTags.setText;79;org.dacapo.harness.DacapoClassLoader;BootstrapClassLoader
ClassLoader.loadClass;java.util.regex.Pattern;com.jme3.font.ColorTags.<clinit>;48;org.dacapo.harness.DacapoClassLoader;BootstrapClassLoader
ClassLoader.loadClass;java.util.regex.PatternSyntaxException;jdk.nio.zipfs.ZipFileSystem$Entry.readCEN;2798;jdk.internal.loader.ClassLoaders$PlatformClassLoader;BootstrapClassLoader
ClassLoader.loadClass;java.util.stream.Collectors;org.dacapo.harness.CommandLineArgs.extractBenchmarkSet;295;jdk.internal.loader.ClassLoaders$AppClassLoader;BootstrapClassLoader
ClassLoader.loadClass;java.util.stream.Stream;org.dacapo.harness.CommandLineArgs.extractBenchmarkSet;292;jdk.internal.loader.ClassLoaders$AppClassLoader;BootstrapClassLoader
ClassLoader.loadClass;java.util.zip.DeflaterOutputStream;java.lang.ClassLoader.defineClass2;;jdk.internal.loader.ClassLoaders$PlatformClassLoader;BootstrapClassLoader
ClassLoader.loadClass;java.util.zip.InflaterInputStream;java.lang.ClassLoader.defineClass2;;jdk.internal.loader.ClassLoaders$PlatformClassLoader;BootstrapClassLoader
ClassLoader.loadClass;java.util.zip.ZipException;java.lang.Class.getDeclaredMethods0;;jdk.internal.loader.ClassLoaders$PlatformClassLoader;BootstrapClassLoader
ClassLoader.loadClass;java.util.zip.ZipInputStream;org.dacapo.harness.TestHarness.main;108;jdk.internal.loader.ClassLoaders$AppClassLoader;BootstrapClassLoader
ClassLoader.loadClass;javax.imageio.ImageIO;com.jme3.texture.plugins.AWTLoader.load;189;org.dacapo.harness.DacapoClassLoader;BootstrapClassLoader
ClassLoader.loadClass;javax.imageio.stream.ImageOutputStream;java.lang.Class.forName0;;org.dacapo.harness.DacapoClassLoader;BootstrapClassLoader
ClassLoader.loadClass;javax.swing.Action;java.lang.Class.forName0;;org.dacapo.harness.DacapoClassLoader;BootstrapClassLoader
ClassLoader.loadClass;javax.swing.JButton;java.lang.Class.forName0;;org.dacapo.harness.DacapoClassLoader;BootstrapClassLoader
ClassLoader.loadClass;javax.swing.JCheckBox;java.lang.Class.forName0;;org.dacapo.harness.DacapoClassLoader;BootstrapClassLoader
ClassLoader.loadClass;javax.swing.JEditorPane;java.lang.Class.forName0;;org.dacapo.harness.DacapoClassLoader;BootstrapClassLoader
ClassLoader.loadClass;javax.swing.JFrame;java.lang.ClassLoader.defineClass1;;org.dacapo.harness.DacapoClassLoader;BootstrapClassLoader
ClassLoader.loadClass;javax.swing.JLabel;java.lang.Class.forName0;;org.dacapo.harness.DacapoClassLoader;BootstrapClassLoader
ClassLoader.loadClass;javax.swing.JList;java.lang.ClassLoader.defineClass1;;org.dacapo.harness.DacapoClassLoader;BootstrapClassLoader
ClassLoader.loadClass;javax.swing.JPanel;java.lang.Class.forName0;;org.dacapo.harness.DacapoClassLoader;BootstrapClassLoader
ClassLoader.loadClass;javax.swing.JScrollPane;java.lang.Class.forName0;;org.dacapo.harness.DacapoClassLoader;BootstrapClassLoader
ClassLoader.loadClass;javax.swing.JSlider;java.lang.Class.forName0;;org.dacapo.harness.DacapoClassLoader;BootstrapClassLoader
ClassLoader.loadClass;javax.swing.JTabbedPane;java.lang.Class.forName0;;org.dacapo.harness.DacapoClassLoader;BootstrapClassLoader
ClassLoader.loadClass;javax.swing.JTextField;java.lang.Class.forName0;;org.dacapo.harness.DacapoClassLoader;BootstrapClassLoader
ClassLoader.loadClass;javax.swing.UIManager;jme3test.TestChooser.main;348;org.dacapo.harness.DacapoClassLoader;BootstrapClassLoader
ClassLoader.loadClass;javax.swing.event.ChangeListener;java.lang.Class.forName0;;org.dacapo.harness.DacapoClassLoader;BootstrapClassLoader
ClassLoader.loadClass;javax.swing.event.DocumentListener;java.lang.Class.forName0;;org.dacapo.harness.DacapoClassLoader;BootstrapClassLoader
ClassLoader.loadClass;javax.xml.bind.DatatypeConverter;org.dacapo.harness.Benchmark.getMD5;409;jdk.internal.loader.ClassLoaders$AppClassLoader;jdk.internal.loader.ClassLoaders$AppClassLoader
ClassLoader.loadClass;javax.xml.bind.DatatypeConverterImpl;javax.xml.bind.DatatypeConverter.initConverter;155;jdk.internal.loader.ClassLoaders$AppClassLoader;jdk.internal.loader.ClassLoaders$AppClassLoader
ClassLoader.loadClass;javax.xml.bind.DatatypeConverterInterface;org.dacapo.harness.Benchmark.getMD5;409;jdk.internal.loader.ClassLoaders$AppClassLoader;jdk.internal.loader.ClassLoaders$AppClassLoader
ClassLoader.loadClass;javax.xml.bind.JAXBPermission;org.dacapo.harness.Benchmark.getMD5;409;jdk.internal.loader.ClassLoaders$AppClassLoader;jdk.internal.loader.ClassLoaders$AppClassLoader
ClassLoader.loadClass;javax.xml.datatype.DatatypeConfigurationException;javax.xml.bind.DatatypeConverter.initConverter;155;jdk.internal.loader.ClassLoaders$AppClassLoader;BootstrapClassLoader
ClassLoader.loadClass;javax.xml.datatype.DatatypeFactory;javax.xml.bind.DatatypeConverterImpl.<clinit>;905;jdk.internal.loader.ClassLoaders$AppClassLoader;BootstrapClassLoader
ClassLoader.loadClass;javax.xml.parsers.ParserConfigurationException;java.lang.Class.forName0;;org.dacapo.harness.DacapoClassLoader;BootstrapClassLoader
ClassLoader.loadClass;jdk.internal.jrtfs.JrtFileSystemProvider;java.lang.Class.forName0;;jdk.internal.loader.ClassLoaders$AppClassLoader;BootstrapClassLoader
ClassLoader.loadClass;jdk.internal.reflect.ConstructorAccessorImpl;java.lang.ClassLoader.defineClass1;;org.dacapo.harness.DacapoClassLoader;BootstrapClassLoader
ClassLoader.loadClass;jdk.internal.reflect.MethodAccessorImpl;java.lang.ClassLoader.defineClass1;;jdk.internal.loader.ClassLoaders$AppClassLoader;BootstrapClassLoader
ClassLoader.loadClass;jdk.internal.reflect.MethodAccessorImpl;java.lang.ClassLoader.defineClass1;;org.dacapo.harness.DacapoClassLoader;BootstrapClassLoader
ClassLoader.loadClass;jdk.nio.zipfs.ZipCoder$UTF8;jdk.nio.zipfs.ZipFileSystem.<init>;175;jdk.internal.loader.ClassLoaders$PlatformClassLoader;jdk.internal.loader.ClassLoaders$PlatformClassLoader
ClassLoader.loadClass;jdk.nio.zipfs.ZipCoder;jdk.nio.zipfs.ZipFileSystem.<init>;175;jdk.internal.loader.ClassLoaders$PlatformClassLoader;jdk.internal.loader.ClassLoaders$PlatformClassLoader
ClassLoader.loadClass;jdk.nio.zipfs.ZipConstants;jdk.nio.zipfs.ZipFileSystem.findEND;1276;jdk.internal.loader.ClassLoaders$PlatformClassLoader;jdk.internal.loader.ClassLoaders$PlatformClassLoader
ClassLoader.loadClass;jdk.nio.zipfs.ZipDirectoryStream$1;jdk.nio.zipfs.ZipDirectoryStream.iterator;74;jdk.internal.loader.ClassLoaders$PlatformClassLoader;jdk.internal.loader.ClassLoaders$PlatformClassLoader
ClassLoader.loadClass;jdk.nio.zipfs.ZipDirectoryStream;jdk.nio.zipfs.ZipPath.newDirectoryStream;755;jdk.internal.loader.ClassLoaders$PlatformClassLoader;jdk.internal.loader.ClassLoaders$PlatformClassLoader
ClassLoader.loadClass;jdk.nio.zipfs.ZipFileAttributeView;jdk.nio.zipfs.ZipFileSystem.<init>;176;jdk.internal.loader.ClassLoaders$PlatformClassLoader;jdk.internal.loader.ClassLoaders$PlatformClassLoader
ClassLoader.loadClass;jdk.nio.zipfs.ZipFileAttributes;java.lang.ClassLoader.defineClass2;;jdk.internal.loader.ClassLoaders$PlatformClassLoader;jdk.internal.loader.ClassLoaders$PlatformClassLoader
ClassLoader.loadClass;jdk.nio.zipfs.ZipFileStore;jdk.nio.zipfs.ZipFileSystemProvider.getZipFileSystem;125;jdk.internal.loader.ClassLoaders$PlatformClassLoader;jdk.internal.loader.ClassLoaders$PlatformClassLoader
ClassLoader.loadClass;jdk.nio.zipfs.ZipFileSystem$1;jdk.nio.zipfs.ZipFileSystemProvider.getZipFileSystem;125;jdk.internal.loader.ClassLoaders$PlatformClassLoader;jdk.internal.loader.ClassLoaders$PlatformClassLoader
ClassLoader.loadClass;jdk.nio.zipfs.ZipFileSystem$2;jdk.nio.zipfs.ZipFileSystemProvider.getZipFileSystem;125;jdk.internal.loader.ClassLoaders$PlatformClassLoader;jdk.internal.loader.ClassLoaders$PlatformClassLoader
ClassLoader.loadClass;jdk.nio.zipfs.ZipFileSystem$DeflatingEntryOutputStream;jdk.nio.zipfs.ZipFileSystemProvider.getZipFileSystem;125;jdk.internal.loader.ClassLoaders$PlatformClassLoader;jdk.internal.loader.ClassLoaders$PlatformClassLoader
ClassLoader.loadClass;jdk.nio.zipfs.ZipFileSystem$END;jdk.nio.zipfs.ZipFileSystem.findEND;1279;jdk.internal.loader.ClassLoaders$PlatformClassLoader;jdk.internal.loader.ClassLoaders$PlatformClassLoader
ClassLoader.loadClass;jdk.nio.zipfs.ZipFileSystem$Entry;jdk.nio.zipfs.ZipFileSystemProvider.getZipFileSystem;125;jdk.internal.loader.ClassLoaders$PlatformClassLoader;jdk.internal.loader.ClassLoaders$PlatformClassLoader
ClassLoader.loadClass;jdk.nio.zipfs.ZipFileSystem$EntryInputStream;jdk.nio.zipfs.ZipFileSystemProvider.getZipFileSystem;125;jdk.internal.loader.ClassLoaders$PlatformClassLoader;jdk.internal.loader.ClassLoaders$PlatformClassLoader
ClassLoader.loadClass;jdk.nio.zipfs.ZipFileSystem$EntryOutputStream;jdk.nio.zipfs.ZipFileSystemProvider.getZipFileSystem;125;jdk.internal.loader.ClassLoaders$PlatformClassLoader;jdk.internal.loader.ClassLoaders$PlatformClassLoader
ClassLoader.loadClass;jdk.nio.zipfs.ZipFileSystem$EntryOutputStreamCRC32;jdk.nio.zipfs.ZipFileSystemProvider.getZipFileSystem;125;jdk.internal.loader.ClassLoaders$PlatformClassLoader;jdk.internal.loader.ClassLoaders$PlatformClassLoader
ClassLoader.loadClass;jdk.nio.zipfs.ZipFileSystem$EntryOutputStreamDef;jdk.nio.zipfs.ZipFileSystemProvider.getZipFileSystem;125;jdk.internal.loader.ClassLoaders$PlatformClassLoader;jdk.internal.loader.ClassLoaders$PlatformClassLoader
ClassLoader.loadClass;jdk.nio.zipfs.ZipFileSystem$FileRolloverOutputStream;jdk.nio.zipfs.ZipFileSystemProvider.getZipFileSystem;125;jdk.internal.loader.ClassLoaders$PlatformClassLoader;jdk.internal.loader.ClassLoaders$PlatformClassLoader
ClassLoader.loadClass;jdk.nio.zipfs.ZipFileSystem$IndexNode;jdk.nio.zipfs.ZipFileSystemProvider.getZipFileSystem;125;jdk.internal.loader.ClassLoaders$PlatformClassLoader;jdk.internal.loader.ClassLoaders$PlatformClassLoader
ClassLoader.loadClass;jdk.nio.zipfs.ZipFileSystem$ParentLookup;jdk.nio.zipfs.ZipFileSystem.makeParentDirs;1325;jdk.internal.loader.ClassLoaders$PlatformClassLoader;jdk.internal.loader.ClassLoaders$PlatformClassLoader
ClassLoader.loadClass;jdk.nio.zipfs.ZipFileSystem$PosixEntry;jdk.nio.zipfs.ZipFileSystemProvider.getZipFileSystem;125;jdk.internal.loader.ClassLoaders$PlatformClassLoader;jdk.internal.loader.ClassLoaders$PlatformClassLoader
ClassLoader.loadClass;jdk.nio.zipfs.ZipFileSystem;java.lang.Class.getDeclaredMethods0;;jdk.internal.loader.ClassLoaders$PlatformClassLoader;jdk.internal.loader.ClassLoaders$PlatformClassLoader
ClassLoader.loadClass;jdk.nio.zipfs.ZipPath;jdk.nio.zipfs.ZipFileSystem.<init>;176;jdk.internal.loader.ClassLoaders$PlatformClassLoader;jdk.internal.loader.ClassLoaders$PlatformClassLoader
ClassLoader.loadClass;jdk.nio.zipfs.ZipPosixFileAttributeView;jdk.nio.zipfs.ZipFileSystem.<init>;176;jdk.internal.loader.ClassLoaders$PlatformClassLoader;jdk.internal.loader.ClassLoaders$PlatformClassLoader
ClassLoader.loadClass;jdk.nio.zipfs.ZipUtils;jdk.nio.zipfs.ZipFileSystem$Entry.readCEN;2798;jdk.internal.loader.ClassLoaders$PlatformClassLoader;jdk.internal.loader.ClassLoaders$PlatformClassLoader
ClassLoader.loadClass;jme3test.TestChooser$1;jme3test.TestChooser.getFileFilter;229;org.dacapo.harness.DacapoClassLoader;org.dacapo.harness.DacapoClassLoader
ClassLoader.loadClass;jme3test.TestChooser$2;jme3test.TestChooser.getAppRunner;255;org.dacapo.harness.DacapoClassLoader;org.dacapo.harness.DacapoClassLoader
ClassLoader.loadClass;jme3test.TestChooser$3;jme3test.TestChooser.start;355;org.dacapo.harness.DacapoClassLoader;org.dacapo.harness.DacapoClassLoader
ClassLoader.loadClass;jme3test.TestChooser$FilteredJList;java.lang.Class.getDeclaredMethods0;;org.dacapo.harness.DacapoClassLoader;org.dacapo.harness.DacapoClassLoader
ClassLoader.loadClass;jme3test.TestChooser;java.lang.Class.forName0;;org.dacapo.harness.DacapoClassLoader;org.dacapo.harness.DacapoClassLoader
ClassLoader.loadClass;jme3test.animation.TestCameraMotionPath;java.lang.Class.forName0;;org.dacapo.harness.DacapoClassLoader;org.dacapo.harness.DacapoClassLoader
ClassLoader.loadClass;jme3test.animation.TestCinematic;java.lang.Class.forName0;;org.dacapo.harness.DacapoClassLoader;org.dacapo.harness.DacapoClassLoader
ClassLoader.loadClass;jme3test.animation.TestJaime;java.lang.Class.forName0;;org.dacapo.harness.DacapoClassLoader;org.dacapo.harness.DacapoClassLoader
ClassLoader.loadClass;jme3test.animation.TestMotionPath;java.lang.Class.forName0;;org.dacapo.harness.DacapoClassLoader;org.dacapo.harness.DacapoClassLoader
ClassLoader.loadClass;jme3test.app.TestAppStateLifeCycle;java.lang.Class.forName0;;org.dacapo.harness.DacapoClassLoader;org.dacapo.harness.DacapoClassLoader
ClassLoader.loadClass;jme3test.app.TestApplication;java.lang.Class.forName0;;org.dacapo.harness.DacapoClassLoader;org.dacapo.harness.DacapoClassLoader
ClassLoader.loadClass;jme3test.app.TestBareBonesApp;java.lang.Class.forName0;;org.dacapo.harness.DacapoClassLoader;org.dacapo.harness.DacapoClassLoader
ClassLoader.loadClass;jme3test.app.TestChangeAppIcon;java.lang.Class.forName0;;org.dacapo.harness.DacapoClassLoader;org.dacapo.harness.DacapoClassLoader
ClassLoader.loadClass;jme3test.app.TestCloneSpatial;java.lang.Class.forName0;;org.dacapo.harness.DacapoClassLoader;org.dacapo.harness.DacapoClassLoader
ClassLoader.loadClass;jme3test.app.TestCloner;java.lang.Class.forName0;;org.dacapo.harness.DacapoClassLoader;org.dacapo.harness.DacapoClassLoader
ClassLoader.loadClass;jme3test.app.TestContextRestart;java.lang.Class.forName0;;org.dacapo.harness.DacapoClassLoader;org.dacapo.harness.DacapoClassLoader
ClassLoader.loadClass;jme3test.app.TestCustomAppSettings;java.lang.Class.forName0;;org.dacapo.harness.DacapoClassLoader;org.dacapo.harness.DacapoClassLoader
ClassLoader.loadClass;jme3test.app.TestEnqueueRunnable;java.lang.Class.forName0;;org.dacapo.harness.DacapoClassLoader;org.dacapo.harness.DacapoClassLoader
ClassLoader.loadClass;jme3test.app.TestIDList;java.lang.Class.forName0;;org.dacapo.harness.DacapoClassLoader;org.dacapo.harness.DacapoClassLoader
ClassLoader.loadClass;jme3test.app.TestReleaseDirectMemory;java.lang.Class.forName0;;org.dacapo.harness.DacapoClassLoader;org.dacapo.harness.DacapoClassLoader
ClassLoader.loadClass;jme3test.app.TestResizableApp;java.lang.Class.forName0;;org.dacapo.harness.DacapoClassLoader;org.dacapo.harness.DacapoClassLoader
ClassLoader.loadClass;jme3test.app.TestTempVars;java.lang.Class.forName0;;org.dacapo.harness.DacapoClassLoader;org.dacapo.harness.DacapoClassLoader
ClassLoader.loadClass;jme3test.app.TestUseAfterFree;java.lang.Class.forName0;;org.dacapo.harness.DacapoClassLoader;org.dacapo.harness.DacapoClassLoader
ClassLoader.loadClass;jme3test.app.state.TestAppStates;java.lang.Class.forName0;;org.dacapo.harness.DacapoClassLoader;org.dacapo.harness.DacapoClassLoader
ClassLoader.loadClass;jme3test.asset.TestAssetCache$DummyKey;java.lang.Class.forName0;;org.dacapo.harness.DacapoClassLoader;org.dacapo.harness.DacapoClassLoader
ClassLoader.loadClass;jme3test.asset.TestAssetCache;java.lang.Class.forName0;;org.dacapo.harness.DacapoClassLoader;org.dacapo.harness.DacapoClassLoader
ClassLoader.loadClass;jme3test.asset.TestOnlineJar;java.lang.Class.forName0;;org.dacapo.harness.DacapoClassLoader;org.dacapo.harness.DacapoClassLoader
ClassLoader.loadClass;jme3test.asset.TestUrlLoading;java.lang.Class.forName0;;org.dacapo.harness.DacapoClassLoader;org.dacapo.harness.DacapoClassLoader
ClassLoader.loadClass;jme3test.audio.TestAmbient;java.lang.Class.forName0;;org.dacapo.harness.DacapoClassLoader;org.dacapo.harness.DacapoClassLoader
ClassLoader.loadClass;jme3test.audio.TestDoppler;java.lang.Class.forName0;;org.dacapo.harness.DacapoClassLoader;org.dacapo.harness.DacapoClassLoader
ClassLoader.loadClass;jme3test.audio.TestIssue1761;java.lang.Class.forName0;;org.dacapo.harness.DacapoClassLoader;org.dacapo.harness.DacapoClassLoader
ClassLoader.loadClass;jme3test.audio.TestMusicPlayer$8;java.lang.Class.forName0;;org.dacapo.harness.DacapoClassLoader;org.dacapo.harness.DacapoClassLoader
ClassLoader.loadClass;jme3test.audio.TestMusicPlayer;java.lang.Class.forName0;;org.dacapo.harness.DacapoClassLoader;org.dacapo.harness.DacapoClassLoader
ClassLoader.loadClass;jme3test.audio.TestMusicStreaming;java.lang.Class.forName0;;org.dacapo.harness.DacapoClassLoader;org.dacapo.harness.DacapoClassLoader
ClassLoader.loadClass;jme3test.audio.TestOgg;java.lang.Class.forName0;;org.dacapo.harness.DacapoClassLoader;org.dacapo.harness.DacapoClassLoader
ClassLoader.loadClass;jme3test.audio.TestReverb;java.lang.Class.forName0;;org.dacapo.harness.DacapoClassLoader;org.dacapo.harness.DacapoClassLoader
ClassLoader.loadClass;jme3test.audio.TestWav;java.lang.Class.forName0;;org.dacapo.harness.DacapoClassLoader;org.dacapo.harness.DacapoClassLoader
ClassLoader.loadClass;jme3test.awt.TestApplet;java.lang.Class.forName0;;org.dacapo.harness.DacapoClassLoader;org.dacapo.harness.DacapoClassLoader
ClassLoader.loadClass;jme3test.awt.TestAwtPanels;java.lang.Class.forName0;;org.dacapo.harness.DacapoClassLoader;org.dacapo.harness.DacapoClassLoader
ClassLoader.loadClass;jme3test.awt.TestCanvas;java.lang.Class.forName0;;org.dacapo.harness.DacapoClassLoader;org.dacapo.harness.DacapoClassLoader
ClassLoader.loadClass;jme3test.awt.TestSafeCanvas;java.lang.Class.forName0;;org.dacapo.harness.DacapoClassLoader;org.dacapo.harness.DacapoClassLoader
ClassLoader.loadClass;jme3test.batching.TestBatchNode;java.lang.Class.forName0;;org.dacapo.harness.DacapoClassLoader;org.dacapo.harness.DacapoClassLoader
ClassLoader.loadClass;jme3test.batching.TestBatchNodeCluster;java.lang.Class.forName0;;org.dacapo.harness.DacapoClassLoader;org.dacapo.harness.DacapoClassLoader
ClassLoader.loadClass;jme3test.batching.TestBatchNodeTower;java.lang.Class.forName0;;org.dacapo.harness.DacapoClassLoader;org.dacapo.harness.DacapoClassLoader
ClassLoader.loadClass;jme3test.bounding.TestRayCollision;java.lang.Class.forName0;;org.dacapo.harness.DacapoClassLoader;org.dacapo.harness.DacapoClassLoader
ClassLoader.loadClass;jme3test.bullet.BombControl;java.lang.Class.forName0;;org.dacapo.harness.DacapoClassLoader;org.dacapo.harness.DacapoClassLoader
ClassLoader.loadClass;jme3test.bullet.PhysicsTestHelper;java.lang.Class.forName0;;org.dacapo.harness.DacapoClassLoader;org.dacapo.harness.DacapoClassLoader
ClassLoader.loadClass;jme3test.bullet.TestAttachDriver;java.lang.Class.forName0;;org.dacapo.harness.DacapoClassLoader;org.dacapo.harness.DacapoClassLoader
ClassLoader.loadClass;jme3test.bullet.TestAttachGhostObject;java.lang.Class.forName0;;org.dacapo.harness.DacapoClassLoader;org.dacapo.harness.DacapoClassLoader
ClassLoader.loadClass;jme3test.bullet.TestBetterCharacter$1;java.lang.Class.forName0;;org.dacapo.harness.DacapoClassLoader;org.dacapo.harness.DacapoClassLoader
ClassLoader.loadClass;jme3test.bullet.TestBetterCharacter;java.lang.Class.forName0;;org.dacapo.harness.DacapoClassLoader;org.dacapo.harness.DacapoClassLoader
ClassLoader.loadClass;jme3test.bullet.TestBoneRagdoll;java.lang.Class.forName0;;org.dacapo.harness.DacapoClassLoader;org.dacapo.harness.DacapoClassLoader
ClassLoader.loadClass;jme3test.bullet.TestBrickTower;java.lang.Class.forName0;;org.dacapo.harness.DacapoClassLoader;org.dacapo.harness.DacapoClassLoader
ClassLoader.loadClass;jme3test.bullet.TestBrickWall;java.lang.Class.forName0;;org.dacapo.harness.DacapoClassLoader;org.dacapo.harness.DacapoClassLoader
ClassLoader.loadClass;jme3test.bullet.TestCcd;java.lang.Class.forName0;;org.dacapo.harness.DacapoClassLoader;org.dacapo.harness.DacapoClassLoader
ClassLoader.loadClass;jme3test.bullet.TestCollisionGroups;java.lang.Class.forName0;;org.dacapo.harness.DacapoClassLoader;org.dacapo.harness.DacapoClassLoader
ClassLoader.loadClass;jme3test.bullet.TestCollisionListener;java.lang.Class.forName0;;org.dacapo.harness.DacapoClassLoader;org.dacapo.harness.DacapoClassLoader
ClassLoader.loadClass;jme3test.bullet.TestCollisionShapeFactory;java.lang.Class.forName0;;org.dacapo.harness.DacapoClassLoader;org.dacapo.harness.DacapoClassLoader
ClassLoader.loadClass;jme3test.bullet.TestFancyCar;java.lang.Class.forName0;;org.dacapo.harness.DacapoClassLoader;org.dacapo.harness.DacapoClassLoader
ClassLoader.loadClass;jme3test.bullet.TestGhostObject;java.lang.Class.forName0;;org.dacapo.harness.DacapoClassLoader;org.dacapo.harness.DacapoClassLoader
ClassLoader.loadClass;jme3test.bullet.TestHoveringTank;java.lang.Class.forName0;;org.dacapo.harness.DacapoClassLoader;org.dacapo.harness.DacapoClassLoader
ClassLoader.loadClass;jme3test.bullet.TestIssue1120;java.lang.Class.forName0;;org.dacapo.harness.DacapoClassLoader;org.dacapo.harness.DacapoClassLoader
ClassLoader.loadClass;jme3test.bullet.TestIssue1125;java.lang.Class.forName0;;org.dacapo.harness.DacapoClassLoader;org.dacapo.harness.DacapoClassLoader
ClassLoader.loadClass;jme3test.bullet.TestIssue877;java.lang.Class.forName0;;org.dacapo.harness.DacapoClassLoader;org.dacapo.harness.DacapoClassLoader
ClassLoader.loadClass;jme3test.bullet.TestIssue883$1;java.lang.Class.forName0;;org.dacapo.harness.DacapoClassLoader;org.dacapo.harness.DacapoClassLoader
ClassLoader.loadClass;jme3test.bullet.TestIssue883;java.lang.Class.forName0;;org.dacapo.harness.DacapoClassLoader;org.dacapo.harness.DacapoClassLoader
ClassLoader.loadClass;jme3test.bullet.TestKinematicAddToPhysicsSpaceIssue;java.lang.Class.forName0;;org.dacapo.harness.DacapoClassLoader;org.dacapo.harness.DacapoClassLoader
ClassLoader.loadClass;jme3test.bullet.TestLocalPhysics;java.lang.Class.forName0;;org.dacapo.harness.DacapoClassLoader;org.dacapo.harness.DacapoClassLoader
ClassLoader.loadClass;jme3test.bullet.TestPhysicsCar;java.lang.Class.forName0;;org.dacapo.harness.DacapoClassLoader;org.dacapo.harness.DacapoClassLoader
ClassLoader.loadClass;jme3test.bullet.TestPhysicsCharacter;java.lang.Class.forName0;;org.dacapo.harness.DacapoClassLoader;org.dacapo.harness.DacapoClassLoader
ClassLoader.loadClass;jme3test.bullet.TestPhysicsHingeJoint;java.lang.Class.forName0;;org.dacapo.harness.DacapoClassLoader;org.dacapo.harness.DacapoClassLoader
ClassLoader.loadClass;jme3test.bullet.TestPhysicsRayCast;java.lang.Class.forName0;;org.dacapo.harness.DacapoClassLoader;org.dacapo.harness.DacapoClassLoader
ClassLoader.loadClass;jme3test.bullet.TestPhysicsReadWrite;java.lang.Class.forName0;;org.dacapo.harness.DacapoClassLoader;org.dacapo.harness.DacapoClassLoader
ClassLoader.loadClass;jme3test.bullet.TestQ3;java.lang.Class.forName0;;org.dacapo.harness.DacapoClassLoader;org.dacapo.harness.DacapoClassLoader
ClassLoader.loadClass;jme3test.bullet.TestRagDoll;java.lang.Class.forName0;;org.dacapo.harness.DacapoClassLoader;org.dacapo.harness.DacapoClassLoader
ClassLoader.loadClass;jme3test.bullet.TestRagdollCharacter;java.lang.Class.forName0;;org.dacapo.harness.DacapoClassLoader;org.dacapo.harness.DacapoClassLoader
ClassLoader.loadClass;jme3test.bullet.TestSimplePhysics;java.lang.Class.forName0;;org.dacapo.harness.DacapoClassLoader;org.dacapo.harness.DacapoClassLoader
ClassLoader.loadClass;jme3test.bullet.TestSweepTest;java.lang.Class.forName0;;org.dacapo.harness.DacapoClassLoader;org.dacapo.harness.DacapoClassLoader
ClassLoader.loadClass;jme3test.bullet.TestWalkingChar;java.lang.Class.forName0;;org.dacapo.harness.DacapoClassLoader;org.dacapo.harness.DacapoClassLoader
ClassLoader.loadClass;jme3test.bullet.shape.TestGimpactShape;java.lang.Class.forName0;;org.dacapo.harness.DacapoClassLoader;org.dacapo.harness.DacapoClassLoader
ClassLoader.loadClass;jme3test.collision.TestMousePick;java.lang.Class.forName0;;org.dacapo.harness.DacapoClassLoader;org.dacapo.harness.DacapoClassLoader
ClassLoader.loadClass;jme3test.collision.TestRayCasting;java.lang.Class.forName0;;org.dacapo.harness.DacapoClassLoader;org.dacapo.harness.DacapoClassLoader
ClassLoader.loadClass;jme3test.collision.TestTriangleCollision;java.lang.Class.forName0;;org.dacapo.harness.DacapoClassLoader;org.dacapo.harness.DacapoClassLoader
ClassLoader.loadClass;jme3test.conversion.TestMipMapGen;java.lang.Class.forName0;;org.dacapo.harness.DacapoClassLoader;org.dacapo.harness.DacapoClassLoader
ClassLoader.loadClass;jme3test.effect.TestEverything;java.lang.Class.forName0;;org.dacapo.harness.DacapoClassLoader;org.dacapo.harness.DacapoClassLoader
ClassLoader.loadClass;jme3test.effect.TestExplosionEffect;java.lang.Class.forName0;;org.dacapo.harness.DacapoClassLoader;org.dacapo.harness.DacapoClassLoader
ClassLoader.loadClass;jme3test.effect.TestMovingParticle;java.lang.Class.forName0;;org.dacapo.harness.DacapoClassLoader;org.dacapo.harness.DacapoClassLoader
ClassLoader.loadClass;jme3test.effect.TestParticleExportingCloning;java.lang.Class.forName0;;org.dacapo.harness.DacapoClassLoader;org.dacapo.harness.DacapoClassLoader
ClassLoader.loadClass;jme3test.effect.TestPointSprite;java.lang.Class.forName0;;org.dacapo.harness.DacapoClassLoader;org.dacapo.harness.DacapoClassLoader
ClassLoader.loadClass;jme3test.effect.TestSoftParticles;java.lang.Class.forName0;;org.dacapo.harness.DacapoClassLoader;org.dacapo.harness.DacapoClassLoader
ClassLoader.loadClass;jme3test.export.TestAssetLinkNode;java.lang.Class.forName0;;org.dacapo.harness.DacapoClassLoader;org.dacapo.harness.DacapoClassLoader
ClassLoader.loadClass;jme3test.export.TestOgreConvert;java.lang.Class.forName0;;org.dacapo.harness.DacapoClassLoader;org.dacapo.harness.DacapoClassLoader
ClassLoader.loadClass;jme3test.gui.TestBitmapFont;java.lang.Class.forName0;;org.dacapo.harness.DacapoClassLoader;org.dacapo.harness.DacapoClassLoader
ClassLoader.loadClass;jme3test.gui.TestBitmapFontAlignment;java.lang.Class.forName0;;org.dacapo.harness.DacapoClassLoader;org.dacapo.harness.DacapoClassLoader
ClassLoader.loadClass;jme3test.gui.TestBitmapFontLayout;java.lang.Class.forName0;;org.dacapo.harness.DacapoClassLoader;org.dacapo.harness.DacapoClassLoader
ClassLoader.loadClass;jme3test.gui.TestBitmapText3D;java.lang.Class.forName0;;org.dacapo.harness.DacapoClassLoader;org.dacapo.harness.DacapoClassLoader
ClassLoader.loadClass;jme3test.gui.TestCursor;java.lang.Class.forName0;;org.dacapo.harness.DacapoClassLoader;org.dacapo.harness.DacapoClassLoader
ClassLoader.loadClass;jme3test.gui.TestOrtho;java.lang.Class.forName0;;org.dacapo.harness.DacapoClassLoader;org.dacapo.harness.DacapoClassLoader
ClassLoader.loadClass;jme3test.gui.TestRtlBitmapText;java.lang.Class.forName0;;org.dacapo.harness.DacapoClassLoader;org.dacapo.harness.DacapoClassLoader
ClassLoader.loadClass;jme3test.gui.TestSoftwareMouse;java.lang.Class.forName0;;org.dacapo.harness.DacapoClassLoader;org.dacapo.harness.DacapoClassLoader
ClassLoader.loadClass;jme3test.gui.TestZOrder;java.lang.Class.forName0;;org.dacapo.harness.DacapoClassLoader;org.dacapo.harness.DacapoClassLoader
ClassLoader.loadClass;jme3test.input.TestCameraNode;java.lang.Class.forName0;;org.dacapo.harness.DacapoClassLoader;org.dacapo.harness.DacapoClassLoader
ClassLoader.loadClass;jme3test.input.TestChaseCamera;java.lang.Class.forName0;;org.dacapo.harness.DacapoClassLoader;org.dacapo.harness.DacapoClassLoader
ClassLoader.loadClass;jme3test.input.TestChaseCameraAppState;java.lang.Class.forName0;;org.dacapo.harness.DacapoClassLoader;org.dacapo.harness.DacapoClassLoader
ClassLoader.loadClass;jme3test.input.TestControls;java.lang.Class.forName0;;org.dacapo.harness.DacapoClassLoader;org.dacapo.harness.DacapoClassLoader
ClassLoader.loadClass;jme3test.input.TestIssue1692;java.lang.Class.forName0;;org.dacapo.harness.DacapoClassLoader;org.dacapo.harness.DacapoClassLoader
ClassLoader.loadClass;jme3test.input.TestJoystick$GamepadView;java.lang.Class.forName0;;org.dacapo.harness.DacapoClassLoader;org.dacapo.harness.DacapoClassLoader
ClassLoader.loadClass;jme3test.input.TestJoystick;java.lang.Class.forName0;;org.dacapo.harness.DacapoClassLoader;org.dacapo.harness.DacapoClassLoader
ClassLoader.loadClass;jme3test.input.combomoves.TestComboMoves;java.lang.Class.forName0;;org.dacapo.harness.DacapoClassLoader;org.dacapo.harness.DacapoClassLoader
ClassLoader.loadClass;jme3test.light.ShadowTestUIManager;java.lang.Class.forName0;;org.dacapo.harness.DacapoClassLoader;org.dacapo.harness.DacapoClassLoader
ClassLoader.loadClass;jme3test.light.TestColorApp;java.lang.Class.forName0;;org.dacapo.harness.DacapoClassLoader;org.dacapo.harness.DacapoClassLoader
ClassLoader.loadClass;jme3test.light.TestConeVSFrustum;java.lang.Class.forName0;;org.dacapo.harness.DacapoClassLoader;org.dacapo.harness.DacapoClassLoader
ClassLoader.loadClass;jme3test.light.TestDirectionalLightShadow;java.lang.Class.forName0;;org.dacapo.harness.DacapoClassLoader;org.dacapo.harness.DacapoClassLoader
ClassLoader.loadClass;jme3test.light.TestEnvironmentMapping;java.lang.Class.forName0;;org.dacapo.harness.DacapoClassLoader;org.dacapo.harness.DacapoClassLoader
ClassLoader.loadClass;jme3test.light.TestGltfUnlit;java.lang.Class.forName0;;org.dacapo.harness.DacapoClassLoader;org.dacapo.harness.DacapoClassLoader
ClassLoader.loadClass;jme3test.light.TestLightControl2Directional;java.lang.Class.forName0;;org.dacapo.harness.DacapoClassLoader;org.dacapo.harness.DacapoClassLoader
ClassLoader.loadClass;jme3test.light.TestLightControl2Spot;java.lang.Class.forName0;;org.dacapo.harness.DacapoClassLoader;org.dacapo.harness.DacapoClassLoader
ClassLoader.loadClass;jme3test.light.TestLightControlDirectional;java.lang.Class.forName0;;org.dacapo.harness.DacapoClassLoader;org.dacapo.harness.DacapoClassLoader
ClassLoader.loadClass;jme3test.light.TestLightControlSpot;java.lang.Class.forName0;;org.dacapo.harness.DacapoClassLoader;org.dacapo.harness.DacapoClassLoader
ClassLoader.loadClass;jme3test.light.TestLightRadius;java.lang.Class.forName0;;org.dacapo.harness.DacapoClassLoader;org.dacapo.harness.DacapoClassLoader
ClassLoader.loadClass;jme3test.light.TestLightingFog;java.lang.Class.forName0;;org.dacapo.harness.DacapoClassLoader;org.dacapo.harness.DacapoClassLoader
ClassLoader.loadClass;jme3test.light.TestManyLights;java.lang.Class.forName0;;org.dacapo.harness.DacapoClassLoader;org.dacapo.harness.DacapoClassLoader
ClassLoader.loadClass;jme3test.light.TestManyLightsSingle;java.lang.Class.forName0;;org.dacapo.harness.DacapoClassLoader;org.dacapo.harness.DacapoClassLoader
ClassLoader.loadClass;jme3test.light.TestObbVsBounds;java.lang.Class.forName0;;org.dacapo.harness.DacapoClassLoader;org.dacapo.harness.DacapoClassLoader
ClassLoader.loadClass;jme3test.light.TestPointDirectionalAndSpotLightShadows;java.lang.Class.forName0;;org.dacapo.harness.DacapoClassLoader;org.dacapo.harness.DacapoClassLoader
ClassLoader.loadClass;jme3test.light.TestPointLightShadows;java.lang.Class.forName0;;org.dacapo.harness.DacapoClassLoader;org.dacapo.harness.DacapoClassLoader
ClassLoader.loadClass;jme3test.light.TestShadowBug;java.lang.Class.forName0;;org.dacapo.harness.DacapoClassLoader;org.dacapo.harness.DacapoClassLoader
ClassLoader.loadClass;jme3test.light.TestShadowsPerf;java.lang.Class.forName0;;org.dacapo.harness.DacapoClassLoader;org.dacapo.harness.DacapoClassLoader
ClassLoader.loadClass;jme3test.light.TestSimpleLighting;java.lang.Class.forName0;;org.dacapo.harness.DacapoClassLoader;org.dacapo.harness.DacapoClassLoader
ClassLoader.loadClass;jme3test.light.TestSpotLight;java.lang.Class.forName0;;org.dacapo.harness.DacapoClassLoader;org.dacapo.harness.DacapoClassLoader
ClassLoader.loadClass;jme3test.light.TestSpotLightShadows;java.lang.Class.forName0;;org.dacapo.harness.DacapoClassLoader;org.dacapo.harness.DacapoClassLoader
ClassLoader.loadClass;jme3test.light.TestSpotLightTerrain;java.lang.Class.forName0;;org.dacapo.harness.DacapoClassLoader;org.dacapo.harness.DacapoClassLoader
ClassLoader.loadClass;jme3test.light.TestTangentCube;java.lang.Class.forName0;;org.dacapo.harness.DacapoClassLoader;org.dacapo.harness.DacapoClassLoader
ClassLoader.loadClass;jme3test.light.TestTangentGen;java.lang.Class.forName0;;org.dacapo.harness.DacapoClassLoader;org.dacapo.harness.DacapoClassLoader
ClassLoader.loadClass;jme3test.light.TestTangentGenBadUV;java.lang.Class.forName0;;org.dacapo.harness.DacapoClassLoader;org.dacapo.harness.DacapoClassLoader
ClassLoader.loadClass;jme3test.light.TestTangentSpace;java.lang.Class.forName0;;org.dacapo.harness.DacapoClassLoader;org.dacapo.harness.DacapoClassLoader
ClassLoader.loadClass;jme3test.light.TestTransparentShadow;java.lang.Class.forName0;;org.dacapo.harness.DacapoClassLoader;org.dacapo.harness.DacapoClassLoader
ClassLoader.loadClass;jme3test.light.TestTwoSideLighting;java.lang.Class.forName0;;org.dacapo.harness.DacapoClassLoader;org.dacapo.harness.DacapoClassLoader
ClassLoader.loadClass;jme3test.light.pbr.TestIssue1340;java.lang.Class.forName0;;org.dacapo.harness.DacapoClassLoader;org.dacapo.harness.DacapoClassLoader
ClassLoader.loadClass;jme3test.light.pbr.TestPBRDirectLighting;java.lang.Class.forName0;;org.dacapo.harness.DacapoClassLoader;org.dacapo.harness.DacapoClassLoader
ClassLoader.loadClass;jme3test.light.pbr.TestPBRLighting;java.lang.Class.forName0;;org.dacapo.harness.DacapoClassLoader;org.dacapo.harness.DacapoClassLoader
ClassLoader.loadClass;jme3test.material.TestBumpModel;java.lang.Class.forName0;;org.dacapo.harness.DacapoClassLoader;org.dacapo.harness.DacapoClassLoader
ClassLoader.loadClass;jme3test.material.TestColoredTexture;java.lang.Class.forName0;;org.dacapo.harness.DacapoClassLoader;org.dacapo.harness.DacapoClassLoader
ClassLoader.loadClass;jme3test.material.TestGeometryShader;java.lang.Class.forName0;;org.dacapo.harness.DacapoClassLoader;org.dacapo.harness.DacapoClassLoader
ClassLoader.loadClass;jme3test.material.TestMatParamOverride;java.lang.Class.forName0;;org.dacapo.harness.DacapoClassLoader;org.dacapo.harness.DacapoClassLoader
ClassLoader.loadClass;jme3test.material.TestMaterialCompare;java.lang.Class.forName0;;org.dacapo.harness.DacapoClassLoader;org.dacapo.harness.DacapoClassLoader
ClassLoader.loadClass;jme3test.material.TestNormalMapping;java.lang.Class.forName0;;org.dacapo.harness.DacapoClassLoader;org.dacapo.harness.DacapoClassLoader
ClassLoader.loadClass;jme3test.material.TestParallax;java.lang.Class.forName0;;org.dacapo.harness.DacapoClassLoader;org.dacapo.harness.DacapoClassLoader
ClassLoader.loadClass;jme3test.material.TestParallaxPBR;java.lang.Class.forName0;;org.dacapo.harness.DacapoClassLoader;org.dacapo.harness.DacapoClassLoader
ClassLoader.loadClass;jme3test.material.TestShaderNodes;java.lang.Class.forName0;;org.dacapo.harness.DacapoClassLoader;org.dacapo.harness.DacapoClassLoader
ClassLoader.loadClass;jme3test.material.TestSimpleBumps;java.lang.Class.forName0;;org.dacapo.harness.DacapoClassLoader;org.dacapo.harness.DacapoClassLoader
ClassLoader.loadClass;jme3test.material.TestTessellationShader;java.lang.Class.forName0;;org.dacapo.harness.DacapoClassLoader;org.dacapo.harness.DacapoClassLoader
ClassLoader.loadClass;jme3test.material.TestUnshadedModel;java.lang.Class.forName0;;org.dacapo.harness.DacapoClassLoader;org.dacapo.harness.DacapoClassLoader
ClassLoader.loadClass;jme3test.math.TestHalfFloat;java.lang.Class.forName0;;org.dacapo.harness.DacapoClassLoader;org.dacapo.harness.DacapoClassLoader
ClassLoader.loadClass;jme3test.model.TestGltfLoading;java.lang.Class.forName0;;org.dacapo.harness.DacapoClassLoader;org.dacapo.harness.DacapoClassLoader
ClassLoader.loadClass;jme3test.model.TestHoverTank;java.lang.Class.forName0;;org.dacapo.harness.DacapoClassLoader;org.dacapo.harness.DacapoClassLoader
ClassLoader.loadClass;jme3test.model.TestMonkeyHead;java.lang.Class.forName0;;org.dacapo.harness.DacapoClassLoader;org.dacapo.harness.DacapoClassLoader
ClassLoader.loadClass;jme3test.model.TestObjGroupsLoading;java.lang.Class.forName0;;org.dacapo.harness.DacapoClassLoader;org.dacapo.harness.DacapoClassLoader
ClassLoader.loadClass;jme3test.model.TestObjLoading;java.lang.Class.forName0;;org.dacapo.harness.DacapoClassLoader;org.dacapo.harness.DacapoClassLoader
ClassLoader.loadClass;jme3test.model.TestOgreLoading;java.lang.Class.forName0;;org.dacapo.harness.DacapoClassLoader;org.dacapo.harness.DacapoClassLoader
ClassLoader.loadClass;jme3test.model.anim.EraseTimer;java.lang.Class.forName0;;org.dacapo.harness.DacapoClassLoader;org.dacapo.harness.DacapoClassLoader
ClassLoader.loadClass;jme3test.model.anim.TestAnimMigration;java.lang.Class.forName0;;org.dacapo.harness.DacapoClassLoader;org.dacapo.harness.DacapoClassLoader
ClassLoader.loadClass;jme3test.model.anim.TestAnimMorphSerialization;java.lang.Class.forName0;;org.dacapo.harness.DacapoClassLoader;org.dacapo.harness.DacapoClassLoader
ClassLoader.loadClass;jme3test.model.anim.TestAnimSerialization;java.lang.Class.forName0;;org.dacapo.harness.DacapoClassLoader;org.dacapo.harness.DacapoClassLoader
ClassLoader.loadClass;jme3test.model.anim.TestAnimationFactory;java.lang.Class.forName0;;org.dacapo.harness.DacapoClassLoader;org.dacapo.harness.DacapoClassLoader
ClassLoader.loadClass;jme3test.model.anim.TestArmature;java.lang.Class.forName0;;org.dacapo.harness.DacapoClassLoader;org.dacapo.harness.DacapoClassLoader
ClassLoader.loadClass;jme3test.model.anim.TestAttachmentsNode;java.lang.Class.forName0;;org.dacapo.harness.DacapoClassLoader;org.dacapo.harness.DacapoClassLoader
ClassLoader.loadClass;jme3test.model.anim.TestBaseAnimSerialization;java.lang.Class.forName0;;org.dacapo.harness.DacapoClassLoader;org.dacapo.harness.DacapoClassLoader
ClassLoader.loadClass;jme3test.model.anim.TestCustomAnim;java.lang.Class.forName0;;org.dacapo.harness.DacapoClassLoader;org.dacapo.harness.DacapoClassLoader
ClassLoader.loadClass;jme3test.model.anim.TestHWSkinning;java.lang.Class.forName0;;org.dacapo.harness.DacapoClassLoader;org.dacapo.harness.DacapoClassLoader
ClassLoader.loadClass;jme3test.model.anim.TestHWSkinningOld;java.lang.Class.forName0;;org.dacapo.harness.DacapoClassLoader;org.dacapo.harness.DacapoClassLoader
ClassLoader.loadClass;jme3test.model.anim.TestIssue1395;java.lang.Class.forName0;;org.dacapo.harness.DacapoClassLoader;org.dacapo.harness.DacapoClassLoader
ClassLoader.loadClass;jme3test.model.anim.TestModelExportingCloning;java.lang.Class.forName0;;org.dacapo.harness.DacapoClassLoader;org.dacapo.harness.DacapoClassLoader
ClassLoader.loadClass;jme3test.model.anim.TestMorph;java.lang.Class.forName0;;org.dacapo.harness.DacapoClassLoader;org.dacapo.harness.DacapoClassLoader
ClassLoader.loadClass;jme3test.model.anim.TestOgreAnim;java.lang.Class.forName0;;org.dacapo.harness.DacapoClassLoader;org.dacapo.harness.DacapoClassLoader
ClassLoader.loadClass;jme3test.model.anim.TestOgreComplexAnim;java.lang.Class.forName0;;org.dacapo.harness.DacapoClassLoader;org.dacapo.harness.DacapoClassLoader
ClassLoader.loadClass;jme3test.model.anim.TestSkeletonControlRefresh;java.lang.Class.forName0;;org.dacapo.harness.DacapoClassLoader;org.dacapo.harness.DacapoClassLoader
ClassLoader.loadClass;jme3test.model.anim.TestSpatialAnim;java.lang.Class.forName0;;org.dacapo.harness.DacapoClassLoader;org.dacapo.harness.DacapoClassLoader
ClassLoader.loadClass;jme3test.model.shape.TestBillboard;java.lang.Class.forName0;;org.dacapo.harness.DacapoClassLoader;org.dacapo.harness.DacapoClassLoader
ClassLoader.loadClass;jme3test.model.shape.TestBox;java.lang.Class.forName0;;org.dacapo.harness.DacapoClassLoader;org.dacapo.harness.DacapoClassLoader
ClassLoader.loadClass;jme3test.model.shape.TestCustomMesh;java.lang.Class.forName0;;org.dacapo.harness.DacapoClassLoader;org.dacapo.harness.DacapoClassLoader
ClassLoader.loadClass;jme3test.model.shape.TestCylinder;java.lang.Class.forName0;;org.dacapo.harness.DacapoClassLoader;org.dacapo.harness.DacapoClassLoader
ClassLoader.loadClass;jme3test.model.shape.TestDebugShapes;java.lang.Class.forName0;;org.dacapo.harness.DacapoClassLoader;org.dacapo.harness.DacapoClassLoader
ClassLoader.loadClass;jme3test.model.shape.TestExpandingTorus;java.lang.Class.forName0;;org.dacapo.harness.DacapoClassLoader;org.dacapo.harness.DacapoClassLoader
ClassLoader.loadClass;jme3test.model.shape.TestSphere;java.lang.Class.forName0;;org.dacapo.harness.DacapoClassLoader;org.dacapo.harness.DacapoClassLoader
ClassLoader.loadClass;jme3test.network.MovingAverage;jme3test.network.TestLatency.<clinit>;44;org.dacapo.harness.DacapoClassLoader;org.dacapo.harness.DacapoClassLoader
ClassLoader.loadClass;jme3test.network.TestChatClient$1;java.lang.Class.forName0;;org.dacapo.harness.DacapoClassLoader;org.dacapo.harness.DacapoClassLoader
ClassLoader.loadClass;jme3test.network.TestChatClient;java.lang.Class.forName0;;org.dacapo.harness.DacapoClassLoader;org.dacapo.harness.DacapoClassLoader
ClassLoader.loadClass;jme3test.network.TestChatClientAndServer$1;java.lang.Class.forName0;;org.dacapo.harness.DacapoClassLoader;org.dacapo.harness.DacapoClassLoader
ClassLoader.loadClass;jme3test.network.TestChatClientAndServer;java.lang.Class.forName0;;org.dacapo.harness.DacapoClassLoader;org.dacapo.harness.DacapoClassLoader
ClassLoader.loadClass;jme3test.network.TestChatServer;java.lang.Class.forName0;;org.dacapo.harness.DacapoClassLoader;org.dacapo.harness.DacapoClassLoader
ClassLoader.loadClass;jme3test.network.TestLatency;java.lang.Class.forName0;;org.dacapo.harness.DacapoClassLoader;org.dacapo.harness.DacapoClassLoader
ClassLoader.loadClass;jme3test.network.TestMessages;java.lang.Class.forName0;;org.dacapo.harness.DacapoClassLoader;org.dacapo.harness.DacapoClassLoader
ClassLoader.loadClass;jme3test.network.TestNetworkStress;java.lang.Class.forName0;;org.dacapo.harness.DacapoClassLoader;org.dacapo.harness.DacapoClassLoader
ClassLoader.loadClass;jme3test.network.TestRemoteCall$1;java.lang.Class.forName0;;org.dacapo.harness.DacapoClassLoader;org.dacapo.harness.DacapoClassLoader
ClassLoader.loadClass;jme3test.network.TestRemoteCall;java.lang.Class.forName0;;org.dacapo.harness.DacapoClassLoader;org.dacapo.harness.DacapoClassLoader
ClassLoader.loadClass;jme3test.network.TestSerialization;java.lang.Class.forName0;;org.dacapo.harness.DacapoClassLoader;org.dacapo.harness.DacapoClassLoader
ClassLoader.loadClass;jme3test.network.TestThroughput;java.lang.Class.forName0;;org.dacapo.harness.DacapoClassLoader;org.dacapo.harness.DacapoClassLoader
ClassLoader.loadClass;jme3test.niftygui.TestIssue1013;java.lang.Class.forName0;;org.dacapo.harness.DacapoClassLoader;org.dacapo.harness.DacapoClassLoader
ClassLoader.loadClass;jme3test.niftygui.TestIssue99;java.lang.Class.forName0;;org.dacapo.harness.DacapoClassLoader;org.dacapo.harness.DacapoClassLoader
ClassLoader.loadClass;jme3test.niftygui.TestNiftyExamples;java.lang.Class.forName0;;org.dacapo.harness.DacapoClassLoader;org.dacapo.harness.DacapoClassLoader
ClassLoader.loadClass;jme3test.niftygui.TestNiftyGui;java.lang.Class.forName0;;org.dacapo.harness.DacapoClassLoader;org.dacapo.harness.DacapoClassLoader
ClassLoader.loadClass;jme3test.niftygui.TestNiftyToMesh;java.lang.Class.forName0;;org.dacapo.harness.DacapoClassLoader;org.dacapo.harness.DacapoClassLoader
ClassLoader.loadClass;jme3test.opencl.TestContextSwitching;java.lang.Class.forName0;;org.dacapo.harness.DacapoClassLoader;org.dacapo.harness.DacapoClassLoader
ClassLoader.loadClass;jme3test.opencl.TestMultipleApplications;java.lang.Class.forName0;;org.dacapo.harness.DacapoClassLoader;org.dacapo.harness.DacapoClassLoader
ClassLoader.loadClass;jme3test.opencl.TestOpenCLLibraries;java.lang.Class.forName0;;org.dacapo.harness.DacapoClassLoader;org.dacapo.harness.DacapoClassLoader
ClassLoader.loadClass;jme3test.opencl.TestVertexBufferSharing;java.lang.Class.forName0;;org.dacapo.harness.DacapoClassLoader;org.dacapo.harness.DacapoClassLoader
ClassLoader.loadClass;jme3test.opencl.TestWriteToTexture;java.lang.Class.forName0;;org.dacapo.harness.DacapoClassLoader;org.dacapo.harness.DacapoClassLoader
ClassLoader.loadClass;jme3test.post.TestBloom;java.lang.Class.forName0;;org.dacapo.harness.DacapoClassLoader;org.dacapo.harness.DacapoClassLoader
ClassLoader.loadClass;jme3test.post.TestBloomAlphaThreshold;java.lang.Class.forName0;;org.dacapo.harness.DacapoClassLoader;org.dacapo.harness.DacapoClassLoader
ClassLoader.loadClass;jme3test.post.TestCartoonEdge;java.lang.Class.forName0;;org.dacapo.harness.DacapoClassLoader;org.dacapo.harness.DacapoClassLoader
ClassLoader.loadClass;jme3test.post.TestContrastAdjustment;java.lang.Class.forName0;;org.dacapo.harness.DacapoClassLoader;org.dacapo.harness.DacapoClassLoader
ClassLoader.loadClass;jme3test.post.TestCrossHatch;java.lang.Class.forName0;;org.dacapo.harness.DacapoClassLoader;org.dacapo.harness.DacapoClassLoader
ClassLoader.loadClass;jme3test.post.TestDepthOfField;java.lang.Class.forName0;;org.dacapo.harness.DacapoClassLoader;org.dacapo.harness.DacapoClassLoader
ClassLoader.loadClass;jme3test.post.TestFBOPassthrough;java.lang.Class.forName0;;org.dacapo.harness.DacapoClassLoader;org.dacapo.harness.DacapoClassLoader
ClassLoader.loadClass;jme3test.post.TestFog;java.lang.Class.forName0;;org.dacapo.harness.DacapoClassLoader;org.dacapo.harness.DacapoClassLoader
ClassLoader.loadClass;jme3test.post.TestLightScattering;java.lang.Class.forName0;;org.dacapo.harness.DacapoClassLoader;org.dacapo.harness.DacapoClassLoader
ClassLoader.loadClass;jme3test.post.TestMultiRenderTarget;java.lang.Class.forName0;;org.dacapo.harness.DacapoClassLoader;org.dacapo.harness.DacapoClassLoader
ClassLoader.loadClass;jme3test.post.TestMultiViewsFilters;java.lang.Class.forName0;;org.dacapo.harness.DacapoClassLoader;org.dacapo.harness.DacapoClassLoader
ClassLoader.loadClass;jme3test.post.TestMultiplesFilters;java.lang.Class.forName0;;org.dacapo.harness.DacapoClassLoader;org.dacapo.harness.DacapoClassLoader
ClassLoader.loadClass;jme3test.post.TestPostFilters;java.lang.Class.forName0;;org.dacapo.harness.DacapoClassLoader;org.dacapo.harness.DacapoClassLoader
ClassLoader.loadClass;jme3test.post.TestPostFiltersCompositing;java.lang.Class.forName0;;org.dacapo.harness.DacapoClassLoader;org.dacapo.harness.DacapoClassLoader
ClassLoader.loadClass;jme3test.post.TestPosterization;java.lang.Class.forName0;;org.dacapo.harness.DacapoClassLoader;org.dacapo.harness.DacapoClassLoader
ClassLoader.loadClass;jme3test.post.TestRenderToCubemap;java.lang.Class.forName0;;org.dacapo.harness.DacapoClassLoader;org.dacapo.harness.DacapoClassLoader
ClassLoader.loadClass;jme3test.post.TestRenderToMemory;java.lang.Class.forName0;;org.dacapo.harness.DacapoClassLoader;org.dacapo.harness.DacapoClassLoader
ClassLoader.loadClass;jme3test.post.TestRenderToTexture;java.lang.Class.forName0;;org.dacapo.harness.DacapoClassLoader;org.dacapo.harness.DacapoClassLoader
ClassLoader.loadClass;jme3test.post.TestSSAO2;java.lang.Class.forName0;;org.dacapo.harness.DacapoClassLoader;org.dacapo.harness.DacapoClassLoader
ClassLoader.loadClass;jme3test.post.TestSSAO;java.lang.Class.forName0;;org.dacapo.harness.DacapoClassLoader;org.dacapo.harness.DacapoClassLoader
ClassLoader.loadClass;jme3test.post.TestToneMapFilter;java.lang.Class.forName0;;org.dacapo.harness.DacapoClassLoader;org.dacapo.harness.DacapoClassLoader
ClassLoader.loadClass;jme3test.post.TestTransparentCartoonEdge;java.lang.Class.forName0;;org.dacapo.harness.DacapoClassLoader;org.dacapo.harness.DacapoClassLoader
ClassLoader.loadClass;jme3test.post.TestTransparentSSAO;java.lang.Class.forName0;;org.dacapo.harness.DacapoClassLoader;org.dacapo.harness.DacapoClassLoader
ClassLoader.loadClass;jme3test.renderer.TestAlphaToCoverage;java.lang.Class.forName0;;org.dacapo.harness.DacapoClassLoader;org.dacapo.harness.DacapoClassLoader
ClassLoader.loadClass;jme3test.renderer.TestAspectFov;java.lang.Class.forName0;;org.dacapo.harness.DacapoClassLoader;org.dacapo.harness.DacapoClassLoader
ClassLoader.loadClass;jme3test.renderer.TestAspectRatio;java.lang.Class.forName0;;org.dacapo.harness.DacapoClassLoader;org.dacapo.harness.DacapoClassLoader
ClassLoader.loadClass;jme3test.renderer.TestBackgroundImage;java.lang.Class.forName0;;org.dacapo.harness.DacapoClassLoader;org.dacapo.harness.DacapoClassLoader
ClassLoader.loadClass;jme3test.renderer.TestBlendEquations;java.lang.Class.forName0;;org.dacapo.harness.DacapoClassLoader;org.dacapo.harness.DacapoClassLoader
ClassLoader.loadClass;jme3test.renderer.TestContextRestart;java.lang.Class.forName0;;org.dacapo.harness.DacapoClassLoader;org.dacapo.harness.DacapoClassLoader
ClassLoader.loadClass;jme3test.renderer.TestDepthFuncChange;java.lang.Class.forName0;;org.dacapo.harness.DacapoClassLoader;org.dacapo.harness.DacapoClassLoader
ClassLoader.loadClass;jme3test.renderer.TestDepthStencil;java.lang.Class.forName0;;org.dacapo.harness.DacapoClassLoader;org.dacapo.harness.DacapoClassLoader
ClassLoader.loadClass;jme3test.renderer.TestInconsistentCompareDetection;java.lang.Class.forName0;;org.dacapo.harness.DacapoClassLoader;org.dacapo.harness.DacapoClassLoader
ClassLoader.loadClass;jme3test.renderer.TestIssue37;java.lang.Class.forName0;;org.dacapo.harness.DacapoClassLoader;org.dacapo.harness.DacapoClassLoader
ClassLoader.loadClass;jme3test.renderer.TestIssue801;java.lang.Class.forName0;;org.dacapo.harness.DacapoClassLoader;org.dacapo.harness.DacapoClassLoader
ClassLoader.loadClass;jme3test.renderer.TestLineWidth;java.lang.Class.forName0;;org.dacapo.harness.DacapoClassLoader;org.dacapo.harness.DacapoClassLoader
ClassLoader.loadClass;jme3test.renderer.TestMultiViews;java.lang.Class.forName0;;org.dacapo.harness.DacapoClassLoader;org.dacapo.harness.DacapoClassLoader
ClassLoader.loadClass;jme3test.renderer.TestParallelProjection;java.lang.Class.forName0;;org.dacapo.harness.DacapoClassLoader;org.dacapo.harness.DacapoClassLoader
ClassLoader.loadClass;jme3test.renderer.TestSplitScreen;java.lang.Class.forName0;;org.dacapo.harness.DacapoClassLoader;org.dacapo.harness.DacapoClassLoader
ClassLoader.loadClass;jme3test.scene.TestLineWidthRenderState;java.lang.Class.forName0;;org.dacapo.harness.DacapoClassLoader;org.dacapo.harness.DacapoClassLoader
ClassLoader.loadClass;jme3test.scene.TestRefreshFlagBug;java.lang.Class.forName0;;org.dacapo.harness.DacapoClassLoader;org.dacapo.harness.DacapoClassLoader
ClassLoader.loadClass;jme3test.scene.TestSceneLoading;java.lang.Class.forName0;;org.dacapo.harness.DacapoClassLoader;org.dacapo.harness.DacapoClassLoader
ClassLoader.loadClass;jme3test.scene.TestSceneStress;java.lang.Class.forName0;;org.dacapo.harness.DacapoClassLoader;org.dacapo.harness.DacapoClassLoader
ClassLoader.loadClass;jme3test.scene.TestUserData;java.lang.Class.forName0;;org.dacapo.harness.DacapoClassLoader;org.dacapo.harness.DacapoClassLoader
ClassLoader.loadClass;jme3test.scene.instancing.TestInstanceNode;java.lang.Class.forName0;;org.dacapo.harness.DacapoClassLoader;org.dacapo.harness.DacapoClassLoader
ClassLoader.loadClass;jme3test.scene.instancing.TestInstanceNodeWithLight;java.lang.Class.forName0;;org.dacapo.harness.DacapoClassLoader;org.dacapo.harness.DacapoClassLoader
ClassLoader.loadClass;jme3test.scene.instancing.TestInstancedNodeAttachDetachWithPicking;java.lang.Class.forName0;;org.dacapo.harness.DacapoClassLoader;org.dacapo.harness.DacapoClassLoader
ClassLoader.loadClass;jme3test.scene.instancing.TestInstancedNodeAttachDetachWithShadowFilter;java.lang.Class.forName0;;org.dacapo.harness.DacapoClassLoader;org.dacapo.harness.DacapoClassLoader
ClassLoader.loadClass;jme3test.stress.TestBatchLod;java.lang.Class.forName0;;org.dacapo.harness.DacapoClassLoader;org.dacapo.harness.DacapoClassLoader
ClassLoader.loadClass;jme3test.stress.TestLeakingGL;java.lang.Class.forName0;;org.dacapo.harness.DacapoClassLoader;org.dacapo.harness.DacapoClassLoader
ClassLoader.loadClass;jme3test.stress.TestLodGeneration;java.lang.Class.forName0;;org.dacapo.harness.DacapoClassLoader;org.dacapo.harness.DacapoClassLoader
ClassLoader.loadClass;jme3test.stress.TestLodStress;java.lang.Class.forName0;;org.dacapo.harness.DacapoClassLoader;org.dacapo.harness.DacapoClassLoader
ClassLoader.loadClass;jme3test.stress.TestParallelTangentGeneration;java.lang.Class.forName0;;org.dacapo.harness.DacapoClassLoader;org.dacapo.harness.DacapoClassLoader
ClassLoader.loadClass;jme3test.stress.TestShaderNodesStress;java.lang.Class.forName0;;org.dacapo.harness.DacapoClassLoader;org.dacapo.harness.DacapoClassLoader
ClassLoader.loadClass;jme3test.terrain.PBRTerrainAdvancedTest;java.lang.Class.forName0;;org.dacapo.harness.DacapoClassLoader;org.dacapo.harness.DacapoClassLoader
ClassLoader.loadClass;jme3test.terrain.PBRTerrainTest;java.lang.Class.forName0;;org.dacapo.harness.DacapoClassLoader;org.dacapo.harness.DacapoClassLoader
ClassLoader.loadClass;jme3test.terrain.TerrainFractalGridTest;java.lang.Class.forName0;;org.dacapo.harness.DacapoClassLoader;org.dacapo.harness.DacapoClassLoader
ClassLoader.loadClass;jme3test.terrain.TerrainGridAlphaMapTest;java.lang.Class.forName0;;org.dacapo.harness.DacapoClassLoader;org.dacapo.harness.DacapoClassLoader
ClassLoader.loadClass;jme3test.terrain.TerrainGridSerializationTest;java.lang.Class.forName0;;org.dacapo.harness.DacapoClassLoader;org.dacapo.harness.DacapoClassLoader
ClassLoader.loadClass;jme3test.terrain.TerrainGridTest;java.lang.Class.forName0;;org.dacapo.harness.DacapoClassLoader;org.dacapo.harness.DacapoClassLoader
ClassLoader.loadClass;jme3test.terrain.TerrainGridTileLoaderTest;java.lang.Class.forName0;;org.dacapo.harness.DacapoClassLoader;org.dacapo.harness.DacapoClassLoader
ClassLoader.loadClass;jme3test.terrain.TerrainTest;java.lang.Class.forName0;;org.dacapo.harness.DacapoClassLoader;org.dacapo.harness.DacapoClassLoader
ClassLoader.loadClass;jme3test.terrain.TerrainTestAdvanced;java.lang.Class.forName0;;org.dacapo.harness.DacapoClassLoader;org.dacapo.harness.DacapoClassLoader
ClassLoader.loadClass;jme3test.terrain.TerrainTestAndroid;java.lang.Class.forName0;;org.dacapo.harness.DacapoClassLoader;org.dacapo.harness.DacapoClassLoader
ClassLoader.loadClass;jme3test.terrain.TerrainTestCollision;java.lang.Class.forName0;;org.dacapo.harness.DacapoClassLoader;org.dacapo.harness.DacapoClassLoader
ClassLoader.loadClass;jme3test.terrain.TerrainTestModifyHeight;java.lang.Class.forName0;;org.dacapo.harness.DacapoClassLoader;org.dacapo.harness.DacapoClassLoader
ClassLoader.loadClass;jme3test.terrain.TerrainTestReadWrite;java.lang.Class.forName0;;org.dacapo.harness.DacapoClassLoader;org.dacapo.harness.DacapoClassLoader
ClassLoader.loadClass;jme3test.terrain.TerrainTestTile$TiledTerrain;java.lang.Class.forName0;;org.dacapo.harness.DacapoClassLoader;org.dacapo.harness.DacapoClassLoader
ClassLoader.loadClass;jme3test.terrain.TerrainTestTile;java.lang.Class.forName0;;org.dacapo.harness.DacapoClassLoader;org.dacapo.harness.DacapoClassLoader
ClassLoader.loadClass;jme3test.texture.TestAnisotropicFilter;java.lang.Class.forName0;;org.dacapo.harness.DacapoClassLoader;org.dacapo.harness.DacapoClassLoader
ClassLoader.loadClass;jme3test.texture.TestImageRaster;java.lang.Class.forName0;;org.dacapo.harness.DacapoClassLoader;org.dacapo.harness.DacapoClassLoader
ClassLoader.loadClass;jme3test.texture.TestSkyLoading;java.lang.Class.forName0;;org.dacapo.harness.DacapoClassLoader;org.dacapo.harness.DacapoClassLoader
ClassLoader.loadClass;jme3test.texture.TestSkyRotation;java.lang.Class.forName0;;org.dacapo.harness.DacapoClassLoader;org.dacapo.harness.DacapoClassLoader
ClassLoader.loadClass;jme3test.texture.TestTexture3D;java.lang.Class.forName0;;org.dacapo.harness.DacapoClassLoader;org.dacapo.harness.DacapoClassLoader
ClassLoader.loadClass;jme3test.texture.TestTexture3DLoading;java.lang.Class.forName0;;org.dacapo.harness.DacapoClassLoader;org.dacapo.harness.DacapoClassLoader
ClassLoader.loadClass;jme3test.texture.TestTextureArray;java.lang.Class.forName0;;org.dacapo.harness.DacapoClassLoader;org.dacapo.harness.DacapoClassLoader
ClassLoader.loadClass;jme3test.texture.TestTextureArrayCompressed;java.lang.Class.forName0;;org.dacapo.harness.DacapoClassLoader;org.dacapo.harness.DacapoClassLoader
ClassLoader.loadClass;jme3test.texture.dds.TestLoadDds;java.lang.Class.forName0;;org.dacapo.harness.DacapoClassLoader;org.dacapo.harness.DacapoClassLoader
ClassLoader.loadClass;jme3test.texture.ktx.TestLoadKtx;java.lang.Class.forName0;;org.dacapo.harness.DacapoClassLoader;org.dacapo.harness.DacapoClassLoader
ClassLoader.loadClass;jme3test.tools.TestSaveGame;java.lang.Class.forName0;;org.dacapo.harness.DacapoClassLoader;org.dacapo.harness.DacapoClassLoader
ClassLoader.loadClass;jme3test.tools.TestTextureAtlas;java.lang.Class.forName0;;org.dacapo.harness.DacapoClassLoader;org.dacapo.harness.DacapoClassLoader
ClassLoader.loadClass;jme3test.water.TestMultiPostWater;java.lang.Class.forName0;;org.dacapo.harness.DacapoClassLoader;org.dacapo.harness.DacapoClassLoader
ClassLoader.loadClass;jme3test.water.TestPostWater;java.lang.Class.forName0;;org.dacapo.harness.DacapoClassLoader;org.dacapo.harness.DacapoClassLoader
ClassLoader.loadClass;jme3test.water.TestPostWaterLake;java.lang.Class.forName0;;org.dacapo.harness.DacapoClassLoader;org.dacapo.harness.DacapoClassLoader
ClassLoader.loadClass;jme3test.water.TestSceneWater;java.lang.Class.forName0;;org.dacapo.harness.DacapoClassLoader;org.dacapo.harness.DacapoClassLoader
ClassLoader.loadClass;jme3test.water.TestSimpleWater;java.lang.Class.forName0;;org.dacapo.harness.DacapoClassLoader;org.dacapo.harness.DacapoClassLoader
ClassLoader.loadClass;org.HdrHistogram.AbstractHistogram;java.lang.ClassLoader.defineClass1;;jdk.internal.loader.ClassLoaders$AppClassLoader;jdk.internal.loader.ClassLoaders$AppClassLoader
ClassLoader.loadClass;org.HdrHistogram.AbstractHistogramBase;java.lang.ClassLoader.defineClass1;;jdk.internal.loader.ClassLoaders$AppClassLoader;jdk.internal.loader.ClassLoaders$AppClassLoader
ClassLoader.loadClass;org.HdrHistogram.EncodableHistogram;org.dacapo.harness.JME.iterate;62;jdk.internal.loader.ClassLoaders$AppClassLoader;jdk.internal.loader.ClassLoaders$AppClassLoader
ClassLoader.loadClass;org.HdrHistogram.Histogram;org.dacapo.harness.JME.iterate;62;jdk.internal.loader.ClassLoaders$AppClassLoader;jdk.internal.loader.ClassLoaders$AppClassLoader
ClassLoader.loadClass;org.HdrHistogram.ValueRecorder;java.lang.ClassLoader.defineClass1;;jdk.internal.loader.ClassLoaders$AppClassLoader;jdk.internal.loader.ClassLoaders$AppClassLoader
ClassLoader.loadClass;org.apache.commons.cli.AmbiguousOptionException;org.dacapo.harness.CommandLineArgs.<clinit>;144;jdk.internal.loader.ClassLoaders$AppClassLoader;jdk.internal.loader.ClassLoaders$AppClassLoader
ClassLoader.loadClass;org.apache.commons.cli.CommandLine;org.apache.commons.cli.Parser.parse;148;jdk.internal.loader.ClassLoaders$AppClassLoader;jdk.internal.loader.ClassLoaders$AppClassLoader
ClassLoader.loadClass;org.apache.commons.cli.CommandLineParser;org.dacapo.harness.TestHarness.main;101;jdk.internal.loader.ClassLoaders$AppClassLoader;jdk.internal.loader.ClassLoaders$AppClassLoader
ClassLoader.loadClass;org.apache.commons.cli.MissingArgumentException;org.dacapo.harness.CommandLineArgs.<clinit>;144;jdk.internal.loader.ClassLoaders$AppClassLoader;jdk.internal.loader.ClassLoaders$AppClassLoader
ClassLoader.loadClass;org.apache.commons.cli.MissingOptionException;org.dacapo.harness.CommandLineArgs.<clinit>;144;jdk.internal.loader.ClassLoaders$AppClassLoader;jdk.internal.loader.ClassLoaders$AppClassLoader
ClassLoader.loadClass;org.apache.commons.cli.Option;org.dacapo.harness.CommandLineArgs.<clinit>;110;jdk.internal.loader.ClassLoaders$AppClassLoader;jdk.internal.loader.ClassLoaders$AppClassLoader
ClassLoader.loadClass;org.apache.commons.cli.OptionValidator;org.apache.commons.cli.Option.<init>;387;jdk.internal.loader.ClassLoaders$AppClassLoader;jdk.internal.loader.ClassLoaders$AppClassLoader
ClassLoader.loadClass;org.apache.commons.cli.Options;org.dacapo.harness.CommandLineArgs.<clinit>;145;jdk.internal.loader.ClassLoaders$AppClassLoader;jdk.internal.loader.ClassLoaders$AppClassLoader
ClassLoader.loadClass;org.apache.commons.cli.ParseException;org.dacapo.harness.TestHarness.main;101;jdk.internal.loader.ClassLoaders$AppClassLoader;jdk.internal.loader.ClassLoaders$AppClassLoader
ClassLoader.loadClass;org.apache.commons.cli.Parser;java.lang.ClassLoader.defineClass1;;jdk.internal.loader.ClassLoaders$AppClassLoader;jdk.internal.loader.ClassLoaders$AppClassLoader
ClassLoader.loadClass;org.apache.commons.cli.PosixParser;org.dacapo.harness.CommandLineArgs.<clinit>;144;jdk.internal.loader.ClassLoaders$AppClassLoader;jdk.internal.loader.ClassLoaders$AppClassLoader
ClassLoader.loadClass;org.apache.commons.cli.UnrecognizedOptionException;org.dacapo.harness.CommandLineArgs.<clinit>;144;jdk.internal.loader.ClassLoaders$AppClassLoader;jdk.internal.loader.ClassLoaders$AppClassLoader
ClassLoader.loadClass;org.apache.commons.cli.Util;org.apache.commons.cli.PosixParser.flatten;179;jdk.internal.loader.ClassLoaders$AppClassLoader;jdk.internal.loader.ClassLoaders$AppClassLoader
ClassLoader.loadClass;org.dacapo.harness.Benchmark;org.dacapo.harness.TestHarness.main;108;jdk.internal.loader.ClassLoaders$AppClassLoader;jdk.internal.loader.ClassLoaders$AppClassLoader
ClassLoader.loadClass;org.dacapo.harness.Callback$1;org.dacapo.harness.Callback.init;80;jdk.internal.loader.ClassLoaders$AppClassLoader;jdk.internal.loader.ClassLoaders$AppClassLoader
ClassLoader.loadClass;org.dacapo.harness.Callback$Mode;org.dacapo.harness.Callback.init;83;jdk.internal.loader.ClassLoaders$AppClassLoader;jdk.internal.loader.ClassLoaders$AppClassLoader
ClassLoader.loadClass;org.dacapo.harness.Callback;org.dacapo.harness.CommandLineArgs.defineCallback;460;jdk.internal.loader.ClassLoaders$AppClassLoader;jdk.internal.loader.ClassLoaders$AppClassLoader
ClassLoader.loadClass;org.dacapo.harness.CommandLineArgs$Methodology;org.dacapo.harness.CommandLineArgs.getMethodology;311;jdk.internal.loader.ClassLoaders$AppClassLoader;jdk.internal.loader.ClassLoaders$AppClassLoader
ClassLoader.loadClass;org.dacapo.harness.CommandLineArgs;org.dacapo.harness.TestHarness.main;101;jdk.internal.loader.ClassLoaders$AppClassLoader;jdk.internal.loader.ClassLoaders$AppClassLoader
ClassLoader.loadClass;org.dacapo.harness.DacapoClassLoader;org.dacapo.harness.TestHarness.main;108;jdk.internal.loader.ClassLoaders$AppClassLoader;jdk.internal.loader.ClassLoaders$AppClassLoader
ClassLoader.loadClass;org.dacapo.harness.DacapoException;org.dacapo.harness.TestHarness.main;108;jdk.internal.loader.ClassLoaders$AppClassLoader;jdk.internal.loader.ClassLoaders$AppClassLoader
ClassLoader.loadClass;org.dacapo.harness.Data;org.dacapo.harness.TestHarness.main;105;jdk.internal.loader.ClassLoaders$AppClassLoader;jdk.internal.loader.ClassLoaders$AppClassLoader
ClassLoader.loadClass;org.dacapo.harness.Digest;org.dacapo.harness.FileDigest.getText;84;jdk.internal.loader.ClassLoaders$AppClassLoader;jdk.internal.loader.ClassLoaders$AppClassLoader
ClassLoader.loadClass;org.dacapo.harness.FileDigest;org.dacapo.harness.Benchmark.validate;640;jdk.internal.loader.ClassLoaders$AppClassLoader;jdk.internal.loader.ClassLoaders$AppClassLoader
ClassLoader.loadClass;org.dacapo.harness.JME;java.lang.Class.forName0;;jdk.internal.loader.ClassLoaders$AppClassLoader;jdk.internal.loader.ClassLoaders$AppClassLoader
ClassLoader.loadClass;org.dacapo.harness.LatencyReporter;java.lang.Class.forName0;;org.dacapo.harness.DacapoClassLoader;jdk.internal.loader.ClassLoaders$AppClassLoader
ClassLoader.loadClass;org.dacapo.harness.LatencyReporter;org.dacapo.harness.JME.iterate;62;jdk.internal.loader.ClassLoaders$AppClassLoader;jdk.internal.loader.ClassLoaders$AppClassLoader
ClassLoader.loadClass;org.dacapo.harness.TeeOutputStream;org.dacapo.harness.Benchmark.initialize;316;jdk.internal.loader.ClassLoaders$AppClassLoader;jdk.internal.loader.ClassLoaders$AppClassLoader
ClassLoader.loadClass;org.dacapo.harness.TeePrintStream;org.dacapo.harness.TestHarness.main;108;jdk.internal.loader.ClassLoaders$AppClassLoader;jdk.internal.loader.ClassLoaders$AppClassLoader
ClassLoader.loadClass;org.dacapo.harness.TestHarness;Harness.main;35;java.net.FactoryURLClassLoader;jdk.internal.loader.ClassLoaders$AppClassLoader
ClassLoader.loadClass;org.dacapo.parser.Config$1;org.dacapo.parser.Config.getThreadCount;736;jdk.internal.loader.ClassLoaders$AppClassLoader;jdk.internal.loader.ClassLoaders$AppClassLoader
ClassLoader.loadClass;org.dacapo.parser.Config$OutputFile;org.dacapo.parser.Config$Size.addOutputFile;133;jdk.internal.loader.ClassLoaders$AppClassLoader;jdk.internal.loader.ClassLoaders$AppClassLoader
ClassLoader.loadClass;org.dacapo.parser.Config$Size;org.dacapo.parser.Config.addSize;327;jdk.internal.loader.ClassLoaders$AppClassLoader;jdk.internal.loader.ClassLoaders$AppClassLoader
ClassLoader.loadClass;org.dacapo.parser.Config$ThreadModel;org.dacapo.parser.ConfigFile.threadModel;377;jdk.internal.loader.ClassLoaders$AppClassLoader;jdk.internal.loader.ClassLoaders$AppClassLoader
ClassLoader.loadClass;org.dacapo.parser.Config;org.dacapo.harness.TestHarness.main;110;jdk.internal.loader.ClassLoaders$AppClassLoader;jdk.internal.loader.ClassLoaders$AppClassLoader
ClassLoader.loadClass;org.dacapo.parser.ConfigFile;org.dacapo.parser.Config.parse;213;jdk.internal.loader.ClassLoaders$AppClassLoader;jdk.internal.loader.ClassLoaders$AppClassLoader
ClassLoader.loadClass;org.dacapo.parser.ConfigFileConstants;java.lang.ClassLoader.defineClass1;;jdk.internal.loader.ClassLoaders$AppClassLoader;jdk.internal.loader.ClassLoaders$AppClassLoader
ClassLoader.loadClass;org.dacapo.parser.ConfigFileTokenManager;org.dacapo.parser.ConfigFile.<init>;531;jdk.internal.loader.ClassLoaders$AppClassLoader;jdk.internal.loader.ClassLoaders$AppClassLoader
ClassLoader.loadClass;org.dacapo.parser.ParseException;org.dacapo.harness.TestHarness.main;110;jdk.internal.loader.ClassLoaders$AppClassLoader;jdk.internal.loader.ClassLoaders$AppClassLoader
ClassLoader.loadClass;org.dacapo.parser.SimpleCharStream;org.dacapo.parser.ConfigFile.<init>;530;jdk.internal.loader.ClassLoaders$AppClassLoader;jdk.internal.loader.ClassLoaders$AppClassLoader
ClassLoader.loadClass;org.dacapo.parser.Token;org.dacapo.parser.ConfigFile.<init>;532;jdk.internal.loader.ClassLoaders$AppClassLoader;jdk.internal.loader.ClassLoaders$AppClassLoader
ClassLoader.loadClass;org.dacapo.parser.TokenMgrError;org.dacapo.parser.ConfigFile.<init>;531;jdk.internal.loader.ClassLoaders$AppClassLoader;jdk.internal.loader.ClassLoaders$AppClassLoader
ClassLoader.loadClass;org.xml.sax.ContentHandler;java.lang.Class.forName0;;org.dacapo.harness.DacapoClassLoader;BootstrapClassLoader
ClassLoader.loadClass;org.xml.sax.ErrorHandler;java.lang.Class.forName0;;org.dacapo.harness.DacapoClassLoader;BootstrapClassLoader
ClassLoader.loadClass;org.xml.sax.SAXException;java.lang.Class.forName0;;org.dacapo.harness.DacapoClassLoader;BootstrapClassLoader
ClassLoader.loadClass;org.xml.sax.helpers.DefaultHandler;java.lang.ClassLoader.defineClass1;;org.dacapo.harness.DacapoClassLoader;BootstrapClassLoader
ClassLoader.loadClass;sun.misc.Unsafe;org.dacapo.harness.JME.prepare;48;jdk.internal.loader.ClassLoaders$AppClassLoader;BootstrapClassLoader
ClassLoader.loadClass;sun.nio.ch.DirectBuffer;java.lang.Class.forName0;;org.dacapo.harness.DacapoClassLoader;BootstrapClassLoader
ClassLoader.loadClass;sun.util.locale.provider.LocaleDataMetaInfo;java.lang.ClassLoader.defineClass2;;jdk.internal.loader.ClassLoaders$PlatformClassLoader;BootstrapClassLoader
ClassLoader.loadClass;sun.util.locale.provider.LocaleProviderAdapter$Type;java.lang.Class.getDeclaredMethods0;;jdk.internal.loader.ClassLoaders$PlatformClassLoader;BootstrapClassLoader
ClassLoader.loadClass;sun.util.resources.LocaleData$CommonResourceBundleProvider;java.lang.ClassLoader.defineClass2;;jdk.internal.loader.ClassLoaders$PlatformClassLoader;BootstrapClassLoader
