ClassLoader.loadClass;Harness;java.lang.Class.forName0;;jdk.internal.loader.ClassLoaders$AppClassLoader;jdk.internal.loader.ClassLoaders$AppClassLoader
ClassLoader.loadClass;com.sun.org.apache.xerces.internal.jaxp.datatype.DatatypeFactoryImpl;java.lang.Class.forName0;;java.net.FactoryURLClassLoader;BootstrapClassLoader
ClassLoader.loadClass;java.io.BufferedInputStream;java.lang.Class.forName0;;org.dacapo.harness.DacapoClassLoader;BootstrapClassLoader
ClassLoader.loadClass;java.io.BufferedInputStream;org.dacapo.harness.TestHarness.main;108;jdk.internal.loader.ClassLoaders$AppClassLoader;BootstrapClassLoader
ClassLoader.loadClass;java.io.BufferedOutputStream;jdk.nio.zipfs.ZipFileSystemProvider.getZipFileSystem;125;jdk.internal.loader.ClassLoaders$PlatformClassLoader;BootstrapClassLoader
ClassLoader.loadClass;java.io.BufferedReader;javax.xml.parsers.FactoryFinder.findJarServiceProvider;;org.dacapo.harness.DacapoClassLoader;BootstrapClassLoader
ClassLoader.loadClass;java.io.BufferedReader;org.dacapo.harness.Benchmark.getDeps;358;jdk.internal.loader.ClassLoaders$AppClassLoader;BootstrapClassLoader
ClassLoader.loadClass;java.io.BufferedWriter;org.dacapo.harness.TestHarness.main;108;jdk.internal.loader.ClassLoaders$AppClassLoader;BootstrapClassLoader
ClassLoader.loadClass;java.io.ByteArrayInputStream;jdk.nio.zipfs.ZipFileSystemProvider.getZipFileSystem;125;jdk.internal.loader.ClassLoaders$PlatformClassLoader;BootstrapClassLoader
ClassLoader.loadClass;java.io.CharConversionException;org.apache.xerces.impl.XMLNSDocumentScannerImpl.createContentDispatcher;;org.dacapo.harness.DacapoClassLoader;BootstrapClassLoader
ClassLoader.loadClass;java.io.EOFException;org.apache.xerces.impl.XMLEntityManager.setScannerVersion;;org.dacapo.harness.DacapoClassLoader;BootstrapClassLoader
ClassLoader.loadClass;java.io.File;java.lang.Class.getDeclaredConstructors0;;org.dacapo.harness.DacapoClassLoader;BootstrapClassLoader
ClassLoader.loadClass;java.io.FileInputStream;java.lang.Class.getDeclaredMethods0;;jdk.internal.loader.ClassLoaders$AppClassLoader;BootstrapClassLoader
ClassLoader.loadClass;java.io.FileInputStream;javax.xml.transform.TransformerFactory.newInstance;;org.dacapo.harness.DacapoClassLoader;BootstrapClassLoader
ClassLoader.loadClass;java.io.FileNotFoundException;java.lang.Class.getDeclaredMethods0;;jdk.internal.loader.ClassLoaders$AppClassLoader;BootstrapClassLoader
ClassLoader.loadClass;java.io.FileNotFoundException;javax.xml.transform.FactoryFinder.<clinit>;;org.dacapo.harness.DacapoClassLoader;BootstrapClassLoader
ClassLoader.loadClass;java.io.FileOutputStream;org.dacapo.harness.TestHarness.main;108;jdk.internal.loader.ClassLoaders$AppClassLoader;BootstrapClassLoader
ClassLoader.loadClass;java.io.FileOutputStream;org.dacapo.xalan.XSLTBench.createWorkers;102;org.dacapo.harness.DacapoClassLoader;BootstrapClassLoader
ClassLoader.loadClass;java.io.FileReader;org.dacapo.harness.TestHarness.main;105;jdk.internal.loader.ClassLoaders$AppClassLoader;BootstrapClassLoader
ClassLoader.loadClass;java.io.FileWriter;org.dacapo.harness.TestHarness.main;105;jdk.internal.loader.ClassLoaders$AppClassLoader;BootstrapClassLoader
ClassLoader.loadClass;java.io.FilterOutputStream;java.lang.ClassLoader.defineClass1;;jdk.internal.loader.ClassLoaders$AppClassLoader;BootstrapClassLoader
ClassLoader.loadClass;java.io.FilterOutputStream;java.lang.ClassLoader.defineClass2;;jdk.internal.loader.ClassLoaders$PlatformClassLoader;BootstrapClassLoader
ClassLoader.loadClass;java.io.IOException;java.lang.Class.getDeclaredMethods0;;jdk.internal.loader.ClassLoaders$PlatformClassLoader;BootstrapClassLoader
ClassLoader.loadClass;java.io.IOException;javax.xml.transform.TransformerFactory.newInstance;;org.dacapo.harness.DacapoClassLoader;BootstrapClassLoader
ClassLoader.loadClass;java.io.InputStream;java.lang.Class.getDeclaredMethods0;;jdk.internal.loader.ClassLoaders$AppClassLoader;BootstrapClassLoader
ClassLoader.loadClass;java.io.InputStream;java.lang.Class.getDeclaredMethods0;;jdk.internal.loader.ClassLoaders$PlatformClassLoader;BootstrapClassLoader
ClassLoader.loadClass;java.io.InputStream;javax.xml.transform.TransformerFactory.newInstance;;org.dacapo.harness.DacapoClassLoader;BootstrapClassLoader
ClassLoader.loadClass;java.io.InputStreamReader;javax.xml.transform.TransformerFactory.newInstance;;org.dacapo.harness.DacapoClassLoader;BootstrapClassLoader
ClassLoader.loadClass;java.io.InputStreamReader;org.dacapo.harness.TestHarness.main;101;jdk.internal.loader.ClassLoaders$AppClassLoader;BootstrapClassLoader
ClassLoader.loadClass;java.io.ObjectInputStream;java.lang.Class.getDeclaredMethods0;;org.dacapo.harness.DacapoClassLoader;BootstrapClassLoader
ClassLoader.loadClass;java.io.ObjectOutputStream;java.lang.Class.getDeclaredMethods0;;org.dacapo.harness.DacapoClassLoader;BootstrapClassLoader
ClassLoader.loadClass;java.io.OutputStream;java.lang.Class.getDeclaredMethods0;;jdk.internal.loader.ClassLoaders$PlatformClassLoader;BootstrapClassLoader
ClassLoader.loadClass;java.io.OutputStream;org.apache.xalan.processor.TransformerFactoryImpl.<init>;999;org.dacapo.harness.DacapoClassLoader;BootstrapClassLoader
ClassLoader.loadClass;java.io.OutputStream;org.dacapo.harness.TestHarness.main;108;jdk.internal.loader.ClassLoaders$AppClassLoader;BootstrapClassLoader
ClassLoader.loadClass;java.io.OutputStreamWriter;java.lang.Class.forName0;;org.dacapo.harness.DacapoClassLoader;BootstrapClassLoader
ClassLoader.loadClass;java.io.PrintStream;org.apache.xalan.processor.TransformerFactoryImpl.<init>;999;org.dacapo.harness.DacapoClassLoader;BootstrapClassLoader
ClassLoader.loadClass;java.io.PrintStream;org.dacapo.harness.TestHarness.main;108;jdk.internal.loader.ClassLoaders$AppClassLoader;BootstrapClassLoader
ClassLoader.loadClass;java.io.Reader;javax.xml.transform.TransformerFactory.newInstance;;org.dacapo.harness.DacapoClassLoader;BootstrapClassLoader
ClassLoader.loadClass;java.io.Reader;org.dacapo.harness.TestHarness.main;101;jdk.internal.loader.ClassLoaders$AppClassLoader;BootstrapClassLoader
ClassLoader.loadClass;java.io.Serializable;java.lang.ClassLoader.defineClass1;;jdk.internal.loader.ClassLoaders$AppClassLoader;BootstrapClassLoader
ClassLoader.loadClass;java.io.Serializable;java.lang.ClassLoader.defineClass1;;org.dacapo.harness.DacapoClassLoader;BootstrapClassLoader
ClassLoader.loadClass;java.io.StringReader;org.apache.xerces.parsers.XML11Configuration.<init>;;org.dacapo.harness.DacapoClassLoader;BootstrapClassLoader
ClassLoader.loadClass;java.io.StringWriter;java.lang.Class.forName0;;org.dacapo.harness.DacapoClassLoader;BootstrapClassLoader
ClassLoader.loadClass;java.io.UnsupportedEncodingException;javax.xml.transform.stream.StreamSource.setSystemId;;org.dacapo.harness.DacapoClassLoader;BootstrapClassLoader
ClassLoader.loadClass;java.io.UnsupportedEncodingException;org.dacapo.parser.Config.parse;213;jdk.internal.loader.ClassLoaders$AppClassLoader;BootstrapClassLoader
ClassLoader.loadClass;java.io.Writer;java.lang.Class.forName0;;org.dacapo.harness.DacapoClassLoader;BootstrapClassLoader
ClassLoader.loadClass;java.io.Writer;org.dacapo.harness.TestHarness.main;105;jdk.internal.loader.ClassLoaders$AppClassLoader;BootstrapClassLoader
ClassLoader.loadClass;java.lang.AbstractMethodError;java.lang.Class.getDeclaredConstructors0;;org.dacapo.harness.DacapoClassLoader;BootstrapClassLoader
ClassLoader.loadClass;java.lang.Appendable;jdk.nio.zipfs.ZipFileSystem.getFileAttributes;550;jdk.internal.loader.ClassLoaders$PlatformClassLoader;BootstrapClassLoader
ClassLoader.loadClass;java.lang.ArrayIndexOutOfBoundsException;java.lang.Class.forName0;;org.dacapo.harness.DacapoClassLoader;BootstrapClassLoader
ClassLoader.loadClass;java.lang.AssertionError;jdk.nio.zipfs.ZipFileSystem.<init>;1646;jdk.internal.loader.ClassLoaders$PlatformClassLoader;BootstrapClassLoader
ClassLoader.loadClass;java.lang.AssertionError;org.dacapo.harness.TestHarness.main;101;jdk.internal.loader.ClassLoaders$AppClassLoader;BootstrapClassLoader
ClassLoader.loadClass;java.lang.Boolean;jdk.nio.zipfs.ZipFileSystem.lambda$static$0;87;jdk.internal.loader.ClassLoaders$PlatformClassLoader;BootstrapClassLoader
ClassLoader.loadClass;java.lang.Boolean;org.apache.xalan.templates.FuncKey.<clinit>;46;org.dacapo.harness.DacapoClassLoader;BootstrapClassLoader
ClassLoader.loadClass;java.lang.Boolean;org.dacapo.harness.Benchmark.getDeps;386;jdk.internal.loader.ClassLoaders$AppClassLoader;BootstrapClassLoader
ClassLoader.loadClass;java.lang.Byte;java.lang.Class.forName0;;org.dacapo.harness.DacapoClassLoader;BootstrapClassLoader
ClassLoader.loadClass;java.lang.Byte;jdk.nio.zipfs.ZipConstants.SH;184;jdk.internal.loader.ClassLoaders$PlatformClassLoader;BootstrapClassLoader
ClassLoader.loadClass;java.lang.CharSequence;java.lang.Class.getDeclaredMethods0;;jdk.internal.loader.ClassLoaders$AppClassLoader;BootstrapClassLoader
ClassLoader.loadClass;java.lang.CharSequence;jdk.nio.zipfs.ZipFileSystemProvider.getZipFileSystem;125;jdk.internal.loader.ClassLoaders$PlatformClassLoader;BootstrapClassLoader
ClassLoader.loadClass;java.lang.Character;org.apache.commons.cli.OptionValidator.isValidChar;33;jdk.internal.loader.ClassLoaders$AppClassLoader;BootstrapClassLoader
ClassLoader.loadClass;java.lang.Character;org.apache.xpath.compiler.Lexer.tokenize;348;org.dacapo.harness.DacapoClassLoader;BootstrapClassLoader
ClassLoader.loadClass;java.lang.Class;java.lang.Class.getDeclaredMethods0;;jdk.internal.loader.ClassLoaders$PlatformClassLoader;BootstrapClassLoader
ClassLoader.loadClass;java.lang.Class;javax.xml.transform.FactoryFinder.newInstance;;org.dacapo.harness.DacapoClassLoader;BootstrapClassLoader
ClassLoader.loadClass;java.lang.ClassCastException;org.apache.xerces.jaxp.SAXParserImpl.<init>;;org.dacapo.harness.DacapoClassLoader;BootstrapClassLoader
ClassLoader.loadClass;java.lang.ClassLoader;java.lang.Class.getDeclaredMethods0;;jdk.internal.loader.ClassLoaders$AppClassLoader;BootstrapClassLoader
ClassLoader.loadClass;java.lang.ClassLoader;javax.xml.transform.SecuritySupport.getContextClassLoader;;org.dacapo.harness.DacapoClassLoader;BootstrapClassLoader
ClassLoader.loadClass;java.lang.ClassNotFoundException;java.lang.Class.getDeclaredMethods0;;jdk.internal.loader.ClassLoaders$AppClassLoader;BootstrapClassLoader
ClassLoader.loadClass;java.lang.ClassNotFoundException;javax.xml.transform.TransformerFactory.newInstance;;org.dacapo.harness.DacapoClassLoader;BootstrapClassLoader
ClassLoader.loadClass;java.lang.CloneNotSupportedException;java.lang.Class.forName0;;org.dacapo.harness.DacapoClassLoader;BootstrapClassLoader
ClassLoader.loadClass;java.lang.CloneNotSupportedException;org.dacapo.harness.CommandLineArgs.makeOption;482;jdk.internal.loader.ClassLoaders$AppClassLoader;BootstrapClassLoader
ClassLoader.loadClass;java.lang.Cloneable;java.lang.ClassLoader.defineClass1;;jdk.internal.loader.ClassLoaders$AppClassLoader;BootstrapClassLoader
ClassLoader.loadClass;java.lang.Cloneable;java.lang.ClassLoader.defineClass1;;org.dacapo.harness.DacapoClassLoader;BootstrapClassLoader
ClassLoader.loadClass;java.lang.Double;org.apache.xpath.patterns.NodeTest.<clinit>;158;org.dacapo.harness.DacapoClassLoader;BootstrapClassLoader
ClassLoader.loadClass;java.lang.Enum;java.lang.ClassLoader.defineClass1;;jdk.internal.loader.ClassLoaders$AppClassLoader;BootstrapClassLoader
ClassLoader.loadClass;java.lang.Error;java.lang.ClassLoader.defineClass1;;org.dacapo.harness.DacapoClassLoader;BootstrapClassLoader
ClassLoader.loadClass;java.lang.Error;org.dacapo.parser.Config.parse;213;jdk.internal.loader.ClassLoaders$AppClassLoader;BootstrapClassLoader
ClassLoader.loadClass;java.lang.Exception;java.lang.Class.forName0;;org.dacapo.harness.DacapoClassLoader;BootstrapClassLoader
ClassLoader.loadClass;java.lang.Exception;java.lang.Class.getDeclaredMethods0;;jdk.internal.loader.ClassLoaders$AppClassLoader;BootstrapClassLoader
ClassLoader.loadClass;java.lang.Exception;jdk.nio.zipfs.ZipFileSystemProvider.getZipFileSystem;125;jdk.internal.loader.ClassLoaders$PlatformClassLoader;BootstrapClassLoader
ClassLoader.loadClass;java.lang.Float;org.apache.xerces.util.SymbolTable.<init>;;org.dacapo.harness.DacapoClassLoader;BootstrapClassLoader
ClassLoader.loadClass;java.lang.IllegalAccessException;java.lang.Class.getDeclaredMethods0;;jdk.internal.loader.ClassLoaders$AppClassLoader;BootstrapClassLoader
ClassLoader.loadClass;java.lang.IllegalAccessException;org.apache.xalan.processor.StylesheetHandler.<init>;71;org.dacapo.harness.DacapoClassLoader;BootstrapClassLoader
ClassLoader.loadClass;java.lang.IllegalArgumentException;java.lang.Class.getDeclaredConstructors0;;org.dacapo.harness.DacapoClassLoader;BootstrapClassLoader
ClassLoader.loadClass;java.lang.IllegalArgumentException;java.lang.Class.getDeclaredMethods0;;jdk.internal.loader.ClassLoaders$PlatformClassLoader;BootstrapClassLoader
ClassLoader.loadClass;java.lang.IllegalArgumentException;org.apache.commons.cli.Option.<init>;387;jdk.internal.loader.ClassLoaders$AppClassLoader;BootstrapClassLoader
ClassLoader.loadClass;java.lang.IllegalStateException;jdk.nio.zipfs.ZipPath.newDirectoryStream;755;jdk.internal.loader.ClassLoaders$PlatformClassLoader;BootstrapClassLoader
ClassLoader.loadClass;java.lang.IllegalStateException;org.apache.xalan.processor.StylesheetHandler.pushNewNamespaceSupport;1549;org.dacapo.harness.DacapoClassLoader;BootstrapClassLoader
ClassLoader.loadClass;java.lang.InstantiationException;java.lang.Class.getDeclaredMethods0;;jdk.internal.loader.ClassLoaders$AppClassLoader;BootstrapClassLoader
ClassLoader.loadClass;java.lang.InstantiationException;org.apache.xalan.processor.StylesheetHandler.<init>;71;org.dacapo.harness.DacapoClassLoader;BootstrapClassLoader
ClassLoader.loadClass;java.lang.Integer;org.dacapo.harness.CommandLineArgs.getIterations;331;jdk.internal.loader.ClassLoaders$AppClassLoader;BootstrapClassLoader
ClassLoader.loadClass;java.lang.Integer;org.dacapo.xalan.XSLTBench.<clinit>;53;org.dacapo.harness.DacapoClassLoader;BootstrapClassLoader
ClassLoader.loadClass;java.lang.InterruptedException;java.lang.Class.getDeclaredMethods0;;org.dacapo.harness.DacapoClassLoader;BootstrapClassLoader
ClassLoader.loadClass;java.lang.Iterable;jdk.nio.zipfs.ZipFileSystemProvider.getZipFileSystem;125;jdk.internal.loader.ClassLoaders$PlatformClassLoader;BootstrapClassLoader
ClassLoader.loadClass;java.lang.Iterable;org.dacapo.harness.TestHarness.main;101;jdk.internal.loader.ClassLoaders$AppClassLoader;BootstrapClassLoader
ClassLoader.loadClass;java.lang.Long;java.lang.Class.forName0;;org.dacapo.harness.DacapoClassLoader;BootstrapClassLoader
ClassLoader.loadClass;java.lang.NoClassDefFoundError;javax.xml.transform.TransformerFactory.newInstance;;org.dacapo.harness.DacapoClassLoader;BootstrapClassLoader
ClassLoader.loadClass;java.lang.NoSuchFieldError;org.dacapo.parser.Config.getThreadCount;736;jdk.internal.loader.ClassLoaders$AppClassLoader;BootstrapClassLoader
ClassLoader.loadClass;java.lang.NoSuchMethodError;java.lang.Class.getDeclaredConstructors0;;org.dacapo.harness.DacapoClassLoader;BootstrapClassLoader
ClassLoader.loadClass;java.lang.NoSuchMethodException;java.lang.Class.getDeclaredMethods0;;jdk.internal.loader.ClassLoaders$AppClassLoader;BootstrapClassLoader
ClassLoader.loadClass;java.lang.NoSuchMethodException;org.apache.xalan.processor.XSLTSchema.build;82;org.dacapo.harness.DacapoClassLoader;BootstrapClassLoader
ClassLoader.loadClass;java.lang.NullPointerException;java.lang.Class.getDeclaredConstructors0;;org.dacapo.harness.DacapoClassLoader;BootstrapClassLoader
ClassLoader.loadClass;java.lang.NullPointerException;java.lang.Class.getDeclaredMethods0;;jdk.internal.loader.ClassLoaders$PlatformClassLoader;BootstrapClassLoader
ClassLoader.loadClass;java.lang.NumberFormatException;jdk.nio.zipfs.ZipFileSystemProvider.getZipFileSystem;125;jdk.internal.loader.ClassLoaders$PlatformClassLoader;BootstrapClassLoader
ClassLoader.loadClass;java.lang.NumberFormatException;org.dacapo.harness.TestHarness.main;108;jdk.internal.loader.ClassLoaders$AppClassLoader;BootstrapClassLoader
ClassLoader.loadClass;java.lang.NumberFormatException;org.dacapo.xalan.XSLTBench.<init>;67;org.dacapo.harness.DacapoClassLoader;BootstrapClassLoader
ClassLoader.loadClass;java.lang.Object;java.lang.Class.getDeclaredMethods0;;jdk.internal.loader.ClassLoaders$PlatformClassLoader;BootstrapClassLoader
ClassLoader.loadClass;java.lang.Object;java.lang.ClassLoader.defineClass1;;org.dacapo.harness.DacapoClassLoader;BootstrapClassLoader
ClassLoader.loadClass;java.lang.Runnable;java.lang.ClassLoader.defineClass1;;org.dacapo.harness.DacapoClassLoader;BootstrapClassLoader
ClassLoader.loadClass;java.lang.RuntimeException;java.lang.Class.getDeclaredMethods0;;jdk.internal.loader.ClassLoaders$AppClassLoader;BootstrapClassLoader
ClassLoader.loadClass;java.lang.RuntimeException;org.apache.xalan.processor.TransformerFactoryImpl.newTemplatesHandler;371;org.dacapo.harness.DacapoClassLoader;BootstrapClassLoader
ClassLoader.loadClass;java.lang.SecurityException;javax.xml.transform.TransformerFactory.newInstance;;org.dacapo.harness.DacapoClassLoader;BootstrapClassLoader
ClassLoader.loadClass;java.lang.Short;java.lang.Class.forName0;;org.dacapo.harness.DacapoClassLoader;BootstrapClassLoader
ClassLoader.loadClass;java.lang.String;java.lang.Class.getDeclaredMethods0;;jdk.internal.loader.ClassLoaders$PlatformClassLoader;BootstrapClassLoader
ClassLoader.loadClass;java.lang.String;org.dacapo.xalan.XSLTBench.<clinit>;33;org.dacapo.harness.DacapoClassLoader;BootstrapClassLoader
ClassLoader.loadClass;java.lang.StringBuffer;org.apache.xalan.Version.getVersion;48;org.dacapo.harness.DacapoClassLoader;BootstrapClassLoader
ClassLoader.loadClass;java.lang.StringBuffer;org.dacapo.harness.Digest.toString;44;jdk.internal.loader.ClassLoaders$AppClassLoader;BootstrapClassLoader
ClassLoader.loadClass;java.lang.StringBuilder;org.dacapo.harness.Data.<clinit>;39;jdk.internal.loader.ClassLoaders$AppClassLoader;BootstrapClassLoader
ClassLoader.loadClass;java.lang.StringBuilder;org.dacapo.xalan.XSLTBench$XalanWorker.run;143;org.dacapo.harness.DacapoClassLoader;BootstrapClassLoader
ClassLoader.loadClass;java.lang.System;Harness.makeHarnessClassLoader;51;jdk.internal.loader.ClassLoaders$AppClassLoader;BootstrapClassLoader
ClassLoader.loadClass;java.lang.System;jdk.nio.zipfs.ZipFileSystem.lambda$static$0;87;jdk.internal.loader.ClassLoaders$PlatformClassLoader;BootstrapClassLoader
ClassLoader.loadClass;java.lang.System;org.dacapo.xalan.XSLTBench.<init>;66;org.dacapo.harness.DacapoClassLoader;BootstrapClassLoader
ClassLoader.loadClass;java.lang.Thread;javax.xml.transform.SecuritySupport$1.run;;org.dacapo.harness.DacapoClassLoader;BootstrapClassLoader
ClassLoader.loadClass;java.lang.ThreadLocal;jdk.nio.zipfs.ZipFileSystem$IndexNode.<clinit>;2593;jdk.internal.loader.ClassLoaders$PlatformClassLoader;BootstrapClassLoader
ClassLoader.loadClass;java.lang.ThreadLocal;org.apache.xml.utils.XMLReaderManager.getXMLReader;87;org.dacapo.harness.DacapoClassLoader;BootstrapClassLoader
ClassLoader.loadClass;java.lang.Throwable;java.lang.Class.forName0;;org.dacapo.harness.DacapoClassLoader;BootstrapClassLoader
ClassLoader.loadClass;java.lang.Throwable;java.lang.Class.getDeclaredMethods0;;jdk.internal.loader.ClassLoaders$PlatformClassLoader;BootstrapClassLoader
ClassLoader.loadClass;java.lang.UnsupportedOperationException;java.lang.Class.getDeclaredMethods0;;jdk.internal.loader.ClassLoaders$PlatformClassLoader;BootstrapClassLoader
ClassLoader.loadClass;java.lang.UnsupportedOperationException;org.apache.xalan.processor.TransformerFactoryImpl.newTemplates;881;org.dacapo.harness.DacapoClassLoader;BootstrapClassLoader
ClassLoader.loadClass;java.lang.UnsupportedOperationException;org.dacapo.harness.CommandLineArgs.makeOption;482;jdk.internal.loader.ClassLoaders$AppClassLoader;BootstrapClassLoader
ClassLoader.loadClass;java.lang.invoke.LambdaMetafactory;jdk.nio.zipfs.ZipFileSystem.<clinit>;86;jdk.internal.loader.ClassLoaders$PlatformClassLoader;BootstrapClassLoader
ClassLoader.loadClass;java.lang.invoke.LambdaMetafactory;org.dacapo.harness.CommandLineArgs.extractBenchmarkSet;291;jdk.internal.loader.ClassLoaders$AppClassLoader;BootstrapClassLoader
ClassLoader.loadClass;java.lang.reflect.Constructor;org.dacapo.harness.TestHarness.runBenchmark;218;jdk.internal.loader.ClassLoaders$AppClassLoader;BootstrapClassLoader
ClassLoader.loadClass;java.lang.reflect.InvocationTargetException;java.lang.Class.getDeclaredMethods0;;jdk.internal.loader.ClassLoaders$AppClassLoader;BootstrapClassLoader
ClassLoader.loadClass;java.lang.reflect.InvocationTargetException;org.apache.xalan.processor.XSLTSchema.build;82;org.dacapo.harness.DacapoClassLoader;BootstrapClassLoader
ClassLoader.loadClass;java.lang.reflect.Method;Harness.main;39;jdk.internal.loader.ClassLoaders$AppClassLoader;BootstrapClassLoader
ClassLoader.loadClass;java.lang.reflect.Method;org.apache.xerces.parsers.XML11Configuration.<init>;;org.dacapo.harness.DacapoClassLoader;BootstrapClassLoader
ClassLoader.loadClass;java.net.HttpURLConnection;org.apache.xerces.parsers.XML11Configuration.<init>;;org.dacapo.harness.DacapoClassLoader;BootstrapClassLoader
ClassLoader.loadClass;java.net.MalformedURLException;org.dacapo.xalan.XSLTBench$XalanWorker.run;144;org.dacapo.harness.DacapoClassLoader;BootstrapClassLoader
ClassLoader.loadClass;java.net.URI;java.lang.Class.getDeclaredMethods0;;jdk.internal.loader.ClassLoaders$PlatformClassLoader;BootstrapClassLoader
ClassLoader.loadClass;java.net.URISyntaxException;java.lang.Class.getDeclaredMethods0;;jdk.internal.loader.ClassLoaders$PlatformClassLoader;BootstrapClassLoader
ClassLoader.loadClass;java.net.URL;org.apache.xerces.impl.XMLEntityManager.setupCurrentEntity;;org.dacapo.harness.DacapoClassLoader;BootstrapClassLoader
ClassLoader.loadClass;java.net.URLClassLoader;java.lang.Class.getDeclaredMethods0;;jdk.internal.loader.ClassLoaders$AppClassLoader;BootstrapClassLoader
ClassLoader.loadClass;java.net.URLConnection;org.apache.xerces.parsers.XML11Configuration.<init>;;org.dacapo.harness.DacapoClassLoader;BootstrapClassLoader
ClassLoader.loadClass;java.nio.ByteBuffer;jdk.nio.zipfs.ZipFileSystem.readFullyAt;1233;jdk.internal.loader.ClassLoaders$PlatformClassLoader;BootstrapClassLoader
ClassLoader.loadClass;java.nio.channels.AsynchronousFileChannel;java.lang.Class.getDeclaredMethods0;;jdk.internal.loader.ClassLoaders$PlatformClassLoader;BootstrapClassLoader
ClassLoader.loadClass;java.nio.channels.FileChannel;java.lang.Class.getDeclaredMethods0;;jdk.internal.loader.ClassLoaders$PlatformClassLoader;BootstrapClassLoader
ClassLoader.loadClass;java.nio.channels.SeekableByteChannel;java.lang.Class.getDeclaredMethods0;;jdk.internal.loader.ClassLoaders$PlatformClassLoader;BootstrapClassLoader
ClassLoader.loadClass;java.nio.charset.Charset;jdk.nio.zipfs.ZipCoder.get;72;jdk.internal.loader.ClassLoaders$PlatformClassLoader;BootstrapClassLoader
ClassLoader.loadClass;java.nio.charset.StandardCharsets;jdk.nio.zipfs.ZipCoder$UTF8.<init>;49;jdk.internal.loader.ClassLoaders$PlatformClassLoader;BootstrapClassLoader
ClassLoader.loadClass;java.nio.file.AccessDeniedException;jdk.nio.zipfs.ZipFileSystem.<init>;176;jdk.internal.loader.ClassLoaders$PlatformClassLoader;BootstrapClassLoader
ClassLoader.loadClass;java.nio.file.AccessMode;java.lang.Class.getDeclaredMethods0;;jdk.internal.loader.ClassLoaders$PlatformClassLoader;BootstrapClassLoader
ClassLoader.loadClass;java.nio.file.ClosedDirectoryStreamException;jdk.nio.zipfs.ZipPath.newDirectoryStream;755;jdk.internal.loader.ClassLoaders$PlatformClassLoader;BootstrapClassLoader
ClassLoader.loadClass;java.nio.file.ClosedFileSystemException;jdk.nio.zipfs.ZipFileSystemProvider.getZipFileSystem;125;jdk.internal.loader.ClassLoaders$PlatformClassLoader;BootstrapClassLoader
ClassLoader.loadClass;java.nio.file.CopyOption;java.lang.Class.getDeclaredMethods0;;jdk.internal.loader.ClassLoaders$PlatformClassLoader;BootstrapClassLoader
ClassLoader.loadClass;java.nio.file.DirectoryIteratorException;jdk.nio.zipfs.ZipPath.newDirectoryStream;755;jdk.internal.loader.ClassLoaders$PlatformClassLoader;BootstrapClassLoader
ClassLoader.loadClass;java.nio.file.DirectoryNotEmptyException;jdk.nio.zipfs.ZipFileSystemProvider.getZipFileSystem;125;jdk.internal.loader.ClassLoaders$PlatformClassLoader;BootstrapClassLoader
ClassLoader.loadClass;java.nio.file.DirectoryStream$Filter;java.lang.Class.getDeclaredMethods0;;jdk.internal.loader.ClassLoaders$PlatformClassLoader;BootstrapClassLoader
ClassLoader.loadClass;java.nio.file.DirectoryStream;java.lang.Class.getDeclaredMethods0;;jdk.internal.loader.ClassLoaders$PlatformClassLoader;BootstrapClassLoader
ClassLoader.loadClass;java.nio.file.FileAlreadyExistsException;jdk.nio.zipfs.ZipFileSystemProvider.getZipFileSystem;125;jdk.internal.loader.ClassLoaders$PlatformClassLoader;BootstrapClassLoader
ClassLoader.loadClass;java.nio.file.FileStore;java.lang.Class.getDeclaredMethods0;;jdk.internal.loader.ClassLoaders$PlatformClassLoader;BootstrapClassLoader
ClassLoader.loadClass;java.nio.file.FileSystem;java.lang.Class.getDeclaredMethods0;;jdk.internal.loader.ClassLoaders$PlatformClassLoader;BootstrapClassLoader
ClassLoader.loadClass;java.nio.file.FileSystem;org.dacapo.harness.CommandLineArgs.extractBenchmarkSet;286;jdk.internal.loader.ClassLoaders$AppClassLoader;BootstrapClassLoader
ClassLoader.loadClass;java.nio.file.FileSystemAlreadyExistsException;java.lang.Class.getDeclaredMethods0;;jdk.internal.loader.ClassLoaders$PlatformClassLoader;BootstrapClassLoader
ClassLoader.loadClass;java.nio.file.FileSystemException;jdk.nio.zipfs.ZipFileSystemProvider.getZipFileSystem;125;jdk.internal.loader.ClassLoaders$PlatformClassLoader;BootstrapClassLoader
ClassLoader.loadClass;java.nio.file.FileSystemNotFoundException;java.lang.Class.getDeclaredMethods0;;jdk.internal.loader.ClassLoaders$PlatformClassLoader;BootstrapClassLoader
ClassLoader.loadClass;java.nio.file.FileSystems;org.dacapo.harness.CommandLineArgs.extractBenchmarkSet;285;jdk.internal.loader.ClassLoaders$AppClassLoader;BootstrapClassLoader
ClassLoader.loadClass;java.nio.file.FileVisitOption;org.dacapo.harness.CommandLineArgs.extractBenchmarkSet;291;jdk.internal.loader.ClassLoaders$AppClassLoader;BootstrapClassLoader
ClassLoader.loadClass;java.nio.file.Files;jdk.nio.zipfs.ZipFileSystemProvider.ensureFile;85;jdk.internal.loader.ClassLoaders$PlatformClassLoader;BootstrapClassLoader
ClassLoader.loadClass;java.nio.file.Files;org.dacapo.harness.CommandLineArgs.extractBenchmarkSet;291;jdk.internal.loader.ClassLoaders$AppClassLoader;BootstrapClassLoader
ClassLoader.loadClass;java.nio.file.InvalidPathException;jdk.nio.zipfs.ZipFileSystem.<init>;176;jdk.internal.loader.ClassLoaders$PlatformClassLoader;BootstrapClassLoader
ClassLoader.loadClass;java.nio.file.LinkOption;java.lang.Class.getDeclaredMethods0;;jdk.internal.loader.ClassLoaders$PlatformClassLoader;BootstrapClassLoader
ClassLoader.loadClass;java.nio.file.NoSuchFileException;jdk.nio.zipfs.ZipFileSystemProvider.getZipFileSystem;125;jdk.internal.loader.ClassLoaders$PlatformClassLoader;BootstrapClassLoader
ClassLoader.loadClass;java.nio.file.NotDirectoryException;jdk.nio.zipfs.ZipFileSystemProvider.getZipFileSystem;125;jdk.internal.loader.ClassLoaders$PlatformClassLoader;BootstrapClassLoader
ClassLoader.loadClass;java.nio.file.OpenOption;java.lang.Class.getDeclaredMethods0;;jdk.internal.loader.ClassLoaders$PlatformClassLoader;BootstrapClassLoader
ClassLoader.loadClass;java.nio.file.OpenOption;org.dacapo.harness.Benchmark.getMD5;403;jdk.internal.loader.ClassLoaders$AppClassLoader;BootstrapClassLoader
ClassLoader.loadClass;java.nio.file.Path;java.lang.Class.getDeclaredMethods0;;jdk.internal.loader.ClassLoaders$PlatformClassLoader;BootstrapClassLoader
ClassLoader.loadClass;java.nio.file.Path;org.dacapo.harness.CommandLineArgs.extractBenchmarkSet;291;jdk.internal.loader.ClassLoaders$AppClassLoader;BootstrapClassLoader
ClassLoader.loadClass;java.nio.file.Paths;jdk.nio.zipfs.ZipFileSystemProvider.uriToPath;76;jdk.internal.loader.ClassLoaders$PlatformClassLoader;BootstrapClassLoader
ClassLoader.loadClass;java.nio.file.Paths;org.dacapo.harness.Data.<clinit>;36;jdk.internal.loader.ClassLoaders$AppClassLoader;BootstrapClassLoader
ClassLoader.loadClass;java.nio.file.ProviderMismatchException;java.lang.Class.getDeclaredMethods0;;jdk.internal.loader.ClassLoaders$PlatformClassLoader;BootstrapClassLoader
ClassLoader.loadClass;java.nio.file.ReadOnlyFileSystemException;jdk.nio.zipfs.ZipFileSystemProvider.getZipFileSystem;125;jdk.internal.loader.ClassLoaders$PlatformClassLoader;BootstrapClassLoader
ClassLoader.loadClass;java.nio.file.StandardOpenOption;jdk.nio.zipfs.ZipFileSystem.<init>;177;jdk.internal.loader.ClassLoaders$PlatformClassLoader;BootstrapClassLoader
ClassLoader.loadClass;java.nio.file.attribute.BasicFileAttributeView;java.lang.ClassLoader.defineClass2;;jdk.internal.loader.ClassLoaders$PlatformClassLoader;BootstrapClassLoader
ClassLoader.loadClass;java.nio.file.attribute.BasicFileAttributes;java.lang.Class.getDeclaredMethods0;;jdk.internal.loader.ClassLoaders$PlatformClassLoader;BootstrapClassLoader
ClassLoader.loadClass;java.nio.file.attribute.FileAttribute;java.lang.Class.getDeclaredMethods0;;jdk.internal.loader.ClassLoaders$PlatformClassLoader;BootstrapClassLoader
ClassLoader.loadClass;java.nio.file.attribute.FileAttributeView;java.lang.Class.getDeclaredMethods0;;jdk.internal.loader.ClassLoaders$PlatformClassLoader;BootstrapClassLoader
ClassLoader.loadClass;java.nio.file.attribute.PosixFileAttributeView;java.lang.ClassLoader.defineClass2;;jdk.internal.loader.ClassLoaders$PlatformClassLoader;BootstrapClassLoader
ClassLoader.loadClass;java.nio.file.attribute.PosixFileAttributes;java.lang.ClassLoader.defineClass2;;jdk.internal.loader.ClassLoaders$PlatformClassLoader;BootstrapClassLoader
ClassLoader.loadClass;java.nio.file.attribute.PosixFilePermissions;jdk.nio.zipfs.ZipFileSystem.<clinit>;101;jdk.internal.loader.ClassLoaders$PlatformClassLoader;BootstrapClassLoader
ClassLoader.loadClass;java.nio.file.spi.FileSystemProvider;java.lang.ClassLoader.defineClass2;;jdk.internal.loader.ClassLoaders$PlatformClassLoader;BootstrapClassLoader
ClassLoader.loadClass;java.security.AccessController;javax.xml.transform.SecuritySupport.getSystemProperty;;org.dacapo.harness.DacapoClassLoader;BootstrapClassLoader
ClassLoader.loadClass;java.security.AccessController;jdk.nio.zipfs.ZipFileSystem.<clinit>;86;jdk.internal.loader.ClassLoaders$PlatformClassLoader;BootstrapClassLoader
ClassLoader.loadClass;java.security.BasicPermission;java.lang.ClassLoader.defineClass1;;jdk.internal.loader.ClassLoaders$AppClassLoader;BootstrapClassLoader
ClassLoader.loadClass;java.security.CodeSource;org.dacapo.harness.TestHarness.getManifestAttribute;284;jdk.internal.loader.ClassLoaders$AppClassLoader;BootstrapClassLoader
ClassLoader.loadClass;java.security.MessageDigest;org.dacapo.harness.Benchmark.getMD5;401;jdk.internal.loader.ClassLoaders$AppClassLoader;BootstrapClassLoader
ClassLoader.loadClass;java.security.NoSuchAlgorithmException;org.dacapo.harness.FileDigest.getText;84;jdk.internal.loader.ClassLoaders$AppClassLoader;BootstrapClassLoader
ClassLoader.loadClass;java.security.Permission;org.dacapo.harness.Benchmark.getMD5;409;jdk.internal.loader.ClassLoaders$AppClassLoader;BootstrapClassLoader
ClassLoader.loadClass;java.security.PrivilegedAction;javax.xml.transform.FactoryFinder.<clinit>;;org.dacapo.harness.DacapoClassLoader;BootstrapClassLoader
ClassLoader.loadClass;java.security.PrivilegedAction;jdk.nio.zipfs.ZipFileSystem.<clinit>;86;jdk.internal.loader.ClassLoaders$PlatformClassLoader;BootstrapClassLoader
ClassLoader.loadClass;java.security.PrivilegedActionException;java.lang.Class.getDeclaredMethods0;;jdk.internal.loader.ClassLoaders$PlatformClassLoader;BootstrapClassLoader
ClassLoader.loadClass;java.security.PrivilegedActionException;javax.xml.transform.FactoryFinder.<clinit>;;org.dacapo.harness.DacapoClassLoader;BootstrapClassLoader
ClassLoader.loadClass;java.security.PrivilegedExceptionAction;javax.xml.transform.FactoryFinder.<clinit>;;org.dacapo.harness.DacapoClassLoader;BootstrapClassLoader
ClassLoader.loadClass;java.security.ProtectionDomain;org.dacapo.harness.TestHarness.getManifestAttribute;284;jdk.internal.loader.ClassLoaders$AppClassLoader;BootstrapClassLoader
ClassLoader.loadClass;java.text.DecimalFormat;java.lang.Class.getDeclaredMethods0;;org.dacapo.harness.DacapoClassLoader;BootstrapClassLoader
ClassLoader.loadClass;java.text.DecimalFormatSymbols;java.lang.Class.getDeclaredMethods0;;org.dacapo.harness.DacapoClassLoader;BootstrapClassLoader
ClassLoader.loadClass;java.time.DateTimeException;jdk.nio.zipfs.ZipFileSystem$Entry.readCEN;2798;jdk.internal.loader.ClassLoaders$PlatformClassLoader;BootstrapClassLoader
ClassLoader.loadClass;java.time.LocalDateTime;jdk.nio.zipfs.ZipUtils.dosToJavaTime;216;jdk.internal.loader.ClassLoaders$PlatformClassLoader;BootstrapClassLoader
ClassLoader.loadClass;java.time.ZoneId;jdk.nio.zipfs.ZipUtils.dosToJavaTime;218;jdk.internal.loader.ClassLoaders$PlatformClassLoader;BootstrapClassLoader
ClassLoader.loadClass;java.time.zone.ZoneRules;jdk.nio.zipfs.ZipUtils.dosToJavaTime;218;jdk.internal.loader.ClassLoaders$PlatformClassLoader;BootstrapClassLoader
ClassLoader.loadClass;java.util.ArrayList;jdk.nio.zipfs.ZipFileSystem.<init>;2390;jdk.internal.loader.ClassLoaders$PlatformClassLoader;BootstrapClassLoader
ClassLoader.loadClass;java.util.ArrayList;org.apache.commons.cli.Option.<init>;328;jdk.internal.loader.ClassLoaders$AppClassLoader;BootstrapClassLoader
ClassLoader.loadClass;java.util.ArrayList;org.apache.xerces.util.ParserConfigurationSettings.<init>;;org.dacapo.harness.DacapoClassLoader;BootstrapClassLoader
ClassLoader.loadClass;java.util.Arrays;jdk.nio.zipfs.ZipFileSystem$IndexNode.name;2606;jdk.internal.loader.ClassLoaders$PlatformClassLoader;BootstrapClassLoader
ClassLoader.loadClass;java.util.Arrays;org.apache.commons.cli.PosixParser.flatten;124;jdk.internal.loader.ClassLoaders$AppClassLoader;BootstrapClassLoader
ClassLoader.loadClass;java.util.Arrays;org.apache.xerces.util.XMLChar.<clinit>;;org.dacapo.harness.DacapoClassLoader;BootstrapClassLoader
ClassLoader.loadClass;java.util.Calendar;javax.xml.bind.DatatypeConverter.initConverter;155;jdk.internal.loader.ClassLoaders$AppClassLoader;BootstrapClassLoader
ClassLoader.loadClass;java.util.Collection;jdk.nio.zipfs.ZipFileSystemProvider.getZipFileSystem;125;jdk.internal.loader.ClassLoaders$PlatformClassLoader;BootstrapClassLoader
ClassLoader.loadClass;java.util.Collection;org.dacapo.harness.TestHarness.main;101;jdk.internal.loader.ClassLoaders$AppClassLoader;BootstrapClassLoader
ClassLoader.loadClass;java.util.Collections;jdk.nio.zipfs.ZipFileSystem.<init>;1133;jdk.internal.loader.ClassLoaders$PlatformClassLoader;BootstrapClassLoader
ClassLoader.loadClass;java.util.Collections;org.apache.commons.cli.Options.getRequiredOptions;269;jdk.internal.loader.ClassLoaders$AppClassLoader;BootstrapClassLoader
ClassLoader.loadClass;java.util.EmptyStackException;org.apache.xalan.processor.TransformerFactoryImpl.newTemplatesHandler;371;org.dacapo.harness.DacapoClassLoader;BootstrapClassLoader
ClassLoader.loadClass;java.util.Enumeration;org.apache.xalan.processor.StylesheetHandler.pushNewNamespaceSupport;1549;org.dacapo.harness.DacapoClassLoader;BootstrapClassLoader
ClassLoader.loadClass;java.util.GregorianCalendar;javax.xml.bind.DatatypeConverter.initConverter;155;jdk.internal.loader.ClassLoaders$AppClassLoader;BootstrapClassLoader
ClassLoader.loadClass;java.util.HashMap;jdk.nio.zipfs.ZipFileSystemProvider.<init>;55;jdk.internal.loader.ClassLoaders$PlatformClassLoader;BootstrapClassLoader
ClassLoader.loadClass;java.util.HashMap;org.apache.xpath.compiler.FunctionTable.<clinit>;147;org.dacapo.harness.DacapoClassLoader;BootstrapClassLoader
ClassLoader.loadClass;java.util.HashMap;org.dacapo.parser.Config.<init>;255;jdk.internal.loader.ClassLoaders$AppClassLoader;BootstrapClassLoader
ClassLoader.loadClass;java.util.HashSet;jdk.nio.zipfs.ZipFileSystem.<init>;1132;jdk.internal.loader.ClassLoaders$PlatformClassLoader;BootstrapClassLoader
ClassLoader.loadClass;java.util.HashSet;org.apache.commons.cli.Options.getOptionGroups;251;jdk.internal.loader.ClassLoaders$AppClassLoader;BootstrapClassLoader
ClassLoader.loadClass;java.util.Hashtable;org.apache.xalan.processor.XSLTElementDef.build;288;org.dacapo.harness.DacapoClassLoader;BootstrapClassLoader
ClassLoader.loadClass;java.util.Iterator;java.lang.Class.getDeclaredMethods0;;org.dacapo.harness.DacapoClassLoader;BootstrapClassLoader
ClassLoader.loadClass;java.util.Iterator;jdk.nio.zipfs.ZipFileSystem.<init>;176;jdk.internal.loader.ClassLoaders$PlatformClassLoader;BootstrapClassLoader
ClassLoader.loadClass;java.util.Iterator;org.apache.commons.cli.Parser.parse;136;jdk.internal.loader.ClassLoaders$AppClassLoader;BootstrapClassLoader
ClassLoader.loadClass;java.util.LinkedHashMap;jdk.nio.zipfs.ZipFileSystem.initCEN;1557;jdk.internal.loader.ClassLoaders$PlatformClassLoader;BootstrapClassLoader
ClassLoader.loadClass;java.util.LinkedHashMap;org.apache.commons.cli.Options.<init>;44;jdk.internal.loader.ClassLoaders$AppClassLoader;BootstrapClassLoader
ClassLoader.loadClass;java.util.LinkedList;org.apache.commons.cli.CommandLine.<init>;81;jdk.internal.loader.ClassLoaders$AppClassLoader;BootstrapClassLoader
ClassLoader.loadClass;java.util.List;jdk.nio.zipfs.ZipFileSystemProvider.getZipFileSystem;125;jdk.internal.loader.ClassLoaders$PlatformClassLoader;BootstrapClassLoader
ClassLoader.loadClass;java.util.List;org.apache.xalan.processor.XSLTSchema.build;325;org.dacapo.harness.DacapoClassLoader;BootstrapClassLoader
ClassLoader.loadClass;java.util.List;org.dacapo.harness.TestHarness.main;101;jdk.internal.loader.ClassLoaders$AppClassLoader;BootstrapClassLoader
ClassLoader.loadClass;java.util.ListIterator;org.apache.commons.cli.Parser.parse;161;jdk.internal.loader.ClassLoaders$AppClassLoader;BootstrapClassLoader
ClassLoader.loadClass;java.util.ListResourceBundle;java.lang.ClassLoader.defineClass1;;org.dacapo.harness.DacapoClassLoader;BootstrapClassLoader
ClassLoader.loadClass;java.util.Locale;org.apache.xerces.parsers.XML11Configuration.<init>;;org.dacapo.harness.DacapoClassLoader;BootstrapClassLoader
ClassLoader.loadClass;java.util.Locale;org.dacapo.harness.TestHarness.main;80;jdk.internal.loader.ClassLoaders$AppClassLoader;BootstrapClassLoader
ClassLoader.loadClass;java.util.Map;java.lang.Class.getDeclaredMethods0;;jdk.internal.loader.ClassLoaders$PlatformClassLoader;BootstrapClassLoader
ClassLoader.loadClass;java.util.Map;org.dacapo.harness.CommandLineArgs.<clinit>;145;jdk.internal.loader.ClassLoaders$AppClassLoader;BootstrapClassLoader
ClassLoader.loadClass;java.util.MissingResourceException;org.apache.xerces.parsers.XML11Configuration.<init>;;org.dacapo.harness.DacapoClassLoader;BootstrapClassLoader
ClassLoader.loadClass;java.util.NoSuchElementException;jdk.nio.zipfs.ZipDirectoryStream.iterator;74;jdk.internal.loader.ClassLoaders$PlatformClassLoader;BootstrapClassLoader
ClassLoader.loadClass;java.util.NoSuchElementException;org.apache.xerces.impl.Constants.<clinit>;;org.dacapo.harness.DacapoClassLoader;BootstrapClassLoader
ClassLoader.loadClass;java.util.Objects;jdk.nio.zipfs.ZipFileSystem.getInode;1892;jdk.internal.loader.ClassLoaders$PlatformClassLoader;BootstrapClassLoader
ClassLoader.loadClass;java.util.Properties;org.dacapo.harness.Data.getLocation;58;jdk.internal.loader.ClassLoaders$AppClassLoader;BootstrapClassLoader
ClassLoader.loadClass;java.util.Properties;org.dacapo.xalan.XSLTBench.<init>;81;org.dacapo.harness.DacapoClassLoader;BootstrapClassLoader
ClassLoader.loadClass;java.util.PropertyResourceBundle;org.apache.xml.serializer.CharInfo.<init>;194;org.dacapo.harness.DacapoClassLoader;BootstrapClassLoader
ClassLoader.loadClass;java.util.ResourceBundle;org.apache.xml.serializer.CharInfo.<init>;199;org.dacapo.harness.DacapoClassLoader;BootstrapClassLoader
ClassLoader.loadClass;java.util.Set;java.lang.Class.getDeclaredMethods0;;jdk.internal.loader.ClassLoaders$PlatformClassLoader;BootstrapClassLoader
ClassLoader.loadClass;java.util.Set;org.dacapo.harness.TestHarness.main;108;jdk.internal.loader.ClassLoaders$AppClassLoader;BootstrapClassLoader
ClassLoader.loadClass;java.util.Stack;org.apache.xalan.processor.StylesheetHandler.<init>;1163;org.dacapo.harness.DacapoClassLoader;BootstrapClassLoader
ClassLoader.loadClass;java.util.StringTokenizer;org.apache.xalan.processor.XSLTAttributeDef.processPREFIX_LIST;1271;org.dacapo.harness.DacapoClassLoader;BootstrapClassLoader
ClassLoader.loadClass;java.util.TreeMap;org.dacapo.harness.DacapoClassLoader.sortURLs;38;jdk.internal.loader.ClassLoaders$AppClassLoader;BootstrapClassLoader
ClassLoader.loadClass;java.util.Vector;org.apache.xalan.processor.StylesheetHandler.<init>;495;org.dacapo.harness.DacapoClassLoader;BootstrapClassLoader
ClassLoader.loadClass;java.util.Vector;org.dacapo.parser.ConfigFile.sizeClause;161;jdk.internal.loader.ClassLoaders$AppClassLoader;BootstrapClassLoader
ClassLoader.loadClass;java.util.concurrent.ExecutorService;java.lang.Class.getDeclaredMethods0;;jdk.internal.loader.ClassLoaders$PlatformClassLoader;BootstrapClassLoader
ClassLoader.loadClass;java.util.concurrent.TimeUnit;jdk.nio.zipfs.ZipUtils.dosToJavaTime;217;jdk.internal.loader.ClassLoaders$PlatformClassLoader;BootstrapClassLoader
ClassLoader.loadClass;java.util.concurrent.atomic.AtomicInteger;org.dacapo.harness.LatencyReporter.<clinit>;47;jdk.internal.loader.ClassLoaders$AppClassLoader;BootstrapClassLoader
ClassLoader.loadClass;java.util.concurrent.locks.Lock;jdk.nio.zipfs.ZipFileSystem.beginWrite;1186;jdk.internal.loader.ClassLoaders$PlatformClassLoader;BootstrapClassLoader
ClassLoader.loadClass;java.util.concurrent.locks.ReadWriteLock;jdk.nio.zipfs.ZipFileSystemProvider.getZipFileSystem;125;jdk.internal.loader.ClassLoaders$PlatformClassLoader;BootstrapClassLoader
ClassLoader.loadClass;java.util.concurrent.locks.ReentrantReadWriteLock;jdk.nio.zipfs.ZipFileSystem.<init>;1209;jdk.internal.loader.ClassLoaders$PlatformClassLoader;BootstrapClassLoader
ClassLoader.loadClass;java.util.function.BinaryOperator;org.dacapo.harness.Benchmark.getDeps;386;jdk.internal.loader.ClassLoaders$AppClassLoader;BootstrapClassLoader
ClassLoader.loadClass;java.util.function.Function;jdk.nio.zipfs.ZipFileSystem.<init>;132;jdk.internal.loader.ClassLoaders$PlatformClassLoader;BootstrapClassLoader
ClassLoader.loadClass;java.util.function.Function;org.dacapo.harness.CommandLineArgs.extractBenchmarkSet;291;jdk.internal.loader.ClassLoaders$AppClassLoader;BootstrapClassLoader
ClassLoader.loadClass;java.util.function.Predicate;org.dacapo.harness.CommandLineArgs.extractBenchmarkSet;292;jdk.internal.loader.ClassLoaders$AppClassLoader;BootstrapClassLoader
ClassLoader.loadClass;java.util.jar.Attributes$Name;org.dacapo.harness.TestHarness.getManifestAttribute;288;jdk.internal.loader.ClassLoaders$AppClassLoader;BootstrapClassLoader
ClassLoader.loadClass;java.util.jar.Attributes;org.dacapo.harness.TestHarness.getManifestAttribute;288;jdk.internal.loader.ClassLoaders$AppClassLoader;BootstrapClassLoader
ClassLoader.loadClass;java.util.jar.Manifest;org.dacapo.harness.TestHarness.getManifestAttribute;287;jdk.internal.loader.ClassLoaders$AppClassLoader;BootstrapClassLoader
ClassLoader.loadClass;java.util.regex.PatternSyntaxException;jdk.nio.zipfs.ZipFileSystem$Entry.readCEN;2798;jdk.internal.loader.ClassLoaders$PlatformClassLoader;BootstrapClassLoader
ClassLoader.loadClass;java.util.stream.Collectors;org.dacapo.harness.CommandLineArgs.extractBenchmarkSet;295;jdk.internal.loader.ClassLoaders$AppClassLoader;BootstrapClassLoader
ClassLoader.loadClass;java.util.stream.Stream;org.dacapo.harness.CommandLineArgs.extractBenchmarkSet;292;jdk.internal.loader.ClassLoaders$AppClassLoader;BootstrapClassLoader
ClassLoader.loadClass;java.util.zip.DeflaterOutputStream;java.lang.ClassLoader.defineClass2;;jdk.internal.loader.ClassLoaders$PlatformClassLoader;BootstrapClassLoader
ClassLoader.loadClass;java.util.zip.InflaterInputStream;java.lang.ClassLoader.defineClass2;;jdk.internal.loader.ClassLoaders$PlatformClassLoader;BootstrapClassLoader
ClassLoader.loadClass;java.util.zip.ZipException;java.lang.Class.getDeclaredMethods0;;jdk.internal.loader.ClassLoaders$PlatformClassLoader;BootstrapClassLoader
ClassLoader.loadClass;java.util.zip.ZipInputStream;org.dacapo.harness.TestHarness.main;108;jdk.internal.loader.ClassLoaders$AppClassLoader;BootstrapClassLoader
ClassLoader.loadClass;javax.xml.bind.DatatypeConverter;org.dacapo.harness.Benchmark.getMD5;409;jdk.internal.loader.ClassLoaders$AppClassLoader;jdk.internal.loader.ClassLoaders$AppClassLoader
ClassLoader.loadClass;javax.xml.bind.DatatypeConverterImpl;javax.xml.bind.DatatypeConverter.initConverter;155;jdk.internal.loader.ClassLoaders$AppClassLoader;jdk.internal.loader.ClassLoaders$AppClassLoader
ClassLoader.loadClass;javax.xml.bind.DatatypeConverterInterface;org.dacapo.harness.Benchmark.getMD5;409;jdk.internal.loader.ClassLoaders$AppClassLoader;jdk.internal.loader.ClassLoaders$AppClassLoader
ClassLoader.loadClass;javax.xml.bind.JAXBPermission;org.dacapo.harness.Benchmark.getMD5;409;jdk.internal.loader.ClassLoaders$AppClassLoader;jdk.internal.loader.ClassLoaders$AppClassLoader
ClassLoader.loadClass;javax.xml.datatype.DatatypeConfigurationException;javax.xml.bind.DatatypeConverter.initConverter;155;jdk.internal.loader.ClassLoaders$AppClassLoader;BootstrapClassLoader
ClassLoader.loadClass;javax.xml.datatype.DatatypeFactory;javax.xml.bind.DatatypeConverterImpl.<clinit>;905;jdk.internal.loader.ClassLoaders$AppClassLoader;BootstrapClassLoader
ClassLoader.loadClass;javax.xml.parsers.FactoryConfigurationError;java.lang.Class.getDeclaredConstructors0;;org.dacapo.harness.DacapoClassLoader;org.dacapo.harness.DacapoClassLoader
ClassLoader.loadClass;javax.xml.parsers.FactoryFinder$ConfigurationError;org.apache.xalan.processor.TransformerFactoryImpl.newTemplates;881;org.dacapo.harness.DacapoClassLoader;org.dacapo.harness.DacapoClassLoader
ClassLoader.loadClass;javax.xml.parsers.FactoryFinder;javax.xml.parsers.SAXParserFactory.newInstance;;org.dacapo.harness.DacapoClassLoader;org.dacapo.harness.DacapoClassLoader
ClassLoader.loadClass;javax.xml.parsers.ParserConfigurationException;java.lang.Class.getDeclaredConstructors0;;org.dacapo.harness.DacapoClassLoader;org.dacapo.harness.DacapoClassLoader
ClassLoader.loadClass;javax.xml.parsers.SAXParser;java.lang.Class.getDeclaredConstructors0;;org.dacapo.harness.DacapoClassLoader;org.dacapo.harness.DacapoClassLoader
ClassLoader.loadClass;javax.xml.parsers.SAXParserFactory;java.lang.Class.getDeclaredConstructors0;;org.dacapo.harness.DacapoClassLoader;org.dacapo.harness.DacapoClassLoader
ClassLoader.loadClass;javax.xml.parsers.SecuritySupport$1;javax.xml.parsers.SecuritySupport.getContextClassLoader;;org.dacapo.harness.DacapoClassLoader;org.dacapo.harness.DacapoClassLoader
ClassLoader.loadClass;javax.xml.parsers.SecuritySupport$2;javax.xml.parsers.SecuritySupport.getSystemProperty;;org.dacapo.harness.DacapoClassLoader;org.dacapo.harness.DacapoClassLoader
ClassLoader.loadClass;javax.xml.parsers.SecuritySupport$4;javax.xml.parsers.SecuritySupport.getResourceAsStream;;org.dacapo.harness.DacapoClassLoader;org.dacapo.harness.DacapoClassLoader
ClassLoader.loadClass;javax.xml.parsers.SecuritySupport$5;javax.xml.parsers.SecuritySupport.doesFileExist;;org.dacapo.harness.DacapoClassLoader;org.dacapo.harness.DacapoClassLoader
ClassLoader.loadClass;javax.xml.parsers.SecuritySupport;javax.xml.parsers.FactoryFinder.<clinit>;;org.dacapo.harness.DacapoClassLoader;org.dacapo.harness.DacapoClassLoader
ClassLoader.loadClass;javax.xml.transform.ErrorListener;java.lang.Class.getDeclaredConstructors0;;org.dacapo.harness.DacapoClassLoader;org.dacapo.harness.DacapoClassLoader
ClassLoader.loadClass;javax.xml.transform.FactoryFinder$ConfigurationError;org.dacapo.xalan.XSLTBench.<init>;86;org.dacapo.harness.DacapoClassLoader;org.dacapo.harness.DacapoClassLoader
ClassLoader.loadClass;javax.xml.transform.FactoryFinder;javax.xml.transform.TransformerFactory.newInstance;;org.dacapo.harness.DacapoClassLoader;org.dacapo.harness.DacapoClassLoader
ClassLoader.loadClass;javax.xml.transform.Result;org.dacapo.xalan.XSLTBench.createWorkers;102;org.dacapo.harness.DacapoClassLoader;org.dacapo.harness.DacapoClassLoader
ClassLoader.loadClass;javax.xml.transform.SecuritySupport$1;javax.xml.transform.SecuritySupport.getContextClassLoader;;org.dacapo.harness.DacapoClassLoader;org.dacapo.harness.DacapoClassLoader
ClassLoader.loadClass;javax.xml.transform.SecuritySupport$2;javax.xml.transform.SecuritySupport.getSystemProperty;;org.dacapo.harness.DacapoClassLoader;org.dacapo.harness.DacapoClassLoader
ClassLoader.loadClass;javax.xml.transform.SecuritySupport;javax.xml.transform.FactoryFinder.<clinit>;;org.dacapo.harness.DacapoClassLoader;org.dacapo.harness.DacapoClassLoader
ClassLoader.loadClass;javax.xml.transform.Source;java.lang.Class.forName0;;org.dacapo.harness.DacapoClassLoader;org.dacapo.harness.DacapoClassLoader
ClassLoader.loadClass;javax.xml.transform.SourceLocator;java.lang.ClassLoader.defineClass1;;org.dacapo.harness.DacapoClassLoader;org.dacapo.harness.DacapoClassLoader
ClassLoader.loadClass;javax.xml.transform.Templates;org.apache.xalan.processor.TransformerFactoryImpl.newTemplatesHandler;371;org.dacapo.harness.DacapoClassLoader;org.dacapo.harness.DacapoClassLoader
ClassLoader.loadClass;javax.xml.transform.Transformer;java.lang.Class.getDeclaredConstructors0;;org.dacapo.harness.DacapoClassLoader;org.dacapo.harness.DacapoClassLoader
ClassLoader.loadClass;javax.xml.transform.TransformerConfigurationException;java.lang.Class.getDeclaredConstructors0;;org.dacapo.harness.DacapoClassLoader;org.dacapo.harness.DacapoClassLoader
ClassLoader.loadClass;javax.xml.transform.TransformerException;java.lang.ClassLoader.defineClass1;;org.dacapo.harness.DacapoClassLoader;org.dacapo.harness.DacapoClassLoader
ClassLoader.loadClass;javax.xml.transform.TransformerFactory;org.dacapo.xalan.XSLTBench.<init>;86;org.dacapo.harness.DacapoClassLoader;org.dacapo.harness.DacapoClassLoader
ClassLoader.loadClass;javax.xml.transform.TransformerFactoryConfigurationError;org.dacapo.xalan.XSLTBench.<init>;86;org.dacapo.harness.DacapoClassLoader;org.dacapo.harness.DacapoClassLoader
ClassLoader.loadClass;javax.xml.transform.URIResolver;java.lang.Class.getDeclaredMethods0;;org.dacapo.harness.DacapoClassLoader;org.dacapo.harness.DacapoClassLoader
ClassLoader.loadClass;javax.xml.transform.dom.DOMResult;org.apache.xalan.transformer.TransformerImpl.createSerializationHandler;1091;org.dacapo.harness.DacapoClassLoader;org.dacapo.harness.DacapoClassLoader
ClassLoader.loadClass;javax.xml.transform.dom.DOMSource;org.apache.xalan.processor.TransformerFactoryImpl.newTemplates;846;org.dacapo.harness.DacapoClassLoader;org.dacapo.harness.DacapoClassLoader
ClassLoader.loadClass;javax.xml.transform.sax.SAXResult;org.apache.xalan.transformer.TransformerImpl.createSerializationHandler;1127;org.dacapo.harness.DacapoClassLoader;org.dacapo.harness.DacapoClassLoader
ClassLoader.loadClass;javax.xml.transform.sax.SAXSource;org.apache.xalan.processor.TransformerFactoryImpl.newTemplates;867;org.dacapo.harness.DacapoClassLoader;org.dacapo.harness.DacapoClassLoader
ClassLoader.loadClass;javax.xml.transform.sax.SAXTransformerFactory;java.lang.ClassLoader.defineClass1;;org.dacapo.harness.DacapoClassLoader;org.dacapo.harness.DacapoClassLoader
ClassLoader.loadClass;javax.xml.transform.sax.TemplatesHandler;java.lang.Class.getDeclaredConstructors0;;org.dacapo.harness.DacapoClassLoader;org.dacapo.harness.DacapoClassLoader
ClassLoader.loadClass;javax.xml.transform.sax.TransformerHandler;java.lang.Class.getDeclaredConstructors0;;org.dacapo.harness.DacapoClassLoader;org.dacapo.harness.DacapoClassLoader
ClassLoader.loadClass;javax.xml.transform.stream.FilePathToURI;javax.xml.transform.stream.StreamSource.setSystemId;;org.dacapo.harness.DacapoClassLoader;org.dacapo.harness.DacapoClassLoader
ClassLoader.loadClass;javax.xml.transform.stream.StreamResult;org.dacapo.xalan.XSLTBench$XalanWorker.run;144;org.dacapo.harness.DacapoClassLoader;org.dacapo.harness.DacapoClassLoader
ClassLoader.loadClass;javax.xml.transform.stream.StreamSource;org.dacapo.xalan.XSLTBench.<init>;85;org.dacapo.harness.DacapoClassLoader;org.dacapo.harness.DacapoClassLoader
ClassLoader.loadClass;jdk.internal.jrtfs.JrtFileSystemProvider;java.lang.Class.forName0;;jdk.internal.loader.ClassLoaders$AppClassLoader;BootstrapClassLoader
ClassLoader.loadClass;jdk.internal.reflect.ConstructorAccessorImpl;java.lang.ClassLoader.defineClass1;;org.dacapo.harness.DacapoClassLoader;BootstrapClassLoader
ClassLoader.loadClass;jdk.internal.reflect.MethodAccessorImpl;java.lang.ClassLoader.defineClass1;;org.dacapo.harness.DacapoClassLoader;BootstrapClassLoader
ClassLoader.loadClass;jdk.nio.zipfs.ZipCoder$UTF8;jdk.nio.zipfs.ZipFileSystem.<init>;175;jdk.internal.loader.ClassLoaders$PlatformClassLoader;jdk.internal.loader.ClassLoaders$PlatformClassLoader
ClassLoader.loadClass;jdk.nio.zipfs.ZipCoder;jdk.nio.zipfs.ZipFileSystem.<init>;175;jdk.internal.loader.ClassLoaders$PlatformClassLoader;jdk.internal.loader.ClassLoaders$PlatformClassLoader
ClassLoader.loadClass;jdk.nio.zipfs.ZipConstants;jdk.nio.zipfs.ZipFileSystem.findEND;1276;jdk.internal.loader.ClassLoaders$PlatformClassLoader;jdk.internal.loader.ClassLoaders$PlatformClassLoader
ClassLoader.loadClass;jdk.nio.zipfs.ZipDirectoryStream$1;jdk.nio.zipfs.ZipDirectoryStream.iterator;74;jdk.internal.loader.ClassLoaders$PlatformClassLoader;jdk.internal.loader.ClassLoaders$PlatformClassLoader
ClassLoader.loadClass;jdk.nio.zipfs.ZipDirectoryStream;jdk.nio.zipfs.ZipPath.newDirectoryStream;755;jdk.internal.loader.ClassLoaders$PlatformClassLoader;jdk.internal.loader.ClassLoaders$PlatformClassLoader
ClassLoader.loadClass;jdk.nio.zipfs.ZipFileAttributeView;jdk.nio.zipfs.ZipFileSystem.<init>;176;jdk.internal.loader.ClassLoaders$PlatformClassLoader;jdk.internal.loader.ClassLoaders$PlatformClassLoader
ClassLoader.loadClass;jdk.nio.zipfs.ZipFileAttributes;java.lang.ClassLoader.defineClass2;;jdk.internal.loader.ClassLoaders$PlatformClassLoader;jdk.internal.loader.ClassLoaders$PlatformClassLoader
ClassLoader.loadClass;jdk.nio.zipfs.ZipFileStore;jdk.nio.zipfs.ZipFileSystemProvider.getZipFileSystem;125;jdk.internal.loader.ClassLoaders$PlatformClassLoader;jdk.internal.loader.ClassLoaders$PlatformClassLoader
ClassLoader.loadClass;jdk.nio.zipfs.ZipFileSystem$1;jdk.nio.zipfs.ZipFileSystemProvider.getZipFileSystem;125;jdk.internal.loader.ClassLoaders$PlatformClassLoader;jdk.internal.loader.ClassLoaders$PlatformClassLoader
ClassLoader.loadClass;jdk.nio.zipfs.ZipFileSystem$2;jdk.nio.zipfs.ZipFileSystemProvider.getZipFileSystem;125;jdk.internal.loader.ClassLoaders$PlatformClassLoader;jdk.internal.loader.ClassLoaders$PlatformClassLoader
ClassLoader.loadClass;jdk.nio.zipfs.ZipFileSystem$DeflatingEntryOutputStream;jdk.nio.zipfs.ZipFileSystemProvider.getZipFileSystem;125;jdk.internal.loader.ClassLoaders$PlatformClassLoader;jdk.internal.loader.ClassLoaders$PlatformClassLoader
ClassLoader.loadClass;jdk.nio.zipfs.ZipFileSystem$END;jdk.nio.zipfs.ZipFileSystem.findEND;1279;jdk.internal.loader.ClassLoaders$PlatformClassLoader;jdk.internal.loader.ClassLoaders$PlatformClassLoader
ClassLoader.loadClass;jdk.nio.zipfs.ZipFileSystem$Entry;jdk.nio.zipfs.ZipFileSystemProvider.getZipFileSystem;125;jdk.internal.loader.ClassLoaders$PlatformClassLoader;jdk.internal.loader.ClassLoaders$PlatformClassLoader
ClassLoader.loadClass;jdk.nio.zipfs.ZipFileSystem$EntryInputStream;jdk.nio.zipfs.ZipFileSystemProvider.getZipFileSystem;125;jdk.internal.loader.ClassLoaders$PlatformClassLoader;jdk.internal.loader.ClassLoaders$PlatformClassLoader
ClassLoader.loadClass;jdk.nio.zipfs.ZipFileSystem$EntryOutputStream;jdk.nio.zipfs.ZipFileSystemProvider.getZipFileSystem;125;jdk.internal.loader.ClassLoaders$PlatformClassLoader;jdk.internal.loader.ClassLoaders$PlatformClassLoader
ClassLoader.loadClass;jdk.nio.zipfs.ZipFileSystem$EntryOutputStreamCRC32;jdk.nio.zipfs.ZipFileSystemProvider.getZipFileSystem;125;jdk.internal.loader.ClassLoaders$PlatformClassLoader;jdk.internal.loader.ClassLoaders$PlatformClassLoader
ClassLoader.loadClass;jdk.nio.zipfs.ZipFileSystem$EntryOutputStreamDef;jdk.nio.zipfs.ZipFileSystemProvider.getZipFileSystem;125;jdk.internal.loader.ClassLoaders$PlatformClassLoader;jdk.internal.loader.ClassLoaders$PlatformClassLoader
ClassLoader.loadClass;jdk.nio.zipfs.ZipFileSystem$FileRolloverOutputStream;jdk.nio.zipfs.ZipFileSystemProvider.getZipFileSystem;125;jdk.internal.loader.ClassLoaders$PlatformClassLoader;jdk.internal.loader.ClassLoaders$PlatformClassLoader
ClassLoader.loadClass;jdk.nio.zipfs.ZipFileSystem$IndexNode;jdk.nio.zipfs.ZipFileSystemProvider.getZipFileSystem;125;jdk.internal.loader.ClassLoaders$PlatformClassLoader;jdk.internal.loader.ClassLoaders$PlatformClassLoader
ClassLoader.loadClass;jdk.nio.zipfs.ZipFileSystem$ParentLookup;jdk.nio.zipfs.ZipFileSystem.makeParentDirs;1325;jdk.internal.loader.ClassLoaders$PlatformClassLoader;jdk.internal.loader.ClassLoaders$PlatformClassLoader
ClassLoader.loadClass;jdk.nio.zipfs.ZipFileSystem$PosixEntry;jdk.nio.zipfs.ZipFileSystemProvider.getZipFileSystem;125;jdk.internal.loader.ClassLoaders$PlatformClassLoader;jdk.internal.loader.ClassLoaders$PlatformClassLoader
ClassLoader.loadClass;jdk.nio.zipfs.ZipFileSystem;java.lang.Class.getDeclaredMethods0;;jdk.internal.loader.ClassLoaders$PlatformClassLoader;jdk.internal.loader.ClassLoaders$PlatformClassLoader
ClassLoader.loadClass;jdk.nio.zipfs.ZipPath;jdk.nio.zipfs.ZipFileSystem.<init>;176;jdk.internal.loader.ClassLoaders$PlatformClassLoader;jdk.internal.loader.ClassLoaders$PlatformClassLoader
ClassLoader.loadClass;jdk.nio.zipfs.ZipPosixFileAttributeView;jdk.nio.zipfs.ZipFileSystem.<init>;176;jdk.internal.loader.ClassLoaders$PlatformClassLoader;jdk.internal.loader.ClassLoaders$PlatformClassLoader
ClassLoader.loadClass;jdk.nio.zipfs.ZipUtils;jdk.nio.zipfs.ZipFileSystem$Entry.readCEN;2798;jdk.internal.loader.ClassLoaders$PlatformClassLoader;jdk.internal.loader.ClassLoaders$PlatformClassLoader
ClassLoader.loadClass;org.HdrHistogram.AbstractHistogram;java.lang.ClassLoader.defineClass1;;jdk.internal.loader.ClassLoaders$AppClassLoader;jdk.internal.loader.ClassLoaders$AppClassLoader
ClassLoader.loadClass;org.HdrHistogram.AbstractHistogramBase;java.lang.ClassLoader.defineClass1;;jdk.internal.loader.ClassLoaders$AppClassLoader;jdk.internal.loader.ClassLoaders$AppClassLoader
ClassLoader.loadClass;org.HdrHistogram.EncodableHistogram;org.dacapo.harness.Benchmark.run;272;jdk.internal.loader.ClassLoaders$AppClassLoader;jdk.internal.loader.ClassLoaders$AppClassLoader
ClassLoader.loadClass;org.HdrHistogram.Histogram;org.dacapo.harness.Benchmark.run;272;jdk.internal.loader.ClassLoaders$AppClassLoader;jdk.internal.loader.ClassLoaders$AppClassLoader
ClassLoader.loadClass;org.HdrHistogram.ValueRecorder;java.lang.ClassLoader.defineClass1;;jdk.internal.loader.ClassLoaders$AppClassLoader;jdk.internal.loader.ClassLoaders$AppClassLoader
ClassLoader.loadClass;org.apache.commons.cli.AmbiguousOptionException;org.dacapo.harness.CommandLineArgs.<clinit>;144;jdk.internal.loader.ClassLoaders$AppClassLoader;jdk.internal.loader.ClassLoaders$AppClassLoader
ClassLoader.loadClass;org.apache.commons.cli.CommandLine;org.apache.commons.cli.Parser.parse;148;jdk.internal.loader.ClassLoaders$AppClassLoader;jdk.internal.loader.ClassLoaders$AppClassLoader
ClassLoader.loadClass;org.apache.commons.cli.CommandLineParser;org.dacapo.harness.TestHarness.main;101;jdk.internal.loader.ClassLoaders$AppClassLoader;jdk.internal.loader.ClassLoaders$AppClassLoader
ClassLoader.loadClass;org.apache.commons.cli.MissingArgumentException;org.dacapo.harness.CommandLineArgs.<clinit>;144;jdk.internal.loader.ClassLoaders$AppClassLoader;jdk.internal.loader.ClassLoaders$AppClassLoader
ClassLoader.loadClass;org.apache.commons.cli.MissingOptionException;org.dacapo.harness.CommandLineArgs.<clinit>;144;jdk.internal.loader.ClassLoaders$AppClassLoader;jdk.internal.loader.ClassLoaders$AppClassLoader
ClassLoader.loadClass;org.apache.commons.cli.Option;org.dacapo.harness.CommandLineArgs.<clinit>;110;jdk.internal.loader.ClassLoaders$AppClassLoader;jdk.internal.loader.ClassLoaders$AppClassLoader
ClassLoader.loadClass;org.apache.commons.cli.OptionValidator;org.apache.commons.cli.Option.<init>;387;jdk.internal.loader.ClassLoaders$AppClassLoader;jdk.internal.loader.ClassLoaders$AppClassLoader
ClassLoader.loadClass;org.apache.commons.cli.Options;org.dacapo.harness.CommandLineArgs.<clinit>;145;jdk.internal.loader.ClassLoaders$AppClassLoader;jdk.internal.loader.ClassLoaders$AppClassLoader
ClassLoader.loadClass;org.apache.commons.cli.ParseException;org.dacapo.harness.TestHarness.main;101;jdk.internal.loader.ClassLoaders$AppClassLoader;jdk.internal.loader.ClassLoaders$AppClassLoader
ClassLoader.loadClass;org.apache.commons.cli.Parser;java.lang.ClassLoader.defineClass1;;jdk.internal.loader.ClassLoaders$AppClassLoader;jdk.internal.loader.ClassLoaders$AppClassLoader
ClassLoader.loadClass;org.apache.commons.cli.PosixParser;org.dacapo.harness.CommandLineArgs.<clinit>;144;jdk.internal.loader.ClassLoaders$AppClassLoader;jdk.internal.loader.ClassLoaders$AppClassLoader
ClassLoader.loadClass;org.apache.commons.cli.UnrecognizedOptionException;org.dacapo.harness.CommandLineArgs.<clinit>;144;jdk.internal.loader.ClassLoaders$AppClassLoader;jdk.internal.loader.ClassLoaders$AppClassLoader
ClassLoader.loadClass;org.apache.commons.cli.Util;org.apache.commons.cli.PosixParser.flatten;179;jdk.internal.loader.ClassLoaders$AppClassLoader;jdk.internal.loader.ClassLoaders$AppClassLoader
ClassLoader.loadClass;org.apache.xalan.Version;org.dacapo.xalan.XSLTBench.<init>;67;org.dacapo.harness.DacapoClassLoader;org.dacapo.harness.DacapoClassLoader
ClassLoader.loadClass;org.apache.xalan.extensions.ExpressionContext;org.apache.xalan.transformer.TransformerImpl.<init>;397;org.dacapo.harness.DacapoClassLoader;org.dacapo.harness.DacapoClassLoader
ClassLoader.loadClass;org.apache.xalan.extensions.ExpressionVisitor;org.apache.xalan.processor.TransformerFactoryImpl.newTemplatesHandler;371;org.dacapo.harness.DacapoClassLoader;org.dacapo.harness.DacapoClassLoader
ClassLoader.loadClass;org.apache.xalan.extensions.ExtensionNamespacesManager;java.lang.Class.getDeclaredMethods0;;org.dacapo.harness.DacapoClassLoader;org.dacapo.harness.DacapoClassLoader
ClassLoader.loadClass;org.apache.xalan.extensions.ExtensionsTable;java.lang.Class.getDeclaredMethods0;;org.dacapo.harness.DacapoClassLoader;org.dacapo.harness.DacapoClassLoader
ClassLoader.loadClass;org.apache.xalan.processor.ProcessorAttributeSet;org.apache.xalan.processor.StylesheetHandler.<init>;1287;org.dacapo.harness.DacapoClassLoader;org.dacapo.harness.DacapoClassLoader
ClassLoader.loadClass;org.apache.xalan.processor.ProcessorCharacters;org.apache.xalan.processor.StylesheetHandler.<init>;1287;org.dacapo.harness.DacapoClassLoader;org.dacapo.harness.DacapoClassLoader
ClassLoader.loadClass;org.apache.xalan.processor.ProcessorDecimalFormat;org.apache.xalan.processor.StylesheetHandler.<init>;1287;org.dacapo.harness.DacapoClassLoader;org.dacapo.harness.DacapoClassLoader
ClassLoader.loadClass;org.apache.xalan.processor.ProcessorExsltFuncResult;org.apache.xalan.processor.StylesheetHandler.<init>;1287;org.dacapo.harness.DacapoClassLoader;org.dacapo.harness.DacapoClassLoader
ClassLoader.loadClass;org.apache.xalan.processor.ProcessorExsltFunction;org.apache.xalan.processor.StylesheetHandler.<init>;1287;org.dacapo.harness.DacapoClassLoader;org.dacapo.harness.DacapoClassLoader
ClassLoader.loadClass;org.apache.xalan.processor.ProcessorGlobalParamDecl;org.apache.xalan.processor.StylesheetHandler.<init>;1287;org.dacapo.harness.DacapoClassLoader;org.dacapo.harness.DacapoClassLoader
ClassLoader.loadClass;org.apache.xalan.processor.ProcessorGlobalVariableDecl;org.apache.xalan.processor.StylesheetHandler.<init>;1287;org.dacapo.harness.DacapoClassLoader;org.dacapo.harness.DacapoClassLoader
ClassLoader.loadClass;org.apache.xalan.processor.ProcessorImport;org.apache.xalan.processor.StylesheetHandler.<init>;1287;org.dacapo.harness.DacapoClassLoader;org.dacapo.harness.DacapoClassLoader
ClassLoader.loadClass;org.apache.xalan.processor.ProcessorInclude;java.lang.ClassLoader.defineClass1;;org.dacapo.harness.DacapoClassLoader;org.dacapo.harness.DacapoClassLoader
ClassLoader.loadClass;org.apache.xalan.processor.ProcessorKey;org.apache.xalan.processor.StylesheetHandler.<init>;1287;org.dacapo.harness.DacapoClassLoader;org.dacapo.harness.DacapoClassLoader
ClassLoader.loadClass;org.apache.xalan.processor.ProcessorLRE;org.apache.xalan.processor.StylesheetHandler.<init>;1287;org.dacapo.harness.DacapoClassLoader;org.dacapo.harness.DacapoClassLoader
ClassLoader.loadClass;org.apache.xalan.processor.ProcessorNamespaceAlias;org.apache.xalan.processor.StylesheetHandler.<init>;1287;org.dacapo.harness.DacapoClassLoader;org.dacapo.harness.DacapoClassLoader
ClassLoader.loadClass;org.apache.xalan.processor.ProcessorOutputElem;org.apache.xalan.processor.StylesheetHandler.<init>;1287;org.dacapo.harness.DacapoClassLoader;org.dacapo.harness.DacapoClassLoader
ClassLoader.loadClass;org.apache.xalan.processor.ProcessorPreserveSpace;java.lang.ClassLoader.defineClass1;;org.dacapo.harness.DacapoClassLoader;org.dacapo.harness.DacapoClassLoader
ClassLoader.loadClass;org.apache.xalan.processor.ProcessorStripSpace;org.apache.xalan.processor.StylesheetHandler.<init>;1287;org.dacapo.harness.DacapoClassLoader;org.dacapo.harness.DacapoClassLoader
ClassLoader.loadClass;org.apache.xalan.processor.ProcessorStylesheetDoc;org.apache.xalan.processor.StylesheetHandler.<init>;1287;org.dacapo.harness.DacapoClassLoader;org.dacapo.harness.DacapoClassLoader
ClassLoader.loadClass;org.apache.xalan.processor.ProcessorStylesheetElement;org.apache.xalan.processor.StylesheetHandler.<init>;1287;org.dacapo.harness.DacapoClassLoader;org.dacapo.harness.DacapoClassLoader
ClassLoader.loadClass;org.apache.xalan.processor.ProcessorTemplate;org.apache.xalan.processor.StylesheetHandler.<init>;1287;org.dacapo.harness.DacapoClassLoader;org.dacapo.harness.DacapoClassLoader
ClassLoader.loadClass;org.apache.xalan.processor.ProcessorTemplateElem;java.lang.ClassLoader.defineClass1;;org.dacapo.harness.DacapoClassLoader;org.dacapo.harness.DacapoClassLoader
ClassLoader.loadClass;org.apache.xalan.processor.ProcessorText;org.apache.xalan.processor.StylesheetHandler.<init>;1287;org.dacapo.harness.DacapoClassLoader;org.dacapo.harness.DacapoClassLoader
ClassLoader.loadClass;org.apache.xalan.processor.ProcessorUnknown;org.apache.xalan.processor.StylesheetHandler.<init>;1287;org.dacapo.harness.DacapoClassLoader;org.dacapo.harness.DacapoClassLoader
ClassLoader.loadClass;org.apache.xalan.processor.StylesheetHandler;org.apache.xalan.processor.TransformerFactoryImpl.newTemplatesHandler;371;org.dacapo.harness.DacapoClassLoader;org.dacapo.harness.DacapoClassLoader
ClassLoader.loadClass;org.apache.xalan.processor.TransformerFactoryImpl;javax.xml.transform.FactoryFinder.newInstance;;org.dacapo.harness.DacapoClassLoader;org.dacapo.harness.DacapoClassLoader
ClassLoader.loadClass;org.apache.xalan.processor.WhitespaceInfoPaths;org.apache.xalan.processor.XSLTSchema.build;674;org.dacapo.harness.DacapoClassLoader;org.dacapo.harness.DacapoClassLoader
ClassLoader.loadClass;org.apache.xalan.processor.XSLTAttributeDef;org.apache.xalan.processor.XSLTSchema.build;82;org.dacapo.harness.DacapoClassLoader;org.dacapo.harness.DacapoClassLoader
ClassLoader.loadClass;org.apache.xalan.processor.XSLTElementDef;java.lang.ClassLoader.defineClass1;;org.dacapo.harness.DacapoClassLoader;org.dacapo.harness.DacapoClassLoader
ClassLoader.loadClass;org.apache.xalan.processor.XSLTElementProcessor;org.apache.xalan.processor.StylesheetHandler.<init>;1287;org.dacapo.harness.DacapoClassLoader;org.dacapo.harness.DacapoClassLoader
ClassLoader.loadClass;org.apache.xalan.processor.XSLTSchema;org.apache.xalan.processor.StylesheetHandler.<init>;1287;org.dacapo.harness.DacapoClassLoader;org.dacapo.harness.DacapoClassLoader
ClassLoader.loadClass;org.apache.xalan.serialize.SerializerUtils;org.apache.xalan.templates.ElemCopy.execute;115;org.dacapo.harness.DacapoClassLoader;org.dacapo.harness.DacapoClassLoader
ClassLoader.loadClass;org.apache.xalan.templates.AVT;org.apache.xalan.processor.XSLTSchema.build;82;org.dacapo.harness.DacapoClassLoader;org.dacapo.harness.DacapoClassLoader
ClassLoader.loadClass;org.apache.xalan.templates.AVTPart;java.lang.ClassLoader.defineClass1;;org.dacapo.harness.DacapoClassLoader;org.dacapo.harness.DacapoClassLoader
ClassLoader.loadClass;org.apache.xalan.templates.AVTPartSimple;org.apache.xalan.templates.AVT.<init>;253;org.dacapo.harness.DacapoClassLoader;org.dacapo.harness.DacapoClassLoader
ClassLoader.loadClass;org.apache.xalan.templates.AVTPartXPath;org.apache.xalan.templates.AVT.<init>;311;org.dacapo.harness.DacapoClassLoader;org.dacapo.harness.DacapoClassLoader
ClassLoader.loadClass;org.apache.xalan.templates.DecimalFormatProperties;org.apache.xalan.processor.XSLTSchema.build;674;org.dacapo.harness.DacapoClassLoader;org.dacapo.harness.DacapoClassLoader
ClassLoader.loadClass;org.apache.xalan.templates.ElemApplyImport;java.lang.Class.forName0;;org.dacapo.harness.DacapoClassLoader;org.dacapo.harness.DacapoClassLoader
ClassLoader.loadClass;org.apache.xalan.templates.ElemApplyTemplates;java.lang.Class.forName0;;org.dacapo.harness.DacapoClassLoader;org.dacapo.harness.DacapoClassLoader
ClassLoader.loadClass;org.apache.xalan.templates.ElemAttribute;java.lang.Class.forName0;;org.dacapo.harness.DacapoClassLoader;org.dacapo.harness.DacapoClassLoader
ClassLoader.loadClass;org.apache.xalan.templates.ElemAttributeSet;org.apache.xalan.processor.XSLTSchema.build;674;org.dacapo.harness.DacapoClassLoader;org.dacapo.harness.DacapoClassLoader
ClassLoader.loadClass;org.apache.xalan.templates.ElemCallTemplate;java.lang.ClassLoader.defineClass1;;org.dacapo.harness.DacapoClassLoader;org.dacapo.harness.DacapoClassLoader
ClassLoader.loadClass;org.apache.xalan.templates.ElemChoose;java.lang.Class.forName0;;org.dacapo.harness.DacapoClassLoader;org.dacapo.harness.DacapoClassLoader
ClassLoader.loadClass;org.apache.xalan.templates.ElemComment;java.lang.Class.forName0;;org.dacapo.harness.DacapoClassLoader;org.dacapo.harness.DacapoClassLoader
ClassLoader.loadClass;org.apache.xalan.templates.ElemCopy;java.lang.Class.forName0;;org.dacapo.harness.DacapoClassLoader;org.dacapo.harness.DacapoClassLoader
ClassLoader.loadClass;org.apache.xalan.templates.ElemCopyOf;java.lang.Class.forName0;;org.dacapo.harness.DacapoClassLoader;org.dacapo.harness.DacapoClassLoader
ClassLoader.loadClass;org.apache.xalan.templates.ElemElement;java.lang.ClassLoader.defineClass1;;org.dacapo.harness.DacapoClassLoader;org.dacapo.harness.DacapoClassLoader
ClassLoader.loadClass;org.apache.xalan.templates.ElemExsltFuncResult;java.lang.Class.forName0;;org.dacapo.harness.DacapoClassLoader;org.dacapo.harness.DacapoClassLoader
ClassLoader.loadClass;org.apache.xalan.templates.ElemExsltFunction;java.lang.Class.forName0;;org.dacapo.harness.DacapoClassLoader;org.dacapo.harness.DacapoClassLoader
ClassLoader.loadClass;org.apache.xalan.templates.ElemExtensionCall;org.apache.xalan.processor.XSLTSchema.build;353;org.dacapo.harness.DacapoClassLoader;org.dacapo.harness.DacapoClassLoader
ClassLoader.loadClass;org.apache.xalan.templates.ElemExtensionDecl;java.lang.Class.forName0;;org.dacapo.harness.DacapoClassLoader;org.dacapo.harness.DacapoClassLoader
ClassLoader.loadClass;org.apache.xalan.templates.ElemExtensionScript;java.lang.Class.forName0;;org.dacapo.harness.DacapoClassLoader;org.dacapo.harness.DacapoClassLoader
ClassLoader.loadClass;org.apache.xalan.templates.ElemFallback;java.lang.Class.forName0;;org.dacapo.harness.DacapoClassLoader;org.dacapo.harness.DacapoClassLoader
ClassLoader.loadClass;org.apache.xalan.templates.ElemForEach;java.lang.ClassLoader.defineClass1;;org.dacapo.harness.DacapoClassLoader;org.dacapo.harness.DacapoClassLoader
ClassLoader.loadClass;org.apache.xalan.templates.ElemIf;java.lang.Class.forName0;;org.dacapo.harness.DacapoClassLoader;org.dacapo.harness.DacapoClassLoader
ClassLoader.loadClass;org.apache.xalan.templates.ElemLiteralResult;java.lang.ClassLoader.defineClass1;;org.dacapo.harness.DacapoClassLoader;org.dacapo.harness.DacapoClassLoader
ClassLoader.loadClass;org.apache.xalan.templates.ElemMessage;java.lang.Class.forName0;;org.dacapo.harness.DacapoClassLoader;org.dacapo.harness.DacapoClassLoader
ClassLoader.loadClass;org.apache.xalan.templates.ElemNumber$MyPrefixResolver;org.apache.xalan.templates.ElemNumber.getCountMatchPattern;740;org.dacapo.harness.DacapoClassLoader;org.dacapo.harness.DacapoClassLoader
ClassLoader.loadClass;org.apache.xalan.templates.ElemNumber$NumberFormatStringTokenizer;org.apache.xalan.templates.ElemNumber.formatNumberList;1196;org.dacapo.harness.DacapoClassLoader;org.dacapo.harness.DacapoClassLoader
ClassLoader.loadClass;org.apache.xalan.templates.ElemNumber;java.lang.Class.forName0;;org.dacapo.harness.DacapoClassLoader;org.dacapo.harness.DacapoClassLoader
ClassLoader.loadClass;org.apache.xalan.templates.ElemOtherwise;java.lang.Class.forName0;;org.dacapo.harness.DacapoClassLoader;org.dacapo.harness.DacapoClassLoader
ClassLoader.loadClass;org.apache.xalan.templates.ElemPI;java.lang.Class.forName0;;org.dacapo.harness.DacapoClassLoader;org.dacapo.harness.DacapoClassLoader
ClassLoader.loadClass;org.apache.xalan.templates.ElemParam;java.lang.Class.forName0;;org.dacapo.harness.DacapoClassLoader;org.dacapo.harness.DacapoClassLoader
ClassLoader.loadClass;org.apache.xalan.templates.ElemSort;java.lang.Class.forName0;;org.dacapo.harness.DacapoClassLoader;org.dacapo.harness.DacapoClassLoader
ClassLoader.loadClass;org.apache.xalan.templates.ElemTemplate;org.apache.xalan.processor.XSLTSchema.build;353;org.dacapo.harness.DacapoClassLoader;org.dacapo.harness.DacapoClassLoader
ClassLoader.loadClass;org.apache.xalan.templates.ElemTemplateElement;java.lang.ClassLoader.defineClass1;;org.dacapo.harness.DacapoClassLoader;org.dacapo.harness.DacapoClassLoader
ClassLoader.loadClass;org.apache.xalan.templates.ElemText;java.lang.Class.forName0;;org.dacapo.harness.DacapoClassLoader;org.dacapo.harness.DacapoClassLoader
ClassLoader.loadClass;org.apache.xalan.templates.ElemTextLiteral;org.apache.xalan.processor.XSLTSchema.build;325;org.dacapo.harness.DacapoClassLoader;org.dacapo.harness.DacapoClassLoader
ClassLoader.loadClass;org.apache.xalan.templates.ElemUnknown;java.lang.Class.forName0;;org.dacapo.harness.DacapoClassLoader;org.dacapo.harness.DacapoClassLoader
ClassLoader.loadClass;org.apache.xalan.templates.ElemUse;java.lang.ClassLoader.defineClass1;;org.dacapo.harness.DacapoClassLoader;org.dacapo.harness.DacapoClassLoader
ClassLoader.loadClass;org.apache.xalan.templates.ElemValueOf;java.lang.Class.forName0;;org.dacapo.harness.DacapoClassLoader;org.dacapo.harness.DacapoClassLoader
ClassLoader.loadClass;org.apache.xalan.templates.ElemVariable;java.lang.Class.forName0;;org.dacapo.harness.DacapoClassLoader;org.dacapo.harness.DacapoClassLoader
ClassLoader.loadClass;org.apache.xalan.templates.ElemWhen;java.lang.Class.forName0;;org.dacapo.harness.DacapoClassLoader;org.dacapo.harness.DacapoClassLoader
ClassLoader.loadClass;org.apache.xalan.templates.ElemWithParam;java.lang.Class.forName0;;org.dacapo.harness.DacapoClassLoader;org.dacapo.harness.DacapoClassLoader
ClassLoader.loadClass;org.apache.xalan.templates.FuncDocument;java.lang.Class.forName0;;org.dacapo.harness.DacapoClassLoader;org.dacapo.harness.DacapoClassLoader
ClassLoader.loadClass;org.apache.xalan.templates.FuncFormatNumb;java.lang.Class.forName0;;org.dacapo.harness.DacapoClassLoader;org.dacapo.harness.DacapoClassLoader
ClassLoader.loadClass;org.apache.xalan.templates.FuncKey;java.lang.Class.forName0;;org.dacapo.harness.DacapoClassLoader;org.dacapo.harness.DacapoClassLoader
ClassLoader.loadClass;org.apache.xalan.templates.KeyDeclaration;org.apache.xalan.processor.XSLTSchema.build;674;org.dacapo.harness.DacapoClassLoader;org.dacapo.harness.DacapoClassLoader
ClassLoader.loadClass;org.apache.xalan.templates.NamespaceAlias;org.apache.xalan.processor.XSLTSchema.build;795;org.dacapo.harness.DacapoClassLoader;org.dacapo.harness.DacapoClassLoader
ClassLoader.loadClass;org.apache.xalan.templates.OutputProperties;org.apache.xalan.processor.XSLTSchema.build;674;org.dacapo.harness.DacapoClassLoader;org.dacapo.harness.DacapoClassLoader
ClassLoader.loadClass;org.apache.xalan.templates.Stylesheet;org.apache.xalan.processor.XSLTSchema.build;353;org.dacapo.harness.DacapoClassLoader;org.dacapo.harness.DacapoClassLoader
ClassLoader.loadClass;org.apache.xalan.templates.StylesheetComposed;java.lang.ClassLoader.defineClass1;;org.dacapo.harness.DacapoClassLoader;org.dacapo.harness.DacapoClassLoader
ClassLoader.loadClass;org.apache.xalan.templates.StylesheetRoot$ComposeState;java.lang.Class.getDeclaredMethods0;;org.dacapo.harness.DacapoClassLoader;org.dacapo.harness.DacapoClassLoader
ClassLoader.loadClass;org.apache.xalan.templates.StylesheetRoot;org.apache.xalan.processor.XSLTSchema.build;353;org.dacapo.harness.DacapoClassLoader;org.dacapo.harness.DacapoClassLoader
ClassLoader.loadClass;org.apache.xalan.templates.TemplateList;java.lang.Class.getDeclaredMethods0;;org.dacapo.harness.DacapoClassLoader;org.dacapo.harness.DacapoClassLoader
ClassLoader.loadClass;org.apache.xalan.templates.TemplateSubPatternAssociation;org.apache.xalan.templates.TemplateList.insertPatternInTable;351;org.dacapo.harness.DacapoClassLoader;org.dacapo.harness.DacapoClassLoader
ClassLoader.loadClass;org.apache.xalan.templates.WhiteSpaceInfo;java.lang.ClassLoader.defineClass1;;org.dacapo.harness.DacapoClassLoader;org.dacapo.harness.DacapoClassLoader
ClassLoader.loadClass;org.apache.xalan.templates.XMLNSDecl;org.apache.xalan.templates.ElemTemplateElement.setPrefixes;871;org.dacapo.harness.DacapoClassLoader;org.dacapo.harness.DacapoClassLoader
ClassLoader.loadClass;org.apache.xalan.templates.XSLTVisitable;java.lang.ClassLoader.defineClass1;;org.dacapo.harness.DacapoClassLoader;org.dacapo.harness.DacapoClassLoader
ClassLoader.loadClass;org.apache.xalan.templates.XSLTVisitor;java.lang.Class.forName0;;org.dacapo.harness.DacapoClassLoader;org.dacapo.harness.DacapoClassLoader
ClassLoader.loadClass;org.apache.xalan.templates.XUnresolvedVariable;org.apache.xalan.templates.StylesheetRoot.newTransformer;200;org.dacapo.harness.DacapoClassLoader;org.dacapo.harness.DacapoClassLoader
ClassLoader.loadClass;org.apache.xalan.trace.TraceManager;org.apache.xalan.transformer.TransformerImpl.<init>;329;org.dacapo.harness.DacapoClassLoader;org.dacapo.harness.DacapoClassLoader
ClassLoader.loadClass;org.apache.xalan.transformer.ClonerToResultTree;org.apache.xalan.templates.ElemCopy.execute;109;org.dacapo.harness.DacapoClassLoader;org.dacapo.harness.DacapoClassLoader
ClassLoader.loadClass;org.apache.xalan.transformer.Counter;org.apache.xalan.transformer.CountersTable.countNode;197;org.dacapo.harness.DacapoClassLoader;org.dacapo.harness.DacapoClassLoader
ClassLoader.loadClass;org.apache.xalan.transformer.CountersTable;java.lang.Class.getDeclaredMethods0;;org.dacapo.harness.DacapoClassLoader;org.dacapo.harness.DacapoClassLoader
ClassLoader.loadClass;org.apache.xalan.transformer.DecimalToRoman;org.apache.xalan.templates.ElemNumber.<clinit>;487;org.dacapo.harness.DacapoClassLoader;org.dacapo.harness.DacapoClassLoader
ClassLoader.loadClass;org.apache.xalan.transformer.KeyManager;org.apache.xalan.transformer.TransformerImpl.<init>;258;org.dacapo.harness.DacapoClassLoader;org.dacapo.harness.DacapoClassLoader
ClassLoader.loadClass;org.apache.xalan.transformer.MsgMgr;java.lang.Class.getDeclaredMethods0;;org.dacapo.harness.DacapoClassLoader;org.dacapo.harness.DacapoClassLoader
ClassLoader.loadClass;org.apache.xalan.transformer.StackGuard;java.lang.Class.getDeclaredMethods0;;org.dacapo.harness.DacapoClassLoader;org.dacapo.harness.DacapoClassLoader
ClassLoader.loadClass;org.apache.xalan.transformer.TransformSnapshot;org.apache.xalan.templates.StylesheetRoot.newTransformer;200;org.dacapo.harness.DacapoClassLoader;org.dacapo.harness.DacapoClassLoader
ClassLoader.loadClass;org.apache.xalan.transformer.TransformState;org.apache.xalan.templates.StylesheetRoot.newTransformer;200;org.dacapo.harness.DacapoClassLoader;org.dacapo.harness.DacapoClassLoader
ClassLoader.loadClass;org.apache.xalan.transformer.TransformerIdentityImpl;java.lang.Class.getDeclaredConstructors0;;org.dacapo.harness.DacapoClassLoader;org.dacapo.harness.DacapoClassLoader
ClassLoader.loadClass;org.apache.xalan.transformer.TransformerImpl;org.apache.xalan.processor.ProcessorStylesheetElement.getStylesheetRoot;123;org.dacapo.harness.DacapoClassLoader;org.dacapo.harness.DacapoClassLoader
ClassLoader.loadClass;org.apache.xalan.transformer.TreeWalker2Result;java.lang.Class.forName0;;org.dacapo.harness.DacapoClassLoader;org.dacapo.harness.DacapoClassLoader
ClassLoader.loadClass;org.apache.xerces.impl.Constants$ArrayEnumeration;org.apache.xerces.impl.dtd.XMLDTDValidator.validate;;org.dacapo.harness.DacapoClassLoader;org.dacapo.harness.DacapoClassLoader
ClassLoader.loadClass;org.apache.xerces.impl.Constants;org.apache.xerces.impl.dtd.XMLDTDValidator.validate;;org.dacapo.harness.DacapoClassLoader;org.dacapo.harness.DacapoClassLoader
ClassLoader.loadClass;org.apache.xerces.impl.RevalidationHandler;java.lang.ClassLoader.defineClass1;;org.dacapo.harness.DacapoClassLoader;org.dacapo.harness.DacapoClassLoader
ClassLoader.loadClass;org.apache.xerces.impl.XML11DTDScannerImpl;java.lang.Class.getDeclaredConstructors0;;org.dacapo.harness.DacapoClassLoader;org.dacapo.harness.DacapoClassLoader
ClassLoader.loadClass;org.apache.xerces.impl.XML11DocumentScannerImpl;java.lang.ClassLoader.defineClass1;;org.dacapo.harness.DacapoClassLoader;org.dacapo.harness.DacapoClassLoader
ClassLoader.loadClass;org.apache.xerces.impl.XML11EntityScanner;org.apache.xerces.parsers.XML11Configuration.<init>;;org.dacapo.harness.DacapoClassLoader;org.dacapo.harness.DacapoClassLoader
ClassLoader.loadClass;org.apache.xerces.impl.XML11NSDocumentScannerImpl;java.lang.Class.getDeclaredConstructors0;;org.dacapo.harness.DacapoClassLoader;org.dacapo.harness.DacapoClassLoader
ClassLoader.loadClass;org.apache.xerces.impl.XMLDTDScannerImpl;java.lang.Class.getDeclaredConstructors0;;org.dacapo.harness.DacapoClassLoader;org.dacapo.harness.DacapoClassLoader
ClassLoader.loadClass;org.apache.xerces.impl.XMLDocumentFragmentScannerImpl$Dispatcher;org.apache.xerces.parsers.XML11Configuration.<init>;;org.dacapo.harness.DacapoClassLoader;org.dacapo.harness.DacapoClassLoader
ClassLoader.loadClass;org.apache.xerces.impl.XMLDocumentFragmentScannerImpl$ElementStack;org.apache.xerces.impl.XMLDocumentFragmentScannerImpl.<init>;;org.dacapo.harness.DacapoClassLoader;org.dacapo.harness.DacapoClassLoader
ClassLoader.loadClass;org.apache.xerces.impl.XMLDocumentFragmentScannerImpl$FragmentContentDispatcher;java.lang.ClassLoader.defineClass1;;org.dacapo.harness.DacapoClassLoader;org.dacapo.harness.DacapoClassLoader
ClassLoader.loadClass;org.apache.xerces.impl.XMLDocumentFragmentScannerImpl;java.lang.Class.getDeclaredConstructors0;;org.dacapo.harness.DacapoClassLoader;org.dacapo.harness.DacapoClassLoader
ClassLoader.loadClass;org.apache.xerces.impl.XMLDocumentScannerImpl$ContentDispatcher;java.lang.ClassLoader.defineClass1;;org.dacapo.harness.DacapoClassLoader;org.dacapo.harness.DacapoClassLoader
ClassLoader.loadClass;org.apache.xerces.impl.XMLDocumentScannerImpl$DTDDispatcher;org.apache.xerces.impl.XMLDocumentScannerImpl.<init>;;org.dacapo.harness.DacapoClassLoader;org.dacapo.harness.DacapoClassLoader
ClassLoader.loadClass;org.apache.xerces.impl.XMLDocumentScannerImpl$PrologDispatcher;org.apache.xerces.impl.XMLDocumentScannerImpl.<init>;;org.dacapo.harness.DacapoClassLoader;org.dacapo.harness.DacapoClassLoader
ClassLoader.loadClass;org.apache.xerces.impl.XMLDocumentScannerImpl$TrailingMiscDispatcher;org.apache.xerces.impl.XMLDocumentScannerImpl.<init>;;org.dacapo.harness.DacapoClassLoader;org.dacapo.harness.DacapoClassLoader
ClassLoader.loadClass;org.apache.xerces.impl.XMLDocumentScannerImpl$XMLDeclDispatcher;org.apache.xerces.impl.XMLDocumentScannerImpl.<init>;;org.dacapo.harness.DacapoClassLoader;org.dacapo.harness.DacapoClassLoader
ClassLoader.loadClass;org.apache.xerces.impl.XMLDocumentScannerImpl;java.lang.ClassLoader.defineClass1;;org.dacapo.harness.DacapoClassLoader;org.dacapo.harness.DacapoClassLoader
ClassLoader.loadClass;org.apache.xerces.impl.XMLEntityHandler;java.lang.ClassLoader.defineClass1;;org.dacapo.harness.DacapoClassLoader;org.dacapo.harness.DacapoClassLoader
ClassLoader.loadClass;org.apache.xerces.impl.XMLEntityManager$CharacterBuffer;org.apache.xerces.impl.XMLEntityManager$CharacterBufferPool.init;;org.dacapo.harness.DacapoClassLoader;org.dacapo.harness.DacapoClassLoader
ClassLoader.loadClass;org.apache.xerces.impl.XMLEntityManager$CharacterBufferPool;org.apache.xerces.impl.XMLEntityManager.<init>;;org.dacapo.harness.DacapoClassLoader;org.dacapo.harness.DacapoClassLoader
ClassLoader.loadClass;org.apache.xerces.impl.XMLEntityManager$Entity;org.apache.xerces.parsers.XML11Configuration.<init>;;org.dacapo.harness.DacapoClassLoader;org.dacapo.harness.DacapoClassLoader
ClassLoader.loadClass;org.apache.xerces.impl.XMLEntityManager$ExternalEntity;org.apache.xerces.parsers.XML11Configuration.<init>;;org.dacapo.harness.DacapoClassLoader;org.dacapo.harness.DacapoClassLoader
ClassLoader.loadClass;org.apache.xerces.impl.XMLEntityManager$InternalEntity;org.apache.xerces.parsers.XML11Configuration.<init>;;org.dacapo.harness.DacapoClassLoader;org.dacapo.harness.DacapoClassLoader
ClassLoader.loadClass;org.apache.xerces.impl.XMLEntityManager$RewindableInputStream;org.apache.xerces.parsers.XML11Configuration.<init>;;org.dacapo.harness.DacapoClassLoader;org.dacapo.harness.DacapoClassLoader
ClassLoader.loadClass;org.apache.xerces.impl.XMLEntityManager$ScannedEntity;org.apache.xerces.parsers.XML11Configuration.<init>;;org.dacapo.harness.DacapoClassLoader;org.dacapo.harness.DacapoClassLoader
ClassLoader.loadClass;org.apache.xerces.impl.XMLEntityManager;org.apache.xerces.parsers.XML11Configuration.<init>;;org.dacapo.harness.DacapoClassLoader;org.dacapo.harness.DacapoClassLoader
ClassLoader.loadClass;org.apache.xerces.impl.XMLEntityScanner;org.apache.xerces.parsers.XML11Configuration.<init>;;org.dacapo.harness.DacapoClassLoader;org.dacapo.harness.DacapoClassLoader
ClassLoader.loadClass;org.apache.xerces.impl.XMLErrorReporter;org.apache.xerces.parsers.XML11Configuration.<init>;;org.dacapo.harness.DacapoClassLoader;org.dacapo.harness.DacapoClassLoader
ClassLoader.loadClass;org.apache.xerces.impl.XMLNSDocumentScannerImpl$NSContentDispatcher;org.apache.xerces.impl.XMLNSDocumentScannerImpl.createContentDispatcher;;org.dacapo.harness.DacapoClassLoader;org.dacapo.harness.DacapoClassLoader
ClassLoader.loadClass;org.apache.xerces.impl.XMLNSDocumentScannerImpl;java.lang.Class.getDeclaredConstructors0;;org.dacapo.harness.DacapoClassLoader;org.dacapo.harness.DacapoClassLoader
ClassLoader.loadClass;org.apache.xerces.impl.XMLScanner;java.lang.ClassLoader.defineClass1;;org.dacapo.harness.DacapoClassLoader;org.dacapo.harness.DacapoClassLoader
ClassLoader.loadClass;org.apache.xerces.impl.XMLVersionDetector;org.apache.xerces.parsers.XML11Configuration.<init>;;org.dacapo.harness.DacapoClassLoader;org.dacapo.harness.DacapoClassLoader
ClassLoader.loadClass;org.apache.xerces.impl.dtd.BalancedDTDGrammar;org.apache.xerces.parsers.XML11Configuration.<init>;;org.dacapo.harness.DacapoClassLoader;org.dacapo.harness.DacapoClassLoader
ClassLoader.loadClass;org.apache.xerces.impl.dtd.DTDGrammar;org.apache.xerces.parsers.XML11Configuration.<init>;;org.dacapo.harness.DacapoClassLoader;org.dacapo.harness.DacapoClassLoader
ClassLoader.loadClass;org.apache.xerces.impl.dtd.DTDGrammarBucket;org.apache.xerces.impl.dtd.XMLDTDValidator.<init>;;org.dacapo.harness.DacapoClassLoader;org.dacapo.harness.DacapoClassLoader
ClassLoader.loadClass;org.apache.xerces.impl.dtd.XML11DTDProcessor;java.lang.Class.getDeclaredConstructors0;;org.dacapo.harness.DacapoClassLoader;org.dacapo.harness.DacapoClassLoader
ClassLoader.loadClass;org.apache.xerces.impl.dtd.XML11DTDValidator;java.lang.ClassLoader.defineClass1;;org.dacapo.harness.DacapoClassLoader;org.dacapo.harness.DacapoClassLoader
ClassLoader.loadClass;org.apache.xerces.impl.dtd.XML11NSDTDValidator;java.lang.Class.getDeclaredConstructors0;;org.dacapo.harness.DacapoClassLoader;org.dacapo.harness.DacapoClassLoader
ClassLoader.loadClass;org.apache.xerces.impl.dtd.XMLAttributeDecl;org.apache.xerces.impl.dtd.XMLDTDValidator.<init>;;org.dacapo.harness.DacapoClassLoader;org.dacapo.harness.DacapoClassLoader
ClassLoader.loadClass;org.apache.xerces.impl.dtd.XMLDTDDescription;org.apache.xerces.parsers.XML11Configuration.<init>;;org.dacapo.harness.DacapoClassLoader;org.dacapo.harness.DacapoClassLoader
ClassLoader.loadClass;org.apache.xerces.impl.dtd.XMLDTDLoader;java.lang.ClassLoader.defineClass1;;org.dacapo.harness.DacapoClassLoader;org.dacapo.harness.DacapoClassLoader
ClassLoader.loadClass;org.apache.xerces.impl.dtd.XMLDTDProcessor;java.lang.Class.getDeclaredConstructors0;;org.dacapo.harness.DacapoClassLoader;org.dacapo.harness.DacapoClassLoader
ClassLoader.loadClass;org.apache.xerces.impl.dtd.XMLDTDValidator;java.lang.Class.getDeclaredConstructors0;;org.dacapo.harness.DacapoClassLoader;org.dacapo.harness.DacapoClassLoader
ClassLoader.loadClass;org.apache.xerces.impl.dtd.XMLDTDValidatorFilter;java.lang.Class.getDeclaredConstructors0;;org.dacapo.harness.DacapoClassLoader;org.dacapo.harness.DacapoClassLoader
ClassLoader.loadClass;org.apache.xerces.impl.dtd.XMLElementDecl;org.apache.xerces.impl.dtd.XMLDTDValidator.<init>;;org.dacapo.harness.DacapoClassLoader;org.dacapo.harness.DacapoClassLoader
ClassLoader.loadClass;org.apache.xerces.impl.dtd.XMLEntityDecl;org.apache.xerces.impl.dtd.XMLDTDProcessor.<init>;;org.dacapo.harness.DacapoClassLoader;org.dacapo.harness.DacapoClassLoader
ClassLoader.loadClass;org.apache.xerces.impl.dtd.XMLNSDTDValidator;java.lang.Class.getDeclaredConstructors0;;org.dacapo.harness.DacapoClassLoader;org.dacapo.harness.DacapoClassLoader
ClassLoader.loadClass;org.apache.xerces.impl.dtd.XMLSimpleType;org.apache.xerces.impl.dtd.XMLElementDecl.<init>;;org.dacapo.harness.DacapoClassLoader;org.dacapo.harness.DacapoClassLoader
ClassLoader.loadClass;org.apache.xerces.impl.dv.DTDDVFactory;org.apache.xerces.parsers.XML11Configuration.<init>;;org.dacapo.harness.DacapoClassLoader;org.dacapo.harness.DacapoClassLoader
ClassLoader.loadClass;org.apache.xerces.impl.dv.DVFactoryException;org.apache.xerces.parsers.XML11Configuration.<init>;;org.dacapo.harness.DacapoClassLoader;org.dacapo.harness.DacapoClassLoader
ClassLoader.loadClass;org.apache.xerces.impl.dv.DatatypeException;java.lang.ClassLoader.defineClass1;;org.dacapo.harness.DacapoClassLoader;org.dacapo.harness.DacapoClassLoader
ClassLoader.loadClass;org.apache.xerces.impl.dv.DatatypeValidator;java.lang.Class.getDeclaredConstructors0;;org.dacapo.harness.DacapoClassLoader;org.dacapo.harness.DacapoClassLoader
ClassLoader.loadClass;org.apache.xerces.impl.dv.InvalidDatatypeValueException;org.apache.xerces.parsers.XML11Configuration.<init>;;org.dacapo.harness.DacapoClassLoader;org.dacapo.harness.DacapoClassLoader
ClassLoader.loadClass;org.apache.xerces.impl.dv.ObjectFactory$ConfigurationError;org.apache.xerces.impl.dv.DTDDVFactory.getInstance;;org.dacapo.harness.DacapoClassLoader;org.dacapo.harness.DacapoClassLoader
ClassLoader.loadClass;org.apache.xerces.impl.dv.ObjectFactory;org.apache.xerces.impl.dv.DTDDVFactory.getInstance;;org.dacapo.harness.DacapoClassLoader;org.dacapo.harness.DacapoClassLoader
ClassLoader.loadClass;org.apache.xerces.impl.dv.SecuritySupport$1;org.apache.xerces.impl.dv.SecuritySupport.getContextClassLoader;;org.dacapo.harness.DacapoClassLoader;org.dacapo.harness.DacapoClassLoader
ClassLoader.loadClass;org.apache.xerces.impl.dv.SecuritySupport$2;org.apache.xerces.impl.dv.SecuritySupport.getSystemClassLoader;;org.dacapo.harness.DacapoClassLoader;org.dacapo.harness.DacapoClassLoader
ClassLoader.loadClass;org.apache.xerces.impl.dv.SecuritySupport$3;org.apache.xerces.impl.dv.SecuritySupport.getParentClassLoader;;org.dacapo.harness.DacapoClassLoader;org.dacapo.harness.DacapoClassLoader
ClassLoader.loadClass;org.apache.xerces.impl.dv.SecuritySupport;org.apache.xerces.impl.dv.ObjectFactory.findClassLoader;;org.dacapo.harness.DacapoClassLoader;org.dacapo.harness.DacapoClassLoader
ClassLoader.loadClass;org.apache.xerces.impl.dv.ValidationContext;org.apache.xerces.parsers.XML11Configuration.<init>;;org.dacapo.harness.DacapoClassLoader;org.dacapo.harness.DacapoClassLoader
ClassLoader.loadClass;org.apache.xerces.impl.dv.dtd.DTDDVFactoryImpl;org.apache.xerces.impl.dv.ObjectFactory.findProviderClass;;org.dacapo.harness.DacapoClassLoader;org.dacapo.harness.DacapoClassLoader
ClassLoader.loadClass;org.apache.xerces.impl.dv.dtd.ENTITYDatatypeValidator;org.apache.xerces.impl.dv.dtd.DTDDVFactoryImpl.createBuiltInTypes;;org.dacapo.harness.DacapoClassLoader;org.dacapo.harness.DacapoClassLoader
ClassLoader.loadClass;org.apache.xerces.impl.dv.dtd.IDDatatypeValidator;org.apache.xerces.impl.dv.dtd.DTDDVFactoryImpl.createBuiltInTypes;;org.dacapo.harness.DacapoClassLoader;org.dacapo.harness.DacapoClassLoader
ClassLoader.loadClass;org.apache.xerces.impl.dv.dtd.IDREFDatatypeValidator;org.apache.xerces.impl.dv.dtd.DTDDVFactoryImpl.createBuiltInTypes;;org.dacapo.harness.DacapoClassLoader;org.dacapo.harness.DacapoClassLoader
ClassLoader.loadClass;org.apache.xerces.impl.dv.dtd.ListDatatypeValidator;org.apache.xerces.impl.dv.dtd.DTDDVFactoryImpl.createBuiltInTypes;;org.dacapo.harness.DacapoClassLoader;org.dacapo.harness.DacapoClassLoader
ClassLoader.loadClass;org.apache.xerces.impl.dv.dtd.NMTOKENDatatypeValidator;org.apache.xerces.impl.dv.dtd.DTDDVFactoryImpl.createBuiltInTypes;;org.dacapo.harness.DacapoClassLoader;org.dacapo.harness.DacapoClassLoader
ClassLoader.loadClass;org.apache.xerces.impl.dv.dtd.NOTATIONDatatypeValidator;org.apache.xerces.impl.dv.dtd.DTDDVFactoryImpl.createBuiltInTypes;;org.dacapo.harness.DacapoClassLoader;org.dacapo.harness.DacapoClassLoader
ClassLoader.loadClass;org.apache.xerces.impl.dv.dtd.StringDatatypeValidator;org.apache.xerces.impl.dv.dtd.DTDDVFactoryImpl.createBuiltInTypes;;org.dacapo.harness.DacapoClassLoader;org.dacapo.harness.DacapoClassLoader
ClassLoader.loadClass;org.apache.xerces.impl.io.ASCIIReader;org.apache.xerces.parsers.XML11Configuration.<init>;;org.dacapo.harness.DacapoClassLoader;org.dacapo.harness.DacapoClassLoader
ClassLoader.loadClass;org.apache.xerces.impl.io.MalformedByteSequenceException;org.apache.xerces.impl.XMLNSDocumentScannerImpl.createContentDispatcher;;org.dacapo.harness.DacapoClassLoader;org.dacapo.harness.DacapoClassLoader
ClassLoader.loadClass;org.apache.xerces.impl.io.UCSReader;org.apache.xerces.parsers.XML11Configuration.<init>;;org.dacapo.harness.DacapoClassLoader;org.dacapo.harness.DacapoClassLoader
ClassLoader.loadClass;org.apache.xerces.impl.io.UTF8Reader;org.apache.xerces.parsers.XML11Configuration.<init>;;org.dacapo.harness.DacapoClassLoader;org.dacapo.harness.DacapoClassLoader
ClassLoader.loadClass;org.apache.xerces.impl.msg.XMLMessageFormatter;org.apache.xerces.parsers.XML11Configuration.<init>;;org.dacapo.harness.DacapoClassLoader;org.dacapo.harness.DacapoClassLoader
ClassLoader.loadClass;org.apache.xerces.impl.validation.EntityState;java.lang.ClassLoader.defineClass1;;org.dacapo.harness.DacapoClassLoader;org.dacapo.harness.DacapoClassLoader
ClassLoader.loadClass;org.apache.xerces.impl.validation.ValidationManager;org.apache.xerces.parsers.XML11Configuration.<init>;;org.dacapo.harness.DacapoClassLoader;org.dacapo.harness.DacapoClassLoader
ClassLoader.loadClass;org.apache.xerces.impl.validation.ValidationState;org.apache.xerces.impl.dtd.XMLDTDValidator.<init>;;org.dacapo.harness.DacapoClassLoader;org.dacapo.harness.DacapoClassLoader
ClassLoader.loadClass;org.apache.xerces.impl.xs.XMLSchemaValidator;org.apache.xerces.jaxp.SAXParserFactoryImpl.newSAXParser;;org.dacapo.harness.DacapoClassLoader;org.dacapo.harness.DacapoClassLoader
ClassLoader.loadClass;org.apache.xerces.impl.xs.identity.FieldActivator;java.lang.ClassLoader.defineClass1;;org.dacapo.harness.DacapoClassLoader;org.dacapo.harness.DacapoClassLoader
ClassLoader.loadClass;org.apache.xerces.jaxp.JAXPConstants;java.lang.ClassLoader.defineClass1;;org.dacapo.harness.DacapoClassLoader;org.dacapo.harness.DacapoClassLoader
ClassLoader.loadClass;org.apache.xerces.jaxp.JAXPValidatorComponent;org.apache.xerces.jaxp.SAXParserFactoryImpl.newSAXParser;;org.dacapo.harness.DacapoClassLoader;org.dacapo.harness.DacapoClassLoader
ClassLoader.loadClass;org.apache.xerces.jaxp.SAXParserFactoryImpl;javax.xml.parsers.FactoryFinder.newInstance;;org.dacapo.harness.DacapoClassLoader;org.dacapo.harness.DacapoClassLoader
ClassLoader.loadClass;org.apache.xerces.jaxp.SAXParserImpl$JAXPSAXParser;org.apache.xerces.jaxp.SAXParserFactoryImpl.newSAXParser;;org.dacapo.harness.DacapoClassLoader;org.dacapo.harness.DacapoClassLoader
ClassLoader.loadClass;org.apache.xerces.jaxp.SAXParserImpl;java.lang.Class.getDeclaredConstructors0;;org.dacapo.harness.DacapoClassLoader;org.dacapo.harness.DacapoClassLoader
ClassLoader.loadClass;org.apache.xerces.jaxp.TeeXMLDocumentFilterImpl;java.lang.ClassLoader.defineClass1;;org.dacapo.harness.DacapoClassLoader;org.dacapo.harness.DacapoClassLoader
ClassLoader.loadClass;org.apache.xerces.parsers.AbstractSAXParser$1;org.apache.xerces.jaxp.SAXParserImpl.<init>;;org.dacapo.harness.DacapoClassLoader;org.dacapo.harness.DacapoClassLoader
ClassLoader.loadClass;org.apache.xerces.parsers.AbstractSAXParser$2;org.apache.xerces.jaxp.SAXParserImpl.<init>;;org.dacapo.harness.DacapoClassLoader;org.dacapo.harness.DacapoClassLoader
ClassLoader.loadClass;org.apache.xerces.parsers.AbstractSAXParser$AttributesProxy;org.apache.xerces.parsers.AbstractSAXParser.<init>;;org.dacapo.harness.DacapoClassLoader;org.dacapo.harness.DacapoClassLoader
ClassLoader.loadClass;org.apache.xerces.parsers.AbstractSAXParser$LocatorProxy;org.apache.xerces.parsers.AbstractSAXParser.startDocument;;org.dacapo.harness.DacapoClassLoader;org.dacapo.harness.DacapoClassLoader
ClassLoader.loadClass;org.apache.xerces.parsers.AbstractSAXParser;org.apache.xerces.jaxp.SAXParserFactoryImpl.newSAXParser;;org.dacapo.harness.DacapoClassLoader;org.dacapo.harness.DacapoClassLoader
ClassLoader.loadClass;org.apache.xerces.parsers.AbstractXMLDocumentParser;java.lang.ClassLoader.defineClass1;;org.dacapo.harness.DacapoClassLoader;org.dacapo.harness.DacapoClassLoader
ClassLoader.loadClass;org.apache.xerces.parsers.ObjectFactory$ConfigurationError;org.apache.xerces.parsers.SAXParser.<init>;;org.dacapo.harness.DacapoClassLoader;org.dacapo.harness.DacapoClassLoader
ClassLoader.loadClass;org.apache.xerces.parsers.ObjectFactory;org.apache.xerces.parsers.SAXParser.<init>;;org.dacapo.harness.DacapoClassLoader;org.dacapo.harness.DacapoClassLoader
ClassLoader.loadClass;org.apache.xerces.parsers.SAXParser;java.lang.ClassLoader.defineClass1;;org.dacapo.harness.DacapoClassLoader;org.dacapo.harness.DacapoClassLoader
ClassLoader.loadClass;org.apache.xerces.parsers.SAXParser;org.xml.sax.helpers.NewInstance.newInstance;;org.dacapo.harness.DacapoClassLoader;org.dacapo.harness.DacapoClassLoader
ClassLoader.loadClass;org.apache.xerces.parsers.SecuritySupport$1;org.apache.xerces.parsers.SecuritySupport.getContextClassLoader;;org.dacapo.harness.DacapoClassLoader;org.dacapo.harness.DacapoClassLoader
ClassLoader.loadClass;org.apache.xerces.parsers.SecuritySupport$2;org.apache.xerces.parsers.SecuritySupport.getSystemClassLoader;;org.dacapo.harness.DacapoClassLoader;org.dacapo.harness.DacapoClassLoader
ClassLoader.loadClass;org.apache.xerces.parsers.SecuritySupport$3;org.apache.xerces.parsers.SecuritySupport.getParentClassLoader;;org.dacapo.harness.DacapoClassLoader;org.dacapo.harness.DacapoClassLoader
ClassLoader.loadClass;org.apache.xerces.parsers.SecuritySupport$4;org.apache.xerces.parsers.SecuritySupport.getSystemProperty;;org.dacapo.harness.DacapoClassLoader;org.dacapo.harness.DacapoClassLoader
ClassLoader.loadClass;org.apache.xerces.parsers.SecuritySupport$6;org.apache.xerces.parsers.SecuritySupport.getResourceAsStream;;org.dacapo.harness.DacapoClassLoader;org.dacapo.harness.DacapoClassLoader
ClassLoader.loadClass;org.apache.xerces.parsers.SecuritySupport$7;org.apache.xerces.parsers.SecuritySupport.getFileExists;;org.dacapo.harness.DacapoClassLoader;org.dacapo.harness.DacapoClassLoader
ClassLoader.loadClass;org.apache.xerces.parsers.SecuritySupport;org.apache.xerces.parsers.ObjectFactory.createObject;;org.dacapo.harness.DacapoClassLoader;org.dacapo.harness.DacapoClassLoader
ClassLoader.loadClass;org.apache.xerces.parsers.XIncludeAwareParserConfiguration;org.apache.xerces.parsers.ObjectFactory.findProviderClass;;org.dacapo.harness.DacapoClassLoader;org.dacapo.harness.DacapoClassLoader
ClassLoader.loadClass;org.apache.xerces.parsers.XML11Configurable;java.lang.ClassLoader.defineClass1;;org.dacapo.harness.DacapoClassLoader;org.dacapo.harness.DacapoClassLoader
ClassLoader.loadClass;org.apache.xerces.parsers.XML11Configuration;java.lang.ClassLoader.defineClass1;;org.dacapo.harness.DacapoClassLoader;org.dacapo.harness.DacapoClassLoader
ClassLoader.loadClass;org.apache.xerces.parsers.XMLParser;java.lang.ClassLoader.defineClass1;;org.dacapo.harness.DacapoClassLoader;org.dacapo.harness.DacapoClassLoader
ClassLoader.loadClass;org.apache.xerces.util.AugmentationsImpl$AugmentationsItemsContainer;org.apache.xerces.impl.XMLEntityManager.<init>;;org.dacapo.harness.DacapoClassLoader;org.dacapo.harness.DacapoClassLoader
ClassLoader.loadClass;org.apache.xerces.util.AugmentationsImpl$LargeContainer;org.apache.xerces.util.AugmentationsImpl.<init>;;org.dacapo.harness.DacapoClassLoader;org.dacapo.harness.DacapoClassLoader
ClassLoader.loadClass;org.apache.xerces.util.AugmentationsImpl$SmallContainer;org.apache.xerces.impl.XMLEntityManager.<init>;;org.dacapo.harness.DacapoClassLoader;org.dacapo.harness.DacapoClassLoader
ClassLoader.loadClass;org.apache.xerces.util.AugmentationsImpl;org.apache.xerces.impl.XMLEntityManager.<init>;;org.dacapo.harness.DacapoClassLoader;org.dacapo.harness.DacapoClassLoader
ClassLoader.loadClass;org.apache.xerces.util.ErrorHandlerWrapper;org.apache.xerces.parsers.AbstractSAXParser.setErrorHandler;;org.dacapo.harness.DacapoClassLoader;org.dacapo.harness.DacapoClassLoader
ClassLoader.loadClass;org.apache.xerces.util.MessageFormatter;java.lang.Class.getDeclaredConstructors0;;org.dacapo.harness.DacapoClassLoader;org.dacapo.harness.DacapoClassLoader
ClassLoader.loadClass;org.apache.xerces.util.NamespaceSupport;org.apache.xerces.impl.XMLDocumentScannerImpl.<init>;;org.dacapo.harness.DacapoClassLoader;org.dacapo.harness.DacapoClassLoader
ClassLoader.loadClass;org.apache.xerces.util.ParserConfigurationSettings;java.lang.ClassLoader.defineClass1;;org.dacapo.harness.DacapoClassLoader;org.dacapo.harness.DacapoClassLoader
ClassLoader.loadClass;org.apache.xerces.util.SymbolTable$Entry;org.apache.xerces.util.SymbolTable.<init>;;org.dacapo.harness.DacapoClassLoader;org.dacapo.harness.DacapoClassLoader
ClassLoader.loadClass;org.apache.xerces.util.SymbolTable;java.lang.Class.getDeclaredConstructors0;;org.dacapo.harness.DacapoClassLoader;org.dacapo.harness.DacapoClassLoader
ClassLoader.loadClass;org.apache.xerces.util.URI$MalformedURIException;org.apache.xerces.parsers.XML11Configuration.<init>;;org.dacapo.harness.DacapoClassLoader;org.dacapo.harness.DacapoClassLoader
ClassLoader.loadClass;org.apache.xerces.util.URI;org.apache.xerces.impl.XMLEntityManager.expandSystemIdStrictOff;;org.dacapo.harness.DacapoClassLoader;org.dacapo.harness.DacapoClassLoader
ClassLoader.loadClass;org.apache.xerces.util.XMLAttributesImpl$Attribute;org.apache.xerces.util.XMLAttributesImpl.<init>;;org.dacapo.harness.DacapoClassLoader;org.dacapo.harness.DacapoClassLoader
ClassLoader.loadClass;org.apache.xerces.util.XMLAttributesImpl;org.apache.xerces.impl.XMLDocumentFragmentScannerImpl.<init>;;org.dacapo.harness.DacapoClassLoader;org.dacapo.harness.DacapoClassLoader
ClassLoader.loadClass;org.apache.xerces.util.XMLChar;org.apache.xerces.impl.XMLEntityScanner.skipDeclSpaces;;org.dacapo.harness.DacapoClassLoader;org.dacapo.harness.DacapoClassLoader
ClassLoader.loadClass;org.apache.xerces.util.XMLResourceIdentifierImpl;org.apache.xerces.impl.XMLEntityManager.<init>;;org.dacapo.harness.DacapoClassLoader;org.dacapo.harness.DacapoClassLoader
ClassLoader.loadClass;org.apache.xerces.util.XMLStringBuffer;org.apache.xerces.parsers.XML11Configuration.<init>;;org.dacapo.harness.DacapoClassLoader;org.dacapo.harness.DacapoClassLoader
ClassLoader.loadClass;org.apache.xerces.util.XMLSymbols;org.apache.xerces.util.NamespaceSupport.reset;;org.dacapo.harness.DacapoClassLoader;org.dacapo.harness.DacapoClassLoader
ClassLoader.loadClass;org.apache.xerces.xni.Augmentations;org.apache.xerces.parsers.XML11Configuration.<init>;;org.dacapo.harness.DacapoClassLoader;org.dacapo.harness.DacapoClassLoader
ClassLoader.loadClass;org.apache.xerces.xni.NamespaceContext;java.lang.Class.getDeclaredConstructors0;;org.dacapo.harness.DacapoClassLoader;org.dacapo.harness.DacapoClassLoader
ClassLoader.loadClass;org.apache.xerces.xni.QName;org.apache.xerces.impl.XMLDocumentFragmentScannerImpl$ElementStack.<init>;;org.dacapo.harness.DacapoClassLoader;org.dacapo.harness.DacapoClassLoader
ClassLoader.loadClass;org.apache.xerces.xni.XMLAttributes;org.apache.xerces.parsers.XML11Configuration.<init>;;org.dacapo.harness.DacapoClassLoader;org.dacapo.harness.DacapoClassLoader
ClassLoader.loadClass;org.apache.xerces.xni.XMLDTDContentModelHandler;java.lang.ClassLoader.defineClass1;;org.dacapo.harness.DacapoClassLoader;org.dacapo.harness.DacapoClassLoader
ClassLoader.loadClass;org.apache.xerces.xni.XMLDTDHandler;java.lang.ClassLoader.defineClass1;;org.dacapo.harness.DacapoClassLoader;org.dacapo.harness.DacapoClassLoader
ClassLoader.loadClass;org.apache.xerces.xni.XMLDocumentHandler;java.lang.ClassLoader.defineClass1;;org.dacapo.harness.DacapoClassLoader;org.dacapo.harness.DacapoClassLoader
ClassLoader.loadClass;org.apache.xerces.xni.XMLLocator;java.lang.Class.getDeclaredConstructors0;;org.dacapo.harness.DacapoClassLoader;org.dacapo.harness.DacapoClassLoader
ClassLoader.loadClass;org.apache.xerces.xni.XMLResourceIdentifier;org.apache.xerces.parsers.XML11Configuration.<init>;;org.dacapo.harness.DacapoClassLoader;org.dacapo.harness.DacapoClassLoader
ClassLoader.loadClass;org.apache.xerces.xni.XMLString;org.apache.xerces.parsers.XML11Configuration.<init>;;org.dacapo.harness.DacapoClassLoader;org.dacapo.harness.DacapoClassLoader
ClassLoader.loadClass;org.apache.xerces.xni.XNIException;org.apache.xerces.jaxp.SAXParserImpl.<init>;;org.dacapo.harness.DacapoClassLoader;org.dacapo.harness.DacapoClassLoader
ClassLoader.loadClass;org.apache.xerces.xni.grammars.Grammar;java.lang.ClassLoader.defineClass1;;org.dacapo.harness.DacapoClassLoader;org.dacapo.harness.DacapoClassLoader
ClassLoader.loadClass;org.apache.xerces.xni.grammars.XMLDTDDescription;java.lang.ClassLoader.defineClass1;;org.dacapo.harness.DacapoClassLoader;org.dacapo.harness.DacapoClassLoader
ClassLoader.loadClass;org.apache.xerces.xni.grammars.XMLGrammarDescription;java.lang.ClassLoader.defineClass1;;org.dacapo.harness.DacapoClassLoader;org.dacapo.harness.DacapoClassLoader
ClassLoader.loadClass;org.apache.xerces.xni.grammars.XMLGrammarLoader;java.lang.ClassLoader.defineClass1;;org.dacapo.harness.DacapoClassLoader;org.dacapo.harness.DacapoClassLoader
ClassLoader.loadClass;org.apache.xerces.xni.grammars.XMLGrammarPool;java.lang.Class.getDeclaredConstructors0;;org.dacapo.harness.DacapoClassLoader;org.dacapo.harness.DacapoClassLoader
ClassLoader.loadClass;org.apache.xerces.xni.parser.XMLComponent;java.lang.ClassLoader.defineClass1;;org.dacapo.harness.DacapoClassLoader;org.dacapo.harness.DacapoClassLoader
ClassLoader.loadClass;org.apache.xerces.xni.parser.XMLComponentManager;org.apache.xerces.jaxp.SAXParserFactoryImpl.newSAXParser;;org.dacapo.harness.DacapoClassLoader;org.dacapo.harness.DacapoClassLoader
ClassLoader.loadClass;org.apache.xerces.xni.parser.XMLConfigurationException;org.apache.xerces.jaxp.SAXParserImpl.<init>;;org.dacapo.harness.DacapoClassLoader;org.dacapo.harness.DacapoClassLoader
ClassLoader.loadClass;org.apache.xerces.xni.parser.XMLDTDContentModelFilter;java.lang.ClassLoader.defineClass1;;org.dacapo.harness.DacapoClassLoader;org.dacapo.harness.DacapoClassLoader
ClassLoader.loadClass;org.apache.xerces.xni.parser.XMLDTDContentModelSource;java.lang.ClassLoader.defineClass1;;org.dacapo.harness.DacapoClassLoader;org.dacapo.harness.DacapoClassLoader
ClassLoader.loadClass;org.apache.xerces.xni.parser.XMLDTDFilter;java.lang.ClassLoader.defineClass1;;org.dacapo.harness.DacapoClassLoader;org.dacapo.harness.DacapoClassLoader
ClassLoader.loadClass;org.apache.xerces.xni.parser.XMLDTDScanner;java.lang.Class.getDeclaredConstructors0;;org.dacapo.harness.DacapoClassLoader;org.dacapo.harness.DacapoClassLoader
ClassLoader.loadClass;org.apache.xerces.xni.parser.XMLDTDSource;org.apache.xerces.jaxp.SAXParserFactoryImpl.newSAXParser;;org.dacapo.harness.DacapoClassLoader;org.dacapo.harness.DacapoClassLoader
ClassLoader.loadClass;org.apache.xerces.xni.parser.XMLDocumentFilter;java.lang.ClassLoader.defineClass1;;org.dacapo.harness.DacapoClassLoader;org.dacapo.harness.DacapoClassLoader
ClassLoader.loadClass;org.apache.xerces.xni.parser.XMLDocumentScanner;java.lang.Class.getDeclaredConstructors0;;org.dacapo.harness.DacapoClassLoader;org.dacapo.harness.DacapoClassLoader
ClassLoader.loadClass;org.apache.xerces.xni.parser.XMLDocumentSource;java.lang.ClassLoader.defineClass1;;org.dacapo.harness.DacapoClassLoader;org.dacapo.harness.DacapoClassLoader
ClassLoader.loadClass;org.apache.xerces.xni.parser.XMLEntityResolver;org.apache.xerces.jaxp.SAXParserImpl.<init>;;org.dacapo.harness.DacapoClassLoader;org.dacapo.harness.DacapoClassLoader
ClassLoader.loadClass;org.apache.xerces.xni.parser.XMLErrorHandler;org.apache.xerces.jaxp.SAXParserImpl.<init>;;org.dacapo.harness.DacapoClassLoader;org.dacapo.harness.DacapoClassLoader
ClassLoader.loadClass;org.apache.xerces.xni.parser.XMLInputSource;org.apache.xerces.parsers.AbstractSAXParser.parse;;org.dacapo.harness.DacapoClassLoader;org.dacapo.harness.DacapoClassLoader
ClassLoader.loadClass;org.apache.xerces.xni.parser.XMLParseException;org.apache.xerces.jaxp.SAXParserImpl.<init>;;org.dacapo.harness.DacapoClassLoader;org.dacapo.harness.DacapoClassLoader
ClassLoader.loadClass;org.apache.xerces.xni.parser.XMLParserConfiguration;java.lang.ClassLoader.defineClass1;;org.dacapo.harness.DacapoClassLoader;org.dacapo.harness.DacapoClassLoader
ClassLoader.loadClass;org.apache.xerces.xni.parser.XMLPullParserConfiguration;java.lang.ClassLoader.defineClass1;;org.dacapo.harness.DacapoClassLoader;org.dacapo.harness.DacapoClassLoader
ClassLoader.loadClass;org.apache.xerces.xs.PSVIProvider;java.lang.ClassLoader.defineClass1;;org.dacapo.harness.DacapoClassLoader;org.dacapo.harness.DacapoClassLoader
ClassLoader.loadClass;org.apache.xml.dtm.Axis;org.apache.xml.dtm.ref.DTMDefaultBaseTraversers.getAxisTraverser;109;org.dacapo.harness.DacapoClassLoader;org.dacapo.harness.DacapoClassLoader
ClassLoader.loadClass;org.apache.xml.dtm.DTM;java.lang.Class.getDeclaredMethods0;;org.dacapo.harness.DacapoClassLoader;org.dacapo.harness.DacapoClassLoader
ClassLoader.loadClass;org.apache.xml.dtm.DTMAxisIterator;java.lang.ClassLoader.defineClass1;;org.dacapo.harness.DacapoClassLoader;org.dacapo.harness.DacapoClassLoader
ClassLoader.loadClass;org.apache.xml.dtm.DTMAxisTraverser;java.lang.ClassLoader.defineClass1;;org.dacapo.harness.DacapoClassLoader;org.dacapo.harness.DacapoClassLoader
ClassLoader.loadClass;org.apache.xml.dtm.DTMConfigurationException;org.apache.xalan.transformer.TransformerImpl.<init>;397;org.dacapo.harness.DacapoClassLoader;org.dacapo.harness.DacapoClassLoader
ClassLoader.loadClass;org.apache.xml.dtm.DTMDOMException;org.apache.xml.dtm.ref.DTMDefaultBase.getNode;2218;org.dacapo.harness.DacapoClassLoader;org.dacapo.harness.DacapoClassLoader
ClassLoader.loadClass;org.apache.xml.dtm.DTMException;java.lang.ClassLoader.defineClass1;;org.dacapo.harness.DacapoClassLoader;org.dacapo.harness.DacapoClassLoader
ClassLoader.loadClass;org.apache.xml.dtm.DTMIterator;java.lang.ClassLoader.defineClass1;;org.dacapo.harness.DacapoClassLoader;org.dacapo.harness.DacapoClassLoader
ClassLoader.loadClass;org.apache.xml.dtm.DTMManager;java.lang.ClassLoader.defineClass1;;org.dacapo.harness.DacapoClassLoader;org.dacapo.harness.DacapoClassLoader
ClassLoader.loadClass;org.apache.xml.dtm.DTMWSFilter;java.lang.ClassLoader.defineClass1;;org.dacapo.harness.DacapoClassLoader;org.dacapo.harness.DacapoClassLoader
ClassLoader.loadClass;org.apache.xml.dtm.ObjectFactory$ConfigurationError;org.apache.xalan.transformer.TransformerImpl.<init>;397;org.dacapo.harness.DacapoClassLoader;org.dacapo.harness.DacapoClassLoader
ClassLoader.loadClass;org.apache.xml.dtm.ObjectFactory;org.apache.xml.dtm.DTMManager.newInstance;138;org.dacapo.harness.DacapoClassLoader;org.dacapo.harness.DacapoClassLoader
ClassLoader.loadClass;org.apache.xml.dtm.SecuritySupport$1;org.apache.xml.dtm.SecuritySupport.getContextClassLoader;43;org.dacapo.harness.DacapoClassLoader;org.dacapo.harness.DacapoClassLoader
ClassLoader.loadClass;org.apache.xml.dtm.SecuritySupport$2;org.apache.xml.dtm.SecuritySupport.getSystemClassLoader;56;org.dacapo.harness.DacapoClassLoader;org.dacapo.harness.DacapoClassLoader
ClassLoader.loadClass;org.apache.xml.dtm.SecuritySupport$3;org.apache.xml.dtm.SecuritySupport.getParentClassLoader;69;org.dacapo.harness.DacapoClassLoader;org.dacapo.harness.DacapoClassLoader
ClassLoader.loadClass;org.apache.xml.dtm.SecuritySupport$4;org.apache.xml.dtm.SecuritySupport.getSystemProperty;85;org.dacapo.harness.DacapoClassLoader;org.dacapo.harness.DacapoClassLoader
ClassLoader.loadClass;org.apache.xml.dtm.SecuritySupport$6;org.apache.xml.dtm.SecuritySupport.getResourceAsStream;111;org.dacapo.harness.DacapoClassLoader;org.dacapo.harness.DacapoClassLoader
ClassLoader.loadClass;org.apache.xml.dtm.SecuritySupport$7;org.apache.xml.dtm.SecuritySupport.getFileExists;126;org.dacapo.harness.DacapoClassLoader;org.dacapo.harness.DacapoClassLoader
ClassLoader.loadClass;org.apache.xml.dtm.SecuritySupport;org.apache.xml.dtm.ObjectFactory.lookUpFactoryClassName;263;org.dacapo.harness.DacapoClassLoader;org.dacapo.harness.DacapoClassLoader
ClassLoader.loadClass;org.apache.xml.dtm.ref.DTMAxisIteratorBase;java.lang.ClassLoader.defineClass1;;org.dacapo.harness.DacapoClassLoader;org.dacapo.harness.DacapoClassLoader
ClassLoader.loadClass;org.apache.xml.dtm.ref.DTMDefaultBase;java.lang.ClassLoader.defineClass1;;org.dacapo.harness.DacapoClassLoader;org.dacapo.harness.DacapoClassLoader
ClassLoader.loadClass;org.apache.xml.dtm.ref.DTMDefaultBaseIterators$ChildrenIterator;org.apache.xml.dtm.ref.DTMManagerDefault.getDTM;319;org.dacapo.harness.DacapoClassLoader;org.dacapo.harness.DacapoClassLoader
ClassLoader.loadClass;org.apache.xml.dtm.ref.DTMDefaultBaseIterators$DescendantIterator;java.lang.ClassLoader.defineClass1;;org.dacapo.harness.DacapoClassLoader;org.dacapo.harness.DacapoClassLoader
ClassLoader.loadClass;org.apache.xml.dtm.ref.DTMDefaultBaseIterators$InternalAxisIteratorBase;java.lang.ClassLoader.defineClass1;;org.dacapo.harness.DacapoClassLoader;org.dacapo.harness.DacapoClassLoader
ClassLoader.loadClass;org.apache.xml.dtm.ref.DTMDefaultBaseIterators$ParentIterator;org.apache.xml.dtm.ref.DTMDefaultBaseIterators.getAxisIterator;195;org.dacapo.harness.DacapoClassLoader;org.dacapo.harness.DacapoClassLoader
ClassLoader.loadClass;org.apache.xml.dtm.ref.DTMDefaultBaseIterators$PrecedingSiblingIterator;org.apache.xml.dtm.ref.DTMDefaultBaseIterators.getAxisIterator;218;org.dacapo.harness.DacapoClassLoader;org.dacapo.harness.DacapoClassLoader
ClassLoader.loadClass;org.apache.xml.dtm.ref.DTMDefaultBaseIterators$SingletonIterator;java.lang.ClassLoader.defineClass1;;org.dacapo.harness.DacapoClassLoader;org.dacapo.harness.DacapoClassLoader
ClassLoader.loadClass;org.apache.xml.dtm.ref.DTMDefaultBaseIterators$TypedChildrenIterator;org.apache.xml.dtm.ref.DTMManagerDefault.getDTM;319;org.dacapo.harness.DacapoClassLoader;org.dacapo.harness.DacapoClassLoader
ClassLoader.loadClass;org.apache.xml.dtm.ref.DTMDefaultBaseIterators$TypedDescendantIterator;org.apache.xml.dtm.ref.DTMManagerDefault.getDTM;319;org.dacapo.harness.DacapoClassLoader;org.dacapo.harness.DacapoClassLoader
ClassLoader.loadClass;org.apache.xml.dtm.ref.DTMDefaultBaseIterators$TypedSingletonIterator;org.apache.xml.dtm.ref.DTMManagerDefault.getDTM;319;org.dacapo.harness.DacapoClassLoader;org.dacapo.harness.DacapoClassLoader
ClassLoader.loadClass;org.apache.xml.dtm.ref.DTMDefaultBaseIterators;java.lang.ClassLoader.defineClass1;;org.dacapo.harness.DacapoClassLoader;org.dacapo.harness.DacapoClassLoader
ClassLoader.loadClass;org.apache.xml.dtm.ref.DTMDefaultBaseTraversers$1;org.apache.xml.dtm.ref.DTMDefaultBaseTraversers$ParentTraverser.<init>;1128;org.dacapo.harness.DacapoClassLoader;org.dacapo.harness.DacapoClassLoader
ClassLoader.loadClass;org.apache.xml.dtm.ref.DTMDefaultBaseTraversers$AllFromNodeTraverser;java.lang.ClassLoader.defineClass1;;org.dacapo.harness.DacapoClassLoader;org.dacapo.harness.DacapoClassLoader
ClassLoader.loadClass;org.apache.xml.dtm.ref.DTMDefaultBaseTraversers$AllFromRootTraverser;org.apache.xml.dtm.ref.DTMManagerDefault.getDTM;319;org.dacapo.harness.DacapoClassLoader;org.dacapo.harness.DacapoClassLoader
ClassLoader.loadClass;org.apache.xml.dtm.ref.DTMDefaultBaseTraversers$AncestorOrSelfTraverser;org.apache.xml.dtm.ref.DTMManagerDefault.getDTM;319;org.dacapo.harness.DacapoClassLoader;org.dacapo.harness.DacapoClassLoader
ClassLoader.loadClass;org.apache.xml.dtm.ref.DTMDefaultBaseTraversers$AncestorTraverser;org.apache.xml.dtm.ref.DTMManagerDefault.getDTM;319;org.dacapo.harness.DacapoClassLoader;org.dacapo.harness.DacapoClassLoader
ClassLoader.loadClass;org.apache.xml.dtm.ref.DTMDefaultBaseTraversers$AttributeTraverser;org.apache.xml.dtm.ref.DTMManagerDefault.getDTM;319;org.dacapo.harness.DacapoClassLoader;org.dacapo.harness.DacapoClassLoader
ClassLoader.loadClass;org.apache.xml.dtm.ref.DTMDefaultBaseTraversers$ChildTraverser;org.apache.xml.dtm.ref.DTMManagerDefault.getDTM;319;org.dacapo.harness.DacapoClassLoader;org.dacapo.harness.DacapoClassLoader
ClassLoader.loadClass;org.apache.xml.dtm.ref.DTMDefaultBaseTraversers$DescendantFromRootTraverser;org.apache.xml.dtm.ref.DTMManagerDefault.getDTM;319;org.dacapo.harness.DacapoClassLoader;org.dacapo.harness.DacapoClassLoader
ClassLoader.loadClass;org.apache.xml.dtm.ref.DTMDefaultBaseTraversers$DescendantOrSelfFromRootTraverser;org.apache.xml.dtm.ref.DTMManagerDefault.getDTM;319;org.dacapo.harness.DacapoClassLoader;org.dacapo.harness.DacapoClassLoader
ClassLoader.loadClass;org.apache.xml.dtm.ref.DTMDefaultBaseTraversers$DescendantOrSelfTraverser;org.apache.xml.dtm.ref.DTMManagerDefault.getDTM;319;org.dacapo.harness.DacapoClassLoader;org.dacapo.harness.DacapoClassLoader
ClassLoader.loadClass;org.apache.xml.dtm.ref.DTMDefaultBaseTraversers$DescendantTraverser;org.apache.xml.dtm.ref.DTMManagerDefault.getDTM;319;org.dacapo.harness.DacapoClassLoader;org.dacapo.harness.DacapoClassLoader
ClassLoader.loadClass;org.apache.xml.dtm.ref.DTMDefaultBaseTraversers$FollowingSiblingTraverser;org.apache.xml.dtm.ref.DTMManagerDefault.getDTM;319;org.dacapo.harness.DacapoClassLoader;org.dacapo.harness.DacapoClassLoader
ClassLoader.loadClass;org.apache.xml.dtm.ref.DTMDefaultBaseTraversers$FollowingTraverser;org.apache.xml.dtm.ref.DTMManagerDefault.getDTM;319;org.dacapo.harness.DacapoClassLoader;org.dacapo.harness.DacapoClassLoader
ClassLoader.loadClass;org.apache.xml.dtm.ref.DTMDefaultBaseTraversers$IndexedDTMAxisTraverser;java.lang.ClassLoader.defineClass1;;org.dacapo.harness.DacapoClassLoader;org.dacapo.harness.DacapoClassLoader
ClassLoader.loadClass;org.apache.xml.dtm.ref.DTMDefaultBaseTraversers$NamespaceDeclsTraverser;org.apache.xml.dtm.ref.DTMManagerDefault.getDTM;319;org.dacapo.harness.DacapoClassLoader;org.dacapo.harness.DacapoClassLoader
ClassLoader.loadClass;org.apache.xml.dtm.ref.DTMDefaultBaseTraversers$NamespaceTraverser;org.apache.xml.dtm.ref.DTMManagerDefault.getDTM;319;org.dacapo.harness.DacapoClassLoader;org.dacapo.harness.DacapoClassLoader
ClassLoader.loadClass;org.apache.xml.dtm.ref.DTMDefaultBaseTraversers$ParentTraverser;org.apache.xml.dtm.ref.DTMManagerDefault.getDTM;319;org.dacapo.harness.DacapoClassLoader;org.dacapo.harness.DacapoClassLoader
ClassLoader.loadClass;org.apache.xml.dtm.ref.DTMDefaultBaseTraversers$PrecedingAndAncestorTraverser;org.apache.xml.dtm.ref.DTMManagerDefault.getDTM;319;org.dacapo.harness.DacapoClassLoader;org.dacapo.harness.DacapoClassLoader
ClassLoader.loadClass;org.apache.xml.dtm.ref.DTMDefaultBaseTraversers$PrecedingSiblingTraverser;org.apache.xml.dtm.ref.DTMManagerDefault.getDTM;319;org.dacapo.harness.DacapoClassLoader;org.dacapo.harness.DacapoClassLoader
ClassLoader.loadClass;org.apache.xml.dtm.ref.DTMDefaultBaseTraversers$PrecedingTraverser;org.apache.xml.dtm.ref.DTMManagerDefault.getDTM;319;org.dacapo.harness.DacapoClassLoader;org.dacapo.harness.DacapoClassLoader
ClassLoader.loadClass;org.apache.xml.dtm.ref.DTMDefaultBaseTraversers$RootTraverser;org.apache.xml.dtm.ref.DTMManagerDefault.getDTM;319;org.dacapo.harness.DacapoClassLoader;org.dacapo.harness.DacapoClassLoader
ClassLoader.loadClass;org.apache.xml.dtm.ref.DTMDefaultBaseTraversers$SelfTraverser;org.apache.xml.dtm.ref.DTMManagerDefault.getDTM;319;org.dacapo.harness.DacapoClassLoader;org.dacapo.harness.DacapoClassLoader
ClassLoader.loadClass;org.apache.xml.dtm.ref.DTMDefaultBaseTraversers;java.lang.ClassLoader.defineClass1;;org.dacapo.harness.DacapoClassLoader;org.dacapo.harness.DacapoClassLoader
ClassLoader.loadClass;org.apache.xml.dtm.ref.DTMManagerDefault;org.apache.xml.dtm.ObjectFactory.findProviderClass;504;org.dacapo.harness.DacapoClassLoader;org.dacapo.harness.DacapoClassLoader
ClassLoader.loadClass;org.apache.xml.dtm.ref.DTMNodeProxy$DTMNodeProxyImplementation;org.apache.xml.dtm.ref.DTMNodeProxy.<clinit>;78;org.dacapo.harness.DacapoClassLoader;org.dacapo.harness.DacapoClassLoader
ClassLoader.loadClass;org.apache.xml.dtm.ref.DTMNodeProxy;org.apache.xml.dtm.ref.DTMDefaultBase.getNode;2218;org.dacapo.harness.DacapoClassLoader;org.dacapo.harness.DacapoClassLoader
ClassLoader.loadClass;org.apache.xml.dtm.ref.DTMStringPool;org.apache.xml.dtm.ref.sax2dtm.SAX2DTM.<init>;271;org.dacapo.harness.DacapoClassLoader;org.dacapo.harness.DacapoClassLoader
ClassLoader.loadClass;org.apache.xml.dtm.ref.DTMTreeWalker;java.lang.Class.forName0;;org.dacapo.harness.DacapoClassLoader;org.dacapo.harness.DacapoClassLoader
ClassLoader.loadClass;org.apache.xml.dtm.ref.ExpandedNameTable$HashEntry;org.apache.xml.dtm.ref.ExpandedNameTable.<init>;123;org.dacapo.harness.DacapoClassLoader;org.dacapo.harness.DacapoClassLoader
ClassLoader.loadClass;org.apache.xml.dtm.ref.ExpandedNameTable;org.apache.xalan.templates.StylesheetRoot$ComposeState.<init>;1259;org.dacapo.harness.DacapoClassLoader;org.dacapo.harness.DacapoClassLoader
ClassLoader.loadClass;org.apache.xml.dtm.ref.ExtendedType;org.apache.xml.dtm.ref.ExpandedNameTable.<clinit>;108;org.dacapo.harness.DacapoClassLoader;org.dacapo.harness.DacapoClassLoader
ClassLoader.loadClass;org.apache.xml.dtm.ref.IncrementalSAXSource;java.lang.Class.getDeclaredConstructors0;;org.dacapo.harness.DacapoClassLoader;org.dacapo.harness.DacapoClassLoader
ClassLoader.loadClass;org.apache.xml.dtm.ref.sax2dtm.SAX2DTM;java.lang.ClassLoader.defineClass1;;org.dacapo.harness.DacapoClassLoader;org.dacapo.harness.DacapoClassLoader
ClassLoader.loadClass;org.apache.xml.dtm.ref.sax2dtm.SAX2RTFDTM;java.lang.Class.getDeclaredConstructors0;;org.dacapo.harness.DacapoClassLoader;org.dacapo.harness.DacapoClassLoader
ClassLoader.loadClass;org.apache.xml.serializer.AttributesImplSerializer;org.apache.xml.serializer.SerializerBase.<init>;136;org.dacapo.harness.DacapoClassLoader;org.dacapo.harness.DacapoClassLoader
ClassLoader.loadClass;org.apache.xml.serializer.CharInfo$1;org.apache.xml.serializer.CharInfo.getCharInfoBasedOnPrivilege;462;org.dacapo.harness.DacapoClassLoader;org.dacapo.harness.DacapoClassLoader
ClassLoader.loadClass;org.apache.xml.serializer.CharInfo$CharKey;org.apache.xml.serializer.CharInfo.<init>;162;org.dacapo.harness.DacapoClassLoader;org.dacapo.harness.DacapoClassLoader
ClassLoader.loadClass;org.apache.xml.serializer.CharInfo;org.apache.xml.serializer.ToHTMLStream.<init>;57;org.dacapo.harness.DacapoClassLoader;org.dacapo.harness.DacapoClassLoader
ClassLoader.loadClass;org.apache.xml.serializer.DOMSerializer;java.lang.ClassLoader.defineClass1;;org.dacapo.harness.DacapoClassLoader;org.dacapo.harness.DacapoClassLoader
ClassLoader.loadClass;org.apache.xml.serializer.ElemContext;org.apache.xml.serializer.SerializerBase.<init>;231;org.dacapo.harness.DacapoClassLoader;org.dacapo.harness.DacapoClassLoader
ClassLoader.loadClass;org.apache.xml.serializer.ElemDesc;org.apache.xml.serializer.ToHTMLStream.initTagReference;70;org.dacapo.harness.DacapoClassLoader;org.dacapo.harness.DacapoClassLoader
ClassLoader.loadClass;org.apache.xml.serializer.EncodingInfo$InEncoding;org.apache.xml.serializer.ToStream.<init>;76;org.dacapo.harness.DacapoClassLoader;org.dacapo.harness.DacapoClassLoader
ClassLoader.loadClass;org.apache.xml.serializer.EncodingInfo;org.apache.xml.serializer.ToStream.<init>;76;org.dacapo.harness.DacapoClassLoader;org.dacapo.harness.DacapoClassLoader
ClassLoader.loadClass;org.apache.xml.serializer.Encodings;org.apache.xml.serializer.ToStream.setProp;408;org.dacapo.harness.DacapoClassLoader;org.dacapo.harness.DacapoClassLoader
ClassLoader.loadClass;org.apache.xml.serializer.ExtendedContentHandler;java.lang.ClassLoader.defineClass1;;org.dacapo.harness.DacapoClassLoader;org.dacapo.harness.DacapoClassLoader
ClassLoader.loadClass;org.apache.xml.serializer.ExtendedLexicalHandler;java.lang.ClassLoader.defineClass1;;org.dacapo.harness.DacapoClassLoader;org.dacapo.harness.DacapoClassLoader
ClassLoader.loadClass;org.apache.xml.serializer.NamespaceMappings$MappingRecord;org.apache.xml.serializer.NamespaceMappings.initNamespaces;121;org.dacapo.harness.DacapoClassLoader;org.dacapo.harness.DacapoClassLoader
ClassLoader.loadClass;org.apache.xml.serializer.NamespaceMappings$Stack;org.apache.xml.serializer.NamespaceMappings.<init>;95;org.dacapo.harness.DacapoClassLoader;org.dacapo.harness.DacapoClassLoader
ClassLoader.loadClass;org.apache.xml.serializer.NamespaceMappings;org.apache.xml.serializer.ToHTMLStream.<init>;669;org.dacapo.harness.DacapoClassLoader;org.dacapo.harness.DacapoClassLoader
ClassLoader.loadClass;org.apache.xml.serializer.ObjectFactory$ConfigurationError;org.apache.xml.serializer.SerializerFactory.getSerializer;127;org.dacapo.harness.DacapoClassLoader;org.dacapo.harness.DacapoClassLoader
ClassLoader.loadClass;org.apache.xml.serializer.ObjectFactory;org.apache.xml.serializer.SerializerFactory.getSerializer;127;org.dacapo.harness.DacapoClassLoader;org.dacapo.harness.DacapoClassLoader
ClassLoader.loadClass;org.apache.xml.serializer.OutputPropertiesFactory$1;org.apache.xml.serializer.OutputPropertiesFactory.loadPropertiesFile;364;org.dacapo.harness.DacapoClassLoader;org.dacapo.harness.DacapoClassLoader
ClassLoader.loadClass;org.apache.xml.serializer.OutputPropertiesFactory;org.apache.xalan.templates.OutputProperties.<init>;84;org.dacapo.harness.DacapoClassLoader;org.dacapo.harness.DacapoClassLoader
ClassLoader.loadClass;org.apache.xml.serializer.OutputPropertyUtils;org.apache.xml.serializer.ToHTMLStream.setOutputFormat;577;org.dacapo.harness.DacapoClassLoader;org.dacapo.harness.DacapoClassLoader
ClassLoader.loadClass;org.apache.xml.serializer.SecuritySupport$1;org.apache.xml.serializer.SecuritySupport.getContextClassLoader;43;org.dacapo.harness.DacapoClassLoader;org.dacapo.harness.DacapoClassLoader
ClassLoader.loadClass;org.apache.xml.serializer.SecuritySupport$2;org.apache.xml.serializer.SecuritySupport.getSystemClassLoader;56;org.dacapo.harness.DacapoClassLoader;org.dacapo.harness.DacapoClassLoader
ClassLoader.loadClass;org.apache.xml.serializer.SecuritySupport$3;org.apache.xml.serializer.SecuritySupport.getParentClassLoader;69;org.dacapo.harness.DacapoClassLoader;org.dacapo.harness.DacapoClassLoader
ClassLoader.loadClass;org.apache.xml.serializer.SecuritySupport$4;org.apache.xml.serializer.SecuritySupport.getSystemProperty;85;org.dacapo.harness.DacapoClassLoader;org.dacapo.harness.DacapoClassLoader
ClassLoader.loadClass;org.apache.xml.serializer.SecuritySupport$6;org.apache.xml.serializer.SecuritySupport.getResourceAsStream;111;org.dacapo.harness.DacapoClassLoader;org.dacapo.harness.DacapoClassLoader
ClassLoader.loadClass;org.apache.xml.serializer.SecuritySupport;org.apache.xml.serializer.ToStream.<clinit>;111;org.dacapo.harness.DacapoClassLoader;org.dacapo.harness.DacapoClassLoader
ClassLoader.loadClass;org.apache.xml.serializer.SerializationHandler;java.lang.ClassLoader.defineClass1;;org.dacapo.harness.DacapoClassLoader;org.dacapo.harness.DacapoClassLoader
ClassLoader.loadClass;org.apache.xml.serializer.Serializer;java.lang.ClassLoader.defineClass1;;org.dacapo.harness.DacapoClassLoader;org.dacapo.harness.DacapoClassLoader
ClassLoader.loadClass;org.apache.xml.serializer.SerializerBase;org.apache.xml.serializer.OutputPropertiesFactory.<clinit>;189;org.dacapo.harness.DacapoClassLoader;org.dacapo.harness.DacapoClassLoader
ClassLoader.loadClass;org.apache.xml.serializer.SerializerConstants;java.lang.ClassLoader.defineClass1;;org.dacapo.harness.DacapoClassLoader;org.dacapo.harness.DacapoClassLoader
ClassLoader.loadClass;org.apache.xml.serializer.SerializerFactory;org.apache.xalan.transformer.TransformerImpl.createSerializationHandler;1174;org.dacapo.harness.DacapoClassLoader;org.dacapo.harness.DacapoClassLoader
ClassLoader.loadClass;org.apache.xml.serializer.SerializerTrace;java.lang.ClassLoader.defineClass1;;org.dacapo.harness.DacapoClassLoader;org.dacapo.harness.DacapoClassLoader
ClassLoader.loadClass;org.apache.xml.serializer.SerializerTraceWriter;java.lang.Class.forName0;;org.dacapo.harness.DacapoClassLoader;org.dacapo.harness.DacapoClassLoader
ClassLoader.loadClass;org.apache.xml.serializer.ToHTMLStream$Trie$Node;org.apache.xml.serializer.ToHTMLStream$Trie.<init>;2067;org.dacapo.harness.DacapoClassLoader;org.dacapo.harness.DacapoClassLoader
ClassLoader.loadClass;org.apache.xml.serializer.ToHTMLStream$Trie;org.apache.xml.serializer.ToHTMLStream.<clinit>;62;org.dacapo.harness.DacapoClassLoader;org.dacapo.harness.DacapoClassLoader
ClassLoader.loadClass;org.apache.xml.serializer.ToHTMLStream;org.apache.xml.serializer.ObjectFactory.findProviderClass;503;org.dacapo.harness.DacapoClassLoader;org.dacapo.harness.DacapoClassLoader
ClassLoader.loadClass;org.apache.xml.serializer.ToSAXHandler;java.lang.ClassLoader.defineClass1;;org.dacapo.harness.DacapoClassLoader;org.dacapo.harness.DacapoClassLoader
ClassLoader.loadClass;org.apache.xml.serializer.ToStream$BoolStack;org.apache.xml.serializer.ToStream.<init>;62;org.dacapo.harness.DacapoClassLoader;org.dacapo.harness.DacapoClassLoader
ClassLoader.loadClass;org.apache.xml.serializer.ToStream$WritertoStringBuffer;java.lang.Class.forName0;;org.dacapo.harness.DacapoClassLoader;org.dacapo.harness.DacapoClassLoader
ClassLoader.loadClass;org.apache.xml.serializer.ToStream;java.lang.ClassLoader.defineClass1;;org.dacapo.harness.DacapoClassLoader;org.dacapo.harness.DacapoClassLoader
ClassLoader.loadClass;org.apache.xml.serializer.ToTextStream;java.lang.Class.forName0;;org.dacapo.harness.DacapoClassLoader;org.dacapo.harness.DacapoClassLoader
ClassLoader.loadClass;org.apache.xml.serializer.ToXMLSAXHandler;org.apache.xalan.templates.StylesheetRoot.newTransformer;200;org.dacapo.harness.DacapoClassLoader;org.dacapo.harness.DacapoClassLoader
ClassLoader.loadClass;org.apache.xml.serializer.TransformStateSetter;java.lang.ClassLoader.defineClass1;;org.dacapo.harness.DacapoClassLoader;org.dacapo.harness.DacapoClassLoader
ClassLoader.loadClass;org.apache.xml.serializer.WriterChain;java.lang.ClassLoader.defineClass1;;org.dacapo.harness.DacapoClassLoader;org.dacapo.harness.DacapoClassLoader
ClassLoader.loadClass;org.apache.xml.serializer.WriterToASCI;java.lang.Class.forName0;;org.dacapo.harness.DacapoClassLoader;org.dacapo.harness.DacapoClassLoader
ClassLoader.loadClass;org.apache.xml.serializer.WriterToUTF8Buffered;java.lang.Class.forName0;;org.dacapo.harness.DacapoClassLoader;org.dacapo.harness.DacapoClassLoader
ClassLoader.loadClass;org.apache.xml.serializer.XSLOutputAttributes;java.lang.ClassLoader.defineClass1;;org.dacapo.harness.DacapoClassLoader;org.dacapo.harness.DacapoClassLoader
ClassLoader.loadClass;org.apache.xml.serializer.utils.StringToIntTable;org.apache.xml.serializer.ElemDesc.setAttr;160;org.dacapo.harness.DacapoClassLoader;org.dacapo.harness.DacapoClassLoader
ClassLoader.loadClass;org.apache.xml.serializer.utils.WrappedRuntimeException;org.apache.xalan.templates.OutputProperties.<init>;84;org.dacapo.harness.DacapoClassLoader;org.dacapo.harness.DacapoClassLoader
ClassLoader.loadClass;org.apache.xml.utils.BoolStack;org.apache.xalan.processor.StylesheetHandler.<init>;1605;org.dacapo.harness.DacapoClassLoader;org.dacapo.harness.DacapoClassLoader
ClassLoader.loadClass;org.apache.xml.utils.Context2;org.apache.xml.utils.NamespaceSupport2.reset;99;org.dacapo.harness.DacapoClassLoader;org.dacapo.harness.DacapoClassLoader
ClassLoader.loadClass;org.apache.xml.utils.DOM2Helper;java.lang.Class.getDeclaredConstructors0;;org.dacapo.harness.DacapoClassLoader;org.dacapo.harness.DacapoClassLoader
ClassLoader.loadClass;org.apache.xml.utils.DOMBuilder;org.apache.xalan.templates.StylesheetRoot.newTransformer;200;org.dacapo.harness.DacapoClassLoader;org.dacapo.harness.DacapoClassLoader
ClassLoader.loadClass;org.apache.xml.utils.DOMHelper;java.lang.Class.getDeclaredConstructors0;;org.dacapo.harness.DacapoClassLoader;org.dacapo.harness.DacapoClassLoader
ClassLoader.loadClass;org.apache.xml.utils.DefaultErrorHandler;org.apache.xalan.processor.TransformerFactoryImpl.<init>;999;org.dacapo.harness.DacapoClassLoader;org.dacapo.harness.DacapoClassLoader
ClassLoader.loadClass;org.apache.xml.utils.FastStringBuffer;org.apache.xalan.templates.AVT.<init>;188;org.dacapo.harness.DacapoClassLoader;org.dacapo.harness.DacapoClassLoader
ClassLoader.loadClass;org.apache.xml.utils.IntStack;org.apache.xalan.processor.XSLTElementProcessor.startElement;162;org.dacapo.harness.DacapoClassLoader;org.dacapo.harness.DacapoClassLoader
ClassLoader.loadClass;org.apache.xml.utils.IntVector;java.lang.ClassLoader.defineClass1;;org.dacapo.harness.DacapoClassLoader;org.dacapo.harness.DacapoClassLoader
ClassLoader.loadClass;org.apache.xml.utils.NamespaceSupport2;org.apache.xalan.processor.StylesheetHandler.pushNewNamespaceSupport;1549;org.dacapo.harness.DacapoClassLoader;org.dacapo.harness.DacapoClassLoader
ClassLoader.loadClass;org.apache.xml.utils.NodeConsumer;java.lang.ClassLoader.defineClass1;;org.dacapo.harness.DacapoClassLoader;org.dacapo.harness.DacapoClassLoader
ClassLoader.loadClass;org.apache.xml.utils.NodeVector;java.lang.Class.forName0;;org.dacapo.harness.DacapoClassLoader;org.dacapo.harness.DacapoClassLoader
ClassLoader.loadClass;org.apache.xml.utils.ObjectPool;org.apache.xalan.transformer.TransformerImpl.<init>;167;org.dacapo.harness.DacapoClassLoader;org.dacapo.harness.DacapoClassLoader
ClassLoader.loadClass;org.apache.xml.utils.ObjectStack;org.apache.xalan.transformer.TransformerImpl.<init>;203;org.dacapo.harness.DacapoClassLoader;org.dacapo.harness.DacapoClassLoader
ClassLoader.loadClass;org.apache.xml.utils.ObjectVector;org.apache.xpath.compiler.OpMap.<init>;75;org.dacapo.harness.DacapoClassLoader;org.dacapo.harness.DacapoClassLoader
ClassLoader.loadClass;org.apache.xml.utils.PrefixResolver;java.lang.ClassLoader.defineClass1;;org.dacapo.harness.DacapoClassLoader;org.dacapo.harness.DacapoClassLoader
ClassLoader.loadClass;org.apache.xml.utils.QName;org.apache.xalan.processor.XSLTSchema.build;82;org.dacapo.harness.DacapoClassLoader;org.dacapo.harness.DacapoClassLoader
ClassLoader.loadClass;org.apache.xml.utils.SAXSourceLocator;org.apache.xalan.processor.TransformerFactoryImpl.<init>;999;org.dacapo.harness.DacapoClassLoader;org.dacapo.harness.DacapoClassLoader
ClassLoader.loadClass;org.apache.xml.utils.StopParseException;java.lang.Class.getDeclaredConstructors0;;org.dacapo.harness.DacapoClassLoader;org.dacapo.harness.DacapoClassLoader
ClassLoader.loadClass;org.apache.xml.utils.StringBufferPool;org.apache.xalan.templates.ElemNumber.formatNumberList;1171;org.dacapo.harness.DacapoClassLoader;org.dacapo.harness.DacapoClassLoader
ClassLoader.loadClass;org.apache.xml.utils.StringToIntTable;org.apache.xalan.processor.XSLTAttributeDef.<init>;127;org.dacapo.harness.DacapoClassLoader;org.dacapo.harness.DacapoClassLoader
ClassLoader.loadClass;org.apache.xml.utils.StringVector;org.apache.xalan.processor.XSLTAttributeDef.processPREFIX_LIST;1273;org.dacapo.harness.DacapoClassLoader;org.dacapo.harness.DacapoClassLoader
ClassLoader.loadClass;org.apache.xml.utils.SuballocatedIntVector;org.apache.xml.dtm.ref.DTMDefaultBase.<init>;207;org.dacapo.harness.DacapoClassLoader;org.dacapo.harness.DacapoClassLoader
ClassLoader.loadClass;org.apache.xml.utils.SystemIDResolver;org.apache.xalan.processor.TransformerFactoryImpl.newTemplates;842;org.dacapo.harness.DacapoClassLoader;org.dacapo.harness.DacapoClassLoader
ClassLoader.loadClass;org.apache.xml.utils.URI$MalformedURIException;org.apache.xalan.processor.TransformerFactoryImpl.newTemplates;842;org.dacapo.harness.DacapoClassLoader;org.dacapo.harness.DacapoClassLoader
ClassLoader.loadClass;org.apache.xml.utils.UnImplNode;java.lang.ClassLoader.defineClass1;;org.dacapo.harness.DacapoClassLoader;org.dacapo.harness.DacapoClassLoader
ClassLoader.loadClass;org.apache.xml.utils.WrappedRuntimeException;java.lang.Class.forName0;;org.dacapo.harness.DacapoClassLoader;org.dacapo.harness.DacapoClassLoader
ClassLoader.loadClass;org.apache.xml.utils.XML11Char;org.apache.xalan.processor.XSLTAttributeDef.processNMTOKEN;809;org.dacapo.harness.DacapoClassLoader;org.dacapo.harness.DacapoClassLoader
ClassLoader.loadClass;org.apache.xml.utils.XMLCharacterRecognizer;org.apache.xalan.processor.StylesheetHandler.characters;696;org.dacapo.harness.DacapoClassLoader;org.dacapo.harness.DacapoClassLoader
ClassLoader.loadClass;org.apache.xml.utils.XMLReaderManager;org.apache.xml.dtm.ref.DTMManagerDefault.getXMLReader;607;org.dacapo.harness.DacapoClassLoader;org.dacapo.harness.DacapoClassLoader
ClassLoader.loadClass;org.apache.xml.utils.XMLString;java.lang.Class.forName0;;org.dacapo.harness.DacapoClassLoader;org.dacapo.harness.DacapoClassLoader
ClassLoader.loadClass;org.apache.xml.utils.XMLStringFactory;java.lang.ClassLoader.defineClass1;;org.dacapo.harness.DacapoClassLoader;org.dacapo.harness.DacapoClassLoader
ClassLoader.loadClass;org.apache.xml.utils.res.CharArrayWrapper;java.lang.Class.getDeclaredMethods0;;org.dacapo.harness.DacapoClassLoader;org.dacapo.harness.DacapoClassLoader
ClassLoader.loadClass;org.apache.xml.utils.res.XResourceBundle;java.lang.Class.getDeclaredMethods0;;org.dacapo.harness.DacapoClassLoader;org.dacapo.harness.DacapoClassLoader
ClassLoader.loadClass;org.apache.xml.utils.res.XResources_en;java.util.ResourceBundle$Control.newBundle0;3170;org.dacapo.harness.DacapoClassLoader;org.dacapo.harness.DacapoClassLoader
ClassLoader.loadClass;org.apache.xpath.Expression;java.lang.ClassLoader.defineClass1;;org.dacapo.harness.DacapoClassLoader;org.dacapo.harness.DacapoClassLoader
ClassLoader.loadClass;org.apache.xpath.ExpressionNode;java.lang.ClassLoader.defineClass1;;org.dacapo.harness.DacapoClassLoader;org.dacapo.harness.DacapoClassLoader
ClassLoader.loadClass;org.apache.xpath.ExpressionOwner;org.apache.xalan.processor.TransformerFactoryImpl.newTemplatesHandler;371;org.dacapo.harness.DacapoClassLoader;org.dacapo.harness.DacapoClassLoader
ClassLoader.loadClass;org.apache.xpath.ExtensionsProvider;java.lang.ClassLoader.defineClass1;;org.dacapo.harness.DacapoClassLoader;org.dacapo.harness.DacapoClassLoader
ClassLoader.loadClass;org.apache.xpath.NodeSetDTM;java.lang.Class.forName0;;org.dacapo.harness.DacapoClassLoader;org.dacapo.harness.DacapoClassLoader
ClassLoader.loadClass;org.apache.xpath.SourceTreeManager;org.apache.xpath.XPathContext.<init>;502;org.dacapo.harness.DacapoClassLoader;org.dacapo.harness.DacapoClassLoader
ClassLoader.loadClass;org.apache.xpath.VariableStack;org.apache.xpath.XPathContext.<init>;324;org.dacapo.harness.DacapoClassLoader;org.dacapo.harness.DacapoClassLoader
ClassLoader.loadClass;org.apache.xpath.WhitespaceStrippingElementMatcher;java.lang.ClassLoader.defineClass1;;org.dacapo.harness.DacapoClassLoader;org.dacapo.harness.DacapoClassLoader
ClassLoader.loadClass;org.apache.xpath.XPath;org.apache.xalan.templates.StylesheetRoot.<init>;91;org.dacapo.harness.DacapoClassLoader;org.dacapo.harness.DacapoClassLoader
ClassLoader.loadClass;org.apache.xpath.XPathContext$XPathExpressionContext;org.apache.xpath.XPathContext.<init>;1057;org.dacapo.harness.DacapoClassLoader;org.dacapo.harness.DacapoClassLoader
ClassLoader.loadClass;org.apache.xpath.XPathContext;java.lang.Class.getDeclaredMethods0;;org.dacapo.harness.DacapoClassLoader;org.dacapo.harness.DacapoClassLoader
ClassLoader.loadClass;org.apache.xpath.XPathException;java.lang.ClassLoader.defineClass1;;org.dacapo.harness.DacapoClassLoader;org.dacapo.harness.DacapoClassLoader
ClassLoader.loadClass;org.apache.xpath.XPathProcessorException;org.apache.xpath.XPath.<init>;174;org.dacapo.harness.DacapoClassLoader;org.dacapo.harness.DacapoClassLoader
ClassLoader.loadClass;org.apache.xpath.XPathVisitable;java.lang.ClassLoader.defineClass1;;org.dacapo.harness.DacapoClassLoader;org.dacapo.harness.DacapoClassLoader
ClassLoader.loadClass;org.apache.xpath.XPathVisitor;org.apache.xalan.processor.TransformerFactoryImpl.newTemplatesHandler;371;org.dacapo.harness.DacapoClassLoader;org.dacapo.harness.DacapoClassLoader
ClassLoader.loadClass;org.apache.xpath.axes.AttributeIterator;org.apache.xpath.compiler.Compiler.locationPath;646;org.dacapo.harness.DacapoClassLoader;org.dacapo.harness.DacapoClassLoader
ClassLoader.loadClass;org.apache.xpath.axes.AxesWalker;java.lang.ClassLoader.defineClass1;;org.dacapo.harness.DacapoClassLoader;org.dacapo.harness.DacapoClassLoader
ClassLoader.loadClass;org.apache.xpath.axes.BasicTestIterator;java.lang.ClassLoader.defineClass1;;org.dacapo.harness.DacapoClassLoader;org.dacapo.harness.DacapoClassLoader
ClassLoader.loadClass;org.apache.xpath.axes.ChildIterator;org.apache.xpath.compiler.Compiler.locationPath;646;org.dacapo.harness.DacapoClassLoader;org.dacapo.harness.DacapoClassLoader
ClassLoader.loadClass;org.apache.xpath.axes.ChildTestIterator;org.apache.xpath.compiler.Compiler.locationPath;646;org.dacapo.harness.DacapoClassLoader;org.dacapo.harness.DacapoClassLoader
ClassLoader.loadClass;org.apache.xpath.axes.DescendantIterator;org.apache.xpath.compiler.Compiler.locationPath;646;org.dacapo.harness.DacapoClassLoader;org.dacapo.harness.DacapoClassLoader
ClassLoader.loadClass;org.apache.xpath.axes.FilterExprIteratorSimple;org.apache.xpath.axes.FilterExprWalker.setRoot;131;org.dacapo.harness.DacapoClassLoader;org.dacapo.harness.DacapoClassLoader
ClassLoader.loadClass;org.apache.xpath.axes.FilterExprWalker$filterExprOwner;org.apache.xpath.axes.FilterExprWalker.callPredicateVisitors;326;org.dacapo.harness.DacapoClassLoader;org.dacapo.harness.DacapoClassLoader
ClassLoader.loadClass;org.apache.xpath.axes.FilterExprWalker;org.apache.xpath.compiler.Compiler.locationPath;646;org.dacapo.harness.DacapoClassLoader;org.dacapo.harness.DacapoClassLoader
ClassLoader.loadClass;org.apache.xpath.axes.HasPositionalPredChecker;org.apache.xpath.axes.UnionPathIterator.createUnionIterator;201;org.dacapo.harness.DacapoClassLoader;org.dacapo.harness.DacapoClassLoader
ClassLoader.loadClass;org.apache.xpath.axes.IteratorPool;org.apache.xpath.axes.LocPathIterator.<init>;937;org.dacapo.harness.DacapoClassLoader;org.dacapo.harness.DacapoClassLoader
ClassLoader.loadClass;org.apache.xpath.axes.LocPathIterator;org.apache.xpath.XPath.<init>;175;org.dacapo.harness.DacapoClassLoader;org.dacapo.harness.DacapoClassLoader
ClassLoader.loadClass;org.apache.xpath.axes.NodeSequence$IteratorCache;org.apache.xpath.axes.LocPathIterator.asIterator;267;org.dacapo.harness.DacapoClassLoader;org.dacapo.harness.DacapoClassLoader
ClassLoader.loadClass;org.apache.xpath.axes.NodeSequence;java.lang.ClassLoader.defineClass1;;org.dacapo.harness.DacapoClassLoader;org.dacapo.harness.DacapoClassLoader
ClassLoader.loadClass;org.apache.xpath.axes.OneStepIterator;org.apache.xpath.compiler.Compiler.locationPath;646;org.dacapo.harness.DacapoClassLoader;org.dacapo.harness.DacapoClassLoader
ClassLoader.loadClass;org.apache.xpath.axes.OneStepIteratorForward;org.apache.xpath.compiler.Compiler.locationPath;646;org.dacapo.harness.DacapoClassLoader;org.dacapo.harness.DacapoClassLoader
ClassLoader.loadClass;org.apache.xpath.axes.PathComponent;java.lang.ClassLoader.defineClass1;;org.dacapo.harness.DacapoClassLoader;org.dacapo.harness.DacapoClassLoader
ClassLoader.loadClass;org.apache.xpath.axes.PredicatedNodeTest$PredOwner;org.apache.xpath.axes.PredicatedNodeTest.callPredicateVisitors;555;org.dacapo.harness.DacapoClassLoader;org.dacapo.harness.DacapoClassLoader
ClassLoader.loadClass;org.apache.xpath.axes.PredicatedNodeTest;java.lang.ClassLoader.defineClass1;;org.dacapo.harness.DacapoClassLoader;org.dacapo.harness.DacapoClassLoader
ClassLoader.loadClass;org.apache.xpath.axes.ReverseAxesWalker;org.apache.xpath.compiler.Compiler.locationPath;646;org.dacapo.harness.DacapoClassLoader;org.dacapo.harness.DacapoClassLoader
ClassLoader.loadClass;org.apache.xpath.axes.SelfIteratorNoPredicate;org.apache.xpath.compiler.Compiler.locationPath;646;org.dacapo.harness.DacapoClassLoader;org.dacapo.harness.DacapoClassLoader
ClassLoader.loadClass;org.apache.xpath.axes.SubContextList;java.lang.ClassLoader.defineClass1;;org.dacapo.harness.DacapoClassLoader;org.dacapo.harness.DacapoClassLoader
ClassLoader.loadClass;org.apache.xpath.axes.UnionChildIterator;org.apache.xpath.compiler.Compiler.union;604;org.dacapo.harness.DacapoClassLoader;org.dacapo.harness.DacapoClassLoader
ClassLoader.loadClass;org.apache.xpath.axes.UnionPathIterator$iterOwner;org.apache.xpath.axes.UnionPathIterator.callVisitors;546;org.dacapo.harness.DacapoClassLoader;org.dacapo.harness.DacapoClassLoader
ClassLoader.loadClass;org.apache.xpath.axes.UnionPathIterator;org.apache.xpath.compiler.Compiler.union;604;org.dacapo.harness.DacapoClassLoader;org.dacapo.harness.DacapoClassLoader
ClassLoader.loadClass;org.apache.xpath.axes.WalkerFactory;org.apache.xpath.compiler.Compiler.locationPath;646;org.dacapo.harness.DacapoClassLoader;org.dacapo.harness.DacapoClassLoader
ClassLoader.loadClass;org.apache.xpath.axes.WalkingIterator;org.apache.xpath.compiler.Compiler.locationPath;646;org.dacapo.harness.DacapoClassLoader;org.dacapo.harness.DacapoClassLoader
ClassLoader.loadClass;org.apache.xpath.axes.WalkingIteratorSorted;org.apache.xpath.compiler.Compiler.locationPath;646;org.dacapo.harness.DacapoClassLoader;org.dacapo.harness.DacapoClassLoader
ClassLoader.loadClass;org.apache.xpath.compiler.Compiler;org.apache.xpath.XPath.<init>;174;org.dacapo.harness.DacapoClassLoader;org.dacapo.harness.DacapoClassLoader
ClassLoader.loadClass;org.apache.xpath.compiler.FunctionTable;org.apache.xalan.processor.StylesheetHandler.<init>;71;org.dacapo.harness.DacapoClassLoader;org.dacapo.harness.DacapoClassLoader
ClassLoader.loadClass;org.apache.xpath.compiler.Keywords;org.apache.xpath.compiler.XPathParser.getFunctionToken;721;org.dacapo.harness.DacapoClassLoader;org.dacapo.harness.DacapoClassLoader
ClassLoader.loadClass;org.apache.xpath.compiler.Lexer;org.apache.xpath.compiler.XPathParser.initXPath;110;org.dacapo.harness.DacapoClassLoader;org.dacapo.harness.DacapoClassLoader
ClassLoader.loadClass;org.apache.xpath.compiler.OpMap;org.apache.xpath.XPath.<init>;174;org.dacapo.harness.DacapoClassLoader;org.dacapo.harness.DacapoClassLoader
ClassLoader.loadClass;org.apache.xpath.compiler.OpMapVector;org.apache.xpath.compiler.Lexer.tokenize;122;org.dacapo.harness.DacapoClassLoader;org.dacapo.harness.DacapoClassLoader
ClassLoader.loadClass;org.apache.xpath.compiler.XPathParser;org.apache.xpath.XPath.<init>;174;org.dacapo.harness.DacapoClassLoader;org.dacapo.harness.DacapoClassLoader
ClassLoader.loadClass;org.apache.xpath.domapi.XPathStylesheetDOM3Exception;org.apache.xpath.XPath.<init>;174;org.dacapo.harness.DacapoClassLoader;org.dacapo.harness.DacapoClassLoader
ClassLoader.loadClass;org.apache.xpath.functions.FuncBoolean;java.lang.Class.forName0;;org.dacapo.harness.DacapoClassLoader;org.dacapo.harness.DacapoClassLoader
ClassLoader.loadClass;org.apache.xpath.functions.FuncCeiling;java.lang.Class.forName0;;org.dacapo.harness.DacapoClassLoader;org.dacapo.harness.DacapoClassLoader
ClassLoader.loadClass;org.apache.xpath.functions.FuncConcat;java.lang.Class.forName0;;org.dacapo.harness.DacapoClassLoader;org.dacapo.harness.DacapoClassLoader
ClassLoader.loadClass;org.apache.xpath.functions.FuncContains;java.lang.Class.forName0;;org.dacapo.harness.DacapoClassLoader;org.dacapo.harness.DacapoClassLoader
ClassLoader.loadClass;org.apache.xpath.functions.FuncCount;java.lang.Class.forName0;;org.dacapo.harness.DacapoClassLoader;org.dacapo.harness.DacapoClassLoader
ClassLoader.loadClass;org.apache.xpath.functions.FuncCurrent;java.lang.Class.forName0;;org.dacapo.harness.DacapoClassLoader;org.dacapo.harness.DacapoClassLoader
ClassLoader.loadClass;org.apache.xpath.functions.FuncDoclocation;java.lang.Class.forName0;;org.dacapo.harness.DacapoClassLoader;org.dacapo.harness.DacapoClassLoader
ClassLoader.loadClass;org.apache.xpath.functions.FuncExtElementAvailable;java.lang.Class.forName0;;org.dacapo.harness.DacapoClassLoader;org.dacapo.harness.DacapoClassLoader
ClassLoader.loadClass;org.apache.xpath.functions.FuncExtFunction;org.apache.xpath.XPath.<init>;175;org.dacapo.harness.DacapoClassLoader;org.dacapo.harness.DacapoClassLoader
ClassLoader.loadClass;org.apache.xpath.functions.FuncExtFunctionAvailable;java.lang.Class.forName0;;org.dacapo.harness.DacapoClassLoader;org.dacapo.harness.DacapoClassLoader
ClassLoader.loadClass;org.apache.xpath.functions.FuncFalse;java.lang.Class.forName0;;org.dacapo.harness.DacapoClassLoader;org.dacapo.harness.DacapoClassLoader
ClassLoader.loadClass;org.apache.xpath.functions.FuncFloor;java.lang.Class.forName0;;org.dacapo.harness.DacapoClassLoader;org.dacapo.harness.DacapoClassLoader
ClassLoader.loadClass;org.apache.xpath.functions.FuncGenerateId;java.lang.Class.forName0;;org.dacapo.harness.DacapoClassLoader;org.dacapo.harness.DacapoClassLoader
ClassLoader.loadClass;org.apache.xpath.functions.FuncId;java.lang.Class.forName0;;org.dacapo.harness.DacapoClassLoader;org.dacapo.harness.DacapoClassLoader
ClassLoader.loadClass;org.apache.xpath.functions.FuncLang;java.lang.Class.forName0;;org.dacapo.harness.DacapoClassLoader;org.dacapo.harness.DacapoClassLoader
ClassLoader.loadClass;org.apache.xpath.functions.FuncLast;java.lang.Class.forName0;;org.dacapo.harness.DacapoClassLoader;org.dacapo.harness.DacapoClassLoader
ClassLoader.loadClass;org.apache.xpath.functions.FuncLocalPart;java.lang.Class.forName0;;org.dacapo.harness.DacapoClassLoader;org.dacapo.harness.DacapoClassLoader
ClassLoader.loadClass;org.apache.xpath.functions.FuncNamespace;java.lang.Class.forName0;;org.dacapo.harness.DacapoClassLoader;org.dacapo.harness.DacapoClassLoader
ClassLoader.loadClass;org.apache.xpath.functions.FuncNormalizeSpace;java.lang.Class.forName0;;org.dacapo.harness.DacapoClassLoader;org.dacapo.harness.DacapoClassLoader
ClassLoader.loadClass;org.apache.xpath.functions.FuncNot;java.lang.Class.forName0;;org.dacapo.harness.DacapoClassLoader;org.dacapo.harness.DacapoClassLoader
ClassLoader.loadClass;org.apache.xpath.functions.FuncNumber;java.lang.Class.forName0;;org.dacapo.harness.DacapoClassLoader;org.dacapo.harness.DacapoClassLoader
ClassLoader.loadClass;org.apache.xpath.functions.FuncPosition;java.lang.Class.forName0;;org.dacapo.harness.DacapoClassLoader;org.dacapo.harness.DacapoClassLoader
ClassLoader.loadClass;org.apache.xpath.functions.FuncQname;java.lang.Class.forName0;;org.dacapo.harness.DacapoClassLoader;org.dacapo.harness.DacapoClassLoader
ClassLoader.loadClass;org.apache.xpath.functions.FuncRound;java.lang.Class.forName0;;org.dacapo.harness.DacapoClassLoader;org.dacapo.harness.DacapoClassLoader
ClassLoader.loadClass;org.apache.xpath.functions.FuncStartsWith;java.lang.Class.forName0;;org.dacapo.harness.DacapoClassLoader;org.dacapo.harness.DacapoClassLoader
ClassLoader.loadClass;org.apache.xpath.functions.FuncString;java.lang.Class.forName0;;org.dacapo.harness.DacapoClassLoader;org.dacapo.harness.DacapoClassLoader
ClassLoader.loadClass;org.apache.xpath.functions.FuncStringLength;java.lang.Class.forName0;;org.dacapo.harness.DacapoClassLoader;org.dacapo.harness.DacapoClassLoader
ClassLoader.loadClass;org.apache.xpath.functions.FuncSubstring;java.lang.Class.forName0;;org.dacapo.harness.DacapoClassLoader;org.dacapo.harness.DacapoClassLoader
ClassLoader.loadClass;org.apache.xpath.functions.FuncSubstringAfter;java.lang.Class.forName0;;org.dacapo.harness.DacapoClassLoader;org.dacapo.harness.DacapoClassLoader
ClassLoader.loadClass;org.apache.xpath.functions.FuncSubstringBefore;java.lang.Class.forName0;;org.dacapo.harness.DacapoClassLoader;org.dacapo.harness.DacapoClassLoader
ClassLoader.loadClass;org.apache.xpath.functions.FuncSum;java.lang.Class.forName0;;org.dacapo.harness.DacapoClassLoader;org.dacapo.harness.DacapoClassLoader
ClassLoader.loadClass;org.apache.xpath.functions.FuncSystemProperty;java.lang.Class.forName0;;org.dacapo.harness.DacapoClassLoader;org.dacapo.harness.DacapoClassLoader
ClassLoader.loadClass;org.apache.xpath.functions.FuncTranslate;java.lang.Class.forName0;;org.dacapo.harness.DacapoClassLoader;org.dacapo.harness.DacapoClassLoader
ClassLoader.loadClass;org.apache.xpath.functions.FuncTrue;java.lang.Class.forName0;;org.dacapo.harness.DacapoClassLoader;org.dacapo.harness.DacapoClassLoader
ClassLoader.loadClass;org.apache.xpath.functions.FuncUnparsedEntityURI;java.lang.Class.forName0;;org.dacapo.harness.DacapoClassLoader;org.dacapo.harness.DacapoClassLoader
ClassLoader.loadClass;org.apache.xpath.functions.Function2Args$Arg1Owner;org.apache.xpath.functions.Function2Args.callArgVisitors;159;org.dacapo.harness.DacapoClassLoader;org.dacapo.harness.DacapoClassLoader
ClassLoader.loadClass;org.apache.xpath.functions.Function2Args;java.lang.ClassLoader.defineClass1;;org.dacapo.harness.DacapoClassLoader;org.dacapo.harness.DacapoClassLoader
ClassLoader.loadClass;org.apache.xpath.functions.Function3Args;java.lang.ClassLoader.defineClass1;;org.dacapo.harness.DacapoClassLoader;org.dacapo.harness.DacapoClassLoader
ClassLoader.loadClass;org.apache.xpath.functions.Function;java.lang.ClassLoader.defineClass1;;org.dacapo.harness.DacapoClassLoader;org.dacapo.harness.DacapoClassLoader
ClassLoader.loadClass;org.apache.xpath.functions.FunctionDef1Arg;java.lang.ClassLoader.defineClass1;;org.dacapo.harness.DacapoClassLoader;org.dacapo.harness.DacapoClassLoader
ClassLoader.loadClass;org.apache.xpath.functions.FunctionMultiArgs;java.lang.ClassLoader.defineClass1;;org.dacapo.harness.DacapoClassLoader;org.dacapo.harness.DacapoClassLoader
ClassLoader.loadClass;org.apache.xpath.functions.FunctionOneArg;java.lang.ClassLoader.defineClass1;;org.dacapo.harness.DacapoClassLoader;org.dacapo.harness.DacapoClassLoader
ClassLoader.loadClass;org.apache.xpath.functions.WrongNumberArgsException;java.lang.Class.forName0;;org.dacapo.harness.DacapoClassLoader;org.dacapo.harness.DacapoClassLoader
ClassLoader.loadClass;org.apache.xpath.objects.Comparator;org.apache.xpath.axes.LocPathIterator.asIterator;267;org.dacapo.harness.DacapoClassLoader;org.dacapo.harness.DacapoClassLoader
ClassLoader.loadClass;org.apache.xpath.objects.EqualComparator;org.apache.xpath.axes.LocPathIterator.asIterator;267;org.dacapo.harness.DacapoClassLoader;org.dacapo.harness.DacapoClassLoader
ClassLoader.loadClass;org.apache.xpath.objects.GreaterThanComparator;org.apache.xpath.axes.LocPathIterator.asIterator;267;org.dacapo.harness.DacapoClassLoader;org.dacapo.harness.DacapoClassLoader
ClassLoader.loadClass;org.apache.xpath.objects.GreaterThanOrEqualComparator;org.apache.xpath.axes.LocPathIterator.asIterator;267;org.dacapo.harness.DacapoClassLoader;org.dacapo.harness.DacapoClassLoader
ClassLoader.loadClass;org.apache.xpath.objects.LessThanComparator;org.apache.xpath.axes.LocPathIterator.asIterator;267;org.dacapo.harness.DacapoClassLoader;org.dacapo.harness.DacapoClassLoader
ClassLoader.loadClass;org.apache.xpath.objects.LessThanOrEqualComparator;org.apache.xpath.axes.LocPathIterator.asIterator;267;org.dacapo.harness.DacapoClassLoader;org.dacapo.harness.DacapoClassLoader
ClassLoader.loadClass;org.apache.xpath.objects.NotEqualComparator;org.apache.xpath.axes.LocPathIterator.asIterator;267;org.dacapo.harness.DacapoClassLoader;org.dacapo.harness.DacapoClassLoader
ClassLoader.loadClass;org.apache.xpath.objects.XBoolean;java.lang.Class.forName0;;org.dacapo.harness.DacapoClassLoader;org.dacapo.harness.DacapoClassLoader
ClassLoader.loadClass;org.apache.xpath.objects.XBooleanStatic;org.apache.xpath.functions.FuncStartsWith.execute;45;org.dacapo.harness.DacapoClassLoader;org.dacapo.harness.DacapoClassLoader
ClassLoader.loadClass;org.apache.xpath.objects.XMLStringFactoryImpl;org.apache.xpath.XPathContext.<init>;103;org.dacapo.harness.DacapoClassLoader;org.dacapo.harness.DacapoClassLoader
ClassLoader.loadClass;org.apache.xpath.objects.XNodeSet;java.lang.Class.forName0;;org.dacapo.harness.DacapoClassLoader;org.dacapo.harness.DacapoClassLoader
ClassLoader.loadClass;org.apache.xpath.objects.XNumber;java.lang.Class.forName0;;org.dacapo.harness.DacapoClassLoader;org.dacapo.harness.DacapoClassLoader
ClassLoader.loadClass;org.apache.xpath.objects.XObject;java.lang.Class.forName0;;org.dacapo.harness.DacapoClassLoader;org.dacapo.harness.DacapoClassLoader
ClassLoader.loadClass;org.apache.xpath.objects.XRTreeFrag;java.lang.Class.forName0;;org.dacapo.harness.DacapoClassLoader;org.dacapo.harness.DacapoClassLoader
ClassLoader.loadClass;org.apache.xpath.objects.XRTreeFragSelectWrapper;java.lang.Class.forName0;;org.dacapo.harness.DacapoClassLoader;org.dacapo.harness.DacapoClassLoader
ClassLoader.loadClass;org.apache.xpath.objects.XString;java.lang.Class.forName0;;org.dacapo.harness.DacapoClassLoader;org.dacapo.harness.DacapoClassLoader
ClassLoader.loadClass;org.apache.xpath.operations.And;org.apache.xpath.XPath.<init>;175;org.dacapo.harness.DacapoClassLoader;org.dacapo.harness.DacapoClassLoader
ClassLoader.loadClass;org.apache.xpath.operations.Bool;org.apache.xpath.XPath.<init>;175;org.dacapo.harness.DacapoClassLoader;org.dacapo.harness.DacapoClassLoader
ClassLoader.loadClass;org.apache.xpath.operations.Div;org.apache.xpath.XPath.<init>;175;org.dacapo.harness.DacapoClassLoader;org.dacapo.harness.DacapoClassLoader
ClassLoader.loadClass;org.apache.xpath.operations.Equals;org.apache.xpath.XPath.<init>;175;org.dacapo.harness.DacapoClassLoader;org.dacapo.harness.DacapoClassLoader
ClassLoader.loadClass;org.apache.xpath.operations.Gt;org.apache.xpath.XPath.<init>;175;org.dacapo.harness.DacapoClassLoader;org.dacapo.harness.DacapoClassLoader
ClassLoader.loadClass;org.apache.xpath.operations.Gte;org.apache.xpath.XPath.<init>;175;org.dacapo.harness.DacapoClassLoader;org.dacapo.harness.DacapoClassLoader
ClassLoader.loadClass;org.apache.xpath.operations.Lt;org.apache.xpath.XPath.<init>;175;org.dacapo.harness.DacapoClassLoader;org.dacapo.harness.DacapoClassLoader
ClassLoader.loadClass;org.apache.xpath.operations.Lte;org.apache.xpath.XPath.<init>;175;org.dacapo.harness.DacapoClassLoader;org.dacapo.harness.DacapoClassLoader
ClassLoader.loadClass;org.apache.xpath.operations.Minus;org.apache.xpath.XPath.<init>;175;org.dacapo.harness.DacapoClassLoader;org.dacapo.harness.DacapoClassLoader
ClassLoader.loadClass;org.apache.xpath.operations.Mod;org.apache.xpath.XPath.<init>;175;org.dacapo.harness.DacapoClassLoader;org.dacapo.harness.DacapoClassLoader
ClassLoader.loadClass;org.apache.xpath.operations.Mult;org.apache.xpath.XPath.<init>;175;org.dacapo.harness.DacapoClassLoader;org.dacapo.harness.DacapoClassLoader
ClassLoader.loadClass;org.apache.xpath.operations.Neg;org.apache.xpath.XPath.<init>;175;org.dacapo.harness.DacapoClassLoader;org.dacapo.harness.DacapoClassLoader
ClassLoader.loadClass;org.apache.xpath.operations.NotEquals;org.apache.xpath.XPath.<init>;175;org.dacapo.harness.DacapoClassLoader;org.dacapo.harness.DacapoClassLoader
ClassLoader.loadClass;org.apache.xpath.operations.Number;org.apache.xpath.XPath.<init>;175;org.dacapo.harness.DacapoClassLoader;org.dacapo.harness.DacapoClassLoader
ClassLoader.loadClass;org.apache.xpath.operations.Operation$LeftExprOwner;org.apache.xpath.operations.Operation.callVisitors;174;org.dacapo.harness.DacapoClassLoader;org.dacapo.harness.DacapoClassLoader
ClassLoader.loadClass;org.apache.xpath.operations.Operation;org.apache.xpath.XPath.<init>;175;org.dacapo.harness.DacapoClassLoader;org.dacapo.harness.DacapoClassLoader
ClassLoader.loadClass;org.apache.xpath.operations.Or;org.apache.xpath.XPath.<init>;175;org.dacapo.harness.DacapoClassLoader;org.dacapo.harness.DacapoClassLoader
ClassLoader.loadClass;org.apache.xpath.operations.Plus;org.apache.xpath.XPath.<init>;175;org.dacapo.harness.DacapoClassLoader;org.dacapo.harness.DacapoClassLoader
ClassLoader.loadClass;org.apache.xpath.operations.Quo;org.apache.xpath.axes.HasPositionalPredChecker.visitPredicate;101;org.dacapo.harness.DacapoClassLoader;org.dacapo.harness.DacapoClassLoader
ClassLoader.loadClass;org.apache.xpath.operations.String;org.apache.xpath.XPath.<init>;175;org.dacapo.harness.DacapoClassLoader;org.dacapo.harness.DacapoClassLoader
ClassLoader.loadClass;org.apache.xpath.operations.UnaryOperation;org.apache.xpath.XPath.<init>;175;org.dacapo.harness.DacapoClassLoader;org.dacapo.harness.DacapoClassLoader
ClassLoader.loadClass;org.apache.xpath.operations.Variable;org.apache.xpath.XPath.<init>;175;org.dacapo.harness.DacapoClassLoader;org.dacapo.harness.DacapoClassLoader
ClassLoader.loadClass;org.apache.xpath.patterns.ContextMatchStepPattern;org.apache.xpath.compiler.Compiler.locationPath;646;org.dacapo.harness.DacapoClassLoader;org.dacapo.harness.DacapoClassLoader
ClassLoader.loadClass;org.apache.xpath.patterns.FunctionPattern;org.apache.xpath.XPath.<init>;175;org.dacapo.harness.DacapoClassLoader;org.dacapo.harness.DacapoClassLoader
ClassLoader.loadClass;org.apache.xpath.patterns.NodeTest;java.lang.ClassLoader.defineClass1;;org.dacapo.harness.DacapoClassLoader;org.dacapo.harness.DacapoClassLoader
ClassLoader.loadClass;org.apache.xpath.patterns.StepPattern$PredOwner;org.apache.xpath.patterns.StepPattern.callSubtreeVisitors;986;org.dacapo.harness.DacapoClassLoader;org.dacapo.harness.DacapoClassLoader
ClassLoader.loadClass;org.apache.xpath.patterns.StepPattern;java.lang.ClassLoader.defineClass1;;org.dacapo.harness.DacapoClassLoader;org.dacapo.harness.DacapoClassLoader
ClassLoader.loadClass;org.apache.xpath.patterns.UnionPattern$UnionPathPartOwner;org.apache.xpath.patterns.UnionPattern.callVisitors;183;org.dacapo.harness.DacapoClassLoader;org.dacapo.harness.DacapoClassLoader
ClassLoader.loadClass;org.apache.xpath.patterns.UnionPattern;org.apache.xpath.XPath.<init>;175;org.dacapo.harness.DacapoClassLoader;org.dacapo.harness.DacapoClassLoader
ClassLoader.loadClass;org.dacapo.harness.Benchmark;org.dacapo.harness.TestHarness.main;108;jdk.internal.loader.ClassLoaders$AppClassLoader;jdk.internal.loader.ClassLoaders$AppClassLoader
ClassLoader.loadClass;org.dacapo.harness.Callback$1;org.dacapo.harness.Callback.init;80;jdk.internal.loader.ClassLoaders$AppClassLoader;jdk.internal.loader.ClassLoaders$AppClassLoader
ClassLoader.loadClass;org.dacapo.harness.Callback$Mode;org.dacapo.harness.Callback.init;83;jdk.internal.loader.ClassLoaders$AppClassLoader;jdk.internal.loader.ClassLoaders$AppClassLoader
ClassLoader.loadClass;org.dacapo.harness.Callback;org.dacapo.harness.CommandLineArgs.defineCallback;460;jdk.internal.loader.ClassLoaders$AppClassLoader;jdk.internal.loader.ClassLoaders$AppClassLoader
ClassLoader.loadClass;org.dacapo.harness.CommandLineArgs$Methodology;org.dacapo.harness.CommandLineArgs.getMethodology;311;jdk.internal.loader.ClassLoaders$AppClassLoader;jdk.internal.loader.ClassLoaders$AppClassLoader
ClassLoader.loadClass;org.dacapo.harness.CommandLineArgs;org.dacapo.harness.TestHarness.main;101;jdk.internal.loader.ClassLoaders$AppClassLoader;jdk.internal.loader.ClassLoaders$AppClassLoader
ClassLoader.loadClass;org.dacapo.harness.DacapoClassLoader;org.dacapo.harness.TestHarness.main;108;jdk.internal.loader.ClassLoaders$AppClassLoader;jdk.internal.loader.ClassLoaders$AppClassLoader
ClassLoader.loadClass;org.dacapo.harness.DacapoException;org.dacapo.harness.TestHarness.main;108;jdk.internal.loader.ClassLoaders$AppClassLoader;jdk.internal.loader.ClassLoaders$AppClassLoader
ClassLoader.loadClass;org.dacapo.harness.Data;org.dacapo.harness.TestHarness.main;105;jdk.internal.loader.ClassLoaders$AppClassLoader;jdk.internal.loader.ClassLoaders$AppClassLoader
ClassLoader.loadClass;org.dacapo.harness.Digest;org.dacapo.harness.FileDigest.getText;84;jdk.internal.loader.ClassLoaders$AppClassLoader;jdk.internal.loader.ClassLoaders$AppClassLoader
ClassLoader.loadClass;org.dacapo.harness.FileDigest;org.dacapo.harness.Benchmark.validate;640;jdk.internal.loader.ClassLoaders$AppClassLoader;jdk.internal.loader.ClassLoaders$AppClassLoader
ClassLoader.loadClass;org.dacapo.harness.LatencyReporter;org.dacapo.harness.Benchmark.run;272;jdk.internal.loader.ClassLoaders$AppClassLoader;jdk.internal.loader.ClassLoaders$AppClassLoader
ClassLoader.loadClass;org.dacapo.harness.TeeOutputStream;org.dacapo.harness.Benchmark.initialize;316;jdk.internal.loader.ClassLoaders$AppClassLoader;jdk.internal.loader.ClassLoaders$AppClassLoader
ClassLoader.loadClass;org.dacapo.harness.TeePrintStream;org.dacapo.harness.TestHarness.main;108;jdk.internal.loader.ClassLoaders$AppClassLoader;jdk.internal.loader.ClassLoaders$AppClassLoader
ClassLoader.loadClass;org.dacapo.harness.TestHarness;Harness.main;35;java.net.FactoryURLClassLoader;jdk.internal.loader.ClassLoaders$AppClassLoader
ClassLoader.loadClass;org.dacapo.harness.Xalan;java.lang.Class.forName0;;jdk.internal.loader.ClassLoaders$AppClassLoader;jdk.internal.loader.ClassLoaders$AppClassLoader
ClassLoader.loadClass;org.dacapo.parser.Config$1;org.dacapo.parser.Config.getThreadCount;736;jdk.internal.loader.ClassLoaders$AppClassLoader;jdk.internal.loader.ClassLoaders$AppClassLoader
ClassLoader.loadClass;org.dacapo.parser.Config$OutputFile;org.dacapo.parser.Config$Size.addOutputFile;133;jdk.internal.loader.ClassLoaders$AppClassLoader;jdk.internal.loader.ClassLoaders$AppClassLoader
ClassLoader.loadClass;org.dacapo.parser.Config$Size;org.dacapo.parser.Config.addSize;327;jdk.internal.loader.ClassLoaders$AppClassLoader;jdk.internal.loader.ClassLoaders$AppClassLoader
ClassLoader.loadClass;org.dacapo.parser.Config$ThreadModel;org.dacapo.parser.ConfigFile.threadModel;387;jdk.internal.loader.ClassLoaders$AppClassLoader;jdk.internal.loader.ClassLoaders$AppClassLoader
ClassLoader.loadClass;org.dacapo.parser.Config;org.dacapo.harness.TestHarness.main;110;jdk.internal.loader.ClassLoaders$AppClassLoader;jdk.internal.loader.ClassLoaders$AppClassLoader
ClassLoader.loadClass;org.dacapo.parser.ConfigFile;org.dacapo.parser.Config.parse;213;jdk.internal.loader.ClassLoaders$AppClassLoader;jdk.internal.loader.ClassLoaders$AppClassLoader
ClassLoader.loadClass;org.dacapo.parser.ConfigFileConstants;java.lang.ClassLoader.defineClass1;;jdk.internal.loader.ClassLoaders$AppClassLoader;jdk.internal.loader.ClassLoaders$AppClassLoader
ClassLoader.loadClass;org.dacapo.parser.ConfigFileTokenManager;org.dacapo.parser.ConfigFile.<init>;531;jdk.internal.loader.ClassLoaders$AppClassLoader;jdk.internal.loader.ClassLoaders$AppClassLoader
ClassLoader.loadClass;org.dacapo.parser.ParseException;org.dacapo.harness.TestHarness.main;110;jdk.internal.loader.ClassLoaders$AppClassLoader;jdk.internal.loader.ClassLoaders$AppClassLoader
ClassLoader.loadClass;org.dacapo.parser.SimpleCharStream;org.dacapo.parser.ConfigFile.<init>;530;jdk.internal.loader.ClassLoaders$AppClassLoader;jdk.internal.loader.ClassLoaders$AppClassLoader
ClassLoader.loadClass;org.dacapo.parser.Token;org.dacapo.parser.ConfigFile.<init>;532;jdk.internal.loader.ClassLoaders$AppClassLoader;jdk.internal.loader.ClassLoaders$AppClassLoader
ClassLoader.loadClass;org.dacapo.parser.TokenMgrError;org.dacapo.parser.ConfigFile.<init>;531;jdk.internal.loader.ClassLoaders$AppClassLoader;jdk.internal.loader.ClassLoaders$AppClassLoader
ClassLoader.loadClass;org.dacapo.xalan.XSLTBench$XalanWorker;org.dacapo.xalan.XSLTBench.createWorkers;98;org.dacapo.harness.DacapoClassLoader;org.dacapo.harness.DacapoClassLoader
ClassLoader.loadClass;org.dacapo.xalan.XSLTBench;java.lang.Class.forName0;;org.dacapo.harness.DacapoClassLoader;org.dacapo.harness.DacapoClassLoader
ClassLoader.loadClass;org.w3c.dom.Attr;java.lang.ClassLoader.defineClass1;;org.dacapo.harness.DacapoClassLoader;org.dacapo.harness.DacapoClassLoader
ClassLoader.loadClass;org.w3c.dom.CharacterData;java.lang.ClassLoader.defineClass1;;org.dacapo.harness.DacapoClassLoader;org.dacapo.harness.DacapoClassLoader
ClassLoader.loadClass;org.w3c.dom.Comment;java.lang.ClassLoader.defineClass1;;org.dacapo.harness.DacapoClassLoader;org.dacapo.harness.DacapoClassLoader
ClassLoader.loadClass;org.w3c.dom.DOMException;org.apache.xalan.processor.XSLTSchema.build;325;org.dacapo.harness.DacapoClassLoader;org.dacapo.harness.DacapoClassLoader
ClassLoader.loadClass;org.w3c.dom.DOMImplementation;org.apache.xml.dtm.ref.DTMDefaultBase.getNode;2218;org.dacapo.harness.DacapoClassLoader;org.dacapo.harness.DacapoClassLoader
ClassLoader.loadClass;org.w3c.dom.Document;java.lang.ClassLoader.defineClass1;;org.dacapo.harness.DacapoClassLoader;org.dacapo.harness.DacapoClassLoader
ClassLoader.loadClass;org.w3c.dom.DocumentFragment;java.lang.ClassLoader.defineClass1;;org.dacapo.harness.DacapoClassLoader;org.dacapo.harness.DacapoClassLoader
ClassLoader.loadClass;org.w3c.dom.Element;java.lang.ClassLoader.defineClass1;;org.dacapo.harness.DacapoClassLoader;org.dacapo.harness.DacapoClassLoader
ClassLoader.loadClass;org.w3c.dom.NamedNodeMap;java.lang.Class.forName0;;org.dacapo.harness.DacapoClassLoader;org.dacapo.harness.DacapoClassLoader
ClassLoader.loadClass;org.w3c.dom.Node;java.lang.ClassLoader.defineClass1;;org.dacapo.harness.DacapoClassLoader;org.dacapo.harness.DacapoClassLoader
ClassLoader.loadClass;org.w3c.dom.NodeList;java.lang.ClassLoader.defineClass1;;org.dacapo.harness.DacapoClassLoader;org.dacapo.harness.DacapoClassLoader
ClassLoader.loadClass;org.w3c.dom.ProcessingInstruction;java.lang.ClassLoader.defineClass1;;org.dacapo.harness.DacapoClassLoader;org.dacapo.harness.DacapoClassLoader
ClassLoader.loadClass;org.w3c.dom.Text;java.lang.ClassLoader.defineClass1;;org.dacapo.harness.DacapoClassLoader;org.dacapo.harness.DacapoClassLoader
ClassLoader.loadClass;org.w3c.dom.traversal.NodeIterator;org.apache.xpath.XPathContext.<init>;1057;org.dacapo.harness.DacapoClassLoader;org.dacapo.harness.DacapoClassLoader
ClassLoader.loadClass;org.xml.sax.AttributeList;org.apache.xerces.jaxp.SAXParserImpl.<init>;;org.dacapo.harness.DacapoClassLoader;org.dacapo.harness.DacapoClassLoader
ClassLoader.loadClass;org.xml.sax.Attributes;org.apache.xalan.processor.XSLTSchema.build;325;org.dacapo.harness.DacapoClassLoader;org.dacapo.harness.DacapoClassLoader
ClassLoader.loadClass;org.xml.sax.ContentHandler;java.lang.Class.getDeclaredConstructors0;;org.dacapo.harness.DacapoClassLoader;org.dacapo.harness.DacapoClassLoader
ClassLoader.loadClass;org.xml.sax.DTDHandler;java.lang.ClassLoader.defineClass1;;org.dacapo.harness.DacapoClassLoader;org.dacapo.harness.DacapoClassLoader
ClassLoader.loadClass;org.xml.sax.DocumentHandler;org.apache.xerces.jaxp.SAXParserFactoryImpl.newSAXParser;;org.dacapo.harness.DacapoClassLoader;org.dacapo.harness.DacapoClassLoader
ClassLoader.loadClass;org.xml.sax.EntityResolver;java.lang.ClassLoader.defineClass1;;org.dacapo.harness.DacapoClassLoader;org.dacapo.harness.DacapoClassLoader
ClassLoader.loadClass;org.xml.sax.ErrorHandler;java.lang.ClassLoader.defineClass1;;org.dacapo.harness.DacapoClassLoader;org.dacapo.harness.DacapoClassLoader
ClassLoader.loadClass;org.xml.sax.InputSource;java.lang.Class.getDeclaredConstructors0;;org.dacapo.harness.DacapoClassLoader;org.dacapo.harness.DacapoClassLoader
ClassLoader.loadClass;org.xml.sax.Locator;java.lang.ClassLoader.defineClass1;;org.dacapo.harness.DacapoClassLoader;org.dacapo.harness.DacapoClassLoader
ClassLoader.loadClass;org.xml.sax.Parser;org.apache.xerces.jaxp.SAXParserFactoryImpl.newSAXParser;;org.dacapo.harness.DacapoClassLoader;org.dacapo.harness.DacapoClassLoader
ClassLoader.loadClass;org.xml.sax.SAXException;java.lang.Class.getDeclaredConstructors0;;org.dacapo.harness.DacapoClassLoader;org.dacapo.harness.DacapoClassLoader
ClassLoader.loadClass;org.xml.sax.SAXNotRecognizedException;java.lang.Class.getDeclaredConstructors0;;org.dacapo.harness.DacapoClassLoader;org.dacapo.harness.DacapoClassLoader
ClassLoader.loadClass;org.xml.sax.SAXNotSupportedException;java.lang.Class.getDeclaredConstructors0;;org.dacapo.harness.DacapoClassLoader;org.dacapo.harness.DacapoClassLoader
ClassLoader.loadClass;org.xml.sax.SAXParseException;org.apache.xalan.processor.TransformerFactoryImpl.<init>;999;org.dacapo.harness.DacapoClassLoader;org.dacapo.harness.DacapoClassLoader
ClassLoader.loadClass;org.xml.sax.XMLFilter;java.lang.Class.getDeclaredConstructors0;;org.dacapo.harness.DacapoClassLoader;org.dacapo.harness.DacapoClassLoader
ClassLoader.loadClass;org.xml.sax.XMLReader;java.lang.ClassLoader.defineClass1;;org.dacapo.harness.DacapoClassLoader;org.dacapo.harness.DacapoClassLoader
ClassLoader.loadClass;org.xml.sax.ext.Attributes2;java.lang.ClassLoader.defineClass1;;org.dacapo.harness.DacapoClassLoader;org.dacapo.harness.DacapoClassLoader
ClassLoader.loadClass;org.xml.sax.ext.DeclHandler;java.lang.ClassLoader.defineClass1;;org.dacapo.harness.DacapoClassLoader;org.dacapo.harness.DacapoClassLoader
ClassLoader.loadClass;org.xml.sax.ext.LexicalHandler;java.lang.ClassLoader.defineClass1;;org.dacapo.harness.DacapoClassLoader;org.dacapo.harness.DacapoClassLoader
ClassLoader.loadClass;org.xml.sax.ext.Locator2;java.lang.ClassLoader.defineClass1;;org.dacapo.harness.DacapoClassLoader;org.dacapo.harness.DacapoClassLoader
ClassLoader.loadClass;org.xml.sax.helpers.AttributesImpl;java.lang.ClassLoader.defineClass1;;org.dacapo.harness.DacapoClassLoader;org.dacapo.harness.DacapoClassLoader
ClassLoader.loadClass;org.xml.sax.helpers.DefaultHandler;java.lang.ClassLoader.defineClass1;;org.dacapo.harness.DacapoClassLoader;org.dacapo.harness.DacapoClassLoader
ClassLoader.loadClass;org.xml.sax.helpers.LocatorImpl;java.lang.ClassLoader.defineClass1;;org.dacapo.harness.DacapoClassLoader;org.dacapo.harness.DacapoClassLoader
ClassLoader.loadClass;org.xml.sax.helpers.NamespaceSupport;java.lang.ClassLoader.defineClass1;;org.dacapo.harness.DacapoClassLoader;org.dacapo.harness.DacapoClassLoader
ClassLoader.loadClass;org.xml.sax.helpers.NewInstance;org.xml.sax.helpers.XMLReaderFactory.createXMLReader;;org.dacapo.harness.DacapoClassLoader;org.dacapo.harness.DacapoClassLoader
ClassLoader.loadClass;org.xml.sax.helpers.SecuritySupport12$1;org.xml.sax.helpers.SecuritySupport12.getContextClassLoader;;org.dacapo.harness.DacapoClassLoader;org.dacapo.harness.DacapoClassLoader
ClassLoader.loadClass;org.xml.sax.helpers.SecuritySupport12$2;org.xml.sax.helpers.SecuritySupport12.getSystemProperty;;org.dacapo.harness.DacapoClassLoader;org.dacapo.harness.DacapoClassLoader
ClassLoader.loadClass;org.xml.sax.helpers.SecuritySupport12$4;org.xml.sax.helpers.SecuritySupport12.getResourceAsStream;;org.dacapo.harness.DacapoClassLoader;org.dacapo.harness.DacapoClassLoader
ClassLoader.loadClass;org.xml.sax.helpers.SecuritySupport12;org.xml.sax.helpers.XMLReaderFactory.createXMLReader;;org.dacapo.harness.DacapoClassLoader;org.dacapo.harness.DacapoClassLoader
ClassLoader.loadClass;org.xml.sax.helpers.SecuritySupport;org.xml.sax.helpers.XMLReaderFactory.createXMLReader;;org.dacapo.harness.DacapoClassLoader;org.dacapo.harness.DacapoClassLoader
ClassLoader.loadClass;org.xml.sax.helpers.XMLReaderFactory;org.apache.xml.utils.XMLReaderManager.getXMLReader;105;org.dacapo.harness.DacapoClassLoader;org.dacapo.harness.DacapoClassLoader
