ClassLoader.loadClass;Harness;java.lang.Class.forName0;;jdk.internal.loader.ClassLoaders$AppClassLoader;jdk.internal.loader.ClassLoaders$AppClassLoader
ClassLoader.loadClass;com.fasterxml.jackson.core.JsonParser;org.apache.logging.log4j.util.LoaderUtil.loadClass;169;org.dacapo.harness.DacapoClassLoader;org.dacapo.harness.DacapoClassLoader
ClassLoader.loadClass;com.fasterxml.jackson.core.ObjectCodec;java.lang.ClassLoader.defineClass1;;org.dacapo.harness.DacapoClassLoader;org.dacapo.harness.DacapoClassLoader
ClassLoader.loadClass;com.fasterxml.jackson.core.TreeCodec;java.lang.ClassLoader.defineClass1;;org.dacapo.harness.DacapoClassLoader;org.dacapo.harness.DacapoClassLoader
ClassLoader.loadClass;com.fasterxml.jackson.core.TreeNode;java.lang.ClassLoader.defineClass1;;org.dacapo.harness.DacapoClassLoader;org.dacapo.harness.DacapoClassLoader
ClassLoader.loadClass;com.fasterxml.jackson.core.Versioned;java.lang.ClassLoader.defineClass1;;org.dacapo.harness.DacapoClassLoader;org.dacapo.harness.DacapoClassLoader
ClassLoader.loadClass;com.fasterxml.jackson.databind.JsonNode;org.apache.logging.log4j.util.LoaderUtil.loadClass;169;org.dacapo.harness.DacapoClassLoader;org.dacapo.harness.DacapoClassLoader
ClassLoader.loadClass;com.fasterxml.jackson.databind.JsonSerializable$Base;java.lang.ClassLoader.defineClass1;;org.dacapo.harness.DacapoClassLoader;org.dacapo.harness.DacapoClassLoader
ClassLoader.loadClass;com.fasterxml.jackson.databind.JsonSerializable;java.lang.ClassLoader.defineClass1;;org.dacapo.harness.DacapoClassLoader;org.dacapo.harness.DacapoClassLoader
ClassLoader.loadClass;com.fasterxml.jackson.databind.ObjectMapper;org.apache.logging.log4j.util.LoaderUtil.loadClass;169;org.dacapo.harness.DacapoClassLoader;org.dacapo.harness.DacapoClassLoader
ClassLoader.loadClass;com.sun.org.apache.xerces.internal.jaxp.DocumentBuilderFactoryImpl;java.lang.Class.forName0;;org.dacapo.harness.DacapoClassLoader;BootstrapClassLoader
ClassLoader.loadClass;com.sun.org.apache.xerces.internal.jaxp.datatype.DatatypeFactoryImpl;java.lang.Class.forName0;;java.net.FactoryURLClassLoader;BootstrapClassLoader
ClassLoader.loadClass;java.beans.PropertyChangeEvent;org.apache.logging.log4j.core.LoggerContext.updateLoggers;742;org.dacapo.harness.DacapoClassLoader;BootstrapClassLoader
ClassLoader.loadClass;java.beans.PropertyChangeListener;java.lang.ClassLoader.defineClass1;;org.dacapo.harness.DacapoClassLoader;BootstrapClassLoader
ClassLoader.loadClass;java.io.BufferedInputStream;org.apache.logging.log4j.core.config.plugins.util.PluginRegistry.decodeCacheFiles;160;org.dacapo.harness.DacapoClassLoader;BootstrapClassLoader
ClassLoader.loadClass;java.io.BufferedInputStream;org.dacapo.harness.TestHarness.main;108;jdk.internal.loader.ClassLoaders$AppClassLoader;BootstrapClassLoader
ClassLoader.loadClass;java.io.BufferedOutputStream;jdk.nio.zipfs.ZipFileSystemProvider.getZipFileSystem;125;jdk.internal.loader.ClassLoaders$PlatformClassLoader;BootstrapClassLoader
ClassLoader.loadClass;java.io.BufferedOutputStream;org.apache.logging.log4j.core.config.plugins.util.PluginRegistry.decodeCacheFiles;160;org.dacapo.harness.DacapoClassLoader;BootstrapClassLoader
ClassLoader.loadClass;java.io.BufferedReader;org.dacapo.harness.Benchmark.getDeps;358;jdk.internal.loader.ClassLoaders$AppClassLoader;BootstrapClassLoader
ClassLoader.loadClass;java.io.BufferedWriter;org.dacapo.harness.TestHarness.main;108;jdk.internal.loader.ClassLoaders$AppClassLoader;BootstrapClassLoader
ClassLoader.loadClass;java.io.ByteArrayInputStream;jdk.nio.zipfs.ZipFileSystemProvider.getZipFileSystem;125;jdk.internal.loader.ClassLoaders$PlatformClassLoader;BootstrapClassLoader
ClassLoader.loadClass;java.io.ByteArrayInputStream;org.apache.logging.log4j.core.config.NullConfiguration.<init>;32;org.dacapo.harness.DacapoClassLoader;BootstrapClassLoader
ClassLoader.loadClass;java.io.ByteArrayOutputStream;org.apache.logging.log4j.spi.CopyOnWriteSortedArrayThreadContextMap.<clinit>;56;org.dacapo.harness.DacapoClassLoader;BootstrapClassLoader
ClassLoader.loadClass;java.io.Closeable;java.lang.ClassLoader.defineClass1;;org.dacapo.harness.DacapoClassLoader;BootstrapClassLoader
ClassLoader.loadClass;java.io.DataInputStream;org.apache.logging.log4j.core.config.plugins.processor.PluginCache.loadCacheFiles;97;org.dacapo.harness.DacapoClassLoader;BootstrapClassLoader
ClassLoader.loadClass;java.io.File;org.biojava.nbio.aaproperties.CommandPrompt.readInputAndGenerateOutput;81;org.dacapo.harness.DacapoClassLoader;BootstrapClassLoader
ClassLoader.loadClass;java.io.FileInputStream;java.lang.Class.forName0;;org.dacapo.harness.DacapoClassLoader;BootstrapClassLoader
ClassLoader.loadClass;java.io.FileInputStream;java.lang.Class.getDeclaredMethods0;;jdk.internal.loader.ClassLoaders$AppClassLoader;BootstrapClassLoader
ClassLoader.loadClass;java.io.FileNotFoundException;java.lang.Class.getDeclaredMethods0;;jdk.internal.loader.ClassLoaders$AppClassLoader;BootstrapClassLoader
ClassLoader.loadClass;java.io.FileNotFoundException;org.apache.logging.log4j.core.config.NullConfiguration.<init>;32;org.dacapo.harness.DacapoClassLoader;BootstrapClassLoader
ClassLoader.loadClass;java.io.FileOutputStream;org.apache.logging.log4j.core.config.AbstractConfiguration.setToDefault;730;org.dacapo.harness.DacapoClassLoader;BootstrapClassLoader
ClassLoader.loadClass;java.io.FileOutputStream;org.dacapo.harness.TestHarness.main;108;jdk.internal.loader.ClassLoaders$AppClassLoader;BootstrapClassLoader
ClassLoader.loadClass;java.io.FileReader;org.dacapo.harness.TestHarness.main;105;jdk.internal.loader.ClassLoaders$AppClassLoader;BootstrapClassLoader
ClassLoader.loadClass;java.io.FileWriter;org.dacapo.harness.TestHarness.main;105;jdk.internal.loader.ClassLoaders$AppClassLoader;BootstrapClassLoader
ClassLoader.loadClass;java.io.FilterOutputStream;java.lang.ClassLoader.defineClass1;;jdk.internal.loader.ClassLoaders$AppClassLoader;BootstrapClassLoader
ClassLoader.loadClass;java.io.FilterOutputStream;java.lang.ClassLoader.defineClass2;;jdk.internal.loader.ClassLoaders$PlatformClassLoader;BootstrapClassLoader
ClassLoader.loadClass;java.io.IOException;java.lang.Class.getDeclaredMethods0;;jdk.internal.loader.ClassLoaders$PlatformClassLoader;BootstrapClassLoader
ClassLoader.loadClass;java.io.IOException;org.biojava.nbio.core.sequence.io.FastaReader.<clinit>;46;org.dacapo.harness.DacapoClassLoader;BootstrapClassLoader
ClassLoader.loadClass;java.io.InputStream;java.lang.Class.forName0;;org.dacapo.harness.DacapoClassLoader;BootstrapClassLoader
ClassLoader.loadClass;java.io.InputStream;java.lang.Class.getDeclaredMethods0;;jdk.internal.loader.ClassLoaders$AppClassLoader;BootstrapClassLoader
ClassLoader.loadClass;java.io.InputStream;java.lang.Class.getDeclaredMethods0;;jdk.internal.loader.ClassLoaders$PlatformClassLoader;BootstrapClassLoader
ClassLoader.loadClass;java.io.InputStreamReader;org.biojava.nbio.aaproperties.CommandPrompt.readInputFile;199;org.dacapo.harness.DacapoClassLoader;BootstrapClassLoader
ClassLoader.loadClass;java.io.InputStreamReader;org.dacapo.harness.TestHarness.main;101;jdk.internal.loader.ClassLoaders$AppClassLoader;BootstrapClassLoader
ClassLoader.loadClass;java.io.InvalidObjectException;org.apache.logging.log4j.spi.CopyOnWriteSortedArrayThreadContextMap.<clinit>;56;org.dacapo.harness.DacapoClassLoader;BootstrapClassLoader
ClassLoader.loadClass;java.io.ObjectInputFilter$FilterInfo;java.lang.Class.getDeclaredMethods0;;org.dacapo.harness.DacapoClassLoader;BootstrapClassLoader
ClassLoader.loadClass;java.io.ObjectInputFilter$Status;java.lang.Class.getDeclaredMethods0;;org.dacapo.harness.DacapoClassLoader;BootstrapClassLoader
ClassLoader.loadClass;java.io.ObjectInputFilter;java.lang.ClassLoader.defineClass1;;org.dacapo.harness.DacapoClassLoader;BootstrapClassLoader
ClassLoader.loadClass;java.io.ObjectInputStream;org.apache.logging.log4j.spi.CopyOnWriteSortedArrayThreadContextMap.<clinit>;56;org.dacapo.harness.DacapoClassLoader;BootstrapClassLoader
ClassLoader.loadClass;java.io.OutputStream;java.lang.Class.getDeclaredMethods0;;jdk.internal.loader.ClassLoaders$PlatformClassLoader;BootstrapClassLoader
ClassLoader.loadClass;java.io.OutputStream;org.apache.logging.log4j.core.config.plugins.util.PluginRegistry.decodeCacheFiles;160;org.dacapo.harness.DacapoClassLoader;BootstrapClassLoader
ClassLoader.loadClass;java.io.OutputStream;org.dacapo.harness.TestHarness.main;108;jdk.internal.loader.ClassLoaders$AppClassLoader;BootstrapClassLoader
ClassLoader.loadClass;java.io.PrintStream;org.biojava.nbio.aaproperties.CommandPrompt.readInputAndGenerateOutput;81;org.dacapo.harness.DacapoClassLoader;BootstrapClassLoader
ClassLoader.loadClass;java.io.PrintStream;org.dacapo.harness.TestHarness.main;108;jdk.internal.loader.ClassLoaders$AppClassLoader;BootstrapClassLoader
ClassLoader.loadClass;java.io.Reader;org.biojava.nbio.aaproperties.CommandPrompt.readInputFile;199;org.dacapo.harness.DacapoClassLoader;BootstrapClassLoader
ClassLoader.loadClass;java.io.Reader;org.dacapo.harness.TestHarness.main;101;jdk.internal.loader.ClassLoaders$AppClassLoader;BootstrapClassLoader
ClassLoader.loadClass;java.io.Serializable;java.lang.ClassLoader.defineClass1;;jdk.internal.loader.ClassLoaders$AppClassLoader;BootstrapClassLoader
ClassLoader.loadClass;java.io.Serializable;java.lang.ClassLoader.defineClass1;;org.dacapo.harness.DacapoClassLoader;BootstrapClassLoader
ClassLoader.loadClass;java.io.StreamCorruptedException;org.apache.logging.log4j.spi.CopyOnWriteSortedArrayThreadContextMap.<clinit>;56;org.dacapo.harness.DacapoClassLoader;BootstrapClassLoader
ClassLoader.loadClass;java.io.StringWriter;org.apache.logging.log4j.core.pattern.PatternParser.parse;207;org.dacapo.harness.DacapoClassLoader;BootstrapClassLoader
ClassLoader.loadClass;java.io.UnsupportedEncodingException;org.apache.logging.log4j.core.config.AbstractConfiguration.setToDefault;730;org.dacapo.harness.DacapoClassLoader;BootstrapClassLoader
ClassLoader.loadClass;java.io.UnsupportedEncodingException;org.dacapo.parser.Config.parse;213;jdk.internal.loader.ClassLoaders$AppClassLoader;BootstrapClassLoader
ClassLoader.loadClass;java.io.Writer;org.apache.logging.log4j.core.pattern.PatternParser.parse;207;org.dacapo.harness.DacapoClassLoader;BootstrapClassLoader
ClassLoader.loadClass;java.io.Writer;org.dacapo.harness.TestHarness.main;105;jdk.internal.loader.ClassLoaders$AppClassLoader;BootstrapClassLoader
ClassLoader.loadClass;java.lang.AbstractMethodError;org.apache.logging.log4j.core.config.xml.XmlConfigurationFactory.getConfiguration;46;org.dacapo.harness.DacapoClassLoader;BootstrapClassLoader
ClassLoader.loadClass;java.lang.Appendable;jdk.nio.zipfs.ZipFileSystem.getFileAttributes;550;jdk.internal.loader.ClassLoaders$PlatformClassLoader;BootstrapClassLoader
ClassLoader.loadClass;java.lang.Appendable;org.apache.logging.log4j.core.pattern.DatePatternConverter.createFormatter;194;org.dacapo.harness.DacapoClassLoader;BootstrapClassLoader
ClassLoader.loadClass;java.lang.AssertionError;jdk.nio.zipfs.ZipFileSystem.<init>;1646;jdk.internal.loader.ClassLoaders$PlatformClassLoader;BootstrapClassLoader
ClassLoader.loadClass;java.lang.AssertionError;org.dacapo.harness.TestHarness.main;101;jdk.internal.loader.ClassLoaders$AppClassLoader;BootstrapClassLoader
ClassLoader.loadClass;java.lang.AutoCloseable;java.lang.ClassLoader.defineClass1;;org.dacapo.harness.DacapoClassLoader;BootstrapClassLoader
ClassLoader.loadClass;java.lang.Boolean;jdk.nio.zipfs.ZipFileSystem.lambda$static$0;87;jdk.internal.loader.ClassLoaders$PlatformClassLoader;BootstrapClassLoader
ClassLoader.loadClass;java.lang.Boolean;org.apache.logging.log4j.util.LoaderUtil.isIgnoreTccl;262;org.dacapo.harness.DacapoClassLoader;BootstrapClassLoader
ClassLoader.loadClass;java.lang.Boolean;org.dacapo.harness.Benchmark.getDeps;386;jdk.internal.loader.ClassLoaders$AppClassLoader;BootstrapClassLoader
ClassLoader.loadClass;java.lang.Byte;java.lang.Class.forName0;;org.dacapo.harness.DacapoClassLoader;BootstrapClassLoader
ClassLoader.loadClass;java.lang.Byte;jdk.nio.zipfs.ZipConstants.SH;184;jdk.internal.loader.ClassLoaders$PlatformClassLoader;BootstrapClassLoader
ClassLoader.loadClass;java.lang.CharSequence;java.lang.Class.forName0;;org.dacapo.harness.DacapoClassLoader;BootstrapClassLoader
ClassLoader.loadClass;java.lang.CharSequence;java.lang.Class.getDeclaredMethods0;;jdk.internal.loader.ClassLoaders$AppClassLoader;BootstrapClassLoader
ClassLoader.loadClass;java.lang.CharSequence;jdk.nio.zipfs.ZipFileSystemProvider.getZipFileSystem;125;jdk.internal.loader.ClassLoaders$PlatformClassLoader;BootstrapClassLoader
ClassLoader.loadClass;java.lang.Character;org.apache.commons.cli.OptionValidator.isValidChar;33;jdk.internal.loader.ClassLoaders$AppClassLoader;BootstrapClassLoader
ClassLoader.loadClass;java.lang.Character;org.biojava.nbio.aaproperties.CommandPrompt.run;138;org.dacapo.harness.DacapoClassLoader;BootstrapClassLoader
ClassLoader.loadClass;java.lang.Class;java.lang.Class.getDeclaredMethods0;;jdk.internal.loader.ClassLoaders$PlatformClassLoader;BootstrapClassLoader
ClassLoader.loadClass;java.lang.Class;org.slf4j.LoggerFactory.getLogger;388;org.dacapo.harness.DacapoClassLoader;BootstrapClassLoader
ClassLoader.loadClass;java.lang.ClassCastException;org.apache.logging.log4j.core.pattern.SimpleLiteralPatternConverter.of;37;org.dacapo.harness.DacapoClassLoader;BootstrapClassLoader
ClassLoader.loadClass;java.lang.ClassLoader;java.lang.Class.getDeclaredMethods0;;jdk.internal.loader.ClassLoaders$AppClassLoader;BootstrapClassLoader
ClassLoader.loadClass;java.lang.ClassLoader;org.biojava.nbio.core.sequence.io.FastaReader.<clinit>;46;org.dacapo.harness.DacapoClassLoader;BootstrapClassLoader
ClassLoader.loadClass;java.lang.ClassNotFoundException;java.lang.Class.getDeclaredMethods0;;jdk.internal.loader.ClassLoaders$AppClassLoader;BootstrapClassLoader
ClassLoader.loadClass;java.lang.ClassNotFoundException;org.apache.logging.log4j.util.PropertyFilePropertySource.loadPropertiesFile;37;org.dacapo.harness.DacapoClassLoader;BootstrapClassLoader
ClassLoader.loadClass;java.lang.CloneNotSupportedException;org.apache.logging.log4j.status.StatusLogger.<init>;136;org.dacapo.harness.DacapoClassLoader;BootstrapClassLoader
ClassLoader.loadClass;java.lang.CloneNotSupportedException;org.dacapo.harness.CommandLineArgs.makeOption;482;jdk.internal.loader.ClassLoaders$AppClassLoader;BootstrapClassLoader
ClassLoader.loadClass;java.lang.Cloneable;java.lang.ClassLoader.defineClass1;;jdk.internal.loader.ClassLoaders$AppClassLoader;BootstrapClassLoader
ClassLoader.loadClass;java.lang.Cloneable;java.lang.ClassLoader.defineClass1;;org.dacapo.harness.DacapoClassLoader;BootstrapClassLoader
ClassLoader.loadClass;java.lang.Comparable;java.lang.ClassLoader.defineClass1;;org.dacapo.harness.DacapoClassLoader;BootstrapClassLoader
ClassLoader.loadClass;java.lang.Deprecated;java.lang.Class.forName0;;org.dacapo.harness.DacapoClassLoader;BootstrapClassLoader
ClassLoader.loadClass;java.lang.Double;java.lang.Class.forName0;;org.dacapo.harness.DacapoClassLoader;BootstrapClassLoader
ClassLoader.loadClass;java.lang.Enum;java.lang.ClassLoader.defineClass1;;jdk.internal.loader.ClassLoaders$AppClassLoader;BootstrapClassLoader
ClassLoader.loadClass;java.lang.Enum;java.lang.ClassLoader.defineClass1;;org.dacapo.harness.DacapoClassLoader;BootstrapClassLoader
ClassLoader.loadClass;java.lang.Error;java.lang.Class.forName0;;org.dacapo.harness.DacapoClassLoader;BootstrapClassLoader
ClassLoader.loadClass;java.lang.Error;org.dacapo.parser.Config.parse;213;jdk.internal.loader.ClassLoaders$AppClassLoader;BootstrapClassLoader
ClassLoader.loadClass;java.lang.Exception;java.lang.Class.getDeclaredMethods0;;jdk.internal.loader.ClassLoaders$AppClassLoader;BootstrapClassLoader
ClassLoader.loadClass;java.lang.Exception;java.lang.Class.getDeclaredMethods0;;org.dacapo.harness.DacapoClassLoader;BootstrapClassLoader
ClassLoader.loadClass;java.lang.Exception;jdk.nio.zipfs.ZipFileSystemProvider.getZipFileSystem;125;jdk.internal.loader.ClassLoaders$PlatformClassLoader;BootstrapClassLoader
ClassLoader.loadClass;java.lang.Float;org.biojava.nbio.aaproperties.xml.CaseFreeAminoAcidCompoundSet.<init>;47;org.dacapo.harness.DacapoClassLoader;BootstrapClassLoader
ClassLoader.loadClass;java.lang.IllegalAccessException;java.lang.Class.getDeclaredMethods0;;jdk.internal.loader.ClassLoaders$AppClassLoader;BootstrapClassLoader
ClassLoader.loadClass;java.lang.IllegalAccessException;java.lang.Class.getDeclaredMethods0;;jdk.internal.loader.ClassLoaders$PlatformClassLoader;BootstrapClassLoader
ClassLoader.loadClass;java.lang.IllegalAccessException;org.apache.logging.slf4j.Log4jLoggerFactory.<clinit>;35;org.dacapo.harness.DacapoClassLoader;BootstrapClassLoader
ClassLoader.loadClass;java.lang.IllegalArgumentException;java.lang.Class.getDeclaredMethods0;;jdk.internal.loader.ClassLoaders$PlatformClassLoader;BootstrapClassLoader
ClassLoader.loadClass;java.lang.IllegalArgumentException;org.apache.commons.cli.Option.<init>;387;jdk.internal.loader.ClassLoaders$AppClassLoader;BootstrapClassLoader
ClassLoader.loadClass;java.lang.IllegalArgumentException;org.biojava.nbio.aaproperties.CommandPrompt.readInputFile;186;org.dacapo.harness.DacapoClassLoader;BootstrapClassLoader
ClassLoader.loadClass;java.lang.IllegalStateException;jdk.nio.zipfs.ZipPath.newDirectoryStream;755;jdk.internal.loader.ClassLoaders$PlatformClassLoader;BootstrapClassLoader
ClassLoader.loadClass;java.lang.IllegalStateException;org.biojava.nbio.core.sequence.io.FastaReader.<clinit>;46;org.dacapo.harness.DacapoClassLoader;BootstrapClassLoader
ClassLoader.loadClass;java.lang.IncompatibleClassChangeError;org.apache.logging.log4j.core.config.xml.XmlConfigurationFactory.getConfiguration;46;org.dacapo.harness.DacapoClassLoader;BootstrapClassLoader
ClassLoader.loadClass;java.lang.IndexOutOfBoundsException;org.biojava.nbio.core.sequence.io.FastaReader.<init>;70;org.dacapo.harness.DacapoClassLoader;BootstrapClassLoader
ClassLoader.loadClass;java.lang.InheritableThreadLocal;java.lang.ClassLoader.defineClass1;;org.dacapo.harness.DacapoClassLoader;BootstrapClassLoader
ClassLoader.loadClass;java.lang.InstantiationException;java.lang.Class.getDeclaredMethods0;;jdk.internal.loader.ClassLoaders$AppClassLoader;BootstrapClassLoader
ClassLoader.loadClass;java.lang.InstantiationException;java.lang.Class.getDeclaredMethods0;;jdk.internal.loader.ClassLoaders$PlatformClassLoader;BootstrapClassLoader
ClassLoader.loadClass;java.lang.InstantiationException;org.apache.logging.slf4j.Log4jLoggerFactory.<clinit>;35;org.dacapo.harness.DacapoClassLoader;BootstrapClassLoader
ClassLoader.loadClass;java.lang.Integer;org.apache.logging.log4j.util.PropertySource$Comparator.compare;93;org.dacapo.harness.DacapoClassLoader;BootstrapClassLoader
ClassLoader.loadClass;java.lang.Integer;org.dacapo.harness.CommandLineArgs.getIterations;331;jdk.internal.loader.ClassLoaders$AppClassLoader;BootstrapClassLoader
ClassLoader.loadClass;java.lang.InternalError;java.lang.Class.getDeclaredMethods0;;jdk.internal.loader.ClassLoaders$PlatformClassLoader;BootstrapClassLoader
ClassLoader.loadClass;java.lang.InternalError;org.apache.logging.log4j.core.lookup.Interpolator.<init>;81;org.dacapo.harness.DacapoClassLoader;BootstrapClassLoader
ClassLoader.loadClass;java.lang.InterruptedException;org.apache.logging.log4j.LogManager.<clinit>;90;org.dacapo.harness.DacapoClassLoader;BootstrapClassLoader
ClassLoader.loadClass;java.lang.Iterable;java.lang.ClassLoader.defineClass1;;org.dacapo.harness.DacapoClassLoader;BootstrapClassLoader
ClassLoader.loadClass;java.lang.Iterable;jdk.nio.zipfs.ZipFileSystemProvider.getZipFileSystem;125;jdk.internal.loader.ClassLoaders$PlatformClassLoader;BootstrapClassLoader
ClassLoader.loadClass;java.lang.Iterable;org.dacapo.harness.TestHarness.main;101;jdk.internal.loader.ClassLoaders$AppClassLoader;BootstrapClassLoader
ClassLoader.loadClass;java.lang.LinkageError;org.apache.logging.log4j.util.PropertyFilePropertySource.loadPropertiesFile;37;org.dacapo.harness.DacapoClassLoader;BootstrapClassLoader
ClassLoader.loadClass;java.lang.Long;java.lang.Class.forName0;;org.dacapo.harness.DacapoClassLoader;BootstrapClassLoader
ClassLoader.loadClass;java.lang.Math;org.apache.logging.log4j.core.layout.AbstractStringLayout.<clinit>;118;org.dacapo.harness.DacapoClassLoader;BootstrapClassLoader
ClassLoader.loadClass;java.lang.NoClassDefFoundError;org.biojava.nbio.core.sequence.io.FastaReader.<clinit>;46;org.dacapo.harness.DacapoClassLoader;BootstrapClassLoader
ClassLoader.loadClass;java.lang.NoSuchFieldError;org.biojava.nbio.core.sequence.io.FastaReader.<clinit>;46;org.dacapo.harness.DacapoClassLoader;BootstrapClassLoader
ClassLoader.loadClass;java.lang.NoSuchFieldError;org.dacapo.harness.Callback.init;80;jdk.internal.loader.ClassLoaders$AppClassLoader;BootstrapClassLoader
ClassLoader.loadClass;java.lang.NoSuchFieldException;org.apache.logging.slf4j.Log4jLoggerFactory.<clinit>;35;org.dacapo.harness.DacapoClassLoader;BootstrapClassLoader
ClassLoader.loadClass;java.lang.NoSuchMethodError;org.biojava.nbio.core.sequence.io.FastaReader.<clinit>;46;org.dacapo.harness.DacapoClassLoader;BootstrapClassLoader
ClassLoader.loadClass;java.lang.NoSuchMethodException;java.lang.Class.getDeclaredMethods0;;jdk.internal.loader.ClassLoaders$AppClassLoader;BootstrapClassLoader
ClassLoader.loadClass;java.lang.NoSuchMethodException;org.apache.logging.log4j.util.PropertyFilePropertySource.loadPropertiesFile;37;org.dacapo.harness.DacapoClassLoader;BootstrapClassLoader
ClassLoader.loadClass;java.lang.NullPointerException;java.lang.Class.getDeclaredMethods0;;jdk.internal.loader.ClassLoaders$PlatformClassLoader;BootstrapClassLoader
ClassLoader.loadClass;java.lang.NullPointerException;org.apache.logging.log4j.core.util.datetime.FastDateFormat.<clinit>;105;org.dacapo.harness.DacapoClassLoader;BootstrapClassLoader
ClassLoader.loadClass;java.lang.NumberFormatException;jdk.nio.zipfs.ZipFileSystemProvider.getZipFileSystem;125;jdk.internal.loader.ClassLoaders$PlatformClassLoader;BootstrapClassLoader
ClassLoader.loadClass;java.lang.NumberFormatException;org.apache.logging.log4j.core.pattern.SimpleLiteralPatternConverter.of;37;org.dacapo.harness.DacapoClassLoader;BootstrapClassLoader
ClassLoader.loadClass;java.lang.NumberFormatException;org.dacapo.harness.TestHarness.main;108;jdk.internal.loader.ClassLoaders$AppClassLoader;BootstrapClassLoader
ClassLoader.loadClass;java.lang.Object;java.lang.Class.getDeclaredMethods0;;jdk.internal.loader.ClassLoaders$PlatformClassLoader;BootstrapClassLoader
ClassLoader.loadClass;java.lang.Object;java.lang.ClassLoader.defineClass1;;org.dacapo.harness.DacapoClassLoader;BootstrapClassLoader
ClassLoader.loadClass;java.lang.Package;org.apache.logging.log4j.core.Version.getProductString;31;org.dacapo.harness.DacapoClassLoader;BootstrapClassLoader
ClassLoader.loadClass;java.lang.ReflectiveOperationException;java.lang.Class.getDeclaredMethods0;;jdk.internal.loader.ClassLoaders$PlatformClassLoader;BootstrapClassLoader
ClassLoader.loadClass;java.lang.ReflectiveOperationException;org.apache.logging.slf4j.Log4jLoggerFactory.<clinit>;35;org.dacapo.harness.DacapoClassLoader;BootstrapClassLoader
ClassLoader.loadClass;java.lang.Runnable;java.lang.ClassLoader.defineClass1;;org.dacapo.harness.DacapoClassLoader;BootstrapClassLoader
ClassLoader.loadClass;java.lang.Runtime;org.apache.logging.log4j.core.util.DefaultShutdownCallbackRegistry.addShutdownHook;166;org.dacapo.harness.DacapoClassLoader;BootstrapClassLoader
ClassLoader.loadClass;java.lang.RuntimeException;java.lang.Class.getDeclaredMethods0;;jdk.internal.loader.ClassLoaders$AppClassLoader;BootstrapClassLoader
ClassLoader.loadClass;java.lang.RuntimeException;java.lang.ClassLoader.defineClass1;;org.dacapo.harness.DacapoClassLoader;BootstrapClassLoader
ClassLoader.loadClass;java.lang.RuntimePermission;org.apache.logging.log4j.util.PropertyFilePropertySource.loadPropertiesFile;37;org.dacapo.harness.DacapoClassLoader;BootstrapClassLoader
ClassLoader.loadClass;java.lang.SecurityException;org.slf4j.LoggerFactory.<clinit>;93;org.dacapo.harness.DacapoClassLoader;BootstrapClassLoader
ClassLoader.loadClass;java.lang.Short;java.lang.Class.forName0;;org.dacapo.harness.DacapoClassLoader;BootstrapClassLoader
ClassLoader.loadClass;java.lang.StackWalker$Option;org.apache.logging.log4j.util.StackLocator.<clinit>;31;org.dacapo.harness.DacapoClassLoader;BootstrapClassLoader
ClassLoader.loadClass;java.lang.StackWalker$StackFrame;org.apache.logging.log4j.util.StackLocator.lambda$getCallerClass$2;57;org.dacapo.harness.DacapoClassLoader;BootstrapClassLoader
ClassLoader.loadClass;java.lang.StackWalker;org.apache.logging.log4j.util.StackLocator.<clinit>;31;org.dacapo.harness.DacapoClassLoader;BootstrapClassLoader
ClassLoader.loadClass;java.lang.String;java.lang.Class.getDeclaredMethods0;;jdk.internal.loader.ClassLoaders$PlatformClassLoader;BootstrapClassLoader
ClassLoader.loadClass;java.lang.String;java.lang.Class.getDeclaredMethods0;;org.dacapo.harness.DacapoClassLoader;BootstrapClassLoader
ClassLoader.loadClass;java.lang.StringBuffer;org.biojava.nbio.core.sequence.io.GenericFastaHeaderParser.getHeaderValues;75;org.dacapo.harness.DacapoClassLoader;BootstrapClassLoader
ClassLoader.loadClass;java.lang.StringBuffer;org.dacapo.harness.Digest.toString;44;jdk.internal.loader.ClassLoaders$AppClassLoader;BootstrapClassLoader
ClassLoader.loadClass;java.lang.StringBuilder;org.apache.logging.log4j.util.SystemPropertiesPropertySource.getNormalForm;68;org.dacapo.harness.DacapoClassLoader;BootstrapClassLoader
ClassLoader.loadClass;java.lang.StringBuilder;org.dacapo.harness.Data.<clinit>;39;jdk.internal.loader.ClassLoaders$AppClassLoader;BootstrapClassLoader
ClassLoader.loadClass;java.lang.System;Harness.makeHarnessClassLoader;51;jdk.internal.loader.ClassLoaders$AppClassLoader;BootstrapClassLoader
ClassLoader.loadClass;java.lang.System;jdk.nio.zipfs.ZipFileSystem.lambda$static$0;87;jdk.internal.loader.ClassLoaders$PlatformClassLoader;BootstrapClassLoader
ClassLoader.loadClass;java.lang.System;org.slf4j.helpers.Util.safeGetSystemProperty;45;org.dacapo.harness.DacapoClassLoader;BootstrapClassLoader
ClassLoader.loadClass;java.lang.Thread;org.apache.logging.log4j.util.LoaderUtil$ThreadContextClassLoaderGetter.run;99;org.dacapo.harness.DacapoClassLoader;BootstrapClassLoader
ClassLoader.loadClass;java.lang.ThreadLocal;jdk.nio.zipfs.ZipFileSystem$IndexNode.<clinit>;2593;jdk.internal.loader.ClassLoaders$PlatformClassLoader;BootstrapClassLoader
ClassLoader.loadClass;java.lang.ThreadLocal;org.apache.logging.slf4j.Log4jLoggerFactory.<clinit>;35;org.dacapo.harness.DacapoClassLoader;BootstrapClassLoader
ClassLoader.loadClass;java.lang.Throwable;java.lang.Class.forName0;;org.dacapo.harness.DacapoClassLoader;BootstrapClassLoader
ClassLoader.loadClass;java.lang.Throwable;java.lang.Class.getDeclaredMethods0;;jdk.internal.loader.ClassLoaders$PlatformClassLoader;BootstrapClassLoader
ClassLoader.loadClass;java.lang.UnsupportedOperationException;java.lang.Class.getDeclaredMethods0;;jdk.internal.loader.ClassLoaders$PlatformClassLoader;BootstrapClassLoader
ClassLoader.loadClass;java.lang.UnsupportedOperationException;org.apache.logging.slf4j.Log4jLoggerFactory.getContext;49;org.dacapo.harness.DacapoClassLoader;BootstrapClassLoader
ClassLoader.loadClass;java.lang.UnsupportedOperationException;org.dacapo.harness.CommandLineArgs.makeOption;482;jdk.internal.loader.ClassLoaders$AppClassLoader;BootstrapClassLoader
ClassLoader.loadClass;java.lang.annotation.Annotation;java.lang.ClassLoader.defineClass1;;org.dacapo.harness.DacapoClassLoader;BootstrapClassLoader
ClassLoader.loadClass;java.lang.annotation.Documented;java.lang.Class.forName0;;org.dacapo.harness.DacapoClassLoader;BootstrapClassLoader
ClassLoader.loadClass;java.lang.annotation.ElementType;java.lang.Class.forName0;;org.dacapo.harness.DacapoClassLoader;BootstrapClassLoader
ClassLoader.loadClass;java.lang.annotation.Retention;java.lang.Class.forName0;;org.dacapo.harness.DacapoClassLoader;BootstrapClassLoader
ClassLoader.loadClass;java.lang.annotation.RetentionPolicy;java.lang.Class.forName0;;org.dacapo.harness.DacapoClassLoader;BootstrapClassLoader
ClassLoader.loadClass;java.lang.annotation.Target;java.lang.Class.forName0;;org.dacapo.harness.DacapoClassLoader;BootstrapClassLoader
ClassLoader.loadClass;java.lang.invoke.LambdaMetafactory;jdk.nio.zipfs.ZipFileSystem.<clinit>;86;jdk.internal.loader.ClassLoaders$PlatformClassLoader;BootstrapClassLoader
ClassLoader.loadClass;java.lang.invoke.LambdaMetafactory;org.apache.logging.log4j.util.PropertiesUtil$Environment.<init>;429;org.dacapo.harness.DacapoClassLoader;BootstrapClassLoader
ClassLoader.loadClass;java.lang.invoke.LambdaMetafactory;org.dacapo.harness.CommandLineArgs.extractBenchmarkSet;291;jdk.internal.loader.ClassLoaders$AppClassLoader;BootstrapClassLoader
ClassLoader.loadClass;java.lang.invoke.StringConcatFactory;org.biojava.nbio.aaproperties.Constraints.initInstability;290;org.dacapo.harness.DacapoClassLoader;BootstrapClassLoader
ClassLoader.loadClass;java.lang.management.ManagementFactory;org.apache.logging.log4j.core.lookup.JmxRuntimeInputArgumentsLookup.<clinit>;36;org.dacapo.harness.DacapoClassLoader;BootstrapClassLoader
ClassLoader.loadClass;java.lang.management.RuntimeMXBean;org.apache.logging.log4j.core.lookup.JmxRuntimeInputArgumentsLookup.<clinit>;36;org.dacapo.harness.DacapoClassLoader;BootstrapClassLoader
ClassLoader.loadClass;java.lang.ref.Reference;org.apache.logging.log4j.core.impl.Log4jContextFactory.createShutdownCallbackRegistry;122;org.dacapo.harness.DacapoClassLoader;BootstrapClassLoader
ClassLoader.loadClass;java.lang.ref.SoftReference;org.apache.logging.log4j.core.util.DefaultShutdownCallbackRegistry.addShutdownCallback;134;org.dacapo.harness.DacapoClassLoader;BootstrapClassLoader
ClassLoader.loadClass;java.lang.ref.WeakReference;org.apache.logging.log4j.core.impl.Log4jContextFactory.createShutdownCallbackRegistry;122;org.dacapo.harness.DacapoClassLoader;BootstrapClassLoader
ClassLoader.loadClass;java.lang.reflect.AccessibleObject;org.apache.logging.log4j.core.lookup.Interpolator.<init>;81;org.dacapo.harness.DacapoClassLoader;BootstrapClassLoader
ClassLoader.loadClass;java.lang.reflect.Array;org.apache.logging.log4j.core.config.plugins.visitors.PluginElementVisitor.visit;82;org.dacapo.harness.DacapoClassLoader;BootstrapClassLoader
ClassLoader.loadClass;java.lang.reflect.Constructor;org.apache.logging.log4j.core.lookup.Interpolator.<init>;81;org.dacapo.harness.DacapoClassLoader;BootstrapClassLoader
ClassLoader.loadClass;java.lang.reflect.Constructor;org.dacapo.harness.TestHarness.runBenchmark;218;jdk.internal.loader.ClassLoaders$AppClassLoader;BootstrapClassLoader
ClassLoader.loadClass;java.lang.reflect.Field;org.apache.logging.log4j.core.lookup.Interpolator.<init>;81;org.dacapo.harness.DacapoClassLoader;BootstrapClassLoader
ClassLoader.loadClass;java.lang.reflect.InvocationHandler;java.lang.Class.getDeclaredConstructors0;;org.dacapo.harness.DacapoClassLoader;BootstrapClassLoader
ClassLoader.loadClass;java.lang.reflect.InvocationTargetException;java.lang.Class.getDeclaredMethods0;;jdk.internal.loader.ClassLoaders$AppClassLoader;BootstrapClassLoader
ClassLoader.loadClass;java.lang.reflect.InvocationTargetException;org.apache.logging.log4j.core.lookup.Interpolator.<init>;81;org.dacapo.harness.DacapoClassLoader;BootstrapClassLoader
ClassLoader.loadClass;java.lang.reflect.Member;org.apache.logging.log4j.core.util.ReflectionUtil.isAccessible;47;org.dacapo.harness.DacapoClassLoader;BootstrapClassLoader
ClassLoader.loadClass;java.lang.reflect.Method;Harness.main;39;jdk.internal.loader.ClassLoaders$AppClassLoader;BootstrapClassLoader
ClassLoader.loadClass;java.lang.reflect.Method;org.apache.logging.log4j.util.SortedArrayStringMap.<clinit>;95;org.dacapo.harness.DacapoClassLoader;BootstrapClassLoader
ClassLoader.loadClass;java.lang.reflect.Modifier;org.apache.logging.log4j.core.util.ReflectionUtil.isAccessible;47;org.dacapo.harness.DacapoClassLoader;BootstrapClassLoader
ClassLoader.loadClass;java.lang.reflect.ParameterizedType;org.apache.logging.log4j.core.config.plugins.convert.TypeConverterRegistry.getTypeConverterSupportedType;175;org.dacapo.harness.DacapoClassLoader;BootstrapClassLoader
ClassLoader.loadClass;java.lang.reflect.Proxy;java.lang.ClassLoader.defineClass1;;org.dacapo.harness.DacapoClassLoader;BootstrapClassLoader
ClassLoader.loadClass;java.lang.reflect.Type;org.apache.logging.log4j.core.config.AbstractConfiguration.createPluginObject;1122;org.dacapo.harness.DacapoClassLoader;BootstrapClassLoader
ClassLoader.loadClass;java.lang.reflect.UndeclaredThrowableException;java.lang.Class.getDeclaredConstructors0;;org.dacapo.harness.DacapoClassLoader;BootstrapClassLoader
ClassLoader.loadClass;java.math.BigDecimal;java.lang.Class.forName0;;org.dacapo.harness.DacapoClassLoader;BootstrapClassLoader
ClassLoader.loadClass;java.math.BigInteger;java.lang.Class.forName0;;org.dacapo.harness.DacapoClassLoader;BootstrapClassLoader
ClassLoader.loadClass;java.net.InetAddress;org.apache.logging.log4j.core.util.NetUtils.getLocalHostname;54;org.dacapo.harness.DacapoClassLoader;BootstrapClassLoader
ClassLoader.loadClass;java.net.MalformedURLException;org.apache.logging.log4j.core.config.NullConfiguration.<init>;32;org.dacapo.harness.DacapoClassLoader;BootstrapClassLoader
ClassLoader.loadClass;java.net.SocketException;org.apache.logging.log4j.core.LoggerContext.lambda$setConfiguration$0;615;org.dacapo.harness.DacapoClassLoader;BootstrapClassLoader
ClassLoader.loadClass;java.net.URI;java.lang.Class.getDeclaredMethods0;;jdk.internal.loader.ClassLoaders$PlatformClassLoader;BootstrapClassLoader
ClassLoader.loadClass;java.net.URI;org.apache.logging.log4j.core.util.FileUtils.fileFromUri;63;org.dacapo.harness.DacapoClassLoader;BootstrapClassLoader
ClassLoader.loadClass;java.net.URISyntaxException;java.lang.Class.getDeclaredMethods0;;jdk.internal.loader.ClassLoaders$PlatformClassLoader;BootstrapClassLoader
ClassLoader.loadClass;java.net.URISyntaxException;org.apache.logging.log4j.core.config.NullConfiguration.<init>;32;org.dacapo.harness.DacapoClassLoader;BootstrapClassLoader
ClassLoader.loadClass;java.net.URL;org.slf4j.LoggerFactory.findPossibleStaticLoggerBinderPathSet;311;org.dacapo.harness.DacapoClassLoader;BootstrapClassLoader
ClassLoader.loadClass;java.net.URLClassLoader;java.lang.Class.getDeclaredMethods0;;jdk.internal.loader.ClassLoaders$AppClassLoader;BootstrapClassLoader
ClassLoader.loadClass;java.net.URLConnection;org.apache.logging.log4j.core.config.ConfigurationSource.getConfigurationSource;388;org.dacapo.harness.DacapoClassLoader;BootstrapClassLoader
ClassLoader.loadClass;java.net.UnknownHostException;org.apache.logging.log4j.core.LoggerContext.lambda$setConfiguration$0;615;org.dacapo.harness.DacapoClassLoader;BootstrapClassLoader
ClassLoader.loadClass;java.nio.Buffer;org.apache.logging.log4j.core.appender.ConsoleAppender.getDefaultManager;234;org.dacapo.harness.DacapoClassLoader;BootstrapClassLoader
ClassLoader.loadClass;java.nio.ByteBuffer;jdk.nio.zipfs.ZipFileSystem.readFullyAt;1233;jdk.internal.loader.ClassLoaders$PlatformClassLoader;BootstrapClassLoader
ClassLoader.loadClass;java.nio.ByteBuffer;org.apache.logging.log4j.core.appender.ConsoleAppender.getDefaultManager;234;org.dacapo.harness.DacapoClassLoader;BootstrapClassLoader
ClassLoader.loadClass;java.nio.CharBuffer;org.biojava.nbio.aaproperties.Utils.getNumberOfInvalidChar;93;org.dacapo.harness.DacapoClassLoader;BootstrapClassLoader
ClassLoader.loadClass;java.nio.channels.AsynchronousFileChannel;java.lang.Class.getDeclaredMethods0;;jdk.internal.loader.ClassLoaders$PlatformClassLoader;BootstrapClassLoader
ClassLoader.loadClass;java.nio.channels.FileChannel;java.lang.Class.getDeclaredMethods0;;jdk.internal.loader.ClassLoaders$PlatformClassLoader;BootstrapClassLoader
ClassLoader.loadClass;java.nio.channels.SeekableByteChannel;java.lang.Class.getDeclaredMethods0;;jdk.internal.loader.ClassLoaders$PlatformClassLoader;BootstrapClassLoader
ClassLoader.loadClass;java.nio.charset.Charset;jdk.nio.zipfs.ZipCoder.get;72;jdk.internal.loader.ClassLoaders$PlatformClassLoader;BootstrapClassLoader
ClassLoader.loadClass;java.nio.charset.Charset;org.apache.logging.log4j.core.layout.PatternLayout$Builder.<init>;642;org.dacapo.harness.DacapoClassLoader;BootstrapClassLoader
ClassLoader.loadClass;java.nio.charset.StandardCharsets;jdk.nio.zipfs.ZipCoder$UTF8.<init>;49;jdk.internal.loader.ClassLoaders$PlatformClassLoader;BootstrapClassLoader
ClassLoader.loadClass;java.nio.file.AccessDeniedException;jdk.nio.zipfs.ZipFileSystem.<init>;176;jdk.internal.loader.ClassLoaders$PlatformClassLoader;BootstrapClassLoader
ClassLoader.loadClass;java.nio.file.AccessMode;java.lang.Class.getDeclaredMethods0;;jdk.internal.loader.ClassLoaders$PlatformClassLoader;BootstrapClassLoader
ClassLoader.loadClass;java.nio.file.ClosedDirectoryStreamException;jdk.nio.zipfs.ZipPath.newDirectoryStream;755;jdk.internal.loader.ClassLoaders$PlatformClassLoader;BootstrapClassLoader
ClassLoader.loadClass;java.nio.file.ClosedFileSystemException;jdk.nio.zipfs.ZipFileSystemProvider.getZipFileSystem;125;jdk.internal.loader.ClassLoaders$PlatformClassLoader;BootstrapClassLoader
ClassLoader.loadClass;java.nio.file.CopyOption;java.lang.Class.getDeclaredMethods0;;jdk.internal.loader.ClassLoaders$PlatformClassLoader;BootstrapClassLoader
ClassLoader.loadClass;java.nio.file.DirectoryIteratorException;jdk.nio.zipfs.ZipPath.newDirectoryStream;755;jdk.internal.loader.ClassLoaders$PlatformClassLoader;BootstrapClassLoader
ClassLoader.loadClass;java.nio.file.DirectoryNotEmptyException;jdk.nio.zipfs.ZipFileSystemProvider.getZipFileSystem;125;jdk.internal.loader.ClassLoaders$PlatformClassLoader;BootstrapClassLoader
ClassLoader.loadClass;java.nio.file.DirectoryStream$Filter;java.lang.Class.getDeclaredMethods0;;jdk.internal.loader.ClassLoaders$PlatformClassLoader;BootstrapClassLoader
ClassLoader.loadClass;java.nio.file.DirectoryStream;java.lang.Class.getDeclaredMethods0;;jdk.internal.loader.ClassLoaders$PlatformClassLoader;BootstrapClassLoader
ClassLoader.loadClass;java.nio.file.FileAlreadyExistsException;jdk.nio.zipfs.ZipFileSystemProvider.getZipFileSystem;125;jdk.internal.loader.ClassLoaders$PlatformClassLoader;BootstrapClassLoader
ClassLoader.loadClass;java.nio.file.FileStore;java.lang.Class.getDeclaredMethods0;;jdk.internal.loader.ClassLoaders$PlatformClassLoader;BootstrapClassLoader
ClassLoader.loadClass;java.nio.file.FileSystem;java.lang.Class.getDeclaredMethods0;;jdk.internal.loader.ClassLoaders$PlatformClassLoader;BootstrapClassLoader
ClassLoader.loadClass;java.nio.file.FileSystem;org.dacapo.harness.CommandLineArgs.extractBenchmarkSet;286;jdk.internal.loader.ClassLoaders$AppClassLoader;BootstrapClassLoader
ClassLoader.loadClass;java.nio.file.FileSystemAlreadyExistsException;java.lang.Class.getDeclaredMethods0;;jdk.internal.loader.ClassLoaders$PlatformClassLoader;BootstrapClassLoader
ClassLoader.loadClass;java.nio.file.FileSystemException;jdk.nio.zipfs.ZipFileSystemProvider.getZipFileSystem;125;jdk.internal.loader.ClassLoaders$PlatformClassLoader;BootstrapClassLoader
ClassLoader.loadClass;java.nio.file.FileSystemNotFoundException;java.lang.Class.getDeclaredMethods0;;jdk.internal.loader.ClassLoaders$PlatformClassLoader;BootstrapClassLoader
ClassLoader.loadClass;java.nio.file.FileSystems;org.dacapo.harness.CommandLineArgs.extractBenchmarkSet;285;jdk.internal.loader.ClassLoaders$AppClassLoader;BootstrapClassLoader
ClassLoader.loadClass;java.nio.file.FileVisitOption;org.dacapo.harness.CommandLineArgs.extractBenchmarkSet;291;jdk.internal.loader.ClassLoaders$AppClassLoader;BootstrapClassLoader
ClassLoader.loadClass;java.nio.file.Files;jdk.nio.zipfs.ZipFileSystemProvider.ensureFile;85;jdk.internal.loader.ClassLoaders$PlatformClassLoader;BootstrapClassLoader
ClassLoader.loadClass;java.nio.file.Files;org.dacapo.harness.CommandLineArgs.extractBenchmarkSet;291;jdk.internal.loader.ClassLoaders$AppClassLoader;BootstrapClassLoader
ClassLoader.loadClass;java.nio.file.InvalidPathException;jdk.nio.zipfs.ZipFileSystem.<init>;176;jdk.internal.loader.ClassLoaders$PlatformClassLoader;BootstrapClassLoader
ClassLoader.loadClass;java.nio.file.LinkOption;java.lang.Class.getDeclaredMethods0;;jdk.internal.loader.ClassLoaders$PlatformClassLoader;BootstrapClassLoader
ClassLoader.loadClass;java.nio.file.NoSuchFileException;jdk.nio.zipfs.ZipFileSystemProvider.getZipFileSystem;125;jdk.internal.loader.ClassLoaders$PlatformClassLoader;BootstrapClassLoader
ClassLoader.loadClass;java.nio.file.NotDirectoryException;jdk.nio.zipfs.ZipFileSystemProvider.getZipFileSystem;125;jdk.internal.loader.ClassLoaders$PlatformClassLoader;BootstrapClassLoader
ClassLoader.loadClass;java.nio.file.OpenOption;java.lang.Class.getDeclaredMethods0;;jdk.internal.loader.ClassLoaders$PlatformClassLoader;BootstrapClassLoader
ClassLoader.loadClass;java.nio.file.OpenOption;org.dacapo.harness.Benchmark.getMD5;403;jdk.internal.loader.ClassLoaders$AppClassLoader;BootstrapClassLoader
ClassLoader.loadClass;java.nio.file.Path;java.lang.Class.forName0;;org.dacapo.harness.DacapoClassLoader;BootstrapClassLoader
ClassLoader.loadClass;java.nio.file.Path;java.lang.Class.getDeclaredMethods0;;jdk.internal.loader.ClassLoaders$PlatformClassLoader;BootstrapClassLoader
ClassLoader.loadClass;java.nio.file.Path;org.dacapo.harness.CommandLineArgs.extractBenchmarkSet;291;jdk.internal.loader.ClassLoaders$AppClassLoader;BootstrapClassLoader
ClassLoader.loadClass;java.nio.file.Paths;jdk.nio.zipfs.ZipFileSystemProvider.uriToPath;76;jdk.internal.loader.ClassLoaders$PlatformClassLoader;BootstrapClassLoader
ClassLoader.loadClass;java.nio.file.Paths;org.apache.logging.log4j.core.util.Source.toFile;55;org.dacapo.harness.DacapoClassLoader;BootstrapClassLoader
ClassLoader.loadClass;java.nio.file.Paths;org.dacapo.harness.Data.<clinit>;36;jdk.internal.loader.ClassLoaders$AppClassLoader;BootstrapClassLoader
ClassLoader.loadClass;java.nio.file.ProviderMismatchException;java.lang.Class.getDeclaredMethods0;;jdk.internal.loader.ClassLoaders$PlatformClassLoader;BootstrapClassLoader
ClassLoader.loadClass;java.nio.file.ReadOnlyFileSystemException;jdk.nio.zipfs.ZipFileSystemProvider.getZipFileSystem;125;jdk.internal.loader.ClassLoaders$PlatformClassLoader;BootstrapClassLoader
ClassLoader.loadClass;java.nio.file.StandardOpenOption;jdk.nio.zipfs.ZipFileSystem.<init>;177;jdk.internal.loader.ClassLoaders$PlatformClassLoader;BootstrapClassLoader
ClassLoader.loadClass;java.nio.file.attribute.BasicFileAttributeView;java.lang.ClassLoader.defineClass2;;jdk.internal.loader.ClassLoaders$PlatformClassLoader;BootstrapClassLoader
ClassLoader.loadClass;java.nio.file.attribute.BasicFileAttributes;java.lang.Class.getDeclaredMethods0;;jdk.internal.loader.ClassLoaders$PlatformClassLoader;BootstrapClassLoader
ClassLoader.loadClass;java.nio.file.attribute.FileAttribute;java.lang.Class.getDeclaredMethods0;;jdk.internal.loader.ClassLoaders$PlatformClassLoader;BootstrapClassLoader
ClassLoader.loadClass;java.nio.file.attribute.FileAttributeView;java.lang.Class.getDeclaredMethods0;;jdk.internal.loader.ClassLoaders$PlatformClassLoader;BootstrapClassLoader
ClassLoader.loadClass;java.nio.file.attribute.PosixFileAttributeView;java.lang.ClassLoader.defineClass2;;jdk.internal.loader.ClassLoaders$PlatformClassLoader;BootstrapClassLoader
ClassLoader.loadClass;java.nio.file.attribute.PosixFileAttributes;java.lang.ClassLoader.defineClass2;;jdk.internal.loader.ClassLoaders$PlatformClassLoader;BootstrapClassLoader
ClassLoader.loadClass;java.nio.file.attribute.PosixFilePermissions;jdk.nio.zipfs.ZipFileSystem.<clinit>;101;jdk.internal.loader.ClassLoaders$PlatformClassLoader;BootstrapClassLoader
ClassLoader.loadClass;java.nio.file.spi.FileSystemProvider;java.lang.ClassLoader.defineClass2;;jdk.internal.loader.ClassLoaders$PlatformClassLoader;BootstrapClassLoader
ClassLoader.loadClass;java.security.AccessController;jdk.nio.zipfs.ZipFileSystem.<clinit>;86;jdk.internal.loader.ClassLoaders$PlatformClassLoader;BootstrapClassLoader
ClassLoader.loadClass;java.security.BasicPermission;java.lang.ClassLoader.defineClass1;;jdk.internal.loader.ClassLoaders$AppClassLoader;BootstrapClassLoader
ClassLoader.loadClass;java.security.CodeSource;org.dacapo.harness.TestHarness.getManifestAttribute;284;jdk.internal.loader.ClassLoaders$AppClassLoader;BootstrapClassLoader
ClassLoader.loadClass;java.security.MessageDigest;org.dacapo.harness.Benchmark.getMD5;401;jdk.internal.loader.ClassLoaders$AppClassLoader;BootstrapClassLoader
ClassLoader.loadClass;java.security.NoSuchAlgorithmException;org.apache.logging.log4j.core.config.AbstractConfiguration.getLoggerConfig;964;org.dacapo.harness.DacapoClassLoader;BootstrapClassLoader
ClassLoader.loadClass;java.security.NoSuchAlgorithmException;org.dacapo.harness.FileDigest.getText;84;jdk.internal.loader.ClassLoaders$AppClassLoader;BootstrapClassLoader
ClassLoader.loadClass;java.security.Permission;org.apache.logging.log4j.util.PropertyFilePropertySource.loadPropertiesFile;37;org.dacapo.harness.DacapoClassLoader;BootstrapClassLoader
ClassLoader.loadClass;java.security.Permission;org.dacapo.harness.Benchmark.getMD5;409;jdk.internal.loader.ClassLoaders$AppClassLoader;BootstrapClassLoader
ClassLoader.loadClass;java.security.PrivilegedAction;jdk.nio.zipfs.ZipFileSystem.<clinit>;86;jdk.internal.loader.ClassLoaders$PlatformClassLoader;BootstrapClassLoader
ClassLoader.loadClass;java.security.PrivilegedAction;org.apache.logging.log4j.util.PropertyFilePropertySource.loadPropertiesFile;37;org.dacapo.harness.DacapoClassLoader;BootstrapClassLoader
ClassLoader.loadClass;java.security.PrivilegedActionException;java.lang.Class.getDeclaredMethods0;;jdk.internal.loader.ClassLoaders$PlatformClassLoader;BootstrapClassLoader
ClassLoader.loadClass;java.security.ProtectionDomain;org.dacapo.harness.TestHarness.getManifestAttribute;284;jdk.internal.loader.ClassLoaders$AppClassLoader;BootstrapClassLoader
ClassLoader.loadClass;java.security.Provider;java.lang.Class.forName0;;org.dacapo.harness.DacapoClassLoader;BootstrapClassLoader
ClassLoader.loadClass;java.text.DateFormat;org.apache.logging.log4j.status.StatusLogger.<init>;137;org.dacapo.harness.DacapoClassLoader;BootstrapClassLoader
ClassLoader.loadClass;java.text.DateFormatSymbols;org.apache.logging.log4j.core.util.datetime.FastDatePrinter.parsePattern;186;org.dacapo.harness.DacapoClassLoader;BootstrapClassLoader
ClassLoader.loadClass;java.text.ParseException;org.apache.logging.log4j.core.pattern.DatePatternConverter.createNonFixedFormatter;240;org.dacapo.harness.DacapoClassLoader;BootstrapClassLoader
ClassLoader.loadClass;java.text.SimpleDateFormat;org.apache.logging.log4j.status.StatusLogger.<init>;137;org.dacapo.harness.DacapoClassLoader;BootstrapClassLoader
ClassLoader.loadClass;java.time.DateTimeException;jdk.nio.zipfs.ZipFileSystem$Entry.readCEN;2798;jdk.internal.loader.ClassLoaders$PlatformClassLoader;BootstrapClassLoader
ClassLoader.loadClass;java.time.LocalDateTime;jdk.nio.zipfs.ZipUtils.dosToJavaTime;216;jdk.internal.loader.ClassLoaders$PlatformClassLoader;BootstrapClassLoader
ClassLoader.loadClass;java.time.ZoneId;jdk.nio.zipfs.ZipUtils.dosToJavaTime;218;jdk.internal.loader.ClassLoaders$PlatformClassLoader;BootstrapClassLoader
ClassLoader.loadClass;java.time.temporal.TemporalAccessor;java.lang.ClassLoader.defineClass1;;org.dacapo.harness.DacapoClassLoader;BootstrapClassLoader
ClassLoader.loadClass;java.time.temporal.UnsupportedTemporalTypeException;org.apache.logging.log4j.core.pattern.DatePatternConverter.fromEpochMillis;188;org.dacapo.harness.DacapoClassLoader;BootstrapClassLoader
ClassLoader.loadClass;java.time.zone.ZoneRules;jdk.nio.zipfs.ZipUtils.dosToJavaTime;218;jdk.internal.loader.ClassLoaders$PlatformClassLoader;BootstrapClassLoader
ClassLoader.loadClass;java.util.AbstractCollection;java.lang.ClassLoader.defineClass1;;org.dacapo.harness.DacapoClassLoader;BootstrapClassLoader
ClassLoader.loadClass;java.util.ArrayList;jdk.nio.zipfs.ZipFileSystem.<init>;2390;jdk.internal.loader.ClassLoaders$PlatformClassLoader;BootstrapClassLoader
ClassLoader.loadClass;java.util.ArrayList;org.apache.commons.cli.Option.<init>;328;jdk.internal.loader.ClassLoaders$AppClassLoader;BootstrapClassLoader
ClassLoader.loadClass;java.util.ArrayList;org.biojava.nbio.aaproperties.CommandPrompt.run;108;org.dacapo.harness.DacapoClassLoader;BootstrapClassLoader
ClassLoader.loadClass;java.util.Arrays;jdk.nio.zipfs.ZipFileSystem$IndexNode.name;2606;jdk.internal.loader.ClassLoaders$PlatformClassLoader;BootstrapClassLoader
ClassLoader.loadClass;java.util.Arrays;org.apache.commons.cli.PosixParser.flatten;124;jdk.internal.loader.ClassLoaders$AppClassLoader;BootstrapClassLoader
ClassLoader.loadClass;java.util.Arrays;org.apache.logging.log4j.util.internal.DefaultObjectInputFilter.<clinit>;26;org.dacapo.harness.DacapoClassLoader;BootstrapClassLoader
ClassLoader.loadClass;java.util.Calendar;javax.xml.bind.DatatypeConverter.initConverter;155;jdk.internal.loader.ClassLoaders$AppClassLoader;BootstrapClassLoader
ClassLoader.loadClass;java.util.Calendar;org.apache.logging.log4j.core.util.datetime.FixedDateFormat.calcMidnightMillis;547;org.dacapo.harness.DacapoClassLoader;BootstrapClassLoader
ClassLoader.loadClass;java.util.Collection;jdk.nio.zipfs.ZipFileSystemProvider.getZipFileSystem;125;jdk.internal.loader.ClassLoaders$PlatformClassLoader;BootstrapClassLoader
ClassLoader.loadClass;java.util.Collection;org.biojava.nbio.core.sequence.io.FastaReader.<clinit>;46;org.dacapo.harness.DacapoClassLoader;BootstrapClassLoader
ClassLoader.loadClass;java.util.Collection;org.dacapo.harness.TestHarness.main;101;jdk.internal.loader.ClassLoaders$AppClassLoader;BootstrapClassLoader
ClassLoader.loadClass;java.util.Collections;jdk.nio.zipfs.ZipFileSystem.<init>;1133;jdk.internal.loader.ClassLoaders$PlatformClassLoader;BootstrapClassLoader
ClassLoader.loadClass;java.util.Collections;org.apache.commons.cli.Options.getRequiredOptions;269;jdk.internal.loader.ClassLoaders$AppClassLoader;BootstrapClassLoader
ClassLoader.loadClass;java.util.Collections;org.apache.logging.log4j.core.config.AbstractConfiguration.<init>;131;org.dacapo.harness.DacapoClassLoader;BootstrapClassLoader
ClassLoader.loadClass;java.util.Comparator;org.apache.logging.log4j.util.PropertiesUtil.<init>;73;org.dacapo.harness.DacapoClassLoader;BootstrapClassLoader
ClassLoader.loadClass;java.util.ConcurrentModificationException;org.apache.logging.log4j.spi.CopyOnWriteSortedArrayThreadContextMap.<clinit>;56;org.dacapo.harness.DacapoClassLoader;BootstrapClassLoader
ClassLoader.loadClass;java.util.Date;java.lang.Class.getDeclaredMethods0;;org.dacapo.harness.DacapoClassLoader;BootstrapClassLoader
ClassLoader.loadClass;java.util.Deque;org.apache.logging.log4j.util.StackLocatorUtil.<clinit>;33;org.dacapo.harness.DacapoClassLoader;BootstrapClassLoader
ClassLoader.loadClass;java.util.EnumSet;org.apache.logging.log4j.spi.StandardLevel.<clinit>;66;org.dacapo.harness.DacapoClassLoader;BootstrapClassLoader
ClassLoader.loadClass;java.util.Enumeration;org.slf4j.LoggerFactory.findPossibleStaticLoggerBinderPathSet;310;org.dacapo.harness.DacapoClassLoader;BootstrapClassLoader
ClassLoader.loadClass;java.util.EventListener;java.lang.ClassLoader.defineClass1;;org.dacapo.harness.DacapoClassLoader;BootstrapClassLoader
ClassLoader.loadClass;java.util.GregorianCalendar;javax.xml.bind.DatatypeConverter.initConverter;155;jdk.internal.loader.ClassLoaders$AppClassLoader;BootstrapClassLoader
ClassLoader.loadClass;java.util.HashMap;jdk.nio.zipfs.ZipFileSystemProvider.<init>;55;jdk.internal.loader.ClassLoaders$PlatformClassLoader;BootstrapClassLoader
ClassLoader.loadClass;java.util.HashMap;org.biojava.nbio.aaproperties.xml.CaseFreeAminoAcidCompoundSet.<init>;42;org.dacapo.harness.DacapoClassLoader;BootstrapClassLoader
ClassLoader.loadClass;java.util.HashMap;org.dacapo.parser.Config.<init>;255;jdk.internal.loader.ClassLoaders$AppClassLoader;BootstrapClassLoader
ClassLoader.loadClass;java.util.HashSet;jdk.nio.zipfs.ZipFileSystem.<init>;1132;jdk.internal.loader.ClassLoaders$PlatformClassLoader;BootstrapClassLoader
ClassLoader.loadClass;java.util.HashSet;org.apache.commons.cli.Options.getOptionGroups;251;jdk.internal.loader.ClassLoaders$AppClassLoader;BootstrapClassLoader
ClassLoader.loadClass;java.util.HashSet;org.apache.logging.log4j.util.ProviderUtil.<clinit>;48;org.dacapo.harness.DacapoClassLoader;BootstrapClassLoader
ClassLoader.loadClass;java.util.Hashtable;org.apache.logging.log4j.core.net.JndiManager.<clinit>;41;org.dacapo.harness.DacapoClassLoader;BootstrapClassLoader
ClassLoader.loadClass;java.util.Iterator;jdk.nio.zipfs.ZipFileSystem.<init>;176;jdk.internal.loader.ClassLoaders$PlatformClassLoader;BootstrapClassLoader
ClassLoader.loadClass;java.util.Iterator;org.apache.commons.cli.Parser.parse;136;jdk.internal.loader.ClassLoaders$AppClassLoader;BootstrapClassLoader
ClassLoader.loadClass;java.util.Iterator;org.biojava.nbio.aaproperties.CommandPrompt.printHeader;229;org.dacapo.harness.DacapoClassLoader;BootstrapClassLoader
ClassLoader.loadClass;java.util.LinkedHashMap;jdk.nio.zipfs.ZipFileSystem.initCEN;1557;jdk.internal.loader.ClassLoaders$PlatformClassLoader;BootstrapClassLoader
ClassLoader.loadClass;java.util.LinkedHashMap;org.apache.commons.cli.Options.<init>;44;jdk.internal.loader.ClassLoaders$AppClassLoader;BootstrapClassLoader
ClassLoader.loadClass;java.util.LinkedHashMap;org.apache.logging.log4j.core.config.plugins.util.PluginManager.collectPlugins;129;org.dacapo.harness.DacapoClassLoader;BootstrapClassLoader
ClassLoader.loadClass;java.util.LinkedHashSet;org.slf4j.LoggerFactory.findPossibleStaticLoggerBinderPathSet;301;org.dacapo.harness.DacapoClassLoader;BootstrapClassLoader
ClassLoader.loadClass;java.util.LinkedList;org.apache.commons.cli.CommandLine.<init>;81;jdk.internal.loader.ClassLoaders$AppClassLoader;BootstrapClassLoader
ClassLoader.loadClass;java.util.List;java.lang.Class.forName0;;org.dacapo.harness.DacapoClassLoader;BootstrapClassLoader
ClassLoader.loadClass;java.util.List;jdk.nio.zipfs.ZipFileSystemProvider.getZipFileSystem;125;jdk.internal.loader.ClassLoaders$PlatformClassLoader;BootstrapClassLoader
ClassLoader.loadClass;java.util.List;org.dacapo.harness.TestHarness.main;101;jdk.internal.loader.ClassLoaders$AppClassLoader;BootstrapClassLoader
ClassLoader.loadClass;java.util.ListIterator;org.apache.commons.cli.Parser.parse;161;jdk.internal.loader.ClassLoaders$AppClassLoader;BootstrapClassLoader
ClassLoader.loadClass;java.util.ListResourceBundle;java.lang.ClassLoader.defineClass2;;jdk.internal.loader.ClassLoaders$PlatformClassLoader;BootstrapClassLoader
ClassLoader.loadClass;java.util.Locale;java.lang.Class.getDeclaredMethods0;;jdk.internal.loader.ClassLoaders$PlatformClassLoader;BootstrapClassLoader
ClassLoader.loadClass;java.util.Locale;org.apache.logging.log4j.Level.toUpperCase;312;org.dacapo.harness.DacapoClassLoader;BootstrapClassLoader
ClassLoader.loadClass;java.util.Locale;org.dacapo.harness.TestHarness.main;80;jdk.internal.loader.ClassLoaders$AppClassLoader;BootstrapClassLoader
ClassLoader.loadClass;java.util.Map$Entry;org.apache.logging.log4j.util.EnvironmentPropertySource.forEach;52;org.dacapo.harness.DacapoClassLoader;BootstrapClassLoader
ClassLoader.loadClass;java.util.Map;java.lang.Class.getDeclaredMethods0;;jdk.internal.loader.ClassLoaders$PlatformClassLoader;BootstrapClassLoader
ClassLoader.loadClass;java.util.Map;org.biojava.nbio.aaproperties.CommandPrompt.readInputFile;186;org.dacapo.harness.DacapoClassLoader;BootstrapClassLoader
ClassLoader.loadClass;java.util.Map;org.dacapo.harness.CommandLineArgs.<clinit>;145;jdk.internal.loader.ClassLoaders$AppClassLoader;BootstrapClassLoader
ClassLoader.loadClass;java.util.MissingResourceException;java.lang.Class.getDeclaredConstructors0;;org.dacapo.harness.DacapoClassLoader;BootstrapClassLoader
ClassLoader.loadClass;java.util.NoSuchElementException;jdk.nio.zipfs.ZipDirectoryStream.iterator;74;jdk.internal.loader.ClassLoaders$PlatformClassLoader;BootstrapClassLoader
ClassLoader.loadClass;java.util.NoSuchElementException;org.apache.logging.slf4j.Log4jLoggerFactory.getContext;50;org.dacapo.harness.DacapoClassLoader;BootstrapClassLoader
ClassLoader.loadClass;java.util.Objects;jdk.nio.zipfs.ZipFileSystem.getInode;1892;jdk.internal.loader.ClassLoaders$PlatformClassLoader;BootstrapClassLoader
ClassLoader.loadClass;java.util.Objects;org.apache.logging.log4j.util.PropertySource$Comparator.compare;93;org.dacapo.harness.DacapoClassLoader;BootstrapClassLoader
ClassLoader.loadClass;java.util.Optional;org.apache.logging.log4j.util.StackLocator.lambda$getCallerClass$2;57;org.dacapo.harness.DacapoClassLoader;BootstrapClassLoader
ClassLoader.loadClass;java.util.Properties;org.apache.logging.log4j.util.PropertyFilePropertySource.loadPropertiesFile;36;org.dacapo.harness.DacapoClassLoader;BootstrapClassLoader
ClassLoader.loadClass;java.util.Properties;org.dacapo.harness.Data.getLocation;58;jdk.internal.loader.ClassLoaders$AppClassLoader;BootstrapClassLoader
ClassLoader.loadClass;java.util.Queue;org.slf4j.LoggerFactory.<clinit>;86;org.dacapo.harness.DacapoClassLoader;BootstrapClassLoader
ClassLoader.loadClass;java.util.ResourceBundle;java.lang.Class.getDeclaredMethods0;;jdk.internal.loader.ClassLoaders$PlatformClassLoader;BootstrapClassLoader
ClassLoader.loadClass;java.util.ServiceLoader;org.apache.logging.log4j.util.PropertiesUtil$Environment.<init>;440;org.dacapo.harness.DacapoClassLoader;BootstrapClassLoader
ClassLoader.loadClass;java.util.Set;java.lang.Class.getDeclaredMethods0;;jdk.internal.loader.ClassLoaders$PlatformClassLoader;BootstrapClassLoader
ClassLoader.loadClass;java.util.Set;org.biojava.nbio.aaproperties.CommandPrompt.readInputFile;186;org.dacapo.harness.DacapoClassLoader;BootstrapClassLoader
ClassLoader.loadClass;java.util.Set;org.dacapo.harness.TestHarness.main;108;jdk.internal.loader.ClassLoaders$AppClassLoader;BootstrapClassLoader
ClassLoader.loadClass;java.util.SortedMap;org.apache.logging.slf4j.Log4jLoggerFactory.getContext;49;org.dacapo.harness.DacapoClassLoader;BootstrapClassLoader
ClassLoader.loadClass;java.util.TimeZone;org.apache.logging.log4j.core.util.datetime.FixedDateFormat.createIfSupported;461;org.dacapo.harness.DacapoClassLoader;BootstrapClassLoader
ClassLoader.loadClass;java.util.TreeMap;org.apache.logging.log4j.LogManager.<clinit>;87;org.dacapo.harness.DacapoClassLoader;BootstrapClassLoader
ClassLoader.loadClass;java.util.TreeMap;org.dacapo.harness.DacapoClassLoader.sortURLs;38;jdk.internal.loader.ClassLoaders$AppClassLoader;BootstrapClassLoader
ClassLoader.loadClass;java.util.TreeSet;org.apache.logging.log4j.util.PropertiesUtil$Environment.<init>;421;org.dacapo.harness.DacapoClassLoader;BootstrapClassLoader
ClassLoader.loadClass;java.util.UUID;org.apache.logging.log4j.core.util.WatchManager$LocalUUID.get;95;org.dacapo.harness.DacapoClassLoader;BootstrapClassLoader
ClassLoader.loadClass;java.util.UnknownFormatConversionException;org.apache.logging.log4j.core.config.plugins.convert.TypeConverters.convert;413;org.dacapo.harness.DacapoClassLoader;BootstrapClassLoader
ClassLoader.loadClass;java.util.Vector;org.dacapo.parser.ConfigFile.sizeClause;161;jdk.internal.loader.ClassLoaders$AppClassLoader;BootstrapClassLoader
ClassLoader.loadClass;java.util.concurrent.ConcurrentHashMap;org.apache.logging.log4j.MarkerManager.<clinit>;31;org.dacapo.harness.DacapoClassLoader;BootstrapClassLoader
ClassLoader.loadClass;java.util.concurrent.ConcurrentLinkedDeque;org.apache.logging.log4j.core.impl.ThreadContextDataInjector.<clinit>;61;org.dacapo.harness.DacapoClassLoader;BootstrapClassLoader
ClassLoader.loadClass;java.util.concurrent.ConcurrentLinkedQueue;java.lang.ClassLoader.defineClass1;;org.dacapo.harness.DacapoClassLoader;BootstrapClassLoader
ClassLoader.loadClass;java.util.concurrent.ConcurrentMap;org.slf4j.impl.StaticLoggerBinder.<init>;53;org.dacapo.harness.DacapoClassLoader;BootstrapClassLoader
ClassLoader.loadClass;java.util.concurrent.CopyOnWriteArrayList;org.apache.logging.log4j.status.StatusLogger.<init>;90;org.dacapo.harness.DacapoClassLoader;BootstrapClassLoader
ClassLoader.loadClass;java.util.concurrent.Executor;org.apache.logging.log4j.core.LoggerContext.setConfiguration;632;org.dacapo.harness.DacapoClassLoader;BootstrapClassLoader
ClassLoader.loadClass;java.util.concurrent.ExecutorService;java.lang.Class.getDeclaredMethods0;;jdk.internal.loader.ClassLoaders$PlatformClassLoader;BootstrapClassLoader
ClassLoader.loadClass;java.util.concurrent.Executors;org.apache.logging.log4j.core.util.DefaultShutdownCallbackRegistry.<init>;56;org.dacapo.harness.DacapoClassLoader;BootstrapClassLoader
ClassLoader.loadClass;java.util.concurrent.Future;org.apache.logging.log4j.core.config.AbstractConfiguration.<init>;140;org.dacapo.harness.DacapoClassLoader;BootstrapClassLoader
ClassLoader.loadClass;java.util.concurrent.LinkedBlockingQueue;org.slf4j.helpers.SubstituteLoggerFactory.<init>;49;org.dacapo.harness.DacapoClassLoader;BootstrapClassLoader
ClassLoader.loadClass;java.util.concurrent.ScheduledExecutorService;org.apache.logging.log4j.core.config.AbstractConfiguration.<init>;139;org.dacapo.harness.DacapoClassLoader;BootstrapClassLoader
ClassLoader.loadClass;java.util.concurrent.ThreadFactory;org.apache.logging.log4j.core.util.DefaultShutdownCallbackRegistry.start;152;org.dacapo.harness.DacapoClassLoader;BootstrapClassLoader
ClassLoader.loadClass;java.util.concurrent.TimeUnit;jdk.nio.zipfs.ZipUtils.dosToJavaTime;217;jdk.internal.loader.ClassLoaders$PlatformClassLoader;BootstrapClassLoader
ClassLoader.loadClass;java.util.concurrent.TimeUnit;org.apache.logging.log4j.core.AbstractLifeCycle.<clinit>;33;org.dacapo.harness.DacapoClassLoader;BootstrapClassLoader
ClassLoader.loadClass;java.util.concurrent.atomic.AtomicBoolean;org.apache.logging.log4j.core.config.AwaitCompletionReliabilityStrategy.<init>;41;org.dacapo.harness.DacapoClassLoader;BootstrapClassLoader
ClassLoader.loadClass;java.util.concurrent.atomic.AtomicInteger;org.apache.logging.log4j.core.util.WatchManager$LocalUUID.<clinit>;82;org.dacapo.harness.DacapoClassLoader;BootstrapClassLoader
ClassLoader.loadClass;java.util.concurrent.atomic.AtomicInteger;org.dacapo.harness.LatencyReporter.<clinit>;47;jdk.internal.loader.ClassLoaders$AppClassLoader;BootstrapClassLoader
ClassLoader.loadClass;java.util.concurrent.atomic.AtomicLong;org.apache.logging.log4j.core.jmx.LoggerContextAdmin.<init>;62;org.dacapo.harness.DacapoClassLoader;BootstrapClassLoader
ClassLoader.loadClass;java.util.concurrent.atomic.AtomicReference;org.apache.logging.log4j.core.selector.ClassLoaderContextSelector.<clinit>;50;org.dacapo.harness.DacapoClassLoader;BootstrapClassLoader
ClassLoader.loadClass;java.util.concurrent.atomic.AtomicReferenceFieldUpdater;org.apache.logging.log4j.core.config.AppenderControlArraySet.<clinit>;36;org.dacapo.harness.DacapoClassLoader;BootstrapClassLoader
ClassLoader.loadClass;java.util.concurrent.locks.Lock;jdk.nio.zipfs.ZipFileSystem.beginWrite;1186;jdk.internal.loader.ClassLoaders$PlatformClassLoader;BootstrapClassLoader
ClassLoader.loadClass;java.util.concurrent.locks.Lock;org.apache.logging.slf4j.Log4jLoggerFactory.<clinit>;35;org.dacapo.harness.DacapoClassLoader;BootstrapClassLoader
ClassLoader.loadClass;java.util.concurrent.locks.ReadWriteLock;jdk.nio.zipfs.ZipFileSystemProvider.getZipFileSystem;125;jdk.internal.loader.ClassLoaders$PlatformClassLoader;BootstrapClassLoader
ClassLoader.loadClass;java.util.concurrent.locks.ReadWriteLock;org.slf4j.impl.StaticLoggerBinder.<init>;53;org.dacapo.harness.DacapoClassLoader;BootstrapClassLoader
ClassLoader.loadClass;java.util.concurrent.locks.ReentrantLock;org.apache.logging.log4j.status.StatusLogger.<init>;98;org.dacapo.harness.DacapoClassLoader;BootstrapClassLoader
ClassLoader.loadClass;java.util.concurrent.locks.ReentrantReadWriteLock;jdk.nio.zipfs.ZipFileSystem.<init>;1209;jdk.internal.loader.ClassLoaders$PlatformClassLoader;BootstrapClassLoader
ClassLoader.loadClass;java.util.concurrent.locks.ReentrantReadWriteLock;org.apache.logging.log4j.status.StatusLogger.<init>;92;org.dacapo.harness.DacapoClassLoader;BootstrapClassLoader
ClassLoader.loadClass;java.util.function.BinaryOperator;org.dacapo.harness.Benchmark.getDeps;386;jdk.internal.loader.ClassLoaders$AppClassLoader;BootstrapClassLoader
ClassLoader.loadClass;java.util.function.Consumer;org.biojava.nbio.aaproperties.CommandPrompt.compute;340;org.dacapo.harness.DacapoClassLoader;BootstrapClassLoader
ClassLoader.loadClass;java.util.function.Function;jdk.nio.zipfs.ZipFileSystem.<init>;132;jdk.internal.loader.ClassLoaders$PlatformClassLoader;BootstrapClassLoader
ClassLoader.loadClass;java.util.function.Function;org.apache.logging.log4j.util.StackLocator.getCallerClass;51;org.dacapo.harness.DacapoClassLoader;BootstrapClassLoader
ClassLoader.loadClass;java.util.function.Function;org.dacapo.harness.CommandLineArgs.extractBenchmarkSet;291;jdk.internal.loader.ClassLoaders$AppClassLoader;BootstrapClassLoader
ClassLoader.loadClass;java.util.function.IntPredicate;org.biojava.nbio.aaproperties.Utils.getNumberOfInvalidChar;93;org.dacapo.harness.DacapoClassLoader;BootstrapClassLoader
ClassLoader.loadClass;java.util.function.Predicate;org.apache.logging.slf4j.Log4jLoggerFactory.<clinit>;38;org.dacapo.harness.DacapoClassLoader;BootstrapClassLoader
ClassLoader.loadClass;java.util.function.Predicate;org.dacapo.harness.CommandLineArgs.extractBenchmarkSet;292;jdk.internal.loader.ClassLoaders$AppClassLoader;BootstrapClassLoader
ClassLoader.loadClass;java.util.function.Supplier;org.apache.logging.log4j.util.Strings.<clinit>;30;org.dacapo.harness.DacapoClassLoader;BootstrapClassLoader
ClassLoader.loadClass;java.util.jar.Attributes$Name;org.dacapo.harness.TestHarness.getManifestAttribute;288;jdk.internal.loader.ClassLoaders$AppClassLoader;BootstrapClassLoader
ClassLoader.loadClass;java.util.jar.Attributes;org.dacapo.harness.TestHarness.getManifestAttribute;288;jdk.internal.loader.ClassLoaders$AppClassLoader;BootstrapClassLoader
ClassLoader.loadClass;java.util.jar.Manifest;org.dacapo.harness.TestHarness.getManifestAttribute;287;jdk.internal.loader.ClassLoaders$AppClassLoader;BootstrapClassLoader
ClassLoader.loadClass;java.util.regex.Matcher;org.apache.logging.log4j.util.PropertySource$Util.tokenize;122;org.dacapo.harness.DacapoClassLoader;BootstrapClassLoader
ClassLoader.loadClass;java.util.regex.Pattern;org.apache.logging.log4j.util.PropertySource$Util.<clinit>;104;org.dacapo.harness.DacapoClassLoader;BootstrapClassLoader
ClassLoader.loadClass;java.util.regex.PatternSyntaxException;jdk.nio.zipfs.ZipFileSystem$Entry.readCEN;2798;jdk.internal.loader.ClassLoaders$PlatformClassLoader;BootstrapClassLoader
ClassLoader.loadClass;java.util.stream.Collectors;org.biojava.nbio.aaproperties.PeptideProperties.<clinit>;72;org.dacapo.harness.DacapoClassLoader;BootstrapClassLoader
ClassLoader.loadClass;java.util.stream.Collectors;org.dacapo.harness.CommandLineArgs.extractBenchmarkSet;295;jdk.internal.loader.ClassLoaders$AppClassLoader;BootstrapClassLoader
ClassLoader.loadClass;java.util.stream.IntStream;org.biojava.nbio.aaproperties.Utils.getNumberOfInvalidChar;93;org.dacapo.harness.DacapoClassLoader;BootstrapClassLoader
ClassLoader.loadClass;java.util.stream.Stream;org.apache.logging.log4j.util.StackLocator.getCallerClass;51;org.dacapo.harness.DacapoClassLoader;BootstrapClassLoader
ClassLoader.loadClass;java.util.stream.Stream;org.dacapo.harness.CommandLineArgs.extractBenchmarkSet;292;jdk.internal.loader.ClassLoaders$AppClassLoader;BootstrapClassLoader
ClassLoader.loadClass;java.util.zip.DeflaterOutputStream;java.lang.ClassLoader.defineClass2;;jdk.internal.loader.ClassLoaders$PlatformClassLoader;BootstrapClassLoader
ClassLoader.loadClass;java.util.zip.InflaterInputStream;java.lang.ClassLoader.defineClass2;;jdk.internal.loader.ClassLoaders$PlatformClassLoader;BootstrapClassLoader
ClassLoader.loadClass;java.util.zip.ZipException;java.lang.Class.getDeclaredMethods0;;jdk.internal.loader.ClassLoaders$PlatformClassLoader;BootstrapClassLoader
ClassLoader.loadClass;java.util.zip.ZipInputStream;org.dacapo.harness.TestHarness.main;108;jdk.internal.loader.ClassLoaders$AppClassLoader;BootstrapClassLoader
ClassLoader.loadClass;javax.management.InstanceNotFoundException;org.apache.logging.log4j.core.LoggerContext.setConfiguration;632;org.dacapo.harness.DacapoClassLoader;BootstrapClassLoader
ClassLoader.loadClass;javax.management.JMException;org.apache.logging.log4j.core.LoggerContext.setConfiguration;632;org.dacapo.harness.DacapoClassLoader;BootstrapClassLoader
ClassLoader.loadClass;javax.management.MBeanNotificationInfo;org.apache.logging.log4j.core.jmx.LoggerContextAdmin.<init>;74;org.dacapo.harness.DacapoClassLoader;BootstrapClassLoader
ClassLoader.loadClass;javax.management.MBeanRegistrationException;org.apache.logging.log4j.core.LoggerContext.setConfiguration;632;org.dacapo.harness.DacapoClassLoader;BootstrapClassLoader
ClassLoader.loadClass;javax.management.MBeanServer;org.apache.logging.log4j.core.jmx.Server.unregisterAllMatching;337;org.dacapo.harness.DacapoClassLoader;BootstrapClassLoader
ClassLoader.loadClass;javax.management.Notification;org.apache.logging.log4j.core.jmx.LoggerContextAdmin.createNotificationInfo;88;org.dacapo.harness.DacapoClassLoader;BootstrapClassLoader
ClassLoader.loadClass;javax.management.NotificationBroadcasterSupport;java.lang.ClassLoader.defineClass1;;org.dacapo.harness.DacapoClassLoader;BootstrapClassLoader
ClassLoader.loadClass;javax.management.ObjectName;org.apache.logging.log4j.core.jmx.Server.unregisterAllMatching;336;org.dacapo.harness.DacapoClassLoader;BootstrapClassLoader
ClassLoader.loadClass;javax.naming.Context;org.apache.logging.log4j.core.lookup.Interpolator.<init>;80;org.dacapo.harness.DacapoClassLoader;BootstrapClassLoader
ClassLoader.loadClass;javax.naming.NamingException;org.apache.logging.log4j.core.net.JndiManager.<clinit>;41;org.dacapo.harness.DacapoClassLoader;BootstrapClassLoader
ClassLoader.loadClass;javax.xml.bind.DatatypeConverter;org.dacapo.harness.Benchmark.getMD5;409;jdk.internal.loader.ClassLoaders$AppClassLoader;jdk.internal.loader.ClassLoaders$AppClassLoader
ClassLoader.loadClass;javax.xml.bind.DatatypeConverterImpl;javax.xml.bind.DatatypeConverter.initConverter;155;jdk.internal.loader.ClassLoaders$AppClassLoader;jdk.internal.loader.ClassLoaders$AppClassLoader
ClassLoader.loadClass;javax.xml.bind.DatatypeConverterInterface;org.dacapo.harness.Benchmark.getMD5;409;jdk.internal.loader.ClassLoaders$AppClassLoader;jdk.internal.loader.ClassLoaders$AppClassLoader
ClassLoader.loadClass;javax.xml.bind.JAXBPermission;org.dacapo.harness.Benchmark.getMD5;409;jdk.internal.loader.ClassLoaders$AppClassLoader;jdk.internal.loader.ClassLoaders$AppClassLoader
ClassLoader.loadClass;javax.xml.bind.ValidationEventHandler;org.biojava.nbio.aaproperties.CommandPrompt.compute;287;org.dacapo.harness.DacapoClassLoader;org.dacapo.harness.DacapoClassLoader
ClassLoader.loadClass;javax.xml.datatype.DatatypeConfigurationException;javax.xml.bind.DatatypeConverter.initConverter;155;jdk.internal.loader.ClassLoaders$AppClassLoader;BootstrapClassLoader
ClassLoader.loadClass;javax.xml.datatype.DatatypeFactory;javax.xml.bind.DatatypeConverterImpl.<clinit>;905;jdk.internal.loader.ClassLoaders$AppClassLoader;BootstrapClassLoader
ClassLoader.loadClass;javax.xml.parsers.DocumentBuilder;org.apache.logging.log4j.core.config.xml.XmlConfiguration.<init>;94;org.dacapo.harness.DacapoClassLoader;BootstrapClassLoader
ClassLoader.loadClass;javax.xml.parsers.DocumentBuilderFactory;org.apache.logging.log4j.core.config.xml.XmlConfiguration.newDocumentBuilder;185;org.dacapo.harness.DacapoClassLoader;BootstrapClassLoader
ClassLoader.loadClass;javax.xml.parsers.ParserConfigurationException;org.apache.logging.log4j.core.config.xml.XmlConfigurationFactory.getConfiguration;46;org.dacapo.harness.DacapoClassLoader;BootstrapClassLoader
ClassLoader.loadClass;javax.xml.transform.Source;org.apache.logging.log4j.core.config.xml.XmlConfigurationFactory.getConfiguration;46;org.dacapo.harness.DacapoClassLoader;BootstrapClassLoader
ClassLoader.loadClass;jdk.internal.jrtfs.JrtFileSystemProvider;java.lang.Class.forName0;;jdk.internal.loader.ClassLoaders$AppClassLoader;BootstrapClassLoader
ClassLoader.loadClass;jdk.internal.reflect.ConstructorAccessorImpl;java.lang.ClassLoader.defineClass1;;org.dacapo.harness.DacapoClassLoader;BootstrapClassLoader
ClassLoader.loadClass;jdk.nio.zipfs.ZipCoder$UTF8;jdk.nio.zipfs.ZipFileSystem.<init>;175;jdk.internal.loader.ClassLoaders$PlatformClassLoader;jdk.internal.loader.ClassLoaders$PlatformClassLoader
ClassLoader.loadClass;jdk.nio.zipfs.ZipCoder;jdk.nio.zipfs.ZipFileSystem.<init>;175;jdk.internal.loader.ClassLoaders$PlatformClassLoader;jdk.internal.loader.ClassLoaders$PlatformClassLoader
ClassLoader.loadClass;jdk.nio.zipfs.ZipConstants;jdk.nio.zipfs.ZipFileSystem.findEND;1276;jdk.internal.loader.ClassLoaders$PlatformClassLoader;jdk.internal.loader.ClassLoaders$PlatformClassLoader
ClassLoader.loadClass;jdk.nio.zipfs.ZipDirectoryStream$1;jdk.nio.zipfs.ZipDirectoryStream.iterator;74;jdk.internal.loader.ClassLoaders$PlatformClassLoader;jdk.internal.loader.ClassLoaders$PlatformClassLoader
ClassLoader.loadClass;jdk.nio.zipfs.ZipDirectoryStream;jdk.nio.zipfs.ZipPath.newDirectoryStream;755;jdk.internal.loader.ClassLoaders$PlatformClassLoader;jdk.internal.loader.ClassLoaders$PlatformClassLoader
ClassLoader.loadClass;jdk.nio.zipfs.ZipFileAttributeView;jdk.nio.zipfs.ZipFileSystem.<init>;176;jdk.internal.loader.ClassLoaders$PlatformClassLoader;jdk.internal.loader.ClassLoaders$PlatformClassLoader
ClassLoader.loadClass;jdk.nio.zipfs.ZipFileAttributes;java.lang.ClassLoader.defineClass2;;jdk.internal.loader.ClassLoaders$PlatformClassLoader;jdk.internal.loader.ClassLoaders$PlatformClassLoader
ClassLoader.loadClass;jdk.nio.zipfs.ZipFileStore;jdk.nio.zipfs.ZipFileSystemProvider.getZipFileSystem;125;jdk.internal.loader.ClassLoaders$PlatformClassLoader;jdk.internal.loader.ClassLoaders$PlatformClassLoader
ClassLoader.loadClass;jdk.nio.zipfs.ZipFileSystem$1;jdk.nio.zipfs.ZipFileSystemProvider.getZipFileSystem;125;jdk.internal.loader.ClassLoaders$PlatformClassLoader;jdk.internal.loader.ClassLoaders$PlatformClassLoader
ClassLoader.loadClass;jdk.nio.zipfs.ZipFileSystem$2;jdk.nio.zipfs.ZipFileSystemProvider.getZipFileSystem;125;jdk.internal.loader.ClassLoaders$PlatformClassLoader;jdk.internal.loader.ClassLoaders$PlatformClassLoader
ClassLoader.loadClass;jdk.nio.zipfs.ZipFileSystem$DeflatingEntryOutputStream;jdk.nio.zipfs.ZipFileSystemProvider.getZipFileSystem;125;jdk.internal.loader.ClassLoaders$PlatformClassLoader;jdk.internal.loader.ClassLoaders$PlatformClassLoader
ClassLoader.loadClass;jdk.nio.zipfs.ZipFileSystem$END;jdk.nio.zipfs.ZipFileSystem.findEND;1279;jdk.internal.loader.ClassLoaders$PlatformClassLoader;jdk.internal.loader.ClassLoaders$PlatformClassLoader
ClassLoader.loadClass;jdk.nio.zipfs.ZipFileSystem$Entry;jdk.nio.zipfs.ZipFileSystemProvider.getZipFileSystem;125;jdk.internal.loader.ClassLoaders$PlatformClassLoader;jdk.internal.loader.ClassLoaders$PlatformClassLoader
ClassLoader.loadClass;jdk.nio.zipfs.ZipFileSystem$EntryInputStream;jdk.nio.zipfs.ZipFileSystemProvider.getZipFileSystem;125;jdk.internal.loader.ClassLoaders$PlatformClassLoader;jdk.internal.loader.ClassLoaders$PlatformClassLoader
ClassLoader.loadClass;jdk.nio.zipfs.ZipFileSystem$EntryOutputStream;jdk.nio.zipfs.ZipFileSystemProvider.getZipFileSystem;125;jdk.internal.loader.ClassLoaders$PlatformClassLoader;jdk.internal.loader.ClassLoaders$PlatformClassLoader
ClassLoader.loadClass;jdk.nio.zipfs.ZipFileSystem$EntryOutputStreamCRC32;jdk.nio.zipfs.ZipFileSystemProvider.getZipFileSystem;125;jdk.internal.loader.ClassLoaders$PlatformClassLoader;jdk.internal.loader.ClassLoaders$PlatformClassLoader
ClassLoader.loadClass;jdk.nio.zipfs.ZipFileSystem$EntryOutputStreamDef;jdk.nio.zipfs.ZipFileSystemProvider.getZipFileSystem;125;jdk.internal.loader.ClassLoaders$PlatformClassLoader;jdk.internal.loader.ClassLoaders$PlatformClassLoader
ClassLoader.loadClass;jdk.nio.zipfs.ZipFileSystem$FileRolloverOutputStream;jdk.nio.zipfs.ZipFileSystemProvider.getZipFileSystem;125;jdk.internal.loader.ClassLoaders$PlatformClassLoader;jdk.internal.loader.ClassLoaders$PlatformClassLoader
ClassLoader.loadClass;jdk.nio.zipfs.ZipFileSystem$IndexNode;jdk.nio.zipfs.ZipFileSystemProvider.getZipFileSystem;125;jdk.internal.loader.ClassLoaders$PlatformClassLoader;jdk.internal.loader.ClassLoaders$PlatformClassLoader
ClassLoader.loadClass;jdk.nio.zipfs.ZipFileSystem$ParentLookup;jdk.nio.zipfs.ZipFileSystem.makeParentDirs;1325;jdk.internal.loader.ClassLoaders$PlatformClassLoader;jdk.internal.loader.ClassLoaders$PlatformClassLoader
ClassLoader.loadClass;jdk.nio.zipfs.ZipFileSystem$PosixEntry;jdk.nio.zipfs.ZipFileSystemProvider.getZipFileSystem;125;jdk.internal.loader.ClassLoaders$PlatformClassLoader;jdk.internal.loader.ClassLoaders$PlatformClassLoader
ClassLoader.loadClass;jdk.nio.zipfs.ZipFileSystem;java.lang.Class.getDeclaredMethods0;;jdk.internal.loader.ClassLoaders$PlatformClassLoader;jdk.internal.loader.ClassLoaders$PlatformClassLoader
ClassLoader.loadClass;jdk.nio.zipfs.ZipPath;jdk.nio.zipfs.ZipFileSystem.<init>;176;jdk.internal.loader.ClassLoaders$PlatformClassLoader;jdk.internal.loader.ClassLoaders$PlatformClassLoader
ClassLoader.loadClass;jdk.nio.zipfs.ZipPosixFileAttributeView;jdk.nio.zipfs.ZipFileSystem.<init>;176;jdk.internal.loader.ClassLoaders$PlatformClassLoader;jdk.internal.loader.ClassLoaders$PlatformClassLoader
ClassLoader.loadClass;jdk.nio.zipfs.ZipUtils;jdk.nio.zipfs.ZipFileSystem$Entry.readCEN;2798;jdk.internal.loader.ClassLoaders$PlatformClassLoader;jdk.internal.loader.ClassLoaders$PlatformClassLoader
ClassLoader.loadClass;org.HdrHistogram.AbstractHistogram;java.lang.ClassLoader.defineClass1;;jdk.internal.loader.ClassLoaders$AppClassLoader;jdk.internal.loader.ClassLoaders$AppClassLoader
ClassLoader.loadClass;org.HdrHistogram.AbstractHistogramBase;java.lang.ClassLoader.defineClass1;;jdk.internal.loader.ClassLoaders$AppClassLoader;jdk.internal.loader.ClassLoaders$AppClassLoader
ClassLoader.loadClass;org.HdrHistogram.EncodableHistogram;org.dacapo.harness.Benchmark.run;272;jdk.internal.loader.ClassLoaders$AppClassLoader;jdk.internal.loader.ClassLoaders$AppClassLoader
ClassLoader.loadClass;org.HdrHistogram.Histogram;org.dacapo.harness.Benchmark.run;272;jdk.internal.loader.ClassLoaders$AppClassLoader;jdk.internal.loader.ClassLoaders$AppClassLoader
ClassLoader.loadClass;org.HdrHistogram.ValueRecorder;java.lang.ClassLoader.defineClass1;;jdk.internal.loader.ClassLoaders$AppClassLoader;jdk.internal.loader.ClassLoaders$AppClassLoader
ClassLoader.loadClass;org.apache.commons.cli.AmbiguousOptionException;org.dacapo.harness.CommandLineArgs.<clinit>;144;jdk.internal.loader.ClassLoaders$AppClassLoader;jdk.internal.loader.ClassLoaders$AppClassLoader
ClassLoader.loadClass;org.apache.commons.cli.CommandLine;org.apache.commons.cli.Parser.parse;148;jdk.internal.loader.ClassLoaders$AppClassLoader;jdk.internal.loader.ClassLoaders$AppClassLoader
ClassLoader.loadClass;org.apache.commons.cli.CommandLineParser;org.dacapo.harness.TestHarness.main;101;jdk.internal.loader.ClassLoaders$AppClassLoader;jdk.internal.loader.ClassLoaders$AppClassLoader
ClassLoader.loadClass;org.apache.commons.cli.MissingArgumentException;org.dacapo.harness.CommandLineArgs.<clinit>;144;jdk.internal.loader.ClassLoaders$AppClassLoader;jdk.internal.loader.ClassLoaders$AppClassLoader
ClassLoader.loadClass;org.apache.commons.cli.MissingOptionException;org.dacapo.harness.CommandLineArgs.<clinit>;144;jdk.internal.loader.ClassLoaders$AppClassLoader;jdk.internal.loader.ClassLoaders$AppClassLoader
ClassLoader.loadClass;org.apache.commons.cli.Option;org.dacapo.harness.CommandLineArgs.<clinit>;110;jdk.internal.loader.ClassLoaders$AppClassLoader;jdk.internal.loader.ClassLoaders$AppClassLoader
ClassLoader.loadClass;org.apache.commons.cli.OptionValidator;org.apache.commons.cli.Option.<init>;387;jdk.internal.loader.ClassLoaders$AppClassLoader;jdk.internal.loader.ClassLoaders$AppClassLoader
ClassLoader.loadClass;org.apache.commons.cli.Options;org.dacapo.harness.CommandLineArgs.<clinit>;145;jdk.internal.loader.ClassLoaders$AppClassLoader;jdk.internal.loader.ClassLoaders$AppClassLoader
ClassLoader.loadClass;org.apache.commons.cli.ParseException;org.dacapo.harness.TestHarness.main;101;jdk.internal.loader.ClassLoaders$AppClassLoader;jdk.internal.loader.ClassLoaders$AppClassLoader
ClassLoader.loadClass;org.apache.commons.cli.Parser;java.lang.ClassLoader.defineClass1;;jdk.internal.loader.ClassLoaders$AppClassLoader;jdk.internal.loader.ClassLoaders$AppClassLoader
ClassLoader.loadClass;org.apache.commons.cli.PosixParser;org.dacapo.harness.CommandLineArgs.<clinit>;144;jdk.internal.loader.ClassLoaders$AppClassLoader;jdk.internal.loader.ClassLoaders$AppClassLoader
ClassLoader.loadClass;org.apache.commons.cli.UnrecognizedOptionException;org.dacapo.harness.CommandLineArgs.<clinit>;144;jdk.internal.loader.ClassLoaders$AppClassLoader;jdk.internal.loader.ClassLoaders$AppClassLoader
ClassLoader.loadClass;org.apache.commons.cli.Util;org.apache.commons.cli.PosixParser.flatten;179;jdk.internal.loader.ClassLoaders$AppClassLoader;jdk.internal.loader.ClassLoaders$AppClassLoader
ClassLoader.loadClass;org.apache.logging.log4j.Level;org.apache.logging.log4j.status.StatusLogger.<init>;136;org.dacapo.harness.DacapoClassLoader;org.dacapo.harness.DacapoClassLoader
ClassLoader.loadClass;org.apache.logging.log4j.LogBuilder;org.apache.logging.slf4j.Log4jLoggerFactory.<clinit>;35;org.dacapo.harness.DacapoClassLoader;org.dacapo.harness.DacapoClassLoader
ClassLoader.loadClass;org.apache.logging.log4j.LogManager;org.apache.logging.slf4j.Log4jLoggerFactory.getContext;49;org.dacapo.harness.DacapoClassLoader;org.dacapo.harness.DacapoClassLoader
ClassLoader.loadClass;org.apache.logging.log4j.Logger;java.lang.ClassLoader.defineClass1;;org.dacapo.harness.DacapoClassLoader;org.dacapo.harness.DacapoClassLoader
ClassLoader.loadClass;org.apache.logging.log4j.LoggingException;org.slf4j.impl.StaticLoggerBinder.<init>;53;org.dacapo.harness.DacapoClassLoader;org.dacapo.harness.DacapoClassLoader
ClassLoader.loadClass;org.apache.logging.log4j.Marker;java.lang.ClassLoader.defineClass1;;org.dacapo.harness.DacapoClassLoader;org.dacapo.harness.DacapoClassLoader
ClassLoader.loadClass;org.apache.logging.log4j.MarkerManager$Log4jMarker;org.apache.logging.log4j.MarkerManager.getMarker;65;org.dacapo.harness.DacapoClassLoader;org.dacapo.harness.DacapoClassLoader
ClassLoader.loadClass;org.apache.logging.log4j.MarkerManager;org.apache.logging.log4j.spi.AbstractLogger.<clinit>;64;org.dacapo.harness.DacapoClassLoader;org.dacapo.harness.DacapoClassLoader
ClassLoader.loadClass;org.apache.logging.log4j.ThreadContext$ContextStack;java.lang.ClassLoader.defineClass1;;org.dacapo.harness.DacapoClassLoader;org.dacapo.harness.DacapoClassLoader
ClassLoader.loadClass;org.apache.logging.log4j.ThreadContext$EmptyIterator;org.apache.logging.log4j.ThreadContext$EmptyThreadContextStack.<clinit>;59;org.dacapo.harness.DacapoClassLoader;org.dacapo.harness.DacapoClassLoader
ClassLoader.loadClass;org.apache.logging.log4j.ThreadContext$EmptyThreadContextStack;org.apache.logging.log4j.ThreadContext.<clinit>;190;org.dacapo.harness.DacapoClassLoader;org.dacapo.harness.DacapoClassLoader
ClassLoader.loadClass;org.apache.logging.log4j.ThreadContext;org.apache.logging.log4j.core.impl.ContextDataInjectorFactory.createDefaultInjector;87;org.dacapo.harness.DacapoClassLoader;org.dacapo.harness.DacapoClassLoader
ClassLoader.loadClass;org.apache.logging.log4j.core.AbstractLifeCycle;java.lang.ClassLoader.defineClass1;;org.dacapo.harness.DacapoClassLoader;org.dacapo.harness.DacapoClassLoader
ClassLoader.loadClass;org.apache.logging.log4j.core.Appender;org.apache.logging.log4j.core.LoggerContext.<clinit>;74;org.dacapo.harness.DacapoClassLoader;org.dacapo.harness.DacapoClassLoader
ClassLoader.loadClass;org.apache.logging.log4j.core.ContextDataInjector;org.apache.logging.log4j.core.lookup.ContextMapLookup.<init>;34;org.dacapo.harness.DacapoClassLoader;org.dacapo.harness.DacapoClassLoader
ClassLoader.loadClass;org.apache.logging.log4j.core.ErrorHandler;org.apache.logging.log4j.core.config.AbstractConfiguration.setToDefault;730;org.dacapo.harness.DacapoClassLoader;org.dacapo.harness.DacapoClassLoader
ClassLoader.loadClass;org.apache.logging.log4j.core.Filter;org.apache.logging.log4j.core.LoggerContext.<clinit>;74;org.dacapo.harness.DacapoClassLoader;org.dacapo.harness.DacapoClassLoader
ClassLoader.loadClass;org.apache.logging.log4j.core.Layout;org.apache.logging.log4j.core.LoggerContext.<clinit>;74;org.dacapo.harness.DacapoClassLoader;org.dacapo.harness.DacapoClassLoader
ClassLoader.loadClass;org.apache.logging.log4j.core.LifeCycle$State;org.apache.logging.log4j.core.util.DefaultShutdownCallbackRegistry.<init>;45;org.dacapo.harness.DacapoClassLoader;org.dacapo.harness.DacapoClassLoader
ClassLoader.loadClass;org.apache.logging.log4j.core.LifeCycle2;java.lang.ClassLoader.defineClass1;;org.dacapo.harness.DacapoClassLoader;org.dacapo.harness.DacapoClassLoader
ClassLoader.loadClass;org.apache.logging.log4j.core.LifeCycle;java.lang.ClassLoader.defineClass1;;org.dacapo.harness.DacapoClassLoader;org.dacapo.harness.DacapoClassLoader
ClassLoader.loadClass;org.apache.logging.log4j.core.LogEvent;org.apache.logging.log4j.core.config.AbstractConfiguration.<init>;136;org.dacapo.harness.DacapoClassLoader;org.dacapo.harness.DacapoClassLoader
ClassLoader.loadClass;org.apache.logging.log4j.core.Logger$PrivateConfig;org.apache.logging.log4j.core.Logger.<init>;74;org.dacapo.harness.DacapoClassLoader;org.dacapo.harness.DacapoClassLoader
ClassLoader.loadClass;org.apache.logging.log4j.core.Logger;org.apache.logging.log4j.core.LoggerContext.newInstance;772;org.dacapo.harness.DacapoClassLoader;org.dacapo.harness.DacapoClassLoader
ClassLoader.loadClass;org.apache.logging.log4j.core.LoggerContext$1;org.apache.logging.log4j.core.LoggerContext.setUpShutdownHook;298;org.dacapo.harness.DacapoClassLoader;org.dacapo.harness.DacapoClassLoader
ClassLoader.loadClass;org.apache.logging.log4j.core.LoggerContext;org.apache.logging.log4j.core.selector.ClassLoaderContextSelector.createContext;254;org.dacapo.harness.DacapoClassLoader;org.dacapo.harness.DacapoClassLoader
ClassLoader.loadClass;org.apache.logging.log4j.core.StringLayout;java.lang.ClassLoader.defineClass1;;org.dacapo.harness.DacapoClassLoader;org.dacapo.harness.DacapoClassLoader
ClassLoader.loadClass;org.apache.logging.log4j.core.Version;org.apache.logging.log4j.core.config.AbstractConfiguration.initialize;220;org.dacapo.harness.DacapoClassLoader;org.dacapo.harness.DacapoClassLoader
ClassLoader.loadClass;org.apache.logging.log4j.core.appender.AbstractAppender$Builder;java.lang.ClassLoader.defineClass1;;org.dacapo.harness.DacapoClassLoader;org.dacapo.harness.DacapoClassLoader
ClassLoader.loadClass;org.apache.logging.log4j.core.appender.AbstractAppender;java.lang.ClassLoader.defineClass1;;org.dacapo.harness.DacapoClassLoader;org.dacapo.harness.DacapoClassLoader
ClassLoader.loadClass;org.apache.logging.log4j.core.appender.AbstractManager;java.lang.ClassLoader.defineClass1;;org.dacapo.harness.DacapoClassLoader;org.dacapo.harness.DacapoClassLoader
ClassLoader.loadClass;org.apache.logging.log4j.core.appender.AbstractOutputStreamAppender$Builder;java.lang.ClassLoader.defineClass1;;org.dacapo.harness.DacapoClassLoader;org.dacapo.harness.DacapoClassLoader
ClassLoader.loadClass;org.apache.logging.log4j.core.appender.AbstractOutputStreamAppender;java.lang.ClassLoader.defineClass1;;org.dacapo.harness.DacapoClassLoader;org.dacapo.harness.DacapoClassLoader
ClassLoader.loadClass;org.apache.logging.log4j.core.appender.AbstractWriterAppender;java.lang.ClassLoader.defineClass1;;org.dacapo.harness.DacapoClassLoader;org.dacapo.harness.DacapoClassLoader
ClassLoader.loadClass;org.apache.logging.log4j.core.appender.AppenderLoggingException;org.apache.logging.log4j.core.config.AppenderControlArraySet.<init>;37;org.dacapo.harness.DacapoClassLoader;org.dacapo.harness.DacapoClassLoader
ClassLoader.loadClass;org.apache.logging.log4j.core.appender.AppenderSet;org.apache.logging.log4j.core.config.plugins.util.PluginRegistry.decodeCacheFiles;181;org.dacapo.harness.DacapoClassLoader;org.dacapo.harness.DacapoClassLoader
ClassLoader.loadClass;org.apache.logging.log4j.core.appender.AsyncAppender;org.apache.logging.log4j.core.config.plugins.util.PluginRegistry.decodeCacheFiles;181;org.dacapo.harness.DacapoClassLoader;org.dacapo.harness.DacapoClassLoader
ClassLoader.loadClass;org.apache.logging.log4j.core.appender.ConsoleAppender$Builder;java.lang.Class.getDeclaredMethods0;;org.dacapo.harness.DacapoClassLoader;org.dacapo.harness.DacapoClassLoader
ClassLoader.loadClass;org.apache.logging.log4j.core.appender.ConsoleAppender$ConsoleManagerFactory;org.apache.logging.log4j.core.appender.ConsoleAppender.<clinit>;56;org.dacapo.harness.DacapoClassLoader;org.dacapo.harness.DacapoClassLoader
ClassLoader.loadClass;org.apache.logging.log4j.core.appender.ConsoleAppender$FactoryData;org.apache.logging.log4j.core.appender.ConsoleAppender.getDefaultManager;234;org.dacapo.harness.DacapoClassLoader;org.dacapo.harness.DacapoClassLoader
ClassLoader.loadClass;org.apache.logging.log4j.core.appender.ConsoleAppender$SystemErrStream;org.apache.logging.log4j.core.config.AbstractConfiguration.setToDefault;730;org.dacapo.harness.DacapoClassLoader;org.dacapo.harness.DacapoClassLoader
ClassLoader.loadClass;org.apache.logging.log4j.core.appender.ConsoleAppender$SystemOutStream;org.apache.logging.log4j.core.config.AbstractConfiguration.setToDefault;730;org.dacapo.harness.DacapoClassLoader;org.dacapo.harness.DacapoClassLoader
ClassLoader.loadClass;org.apache.logging.log4j.core.appender.ConsoleAppender$Target$1;org.apache.logging.log4j.core.appender.ConsoleAppender.<clinit>;57;org.dacapo.harness.DacapoClassLoader;org.dacapo.harness.DacapoClassLoader
ClassLoader.loadClass;org.apache.logging.log4j.core.appender.ConsoleAppender$Target$2;org.apache.logging.log4j.core.appender.ConsoleAppender.<clinit>;57;org.dacapo.harness.DacapoClassLoader;org.dacapo.harness.DacapoClassLoader
ClassLoader.loadClass;org.apache.logging.log4j.core.appender.ConsoleAppender$Target;org.apache.logging.log4j.core.appender.ConsoleAppender.<clinit>;57;org.dacapo.harness.DacapoClassLoader;org.dacapo.harness.DacapoClassLoader
ClassLoader.loadClass;org.apache.logging.log4j.core.appender.ConsoleAppender;org.apache.logging.log4j.core.config.plugins.util.PluginRegistry.decodeCacheFiles;181;org.dacapo.harness.DacapoClassLoader;org.dacapo.harness.DacapoClassLoader
ClassLoader.loadClass;org.apache.logging.log4j.core.appender.CountingNoOpAppender;org.apache.logging.log4j.core.config.plugins.util.PluginRegistry.decodeCacheFiles;181;org.dacapo.harness.DacapoClassLoader;org.dacapo.harness.DacapoClassLoader
ClassLoader.loadClass;org.apache.logging.log4j.core.appender.DefaultErrorHandler;org.apache.logging.log4j.core.appender.AbstractAppender.<init>;162;org.dacapo.harness.DacapoClassLoader;org.dacapo.harness.DacapoClassLoader
ClassLoader.loadClass;org.apache.logging.log4j.core.appender.FailoverAppender;org.apache.logging.log4j.core.config.plugins.util.PluginRegistry.decodeCacheFiles;181;org.dacapo.harness.DacapoClassLoader;org.dacapo.harness.DacapoClassLoader
ClassLoader.loadClass;org.apache.logging.log4j.core.appender.FailoversPlugin;org.apache.logging.log4j.core.config.plugins.util.PluginRegistry.decodeCacheFiles;181;org.dacapo.harness.DacapoClassLoader;org.dacapo.harness.DacapoClassLoader
ClassLoader.loadClass;org.apache.logging.log4j.core.appender.FileAppender;org.apache.logging.log4j.core.config.plugins.util.PluginRegistry.decodeCacheFiles;181;org.dacapo.harness.DacapoClassLoader;org.dacapo.harness.DacapoClassLoader
ClassLoader.loadClass;org.apache.logging.log4j.core.appender.HttpAppender;org.apache.logging.log4j.core.config.plugins.util.PluginRegistry.decodeCacheFiles;181;org.dacapo.harness.DacapoClassLoader;org.dacapo.harness.DacapoClassLoader
ClassLoader.loadClass;org.apache.logging.log4j.core.appender.ManagerFactory;org.apache.logging.log4j.core.lookup.Interpolator.<init>;80;org.dacapo.harness.DacapoClassLoader;org.dacapo.harness.DacapoClassLoader
ClassLoader.loadClass;org.apache.logging.log4j.core.appender.MemoryMappedFileAppender;org.apache.logging.log4j.core.config.plugins.util.PluginRegistry.decodeCacheFiles;181;org.dacapo.harness.DacapoClassLoader;org.dacapo.harness.DacapoClassLoader
ClassLoader.loadClass;org.apache.logging.log4j.core.appender.NullAppender;org.apache.logging.log4j.core.config.plugins.util.PluginRegistry.decodeCacheFiles;181;org.dacapo.harness.DacapoClassLoader;org.dacapo.harness.DacapoClassLoader
ClassLoader.loadClass;org.apache.logging.log4j.core.appender.OutputStreamAppender;org.apache.logging.log4j.core.config.plugins.util.PluginRegistry.decodeCacheFiles;181;org.dacapo.harness.DacapoClassLoader;org.dacapo.harness.DacapoClassLoader
ClassLoader.loadClass;org.apache.logging.log4j.core.appender.OutputStreamManager;org.apache.logging.log4j.core.appender.ConsoleAppender.getDefaultManager;234;org.dacapo.harness.DacapoClassLoader;org.dacapo.harness.DacapoClassLoader
ClassLoader.loadClass;org.apache.logging.log4j.core.appender.RandomAccessFileAppender;org.apache.logging.log4j.core.config.plugins.util.PluginRegistry.decodeCacheFiles;181;org.dacapo.harness.DacapoClassLoader;org.dacapo.harness.DacapoClassLoader
ClassLoader.loadClass;org.apache.logging.log4j.core.appender.RollingFileAppender;org.apache.logging.log4j.core.config.plugins.util.PluginRegistry.decodeCacheFiles;181;org.dacapo.harness.DacapoClassLoader;org.dacapo.harness.DacapoClassLoader
ClassLoader.loadClass;org.apache.logging.log4j.core.appender.RollingRandomAccessFileAppender;org.apache.logging.log4j.core.config.plugins.util.PluginRegistry.decodeCacheFiles;181;org.dacapo.harness.DacapoClassLoader;org.dacapo.harness.DacapoClassLoader
ClassLoader.loadClass;org.apache.logging.log4j.core.appender.ScriptAppenderSelector;org.apache.logging.log4j.core.config.plugins.util.PluginRegistry.decodeCacheFiles;181;org.dacapo.harness.DacapoClassLoader;org.dacapo.harness.DacapoClassLoader
ClassLoader.loadClass;org.apache.logging.log4j.core.appender.SmtpAppender;org.apache.logging.log4j.core.config.plugins.util.PluginRegistry.decodeCacheFiles;181;org.dacapo.harness.DacapoClassLoader;org.dacapo.harness.DacapoClassLoader
ClassLoader.loadClass;org.apache.logging.log4j.core.appender.SocketAppender;org.apache.logging.log4j.core.config.plugins.util.PluginRegistry.decodeCacheFiles;181;org.dacapo.harness.DacapoClassLoader;org.dacapo.harness.DacapoClassLoader
ClassLoader.loadClass;org.apache.logging.log4j.core.appender.SyslogAppender;org.apache.logging.log4j.core.config.plugins.util.PluginRegistry.decodeCacheFiles;181;org.dacapo.harness.DacapoClassLoader;org.dacapo.harness.DacapoClassLoader
ClassLoader.loadClass;org.apache.logging.log4j.core.appender.WriterAppender;org.apache.logging.log4j.core.config.plugins.util.PluginRegistry.decodeCacheFiles;181;org.dacapo.harness.DacapoClassLoader;org.dacapo.harness.DacapoClassLoader
ClassLoader.loadClass;org.apache.logging.log4j.core.appender.db.AbstractDatabaseAppender;java.lang.ClassLoader.defineClass1;;org.dacapo.harness.DacapoClassLoader;org.dacapo.harness.DacapoClassLoader
ClassLoader.loadClass;org.apache.logging.log4j.core.appender.db.ColumnMapping;org.apache.logging.log4j.core.config.plugins.util.PluginRegistry.decodeCacheFiles;181;org.dacapo.harness.DacapoClassLoader;org.dacapo.harness.DacapoClassLoader
ClassLoader.loadClass;org.apache.logging.log4j.core.appender.db.jdbc.AbstractConnectionSource;java.lang.ClassLoader.defineClass1;;org.dacapo.harness.DacapoClassLoader;org.dacapo.harness.DacapoClassLoader
ClassLoader.loadClass;org.apache.logging.log4j.core.appender.db.jdbc.AbstractDriverManagerConnectionSource;java.lang.ClassLoader.defineClass1;;org.dacapo.harness.DacapoClassLoader;org.dacapo.harness.DacapoClassLoader
ClassLoader.loadClass;org.apache.logging.log4j.core.appender.db.jdbc.ColumnConfig;org.apache.logging.log4j.core.config.plugins.util.PluginRegistry.decodeCacheFiles;181;org.dacapo.harness.DacapoClassLoader;org.dacapo.harness.DacapoClassLoader
ClassLoader.loadClass;org.apache.logging.log4j.core.appender.db.jdbc.ConnectionSource;java.lang.ClassLoader.defineClass1;;org.dacapo.harness.DacapoClassLoader;org.dacapo.harness.DacapoClassLoader
ClassLoader.loadClass;org.apache.logging.log4j.core.appender.db.jdbc.DataSourceConnectionSource;org.apache.logging.log4j.core.config.plugins.util.PluginRegistry.decodeCacheFiles;181;org.dacapo.harness.DacapoClassLoader;org.dacapo.harness.DacapoClassLoader
ClassLoader.loadClass;org.apache.logging.log4j.core.appender.db.jdbc.DriverManagerConnectionSource;org.apache.logging.log4j.core.config.plugins.util.PluginRegistry.decodeCacheFiles;181;org.dacapo.harness.DacapoClassLoader;org.dacapo.harness.DacapoClassLoader
ClassLoader.loadClass;org.apache.logging.log4j.core.appender.db.jdbc.FactoryMethodConnectionSource;org.apache.logging.log4j.core.config.plugins.util.PluginRegistry.decodeCacheFiles;181;org.dacapo.harness.DacapoClassLoader;org.dacapo.harness.DacapoClassLoader
ClassLoader.loadClass;org.apache.logging.log4j.core.appender.db.jdbc.JdbcAppender;org.apache.logging.log4j.core.config.plugins.util.PluginRegistry.decodeCacheFiles;181;org.dacapo.harness.DacapoClassLoader;org.dacapo.harness.DacapoClassLoader
ClassLoader.loadClass;org.apache.logging.log4j.core.appender.mom.JmsAppender;org.apache.logging.log4j.core.config.plugins.util.PluginRegistry.decodeCacheFiles;181;org.dacapo.harness.DacapoClassLoader;org.dacapo.harness.DacapoClassLoader
ClassLoader.loadClass;org.apache.logging.log4j.core.appender.mom.jeromq.JeroMqAppender;org.apache.logging.log4j.core.config.plugins.util.PluginRegistry.decodeCacheFiles;181;org.dacapo.harness.DacapoClassLoader;org.dacapo.harness.DacapoClassLoader
ClassLoader.loadClass;org.apache.logging.log4j.core.appender.mom.kafka.KafkaAppender;org.apache.logging.log4j.core.config.plugins.util.PluginRegistry.decodeCacheFiles;181;org.dacapo.harness.DacapoClassLoader;org.dacapo.harness.DacapoClassLoader
ClassLoader.loadClass;org.apache.logging.log4j.core.appender.nosql.NoSqlAppender;org.apache.logging.log4j.core.config.plugins.util.PluginRegistry.decodeCacheFiles;181;org.dacapo.harness.DacapoClassLoader;org.dacapo.harness.DacapoClassLoader
ClassLoader.loadClass;org.apache.logging.log4j.core.appender.rewrite.LoggerNameLevelRewritePolicy;org.apache.logging.log4j.core.config.plugins.util.PluginRegistry.decodeCacheFiles;181;org.dacapo.harness.DacapoClassLoader;org.dacapo.harness.DacapoClassLoader
ClassLoader.loadClass;org.apache.logging.log4j.core.appender.rewrite.MapRewritePolicy;org.apache.logging.log4j.core.config.plugins.util.PluginRegistry.decodeCacheFiles;181;org.dacapo.harness.DacapoClassLoader;org.dacapo.harness.DacapoClassLoader
ClassLoader.loadClass;org.apache.logging.log4j.core.appender.rewrite.PropertiesRewritePolicy;org.apache.logging.log4j.core.config.plugins.util.PluginRegistry.decodeCacheFiles;181;org.dacapo.harness.DacapoClassLoader;org.dacapo.harness.DacapoClassLoader
ClassLoader.loadClass;org.apache.logging.log4j.core.appender.rewrite.RewriteAppender;org.apache.logging.log4j.core.config.plugins.util.PluginRegistry.decodeCacheFiles;181;org.dacapo.harness.DacapoClassLoader;org.dacapo.harness.DacapoClassLoader
ClassLoader.loadClass;org.apache.logging.log4j.core.appender.rewrite.RewritePolicy;java.lang.ClassLoader.defineClass1;;org.dacapo.harness.DacapoClassLoader;org.dacapo.harness.DacapoClassLoader
ClassLoader.loadClass;org.apache.logging.log4j.core.appender.rolling.AbstractRolloverStrategy;java.lang.ClassLoader.defineClass1;;org.dacapo.harness.DacapoClassLoader;org.dacapo.harness.DacapoClassLoader
ClassLoader.loadClass;org.apache.logging.log4j.core.appender.rolling.AbstractTriggeringPolicy;java.lang.ClassLoader.defineClass1;;org.dacapo.harness.DacapoClassLoader;org.dacapo.harness.DacapoClassLoader
ClassLoader.loadClass;org.apache.logging.log4j.core.appender.rolling.CompositeTriggeringPolicy;org.apache.logging.log4j.core.config.plugins.util.PluginRegistry.decodeCacheFiles;181;org.dacapo.harness.DacapoClassLoader;org.dacapo.harness.DacapoClassLoader
ClassLoader.loadClass;org.apache.logging.log4j.core.appender.rolling.CronTriggeringPolicy;org.apache.logging.log4j.core.config.plugins.util.PluginRegistry.decodeCacheFiles;181;org.dacapo.harness.DacapoClassLoader;org.dacapo.harness.DacapoClassLoader
ClassLoader.loadClass;org.apache.logging.log4j.core.appender.rolling.DefaultRolloverStrategy;org.apache.logging.log4j.core.config.plugins.util.PluginRegistry.decodeCacheFiles;181;org.dacapo.harness.DacapoClassLoader;org.dacapo.harness.DacapoClassLoader
ClassLoader.loadClass;org.apache.logging.log4j.core.appender.rolling.DirectFileRolloverStrategy;java.lang.ClassLoader.defineClass1;;org.dacapo.harness.DacapoClassLoader;org.dacapo.harness.DacapoClassLoader
ClassLoader.loadClass;org.apache.logging.log4j.core.appender.rolling.DirectWriteRolloverStrategy;org.apache.logging.log4j.core.config.plugins.util.PluginRegistry.decodeCacheFiles;181;org.dacapo.harness.DacapoClassLoader;org.dacapo.harness.DacapoClassLoader
ClassLoader.loadClass;org.apache.logging.log4j.core.appender.rolling.NoOpTriggeringPolicy;org.apache.logging.log4j.core.config.plugins.util.PluginRegistry.decodeCacheFiles;181;org.dacapo.harness.DacapoClassLoader;org.dacapo.harness.DacapoClassLoader
ClassLoader.loadClass;org.apache.logging.log4j.core.appender.rolling.OnStartupTriggeringPolicy;org.apache.logging.log4j.core.config.plugins.util.PluginRegistry.decodeCacheFiles;181;org.dacapo.harness.DacapoClassLoader;org.dacapo.harness.DacapoClassLoader
ClassLoader.loadClass;org.apache.logging.log4j.core.appender.rolling.RolloverStrategy;java.lang.ClassLoader.defineClass1;;org.dacapo.harness.DacapoClassLoader;org.dacapo.harness.DacapoClassLoader
ClassLoader.loadClass;org.apache.logging.log4j.core.appender.rolling.SizeBasedTriggeringPolicy;org.apache.logging.log4j.core.config.plugins.util.PluginRegistry.decodeCacheFiles;181;org.dacapo.harness.DacapoClassLoader;org.dacapo.harness.DacapoClassLoader
ClassLoader.loadClass;org.apache.logging.log4j.core.appender.rolling.TimeBasedTriggeringPolicy;org.apache.logging.log4j.core.config.plugins.util.PluginRegistry.decodeCacheFiles;181;org.dacapo.harness.DacapoClassLoader;org.dacapo.harness.DacapoClassLoader
ClassLoader.loadClass;org.apache.logging.log4j.core.appender.rolling.TriggeringPolicy;java.lang.ClassLoader.defineClass1;;org.dacapo.harness.DacapoClassLoader;org.dacapo.harness.DacapoClassLoader
ClassLoader.loadClass;org.apache.logging.log4j.core.appender.rolling.action.AbstractAction;java.lang.ClassLoader.defineClass1;;org.dacapo.harness.DacapoClassLoader;org.dacapo.harness.DacapoClassLoader
ClassLoader.loadClass;org.apache.logging.log4j.core.appender.rolling.action.AbstractPathAction;java.lang.ClassLoader.defineClass1;;org.dacapo.harness.DacapoClassLoader;org.dacapo.harness.DacapoClassLoader
ClassLoader.loadClass;org.apache.logging.log4j.core.appender.rolling.action.Action;java.lang.ClassLoader.defineClass1;;org.dacapo.harness.DacapoClassLoader;org.dacapo.harness.DacapoClassLoader
ClassLoader.loadClass;org.apache.logging.log4j.core.appender.rolling.action.DeleteAction;org.apache.logging.log4j.core.config.plugins.util.PluginRegistry.decodeCacheFiles;181;org.dacapo.harness.DacapoClassLoader;org.dacapo.harness.DacapoClassLoader
ClassLoader.loadClass;org.apache.logging.log4j.core.appender.rolling.action.Duration;java.lang.Class.forName0;;org.dacapo.harness.DacapoClassLoader;org.dacapo.harness.DacapoClassLoader
ClassLoader.loadClass;org.apache.logging.log4j.core.appender.rolling.action.IfAccumulatedFileCount;org.apache.logging.log4j.core.config.plugins.util.PluginRegistry.decodeCacheFiles;181;org.dacapo.harness.DacapoClassLoader;org.dacapo.harness.DacapoClassLoader
ClassLoader.loadClass;org.apache.logging.log4j.core.appender.rolling.action.IfAccumulatedFileSize;org.apache.logging.log4j.core.config.plugins.util.PluginRegistry.decodeCacheFiles;181;org.dacapo.harness.DacapoClassLoader;org.dacapo.harness.DacapoClassLoader
ClassLoader.loadClass;org.apache.logging.log4j.core.appender.rolling.action.IfAll;org.apache.logging.log4j.core.config.plugins.util.PluginRegistry.decodeCacheFiles;181;org.dacapo.harness.DacapoClassLoader;org.dacapo.harness.DacapoClassLoader
ClassLoader.loadClass;org.apache.logging.log4j.core.appender.rolling.action.IfAny;org.apache.logging.log4j.core.config.plugins.util.PluginRegistry.decodeCacheFiles;181;org.dacapo.harness.DacapoClassLoader;org.dacapo.harness.DacapoClassLoader
ClassLoader.loadClass;org.apache.logging.log4j.core.appender.rolling.action.IfFileName;org.apache.logging.log4j.core.config.plugins.util.PluginRegistry.decodeCacheFiles;181;org.dacapo.harness.DacapoClassLoader;org.dacapo.harness.DacapoClassLoader
ClassLoader.loadClass;org.apache.logging.log4j.core.appender.rolling.action.IfLastModified;org.apache.logging.log4j.core.config.plugins.util.PluginRegistry.decodeCacheFiles;181;org.dacapo.harness.DacapoClassLoader;org.dacapo.harness.DacapoClassLoader
ClassLoader.loadClass;org.apache.logging.log4j.core.appender.rolling.action.IfNot;org.apache.logging.log4j.core.config.plugins.util.PluginRegistry.decodeCacheFiles;181;org.dacapo.harness.DacapoClassLoader;org.dacapo.harness.DacapoClassLoader
ClassLoader.loadClass;org.apache.logging.log4j.core.appender.rolling.action.PathCondition;java.lang.ClassLoader.defineClass1;;org.dacapo.harness.DacapoClassLoader;org.dacapo.harness.DacapoClassLoader
ClassLoader.loadClass;org.apache.logging.log4j.core.appender.rolling.action.PathSortByModificationTime;org.apache.logging.log4j.core.config.plugins.util.PluginRegistry.decodeCacheFiles;181;org.dacapo.harness.DacapoClassLoader;org.dacapo.harness.DacapoClassLoader
ClassLoader.loadClass;org.apache.logging.log4j.core.appender.rolling.action.PathSorter;java.lang.ClassLoader.defineClass1;;org.dacapo.harness.DacapoClassLoader;org.dacapo.harness.DacapoClassLoader
ClassLoader.loadClass;org.apache.logging.log4j.core.appender.rolling.action.PosixViewAttributeAction;org.apache.logging.log4j.core.config.plugins.util.PluginRegistry.decodeCacheFiles;181;org.dacapo.harness.DacapoClassLoader;org.dacapo.harness.DacapoClassLoader
ClassLoader.loadClass;org.apache.logging.log4j.core.appender.rolling.action.ScriptCondition;org.apache.logging.log4j.core.config.plugins.util.PluginRegistry.decodeCacheFiles;181;org.dacapo.harness.DacapoClassLoader;org.dacapo.harness.DacapoClassLoader
ClassLoader.loadClass;org.apache.logging.log4j.core.appender.routing.IdlePurgePolicy;org.apache.logging.log4j.core.config.plugins.util.PluginRegistry.decodeCacheFiles;181;org.dacapo.harness.DacapoClassLoader;org.dacapo.harness.DacapoClassLoader
ClassLoader.loadClass;org.apache.logging.log4j.core.appender.routing.PurgePolicy;java.lang.ClassLoader.defineClass1;;org.dacapo.harness.DacapoClassLoader;org.dacapo.harness.DacapoClassLoader
ClassLoader.loadClass;org.apache.logging.log4j.core.appender.routing.Route;org.apache.logging.log4j.core.config.plugins.util.PluginRegistry.decodeCacheFiles;181;org.dacapo.harness.DacapoClassLoader;org.dacapo.harness.DacapoClassLoader
ClassLoader.loadClass;org.apache.logging.log4j.core.appender.routing.Routes;org.apache.logging.log4j.core.config.plugins.util.PluginRegistry.decodeCacheFiles;181;org.dacapo.harness.DacapoClassLoader;org.dacapo.harness.DacapoClassLoader
ClassLoader.loadClass;org.apache.logging.log4j.core.appender.routing.RoutingAppender;org.apache.logging.log4j.core.config.plugins.util.PluginRegistry.decodeCacheFiles;181;org.dacapo.harness.DacapoClassLoader;org.dacapo.harness.DacapoClassLoader
ClassLoader.loadClass;org.apache.logging.log4j.core.async.ArrayBlockingQueueFactory;org.apache.logging.log4j.core.config.plugins.util.PluginRegistry.decodeCacheFiles;181;org.dacapo.harness.DacapoClassLoader;org.dacapo.harness.DacapoClassLoader
ClassLoader.loadClass;org.apache.logging.log4j.core.async.AsyncLoggerConfig$RootLogger;org.apache.logging.log4j.core.config.plugins.util.PluginRegistry.decodeCacheFiles;181;org.dacapo.harness.DacapoClassLoader;org.dacapo.harness.DacapoClassLoader
ClassLoader.loadClass;org.apache.logging.log4j.core.async.AsyncLoggerConfig;org.apache.logging.log4j.core.config.plugins.util.PluginRegistry.decodeCacheFiles;181;org.dacapo.harness.DacapoClassLoader;org.dacapo.harness.DacapoClassLoader
ClassLoader.loadClass;org.apache.logging.log4j.core.async.AsyncLoggerConfigDelegate;org.apache.logging.log4j.core.LoggerContext.<clinit>;74;org.dacapo.harness.DacapoClassLoader;org.dacapo.harness.DacapoClassLoader
ClassLoader.loadClass;org.apache.logging.log4j.core.async.AsyncLoggerContext;org.apache.logging.log4j.core.config.LoggerConfig.includeLocation;771;org.dacapo.harness.DacapoClassLoader;org.dacapo.harness.DacapoClassLoader
ClassLoader.loadClass;org.apache.logging.log4j.core.async.BlockingQueueFactory;java.lang.ClassLoader.defineClass1;;org.dacapo.harness.DacapoClassLoader;org.dacapo.harness.DacapoClassLoader
ClassLoader.loadClass;org.apache.logging.log4j.core.async.DisruptorBlockingQueueFactory;org.apache.logging.log4j.core.config.plugins.util.PluginRegistry.decodeCacheFiles;181;org.dacapo.harness.DacapoClassLoader;org.dacapo.harness.DacapoClassLoader
ClassLoader.loadClass;org.apache.logging.log4j.core.async.JCToolsBlockingQueueFactory;org.apache.logging.log4j.core.config.plugins.util.PluginRegistry.decodeCacheFiles;181;org.dacapo.harness.DacapoClassLoader;org.dacapo.harness.DacapoClassLoader
ClassLoader.loadClass;org.apache.logging.log4j.core.async.LinkedTransferQueueFactory;org.apache.logging.log4j.core.config.plugins.util.PluginRegistry.decodeCacheFiles;181;org.dacapo.harness.DacapoClassLoader;org.dacapo.harness.DacapoClassLoader
ClassLoader.loadClass;org.apache.logging.log4j.core.async.ThreadNameCachingStrategy$1;org.apache.logging.log4j.core.impl.ReusableLogEventFactory.<clinit>;38;org.dacapo.harness.DacapoClassLoader;org.dacapo.harness.DacapoClassLoader
ClassLoader.loadClass;org.apache.logging.log4j.core.async.ThreadNameCachingStrategy$2;org.apache.logging.log4j.core.impl.ReusableLogEventFactory.<clinit>;38;org.dacapo.harness.DacapoClassLoader;org.dacapo.harness.DacapoClassLoader
ClassLoader.loadClass;org.apache.logging.log4j.core.async.ThreadNameCachingStrategy;org.apache.logging.log4j.core.impl.ReusableLogEventFactory.<clinit>;38;org.dacapo.harness.DacapoClassLoader;org.dacapo.harness.DacapoClassLoader
ClassLoader.loadClass;org.apache.logging.log4j.core.config.AbstractConfiguration;java.lang.ClassLoader.defineClass1;;org.dacapo.harness.DacapoClassLoader;org.dacapo.harness.DacapoClassLoader
ClassLoader.loadClass;org.apache.logging.log4j.core.config.AppenderControl;org.apache.logging.log4j.core.config.AppenderControlArraySet.<clinit>;35;org.dacapo.harness.DacapoClassLoader;org.dacapo.harness.DacapoClassLoader
ClassLoader.loadClass;org.apache.logging.log4j.core.config.AppenderControlArraySet;org.apache.logging.log4j.core.config.LoggerConfig.<init>;75;org.dacapo.harness.DacapoClassLoader;org.dacapo.harness.DacapoClassLoader
ClassLoader.loadClass;org.apache.logging.log4j.core.config.AppenderRef;org.apache.logging.log4j.core.config.plugins.util.PluginRegistry.decodeCacheFiles;181;org.dacapo.harness.DacapoClassLoader;org.dacapo.harness.DacapoClassLoader
ClassLoader.loadClass;org.apache.logging.log4j.core.config.AppendersPlugin;org.apache.logging.log4j.core.config.plugins.util.PluginRegistry.decodeCacheFiles;181;org.dacapo.harness.DacapoClassLoader;org.dacapo.harness.DacapoClassLoader
ClassLoader.loadClass;org.apache.logging.log4j.core.config.AwaitCompletionReliabilityStrategy;org.apache.logging.log4j.core.config.ReliabilityStrategyFactory.getReliabilityStrategy;52;org.dacapo.harness.DacapoClassLoader;org.dacapo.harness.DacapoClassLoader
ClassLoader.loadClass;org.apache.logging.log4j.core.config.Configuration;java.lang.Class.getDeclaredConstructors0;;org.dacapo.harness.DacapoClassLoader;org.dacapo.harness.DacapoClassLoader
ClassLoader.loadClass;org.apache.logging.log4j.core.config.ConfigurationAware;java.lang.ClassLoader.defineClass1;;org.dacapo.harness.DacapoClassLoader;org.dacapo.harness.DacapoClassLoader
ClassLoader.loadClass;org.apache.logging.log4j.core.config.ConfigurationException;org.apache.logging.log4j.core.lookup.Interpolator.<init>;80;org.dacapo.harness.DacapoClassLoader;org.dacapo.harness.DacapoClassLoader
ClassLoader.loadClass;org.apache.logging.log4j.core.config.ConfigurationFactory$Factory;org.apache.logging.log4j.core.LoggerContext.reconfigure;690;org.dacapo.harness.DacapoClassLoader;org.dacapo.harness.DacapoClassLoader
ClassLoader.loadClass;org.apache.logging.log4j.core.config.ConfigurationFactory;java.lang.ClassLoader.defineClass1;;org.dacapo.harness.DacapoClassLoader;org.dacapo.harness.DacapoClassLoader
ClassLoader.loadClass;org.apache.logging.log4j.core.config.ConfigurationListener;java.lang.ClassLoader.defineClass1;;org.dacapo.harness.DacapoClassLoader;org.dacapo.harness.DacapoClassLoader
ClassLoader.loadClass;org.apache.logging.log4j.core.config.ConfigurationScheduler;org.apache.logging.log4j.core.config.AbstractConfiguration.<init>;139;org.dacapo.harness.DacapoClassLoader;org.dacapo.harness.DacapoClassLoader
ClassLoader.loadClass;org.apache.logging.log4j.core.config.ConfigurationSource;org.apache.logging.log4j.core.config.NullConfiguration.<init>;32;org.dacapo.harness.DacapoClassLoader;org.dacapo.harness.DacapoClassLoader
ClassLoader.loadClass;org.apache.logging.log4j.core.config.CustomLevelConfig;org.apache.logging.log4j.core.config.plugins.util.PluginRegistry.decodeCacheFiles;181;org.dacapo.harness.DacapoClassLoader;org.dacapo.harness.DacapoClassLoader
ClassLoader.loadClass;org.apache.logging.log4j.core.config.CustomLevels;org.apache.logging.log4j.core.config.plugins.util.PluginRegistry.decodeCacheFiles;181;org.dacapo.harness.DacapoClassLoader;org.dacapo.harness.DacapoClassLoader
ClassLoader.loadClass;org.apache.logging.log4j.core.config.DefaultAdvertiser;org.apache.logging.log4j.core.config.AbstractConfiguration.<init>;125;org.dacapo.harness.DacapoClassLoader;org.dacapo.harness.DacapoClassLoader
ClassLoader.loadClass;org.apache.logging.log4j.core.config.DefaultAdvertiser;org.apache.logging.log4j.core.config.plugins.util.PluginRegistry.decodeCacheFiles;181;org.dacapo.harness.DacapoClassLoader;org.dacapo.harness.DacapoClassLoader
ClassLoader.loadClass;org.apache.logging.log4j.core.config.DefaultConfiguration;org.apache.logging.log4j.core.LoggerContext.<init>;84;org.dacapo.harness.DacapoClassLoader;org.dacapo.harness.DacapoClassLoader
ClassLoader.loadClass;org.apache.logging.log4j.core.config.DefaultReliabilityStrategy;org.apache.logging.log4j.core.config.LoggerConfig.<init>;247;org.dacapo.harness.DacapoClassLoader;org.dacapo.harness.DacapoClassLoader
ClassLoader.loadClass;org.apache.logging.log4j.core.config.HttpWatcher;org.apache.logging.log4j.core.config.plugins.util.PluginRegistry.decodeCacheFiles;181;org.dacapo.harness.DacapoClassLoader;org.dacapo.harness.DacapoClassLoader
ClassLoader.loadClass;org.apache.logging.log4j.core.config.LocationAwareReliabilityStrategy;java.lang.ClassLoader.defineClass1;;org.dacapo.harness.DacapoClassLoader;org.dacapo.harness.DacapoClassLoader
ClassLoader.loadClass;org.apache.logging.log4j.core.config.LoggerConfig$LevelAndRefs;org.apache.logging.log4j.core.config.LoggerConfig.getLevelAndRefs;927;org.dacapo.harness.DacapoClassLoader;org.dacapo.harness.DacapoClassLoader
ClassLoader.loadClass;org.apache.logging.log4j.core.config.LoggerConfig$RootLogger$Builder;java.lang.Class.getDeclaredMethods0;;org.dacapo.harness.DacapoClassLoader;org.dacapo.harness.DacapoClassLoader
ClassLoader.loadClass;org.apache.logging.log4j.core.config.LoggerConfig$RootLogger;org.apache.logging.log4j.core.config.plugins.util.PluginRegistry.decodeCacheFiles;181;org.dacapo.harness.DacapoClassLoader;org.dacapo.harness.DacapoClassLoader
ClassLoader.loadClass;org.apache.logging.log4j.core.config.LoggerConfig;java.lang.ClassLoader.defineClass1;;org.dacapo.harness.DacapoClassLoader;org.dacapo.harness.DacapoClassLoader
ClassLoader.loadClass;org.apache.logging.log4j.core.config.LoggerConfig;org.apache.logging.log4j.core.config.plugins.util.PluginRegistry.decodeCacheFiles;181;org.dacapo.harness.DacapoClassLoader;org.dacapo.harness.DacapoClassLoader
ClassLoader.loadClass;org.apache.logging.log4j.core.config.Loggers;java.lang.Class.getDeclaredMethods0;;org.dacapo.harness.DacapoClassLoader;org.dacapo.harness.DacapoClassLoader
ClassLoader.loadClass;org.apache.logging.log4j.core.config.LoggersPlugin;org.apache.logging.log4j.core.config.plugins.util.PluginRegistry.decodeCacheFiles;181;org.dacapo.harness.DacapoClassLoader;org.dacapo.harness.DacapoClassLoader
ClassLoader.loadClass;org.apache.logging.log4j.core.config.Node;org.apache.logging.log4j.core.config.AbstractConfiguration.<init>;155;org.dacapo.harness.DacapoClassLoader;org.dacapo.harness.DacapoClassLoader
ClassLoader.loadClass;org.apache.logging.log4j.core.config.NullConfiguration;org.apache.logging.log4j.core.LoggerContext.<clinit>;74;org.dacapo.harness.DacapoClassLoader;org.dacapo.harness.DacapoClassLoader
ClassLoader.loadClass;org.apache.logging.log4j.core.config.Order;org.apache.logging.log4j.core.config.OrderComparator.compare;44;org.dacapo.harness.DacapoClassLoader;org.dacapo.harness.DacapoClassLoader
ClassLoader.loadClass;org.apache.logging.log4j.core.config.OrderComparator;org.apache.logging.log4j.core.config.ConfigurationFactory.getInstance;184;org.dacapo.harness.DacapoClassLoader;org.dacapo.harness.DacapoClassLoader
ClassLoader.loadClass;org.apache.logging.log4j.core.config.PropertiesPlugin;org.apache.logging.log4j.core.config.plugins.util.PluginRegistry.decodeCacheFiles;181;org.dacapo.harness.DacapoClassLoader;org.dacapo.harness.DacapoClassLoader
ClassLoader.loadClass;org.apache.logging.log4j.core.config.Property;org.apache.logging.log4j.core.config.plugins.util.PluginRegistry.decodeCacheFiles;181;org.dacapo.harness.DacapoClassLoader;org.dacapo.harness.DacapoClassLoader
ClassLoader.loadClass;org.apache.logging.log4j.core.config.Property;org.apache.logging.log4j.core.filter.AbstractFilterable.<init>;95;org.dacapo.harness.DacapoClassLoader;org.dacapo.harness.DacapoClassLoader
ClassLoader.loadClass;org.apache.logging.log4j.core.config.Reconfigurable;java.lang.ClassLoader.defineClass1;;org.dacapo.harness.DacapoClassLoader;org.dacapo.harness.DacapoClassLoader
ClassLoader.loadClass;org.apache.logging.log4j.core.config.ReliabilityStrategy;org.apache.logging.log4j.core.config.AbstractConfiguration.<init>;136;org.dacapo.harness.DacapoClassLoader;org.dacapo.harness.DacapoClassLoader
ClassLoader.loadClass;org.apache.logging.log4j.core.config.ReliabilityStrategyFactory;org.apache.logging.log4j.core.config.AbstractConfiguration.getReliabilityStrategy;840;org.dacapo.harness.DacapoClassLoader;org.dacapo.harness.DacapoClassLoader
ClassLoader.loadClass;org.apache.logging.log4j.core.config.Scheduled;org.apache.logging.log4j.core.config.AbstractConfiguration.preConfigure;523;org.dacapo.harness.DacapoClassLoader;org.dacapo.harness.DacapoClassLoader
ClassLoader.loadClass;org.apache.logging.log4j.core.config.ScriptsPlugin;org.apache.logging.log4j.core.config.plugins.util.PluginRegistry.decodeCacheFiles;181;org.dacapo.harness.DacapoClassLoader;org.dacapo.harness.DacapoClassLoader
ClassLoader.loadClass;org.apache.logging.log4j.core.config.arbiters.Arbiter;java.lang.ClassLoader.defineClass1;;org.dacapo.harness.DacapoClassLoader;org.dacapo.harness.DacapoClassLoader
ClassLoader.loadClass;org.apache.logging.log4j.core.config.arbiters.ClassArbiter;org.apache.logging.log4j.core.config.plugins.util.PluginRegistry.decodeCacheFiles;181;org.dacapo.harness.DacapoClassLoader;org.dacapo.harness.DacapoClassLoader
ClassLoader.loadClass;org.apache.logging.log4j.core.config.arbiters.DefaultArbiter;org.apache.logging.log4j.core.config.plugins.util.PluginRegistry.decodeCacheFiles;181;org.dacapo.harness.DacapoClassLoader;org.dacapo.harness.DacapoClassLoader
ClassLoader.loadClass;org.apache.logging.log4j.core.config.arbiters.ScriptArbiter;org.apache.logging.log4j.core.config.plugins.util.PluginRegistry.decodeCacheFiles;181;org.dacapo.harness.DacapoClassLoader;org.dacapo.harness.DacapoClassLoader
ClassLoader.loadClass;org.apache.logging.log4j.core.config.arbiters.SelectArbiter;org.apache.logging.log4j.core.config.plugins.util.PluginRegistry.decodeCacheFiles;181;org.dacapo.harness.DacapoClassLoader;org.dacapo.harness.DacapoClassLoader
ClassLoader.loadClass;org.apache.logging.log4j.core.config.arbiters.SystemPropertyArbiter;org.apache.logging.log4j.core.config.plugins.util.PluginRegistry.decodeCacheFiles;181;org.dacapo.harness.DacapoClassLoader;org.dacapo.harness.DacapoClassLoader
ClassLoader.loadClass;org.apache.logging.log4j.core.config.builder.api.ConfigurationBuilder;org.apache.logging.log4j.core.LoggerContext.reconfigure;690;org.dacapo.harness.DacapoClassLoader;org.dacapo.harness.DacapoClassLoader
ClassLoader.loadClass;org.apache.logging.log4j.core.config.builder.api.ConfigurationBuilderFactory;java.lang.ClassLoader.defineClass1;;org.dacapo.harness.DacapoClassLoader;org.dacapo.harness.DacapoClassLoader
ClassLoader.loadClass;org.apache.logging.log4j.core.config.json.JsonConfigurationFactory;org.apache.logging.log4j.core.config.plugins.util.PluginRegistry.decodeCacheFiles;181;org.dacapo.harness.DacapoClassLoader;org.dacapo.harness.DacapoClassLoader
ClassLoader.loadClass;org.apache.logging.log4j.core.config.plugins.Plugin;java.lang.Class.forName0;;org.dacapo.harness.DacapoClassLoader;org.dacapo.harness.DacapoClassLoader
ClassLoader.loadClass;org.apache.logging.log4j.core.config.plugins.PluginAliases;java.lang.Class.forName0;;org.dacapo.harness.DacapoClassLoader;org.dacapo.harness.DacapoClassLoader
ClassLoader.loadClass;org.apache.logging.log4j.core.config.plugins.PluginAttribute;java.lang.Class.forName0;;org.dacapo.harness.DacapoClassLoader;org.dacapo.harness.DacapoClassLoader
ClassLoader.loadClass;org.apache.logging.log4j.core.config.plugins.PluginBuilderAttribute;java.lang.Class.forName0;;org.dacapo.harness.DacapoClassLoader;org.dacapo.harness.DacapoClassLoader
ClassLoader.loadClass;org.apache.logging.log4j.core.config.plugins.PluginBuilderFactory;org.apache.logging.log4j.core.config.plugins.util.PluginBuilder.createBuilder;155;org.dacapo.harness.DacapoClassLoader;org.dacapo.harness.DacapoClassLoader
ClassLoader.loadClass;org.apache.logging.log4j.core.config.plugins.PluginConfiguration;java.lang.Class.forName0;;org.dacapo.harness.DacapoClassLoader;org.dacapo.harness.DacapoClassLoader
ClassLoader.loadClass;org.apache.logging.log4j.core.config.plugins.PluginElement;java.lang.Class.forName0;;org.dacapo.harness.DacapoClassLoader;org.dacapo.harness.DacapoClassLoader
ClassLoader.loadClass;org.apache.logging.log4j.core.config.plugins.PluginFactory;java.lang.Class.forName0;;org.dacapo.harness.DacapoClassLoader;org.dacapo.harness.DacapoClassLoader
ClassLoader.loadClass;org.apache.logging.log4j.core.config.plugins.PluginVisitorStrategy;java.lang.Class.forName0;;org.dacapo.harness.DacapoClassLoader;org.dacapo.harness.DacapoClassLoader
ClassLoader.loadClass;org.apache.logging.log4j.core.config.plugins.convert.EnumConverter;org.apache.logging.log4j.core.config.plugins.convert.TypeConverterRegistry.findCompatibleConverter;88;org.dacapo.harness.DacapoClassLoader;org.dacapo.harness.DacapoClassLoader
ClassLoader.loadClass;org.apache.logging.log4j.core.config.plugins.convert.TypeConverter;java.lang.ClassLoader.defineClass1;;org.dacapo.harness.DacapoClassLoader;org.dacapo.harness.DacapoClassLoader
ClassLoader.loadClass;org.apache.logging.log4j.core.config.plugins.convert.TypeConverterRegistry;org.apache.logging.log4j.core.config.plugins.convert.TypeConverters.convert;413;org.dacapo.harness.DacapoClassLoader;org.dacapo.harness.DacapoClassLoader
ClassLoader.loadClass;org.apache.logging.log4j.core.config.plugins.convert.TypeConverters$BigDecimalConverter;org.apache.logging.log4j.core.config.plugins.util.PluginRegistry.decodeCacheFiles;181;org.dacapo.harness.DacapoClassLoader;org.dacapo.harness.DacapoClassLoader
ClassLoader.loadClass;org.apache.logging.log4j.core.config.plugins.convert.TypeConverters$BigIntegerConverter;org.apache.logging.log4j.core.config.plugins.util.PluginRegistry.decodeCacheFiles;181;org.dacapo.harness.DacapoClassLoader;org.dacapo.harness.DacapoClassLoader
ClassLoader.loadClass;org.apache.logging.log4j.core.config.plugins.convert.TypeConverters$BooleanConverter;org.apache.logging.log4j.core.config.plugins.util.PluginRegistry.decodeCacheFiles;181;org.dacapo.harness.DacapoClassLoader;org.dacapo.harness.DacapoClassLoader
ClassLoader.loadClass;org.apache.logging.log4j.core.config.plugins.convert.TypeConverters$ByteArrayConverter;org.apache.logging.log4j.core.config.plugins.util.PluginRegistry.decodeCacheFiles;181;org.dacapo.harness.DacapoClassLoader;org.dacapo.harness.DacapoClassLoader
ClassLoader.loadClass;org.apache.logging.log4j.core.config.plugins.convert.TypeConverters$ByteConverter;org.apache.logging.log4j.core.config.plugins.util.PluginRegistry.decodeCacheFiles;181;org.dacapo.harness.DacapoClassLoader;org.dacapo.harness.DacapoClassLoader
ClassLoader.loadClass;org.apache.logging.log4j.core.config.plugins.convert.TypeConverters$CharArrayConverter;org.apache.logging.log4j.core.config.plugins.util.PluginRegistry.decodeCacheFiles;181;org.dacapo.harness.DacapoClassLoader;org.dacapo.harness.DacapoClassLoader
ClassLoader.loadClass;org.apache.logging.log4j.core.config.plugins.convert.TypeConverters$CharacterConverter;org.apache.logging.log4j.core.config.plugins.util.PluginRegistry.decodeCacheFiles;181;org.dacapo.harness.DacapoClassLoader;org.dacapo.harness.DacapoClassLoader
ClassLoader.loadClass;org.apache.logging.log4j.core.config.plugins.convert.TypeConverters$CharsetConverter;org.apache.logging.log4j.core.config.plugins.util.PluginRegistry.decodeCacheFiles;181;org.dacapo.harness.DacapoClassLoader;org.dacapo.harness.DacapoClassLoader
ClassLoader.loadClass;org.apache.logging.log4j.core.config.plugins.convert.TypeConverters$ClassConverter;org.apache.logging.log4j.core.config.plugins.util.PluginRegistry.decodeCacheFiles;181;org.dacapo.harness.DacapoClassLoader;org.dacapo.harness.DacapoClassLoader
ClassLoader.loadClass;org.apache.logging.log4j.core.config.plugins.convert.TypeConverters$CronExpressionConverter;org.apache.logging.log4j.core.config.plugins.util.PluginRegistry.decodeCacheFiles;181;org.dacapo.harness.DacapoClassLoader;org.dacapo.harness.DacapoClassLoader
ClassLoader.loadClass;org.apache.logging.log4j.core.config.plugins.convert.TypeConverters$DoubleConverter;org.apache.logging.log4j.core.config.plugins.util.PluginRegistry.decodeCacheFiles;181;org.dacapo.harness.DacapoClassLoader;org.dacapo.harness.DacapoClassLoader
ClassLoader.loadClass;org.apache.logging.log4j.core.config.plugins.convert.TypeConverters$DurationConverter;org.apache.logging.log4j.core.config.plugins.util.PluginRegistry.decodeCacheFiles;181;org.dacapo.harness.DacapoClassLoader;org.dacapo.harness.DacapoClassLoader
ClassLoader.loadClass;org.apache.logging.log4j.core.config.plugins.convert.TypeConverters$FileConverter;org.apache.logging.log4j.core.config.plugins.util.PluginRegistry.decodeCacheFiles;181;org.dacapo.harness.DacapoClassLoader;org.dacapo.harness.DacapoClassLoader
ClassLoader.loadClass;org.apache.logging.log4j.core.config.plugins.convert.TypeConverters$FloatConverter;org.apache.logging.log4j.core.config.plugins.util.PluginRegistry.decodeCacheFiles;181;org.dacapo.harness.DacapoClassLoader;org.dacapo.harness.DacapoClassLoader
ClassLoader.loadClass;org.apache.logging.log4j.core.config.plugins.convert.TypeConverters$InetAddressConverter;org.apache.logging.log4j.core.config.plugins.util.PluginRegistry.decodeCacheFiles;181;org.dacapo.harness.DacapoClassLoader;org.dacapo.harness.DacapoClassLoader
ClassLoader.loadClass;org.apache.logging.log4j.core.config.plugins.convert.TypeConverters$IntegerConverter;org.apache.logging.log4j.core.config.plugins.util.PluginRegistry.decodeCacheFiles;181;org.dacapo.harness.DacapoClassLoader;org.dacapo.harness.DacapoClassLoader
ClassLoader.loadClass;org.apache.logging.log4j.core.config.plugins.convert.TypeConverters$LevelConverter;org.apache.logging.log4j.core.config.plugins.util.PluginRegistry.decodeCacheFiles;181;org.dacapo.harness.DacapoClassLoader;org.dacapo.harness.DacapoClassLoader
ClassLoader.loadClass;org.apache.logging.log4j.core.config.plugins.convert.TypeConverters$LongConverter;org.apache.logging.log4j.core.config.plugins.util.PluginRegistry.decodeCacheFiles;181;org.dacapo.harness.DacapoClassLoader;org.dacapo.harness.DacapoClassLoader
ClassLoader.loadClass;org.apache.logging.log4j.core.config.plugins.convert.TypeConverters$PathConverter;org.apache.logging.log4j.core.config.plugins.util.PluginRegistry.decodeCacheFiles;181;org.dacapo.harness.DacapoClassLoader;org.dacapo.harness.DacapoClassLoader
ClassLoader.loadClass;org.apache.logging.log4j.core.config.plugins.convert.TypeConverters$PatternConverter;org.apache.logging.log4j.core.config.plugins.util.PluginRegistry.decodeCacheFiles;181;org.dacapo.harness.DacapoClassLoader;org.dacapo.harness.DacapoClassLoader
ClassLoader.loadClass;org.apache.logging.log4j.core.config.plugins.convert.TypeConverters$SecurityProviderConverter;org.apache.logging.log4j.core.config.plugins.util.PluginRegistry.decodeCacheFiles;181;org.dacapo.harness.DacapoClassLoader;org.dacapo.harness.DacapoClassLoader
ClassLoader.loadClass;org.apache.logging.log4j.core.config.plugins.convert.TypeConverters$ShortConverter;org.apache.logging.log4j.core.config.plugins.util.PluginRegistry.decodeCacheFiles;181;org.dacapo.harness.DacapoClassLoader;org.dacapo.harness.DacapoClassLoader
ClassLoader.loadClass;org.apache.logging.log4j.core.config.plugins.convert.TypeConverters$StringConverter;org.apache.logging.log4j.core.config.plugins.util.PluginRegistry.decodeCacheFiles;181;org.dacapo.harness.DacapoClassLoader;org.dacapo.harness.DacapoClassLoader
ClassLoader.loadClass;org.apache.logging.log4j.core.config.plugins.convert.TypeConverters$UriConverter;org.apache.logging.log4j.core.config.plugins.util.PluginRegistry.decodeCacheFiles;181;org.dacapo.harness.DacapoClassLoader;org.dacapo.harness.DacapoClassLoader
ClassLoader.loadClass;org.apache.logging.log4j.core.config.plugins.convert.TypeConverters$UrlConverter;org.apache.logging.log4j.core.config.plugins.util.PluginRegistry.decodeCacheFiles;181;org.dacapo.harness.DacapoClassLoader;org.dacapo.harness.DacapoClassLoader
ClassLoader.loadClass;org.apache.logging.log4j.core.config.plugins.convert.TypeConverters$UuidConverter;org.apache.logging.log4j.core.config.plugins.util.PluginRegistry.decodeCacheFiles;181;org.dacapo.harness.DacapoClassLoader;org.dacapo.harness.DacapoClassLoader
ClassLoader.loadClass;org.apache.logging.log4j.core.config.plugins.convert.TypeConverters;org.apache.logging.log4j.core.config.plugins.visitors.AbstractPluginVisitor.convert;151;org.dacapo.harness.DacapoClassLoader;org.dacapo.harness.DacapoClassLoader
ClassLoader.loadClass;org.apache.logging.log4j.core.config.plugins.processor.PluginCache;org.apache.logging.log4j.core.config.plugins.util.PluginRegistry.decodeCacheFiles;160;org.dacapo.harness.DacapoClassLoader;org.dacapo.harness.DacapoClassLoader
ClassLoader.loadClass;org.apache.logging.log4j.core.config.plugins.processor.PluginEntry;org.apache.logging.log4j.core.config.plugins.processor.PluginCache.loadCacheFiles;110;org.dacapo.harness.DacapoClassLoader;org.dacapo.harness.DacapoClassLoader
ClassLoader.loadClass;org.apache.logging.log4j.core.config.plugins.util.PluginBuilder;org.apache.logging.log4j.core.config.AbstractConfiguration.createPluginObject;1122;org.dacapo.harness.DacapoClassLoader;org.dacapo.harness.DacapoClassLoader
ClassLoader.loadClass;org.apache.logging.log4j.core.config.plugins.util.PluginManager;org.apache.logging.log4j.core.lookup.Interpolator.<init>;73;org.dacapo.harness.DacapoClassLoader;org.dacapo.harness.DacapoClassLoader
ClassLoader.loadClass;org.apache.logging.log4j.core.config.plugins.util.PluginRegistry;org.apache.logging.log4j.core.config.plugins.util.PluginManager.collectPlugins;132;org.dacapo.harness.DacapoClassLoader;org.dacapo.harness.DacapoClassLoader
ClassLoader.loadClass;org.apache.logging.log4j.core.config.plugins.util.PluginType;org.apache.logging.log4j.core.config.plugins.util.PluginRegistry.decodeCacheFiles;182;org.dacapo.harness.DacapoClassLoader;org.dacapo.harness.DacapoClassLoader
ClassLoader.loadClass;org.apache.logging.log4j.core.config.plugins.util.ResolverUtil$Test;org.apache.logging.log4j.core.config.plugins.util.PluginManager.collectPlugins;132;org.dacapo.harness.DacapoClassLoader;org.dacapo.harness.DacapoClassLoader
ClassLoader.loadClass;org.apache.logging.log4j.core.config.plugins.util.ResolverUtil;org.apache.logging.log4j.core.config.xml.XmlConfiguration.<clinit>;69;org.dacapo.harness.DacapoClassLoader;org.dacapo.harness.DacapoClassLoader
ClassLoader.loadClass;org.apache.logging.log4j.core.config.plugins.validation.Constraint;org.apache.logging.log4j.core.config.plugins.validation.ConstraintValidators.findValidators;49;org.dacapo.harness.DacapoClassLoader;org.dacapo.harness.DacapoClassLoader
ClassLoader.loadClass;org.apache.logging.log4j.core.config.plugins.validation.ConstraintValidator;java.lang.ClassLoader.defineClass1;;org.dacapo.harness.DacapoClassLoader;org.dacapo.harness.DacapoClassLoader
ClassLoader.loadClass;org.apache.logging.log4j.core.config.plugins.validation.ConstraintValidators;org.apache.logging.log4j.core.config.plugins.util.PluginBuilder.injectFields;197;org.dacapo.harness.DacapoClassLoader;org.dacapo.harness.DacapoClassLoader
ClassLoader.loadClass;org.apache.logging.log4j.core.config.plugins.validation.constraints.Required;java.lang.Class.forName0;;org.dacapo.harness.DacapoClassLoader;org.dacapo.harness.DacapoClassLoader
ClassLoader.loadClass;org.apache.logging.log4j.core.config.plugins.validation.validators.RequiredValidator;java.lang.Class.forName0;;org.dacapo.harness.DacapoClassLoader;org.dacapo.harness.DacapoClassLoader
ClassLoader.loadClass;org.apache.logging.log4j.core.config.plugins.visitors.AbstractPluginVisitor;java.lang.ClassLoader.defineClass1;;org.dacapo.harness.DacapoClassLoader;org.dacapo.harness.DacapoClassLoader
ClassLoader.loadClass;org.apache.logging.log4j.core.config.plugins.visitors.PluginAttributeVisitor;java.lang.Class.forName0;;org.dacapo.harness.DacapoClassLoader;org.dacapo.harness.DacapoClassLoader
ClassLoader.loadClass;org.apache.logging.log4j.core.config.plugins.visitors.PluginBuilderAttributeVisitor;java.lang.Class.forName0;;org.dacapo.harness.DacapoClassLoader;org.dacapo.harness.DacapoClassLoader
ClassLoader.loadClass;org.apache.logging.log4j.core.config.plugins.visitors.PluginConfigurationVisitor;java.lang.Class.forName0;;org.dacapo.harness.DacapoClassLoader;org.dacapo.harness.DacapoClassLoader
ClassLoader.loadClass;org.apache.logging.log4j.core.config.plugins.visitors.PluginElementVisitor;java.lang.Class.forName0;;org.dacapo.harness.DacapoClassLoader;org.dacapo.harness.DacapoClassLoader
ClassLoader.loadClass;org.apache.logging.log4j.core.config.plugins.visitors.PluginVisitor;java.lang.ClassLoader.defineClass1;;org.dacapo.harness.DacapoClassLoader;org.dacapo.harness.DacapoClassLoader
ClassLoader.loadClass;org.apache.logging.log4j.core.config.plugins.visitors.PluginVisitors;org.apache.logging.log4j.core.config.plugins.util.PluginBuilder.injectFields;180;org.dacapo.harness.DacapoClassLoader;org.dacapo.harness.DacapoClassLoader
ClassLoader.loadClass;org.apache.logging.log4j.core.config.properties.PropertiesConfigurationFactory;org.apache.logging.log4j.core.config.plugins.util.PluginRegistry.decodeCacheFiles;181;org.dacapo.harness.DacapoClassLoader;org.dacapo.harness.DacapoClassLoader
ClassLoader.loadClass;org.apache.logging.log4j.core.config.status.StatusConfiguration$Verbosity;org.apache.logging.log4j.core.config.status.StatusConfiguration.<clinit>;44;org.dacapo.harness.DacapoClassLoader;org.dacapo.harness.DacapoClassLoader
ClassLoader.loadClass;org.apache.logging.log4j.core.config.status.StatusConfiguration;org.apache.logging.log4j.core.config.xml.XmlConfiguration.<init>;110;org.dacapo.harness.DacapoClassLoader;org.dacapo.harness.DacapoClassLoader
ClassLoader.loadClass;org.apache.logging.log4j.core.config.xml.XmlConfiguration;org.apache.logging.log4j.core.config.xml.XmlConfigurationFactory.getConfiguration;46;org.dacapo.harness.DacapoClassLoader;org.dacapo.harness.DacapoClassLoader
ClassLoader.loadClass;org.apache.logging.log4j.core.config.xml.XmlConfigurationFactory;org.apache.logging.log4j.core.config.plugins.util.PluginRegistry.decodeCacheFiles;181;org.dacapo.harness.DacapoClassLoader;org.dacapo.harness.DacapoClassLoader
ClassLoader.loadClass;org.apache.logging.log4j.core.config.yaml.YamlConfigurationFactory;org.apache.logging.log4j.core.config.plugins.util.PluginRegistry.decodeCacheFiles;181;org.dacapo.harness.DacapoClassLoader;org.dacapo.harness.DacapoClassLoader
ClassLoader.loadClass;org.apache.logging.log4j.core.filter.AbstractFilter;java.lang.ClassLoader.defineClass1;;org.dacapo.harness.DacapoClassLoader;org.dacapo.harness.DacapoClassLoader
ClassLoader.loadClass;org.apache.logging.log4j.core.filter.AbstractFilterable$Builder;java.lang.ClassLoader.defineClass1;;org.dacapo.harness.DacapoClassLoader;org.dacapo.harness.DacapoClassLoader
ClassLoader.loadClass;org.apache.logging.log4j.core.filter.AbstractFilterable;java.lang.ClassLoader.defineClass1;;org.dacapo.harness.DacapoClassLoader;org.dacapo.harness.DacapoClassLoader
ClassLoader.loadClass;org.apache.logging.log4j.core.filter.BurstFilter;org.apache.logging.log4j.core.config.plugins.util.PluginRegistry.decodeCacheFiles;181;org.dacapo.harness.DacapoClassLoader;org.dacapo.harness.DacapoClassLoader
ClassLoader.loadClass;org.apache.logging.log4j.core.filter.CompositeFilter;org.apache.logging.log4j.core.config.plugins.util.PluginRegistry.decodeCacheFiles;181;org.dacapo.harness.DacapoClassLoader;org.dacapo.harness.DacapoClassLoader
ClassLoader.loadClass;org.apache.logging.log4j.core.filter.DenyAllFilter;org.apache.logging.log4j.core.config.plugins.util.PluginRegistry.decodeCacheFiles;181;org.dacapo.harness.DacapoClassLoader;org.dacapo.harness.DacapoClassLoader
ClassLoader.loadClass;org.apache.logging.log4j.core.filter.DynamicThresholdFilter;org.apache.logging.log4j.core.config.plugins.util.PluginRegistry.decodeCacheFiles;181;org.dacapo.harness.DacapoClassLoader;org.dacapo.harness.DacapoClassLoader
ClassLoader.loadClass;org.apache.logging.log4j.core.filter.Filterable;java.lang.ClassLoader.defineClass1;;org.dacapo.harness.DacapoClassLoader;org.dacapo.harness.DacapoClassLoader
ClassLoader.loadClass;org.apache.logging.log4j.core.filter.LevelMatchFilter;org.apache.logging.log4j.core.config.plugins.util.PluginRegistry.decodeCacheFiles;181;org.dacapo.harness.DacapoClassLoader;org.dacapo.harness.DacapoClassLoader
ClassLoader.loadClass;org.apache.logging.log4j.core.filter.LevelRangeFilter;org.apache.logging.log4j.core.config.plugins.util.PluginRegistry.decodeCacheFiles;181;org.dacapo.harness.DacapoClassLoader;org.dacapo.harness.DacapoClassLoader
ClassLoader.loadClass;org.apache.logging.log4j.core.filter.MapFilter;java.lang.ClassLoader.defineClass1;;org.dacapo.harness.DacapoClassLoader;org.dacapo.harness.DacapoClassLoader
ClassLoader.loadClass;org.apache.logging.log4j.core.filter.MapFilter;org.apache.logging.log4j.core.config.plugins.util.PluginRegistry.decodeCacheFiles;181;org.dacapo.harness.DacapoClassLoader;org.dacapo.harness.DacapoClassLoader
ClassLoader.loadClass;org.apache.logging.log4j.core.filter.MarkerFilter;org.apache.logging.log4j.core.config.plugins.util.PluginRegistry.decodeCacheFiles;181;org.dacapo.harness.DacapoClassLoader;org.dacapo.harness.DacapoClassLoader
ClassLoader.loadClass;org.apache.logging.log4j.core.filter.NoMarkerFilter;org.apache.logging.log4j.core.config.plugins.util.PluginRegistry.decodeCacheFiles;181;org.dacapo.harness.DacapoClassLoader;org.dacapo.harness.DacapoClassLoader
ClassLoader.loadClass;org.apache.logging.log4j.core.filter.RegexFilter;org.apache.logging.log4j.core.config.plugins.util.PluginRegistry.decodeCacheFiles;181;org.dacapo.harness.DacapoClassLoader;org.dacapo.harness.DacapoClassLoader
ClassLoader.loadClass;org.apache.logging.log4j.core.filter.ScriptFilter;org.apache.logging.log4j.core.config.plugins.util.PluginRegistry.decodeCacheFiles;181;org.dacapo.harness.DacapoClassLoader;org.dacapo.harness.DacapoClassLoader
ClassLoader.loadClass;org.apache.logging.log4j.core.filter.StringMatchFilter;org.apache.logging.log4j.core.config.plugins.util.PluginRegistry.decodeCacheFiles;181;org.dacapo.harness.DacapoClassLoader;org.dacapo.harness.DacapoClassLoader
ClassLoader.loadClass;org.apache.logging.log4j.core.filter.StructuredDataFilter;org.apache.logging.log4j.core.config.plugins.util.PluginRegistry.decodeCacheFiles;181;org.dacapo.harness.DacapoClassLoader;org.dacapo.harness.DacapoClassLoader
ClassLoader.loadClass;org.apache.logging.log4j.core.filter.ThreadContextMapFilter;org.apache.logging.log4j.core.config.plugins.util.PluginRegistry.decodeCacheFiles;181;org.dacapo.harness.DacapoClassLoader;org.dacapo.harness.DacapoClassLoader
ClassLoader.loadClass;org.apache.logging.log4j.core.filter.ThresholdFilter;org.apache.logging.log4j.core.config.plugins.util.PluginRegistry.decodeCacheFiles;181;org.dacapo.harness.DacapoClassLoader;org.dacapo.harness.DacapoClassLoader
ClassLoader.loadClass;org.apache.logging.log4j.core.filter.TimeFilter;org.apache.logging.log4j.core.config.plugins.util.PluginRegistry.decodeCacheFiles;181;org.dacapo.harness.DacapoClassLoader;org.dacapo.harness.DacapoClassLoader
ClassLoader.loadClass;org.apache.logging.log4j.core.impl.ContextDataInjectorFactory;org.apache.logging.log4j.core.lookup.ContextMapLookup.<init>;34;org.dacapo.harness.DacapoClassLoader;org.dacapo.harness.DacapoClassLoader
ClassLoader.loadClass;org.apache.logging.log4j.core.impl.LocationAware;java.lang.ClassLoader.defineClass1;;org.dacapo.harness.DacapoClassLoader;org.dacapo.harness.DacapoClassLoader
ClassLoader.loadClass;org.apache.logging.log4j.core.impl.LocationAwareLogEventFactory;java.lang.ClassLoader.defineClass1;;org.dacapo.harness.DacapoClassLoader;org.dacapo.harness.DacapoClassLoader
ClassLoader.loadClass;org.apache.logging.log4j.core.impl.Log4jContextFactory;org.apache.logging.log4j.core.impl.Log4jProvider.<init>;26;org.dacapo.harness.DacapoClassLoader;org.dacapo.harness.DacapoClassLoader
ClassLoader.loadClass;org.apache.logging.log4j.core.impl.Log4jLogEvent;org.apache.logging.log4j.core.LoggerContext.setConfiguration;638;org.dacapo.harness.DacapoClassLoader;org.dacapo.harness.DacapoClassLoader
ClassLoader.loadClass;org.apache.logging.log4j.core.impl.Log4jProvider;java.lang.Class.forName0;;org.dacapo.harness.DacapoClassLoader;org.dacapo.harness.DacapoClassLoader
ClassLoader.loadClass;org.apache.logging.log4j.core.impl.LogEventFactory;org.apache.logging.log4j.core.config.AbstractConfiguration.<init>;136;org.dacapo.harness.DacapoClassLoader;org.dacapo.harness.DacapoClassLoader
ClassLoader.loadClass;org.apache.logging.log4j.core.impl.ReusableLogEventFactory;org.apache.logging.log4j.core.config.LoggerConfig.<clinit>;101;org.dacapo.harness.DacapoClassLoader;org.dacapo.harness.DacapoClassLoader
ClassLoader.loadClass;org.apache.logging.log4j.core.impl.ThreadContextDataInjector$ForCopyOnWriteThreadContextMap;org.apache.logging.log4j.core.impl.ContextDataInjectorFactory.createDefaultInjector;94;org.dacapo.harness.DacapoClassLoader;org.dacapo.harness.DacapoClassLoader
ClassLoader.loadClass;org.apache.logging.log4j.core.impl.ThreadContextDataInjector;org.apache.logging.log4j.core.impl.ThreadContextDataInjector$ForCopyOnWriteThreadContextMap.<init>;220;org.dacapo.harness.DacapoClassLoader;org.dacapo.harness.DacapoClassLoader
ClassLoader.loadClass;org.apache.logging.log4j.core.impl.ThreadContextDataProvider;java.lang.Class.forName0;;org.dacapo.harness.DacapoClassLoader;org.dacapo.harness.DacapoClassLoader
ClassLoader.loadClass;org.apache.logging.log4j.core.impl.ThrowableFormatOptions;org.apache.logging.log4j.core.pattern.ThrowablePatternConverter.<init>;77;org.dacapo.harness.DacapoClassLoader;org.dacapo.harness.DacapoClassLoader
ClassLoader.loadClass;org.apache.logging.log4j.core.jmx.AppenderAdmin;org.apache.logging.log4j.core.jmx.Server.registerAppenders;384;org.dacapo.harness.DacapoClassLoader;org.dacapo.harness.DacapoClassLoader
ClassLoader.loadClass;org.apache.logging.log4j.core.jmx.AppenderAdminMBean;java.lang.ClassLoader.defineClass1;;org.dacapo.harness.DacapoClassLoader;org.dacapo.harness.DacapoClassLoader
ClassLoader.loadClass;org.apache.logging.log4j.core.jmx.ContextSelectorAdmin;org.apache.logging.log4j.core.jmx.Server.registerContextSelector;284;org.dacapo.harness.DacapoClassLoader;org.dacapo.harness.DacapoClassLoader
ClassLoader.loadClass;org.apache.logging.log4j.core.jmx.ContextSelectorAdminMBean;java.lang.ClassLoader.defineClass1;;org.dacapo.harness.DacapoClassLoader;org.dacapo.harness.DacapoClassLoader
ClassLoader.loadClass;org.apache.logging.log4j.core.jmx.LoggerConfigAdmin;org.apache.logging.log4j.core.jmx.Server.registerLoggerConfigs;361;org.dacapo.harness.DacapoClassLoader;org.dacapo.harness.DacapoClassLoader
ClassLoader.loadClass;org.apache.logging.log4j.core.jmx.LoggerConfigAdminMBean;java.lang.ClassLoader.defineClass1;;org.dacapo.harness.DacapoClassLoader;org.dacapo.harness.DacapoClassLoader
ClassLoader.loadClass;org.apache.logging.log4j.core.jmx.LoggerContextAdmin;org.apache.logging.log4j.core.jmx.Server.reregisterMBeansAfterReconfigure;167;org.dacapo.harness.DacapoClassLoader;org.dacapo.harness.DacapoClassLoader
ClassLoader.loadClass;org.apache.logging.log4j.core.jmx.LoggerContextAdminMBean;java.lang.ClassLoader.defineClass1;;org.dacapo.harness.DacapoClassLoader;org.dacapo.harness.DacapoClassLoader
ClassLoader.loadClass;org.apache.logging.log4j.core.jmx.Server;org.apache.logging.log4j.core.LoggerContext.setConfiguration;632;org.dacapo.harness.DacapoClassLoader;org.dacapo.harness.DacapoClassLoader
ClassLoader.loadClass;org.apache.logging.log4j.core.jmx.StatusLoggerAdmin;org.apache.logging.log4j.core.jmx.Server.registerStatusLogger;276;org.dacapo.harness.DacapoClassLoader;org.dacapo.harness.DacapoClassLoader
ClassLoader.loadClass;org.apache.logging.log4j.core.jmx.StatusLoggerAdminMBean;java.lang.ClassLoader.defineClass1;;org.dacapo.harness.DacapoClassLoader;org.dacapo.harness.DacapoClassLoader
ClassLoader.loadClass;org.apache.logging.log4j.core.layout.AbstractCsvLayout;java.lang.ClassLoader.defineClass1;;org.dacapo.harness.DacapoClassLoader;org.dacapo.harness.DacapoClassLoader
ClassLoader.loadClass;org.apache.logging.log4j.core.layout.AbstractJacksonLayout;java.lang.ClassLoader.defineClass1;;org.dacapo.harness.DacapoClassLoader;org.dacapo.harness.DacapoClassLoader
ClassLoader.loadClass;org.apache.logging.log4j.core.layout.AbstractLayout;java.lang.ClassLoader.defineClass1;;org.dacapo.harness.DacapoClassLoader;org.dacapo.harness.DacapoClassLoader
ClassLoader.loadClass;org.apache.logging.log4j.core.layout.AbstractStringLayout$Serializer2;org.apache.logging.log4j.core.config.AbstractConfiguration.setToDefault;726;org.dacapo.harness.DacapoClassLoader;org.dacapo.harness.DacapoClassLoader
ClassLoader.loadClass;org.apache.logging.log4j.core.layout.AbstractStringLayout$Serializer;java.lang.ClassLoader.defineClass1;;org.dacapo.harness.DacapoClassLoader;org.dacapo.harness.DacapoClassLoader
ClassLoader.loadClass;org.apache.logging.log4j.core.layout.AbstractStringLayout;java.lang.ClassLoader.defineClass1;;org.dacapo.harness.DacapoClassLoader;org.dacapo.harness.DacapoClassLoader
ClassLoader.loadClass;org.apache.logging.log4j.core.layout.ByteBufferDestination;org.apache.logging.log4j.core.config.AbstractConfiguration.setToDefault;730;org.dacapo.harness.DacapoClassLoader;org.dacapo.harness.DacapoClassLoader
ClassLoader.loadClass;org.apache.logging.log4j.core.layout.CsvLogEventLayout;org.apache.logging.log4j.core.config.plugins.util.PluginRegistry.decodeCacheFiles;181;org.dacapo.harness.DacapoClassLoader;org.dacapo.harness.DacapoClassLoader
ClassLoader.loadClass;org.apache.logging.log4j.core.layout.CsvParameterLayout;org.apache.logging.log4j.core.config.plugins.util.PluginRegistry.decodeCacheFiles;181;org.dacapo.harness.DacapoClassLoader;org.dacapo.harness.DacapoClassLoader
ClassLoader.loadClass;org.apache.logging.log4j.core.layout.Encoder;java.lang.ClassLoader.defineClass1;;org.dacapo.harness.DacapoClassLoader;org.dacapo.harness.DacapoClassLoader
ClassLoader.loadClass;org.apache.logging.log4j.core.layout.GelfLayout;org.apache.logging.log4j.core.config.plugins.util.PluginRegistry.decodeCacheFiles;181;org.dacapo.harness.DacapoClassLoader;org.dacapo.harness.DacapoClassLoader
ClassLoader.loadClass;org.apache.logging.log4j.core.layout.HtmlLayout;org.apache.logging.log4j.core.config.plugins.util.PluginRegistry.decodeCacheFiles;181;org.dacapo.harness.DacapoClassLoader;org.dacapo.harness.DacapoClassLoader
ClassLoader.loadClass;org.apache.logging.log4j.core.layout.JsonLayout;org.apache.logging.log4j.core.config.plugins.util.PluginRegistry.decodeCacheFiles;181;org.dacapo.harness.DacapoClassLoader;org.dacapo.harness.DacapoClassLoader
ClassLoader.loadClass;org.apache.logging.log4j.core.layout.LevelPatternSelector;org.apache.logging.log4j.core.config.plugins.util.PluginRegistry.decodeCacheFiles;181;org.dacapo.harness.DacapoClassLoader;org.dacapo.harness.DacapoClassLoader
ClassLoader.loadClass;org.apache.logging.log4j.core.layout.LoggerFields;org.apache.logging.log4j.core.config.plugins.util.PluginRegistry.decodeCacheFiles;181;org.dacapo.harness.DacapoClassLoader;org.dacapo.harness.DacapoClassLoader
ClassLoader.loadClass;org.apache.logging.log4j.core.layout.MarkerPatternSelector;org.apache.logging.log4j.core.config.plugins.util.PluginRegistry.decodeCacheFiles;181;org.dacapo.harness.DacapoClassLoader;org.dacapo.harness.DacapoClassLoader
ClassLoader.loadClass;org.apache.logging.log4j.core.layout.MessageLayout;org.apache.logging.log4j.core.config.plugins.util.PluginRegistry.decodeCacheFiles;181;org.dacapo.harness.DacapoClassLoader;org.dacapo.harness.DacapoClassLoader
ClassLoader.loadClass;org.apache.logging.log4j.core.layout.PatternLayout$Builder;org.apache.logging.log4j.core.layout.PatternLayout.newBuilder;620;org.dacapo.harness.DacapoClassLoader;org.dacapo.harness.DacapoClassLoader
ClassLoader.loadClass;org.apache.logging.log4j.core.layout.PatternLayout$PatternFormatterPatternSerializer;org.apache.logging.log4j.core.layout.PatternLayout$SerializerBuilder.build;484;org.dacapo.harness.DacapoClassLoader;org.dacapo.harness.DacapoClassLoader
ClassLoader.loadClass;org.apache.logging.log4j.core.layout.PatternLayout$PatternSerializer;org.apache.logging.log4j.core.layout.PatternLayout.newSerializerBuilder;143;org.dacapo.harness.DacapoClassLoader;org.dacapo.harness.DacapoClassLoader
ClassLoader.loadClass;org.apache.logging.log4j.core.layout.PatternLayout$SerializerBuilder;org.apache.logging.log4j.core.layout.PatternLayout.newSerializerBuilder;143;org.dacapo.harness.DacapoClassLoader;org.dacapo.harness.DacapoClassLoader
ClassLoader.loadClass;org.apache.logging.log4j.core.layout.PatternLayout;org.apache.logging.log4j.core.config.plugins.util.PluginRegistry.decodeCacheFiles;181;org.dacapo.harness.DacapoClassLoader;org.dacapo.harness.DacapoClassLoader
ClassLoader.loadClass;org.apache.logging.log4j.core.layout.PatternMatch;org.apache.logging.log4j.core.config.plugins.util.PluginRegistry.decodeCacheFiles;181;org.dacapo.harness.DacapoClassLoader;org.dacapo.harness.DacapoClassLoader
ClassLoader.loadClass;org.apache.logging.log4j.core.layout.PatternSelector;java.lang.ClassLoader.defineClass1;;org.dacapo.harness.DacapoClassLoader;org.dacapo.harness.DacapoClassLoader
ClassLoader.loadClass;org.apache.logging.log4j.core.layout.Rfc5424Layout;org.apache.logging.log4j.core.config.plugins.util.PluginRegistry.decodeCacheFiles;181;org.dacapo.harness.DacapoClassLoader;org.dacapo.harness.DacapoClassLoader
ClassLoader.loadClass;org.apache.logging.log4j.core.layout.ScriptPatternSelector;org.apache.logging.log4j.core.config.plugins.util.PluginRegistry.decodeCacheFiles;181;org.dacapo.harness.DacapoClassLoader;org.dacapo.harness.DacapoClassLoader
ClassLoader.loadClass;org.apache.logging.log4j.core.layout.SerializedLayout;org.apache.logging.log4j.core.config.plugins.util.PluginRegistry.decodeCacheFiles;181;org.dacapo.harness.DacapoClassLoader;org.dacapo.harness.DacapoClassLoader
ClassLoader.loadClass;org.apache.logging.log4j.core.layout.StringBuilderEncoder;org.apache.logging.log4j.core.layout.AbstractStringLayout.<init>;194;org.dacapo.harness.DacapoClassLoader;org.dacapo.harness.DacapoClassLoader
ClassLoader.loadClass;org.apache.logging.log4j.core.layout.SyslogLayout;org.apache.logging.log4j.core.config.plugins.util.PluginRegistry.decodeCacheFiles;181;org.dacapo.harness.DacapoClassLoader;org.dacapo.harness.DacapoClassLoader
ClassLoader.loadClass;org.apache.logging.log4j.core.layout.XmlLayout;org.apache.logging.log4j.core.config.plugins.util.PluginRegistry.decodeCacheFiles;181;org.dacapo.harness.DacapoClassLoader;org.dacapo.harness.DacapoClassLoader
ClassLoader.loadClass;org.apache.logging.log4j.core.layout.YamlLayout;org.apache.logging.log4j.core.config.plugins.util.PluginRegistry.decodeCacheFiles;181;org.dacapo.harness.DacapoClassLoader;org.dacapo.harness.DacapoClassLoader
ClassLoader.loadClass;org.apache.logging.log4j.core.lookup.AbstractConfigurationAwareLookup;java.lang.ClassLoader.defineClass1;;org.dacapo.harness.DacapoClassLoader;org.dacapo.harness.DacapoClassLoader
ClassLoader.loadClass;org.apache.logging.log4j.core.lookup.AbstractLookup;java.lang.ClassLoader.defineClass1;;org.dacapo.harness.DacapoClassLoader;org.dacapo.harness.DacapoClassLoader
ClassLoader.loadClass;org.apache.logging.log4j.core.lookup.ConfigurationStrSubstitutor;org.apache.logging.log4j.core.LoggerContext.<clinit>;74;org.dacapo.harness.DacapoClassLoader;org.dacapo.harness.DacapoClassLoader
ClassLoader.loadClass;org.apache.logging.log4j.core.lookup.ContextMapLookup;org.apache.logging.log4j.core.config.plugins.util.PluginRegistry.decodeCacheFiles;181;org.dacapo.harness.DacapoClassLoader;org.dacapo.harness.DacapoClassLoader
ClassLoader.loadClass;org.apache.logging.log4j.core.lookup.DateLookup;org.apache.logging.log4j.core.config.plugins.util.PluginRegistry.decodeCacheFiles;181;org.dacapo.harness.DacapoClassLoader;org.dacapo.harness.DacapoClassLoader
ClassLoader.loadClass;org.apache.logging.log4j.core.lookup.EnvironmentLookup;org.apache.logging.log4j.core.config.plugins.util.PluginRegistry.decodeCacheFiles;181;org.dacapo.harness.DacapoClassLoader;org.dacapo.harness.DacapoClassLoader
ClassLoader.loadClass;org.apache.logging.log4j.core.lookup.EventLookup;org.apache.logging.log4j.core.config.plugins.util.PluginRegistry.decodeCacheFiles;181;org.dacapo.harness.DacapoClassLoader;org.dacapo.harness.DacapoClassLoader
ClassLoader.loadClass;org.apache.logging.log4j.core.lookup.Interpolator;org.apache.logging.log4j.core.config.AbstractConfiguration.<init>;133;org.dacapo.harness.DacapoClassLoader;org.dacapo.harness.DacapoClassLoader
ClassLoader.loadClass;org.apache.logging.log4j.core.lookup.JavaLookup;org.apache.logging.log4j.core.config.plugins.util.PluginRegistry.decodeCacheFiles;181;org.dacapo.harness.DacapoClassLoader;org.dacapo.harness.DacapoClassLoader
ClassLoader.loadClass;org.apache.logging.log4j.core.lookup.JmxRuntimeInputArgumentsLookup;org.apache.logging.log4j.core.config.plugins.util.PluginRegistry.decodeCacheFiles;181;org.dacapo.harness.DacapoClassLoader;org.dacapo.harness.DacapoClassLoader
ClassLoader.loadClass;org.apache.logging.log4j.core.lookup.JndiLookup;org.apache.logging.log4j.core.config.plugins.util.PluginRegistry.decodeCacheFiles;181;org.dacapo.harness.DacapoClassLoader;org.dacapo.harness.DacapoClassLoader
ClassLoader.loadClass;org.apache.logging.log4j.core.lookup.Log4jLookup;org.apache.logging.log4j.core.config.plugins.util.PluginRegistry.decodeCacheFiles;181;org.dacapo.harness.DacapoClassLoader;org.dacapo.harness.DacapoClassLoader
ClassLoader.loadClass;org.apache.logging.log4j.core.lookup.LookupResult;org.apache.logging.log4j.core.config.AbstractConfiguration.<init>;133;org.dacapo.harness.DacapoClassLoader;org.dacapo.harness.DacapoClassLoader
ClassLoader.loadClass;org.apache.logging.log4j.core.lookup.LowerLookup;org.apache.logging.log4j.core.config.plugins.util.PluginRegistry.decodeCacheFiles;181;org.dacapo.harness.DacapoClassLoader;org.dacapo.harness.DacapoClassLoader
ClassLoader.loadClass;org.apache.logging.log4j.core.lookup.MainMapLookup;org.apache.logging.log4j.core.config.plugins.util.PluginRegistry.decodeCacheFiles;181;org.dacapo.harness.DacapoClassLoader;org.dacapo.harness.DacapoClassLoader
ClassLoader.loadClass;org.apache.logging.log4j.core.lookup.MapLookup;java.lang.ClassLoader.defineClass1;;org.dacapo.harness.DacapoClassLoader;org.dacapo.harness.DacapoClassLoader
ClassLoader.loadClass;org.apache.logging.log4j.core.lookup.MapLookup;org.apache.logging.log4j.core.config.plugins.util.PluginRegistry.decodeCacheFiles;181;org.dacapo.harness.DacapoClassLoader;org.dacapo.harness.DacapoClassLoader
ClassLoader.loadClass;org.apache.logging.log4j.core.lookup.MarkerLookup;org.apache.logging.log4j.core.config.plugins.util.PluginRegistry.decodeCacheFiles;181;org.dacapo.harness.DacapoClassLoader;org.dacapo.harness.DacapoClassLoader
ClassLoader.loadClass;org.apache.logging.log4j.core.lookup.PropertiesLookup;org.apache.logging.log4j.core.lookup.Interpolator.<init>;100;org.dacapo.harness.DacapoClassLoader;org.dacapo.harness.DacapoClassLoader
ClassLoader.loadClass;org.apache.logging.log4j.core.lookup.ResourceBundleLookup;org.apache.logging.log4j.core.config.plugins.util.PluginRegistry.decodeCacheFiles;181;org.dacapo.harness.DacapoClassLoader;org.dacapo.harness.DacapoClassLoader
ClassLoader.loadClass;org.apache.logging.log4j.core.lookup.RuntimeStrSubstitutor;org.apache.logging.log4j.core.LoggerContext.<clinit>;74;org.dacapo.harness.DacapoClassLoader;org.dacapo.harness.DacapoClassLoader
ClassLoader.loadClass;org.apache.logging.log4j.core.lookup.StrLookup;org.apache.logging.log4j.core.LoggerContext.<clinit>;74;org.dacapo.harness.DacapoClassLoader;org.dacapo.harness.DacapoClassLoader
ClassLoader.loadClass;org.apache.logging.log4j.core.lookup.StrMatcher$CharMatcher;org.apache.logging.log4j.core.lookup.StrSubstitutor.<clinit>;153;org.dacapo.harness.DacapoClassLoader;org.dacapo.harness.DacapoClassLoader
ClassLoader.loadClass;org.apache.logging.log4j.core.lookup.StrMatcher$CharSetMatcher;org.apache.logging.log4j.core.lookup.StrSubstitutor.<clinit>;153;org.dacapo.harness.DacapoClassLoader;org.dacapo.harness.DacapoClassLoader
ClassLoader.loadClass;org.apache.logging.log4j.core.lookup.StrMatcher$NoMatcher;org.apache.logging.log4j.core.lookup.StrSubstitutor.<clinit>;153;org.dacapo.harness.DacapoClassLoader;org.dacapo.harness.DacapoClassLoader
ClassLoader.loadClass;org.apache.logging.log4j.core.lookup.StrMatcher$StringMatcher;org.apache.logging.log4j.core.lookup.StrSubstitutor.<clinit>;153;org.dacapo.harness.DacapoClassLoader;org.dacapo.harness.DacapoClassLoader
ClassLoader.loadClass;org.apache.logging.log4j.core.lookup.StrMatcher$TrimMatcher;org.apache.logging.log4j.core.lookup.StrSubstitutor.<clinit>;153;org.dacapo.harness.DacapoClassLoader;org.dacapo.harness.DacapoClassLoader
ClassLoader.loadClass;org.apache.logging.log4j.core.lookup.StrMatcher;org.apache.logging.log4j.core.lookup.StrSubstitutor.<clinit>;153;org.dacapo.harness.DacapoClassLoader;org.dacapo.harness.DacapoClassLoader
ClassLoader.loadClass;org.apache.logging.log4j.core.lookup.StrSubstitutor;org.apache.logging.log4j.core.LoggerContext.<clinit>;74;org.dacapo.harness.DacapoClassLoader;org.dacapo.harness.DacapoClassLoader
ClassLoader.loadClass;org.apache.logging.log4j.core.lookup.StructuredDataLookup;org.apache.logging.log4j.core.config.plugins.util.PluginRegistry.decodeCacheFiles;181;org.dacapo.harness.DacapoClassLoader;org.dacapo.harness.DacapoClassLoader
ClassLoader.loadClass;org.apache.logging.log4j.core.lookup.SystemPropertiesLookup;org.apache.logging.log4j.core.config.plugins.util.PluginRegistry.decodeCacheFiles;181;org.dacapo.harness.DacapoClassLoader;org.dacapo.harness.DacapoClassLoader
ClassLoader.loadClass;org.apache.logging.log4j.core.lookup.UpperLookup;org.apache.logging.log4j.core.config.plugins.util.PluginRegistry.decodeCacheFiles;181;org.dacapo.harness.DacapoClassLoader;org.dacapo.harness.DacapoClassLoader
ClassLoader.loadClass;org.apache.logging.log4j.core.net.Advertiser;org.apache.logging.log4j.core.LoggerContext.<clinit>;74;org.dacapo.harness.DacapoClassLoader;org.dacapo.harness.DacapoClassLoader
ClassLoader.loadClass;org.apache.logging.log4j.core.net.JndiManager$JndiManagerFactory;org.apache.logging.log4j.core.net.JndiManager.<clinit>;41;org.dacapo.harness.DacapoClassLoader;org.dacapo.harness.DacapoClassLoader
ClassLoader.loadClass;org.apache.logging.log4j.core.net.JndiManager;org.apache.logging.log4j.core.lookup.Interpolator.<init>;80;org.dacapo.harness.DacapoClassLoader;org.dacapo.harness.DacapoClassLoader
ClassLoader.loadClass;org.apache.logging.log4j.core.net.MulticastDnsAdvertiser;org.apache.logging.log4j.core.config.plugins.util.PluginRegistry.decodeCacheFiles;181;org.dacapo.harness.DacapoClassLoader;org.dacapo.harness.DacapoClassLoader
ClassLoader.loadClass;org.apache.logging.log4j.core.net.SocketAddress;org.apache.logging.log4j.core.config.plugins.util.PluginRegistry.decodeCacheFiles;181;org.dacapo.harness.DacapoClassLoader;org.dacapo.harness.DacapoClassLoader
ClassLoader.loadClass;org.apache.logging.log4j.core.net.SocketOptions;org.apache.logging.log4j.core.config.plugins.util.PluginRegistry.decodeCacheFiles;181;org.dacapo.harness.DacapoClassLoader;org.dacapo.harness.DacapoClassLoader
ClassLoader.loadClass;org.apache.logging.log4j.core.net.SocketPerformancePreferences;org.apache.logging.log4j.core.config.plugins.util.PluginRegistry.decodeCacheFiles;181;org.dacapo.harness.DacapoClassLoader;org.dacapo.harness.DacapoClassLoader
ClassLoader.loadClass;org.apache.logging.log4j.core.net.ssl.AbstractKeyStoreConfiguration;java.lang.ClassLoader.defineClass1;;org.dacapo.harness.DacapoClassLoader;org.dacapo.harness.DacapoClassLoader
ClassLoader.loadClass;org.apache.logging.log4j.core.net.ssl.KeyStoreConfiguration;org.apache.logging.log4j.core.config.plugins.util.PluginRegistry.decodeCacheFiles;181;org.dacapo.harness.DacapoClassLoader;org.dacapo.harness.DacapoClassLoader
ClassLoader.loadClass;org.apache.logging.log4j.core.net.ssl.SslConfiguration;org.apache.logging.log4j.core.config.plugins.util.PluginRegistry.decodeCacheFiles;181;org.dacapo.harness.DacapoClassLoader;org.dacapo.harness.DacapoClassLoader
ClassLoader.loadClass;org.apache.logging.log4j.core.net.ssl.StoreConfiguration;java.lang.ClassLoader.defineClass1;;org.dacapo.harness.DacapoClassLoader;org.dacapo.harness.DacapoClassLoader
ClassLoader.loadClass;org.apache.logging.log4j.core.net.ssl.TrustStoreConfiguration;org.apache.logging.log4j.core.config.plugins.util.PluginRegistry.decodeCacheFiles;181;org.dacapo.harness.DacapoClassLoader;org.dacapo.harness.DacapoClassLoader
ClassLoader.loadClass;org.apache.logging.log4j.core.pattern.AbstractPatternConverter;java.lang.ClassLoader.defineClass1;;org.dacapo.harness.DacapoClassLoader;org.dacapo.harness.DacapoClassLoader
ClassLoader.loadClass;org.apache.logging.log4j.core.pattern.AbstractStyleNameConverter$Black;org.apache.logging.log4j.core.config.plugins.util.PluginRegistry.decodeCacheFiles;181;org.dacapo.harness.DacapoClassLoader;org.dacapo.harness.DacapoClassLoader
ClassLoader.loadClass;org.apache.logging.log4j.core.pattern.AbstractStyleNameConverter$Blue;org.apache.logging.log4j.core.config.plugins.util.PluginRegistry.decodeCacheFiles;181;org.dacapo.harness.DacapoClassLoader;org.dacapo.harness.DacapoClassLoader
ClassLoader.loadClass;org.apache.logging.log4j.core.pattern.AbstractStyleNameConverter$Cyan;org.apache.logging.log4j.core.config.plugins.util.PluginRegistry.decodeCacheFiles;181;org.dacapo.harness.DacapoClassLoader;org.dacapo.harness.DacapoClassLoader
ClassLoader.loadClass;org.apache.logging.log4j.core.pattern.AbstractStyleNameConverter$Green;org.apache.logging.log4j.core.config.plugins.util.PluginRegistry.decodeCacheFiles;181;org.dacapo.harness.DacapoClassLoader;org.dacapo.harness.DacapoClassLoader
ClassLoader.loadClass;org.apache.logging.log4j.core.pattern.AbstractStyleNameConverter$Magenta;org.apache.logging.log4j.core.config.plugins.util.PluginRegistry.decodeCacheFiles;181;org.dacapo.harness.DacapoClassLoader;org.dacapo.harness.DacapoClassLoader
ClassLoader.loadClass;org.apache.logging.log4j.core.pattern.AbstractStyleNameConverter$Red;org.apache.logging.log4j.core.config.plugins.util.PluginRegistry.decodeCacheFiles;181;org.dacapo.harness.DacapoClassLoader;org.dacapo.harness.DacapoClassLoader
ClassLoader.loadClass;org.apache.logging.log4j.core.pattern.AbstractStyleNameConverter$White;org.apache.logging.log4j.core.config.plugins.util.PluginRegistry.decodeCacheFiles;181;org.dacapo.harness.DacapoClassLoader;org.dacapo.harness.DacapoClassLoader
ClassLoader.loadClass;org.apache.logging.log4j.core.pattern.AbstractStyleNameConverter$Yellow;org.apache.logging.log4j.core.config.plugins.util.PluginRegistry.decodeCacheFiles;181;org.dacapo.harness.DacapoClassLoader;org.dacapo.harness.DacapoClassLoader
ClassLoader.loadClass;org.apache.logging.log4j.core.pattern.AbstractStyleNameConverter;java.lang.ClassLoader.defineClass1;;org.dacapo.harness.DacapoClassLoader;org.dacapo.harness.DacapoClassLoader
ClassLoader.loadClass;org.apache.logging.log4j.core.pattern.AnsiConverter;java.lang.ClassLoader.defineClass1;;org.dacapo.harness.DacapoClassLoader;org.dacapo.harness.DacapoClassLoader
ClassLoader.loadClass;org.apache.logging.log4j.core.pattern.ArrayPatternConverter;java.lang.ClassLoader.defineClass1;;org.dacapo.harness.DacapoClassLoader;org.dacapo.harness.DacapoClassLoader
ClassLoader.loadClass;org.apache.logging.log4j.core.pattern.ClassNamePatternConverter;org.apache.logging.log4j.core.config.plugins.util.PluginRegistry.decodeCacheFiles;181;org.dacapo.harness.DacapoClassLoader;org.dacapo.harness.DacapoClassLoader
ClassLoader.loadClass;org.apache.logging.log4j.core.pattern.ConverterKeys;org.apache.logging.log4j.core.pattern.PatternParser.<init>;143;org.dacapo.harness.DacapoClassLoader;org.dacapo.harness.DacapoClassLoader
ClassLoader.loadClass;org.apache.logging.log4j.core.pattern.DatePatternConverter$CachedTime;java.lang.Class.getDeclaredMethods0;;org.dacapo.harness.DacapoClassLoader;org.dacapo.harness.DacapoClassLoader
ClassLoader.loadClass;org.apache.logging.log4j.core.pattern.DatePatternConverter$FixedFormatter;java.lang.Class.getDeclaredMethods0;;org.dacapo.harness.DacapoClassLoader;org.dacapo.harness.DacapoClassLoader
ClassLoader.loadClass;org.apache.logging.log4j.core.pattern.DatePatternConverter$Formatter;java.lang.Class.getDeclaredMethods0;;org.dacapo.harness.DacapoClassLoader;org.dacapo.harness.DacapoClassLoader
ClassLoader.loadClass;org.apache.logging.log4j.core.pattern.DatePatternConverter$PatternFormatter;java.lang.Class.getDeclaredMethods0;;org.dacapo.harness.DacapoClassLoader;org.dacapo.harness.DacapoClassLoader
ClassLoader.loadClass;org.apache.logging.log4j.core.pattern.DatePatternConverter$UnixFormatter;java.lang.Class.getDeclaredMethods0;;org.dacapo.harness.DacapoClassLoader;org.dacapo.harness.DacapoClassLoader
ClassLoader.loadClass;org.apache.logging.log4j.core.pattern.DatePatternConverter$UnixMillisFormatter;java.lang.Class.getDeclaredMethods0;;org.dacapo.harness.DacapoClassLoader;org.dacapo.harness.DacapoClassLoader
ClassLoader.loadClass;org.apache.logging.log4j.core.pattern.DatePatternConverter;org.apache.logging.log4j.core.config.plugins.util.PluginRegistry.decodeCacheFiles;181;org.dacapo.harness.DacapoClassLoader;org.dacapo.harness.DacapoClassLoader
ClassLoader.loadClass;org.apache.logging.log4j.core.pattern.EncodingPatternConverter;org.apache.logging.log4j.core.config.plugins.util.PluginRegistry.decodeCacheFiles;181;org.dacapo.harness.DacapoClassLoader;org.dacapo.harness.DacapoClassLoader
ClassLoader.loadClass;org.apache.logging.log4j.core.pattern.EndOfBatchPatternConverter;org.apache.logging.log4j.core.config.plugins.util.PluginRegistry.decodeCacheFiles;181;org.dacapo.harness.DacapoClassLoader;org.dacapo.harness.DacapoClassLoader
ClassLoader.loadClass;org.apache.logging.log4j.core.pattern.EqualsBaseReplacementConverter;java.lang.ClassLoader.defineClass1;;org.dacapo.harness.DacapoClassLoader;org.dacapo.harness.DacapoClassLoader
ClassLoader.loadClass;org.apache.logging.log4j.core.pattern.EqualsIgnoreCaseReplacementConverter;org.apache.logging.log4j.core.config.plugins.util.PluginRegistry.decodeCacheFiles;181;org.dacapo.harness.DacapoClassLoader;org.dacapo.harness.DacapoClassLoader
ClassLoader.loadClass;org.apache.logging.log4j.core.pattern.EqualsReplacementConverter;org.apache.logging.log4j.core.config.plugins.util.PluginRegistry.decodeCacheFiles;181;org.dacapo.harness.DacapoClassLoader;org.dacapo.harness.DacapoClassLoader
ClassLoader.loadClass;org.apache.logging.log4j.core.pattern.ExtendedThrowablePatternConverter;org.apache.logging.log4j.core.config.plugins.util.PluginRegistry.decodeCacheFiles;181;org.dacapo.harness.DacapoClassLoader;org.dacapo.harness.DacapoClassLoader
ClassLoader.loadClass;org.apache.logging.log4j.core.pattern.FileDatePatternConverter;org.apache.logging.log4j.core.config.plugins.util.PluginRegistry.decodeCacheFiles;181;org.dacapo.harness.DacapoClassLoader;org.dacapo.harness.DacapoClassLoader
ClassLoader.loadClass;org.apache.logging.log4j.core.pattern.FileLocationPatternConverter;org.apache.logging.log4j.core.config.plugins.util.PluginRegistry.decodeCacheFiles;181;org.dacapo.harness.DacapoClassLoader;org.dacapo.harness.DacapoClassLoader
ClassLoader.loadClass;org.apache.logging.log4j.core.pattern.FormattingInfo;org.apache.logging.log4j.core.pattern.PatternParser.parse;352;org.dacapo.harness.DacapoClassLoader;org.dacapo.harness.DacapoClassLoader
ClassLoader.loadClass;org.apache.logging.log4j.core.pattern.FullLocationPatternConverter;org.apache.logging.log4j.core.config.plugins.util.PluginRegistry.decodeCacheFiles;181;org.dacapo.harness.DacapoClassLoader;org.dacapo.harness.DacapoClassLoader
ClassLoader.loadClass;org.apache.logging.log4j.core.pattern.HighlightConverter;org.apache.logging.log4j.core.config.plugins.util.PluginRegistry.decodeCacheFiles;181;org.dacapo.harness.DacapoClassLoader;org.dacapo.harness.DacapoClassLoader
ClassLoader.loadClass;org.apache.logging.log4j.core.pattern.IntegerPatternConverter;org.apache.logging.log4j.core.config.plugins.util.PluginRegistry.decodeCacheFiles;181;org.dacapo.harness.DacapoClassLoader;org.dacapo.harness.DacapoClassLoader
ClassLoader.loadClass;org.apache.logging.log4j.core.pattern.LevelPatternConverter$LevelMapLevelPatternConverter;java.lang.Class.getDeclaredMethods0;;org.dacapo.harness.DacapoClassLoader;org.dacapo.harness.DacapoClassLoader
ClassLoader.loadClass;org.apache.logging.log4j.core.pattern.LevelPatternConverter$SimpleLevelPatternConverter;java.lang.Class.getDeclaredMethods0;;org.dacapo.harness.DacapoClassLoader;org.dacapo.harness.DacapoClassLoader
ClassLoader.loadClass;org.apache.logging.log4j.core.pattern.LevelPatternConverter;org.apache.logging.log4j.core.config.plugins.util.PluginRegistry.decodeCacheFiles;181;org.dacapo.harness.DacapoClassLoader;org.dacapo.harness.DacapoClassLoader
ClassLoader.loadClass;org.apache.logging.log4j.core.pattern.LineLocationPatternConverter;org.apache.logging.log4j.core.config.plugins.util.PluginRegistry.decodeCacheFiles;181;org.dacapo.harness.DacapoClassLoader;org.dacapo.harness.DacapoClassLoader
ClassLoader.loadClass;org.apache.logging.log4j.core.pattern.LineSeparatorPatternConverter;org.apache.logging.log4j.core.config.plugins.util.PluginRegistry.decodeCacheFiles;181;org.dacapo.harness.DacapoClassLoader;org.dacapo.harness.DacapoClassLoader
ClassLoader.loadClass;org.apache.logging.log4j.core.pattern.LiteralPatternConverter;org.apache.logging.log4j.core.layout.PatternLayout.createPatternParser;254;org.dacapo.harness.DacapoClassLoader;org.dacapo.harness.DacapoClassLoader
ClassLoader.loadClass;org.apache.logging.log4j.core.pattern.LogEventPatternConverter;java.lang.ClassLoader.defineClass1;;org.dacapo.harness.DacapoClassLoader;org.dacapo.harness.DacapoClassLoader
ClassLoader.loadClass;org.apache.logging.log4j.core.pattern.LoggerFqcnPatternConverter;org.apache.logging.log4j.core.config.plugins.util.PluginRegistry.decodeCacheFiles;181;org.dacapo.harness.DacapoClassLoader;org.dacapo.harness.DacapoClassLoader
ClassLoader.loadClass;org.apache.logging.log4j.core.pattern.LoggerPatternConverter;org.apache.logging.log4j.core.config.plugins.util.PluginRegistry.decodeCacheFiles;181;org.dacapo.harness.DacapoClassLoader;org.dacapo.harness.DacapoClassLoader
ClassLoader.loadClass;org.apache.logging.log4j.core.pattern.MapPatternConverter;org.apache.logging.log4j.core.config.plugins.util.PluginRegistry.decodeCacheFiles;181;org.dacapo.harness.DacapoClassLoader;org.dacapo.harness.DacapoClassLoader
ClassLoader.loadClass;org.apache.logging.log4j.core.pattern.MarkerPatternConverter;org.apache.logging.log4j.core.config.plugins.util.PluginRegistry.decodeCacheFiles;181;org.dacapo.harness.DacapoClassLoader;org.dacapo.harness.DacapoClassLoader
ClassLoader.loadClass;org.apache.logging.log4j.core.pattern.MarkerSimpleNamePatternConverter;org.apache.logging.log4j.core.config.plugins.util.PluginRegistry.decodeCacheFiles;181;org.dacapo.harness.DacapoClassLoader;org.dacapo.harness.DacapoClassLoader
ClassLoader.loadClass;org.apache.logging.log4j.core.pattern.MaxLengthConverter;org.apache.logging.log4j.core.config.plugins.util.PluginRegistry.decodeCacheFiles;181;org.dacapo.harness.DacapoClassLoader;org.dacapo.harness.DacapoClassLoader
ClassLoader.loadClass;org.apache.logging.log4j.core.pattern.MdcPatternConverter;org.apache.logging.log4j.core.config.plugins.util.PluginRegistry.decodeCacheFiles;181;org.dacapo.harness.DacapoClassLoader;org.dacapo.harness.DacapoClassLoader
ClassLoader.loadClass;org.apache.logging.log4j.core.pattern.MessagePatternConverter$FormattedMessagePatternConverter;java.lang.Class.getDeclaredMethods0;;org.dacapo.harness.DacapoClassLoader;org.dacapo.harness.DacapoClassLoader
ClassLoader.loadClass;org.apache.logging.log4j.core.pattern.MessagePatternConverter$RenderingPatternConverter;java.lang.Class.getDeclaredMethods0;;org.dacapo.harness.DacapoClassLoader;org.dacapo.harness.DacapoClassLoader
ClassLoader.loadClass;org.apache.logging.log4j.core.pattern.MessagePatternConverter$SimpleMessagePatternConverter;org.apache.logging.log4j.core.pattern.MessagePatternConverter.newInstance;83;org.dacapo.harness.DacapoClassLoader;org.dacapo.harness.DacapoClassLoader
ClassLoader.loadClass;org.apache.logging.log4j.core.pattern.MessagePatternConverter;org.apache.logging.log4j.core.config.plugins.util.PluginRegistry.decodeCacheFiles;181;org.dacapo.harness.DacapoClassLoader;org.dacapo.harness.DacapoClassLoader
ClassLoader.loadClass;org.apache.logging.log4j.core.pattern.MethodLocationPatternConverter;org.apache.logging.log4j.core.config.plugins.util.PluginRegistry.decodeCacheFiles;181;org.dacapo.harness.DacapoClassLoader;org.dacapo.harness.DacapoClassLoader
ClassLoader.loadClass;org.apache.logging.log4j.core.pattern.NameAbbreviator$MaxElementAbbreviator$Strategy$1;org.apache.logging.log4j.core.pattern.NameAbbreviator.getAbbreviator;82;org.dacapo.harness.DacapoClassLoader;org.dacapo.harness.DacapoClassLoader
ClassLoader.loadClass;org.apache.logging.log4j.core.pattern.NameAbbreviator$MaxElementAbbreviator$Strategy$2;org.apache.logging.log4j.core.pattern.NameAbbreviator.getAbbreviator;82;org.dacapo.harness.DacapoClassLoader;org.dacapo.harness.DacapoClassLoader
ClassLoader.loadClass;org.apache.logging.log4j.core.pattern.NameAbbreviator$MaxElementAbbreviator$Strategy;org.apache.logging.log4j.core.pattern.NameAbbreviator.getAbbreviator;82;org.dacapo.harness.DacapoClassLoader;org.dacapo.harness.DacapoClassLoader
ClassLoader.loadClass;org.apache.logging.log4j.core.pattern.NameAbbreviator$MaxElementAbbreviator;org.apache.logging.log4j.core.pattern.NamePatternConverter.<init>;45;org.dacapo.harness.DacapoClassLoader;org.dacapo.harness.DacapoClassLoader
ClassLoader.loadClass;org.apache.logging.log4j.core.pattern.NameAbbreviator$NOPAbbreviator;org.apache.logging.log4j.core.pattern.NamePatternConverter.<init>;45;org.dacapo.harness.DacapoClassLoader;org.dacapo.harness.DacapoClassLoader
ClassLoader.loadClass;org.apache.logging.log4j.core.pattern.NameAbbreviator$PatternAbbreviator;org.apache.logging.log4j.core.pattern.NamePatternConverter.<init>;45;org.dacapo.harness.DacapoClassLoader;org.dacapo.harness.DacapoClassLoader
ClassLoader.loadClass;org.apache.logging.log4j.core.pattern.NameAbbreviator;org.apache.logging.log4j.core.pattern.NamePatternConverter.<init>;45;org.dacapo.harness.DacapoClassLoader;org.dacapo.harness.DacapoClassLoader
ClassLoader.loadClass;org.apache.logging.log4j.core.pattern.NamePatternConverter;java.lang.ClassLoader.defineClass1;;org.dacapo.harness.DacapoClassLoader;org.dacapo.harness.DacapoClassLoader
ClassLoader.loadClass;org.apache.logging.log4j.core.pattern.NanoTimePatternConverter;org.apache.logging.log4j.core.config.plugins.util.PluginRegistry.decodeCacheFiles;181;org.dacapo.harness.DacapoClassLoader;org.dacapo.harness.DacapoClassLoader
ClassLoader.loadClass;org.apache.logging.log4j.core.pattern.NdcPatternConverter;org.apache.logging.log4j.core.config.plugins.util.PluginRegistry.decodeCacheFiles;181;org.dacapo.harness.DacapoClassLoader;org.dacapo.harness.DacapoClassLoader
ClassLoader.loadClass;org.apache.logging.log4j.core.pattern.PatternConverter;java.lang.ClassLoader.defineClass1;;org.dacapo.harness.DacapoClassLoader;org.dacapo.harness.DacapoClassLoader
ClassLoader.loadClass;org.apache.logging.log4j.core.pattern.PatternFormatter;org.apache.logging.log4j.core.pattern.PatternParser.parse;204;org.dacapo.harness.DacapoClassLoader;org.dacapo.harness.DacapoClassLoader
ClassLoader.loadClass;org.apache.logging.log4j.core.pattern.PatternParser$1;org.apache.logging.log4j.core.pattern.PatternParser.parse;357;org.dacapo.harness.DacapoClassLoader;org.dacapo.harness.DacapoClassLoader
ClassLoader.loadClass;org.apache.logging.log4j.core.pattern.PatternParser$ParserState;org.apache.logging.log4j.core.pattern.PatternParser.parse;349;org.dacapo.harness.DacapoClassLoader;org.dacapo.harness.DacapoClassLoader
ClassLoader.loadClass;org.apache.logging.log4j.core.pattern.PatternParser;org.apache.logging.log4j.core.layout.PatternLayout.createPatternParser;254;org.dacapo.harness.DacapoClassLoader;org.dacapo.harness.DacapoClassLoader
ClassLoader.loadClass;org.apache.logging.log4j.core.pattern.PlainTextRenderer;org.apache.logging.log4j.core.impl.ThrowableFormatOptions.<init>;106;org.dacapo.harness.DacapoClassLoader;org.dacapo.harness.DacapoClassLoader
ClassLoader.loadClass;org.apache.logging.log4j.core.pattern.ProcessIdPatternConverter;org.apache.logging.log4j.core.config.plugins.util.PluginRegistry.decodeCacheFiles;181;org.dacapo.harness.DacapoClassLoader;org.dacapo.harness.DacapoClassLoader
ClassLoader.loadClass;org.apache.logging.log4j.core.pattern.RegexReplacement;org.apache.logging.log4j.core.config.plugins.util.PluginRegistry.decodeCacheFiles;181;org.dacapo.harness.DacapoClassLoader;org.dacapo.harness.DacapoClassLoader
ClassLoader.loadClass;org.apache.logging.log4j.core.pattern.RegexReplacementConverter;org.apache.logging.log4j.core.config.plugins.util.PluginRegistry.decodeCacheFiles;181;org.dacapo.harness.DacapoClassLoader;org.dacapo.harness.DacapoClassLoader
ClassLoader.loadClass;org.apache.logging.log4j.core.pattern.RelativeTimePatternConverter;org.apache.logging.log4j.core.config.plugins.util.PluginRegistry.decodeCacheFiles;181;org.dacapo.harness.DacapoClassLoader;org.dacapo.harness.DacapoClassLoader
ClassLoader.loadClass;org.apache.logging.log4j.core.pattern.RepeatPatternConverter;org.apache.logging.log4j.core.config.plugins.util.PluginRegistry.decodeCacheFiles;181;org.dacapo.harness.DacapoClassLoader;org.dacapo.harness.DacapoClassLoader
ClassLoader.loadClass;org.apache.logging.log4j.core.pattern.RootThrowablePatternConverter;org.apache.logging.log4j.core.config.plugins.util.PluginRegistry.decodeCacheFiles;181;org.dacapo.harness.DacapoClassLoader;org.dacapo.harness.DacapoClassLoader
ClassLoader.loadClass;org.apache.logging.log4j.core.pattern.SequenceNumberPatternConverter;org.apache.logging.log4j.core.config.plugins.util.PluginRegistry.decodeCacheFiles;181;org.dacapo.harness.DacapoClassLoader;org.dacapo.harness.DacapoClassLoader
ClassLoader.loadClass;org.apache.logging.log4j.core.pattern.SimpleLiteralPatternConverter$Noop;org.apache.logging.log4j.core.pattern.PatternParser.literalPattern;699;org.dacapo.harness.DacapoClassLoader;org.dacapo.harness.DacapoClassLoader
ClassLoader.loadClass;org.apache.logging.log4j.core.pattern.SimpleLiteralPatternConverter$Space;org.apache.logging.log4j.core.pattern.PatternParser.literalPattern;699;org.dacapo.harness.DacapoClassLoader;org.dacapo.harness.DacapoClassLoader
ClassLoader.loadClass;org.apache.logging.log4j.core.pattern.SimpleLiteralPatternConverter$StringValue;org.apache.logging.log4j.core.pattern.PatternParser.literalPattern;699;org.dacapo.harness.DacapoClassLoader;org.dacapo.harness.DacapoClassLoader
ClassLoader.loadClass;org.apache.logging.log4j.core.pattern.SimpleLiteralPatternConverter;org.apache.logging.log4j.core.pattern.PatternParser.literalPattern;699;org.dacapo.harness.DacapoClassLoader;org.dacapo.harness.DacapoClassLoader
ClassLoader.loadClass;org.apache.logging.log4j.core.pattern.StyleConverter;org.apache.logging.log4j.core.config.plugins.util.PluginRegistry.decodeCacheFiles;181;org.dacapo.harness.DacapoClassLoader;org.dacapo.harness.DacapoClassLoader
ClassLoader.loadClass;org.apache.logging.log4j.core.pattern.TextRenderer;java.lang.Class.getDeclaredMethods0;;org.dacapo.harness.DacapoClassLoader;org.dacapo.harness.DacapoClassLoader
ClassLoader.loadClass;org.apache.logging.log4j.core.pattern.ThreadIdPatternConverter;org.apache.logging.log4j.core.config.plugins.util.PluginRegistry.decodeCacheFiles;181;org.dacapo.harness.DacapoClassLoader;org.dacapo.harness.DacapoClassLoader
ClassLoader.loadClass;org.apache.logging.log4j.core.pattern.ThreadNamePatternConverter;org.apache.logging.log4j.core.config.plugins.util.PluginRegistry.decodeCacheFiles;181;org.dacapo.harness.DacapoClassLoader;org.dacapo.harness.DacapoClassLoader
ClassLoader.loadClass;org.apache.logging.log4j.core.pattern.ThreadPriorityPatternConverter;org.apache.logging.log4j.core.config.plugins.util.PluginRegistry.decodeCacheFiles;181;org.dacapo.harness.DacapoClassLoader;org.dacapo.harness.DacapoClassLoader
ClassLoader.loadClass;org.apache.logging.log4j.core.pattern.ThrowablePatternConverter;java.lang.ClassLoader.defineClass1;;org.dacapo.harness.DacapoClassLoader;org.dacapo.harness.DacapoClassLoader
ClassLoader.loadClass;org.apache.logging.log4j.core.pattern.ThrowablePatternConverter;org.apache.logging.log4j.core.config.plugins.util.PluginRegistry.decodeCacheFiles;181;org.dacapo.harness.DacapoClassLoader;org.dacapo.harness.DacapoClassLoader
ClassLoader.loadClass;org.apache.logging.log4j.core.pattern.UuidPatternConverter;org.apache.logging.log4j.core.config.plugins.util.PluginRegistry.decodeCacheFiles;181;org.dacapo.harness.DacapoClassLoader;org.dacapo.harness.DacapoClassLoader
ClassLoader.loadClass;org.apache.logging.log4j.core.pattern.VariablesNotEmptyReplacementConverter;org.apache.logging.log4j.core.config.plugins.util.PluginRegistry.decodeCacheFiles;181;org.dacapo.harness.DacapoClassLoader;org.dacapo.harness.DacapoClassLoader
ClassLoader.loadClass;org.apache.logging.log4j.core.script.AbstractScript;java.lang.ClassLoader.defineClass1;;org.dacapo.harness.DacapoClassLoader;org.dacapo.harness.DacapoClassLoader
ClassLoader.loadClass;org.apache.logging.log4j.core.script.Script;org.apache.logging.log4j.core.config.plugins.util.PluginRegistry.decodeCacheFiles;181;org.dacapo.harness.DacapoClassLoader;org.dacapo.harness.DacapoClassLoader
ClassLoader.loadClass;org.apache.logging.log4j.core.script.ScriptFile;org.apache.logging.log4j.core.config.plugins.util.PluginRegistry.decodeCacheFiles;181;org.dacapo.harness.DacapoClassLoader;org.dacapo.harness.DacapoClassLoader
ClassLoader.loadClass;org.apache.logging.log4j.core.script.ScriptRef;org.apache.logging.log4j.core.config.plugins.util.PluginRegistry.decodeCacheFiles;181;org.dacapo.harness.DacapoClassLoader;org.dacapo.harness.DacapoClassLoader
ClassLoader.loadClass;org.apache.logging.log4j.core.selector.ClassLoaderContextSelector;org.apache.logging.log4j.core.impl.Log4jContextFactory.createContextSelector;108;org.dacapo.harness.DacapoClassLoader;org.dacapo.harness.DacapoClassLoader
ClassLoader.loadClass;org.apache.logging.log4j.core.selector.ContextSelector;java.lang.Class.getDeclaredConstructors0;;org.dacapo.harness.DacapoClassLoader;org.dacapo.harness.DacapoClassLoader
ClassLoader.loadClass;org.apache.logging.log4j.core.time.Instant;java.lang.Class.getDeclaredMethods0;;org.dacapo.harness.DacapoClassLoader;org.dacapo.harness.DacapoClassLoader
ClassLoader.loadClass;org.apache.logging.log4j.core.time.MutableInstant;java.lang.Class.getDeclaredMethods0;;org.dacapo.harness.DacapoClassLoader;org.dacapo.harness.DacapoClassLoader
ClassLoader.loadClass;org.apache.logging.log4j.core.time.PreciseClock;java.lang.ClassLoader.defineClass1;;org.dacapo.harness.DacapoClassLoader;org.dacapo.harness.DacapoClassLoader
ClassLoader.loadClass;org.apache.logging.log4j.core.util.AbstractWatcher;java.lang.ClassLoader.defineClass1;;org.dacapo.harness.DacapoClassLoader;org.dacapo.harness.DacapoClassLoader
ClassLoader.loadClass;org.apache.logging.log4j.core.util.Assert;org.apache.logging.log4j.core.config.plugins.validation.validators.RequiredValidator.isValid;53;org.dacapo.harness.DacapoClassLoader;org.dacapo.harness.DacapoClassLoader
ClassLoader.loadClass;org.apache.logging.log4j.core.util.AuthorizationProvider;org.apache.logging.log4j.core.LoggerContext.reconfigure;690;org.dacapo.harness.DacapoClassLoader;org.dacapo.harness.DacapoClassLoader
ClassLoader.loadClass;org.apache.logging.log4j.core.util.BasicAuthorizationProvider;org.apache.logging.log4j.core.config.ConfigurationFactory.authorizationProvider;218;org.dacapo.harness.DacapoClassLoader;org.dacapo.harness.DacapoClassLoader
ClassLoader.loadClass;org.apache.logging.log4j.core.util.Builder;java.lang.ClassLoader.defineClass1;;org.dacapo.harness.DacapoClassLoader;org.dacapo.harness.DacapoClassLoader
ClassLoader.loadClass;org.apache.logging.log4j.core.util.Cancellable;org.apache.logging.log4j.core.impl.Log4jContextFactory.createShutdownCallbackRegistry;122;org.dacapo.harness.DacapoClassLoader;org.dacapo.harness.DacapoClassLoader
ClassLoader.loadClass;org.apache.logging.log4j.core.util.Clock;org.apache.logging.log4j.core.impl.ReusableLogEventFactory.<clinit>;39;org.dacapo.harness.DacapoClassLoader;org.dacapo.harness.DacapoClassLoader
ClassLoader.loadClass;org.apache.logging.log4j.core.util.ClockFactory;org.apache.logging.log4j.core.impl.ReusableLogEventFactory.<clinit>;39;org.dacapo.harness.DacapoClassLoader;org.dacapo.harness.DacapoClassLoader
ClassLoader.loadClass;org.apache.logging.log4j.core.util.CloseShieldOutputStream;org.apache.logging.log4j.core.config.AbstractConfiguration.setToDefault;730;org.dacapo.harness.DacapoClassLoader;org.dacapo.harness.DacapoClassLoader
ClassLoader.loadClass;org.apache.logging.log4j.core.util.Closer;org.apache.logging.log4j.core.config.xml.XmlConfiguration.<init>;87;org.dacapo.harness.DacapoClassLoader;org.dacapo.harness.DacapoClassLoader
ClassLoader.loadClass;org.apache.logging.log4j.core.util.Constants;org.apache.logging.log4j.core.impl.Log4jContextFactory.<clinit>;51;org.dacapo.harness.DacapoClassLoader;org.dacapo.harness.DacapoClassLoader
ClassLoader.loadClass;org.apache.logging.log4j.core.util.ContextDataProvider;org.apache.logging.log4j.core.impl.ThreadContextDataInjector.getServiceProviders;79;org.dacapo.harness.DacapoClassLoader;org.dacapo.harness.DacapoClassLoader
ClassLoader.loadClass;org.apache.logging.log4j.core.util.CronExpression;java.lang.Class.forName0;;org.dacapo.harness.DacapoClassLoader;org.dacapo.harness.DacapoClassLoader
ClassLoader.loadClass;org.apache.logging.log4j.core.util.DefaultShutdownCallbackRegistry$RegisteredCancellable;org.apache.logging.log4j.core.util.DefaultShutdownCallbackRegistry.addShutdownCallback;133;org.dacapo.harness.DacapoClassLoader;org.dacapo.harness.DacapoClassLoader
ClassLoader.loadClass;org.apache.logging.log4j.core.util.DefaultShutdownCallbackRegistry;org.apache.logging.log4j.core.impl.Log4jContextFactory.createShutdownCallbackRegistry;122;org.dacapo.harness.DacapoClassLoader;org.dacapo.harness.DacapoClassLoader
ClassLoader.loadClass;org.apache.logging.log4j.core.util.DummyNanoClock;org.apache.logging.log4j.core.config.AbstractConfiguration.<init>;142;org.dacapo.harness.DacapoClassLoader;org.dacapo.harness.DacapoClassLoader
ClassLoader.loadClass;org.apache.logging.log4j.core.util.ExecutorServices;org.apache.logging.log4j.core.LoggerContext.setUpShutdownHook;295;org.dacapo.harness.DacapoClassLoader;org.dacapo.harness.DacapoClassLoader
ClassLoader.loadClass;org.apache.logging.log4j.core.util.FileUtils;org.apache.logging.log4j.core.config.ConfigurationSource.getConfigurationSource;383;org.dacapo.harness.DacapoClassLoader;org.dacapo.harness.DacapoClassLoader
ClassLoader.loadClass;org.apache.logging.log4j.core.util.Integers;org.apache.logging.log4j.core.pattern.NameAbbreviator.getAbbreviator;82;org.dacapo.harness.DacapoClassLoader;org.dacapo.harness.DacapoClassLoader
ClassLoader.loadClass;org.apache.logging.log4j.core.util.KeyValuePair;org.apache.logging.log4j.core.config.plugins.util.PluginRegistry.decodeCacheFiles;181;org.dacapo.harness.DacapoClassLoader;org.dacapo.harness.DacapoClassLoader
ClassLoader.loadClass;org.apache.logging.log4j.core.util.Loader;org.apache.logging.log4j.core.impl.Log4jContextFactory.createContextSelector;100;org.dacapo.harness.DacapoClassLoader;org.dacapo.harness.DacapoClassLoader
ClassLoader.loadClass;org.apache.logging.log4j.core.util.Log4jThread;org.apache.logging.log4j.core.jmx.Server.createExecutor;81;org.dacapo.harness.DacapoClassLoader;org.dacapo.harness.DacapoClassLoader
ClassLoader.loadClass;org.apache.logging.log4j.core.util.Log4jThreadFactory;org.apache.logging.log4j.core.jmx.Server.createExecutor;81;org.dacapo.harness.DacapoClassLoader;org.dacapo.harness.DacapoClassLoader
ClassLoader.loadClass;org.apache.logging.log4j.core.util.NameUtil;org.apache.logging.log4j.core.config.AbstractConfiguration.getLoggerConfig;964;org.dacapo.harness.DacapoClassLoader;org.dacapo.harness.DacapoClassLoader
ClassLoader.loadClass;org.apache.logging.log4j.core.util.NanoClock;org.apache.logging.log4j.core.LoggerContext.<clinit>;74;org.dacapo.harness.DacapoClassLoader;org.dacapo.harness.DacapoClassLoader
ClassLoader.loadClass;org.apache.logging.log4j.core.util.NetUtils;org.apache.logging.log4j.core.LoggerContext.lambda$setConfiguration$0;615;org.dacapo.harness.DacapoClassLoader;org.dacapo.harness.DacapoClassLoader
ClassLoader.loadClass;org.apache.logging.log4j.core.util.OptionConverter;org.apache.logging.log4j.core.pattern.SimpleLiteralPatternConverter.of;37;org.dacapo.harness.DacapoClassLoader;org.dacapo.harness.DacapoClassLoader
ClassLoader.loadClass;org.apache.logging.log4j.core.util.ReflectionUtil;org.apache.logging.log4j.core.lookup.Interpolator.<init>;81;org.dacapo.harness.DacapoClassLoader;org.dacapo.harness.DacapoClassLoader
ClassLoader.loadClass;org.apache.logging.log4j.core.util.ShutdownCallbackRegistry;java.lang.ClassLoader.defineClass1;;org.dacapo.harness.DacapoClassLoader;org.dacapo.harness.DacapoClassLoader
ClassLoader.loadClass;org.apache.logging.log4j.core.util.Source;org.apache.logging.log4j.core.config.ConfigurationSource.<init>;139;org.dacapo.harness.DacapoClassLoader;org.dacapo.harness.DacapoClassLoader
ClassLoader.loadClass;org.apache.logging.log4j.core.util.StringBuilderWriter;org.apache.logging.log4j.core.pattern.PatternParser.parse;207;org.dacapo.harness.DacapoClassLoader;org.dacapo.harness.DacapoClassLoader
ClassLoader.loadClass;org.apache.logging.log4j.core.util.SystemClock;org.apache.logging.log4j.core.util.ClockFactory.createClock;85;org.dacapo.harness.DacapoClassLoader;org.dacapo.harness.DacapoClassLoader
ClassLoader.loadClass;org.apache.logging.log4j.core.util.TypeUtil;org.apache.logging.log4j.core.config.plugins.util.PluginBuilder.createBuilder;157;org.dacapo.harness.DacapoClassLoader;org.dacapo.harness.DacapoClassLoader
ClassLoader.loadClass;org.apache.logging.log4j.core.util.WatchEventService;org.apache.logging.log4j.core.util.WatchManager.getEventServices;162;org.dacapo.harness.DacapoClassLoader;org.dacapo.harness.DacapoClassLoader
ClassLoader.loadClass;org.apache.logging.log4j.core.util.WatchManager$LocalUUID;org.apache.logging.log4j.core.util.WatchManager.<init>;133;org.dacapo.harness.DacapoClassLoader;org.dacapo.harness.DacapoClassLoader
ClassLoader.loadClass;org.apache.logging.log4j.core.util.WatchManager;org.apache.logging.log4j.core.config.AbstractConfiguration.<init>;140;org.dacapo.harness.DacapoClassLoader;org.dacapo.harness.DacapoClassLoader
ClassLoader.loadClass;org.apache.logging.log4j.core.util.Watcher;org.apache.logging.log4j.core.LoggerContext.<clinit>;74;org.dacapo.harness.DacapoClassLoader;org.dacapo.harness.DacapoClassLoader
ClassLoader.loadClass;org.apache.logging.log4j.core.util.datetime.DateParser;java.lang.ClassLoader.defineClass1;;org.dacapo.harness.DacapoClassLoader;org.dacapo.harness.DacapoClassLoader
ClassLoader.loadClass;org.apache.logging.log4j.core.util.datetime.DatePrinter;java.lang.ClassLoader.defineClass1;;org.dacapo.harness.DacapoClassLoader;org.dacapo.harness.DacapoClassLoader
ClassLoader.loadClass;org.apache.logging.log4j.core.util.datetime.FastDateFormat$1;org.apache.logging.log4j.core.pattern.DatePatternConverter.createNonFixedFormatter;240;org.dacapo.harness.DacapoClassLoader;org.dacapo.harness.DacapoClassLoader
ClassLoader.loadClass;org.apache.logging.log4j.core.util.datetime.FastDateFormat;org.apache.logging.log4j.core.pattern.DatePatternConverter.createNonFixedFormatter;240;org.dacapo.harness.DacapoClassLoader;org.dacapo.harness.DacapoClassLoader
ClassLoader.loadClass;org.apache.logging.log4j.core.util.datetime.FastDateParser$1;org.apache.logging.log4j.core.util.datetime.FastDateFormat.<init>;402;org.dacapo.harness.DacapoClassLoader;org.dacapo.harness.DacapoClassLoader
ClassLoader.loadClass;org.apache.logging.log4j.core.util.datetime.FastDateParser$2;org.apache.logging.log4j.core.util.datetime.FastDateFormat.<init>;402;org.dacapo.harness.DacapoClassLoader;org.dacapo.harness.DacapoClassLoader
ClassLoader.loadClass;org.apache.logging.log4j.core.util.datetime.FastDateParser$3;org.apache.logging.log4j.core.util.datetime.FastDateFormat.<init>;402;org.dacapo.harness.DacapoClassLoader;org.dacapo.harness.DacapoClassLoader
ClassLoader.loadClass;org.apache.logging.log4j.core.util.datetime.FastDateParser$4;org.apache.logging.log4j.core.util.datetime.FastDateFormat.<init>;402;org.dacapo.harness.DacapoClassLoader;org.dacapo.harness.DacapoClassLoader
ClassLoader.loadClass;org.apache.logging.log4j.core.util.datetime.FastDateParser$5;org.apache.logging.log4j.core.util.datetime.FastDateFormat.<init>;402;org.dacapo.harness.DacapoClassLoader;org.dacapo.harness.DacapoClassLoader
ClassLoader.loadClass;org.apache.logging.log4j.core.util.datetime.FastDateParser$CaseInsensitiveTextStrategy;org.apache.logging.log4j.core.util.datetime.FastDateFormat.<init>;402;org.dacapo.harness.DacapoClassLoader;org.dacapo.harness.DacapoClassLoader
ClassLoader.loadClass;org.apache.logging.log4j.core.util.datetime.FastDateParser$CopyQuotedStrategy;org.apache.logging.log4j.core.util.datetime.FastDateParser.init;166;org.dacapo.harness.DacapoClassLoader;org.dacapo.harness.DacapoClassLoader
ClassLoader.loadClass;org.apache.logging.log4j.core.util.datetime.FastDateParser$NumberStrategy;java.lang.ClassLoader.defineClass1;;org.dacapo.harness.DacapoClassLoader;org.dacapo.harness.DacapoClassLoader
ClassLoader.loadClass;org.apache.logging.log4j.core.util.datetime.FastDateParser$PatternStrategy;java.lang.ClassLoader.defineClass1;;org.dacapo.harness.DacapoClassLoader;org.dacapo.harness.DacapoClassLoader
ClassLoader.loadClass;org.apache.logging.log4j.core.util.datetime.FastDateParser$Strategy;org.apache.logging.log4j.core.util.datetime.FastDateFormat.<init>;402;org.dacapo.harness.DacapoClassLoader;org.dacapo.harness.DacapoClassLoader
ClassLoader.loadClass;org.apache.logging.log4j.core.util.datetime.FastDateParser$StrategyAndWidth;org.apache.logging.log4j.core.util.datetime.FastDateParser$StrategyParser.letterPattern;233;org.dacapo.harness.DacapoClassLoader;org.dacapo.harness.DacapoClassLoader
ClassLoader.loadClass;org.apache.logging.log4j.core.util.datetime.FastDateParser$StrategyParser;org.apache.logging.log4j.core.util.datetime.FastDateParser.init;166;org.dacapo.harness.DacapoClassLoader;org.dacapo.harness.DacapoClassLoader
ClassLoader.loadClass;org.apache.logging.log4j.core.util.datetime.FastDateParser$TimeZoneStrategy;org.apache.logging.log4j.core.util.datetime.FastDateFormat.<init>;402;org.dacapo.harness.DacapoClassLoader;org.dacapo.harness.DacapoClassLoader
ClassLoader.loadClass;org.apache.logging.log4j.core.util.datetime.FastDateParser;org.apache.logging.log4j.core.util.datetime.FastDateFormat.<init>;402;org.dacapo.harness.DacapoClassLoader;org.dacapo.harness.DacapoClassLoader
ClassLoader.loadClass;org.apache.logging.log4j.core.util.datetime.FastDatePrinter$CharacterLiteral;org.apache.logging.log4j.core.util.datetime.FastDatePrinter.parsePattern;305;org.dacapo.harness.DacapoClassLoader;org.dacapo.harness.DacapoClassLoader
ClassLoader.loadClass;org.apache.logging.log4j.core.util.datetime.FastDatePrinter$NumberRule;org.apache.logging.log4j.core.util.datetime.FastDateFormat.<init>;401;org.dacapo.harness.DacapoClassLoader;org.dacapo.harness.DacapoClassLoader
ClassLoader.loadClass;org.apache.logging.log4j.core.util.datetime.FastDatePrinter$Rule;org.apache.logging.log4j.core.util.datetime.FastDateFormat.<init>;401;org.dacapo.harness.DacapoClassLoader;org.dacapo.harness.DacapoClassLoader
ClassLoader.loadClass;org.apache.logging.log4j.core.util.datetime.FastDatePrinter$TwoDigitNumberField;org.apache.logging.log4j.core.util.datetime.FastDatePrinter.selectNumberRule;391;org.dacapo.harness.DacapoClassLoader;org.dacapo.harness.DacapoClassLoader
ClassLoader.loadClass;org.apache.logging.log4j.core.util.datetime.FastDatePrinter;org.apache.logging.log4j.core.util.datetime.FastDateFormat.<init>;401;org.dacapo.harness.DacapoClassLoader;org.dacapo.harness.DacapoClassLoader
ClassLoader.loadClass;org.apache.logging.log4j.core.util.datetime.FixedDateFormat$FixedFormat;org.apache.logging.log4j.core.util.datetime.FixedDateFormat.createIfSupported;465;org.dacapo.harness.DacapoClassLoader;org.dacapo.harness.DacapoClassLoader
ClassLoader.loadClass;org.apache.logging.log4j.core.util.datetime.FixedDateFormat$FixedTimeZoneFormat;org.apache.logging.log4j.core.util.datetime.FixedDateFormat$FixedFormat.<clinit>;122;org.dacapo.harness.DacapoClassLoader;org.dacapo.harness.DacapoClassLoader
ClassLoader.loadClass;org.apache.logging.log4j.core.util.datetime.FixedDateFormat;java.lang.Class.getDeclaredMethods0;;org.dacapo.harness.DacapoClassLoader;org.dacapo.harness.DacapoClassLoader
ClassLoader.loadClass;org.apache.logging.log4j.core.util.datetime.Format;java.lang.ClassLoader.defineClass1;;org.dacapo.harness.DacapoClassLoader;org.dacapo.harness.DacapoClassLoader
ClassLoader.loadClass;org.apache.logging.log4j.core.util.datetime.FormatCache$MultipartKey;org.apache.logging.log4j.core.util.datetime.FormatCache.getInstance;83;org.dacapo.harness.DacapoClassLoader;org.dacapo.harness.DacapoClassLoader
ClassLoader.loadClass;org.apache.logging.log4j.core.util.datetime.FormatCache;org.apache.logging.log4j.core.pattern.DatePatternConverter.createNonFixedFormatter;240;org.dacapo.harness.DacapoClassLoader;org.dacapo.harness.DacapoClassLoader
ClassLoader.loadClass;org.apache.logging.log4j.internal.LogManagerStatus;org.apache.logging.log4j.LogManager.<clinit>;126;org.dacapo.harness.DacapoClassLoader;org.dacapo.harness.DacapoClassLoader
ClassLoader.loadClass;org.apache.logging.log4j.message.AbstractMessageFactory;java.lang.ClassLoader.defineClass1;;org.dacapo.harness.DacapoClassLoader;org.dacapo.harness.DacapoClassLoader
ClassLoader.loadClass;org.apache.logging.log4j.message.DefaultFlowMessageFactory;org.apache.logging.log4j.spi.AbstractLogger.<clinit>;101;org.dacapo.harness.DacapoClassLoader;org.dacapo.harness.DacapoClassLoader
ClassLoader.loadClass;org.apache.logging.log4j.message.DefaultFlowMessageFactory;org.apache.logging.log4j.util.LoaderUtil.loadClass;169;org.dacapo.harness.DacapoClassLoader;org.dacapo.harness.DacapoClassLoader
ClassLoader.loadClass;org.apache.logging.log4j.message.EntryMessage;java.lang.Class.getDeclaredConstructors0;;org.dacapo.harness.DacapoClassLoader;org.dacapo.harness.DacapoClassLoader
ClassLoader.loadClass;org.apache.logging.log4j.message.ExitMessage;java.lang.Class.getDeclaredConstructors0;;org.dacapo.harness.DacapoClassLoader;org.dacapo.harness.DacapoClassLoader
ClassLoader.loadClass;org.apache.logging.log4j.message.FlowMessage;java.lang.ClassLoader.defineClass1;;org.dacapo.harness.DacapoClassLoader;org.dacapo.harness.DacapoClassLoader
ClassLoader.loadClass;org.apache.logging.log4j.message.FlowMessageFactory;java.lang.ClassLoader.defineClass1;;org.dacapo.harness.DacapoClassLoader;org.dacapo.harness.DacapoClassLoader
ClassLoader.loadClass;org.apache.logging.log4j.message.Message;org.apache.logging.slf4j.Log4jLoggerFactory.<clinit>;35;org.dacapo.harness.DacapoClassLoader;org.dacapo.harness.DacapoClassLoader
ClassLoader.loadClass;org.apache.logging.log4j.message.MessageFactory2;org.apache.logging.slf4j.Log4jLoggerFactory.<clinit>;35;org.dacapo.harness.DacapoClassLoader;org.dacapo.harness.DacapoClassLoader
ClassLoader.loadClass;org.apache.logging.log4j.message.MessageFactory;org.apache.logging.slf4j.Log4jLoggerFactory.<clinit>;35;org.dacapo.harness.DacapoClassLoader;org.dacapo.harness.DacapoClassLoader
ClassLoader.loadClass;org.apache.logging.log4j.message.ParameterizedMessageFactory;org.apache.logging.log4j.spi.AbstractLogger.<clinit>;94;org.dacapo.harness.DacapoClassLoader;org.dacapo.harness.DacapoClassLoader
ClassLoader.loadClass;org.apache.logging.log4j.message.ParameterizedNoReferenceMessageFactory;org.apache.logging.log4j.status.StatusLogger.<clinit>;85;org.dacapo.harness.DacapoClassLoader;org.dacapo.harness.DacapoClassLoader
ClassLoader.loadClass;org.apache.logging.log4j.message.ReusableMessageFactory;org.apache.logging.log4j.spi.AbstractLogger.<clinit>;94;org.dacapo.harness.DacapoClassLoader;org.dacapo.harness.DacapoClassLoader
ClassLoader.loadClass;org.apache.logging.log4j.message.ReusableMessageFactory;org.apache.logging.log4j.util.LoaderUtil.loadClass;169;org.dacapo.harness.DacapoClassLoader;org.dacapo.harness.DacapoClassLoader
ClassLoader.loadClass;org.apache.logging.log4j.simple.SimpleLogger;org.apache.logging.log4j.status.StatusLogger.<init>;137;org.dacapo.harness.DacapoClassLoader;org.dacapo.harness.DacapoClassLoader
ClassLoader.loadClass;org.apache.logging.log4j.spi.AbstractLogger$LocalLogBuilder;org.apache.logging.slf4j.Log4jLoggerFactory.<clinit>;35;org.dacapo.harness.DacapoClassLoader;org.dacapo.harness.DacapoClassLoader
ClassLoader.loadClass;org.apache.logging.log4j.spi.AbstractLogger;java.lang.ClassLoader.defineClass1;;org.dacapo.harness.DacapoClassLoader;org.dacapo.harness.DacapoClassLoader
ClassLoader.loadClass;org.apache.logging.log4j.spi.AbstractLoggerAdapter;java.lang.ClassLoader.defineClass1;;org.dacapo.harness.DacapoClassLoader;org.dacapo.harness.DacapoClassLoader
ClassLoader.loadClass;org.apache.logging.log4j.spi.CleanableThreadContextMap;java.lang.ClassLoader.defineClass1;;org.dacapo.harness.DacapoClassLoader;org.dacapo.harness.DacapoClassLoader
ClassLoader.loadClass;org.apache.logging.log4j.spi.CopyOnWrite;java.lang.ClassLoader.defineClass1;;org.dacapo.harness.DacapoClassLoader;org.dacapo.harness.DacapoClassLoader
ClassLoader.loadClass;org.apache.logging.log4j.spi.CopyOnWriteSortedArrayThreadContextMap$1;org.apache.logging.log4j.spi.ThreadContextMapFactory.init;65;org.dacapo.harness.DacapoClassLoader;org.dacapo.harness.DacapoClassLoader
ClassLoader.loadClass;org.apache.logging.log4j.spi.CopyOnWriteSortedArrayThreadContextMap;org.apache.logging.log4j.spi.ThreadContextMapFactory.init;65;org.dacapo.harness.DacapoClassLoader;org.dacapo.harness.DacapoClassLoader
ClassLoader.loadClass;org.apache.logging.log4j.spi.DefaultThreadContextMap$1;org.apache.logging.log4j.spi.ThreadContextMapFactory.init;67;org.dacapo.harness.DacapoClassLoader;org.dacapo.harness.DacapoClassLoader
ClassLoader.loadClass;org.apache.logging.log4j.spi.DefaultThreadContextMap;org.apache.logging.log4j.spi.ThreadContextMapFactory.init;67;org.dacapo.harness.DacapoClassLoader;org.dacapo.harness.DacapoClassLoader
ClassLoader.loadClass;org.apache.logging.log4j.spi.DefaultThreadContextStack;org.apache.logging.log4j.ThreadContext.init;220;org.dacapo.harness.DacapoClassLoader;org.dacapo.harness.DacapoClassLoader
ClassLoader.loadClass;org.apache.logging.log4j.spi.ExtendedLogger;java.lang.ClassLoader.defineClass1;;org.dacapo.harness.DacapoClassLoader;org.dacapo.harness.DacapoClassLoader
ClassLoader.loadClass;org.apache.logging.log4j.spi.GarbageFreeSortedArrayThreadContextMap$1;org.apache.logging.log4j.spi.ThreadContextMapFactory.init;66;org.dacapo.harness.DacapoClassLoader;org.dacapo.harness.DacapoClassLoader
ClassLoader.loadClass;org.apache.logging.log4j.spi.GarbageFreeSortedArrayThreadContextMap;org.apache.logging.log4j.spi.ThreadContextMapFactory.init;66;org.dacapo.harness.DacapoClassLoader;org.dacapo.harness.DacapoClassLoader
ClassLoader.loadClass;org.apache.logging.log4j.spi.LocationAwareLogger;java.lang.ClassLoader.defineClass1;;org.dacapo.harness.DacapoClassLoader;org.dacapo.harness.DacapoClassLoader
ClassLoader.loadClass;org.apache.logging.log4j.spi.LoggerAdapter;java.lang.ClassLoader.defineClass1;;org.dacapo.harness.DacapoClassLoader;org.dacapo.harness.DacapoClassLoader
ClassLoader.loadClass;org.apache.logging.log4j.spi.LoggerContext;java.lang.Class.getDeclaredConstructors0;;org.dacapo.harness.DacapoClassLoader;org.dacapo.harness.DacapoClassLoader
ClassLoader.loadClass;org.apache.logging.log4j.spi.LoggerContextFactory;org.apache.logging.slf4j.Log4jLoggerFactory.getContext;49;org.dacapo.harness.DacapoClassLoader;org.dacapo.harness.DacapoClassLoader
ClassLoader.loadClass;org.apache.logging.log4j.spi.LoggerContextShutdownAware;java.lang.ClassLoader.defineClass1;;org.dacapo.harness.DacapoClassLoader;org.dacapo.harness.DacapoClassLoader
ClassLoader.loadClass;org.apache.logging.log4j.spi.LoggerContextShutdownEnabled;java.lang.ClassLoader.defineClass1;;org.dacapo.harness.DacapoClassLoader;org.dacapo.harness.DacapoClassLoader
ClassLoader.loadClass;org.apache.logging.log4j.spi.LoggerRegistry$ConcurrentMapFactory;org.apache.logging.log4j.spi.LoggerRegistry.<init>;92;org.dacapo.harness.DacapoClassLoader;org.dacapo.harness.DacapoClassLoader
ClassLoader.loadClass;org.apache.logging.log4j.spi.LoggerRegistry$MapFactory;org.apache.logging.log4j.core.LoggerContext.<init>;76;org.dacapo.harness.DacapoClassLoader;org.dacapo.harness.DacapoClassLoader
ClassLoader.loadClass;org.apache.logging.log4j.spi.LoggerRegistry;org.apache.logging.log4j.core.LoggerContext.<init>;76;org.dacapo.harness.DacapoClassLoader;org.dacapo.harness.DacapoClassLoader
ClassLoader.loadClass;org.apache.logging.log4j.spi.ObjectThreadContextMap;java.lang.ClassLoader.defineClass1;;org.dacapo.harness.DacapoClassLoader;org.dacapo.harness.DacapoClassLoader
ClassLoader.loadClass;org.apache.logging.log4j.spi.Provider;org.apache.logging.log4j.util.ProviderUtil.loadProviders;108;org.dacapo.harness.DacapoClassLoader;org.dacapo.harness.DacapoClassLoader
ClassLoader.loadClass;org.apache.logging.log4j.spi.ReadOnlyThreadContextMap;java.lang.ClassLoader.defineClass1;;org.dacapo.harness.DacapoClassLoader;org.dacapo.harness.DacapoClassLoader
ClassLoader.loadClass;org.apache.logging.log4j.spi.StandardLevel;org.apache.logging.log4j.Level.<clinit>;84;org.dacapo.harness.DacapoClassLoader;org.dacapo.harness.DacapoClassLoader
ClassLoader.loadClass;org.apache.logging.log4j.spi.Terminable;java.lang.ClassLoader.defineClass1;;org.dacapo.harness.DacapoClassLoader;org.dacapo.harness.DacapoClassLoader
ClassLoader.loadClass;org.apache.logging.log4j.spi.ThreadContextMap2;java.lang.ClassLoader.defineClass1;;org.dacapo.harness.DacapoClassLoader;org.dacapo.harness.DacapoClassLoader
ClassLoader.loadClass;org.apache.logging.log4j.spi.ThreadContextMap;org.apache.logging.log4j.core.impl.ContextDataInjectorFactory.createDefaultInjector;87;org.dacapo.harness.DacapoClassLoader;org.dacapo.harness.DacapoClassLoader
ClassLoader.loadClass;org.apache.logging.log4j.spi.ThreadContextMapFactory;org.apache.logging.log4j.ThreadContext.init;213;org.dacapo.harness.DacapoClassLoader;org.dacapo.harness.DacapoClassLoader
ClassLoader.loadClass;org.apache.logging.log4j.spi.ThreadContextStack;org.apache.logging.log4j.core.impl.ContextDataInjectorFactory.createDefaultInjector;87;org.dacapo.harness.DacapoClassLoader;org.dacapo.harness.DacapoClassLoader
ClassLoader.loadClass;org.apache.logging.log4j.status.StatusConsoleListener;org.apache.logging.log4j.core.config.status.StatusConfiguration.registerNewStatusConsoleListener;211;org.dacapo.harness.DacapoClassLoader;org.dacapo.harness.DacapoClassLoader
ClassLoader.loadClass;org.apache.logging.log4j.status.StatusData;java.lang.Class.getDeclaredMethods0;;org.dacapo.harness.DacapoClassLoader;org.dacapo.harness.DacapoClassLoader
ClassLoader.loadClass;org.apache.logging.log4j.status.StatusListener;org.apache.logging.log4j.core.config.xml.XmlConfiguration.<init>;110;org.dacapo.harness.DacapoClassLoader;org.dacapo.harness.DacapoClassLoader
ClassLoader.loadClass;org.apache.logging.log4j.status.StatusLogger$BoundedQueue;org.apache.logging.log4j.status.StatusLogger.<init>;96;org.dacapo.harness.DacapoClassLoader;org.dacapo.harness.DacapoClassLoader
ClassLoader.loadClass;org.apache.logging.log4j.status.StatusLogger;org.apache.logging.slf4j.Log4jLoggerFactory.<clinit>;35;org.dacapo.harness.DacapoClassLoader;org.dacapo.harness.DacapoClassLoader
ClassLoader.loadClass;org.apache.logging.log4j.util.BiConsumer;org.apache.logging.log4j.util.PropertiesUtil$Environment.<init>;429;org.dacapo.harness.DacapoClassLoader;org.dacapo.harness.DacapoClassLoader
ClassLoader.loadClass;org.apache.logging.log4j.util.Constants;org.apache.logging.log4j.spi.AbstractLogger.createClassForProperty;207;org.dacapo.harness.DacapoClassLoader;org.dacapo.harness.DacapoClassLoader
ClassLoader.loadClass;org.apache.logging.log4j.util.EnglishEnums;org.apache.logging.log4j.core.config.plugins.convert.EnumConverter.convert;36;org.dacapo.harness.DacapoClassLoader;org.dacapo.harness.DacapoClassLoader
ClassLoader.loadClass;org.apache.logging.log4j.util.EnvironmentPropertySource;java.lang.Class.forName0;;org.dacapo.harness.DacapoClassLoader;org.dacapo.harness.DacapoClassLoader
ClassLoader.loadClass;org.apache.logging.log4j.util.FilteredObjectInputStream;org.apache.logging.log4j.spi.CopyOnWriteSortedArrayThreadContextMap.<clinit>;56;org.dacapo.harness.DacapoClassLoader;org.dacapo.harness.DacapoClassLoader
ClassLoader.loadClass;org.apache.logging.log4j.util.IndexedReadOnlyStringMap;java.lang.ClassLoader.defineClass1;;org.dacapo.harness.DacapoClassLoader;org.dacapo.harness.DacapoClassLoader
ClassLoader.loadClass;org.apache.logging.log4j.util.IndexedStringMap;java.lang.ClassLoader.defineClass1;;org.dacapo.harness.DacapoClassLoader;org.dacapo.harness.DacapoClassLoader
ClassLoader.loadClass;org.apache.logging.log4j.util.LoaderUtil$ThreadContextClassLoaderGetter;org.apache.logging.log4j.util.LoaderUtil.<clinit>;56;org.dacapo.harness.DacapoClassLoader;org.dacapo.harness.DacapoClassLoader
ClassLoader.loadClass;org.apache.logging.log4j.util.LoaderUtil;org.apache.logging.log4j.util.PropertyFilePropertySource.loadPropertiesFile;37;org.dacapo.harness.DacapoClassLoader;org.dacapo.harness.DacapoClassLoader
ClassLoader.loadClass;org.apache.logging.log4j.util.PropertiesPropertySource;java.lang.ClassLoader.defineClass1;;org.dacapo.harness.DacapoClassLoader;org.dacapo.harness.DacapoClassLoader
ClassLoader.loadClass;org.apache.logging.log4j.util.PropertiesUtil$Environment;org.apache.logging.log4j.util.PropertiesUtil.<init>;73;org.dacapo.harness.DacapoClassLoader;org.dacapo.harness.DacapoClassLoader
ClassLoader.loadClass;org.apache.logging.log4j.util.PropertiesUtil;org.apache.logging.log4j.util.Constants.<clinit>;30;org.dacapo.harness.DacapoClassLoader;org.dacapo.harness.DacapoClassLoader
ClassLoader.loadClass;org.apache.logging.log4j.util.PropertyFilePropertySource;org.apache.logging.log4j.util.PropertiesUtil.<init>;73;org.dacapo.harness.DacapoClassLoader;org.dacapo.harness.DacapoClassLoader
ClassLoader.loadClass;org.apache.logging.log4j.util.PropertySource$Comparator;org.apache.logging.log4j.util.PropertiesUtil$Environment.<init>;421;org.dacapo.harness.DacapoClassLoader;org.dacapo.harness.DacapoClassLoader
ClassLoader.loadClass;org.apache.logging.log4j.util.PropertySource$Util;org.apache.logging.log4j.util.PropertiesUtil$Environment.lambda$reload$1;461;org.dacapo.harness.DacapoClassLoader;org.dacapo.harness.DacapoClassLoader
ClassLoader.loadClass;org.apache.logging.log4j.util.PropertySource;org.apache.logging.log4j.util.Constants.<clinit>;30;org.dacapo.harness.DacapoClassLoader;org.dacapo.harness.DacapoClassLoader
ClassLoader.loadClass;org.apache.logging.log4j.util.ProviderUtil;org.apache.logging.log4j.LogManager.<clinit>;90;org.dacapo.harness.DacapoClassLoader;org.dacapo.harness.DacapoClassLoader
ClassLoader.loadClass;org.apache.logging.log4j.util.ReadOnlyStringMap;java.lang.ClassLoader.defineClass1;;org.dacapo.harness.DacapoClassLoader;org.dacapo.harness.DacapoClassLoader
ClassLoader.loadClass;org.apache.logging.log4j.util.SortedArrayStringMap;org.apache.logging.log4j.spi.CopyOnWriteSortedArrayThreadContextMap.<clinit>;56;org.dacapo.harness.DacapoClassLoader;org.dacapo.harness.DacapoClassLoader
ClassLoader.loadClass;org.apache.logging.log4j.util.StackLocator;org.apache.logging.log4j.util.StackLocatorUtil.<clinit>;33;org.dacapo.harness.DacapoClassLoader;org.dacapo.harness.DacapoClassLoader
ClassLoader.loadClass;org.apache.logging.log4j.util.StackLocatorUtil;org.apache.logging.slf4j.Log4jLoggerFactory.getContext;50;org.dacapo.harness.DacapoClassLoader;org.dacapo.harness.DacapoClassLoader
ClassLoader.loadClass;org.apache.logging.log4j.util.StringBuilderFormattable;java.lang.ClassLoader.defineClass1;;org.dacapo.harness.DacapoClassLoader;org.dacapo.harness.DacapoClassLoader
ClassLoader.loadClass;org.apache.logging.log4j.util.StringBuilders;org.apache.logging.log4j.core.config.plugins.visitors.PluginBuilderAttributeVisitor.visit;51;org.dacapo.harness.DacapoClassLoader;org.dacapo.harness.DacapoClassLoader
ClassLoader.loadClass;org.apache.logging.log4j.util.StringMap;org.apache.logging.log4j.spi.ThreadContextMapFactory.init;65;org.dacapo.harness.DacapoClassLoader;org.dacapo.harness.DacapoClassLoader
ClassLoader.loadClass;org.apache.logging.log4j.util.Strings;org.apache.logging.log4j.status.StatusLogger.<init>;135;org.dacapo.harness.DacapoClassLoader;org.dacapo.harness.DacapoClassLoader
ClassLoader.loadClass;org.apache.logging.log4j.util.Supplier;org.apache.logging.log4j.core.config.plugins.util.PluginRegistry.decodeCacheFiles;193;org.dacapo.harness.DacapoClassLoader;org.dacapo.harness.DacapoClassLoader
ClassLoader.loadClass;org.apache.logging.log4j.util.SystemPropertiesPropertySource;java.lang.Class.forName0;;org.dacapo.harness.DacapoClassLoader;org.dacapo.harness.DacapoClassLoader
ClassLoader.loadClass;org.apache.logging.log4j.util.TriConsumer;org.apache.logging.log4j.util.SortedArrayStringMap.<clinit>;70;org.dacapo.harness.DacapoClassLoader;org.dacapo.harness.DacapoClassLoader
ClassLoader.loadClass;org.apache.logging.log4j.util.internal.DefaultObjectInputFilter;java.lang.Class.forName0;;org.dacapo.harness.DacapoClassLoader;org.dacapo.harness.DacapoClassLoader
ClassLoader.loadClass;org.apache.logging.slf4j.Log4jLogger;org.apache.logging.slf4j.Log4jLoggerFactory.newLogger;44;org.dacapo.harness.DacapoClassLoader;org.dacapo.harness.DacapoClassLoader
ClassLoader.loadClass;org.apache.logging.slf4j.Log4jLoggerFactory;org.slf4j.impl.StaticLoggerBinder.<clinit>;36;org.dacapo.harness.DacapoClassLoader;org.dacapo.harness.DacapoClassLoader
ClassLoader.loadClass;org.apache.logging.slf4j.Log4jMarker;org.apache.logging.slf4j.Log4jMarkerFactory.addMarkerIfAbsent;59;org.dacapo.harness.DacapoClassLoader;org.dacapo.harness.DacapoClassLoader
ClassLoader.loadClass;org.apache.logging.slf4j.Log4jMarkerFactory;org.slf4j.impl.StaticMarkerBinder.<init>;34;org.dacapo.harness.DacapoClassLoader;org.dacapo.harness.DacapoClassLoader
ClassLoader.loadClass;org.biojava.nbio.aaproperties.CommandPrompt$PropertyName;org.biojava.nbio.aaproperties.CommandPrompt.printHeader;231;org.dacapo.harness.DacapoClassLoader;org.dacapo.harness.DacapoClassLoader
ClassLoader.loadClass;org.biojava.nbio.aaproperties.CommandPrompt;java.lang.Class.forName0;;org.dacapo.harness.DacapoClassLoader;org.dacapo.harness.DacapoClassLoader
ClassLoader.loadClass;org.biojava.nbio.aaproperties.Constraints;org.biojava.nbio.aaproperties.PeptidePropertiesImpl.getMolecularWeight;79;org.dacapo.harness.DacapoClassLoader;org.dacapo.harness.DacapoClassLoader
ClassLoader.loadClass;org.biojava.nbio.aaproperties.IPeptideProperties;java.lang.Class.forName0;;org.dacapo.harness.DacapoClassLoader;org.dacapo.harness.DacapoClassLoader
ClassLoader.loadClass;org.biojava.nbio.aaproperties.PeptideProperties$SingleLetterAACode;org.biojava.nbio.aaproperties.PeptideProperties.<clinit>;70;org.dacapo.harness.DacapoClassLoader;org.dacapo.harness.DacapoClassLoader
ClassLoader.loadClass;org.biojava.nbio.aaproperties.PeptideProperties;org.biojava.nbio.aaproperties.Utils.checkSequence;166;org.dacapo.harness.DacapoClassLoader;org.dacapo.harness.DacapoClassLoader
ClassLoader.loadClass;org.biojava.nbio.aaproperties.PeptidePropertiesImpl;org.biojava.nbio.aaproperties.CommandPrompt.compute;287;org.dacapo.harness.DacapoClassLoader;org.dacapo.harness.DacapoClassLoader
ClassLoader.loadClass;org.biojava.nbio.aaproperties.Utils;org.biojava.nbio.aaproperties.CommandPrompt.compute;283;org.dacapo.harness.DacapoClassLoader;org.dacapo.harness.DacapoClassLoader
ClassLoader.loadClass;org.biojava.nbio.aaproperties.xml.AminoAcidCompositionTable;org.biojava.nbio.aaproperties.CommandPrompt.compute;338;org.dacapo.harness.DacapoClassLoader;org.dacapo.harness.DacapoClassLoader
ClassLoader.loadClass;org.biojava.nbio.aaproperties.xml.CaseFreeAminoAcidCompoundSet;org.biojava.nbio.aaproperties.CommandPrompt.readInputFile;186;org.dacapo.harness.DacapoClassLoader;org.dacapo.harness.DacapoClassLoader
ClassLoader.loadClass;org.biojava.nbio.core.exceptions.CompoundNotFoundException;org.biojava.nbio.aaproperties.CommandPrompt.readInputFile;199;org.dacapo.harness.DacapoClassLoader;org.dacapo.harness.DacapoClassLoader
ClassLoader.loadClass;org.biojava.nbio.core.sequence.AccessionID;org.biojava.nbio.core.sequence.io.GenericFastaHeaderParser.parseHeader;118;org.dacapo.harness.DacapoClassLoader;org.dacapo.harness.DacapoClassLoader
ClassLoader.loadClass;org.biojava.nbio.core.sequence.DNASequence;org.biojava.nbio.core.sequence.io.ProteinSequenceCreator.getSequence;63;org.dacapo.harness.DacapoClassLoader;org.dacapo.harness.DacapoClassLoader
ClassLoader.loadClass;org.biojava.nbio.core.sequence.DataSource;org.biojava.nbio.core.sequence.AccessionID.<init>;56;org.dacapo.harness.DacapoClassLoader;org.dacapo.harness.DacapoClassLoader
ClassLoader.loadClass;org.biojava.nbio.core.sequence.ProteinSequence;org.biojava.nbio.aaproperties.CommandPrompt.readInputFile;199;org.dacapo.harness.DacapoClassLoader;org.dacapo.harness.DacapoClassLoader
ClassLoader.loadClass;org.biojava.nbio.core.sequence.compound.AminoAcidCompound;org.biojava.nbio.aaproperties.xml.CaseFreeAminoAcidCompoundSet.<init>;47;org.dacapo.harness.DacapoClassLoader;org.dacapo.harness.DacapoClassLoader
ClassLoader.loadClass;org.biojava.nbio.core.sequence.compound.AminoAcidCompoundSet;org.biojava.nbio.core.sequence.ProteinSequence.<init>;69;org.dacapo.harness.DacapoClassLoader;org.dacapo.harness.DacapoClassLoader
ClassLoader.loadClass;org.biojava.nbio.core.sequence.features.FeatureInterface;org.biojava.nbio.core.sequence.io.ProteinSequenceCreator.getSequence;63;org.dacapo.harness.DacapoClassLoader;org.dacapo.harness.DacapoClassLoader
ClassLoader.loadClass;org.biojava.nbio.core.sequence.io.BufferedReaderBytesRead;org.biojava.nbio.core.sequence.io.FastaReader.<init>;70;org.dacapo.harness.DacapoClassLoader;org.dacapo.harness.DacapoClassLoader
ClassLoader.loadClass;org.biojava.nbio.core.sequence.io.FastaReader;org.biojava.nbio.aaproperties.CommandPrompt.readInputFile;199;org.dacapo.harness.DacapoClassLoader;org.dacapo.harness.DacapoClassLoader
ClassLoader.loadClass;org.biojava.nbio.core.sequence.io.GenericFastaHeaderParser;org.biojava.nbio.aaproperties.CommandPrompt.readInputFile;199;org.dacapo.harness.DacapoClassLoader;org.dacapo.harness.DacapoClassLoader
ClassLoader.loadClass;org.biojava.nbio.core.sequence.io.ProteinSequenceCreator;org.biojava.nbio.aaproperties.CommandPrompt.readInputFile;199;org.dacapo.harness.DacapoClassLoader;org.dacapo.harness.DacapoClassLoader
ClassLoader.loadClass;org.biojava.nbio.core.sequence.io.template.SequenceCreatorInterface;java.lang.Class.forName0;;org.dacapo.harness.DacapoClassLoader;org.dacapo.harness.DacapoClassLoader
ClassLoader.loadClass;org.biojava.nbio.core.sequence.io.template.SequenceHeaderParserInterface;java.lang.Class.forName0;;org.dacapo.harness.DacapoClassLoader;org.dacapo.harness.DacapoClassLoader
ClassLoader.loadClass;org.biojava.nbio.core.sequence.location.SequenceLocation;org.biojava.nbio.core.sequence.io.ProteinSequenceCreator.getSequence;63;org.dacapo.harness.DacapoClassLoader;org.dacapo.harness.DacapoClassLoader
ClassLoader.loadClass;org.biojava.nbio.core.sequence.location.SimpleLocation;java.lang.ClassLoader.defineClass1;;org.dacapo.harness.DacapoClassLoader;org.dacapo.harness.DacapoClassLoader
ClassLoader.loadClass;org.biojava.nbio.core.sequence.location.template.AbstractLocation;org.biojava.nbio.core.sequence.io.ProteinSequenceCreator.getSequence;63;org.dacapo.harness.DacapoClassLoader;org.dacapo.harness.DacapoClassLoader
ClassLoader.loadClass;org.biojava.nbio.core.sequence.location.template.Location;org.biojava.nbio.core.sequence.io.ProteinSequenceCreator.getSequence;63;org.dacapo.harness.DacapoClassLoader;org.dacapo.harness.DacapoClassLoader
ClassLoader.loadClass;org.biojava.nbio.core.sequence.storage.ArrayListSequenceReader;org.biojava.nbio.core.sequence.template.AbstractSequence.initSequenceStorage;96;org.dacapo.harness.DacapoClassLoader;org.dacapo.harness.DacapoClassLoader
ClassLoader.loadClass;org.biojava.nbio.core.sequence.template.AbstractCompound;java.lang.ClassLoader.defineClass1;;org.dacapo.harness.DacapoClassLoader;org.dacapo.harness.DacapoClassLoader
ClassLoader.loadClass;org.biojava.nbio.core.sequence.template.AbstractSequence$AnnotationType;org.biojava.nbio.core.sequence.template.AbstractSequence.<init>;60;org.dacapo.harness.DacapoClassLoader;org.dacapo.harness.DacapoClassLoader
ClassLoader.loadClass;org.biojava.nbio.core.sequence.template.AbstractSequence;org.biojava.nbio.aaproperties.CommandPrompt.readInputFile;199;org.dacapo.harness.DacapoClassLoader;org.dacapo.harness.DacapoClassLoader
ClassLoader.loadClass;org.biojava.nbio.core.sequence.template.Accessioned;java.lang.ClassLoader.defineClass1;;org.dacapo.harness.DacapoClassLoader;org.dacapo.harness.DacapoClassLoader
ClassLoader.loadClass;org.biojava.nbio.core.sequence.template.Compound;org.biojava.nbio.aaproperties.CommandPrompt.readInputFile;186;org.dacapo.harness.DacapoClassLoader;org.dacapo.harness.DacapoClassLoader
ClassLoader.loadClass;org.biojava.nbio.core.sequence.template.CompoundSet;java.lang.Class.forName0;;org.dacapo.harness.DacapoClassLoader;org.dacapo.harness.DacapoClassLoader
ClassLoader.loadClass;org.biojava.nbio.core.sequence.template.ProxySequenceReader;org.biojava.nbio.aaproperties.CommandPrompt.readInputFile;199;org.dacapo.harness.DacapoClassLoader;org.dacapo.harness.DacapoClassLoader
ClassLoader.loadClass;org.biojava.nbio.core.sequence.template.Sequence;org.biojava.nbio.aaproperties.CommandPrompt.readInputFile;199;org.dacapo.harness.DacapoClassLoader;org.dacapo.harness.DacapoClassLoader
ClassLoader.loadClass;org.biojava.nbio.core.sequence.template.SequenceMixin;org.biojava.nbio.core.sequence.template.AbstractSequence.getSequenceAsString;647;org.dacapo.harness.DacapoClassLoader;org.dacapo.harness.DacapoClassLoader
ClassLoader.loadClass;org.biojava.nbio.core.sequence.template.SequenceReader;java.lang.ClassLoader.defineClass1;;org.dacapo.harness.DacapoClassLoader;org.dacapo.harness.DacapoClassLoader
ClassLoader.loadClass;org.biojava.nbio.core.sequence.template.SequenceView;org.biojava.nbio.core.sequence.io.ProteinSequenceCreator.getSequence;63;org.dacapo.harness.DacapoClassLoader;org.dacapo.harness.DacapoClassLoader
ClassLoader.loadClass;org.dacapo.harness.Benchmark;org.dacapo.harness.TestHarness.main;108;jdk.internal.loader.ClassLoaders$AppClassLoader;jdk.internal.loader.ClassLoaders$AppClassLoader
ClassLoader.loadClass;org.dacapo.harness.BioJava;java.lang.Class.forName0;;jdk.internal.loader.ClassLoaders$AppClassLoader;jdk.internal.loader.ClassLoaders$AppClassLoader
ClassLoader.loadClass;org.dacapo.harness.Callback$1;org.dacapo.harness.Callback.init;80;jdk.internal.loader.ClassLoaders$AppClassLoader;jdk.internal.loader.ClassLoaders$AppClassLoader
ClassLoader.loadClass;org.dacapo.harness.Callback$Mode;org.dacapo.harness.Callback.init;83;jdk.internal.loader.ClassLoaders$AppClassLoader;jdk.internal.loader.ClassLoaders$AppClassLoader
ClassLoader.loadClass;org.dacapo.harness.Callback;org.dacapo.harness.CommandLineArgs.defineCallback;460;jdk.internal.loader.ClassLoaders$AppClassLoader;jdk.internal.loader.ClassLoaders$AppClassLoader
ClassLoader.loadClass;org.dacapo.harness.CommandLineArgs$Methodology;org.dacapo.harness.CommandLineArgs.getMethodology;311;jdk.internal.loader.ClassLoaders$AppClassLoader;jdk.internal.loader.ClassLoaders$AppClassLoader
ClassLoader.loadClass;org.dacapo.harness.CommandLineArgs;org.dacapo.harness.TestHarness.main;101;jdk.internal.loader.ClassLoaders$AppClassLoader;jdk.internal.loader.ClassLoaders$AppClassLoader
ClassLoader.loadClass;org.dacapo.harness.DacapoClassLoader;org.dacapo.harness.TestHarness.main;108;jdk.internal.loader.ClassLoaders$AppClassLoader;jdk.internal.loader.ClassLoaders$AppClassLoader
ClassLoader.loadClass;org.dacapo.harness.DacapoException;org.dacapo.harness.TestHarness.main;108;jdk.internal.loader.ClassLoaders$AppClassLoader;jdk.internal.loader.ClassLoaders$AppClassLoader
ClassLoader.loadClass;org.dacapo.harness.Data;org.dacapo.harness.TestHarness.main;105;jdk.internal.loader.ClassLoaders$AppClassLoader;jdk.internal.loader.ClassLoaders$AppClassLoader
ClassLoader.loadClass;org.dacapo.harness.Digest;org.dacapo.harness.FileDigest.getText;84;jdk.internal.loader.ClassLoaders$AppClassLoader;jdk.internal.loader.ClassLoaders$AppClassLoader
ClassLoader.loadClass;org.dacapo.harness.FileDigest;org.dacapo.harness.Benchmark.validate;640;jdk.internal.loader.ClassLoaders$AppClassLoader;jdk.internal.loader.ClassLoaders$AppClassLoader
ClassLoader.loadClass;org.dacapo.harness.LatencyReporter;org.dacapo.harness.Benchmark.run;272;jdk.internal.loader.ClassLoaders$AppClassLoader;jdk.internal.loader.ClassLoaders$AppClassLoader
ClassLoader.loadClass;org.dacapo.harness.TeeOutputStream;org.dacapo.harness.Benchmark.initialize;316;jdk.internal.loader.ClassLoaders$AppClassLoader;jdk.internal.loader.ClassLoaders$AppClassLoader
ClassLoader.loadClass;org.dacapo.harness.TeePrintStream;org.dacapo.harness.TestHarness.main;108;jdk.internal.loader.ClassLoaders$AppClassLoader;jdk.internal.loader.ClassLoaders$AppClassLoader
ClassLoader.loadClass;org.dacapo.harness.TestHarness;Harness.main;35;java.net.FactoryURLClassLoader;jdk.internal.loader.ClassLoaders$AppClassLoader
ClassLoader.loadClass;org.dacapo.parser.Config$1;org.dacapo.parser.Config.getThreadCount;736;jdk.internal.loader.ClassLoaders$AppClassLoader;jdk.internal.loader.ClassLoaders$AppClassLoader
ClassLoader.loadClass;org.dacapo.parser.Config$OutputFile;org.dacapo.parser.Config$Size.addOutputFile;133;jdk.internal.loader.ClassLoaders$AppClassLoader;jdk.internal.loader.ClassLoaders$AppClassLoader
ClassLoader.loadClass;org.dacapo.parser.Config$Size;org.dacapo.parser.Config.addSize;327;jdk.internal.loader.ClassLoaders$AppClassLoader;jdk.internal.loader.ClassLoaders$AppClassLoader
ClassLoader.loadClass;org.dacapo.parser.Config$ThreadModel;org.dacapo.parser.ConfigFile.threadModel;377;jdk.internal.loader.ClassLoaders$AppClassLoader;jdk.internal.loader.ClassLoaders$AppClassLoader
ClassLoader.loadClass;org.dacapo.parser.Config;org.dacapo.harness.TestHarness.main;110;jdk.internal.loader.ClassLoaders$AppClassLoader;jdk.internal.loader.ClassLoaders$AppClassLoader
ClassLoader.loadClass;org.dacapo.parser.ConfigFile;org.dacapo.parser.Config.parse;213;jdk.internal.loader.ClassLoaders$AppClassLoader;jdk.internal.loader.ClassLoaders$AppClassLoader
ClassLoader.loadClass;org.dacapo.parser.ConfigFileConstants;java.lang.ClassLoader.defineClass1;;jdk.internal.loader.ClassLoaders$AppClassLoader;jdk.internal.loader.ClassLoaders$AppClassLoader
ClassLoader.loadClass;org.dacapo.parser.ConfigFileTokenManager;org.dacapo.parser.ConfigFile.<init>;531;jdk.internal.loader.ClassLoaders$AppClassLoader;jdk.internal.loader.ClassLoaders$AppClassLoader
ClassLoader.loadClass;org.dacapo.parser.ParseException;org.dacapo.harness.TestHarness.main;110;jdk.internal.loader.ClassLoaders$AppClassLoader;jdk.internal.loader.ClassLoaders$AppClassLoader
ClassLoader.loadClass;org.dacapo.parser.SimpleCharStream;org.dacapo.parser.ConfigFile.<init>;530;jdk.internal.loader.ClassLoaders$AppClassLoader;jdk.internal.loader.ClassLoaders$AppClassLoader
ClassLoader.loadClass;org.dacapo.parser.Token;org.dacapo.parser.ConfigFile.<init>;532;jdk.internal.loader.ClassLoaders$AppClassLoader;jdk.internal.loader.ClassLoaders$AppClassLoader
ClassLoader.loadClass;org.dacapo.parser.TokenMgrError;org.dacapo.parser.ConfigFile.<init>;531;jdk.internal.loader.ClassLoaders$AppClassLoader;jdk.internal.loader.ClassLoaders$AppClassLoader
ClassLoader.loadClass;org.slf4j.ILoggerFactory;org.biojava.nbio.core.sequence.io.FastaReader.<clinit>;46;org.dacapo.harness.DacapoClassLoader;org.dacapo.harness.DacapoClassLoader
ClassLoader.loadClass;org.slf4j.IMarkerFactory;org.apache.logging.slf4j.Log4jLogger.<clinit>;44;org.dacapo.harness.DacapoClassLoader;org.dacapo.harness.DacapoClassLoader
ClassLoader.loadClass;org.slf4j.Logger;org.slf4j.LoggerFactory.<clinit>;86;org.dacapo.harness.DacapoClassLoader;org.dacapo.harness.DacapoClassLoader
ClassLoader.loadClass;org.slf4j.LoggerFactory;org.biojava.nbio.core.sequence.io.FastaReader.<clinit>;46;org.dacapo.harness.DacapoClassLoader;org.dacapo.harness.DacapoClassLoader
ClassLoader.loadClass;org.slf4j.Marker;org.slf4j.impl.StaticMarkerBinder.<init>;34;org.dacapo.harness.DacapoClassLoader;org.dacapo.harness.DacapoClassLoader
ClassLoader.loadClass;org.slf4j.MarkerFactory;org.apache.logging.slf4j.Log4jLogger.<clinit>;44;org.dacapo.harness.DacapoClassLoader;org.dacapo.harness.DacapoClassLoader
ClassLoader.loadClass;org.slf4j.event.LoggingEvent;org.biojava.nbio.core.sequence.io.FastaReader.<clinit>;46;org.dacapo.harness.DacapoClassLoader;org.dacapo.harness.DacapoClassLoader
ClassLoader.loadClass;org.slf4j.helpers.NOPLoggerFactory;org.slf4j.LoggerFactory.<clinit>;87;org.dacapo.harness.DacapoClassLoader;org.dacapo.harness.DacapoClassLoader
ClassLoader.loadClass;org.slf4j.helpers.SubstituteLoggerFactory;org.slf4j.LoggerFactory.<clinit>;86;org.dacapo.harness.DacapoClassLoader;org.dacapo.harness.DacapoClassLoader
ClassLoader.loadClass;org.slf4j.helpers.Util;org.slf4j.LoggerFactory.<clinit>;93;org.dacapo.harness.DacapoClassLoader;org.dacapo.harness.DacapoClassLoader
ClassLoader.loadClass;org.slf4j.impl.StaticLoggerBinder;org.slf4j.LoggerFactory.bind;150;org.dacapo.harness.DacapoClassLoader;org.dacapo.harness.DacapoClassLoader
ClassLoader.loadClass;org.slf4j.impl.StaticMarkerBinder;org.slf4j.MarkerFactory.bwCompatibleGetMarkerFactoryFromBinder;61;org.dacapo.harness.DacapoClassLoader;org.dacapo.harness.DacapoClassLoader
ClassLoader.loadClass;org.slf4j.spi.LocationAwareLogger;java.lang.ClassLoader.defineClass1;;org.dacapo.harness.DacapoClassLoader;org.dacapo.harness.DacapoClassLoader
ClassLoader.loadClass;org.slf4j.spi.LoggerFactoryBinder;java.lang.ClassLoader.defineClass1;;org.dacapo.harness.DacapoClassLoader;org.dacapo.harness.DacapoClassLoader
ClassLoader.loadClass;org.slf4j.spi.MarkerFactoryBinder;java.lang.ClassLoader.defineClass1;;org.dacapo.harness.DacapoClassLoader;org.dacapo.harness.DacapoClassLoader
ClassLoader.loadClass;org.w3c.dom.Attr;org.apache.logging.log4j.core.config.xml.XmlConfiguration.processAttributes;341;org.dacapo.harness.DacapoClassLoader;BootstrapClassLoader
ClassLoader.loadClass;org.w3c.dom.Document;org.apache.logging.log4j.core.config.xml.XmlConfiguration.<init>;108;org.dacapo.harness.DacapoClassLoader;BootstrapClassLoader
ClassLoader.loadClass;org.w3c.dom.Element;org.apache.logging.log4j.core.config.xml.XmlConfiguration.processAttributes;336;org.dacapo.harness.DacapoClassLoader;BootstrapClassLoader
ClassLoader.loadClass;org.w3c.dom.NamedNodeMap;org.apache.logging.log4j.core.config.xml.XmlConfiguration.processAttributes;339;org.dacapo.harness.DacapoClassLoader;BootstrapClassLoader
ClassLoader.loadClass;org.w3c.dom.NodeList;org.apache.logging.log4j.core.config.xml.XmlConfiguration.constructHierarchy;287;org.dacapo.harness.DacapoClassLoader;BootstrapClassLoader
ClassLoader.loadClass;org.w3c.dom.Text;org.apache.logging.log4j.core.config.xml.XmlConfiguration.constructHierarchy;305;org.dacapo.harness.DacapoClassLoader;BootstrapClassLoader
ClassLoader.loadClass;org.xml.sax.InputSource;org.apache.logging.log4j.core.config.xml.XmlConfiguration.<init>;89;org.dacapo.harness.DacapoClassLoader;BootstrapClassLoader
ClassLoader.loadClass;org.xml.sax.SAXException;org.apache.logging.log4j.core.config.xml.XmlConfigurationFactory.getConfiguration;46;org.dacapo.harness.DacapoClassLoader;BootstrapClassLoader
ClassLoader.loadClass;sun.util.locale.provider.LocaleDataMetaInfo;java.lang.ClassLoader.defineClass2;;jdk.internal.loader.ClassLoaders$PlatformClassLoader;BootstrapClassLoader
ClassLoader.loadClass;sun.util.locale.provider.LocaleProviderAdapter$Type;java.lang.Class.getDeclaredMethods0;;jdk.internal.loader.ClassLoaders$PlatformClassLoader;BootstrapClassLoader
ClassLoader.loadClass;sun.util.resources.LocaleData$CommonResourceBundleProvider;java.lang.ClassLoader.defineClass2;;jdk.internal.loader.ClassLoaders$PlatformClassLoader;BootstrapClassLoader
