ClassLoader.loadClass;Harness;java.lang.Class.forName0;;jdk.internal.loader.ClassLoaders$AppClassLoader;jdk.internal.loader.ClassLoaders$AppClassLoader
ClassLoader.loadClass;com.sun.management.HotSpotDiagnosticMXBean;java.lang.Class.forName0;;org.dacapo.harness.DacapoClassLoader;BootstrapClassLoader
ClassLoader.loadClass;com.sun.org.apache.xerces.internal.jaxp.datatype.DatatypeFactoryImpl;java.lang.Class.forName0;;java.net.FactoryURLClassLoader;BootstrapClassLoader
ClassLoader.loadClass;java.io.BufferedInputStream;org.apache.lucene.util.fst.FSTCompiler.<init>;122;org.dacapo.harness.DacapoClassLoader;BootstrapClassLoader
ClassLoader.loadClass;java.io.BufferedInputStream;org.dacapo.harness.TestHarness.main;108;jdk.internal.loader.ClassLoaders$AppClassLoader;BootstrapClassLoader
ClassLoader.loadClass;java.io.BufferedOutputStream;java.lang.ClassLoader.defineClass1;;org.dacapo.harness.DacapoClassLoader;BootstrapClassLoader
ClassLoader.loadClass;java.io.BufferedOutputStream;jdk.nio.zipfs.ZipFileSystemProvider.getZipFileSystem;125;jdk.internal.loader.ClassLoaders$PlatformClassLoader;BootstrapClassLoader
ClassLoader.loadClass;java.io.BufferedReader;org.apache.lucene.index.IndexWriterConfig.<init>;135;org.dacapo.harness.DacapoClassLoader;BootstrapClassLoader
ClassLoader.loadClass;java.io.BufferedReader;org.dacapo.harness.Benchmark.getDeps;358;jdk.internal.loader.ClassLoaders$AppClassLoader;BootstrapClassLoader
ClassLoader.loadClass;java.io.BufferedWriter;org.dacapo.harness.TestHarness.main;108;jdk.internal.loader.ClassLoaders$AppClassLoader;BootstrapClassLoader
ClassLoader.loadClass;java.io.ByteArrayInputStream;jdk.nio.zipfs.ZipFileSystemProvider.getZipFileSystem;125;jdk.internal.loader.ClassLoaders$PlatformClassLoader;BootstrapClassLoader
ClassLoader.loadClass;java.io.Closeable;java.lang.ClassLoader.defineClass1;;org.dacapo.harness.DacapoClassLoader;BootstrapClassLoader
ClassLoader.loadClass;java.io.DataInputStream;org.apache.lucene.util.StringHelper.<clinit>;239;org.dacapo.harness.DacapoClassLoader;BootstrapClassLoader
ClassLoader.loadClass;java.io.EOFException;org.apache.lucene.index.IndexWriter.<init>;1003;org.dacapo.harness.DacapoClassLoader;BootstrapClassLoader
ClassLoader.loadClass;java.io.File;java.lang.Class.getDeclaredConstructors0;;org.dacapo.harness.DacapoClassLoader;BootstrapClassLoader
ClassLoader.loadClass;java.io.FileInputStream;java.lang.Class.getDeclaredMethods0;;jdk.internal.loader.ClassLoaders$AppClassLoader;BootstrapClassLoader
ClassLoader.loadClass;java.io.FileNotFoundException;java.lang.Class.forName0;;org.dacapo.harness.DacapoClassLoader;BootstrapClassLoader
ClassLoader.loadClass;java.io.FileNotFoundException;java.lang.Class.getDeclaredMethods0;;jdk.internal.loader.ClassLoaders$AppClassLoader;BootstrapClassLoader
ClassLoader.loadClass;java.io.FileOutputStream;org.dacapo.harness.TestHarness.main;108;jdk.internal.loader.ClassLoaders$AppClassLoader;BootstrapClassLoader
ClassLoader.loadClass;java.io.FileReader;java.lang.Class.forName0;;org.dacapo.harness.DacapoClassLoader;BootstrapClassLoader
ClassLoader.loadClass;java.io.FileReader;org.dacapo.harness.TestHarness.main;105;jdk.internal.loader.ClassLoaders$AppClassLoader;BootstrapClassLoader
ClassLoader.loadClass;java.io.FileWriter;org.dacapo.harness.TestHarness.main;105;jdk.internal.loader.ClassLoaders$AppClassLoader;BootstrapClassLoader
ClassLoader.loadClass;java.io.FilterOutputStream;java.lang.ClassLoader.defineClass1;;jdk.internal.loader.ClassLoaders$AppClassLoader;BootstrapClassLoader
ClassLoader.loadClass;java.io.FilterOutputStream;java.lang.ClassLoader.defineClass1;;org.dacapo.harness.DacapoClassLoader;BootstrapClassLoader
ClassLoader.loadClass;java.io.FilterOutputStream;java.lang.ClassLoader.defineClass2;;jdk.internal.loader.ClassLoaders$PlatformClassLoader;BootstrapClassLoader
ClassLoader.loadClass;java.io.IOException;java.lang.Class.forName0;;org.dacapo.harness.DacapoClassLoader;BootstrapClassLoader
ClassLoader.loadClass;java.io.IOException;java.lang.Class.getDeclaredMethods0;;jdk.internal.loader.ClassLoaders$PlatformClassLoader;BootstrapClassLoader
ClassLoader.loadClass;java.io.InputStream;java.lang.Class.getDeclaredMethods0;;jdk.internal.loader.ClassLoaders$AppClassLoader;BootstrapClassLoader
ClassLoader.loadClass;java.io.InputStream;java.lang.Class.getDeclaredMethods0;;jdk.internal.loader.ClassLoaders$PlatformClassLoader;BootstrapClassLoader
ClassLoader.loadClass;java.io.InputStream;org.apache.lucene.util.fst.FSTCompiler.<init>;122;org.dacapo.harness.DacapoClassLoader;BootstrapClassLoader
ClassLoader.loadClass;java.io.InputStreamReader;org.apache.lucene.index.IndexingChain.writeNorms;468;org.dacapo.harness.DacapoClassLoader;BootstrapClassLoader
ClassLoader.loadClass;java.io.InputStreamReader;org.dacapo.harness.TestHarness.main;101;jdk.internal.loader.ClassLoaders$AppClassLoader;BootstrapClassLoader
ClassLoader.loadClass;java.io.OutputStream;java.lang.Class.getDeclaredMethods0;;jdk.internal.loader.ClassLoaders$PlatformClassLoader;BootstrapClassLoader
ClassLoader.loadClass;java.io.OutputStream;org.apache.lucene.store.FSDirectory.createOutput;220;org.dacapo.harness.DacapoClassLoader;BootstrapClassLoader
ClassLoader.loadClass;java.io.OutputStream;org.dacapo.harness.TestHarness.main;108;jdk.internal.loader.ClassLoaders$AppClassLoader;BootstrapClassLoader
ClassLoader.loadClass;java.io.PrintStream;org.dacapo.harness.TestHarness.main;108;jdk.internal.loader.ClassLoaders$AppClassLoader;BootstrapClassLoader
ClassLoader.loadClass;java.io.PrintStream;org.dacapo.luindex.Index.indexLineDoc;122;org.dacapo.harness.DacapoClassLoader;BootstrapClassLoader
ClassLoader.loadClass;java.io.Reader;java.lang.Class.forName0;;org.dacapo.harness.DacapoClassLoader;BootstrapClassLoader
ClassLoader.loadClass;java.io.Reader;org.dacapo.harness.TestHarness.main;101;jdk.internal.loader.ClassLoaders$AppClassLoader;BootstrapClassLoader
ClassLoader.loadClass;java.io.Serializable;java.lang.ClassLoader.defineClass1;;jdk.internal.loader.ClassLoaders$AppClassLoader;BootstrapClassLoader
ClassLoader.loadClass;java.io.StringReader;org.apache.lucene.index.IndexWriterConfig.<init>;135;org.dacapo.harness.DacapoClassLoader;BootstrapClassLoader
ClassLoader.loadClass;java.io.UncheckedIOException;org.apache.lucene.index.LiveIndexWriterConfig.<init>;57;org.dacapo.harness.DacapoClassLoader;BootstrapClassLoader
ClassLoader.loadClass;java.io.UnsupportedEncodingException;org.dacapo.parser.Config.parse;213;jdk.internal.loader.ClassLoaders$AppClassLoader;BootstrapClassLoader
ClassLoader.loadClass;java.io.Writer;org.dacapo.harness.TestHarness.main;105;jdk.internal.loader.ClassLoaders$AppClassLoader;BootstrapClassLoader
ClassLoader.loadClass;java.lang.Appendable;java.lang.ClassLoader.defineClass1;;org.dacapo.harness.DacapoClassLoader;BootstrapClassLoader
ClassLoader.loadClass;java.lang.Appendable;jdk.nio.zipfs.ZipFileSystem.getFileAttributes;550;jdk.internal.loader.ClassLoaders$PlatformClassLoader;BootstrapClassLoader
ClassLoader.loadClass;java.lang.ArithmeticException;org.apache.lucene.index.IndexingChain.getOrAddPerField;747;org.dacapo.harness.DacapoClassLoader;BootstrapClassLoader
ClassLoader.loadClass;java.lang.ArrayIndexOutOfBoundsException;org.apache.lucene.analysis.standard.StandardTokenizer.init;128;org.dacapo.harness.DacapoClassLoader;BootstrapClassLoader
ClassLoader.loadClass;java.lang.AssertionError;jdk.nio.zipfs.ZipFileSystem.<init>;1646;jdk.internal.loader.ClassLoaders$PlatformClassLoader;BootstrapClassLoader
ClassLoader.loadClass;java.lang.AssertionError;org.apache.lucene.analysis.CharArraySet.<clinit>;39;org.dacapo.harness.DacapoClassLoader;BootstrapClassLoader
ClassLoader.loadClass;java.lang.AssertionError;org.dacapo.harness.TestHarness.main;101;jdk.internal.loader.ClassLoaders$AppClassLoader;BootstrapClassLoader
ClassLoader.loadClass;java.lang.Boolean;jdk.nio.zipfs.ZipFileSystem.lambda$static$0;87;jdk.internal.loader.ClassLoaders$PlatformClassLoader;BootstrapClassLoader
ClassLoader.loadClass;java.lang.Boolean;org.apache.lucene.util.RamUsageEstimator.<clinit>;98;org.dacapo.harness.DacapoClassLoader;BootstrapClassLoader
ClassLoader.loadClass;java.lang.Boolean;org.dacapo.harness.Benchmark.getDeps;386;jdk.internal.loader.ClassLoaders$AppClassLoader;BootstrapClassLoader
ClassLoader.loadClass;java.lang.Byte;jdk.nio.zipfs.ZipConstants.SH;184;jdk.internal.loader.ClassLoaders$PlatformClassLoader;BootstrapClassLoader
ClassLoader.loadClass;java.lang.Byte;org.apache.lucene.util.RamUsageEstimator.<clinit>;99;org.dacapo.harness.DacapoClassLoader;BootstrapClassLoader
ClassLoader.loadClass;java.lang.CharSequence;java.lang.Class.forName0;;org.dacapo.harness.DacapoClassLoader;BootstrapClassLoader
ClassLoader.loadClass;java.lang.CharSequence;java.lang.Class.getDeclaredMethods0;;jdk.internal.loader.ClassLoaders$AppClassLoader;BootstrapClassLoader
ClassLoader.loadClass;java.lang.CharSequence;jdk.nio.zipfs.ZipFileSystemProvider.getZipFileSystem;125;jdk.internal.loader.ClassLoaders$PlatformClassLoader;BootstrapClassLoader
ClassLoader.loadClass;java.lang.Character;org.apache.commons.cli.OptionValidator.isValidChar;33;jdk.internal.loader.ClassLoaders$AppClassLoader;BootstrapClassLoader
ClassLoader.loadClass;java.lang.Character;org.apache.lucene.util.RamUsageEstimator.<clinit>;100;org.dacapo.harness.DacapoClassLoader;BootstrapClassLoader
ClassLoader.loadClass;java.lang.Class;java.lang.Class.getDeclaredMethods0;;jdk.internal.loader.ClassLoaders$PlatformClassLoader;BootstrapClassLoader
ClassLoader.loadClass;java.lang.Class;org.apache.lucene.analysis.CharArrayMap.<clinit>;33;org.dacapo.harness.DacapoClassLoader;BootstrapClassLoader
ClassLoader.loadClass;java.lang.ClassLoader;java.lang.Class.getDeclaredMethods0;;jdk.internal.loader.ClassLoaders$AppClassLoader;BootstrapClassLoader
ClassLoader.loadClass;java.lang.ClassNotFoundException;java.lang.Class.getDeclaredMethods0;;jdk.internal.loader.ClassLoaders$AppClassLoader;BootstrapClassLoader
ClassLoader.loadClass;java.lang.ClassNotFoundException;org.apache.lucene.index.ConcurrentMergeScheduler.<clinit>;905;org.dacapo.harness.DacapoClassLoader;BootstrapClassLoader
ClassLoader.loadClass;java.lang.ClassValue;org.apache.lucene.document.Field.tokenStream;469;org.dacapo.harness.DacapoClassLoader;BootstrapClassLoader
ClassLoader.loadClass;java.lang.CloneNotSupportedException;org.apache.lucene.index.IndexWriter.<init>;1003;org.dacapo.harness.DacapoClassLoader;BootstrapClassLoader
ClassLoader.loadClass;java.lang.CloneNotSupportedException;org.dacapo.harness.CommandLineArgs.makeOption;482;jdk.internal.loader.ClassLoaders$AppClassLoader;BootstrapClassLoader
ClassLoader.loadClass;java.lang.Cloneable;java.lang.ClassLoader.defineClass1;;jdk.internal.loader.ClassLoaders$AppClassLoader;BootstrapClassLoader
ClassLoader.loadClass;java.lang.Cloneable;java.lang.ClassLoader.defineClass1;;org.dacapo.harness.DacapoClassLoader;BootstrapClassLoader
ClassLoader.loadClass;java.lang.Comparable;java.lang.ClassLoader.defineClass1;;org.dacapo.harness.DacapoClassLoader;BootstrapClassLoader
ClassLoader.loadClass;java.lang.Double;org.apache.lucene.util.RamUsageEstimator.<clinit>;104;org.dacapo.harness.DacapoClassLoader;BootstrapClassLoader
ClassLoader.loadClass;java.lang.Enum;java.lang.ClassLoader.defineClass1;;jdk.internal.loader.ClassLoaders$AppClassLoader;BootstrapClassLoader
ClassLoader.loadClass;java.lang.Enum;java.lang.ClassLoader.defineClass1;;org.dacapo.harness.DacapoClassLoader;BootstrapClassLoader
ClassLoader.loadClass;java.lang.Error;java.lang.Class.forName0;;org.dacapo.harness.DacapoClassLoader;BootstrapClassLoader
ClassLoader.loadClass;java.lang.Error;org.dacapo.parser.Config.parse;213;jdk.internal.loader.ClassLoaders$AppClassLoader;BootstrapClassLoader
ClassLoader.loadClass;java.lang.Exception;java.lang.Class.getDeclaredMethods0;;jdk.internal.loader.ClassLoaders$AppClassLoader;BootstrapClassLoader
ClassLoader.loadClass;java.lang.Exception;jdk.nio.zipfs.ZipFileSystemProvider.getZipFileSystem;125;jdk.internal.loader.ClassLoaders$PlatformClassLoader;BootstrapClassLoader
ClassLoader.loadClass;java.lang.Exception;org.apache.lucene.util.FrequencyTrackingRingBuffer.<clinit>;34;org.dacapo.harness.DacapoClassLoader;BootstrapClassLoader
ClassLoader.loadClass;java.lang.Float;org.apache.lucene.util.RamUsageEstimator.<clinit>;103;org.dacapo.harness.DacapoClassLoader;BootstrapClassLoader
ClassLoader.loadClass;java.lang.IllegalAccessException;java.lang.Class.getDeclaredMethods0;;jdk.internal.loader.ClassLoaders$AppClassLoader;BootstrapClassLoader
ClassLoader.loadClass;java.lang.IllegalAccessException;org.apache.lucene.store.FSDirectory.open;161;org.dacapo.harness.DacapoClassLoader;BootstrapClassLoader
ClassLoader.loadClass;java.lang.IllegalArgumentException;java.lang.Class.getDeclaredMethods0;;jdk.internal.loader.ClassLoaders$PlatformClassLoader;BootstrapClassLoader
ClassLoader.loadClass;java.lang.IllegalArgumentException;org.apache.commons.cli.Option.<init>;387;jdk.internal.loader.ClassLoaders$AppClassLoader;BootstrapClassLoader
ClassLoader.loadClass;java.lang.IllegalArgumentException;org.dacapo.luindex.Index.indexLineDoc;104;org.dacapo.harness.DacapoClassLoader;BootstrapClassLoader
ClassLoader.loadClass;java.lang.IllegalStateException;jdk.nio.zipfs.ZipPath.newDirectoryStream;755;jdk.internal.loader.ClassLoaders$PlatformClassLoader;BootstrapClassLoader
ClassLoader.loadClass;java.lang.IllegalStateException;org.dacapo.luindex.Index.indexLineDoc;104;org.dacapo.harness.DacapoClassLoader;BootstrapClassLoader
ClassLoader.loadClass;java.lang.IndexOutOfBoundsException;org.apache.lucene.util.BytesRef.<init>;80;org.dacapo.harness.DacapoClassLoader;BootstrapClassLoader
ClassLoader.loadClass;java.lang.InstantiationException;java.lang.Class.getDeclaredMethods0;;jdk.internal.loader.ClassLoaders$AppClassLoader;BootstrapClassLoader
ClassLoader.loadClass;java.lang.Integer;org.apache.lucene.util.RamUsageEstimator.<clinit>;98;org.dacapo.harness.DacapoClassLoader;BootstrapClassLoader
ClassLoader.loadClass;java.lang.Integer;org.dacapo.harness.CommandLineArgs.getIterations;331;jdk.internal.loader.ClassLoaders$AppClassLoader;BootstrapClassLoader
ClassLoader.loadClass;java.lang.InterruptedException;org.apache.lucene.index.LiveIndexWriterConfig.<init>;126;org.dacapo.harness.DacapoClassLoader;BootstrapClassLoader
ClassLoader.loadClass;java.lang.Iterable;java.lang.Class.forName0;;org.dacapo.harness.DacapoClassLoader;BootstrapClassLoader
ClassLoader.loadClass;java.lang.Iterable;jdk.nio.zipfs.ZipFileSystemProvider.getZipFileSystem;125;jdk.internal.loader.ClassLoaders$PlatformClassLoader;BootstrapClassLoader
ClassLoader.loadClass;java.lang.Iterable;org.dacapo.harness.TestHarness.main;101;jdk.internal.loader.ClassLoaders$AppClassLoader;BootstrapClassLoader
ClassLoader.loadClass;java.lang.LinkageError;org.apache.lucene.store.FSDirectory.open;161;org.dacapo.harness.DacapoClassLoader;BootstrapClassLoader
ClassLoader.loadClass;java.lang.Long;org.apache.lucene.util.RamUsageEstimator.<clinit>;105;org.dacapo.harness.DacapoClassLoader;BootstrapClassLoader
ClassLoader.loadClass;java.lang.Long;org.dacapo.parser.ConfigFile.longInt;491;jdk.internal.loader.ClassLoaders$AppClassLoader;BootstrapClassLoader
ClassLoader.loadClass;java.lang.Math;org.apache.lucene.util.FrequencyTrackingRingBuffer$IntBag.<init>;110;org.dacapo.harness.DacapoClassLoader;BootstrapClassLoader
ClassLoader.loadClass;java.lang.NoSuchFieldError;org.apache.lucene.codecs.lucene90.Lucene90StoredFieldsFormat.impl;158;org.dacapo.harness.DacapoClassLoader;BootstrapClassLoader
ClassLoader.loadClass;java.lang.NoSuchFieldError;org.dacapo.harness.Callback.init;80;jdk.internal.loader.ClassLoaders$AppClassLoader;BootstrapClassLoader
ClassLoader.loadClass;java.lang.NoSuchMethodException;java.lang.Class.getDeclaredMethods0;;jdk.internal.loader.ClassLoaders$AppClassLoader;BootstrapClassLoader
ClassLoader.loadClass;java.lang.NoSuchMethodException;org.apache.lucene.store.FSDirectory.open;161;org.dacapo.harness.DacapoClassLoader;BootstrapClassLoader
ClassLoader.loadClass;java.lang.NullPointerException;java.lang.Class.getDeclaredMethods0;;jdk.internal.loader.ClassLoaders$PlatformClassLoader;BootstrapClassLoader
ClassLoader.loadClass;java.lang.NullPointerException;org.dacapo.luindex.Index.indexLineDoc;104;org.dacapo.harness.DacapoClassLoader;BootstrapClassLoader
ClassLoader.loadClass;java.lang.Number;org.apache.lucene.search.IndexSearcher.<clinit>;132;org.dacapo.harness.DacapoClassLoader;BootstrapClassLoader
ClassLoader.loadClass;java.lang.NumberFormatException;jdk.nio.zipfs.ZipFileSystemProvider.getZipFileSystem;125;jdk.internal.loader.ClassLoaders$PlatformClassLoader;BootstrapClassLoader
ClassLoader.loadClass;java.lang.NumberFormatException;org.apache.lucene.index.LiveIndexWriterConfig.<init>;57;org.dacapo.harness.DacapoClassLoader;BootstrapClassLoader
ClassLoader.loadClass;java.lang.NumberFormatException;org.dacapo.harness.TestHarness.main;108;jdk.internal.loader.ClassLoaders$AppClassLoader;BootstrapClassLoader
ClassLoader.loadClass;java.lang.Object;java.lang.Class.getDeclaredMethods0;;jdk.internal.loader.ClassLoaders$PlatformClassLoader;BootstrapClassLoader
ClassLoader.loadClass;java.lang.Object;java.lang.ClassLoader.defineClass1;;org.dacapo.harness.DacapoClassLoader;BootstrapClassLoader
ClassLoader.loadClass;java.lang.ReflectiveOperationException;org.apache.lucene.util.FrequencyTrackingRingBuffer.<clinit>;34;org.dacapo.harness.DacapoClassLoader;BootstrapClassLoader
ClassLoader.loadClass;java.lang.Runnable;org.apache.lucene.index.DocumentsWriter.updateDocuments;432;org.dacapo.harness.DacapoClassLoader;BootstrapClassLoader
ClassLoader.loadClass;java.lang.Runtime$Version;org.apache.lucene.util.Constants.<clinit>;34;org.dacapo.harness.DacapoClassLoader;BootstrapClassLoader
ClassLoader.loadClass;java.lang.Runtime;org.apache.lucene.util.Constants.<clinit>;34;org.dacapo.harness.DacapoClassLoader;BootstrapClassLoader
ClassLoader.loadClass;java.lang.RuntimeException;java.lang.Class.getDeclaredMethods0;;jdk.internal.loader.ClassLoaders$AppClassLoader;BootstrapClassLoader
ClassLoader.loadClass;java.lang.RuntimeException;java.lang.ClassLoader.defineClass1;;org.dacapo.harness.DacapoClassLoader;BootstrapClassLoader
ClassLoader.loadClass;java.lang.SecurityException;org.apache.lucene.util.RamUsageEstimator.<clinit>;120;org.dacapo.harness.DacapoClassLoader;BootstrapClassLoader
ClassLoader.loadClass;java.lang.Short;org.apache.lucene.util.RamUsageEstimator.<clinit>;101;org.dacapo.harness.DacapoClassLoader;BootstrapClassLoader
ClassLoader.loadClass;java.lang.String;java.lang.Class.getDeclaredMethods0;;jdk.internal.loader.ClassLoaders$PlatformClassLoader;BootstrapClassLoader
ClassLoader.loadClass;java.lang.String;java.lang.Class.getDeclaredMethods0;;org.dacapo.harness.DacapoClassLoader;BootstrapClassLoader
ClassLoader.loadClass;java.lang.StringBuffer;org.dacapo.harness.Digest.toString;44;jdk.internal.loader.ClassLoaders$AppClassLoader;BootstrapClassLoader
ClassLoader.loadClass;java.lang.StringBuilder;org.apache.lucene.index.IndexFileNames.segmentFileName;93;org.dacapo.harness.DacapoClassLoader;BootstrapClassLoader
ClassLoader.loadClass;java.lang.StringBuilder;org.dacapo.harness.Data.<clinit>;39;jdk.internal.loader.ClassLoaders$AppClassLoader;BootstrapClassLoader
ClassLoader.loadClass;java.lang.System;Harness.makeHarnessClassLoader;51;jdk.internal.loader.ClassLoaders$AppClassLoader;BootstrapClassLoader
ClassLoader.loadClass;java.lang.System;jdk.nio.zipfs.ZipFileSystem.lambda$static$0;87;jdk.internal.loader.ClassLoaders$PlatformClassLoader;BootstrapClassLoader
ClassLoader.loadClass;java.lang.System;org.apache.lucene.util.Constants.<clinit>;24;org.dacapo.harness.DacapoClassLoader;BootstrapClassLoader
ClassLoader.loadClass;java.lang.Thread;org.apache.lucene.index.ConcurrentApproximatePriorityQueue.poll;103;org.dacapo.harness.DacapoClassLoader;BootstrapClassLoader
ClassLoader.loadClass;java.lang.ThreadLocal;jdk.nio.zipfs.ZipFileSystem$IndexNode.<clinit>;2593;jdk.internal.loader.ClassLoaders$PlatformClassLoader;BootstrapClassLoader
ClassLoader.loadClass;java.lang.ThreadLocal;org.apache.lucene.util.CloseableThreadLocal.<init>;48;org.dacapo.harness.DacapoClassLoader;BootstrapClassLoader
ClassLoader.loadClass;java.lang.Throwable;java.lang.Class.forName0;;org.dacapo.harness.DacapoClassLoader;BootstrapClassLoader
ClassLoader.loadClass;java.lang.Throwable;java.lang.Class.getDeclaredMethods0;;jdk.internal.loader.ClassLoaders$PlatformClassLoader;BootstrapClassLoader
ClassLoader.loadClass;java.lang.UnsupportedOperationException;java.lang.Class.getDeclaredMethods0;;jdk.internal.loader.ClassLoaders$PlatformClassLoader;BootstrapClassLoader
ClassLoader.loadClass;java.lang.UnsupportedOperationException;org.apache.lucene.index.IndexWriterConfig.<init>;135;org.dacapo.harness.DacapoClassLoader;BootstrapClassLoader
ClassLoader.loadClass;java.lang.UnsupportedOperationException;org.dacapo.harness.CommandLineArgs.makeOption;482;jdk.internal.loader.ClassLoaders$AppClassLoader;BootstrapClassLoader
ClassLoader.loadClass;java.lang.VirtualMachineError;java.lang.Class.forName0;;org.dacapo.harness.DacapoClassLoader;BootstrapClassLoader
ClassLoader.loadClass;java.lang.Void;org.apache.lucene.store.MappedByteBufferIndexInputProvider.unmapHackImpl;165;org.dacapo.harness.DacapoClassLoader;BootstrapClassLoader
ClassLoader.loadClass;java.lang.invoke.LambdaMetafactory;jdk.nio.zipfs.ZipFileSystem.<clinit>;86;jdk.internal.loader.ClassLoaders$PlatformClassLoader;BootstrapClassLoader
ClassLoader.loadClass;java.lang.invoke.LambdaMetafactory;org.apache.lucene.util.Accountable.<clinit>;43;org.dacapo.harness.DacapoClassLoader;BootstrapClassLoader
ClassLoader.loadClass;java.lang.invoke.LambdaMetafactory;org.dacapo.harness.CommandLineArgs.extractBenchmarkSet;291;jdk.internal.loader.ClassLoaders$AppClassLoader;BootstrapClassLoader
ClassLoader.loadClass;java.lang.invoke.MethodHandle;org.apache.lucene.store.MappedByteBufferIndexInputProvider.unmapHackImpl;172;org.dacapo.harness.DacapoClassLoader;BootstrapClassLoader
ClassLoader.loadClass;java.lang.invoke.MethodHandles$Lookup;org.apache.lucene.store.MappedByteBufferIndexInputProvider.unmapHackImpl;162;org.dacapo.harness.DacapoClassLoader;BootstrapClassLoader
ClassLoader.loadClass;java.lang.invoke.MethodHandles;org.apache.lucene.store.MMapDirectory.lookupProvider;418;org.dacapo.harness.DacapoClassLoader;BootstrapClassLoader
ClassLoader.loadClass;java.lang.invoke.MethodType;org.apache.lucene.store.MappedByteBufferIndexInputProvider.unmapHackImpl;167;org.dacapo.harness.DacapoClassLoader;BootstrapClassLoader
ClassLoader.loadClass;java.lang.invoke.StringConcatFactory;org.apache.lucene.backward_codecs.lucene50.Lucene50StoredFieldsFormat.<clinit>;125;org.dacapo.harness.DacapoClassLoader;BootstrapClassLoader
ClassLoader.loadClass;java.lang.invoke.VarHandle;org.apache.lucene.util.StringHelper.murmurhash3_x86_32;167;org.dacapo.harness.DacapoClassLoader;BootstrapClassLoader
ClassLoader.loadClass;java.lang.management.ManagementFactory;java.lang.Class.forName0;;org.dacapo.harness.DacapoClassLoader;BootstrapClassLoader
ClassLoader.loadClass;java.lang.ref.WeakReference;org.apache.lucene.util.CloseableThreadLocal.set;85;org.dacapo.harness.DacapoClassLoader;BootstrapClassLoader
ClassLoader.loadClass;java.lang.reflect.Array;org.apache.lucene.util.ArrayUtil.copyOfSubArray;710;org.dacapo.harness.DacapoClassLoader;BootstrapClassLoader
ClassLoader.loadClass;java.lang.reflect.Constructor;org.dacapo.harness.TestHarness.runBenchmark;218;jdk.internal.loader.ClassLoaders$AppClassLoader;BootstrapClassLoader
ClassLoader.loadClass;java.lang.reflect.Field;org.apache.lucene.util.RamUsageEstimator.shallowSizeOfInstance;598;org.dacapo.harness.DacapoClassLoader;BootstrapClassLoader
ClassLoader.loadClass;java.lang.reflect.InvocationTargetException;java.lang.Class.getDeclaredMethods0;;jdk.internal.loader.ClassLoaders$AppClassLoader;BootstrapClassLoader
ClassLoader.loadClass;java.lang.reflect.Method;Harness.main;39;jdk.internal.loader.ClassLoaders$AppClassLoader;BootstrapClassLoader
ClassLoader.loadClass;java.lang.reflect.Method;org.apache.lucene.util.RamUsageEstimator.<clinit>;133;org.dacapo.harness.DacapoClassLoader;BootstrapClassLoader
ClassLoader.loadClass;java.lang.reflect.Modifier;org.apache.lucene.util.RamUsageEstimator.shallowSizeOfInstance;604;org.dacapo.harness.DacapoClassLoader;BootstrapClassLoader
ClassLoader.loadClass;java.lang.reflect.UndeclaredThrowableException;org.apache.lucene.util.AttributeFactory.<clinit>;56;org.dacapo.harness.DacapoClassLoader;BootstrapClassLoader
ClassLoader.loadClass;java.math.BigInteger;org.apache.lucene.util.StringHelper.<clinit>;221;org.dacapo.harness.DacapoClassLoader;BootstrapClassLoader
ClassLoader.loadClass;java.net.URI;java.lang.Class.getDeclaredMethods0;;jdk.internal.loader.ClassLoaders$PlatformClassLoader;BootstrapClassLoader
ClassLoader.loadClass;java.net.URISyntaxException;java.lang.Class.getDeclaredMethods0;;jdk.internal.loader.ClassLoaders$PlatformClassLoader;BootstrapClassLoader
ClassLoader.loadClass;java.net.URLClassLoader;java.lang.Class.getDeclaredMethods0;;jdk.internal.loader.ClassLoaders$AppClassLoader;BootstrapClassLoader
ClassLoader.loadClass;java.nio.BufferUnderflowException;org.apache.lucene.store.ByteBuffersDataOutput.toDataInput;279;org.dacapo.harness.DacapoClassLoader;BootstrapClassLoader
ClassLoader.loadClass;java.nio.ByteBuffer;jdk.nio.zipfs.ZipFileSystem.readFullyAt;1233;jdk.internal.loader.ClassLoaders$PlatformClassLoader;BootstrapClassLoader
ClassLoader.loadClass;java.nio.ByteBuffer;org.apache.lucene.store.MappedByteBufferIndexInputProvider.unmapHackImpl;165;org.dacapo.harness.DacapoClassLoader;BootstrapClassLoader
ClassLoader.loadClass;java.nio.ByteOrder;org.apache.lucene.store.ByteBuffersDataOutput.<clinit>;41;org.dacapo.harness.DacapoClassLoader;BootstrapClassLoader
ClassLoader.loadClass;java.nio.FloatBuffer;org.apache.lucene.store.ByteBuffersDataInput.<init>;63;org.dacapo.harness.DacapoClassLoader;BootstrapClassLoader
ClassLoader.loadClass;java.nio.IntBuffer;org.apache.lucene.store.ByteBufferIndexInput.<clinit>;40;org.dacapo.harness.DacapoClassLoader;BootstrapClassLoader
ClassLoader.loadClass;java.nio.LongBuffer;org.apache.lucene.store.ByteBuffersDataInput.<init>;64;org.dacapo.harness.DacapoClassLoader;BootstrapClassLoader
ClassLoader.loadClass;java.nio.MappedByteBuffer;org.apache.lucene.store.MappedByteBufferIndexInputProvider.map;122;org.dacapo.harness.DacapoClassLoader;BootstrapClassLoader
ClassLoader.loadClass;java.nio.channels.AsynchronousFileChannel;java.lang.Class.getDeclaredMethods0;;jdk.internal.loader.ClassLoaders$PlatformClassLoader;BootstrapClassLoader
ClassLoader.loadClass;java.nio.channels.FileChannel$MapMode;org.apache.lucene.store.MappedByteBufferIndexInputProvider.map;121;org.dacapo.harness.DacapoClassLoader;BootstrapClassLoader
ClassLoader.loadClass;java.nio.channels.FileChannel;java.lang.Class.getDeclaredMethods0;;jdk.internal.loader.ClassLoaders$PlatformClassLoader;BootstrapClassLoader
ClassLoader.loadClass;java.nio.channels.FileChannel;org.apache.lucene.store.NativeFSLockFactory.obtainFSLock;112;org.dacapo.harness.DacapoClassLoader;BootstrapClassLoader
ClassLoader.loadClass;java.nio.channels.FileLock;org.apache.lucene.store.NativeFSLockFactory$NativeFSLock.ensureValid;164;org.dacapo.harness.DacapoClassLoader;BootstrapClassLoader
ClassLoader.loadClass;java.nio.channels.SeekableByteChannel;java.lang.Class.getDeclaredMethods0;;jdk.internal.loader.ClassLoaders$PlatformClassLoader;BootstrapClassLoader
ClassLoader.loadClass;java.nio.charset.Charset;jdk.nio.zipfs.ZipCoder.get;72;jdk.internal.loader.ClassLoaders$PlatformClassLoader;BootstrapClassLoader
ClassLoader.loadClass;java.nio.charset.Charset;org.apache.lucene.util.IOUtils.<clinit>;60;org.dacapo.harness.DacapoClassLoader;BootstrapClassLoader
ClassLoader.loadClass;java.nio.charset.StandardCharsets;jdk.nio.zipfs.ZipCoder$UTF8.<init>;49;jdk.internal.loader.ClassLoaders$PlatformClassLoader;BootstrapClassLoader
ClassLoader.loadClass;java.nio.charset.StandardCharsets;org.apache.lucene.util.IOUtils.<clinit>;60;org.dacapo.harness.DacapoClassLoader;BootstrapClassLoader
ClassLoader.loadClass;java.nio.file.AccessDeniedException;jdk.nio.zipfs.ZipFileSystem.<init>;176;jdk.internal.loader.ClassLoaders$PlatformClassLoader;BootstrapClassLoader
ClassLoader.loadClass;java.nio.file.AccessMode;java.lang.Class.getDeclaredMethods0;;jdk.internal.loader.ClassLoaders$PlatformClassLoader;BootstrapClassLoader
ClassLoader.loadClass;java.nio.file.ClosedDirectoryStreamException;jdk.nio.zipfs.ZipPath.newDirectoryStream;755;jdk.internal.loader.ClassLoaders$PlatformClassLoader;BootstrapClassLoader
ClassLoader.loadClass;java.nio.file.ClosedFileSystemException;jdk.nio.zipfs.ZipFileSystemProvider.getZipFileSystem;125;jdk.internal.loader.ClassLoaders$PlatformClassLoader;BootstrapClassLoader
ClassLoader.loadClass;java.nio.file.CopyOption;java.lang.Class.getDeclaredMethods0;;jdk.internal.loader.ClassLoaders$PlatformClassLoader;BootstrapClassLoader
ClassLoader.loadClass;java.nio.file.CopyOption;org.apache.lucene.store.FSDirectory.rename;272;org.dacapo.harness.DacapoClassLoader;BootstrapClassLoader
ClassLoader.loadClass;java.nio.file.DirectoryIteratorException;jdk.nio.zipfs.ZipPath.newDirectoryStream;755;jdk.internal.loader.ClassLoaders$PlatformClassLoader;BootstrapClassLoader
ClassLoader.loadClass;java.nio.file.DirectoryNotEmptyException;jdk.nio.zipfs.ZipFileSystemProvider.getZipFileSystem;125;jdk.internal.loader.ClassLoaders$PlatformClassLoader;BootstrapClassLoader
ClassLoader.loadClass;java.nio.file.DirectoryStream$Filter;java.lang.Class.getDeclaredMethods0;;jdk.internal.loader.ClassLoaders$PlatformClassLoader;BootstrapClassLoader
ClassLoader.loadClass;java.nio.file.DirectoryStream;java.lang.Class.getDeclaredMethods0;;jdk.internal.loader.ClassLoaders$PlatformClassLoader;BootstrapClassLoader
ClassLoader.loadClass;java.nio.file.DirectoryStream;org.apache.lucene.store.FSDirectory.listAll;181;org.dacapo.harness.DacapoClassLoader;BootstrapClassLoader
ClassLoader.loadClass;java.nio.file.FileAlreadyExistsException;jdk.nio.zipfs.ZipFileSystemProvider.getZipFileSystem;125;jdk.internal.loader.ClassLoaders$PlatformClassLoader;BootstrapClassLoader
ClassLoader.loadClass;java.nio.file.FileAlreadyExistsException;org.dacapo.luindex.Index.indexLineDoc;107;org.dacapo.harness.DacapoClassLoader;BootstrapClassLoader
ClassLoader.loadClass;java.nio.file.FileStore;java.lang.Class.getDeclaredMethods0;;jdk.internal.loader.ClassLoaders$PlatformClassLoader;BootstrapClassLoader
ClassLoader.loadClass;java.nio.file.FileSystem;java.lang.Class.getDeclaredMethods0;;jdk.internal.loader.ClassLoaders$PlatformClassLoader;BootstrapClassLoader
ClassLoader.loadClass;java.nio.file.FileSystem;org.dacapo.harness.CommandLineArgs.extractBenchmarkSet;286;jdk.internal.loader.ClassLoaders$AppClassLoader;BootstrapClassLoader
ClassLoader.loadClass;java.nio.file.FileSystemAlreadyExistsException;java.lang.Class.getDeclaredMethods0;;jdk.internal.loader.ClassLoaders$PlatformClassLoader;BootstrapClassLoader
ClassLoader.loadClass;java.nio.file.FileSystemException;jdk.nio.zipfs.ZipFileSystemProvider.getZipFileSystem;125;jdk.internal.loader.ClassLoaders$PlatformClassLoader;BootstrapClassLoader
ClassLoader.loadClass;java.nio.file.FileSystemNotFoundException;java.lang.Class.getDeclaredMethods0;;jdk.internal.loader.ClassLoaders$PlatformClassLoader;BootstrapClassLoader
ClassLoader.loadClass;java.nio.file.FileSystems;org.dacapo.harness.CommandLineArgs.extractBenchmarkSet;285;jdk.internal.loader.ClassLoaders$AppClassLoader;BootstrapClassLoader
ClassLoader.loadClass;java.nio.file.FileVisitOption;org.dacapo.harness.CommandLineArgs.extractBenchmarkSet;291;jdk.internal.loader.ClassLoaders$AppClassLoader;BootstrapClassLoader
ClassLoader.loadClass;java.nio.file.FileVisitor;org.apache.lucene.index.IndexingChain.writeNorms;468;org.dacapo.harness.DacapoClassLoader;BootstrapClassLoader
ClassLoader.loadClass;java.nio.file.Files;jdk.nio.zipfs.ZipFileSystemProvider.ensureFile;85;jdk.internal.loader.ClassLoaders$PlatformClassLoader;BootstrapClassLoader
ClassLoader.loadClass;java.nio.file.Files;org.apache.lucene.store.FSDirectory.<init>;127;org.dacapo.harness.DacapoClassLoader;BootstrapClassLoader
ClassLoader.loadClass;java.nio.file.Files;org.dacapo.harness.CommandLineArgs.extractBenchmarkSet;291;jdk.internal.loader.ClassLoaders$AppClassLoader;BootstrapClassLoader
ClassLoader.loadClass;java.nio.file.InvalidPathException;jdk.nio.zipfs.ZipFileSystem.<init>;176;jdk.internal.loader.ClassLoaders$PlatformClassLoader;BootstrapClassLoader
ClassLoader.loadClass;java.nio.file.LinkOption;java.lang.Class.getDeclaredMethods0;;jdk.internal.loader.ClassLoaders$PlatformClassLoader;BootstrapClassLoader
ClassLoader.loadClass;java.nio.file.LinkOption;org.apache.lucene.store.FSDirectory.<init>;127;org.dacapo.harness.DacapoClassLoader;BootstrapClassLoader
ClassLoader.loadClass;java.nio.file.NoSuchFileException;jdk.nio.zipfs.ZipFileSystemProvider.getZipFileSystem;125;jdk.internal.loader.ClassLoaders$PlatformClassLoader;BootstrapClassLoader
ClassLoader.loadClass;java.nio.file.NoSuchFileException;org.dacapo.luindex.Index.indexLineDoc;107;org.dacapo.harness.DacapoClassLoader;BootstrapClassLoader
ClassLoader.loadClass;java.nio.file.NotDirectoryException;jdk.nio.zipfs.ZipFileSystemProvider.getZipFileSystem;125;jdk.internal.loader.ClassLoaders$PlatformClassLoader;BootstrapClassLoader
ClassLoader.loadClass;java.nio.file.OpenOption;java.lang.Class.getDeclaredMethods0;;jdk.internal.loader.ClassLoaders$PlatformClassLoader;BootstrapClassLoader
ClassLoader.loadClass;java.nio.file.OpenOption;org.apache.lucene.store.NativeFSLockFactory.obtainFSLock;112;org.dacapo.harness.DacapoClassLoader;BootstrapClassLoader
ClassLoader.loadClass;java.nio.file.OpenOption;org.dacapo.harness.Benchmark.getMD5;403;jdk.internal.loader.ClassLoaders$AppClassLoader;BootstrapClassLoader
ClassLoader.loadClass;java.nio.file.Path;java.lang.Class.getDeclaredMethods0;;jdk.internal.loader.ClassLoaders$PlatformClassLoader;BootstrapClassLoader
ClassLoader.loadClass;java.nio.file.Path;org.apache.lucene.store.FSDirectory.<init>;130;org.dacapo.harness.DacapoClassLoader;BootstrapClassLoader
ClassLoader.loadClass;java.nio.file.Path;org.dacapo.harness.CommandLineArgs.extractBenchmarkSet;291;jdk.internal.loader.ClassLoaders$AppClassLoader;BootstrapClassLoader
ClassLoader.loadClass;java.nio.file.Paths;jdk.nio.zipfs.ZipFileSystemProvider.uriToPath;76;jdk.internal.loader.ClassLoaders$PlatformClassLoader;BootstrapClassLoader
ClassLoader.loadClass;java.nio.file.Paths;org.dacapo.harness.Data.<clinit>;36;jdk.internal.loader.ClassLoaders$AppClassLoader;BootstrapClassLoader
ClassLoader.loadClass;java.nio.file.Paths;org.dacapo.luindex.Index.indexLineDoc;107;org.dacapo.harness.DacapoClassLoader;BootstrapClassLoader
ClassLoader.loadClass;java.nio.file.ProviderMismatchException;java.lang.Class.getDeclaredMethods0;;jdk.internal.loader.ClassLoaders$PlatformClassLoader;BootstrapClassLoader
ClassLoader.loadClass;java.nio.file.ReadOnlyFileSystemException;jdk.nio.zipfs.ZipFileSystemProvider.getZipFileSystem;125;jdk.internal.loader.ClassLoaders$PlatformClassLoader;BootstrapClassLoader
ClassLoader.loadClass;java.nio.file.StandardCopyOption;org.apache.lucene.store.FSDirectory.rename;272;org.dacapo.harness.DacapoClassLoader;BootstrapClassLoader
ClassLoader.loadClass;java.nio.file.StandardOpenOption;jdk.nio.zipfs.ZipFileSystem.<init>;177;jdk.internal.loader.ClassLoaders$PlatformClassLoader;BootstrapClassLoader
ClassLoader.loadClass;java.nio.file.StandardOpenOption;org.apache.lucene.store.NativeFSLockFactory.obtainFSLock;112;org.dacapo.harness.DacapoClassLoader;BootstrapClassLoader
ClassLoader.loadClass;java.nio.file.attribute.BasicFileAttributeView;java.lang.ClassLoader.defineClass2;;jdk.internal.loader.ClassLoaders$PlatformClassLoader;BootstrapClassLoader
ClassLoader.loadClass;java.nio.file.attribute.BasicFileAttributes;java.lang.Class.getDeclaredMethods0;;jdk.internal.loader.ClassLoaders$PlatformClassLoader;BootstrapClassLoader
ClassLoader.loadClass;java.nio.file.attribute.BasicFileAttributes;org.apache.lucene.store.NativeFSLockFactory.obtainFSLock;105;org.dacapo.harness.DacapoClassLoader;BootstrapClassLoader
ClassLoader.loadClass;java.nio.file.attribute.FileAttribute;java.lang.Class.getDeclaredMethods0;;jdk.internal.loader.ClassLoaders$PlatformClassLoader;BootstrapClassLoader
ClassLoader.loadClass;java.nio.file.attribute.FileAttribute;org.apache.lucene.store.FSDirectory.<init>;128;org.dacapo.harness.DacapoClassLoader;BootstrapClassLoader
ClassLoader.loadClass;java.nio.file.attribute.FileAttributeView;java.lang.Class.getDeclaredMethods0;;jdk.internal.loader.ClassLoaders$PlatformClassLoader;BootstrapClassLoader
ClassLoader.loadClass;java.nio.file.attribute.FileTime;org.apache.lucene.store.NativeFSLockFactory$NativeFSLock.ensureValid;178;org.dacapo.harness.DacapoClassLoader;BootstrapClassLoader
ClassLoader.loadClass;java.nio.file.attribute.PosixFileAttributeView;java.lang.ClassLoader.defineClass2;;jdk.internal.loader.ClassLoaders$PlatformClassLoader;BootstrapClassLoader
ClassLoader.loadClass;java.nio.file.attribute.PosixFileAttributes;java.lang.ClassLoader.defineClass2;;jdk.internal.loader.ClassLoaders$PlatformClassLoader;BootstrapClassLoader
ClassLoader.loadClass;java.nio.file.attribute.PosixFilePermissions;jdk.nio.zipfs.ZipFileSystem.<clinit>;101;jdk.internal.loader.ClassLoaders$PlatformClassLoader;BootstrapClassLoader
ClassLoader.loadClass;java.nio.file.spi.FileSystemProvider;java.lang.ClassLoader.defineClass2;;jdk.internal.loader.ClassLoaders$PlatformClassLoader;BootstrapClassLoader
ClassLoader.loadClass;java.security.AccessControlException;org.apache.lucene.util.FrequencyTrackingRingBuffer.<clinit>;34;org.dacapo.harness.DacapoClassLoader;BootstrapClassLoader
ClassLoader.loadClass;java.security.AccessController;jdk.nio.zipfs.ZipFileSystem.<clinit>;86;jdk.internal.loader.ClassLoaders$PlatformClassLoader;BootstrapClassLoader
ClassLoader.loadClass;java.security.AccessController;org.apache.lucene.util.RamUsageEstimator.shallowSizeOfInstance;598;org.dacapo.harness.DacapoClassLoader;BootstrapClassLoader
ClassLoader.loadClass;java.security.BasicPermission;java.lang.ClassLoader.defineClass1;;jdk.internal.loader.ClassLoaders$AppClassLoader;BootstrapClassLoader
ClassLoader.loadClass;java.security.CodeSource;org.dacapo.harness.TestHarness.getManifestAttribute;284;jdk.internal.loader.ClassLoaders$AppClassLoader;BootstrapClassLoader
ClassLoader.loadClass;java.security.MessageDigest;org.dacapo.harness.Benchmark.getMD5;401;jdk.internal.loader.ClassLoaders$AppClassLoader;BootstrapClassLoader
ClassLoader.loadClass;java.security.NoSuchAlgorithmException;org.dacapo.harness.FileDigest.getText;84;jdk.internal.loader.ClassLoaders$AppClassLoader;BootstrapClassLoader
ClassLoader.loadClass;java.security.Permission;org.dacapo.harness.Benchmark.getMD5;409;jdk.internal.loader.ClassLoaders$AppClassLoader;BootstrapClassLoader
ClassLoader.loadClass;java.security.PrivilegedAction;jdk.nio.zipfs.ZipFileSystem.<clinit>;86;jdk.internal.loader.ClassLoaders$PlatformClassLoader;BootstrapClassLoader
ClassLoader.loadClass;java.security.PrivilegedAction;org.apache.lucene.util.RamUsageEstimator.shallowSizeOfInstance;598;org.dacapo.harness.DacapoClassLoader;BootstrapClassLoader
ClassLoader.loadClass;java.security.PrivilegedActionException;java.lang.Class.getDeclaredMethods0;;jdk.internal.loader.ClassLoaders$PlatformClassLoader;BootstrapClassLoader
ClassLoader.loadClass;java.security.ProtectionDomain;org.dacapo.harness.TestHarness.getManifestAttribute;284;jdk.internal.loader.ClassLoaders$AppClassLoader;BootstrapClassLoader
ClassLoader.loadClass;java.text.NumberFormat;org.apache.lucene.index.DocumentsWriterPerThread.<init>;130;org.dacapo.harness.DacapoClassLoader;BootstrapClassLoader
ClassLoader.loadClass;java.text.ParseException;org.apache.lucene.index.LiveIndexWriterConfig.<init>;57;org.dacapo.harness.DacapoClassLoader;BootstrapClassLoader
ClassLoader.loadClass;java.time.DateTimeException;jdk.nio.zipfs.ZipFileSystem$Entry.readCEN;2798;jdk.internal.loader.ClassLoaders$PlatformClassLoader;BootstrapClassLoader
ClassLoader.loadClass;java.time.Instant;org.apache.lucene.index.IndexWriter.setDiagnostics;4971;org.dacapo.harness.DacapoClassLoader;BootstrapClassLoader
ClassLoader.loadClass;java.time.LocalDateTime;jdk.nio.zipfs.ZipUtils.dosToJavaTime;216;jdk.internal.loader.ClassLoaders$PlatformClassLoader;BootstrapClassLoader
ClassLoader.loadClass;java.time.ZoneId;jdk.nio.zipfs.ZipUtils.dosToJavaTime;218;jdk.internal.loader.ClassLoaders$PlatformClassLoader;BootstrapClassLoader
ClassLoader.loadClass;java.time.zone.ZoneRules;jdk.nio.zipfs.ZipUtils.dosToJavaTime;218;jdk.internal.loader.ClassLoaders$PlatformClassLoader;BootstrapClassLoader
ClassLoader.loadClass;java.util.AbstractMap;java.lang.ClassLoader.defineClass1;;org.dacapo.harness.DacapoClassLoader;BootstrapClassLoader
ClassLoader.loadClass;java.util.AbstractSet;java.lang.ClassLoader.defineClass1;;org.dacapo.harness.DacapoClassLoader;BootstrapClassLoader
ClassLoader.loadClass;java.util.ArrayDeque;org.apache.lucene.index.IndexWriter$AddIndexesMergeSource.<init>;3276;org.dacapo.harness.DacapoClassLoader;BootstrapClassLoader
ClassLoader.loadClass;java.util.ArrayList;jdk.nio.zipfs.ZipFileSystem.<init>;2390;jdk.internal.loader.ClassLoaders$PlatformClassLoader;BootstrapClassLoader
ClassLoader.loadClass;java.util.ArrayList;org.apache.commons.cli.Option.<init>;328;jdk.internal.loader.ClassLoaders$AppClassLoader;BootstrapClassLoader
ClassLoader.loadClass;java.util.ArrayList;org.apache.lucene.index.ConcurrentMergeScheduler.<init>;72;org.dacapo.harness.DacapoClassLoader;BootstrapClassLoader
ClassLoader.loadClass;java.util.Arrays;jdk.nio.zipfs.ZipFileSystem$IndexNode.name;2606;jdk.internal.loader.ClassLoaders$PlatformClassLoader;BootstrapClassLoader
ClassLoader.loadClass;java.util.Arrays;org.apache.commons.cli.PosixParser.flatten;124;jdk.internal.loader.ClassLoaders$AppClassLoader;BootstrapClassLoader
ClassLoader.loadClass;java.util.Arrays;org.apache.lucene.util.FrequencyTrackingRingBuffer.<init>;54;org.dacapo.harness.DacapoClassLoader;BootstrapClassLoader
ClassLoader.loadClass;java.util.Calendar;javax.xml.bind.DatatypeConverter.initConverter;155;jdk.internal.loader.ClassLoaders$AppClassLoader;BootstrapClassLoader
ClassLoader.loadClass;java.util.Collection;jdk.nio.zipfs.ZipFileSystemProvider.getZipFileSystem;125;jdk.internal.loader.ClassLoaders$PlatformClassLoader;BootstrapClassLoader
ClassLoader.loadClass;java.util.Collection;org.apache.lucene.analysis.standard.StandardAnalyzer.<init>;52;org.dacapo.harness.DacapoClassLoader;BootstrapClassLoader
ClassLoader.loadClass;java.util.Collection;org.dacapo.harness.TestHarness.main;101;jdk.internal.loader.ClassLoaders$AppClassLoader;BootstrapClassLoader
ClassLoader.loadClass;java.util.Collections;jdk.nio.zipfs.ZipFileSystem.<init>;1133;jdk.internal.loader.ClassLoaders$PlatformClassLoader;BootstrapClassLoader
ClassLoader.loadClass;java.util.Collections;org.apache.commons.cli.Options.getRequiredOptions;269;jdk.internal.loader.ClassLoaders$AppClassLoader;BootstrapClassLoader
ClassLoader.loadClass;java.util.Collections;org.apache.lucene.index.LiveIndexWriterConfig.<init>;99;org.dacapo.harness.DacapoClassLoader;BootstrapClassLoader
ClassLoader.loadClass;java.util.Comparator;org.apache.lucene.util.CollectionUtil.introSort;170;org.dacapo.harness.DacapoClassLoader;BootstrapClassLoader
ClassLoader.loadClass;java.util.ConcurrentModificationException;org.apache.lucene.search.IndexSearcher.<clinit>;99;org.dacapo.harness.DacapoClassLoader;BootstrapClassLoader
ClassLoader.loadClass;java.util.Deque;java.lang.Class.forName0;;org.dacapo.harness.DacapoClassLoader;BootstrapClassLoader
ClassLoader.loadClass;java.util.EnumMap;org.apache.lucene.index.MergePolicy$OneMergeProgress.<init>;106;org.dacapo.harness.DacapoClassLoader;BootstrapClassLoader
ClassLoader.loadClass;java.util.GregorianCalendar;javax.xml.bind.DatatypeConverter.initConverter;155;jdk.internal.loader.ClassLoaders$AppClassLoader;BootstrapClassLoader
ClassLoader.loadClass;java.util.HashMap;jdk.nio.zipfs.ZipFileSystemProvider.<init>;55;jdk.internal.loader.ClassLoaders$PlatformClassLoader;BootstrapClassLoader
ClassLoader.loadClass;java.util.HashMap;org.apache.lucene.index.IndexWriter.<init>;360;org.dacapo.harness.DacapoClassLoader;BootstrapClassLoader
ClassLoader.loadClass;java.util.HashMap;org.dacapo.parser.Config.<init>;255;jdk.internal.loader.ClassLoaders$AppClassLoader;BootstrapClassLoader
ClassLoader.loadClass;java.util.HashSet;jdk.nio.zipfs.ZipFileSystem.<init>;1132;jdk.internal.loader.ClassLoaders$PlatformClassLoader;BootstrapClassLoader
ClassLoader.loadClass;java.util.HashSet;org.apache.commons.cli.Options.getOptionGroups;251;jdk.internal.loader.ClassLoaders$AppClassLoader;BootstrapClassLoader
ClassLoader.loadClass;java.util.HashSet;org.apache.lucene.store.NativeFSLockFactory.<clinit>;68;org.dacapo.harness.DacapoClassLoader;BootstrapClassLoader
ClassLoader.loadClass;java.util.IdentityHashMap;org.apache.lucene.util.RamUsageEstimator.<clinit>;97;org.dacapo.harness.DacapoClassLoader;BootstrapClassLoader
ClassLoader.loadClass;java.util.Iterator;jdk.nio.zipfs.ZipFileSystem.<init>;176;jdk.internal.loader.ClassLoaders$PlatformClassLoader;BootstrapClassLoader
ClassLoader.loadClass;java.util.Iterator;org.apache.commons.cli.Parser.parse;136;jdk.internal.loader.ClassLoaders$AppClassLoader;BootstrapClassLoader
ClassLoader.loadClass;java.util.Iterator;org.apache.lucene.analysis.CharArraySet.<clinit>;39;org.dacapo.harness.DacapoClassLoader;BootstrapClassLoader
ClassLoader.loadClass;java.util.LinkedHashMap;jdk.nio.zipfs.ZipFileSystem.initCEN;1557;jdk.internal.loader.ClassLoaders$PlatformClassLoader;BootstrapClassLoader
ClassLoader.loadClass;java.util.LinkedHashMap;org.apache.commons.cli.Options.<init>;44;jdk.internal.loader.ClassLoaders$AppClassLoader;BootstrapClassLoader
ClassLoader.loadClass;java.util.LinkedHashMap;org.apache.lucene.search.LRUQueryCache.<init>;132;org.dacapo.harness.DacapoClassLoader;BootstrapClassLoader
ClassLoader.loadClass;java.util.LinkedHashSet;org.apache.lucene.util.AttributeSource$2.computeValue;153;org.dacapo.harness.DacapoClassLoader;BootstrapClassLoader
ClassLoader.loadClass;java.util.LinkedList;org.apache.commons.cli.CommandLine.<init>;81;jdk.internal.loader.ClassLoaders$AppClassLoader;BootstrapClassLoader
ClassLoader.loadClass;java.util.LinkedList;org.apache.lucene.index.DocumentsWriterFlushControl.<init>;58;org.dacapo.harness.DacapoClassLoader;BootstrapClassLoader
ClassLoader.loadClass;java.util.List;jdk.nio.zipfs.ZipFileSystemProvider.getZipFileSystem;125;jdk.internal.loader.ClassLoaders$PlatformClassLoader;BootstrapClassLoader
ClassLoader.loadClass;java.util.List;org.apache.lucene.index.LiveIndexWriterConfig.<init>;126;org.dacapo.harness.DacapoClassLoader;BootstrapClassLoader
ClassLoader.loadClass;java.util.List;org.dacapo.harness.TestHarness.main;101;jdk.internal.loader.ClassLoaders$AppClassLoader;BootstrapClassLoader
ClassLoader.loadClass;java.util.ListIterator;org.apache.commons.cli.Parser.parse;161;jdk.internal.loader.ClassLoaders$AppClassLoader;BootstrapClassLoader
ClassLoader.loadClass;java.util.ListIterator;org.apache.lucene.index.ApproximatePriorityQueue.poll;98;org.dacapo.harness.DacapoClassLoader;BootstrapClassLoader
ClassLoader.loadClass;java.util.Locale;org.apache.lucene.index.DocumentsWriterPerThread.<init>;130;org.dacapo.harness.DacapoClassLoader;BootstrapClassLoader
ClassLoader.loadClass;java.util.Locale;org.dacapo.harness.TestHarness.main;80;jdk.internal.loader.ClassLoaders$AppClassLoader;BootstrapClassLoader
ClassLoader.loadClass;java.util.Map$Entry;org.apache.lucene.index.TermsHash.flush;84;org.dacapo.harness.DacapoClassLoader;BootstrapClassLoader
ClassLoader.loadClass;java.util.Map;java.lang.Class.getDeclaredMethods0;;jdk.internal.loader.ClassLoaders$PlatformClassLoader;BootstrapClassLoader
ClassLoader.loadClass;java.util.Map;org.apache.lucene.analysis.Analyzer.<clinit>;487;org.dacapo.harness.DacapoClassLoader;BootstrapClassLoader
ClassLoader.loadClass;java.util.Map;org.dacapo.harness.CommandLineArgs.<clinit>;145;jdk.internal.loader.ClassLoaders$AppClassLoader;BootstrapClassLoader
ClassLoader.loadClass;java.util.NoSuchElementException;jdk.nio.zipfs.ZipDirectoryStream.iterator;74;jdk.internal.loader.ClassLoaders$PlatformClassLoader;BootstrapClassLoader
ClassLoader.loadClass;java.util.NoSuchElementException;org.apache.lucene.codecs.perfield.PerFieldPostingsFormat$FieldsWriter.lambda$merge$1;187;org.dacapo.harness.DacapoClassLoader;BootstrapClassLoader
ClassLoader.loadClass;java.util.Objects;jdk.nio.zipfs.ZipFileSystem.getInode;1892;jdk.internal.loader.ClassLoaders$PlatformClassLoader;BootstrapClassLoader
ClassLoader.loadClass;java.util.Objects;org.apache.lucene.util.RamUsageEstimator.shallowSizeOfInstance;598;org.dacapo.harness.DacapoClassLoader;BootstrapClassLoader
ClassLoader.loadClass;java.util.Optional;org.apache.lucene.store.MMapDirectory.checkMemorySegmentsSysprop;400;org.dacapo.harness.DacapoClassLoader;BootstrapClassLoader
ClassLoader.loadClass;java.util.OptionalLong;org.apache.lucene.codecs.lucene90.Lucene90CompoundReader.<init>;75;org.dacapo.harness.DacapoClassLoader;BootstrapClassLoader
ClassLoader.loadClass;java.util.Properties;org.dacapo.harness.Data.getLocation;58;jdk.internal.loader.ClassLoaders$AppClassLoader;BootstrapClassLoader
ClassLoader.loadClass;java.util.Queue;org.apache.lucene.index.IndexWriter.<init>;277;org.dacapo.harness.DacapoClassLoader;BootstrapClassLoader
ClassLoader.loadClass;java.util.RandomAccess;org.apache.lucene.util.CollectionUtil$ListIntroSorter.<init>;63;org.dacapo.harness.DacapoClassLoader;BootstrapClassLoader
ClassLoader.loadClass;java.util.ServiceLoader;org.apache.lucene.util.NamedSPILoader.reload;68;org.dacapo.harness.DacapoClassLoader;BootstrapClassLoader
ClassLoader.loadClass;java.util.Set;java.lang.Class.getDeclaredMethods0;;jdk.internal.loader.ClassLoaders$PlatformClassLoader;BootstrapClassLoader
ClassLoader.loadClass;java.util.Set;org.apache.lucene.index.IndexWriterConfig.<init>;135;org.dacapo.harness.DacapoClassLoader;BootstrapClassLoader
ClassLoader.loadClass;java.util.Set;org.dacapo.harness.TestHarness.main;108;jdk.internal.loader.ClassLoaders$AppClassLoader;BootstrapClassLoader
ClassLoader.loadClass;java.util.SortedSet;org.apache.lucene.codecs.lucene90.Lucene90PostingsWriter.<init>;97;org.dacapo.harness.DacapoClassLoader;BootstrapClassLoader
ClassLoader.loadClass;java.util.TreeMap;org.apache.lucene.store.DataInput.readMapOfStrings;314;org.dacapo.harness.DacapoClassLoader;BootstrapClassLoader
ClassLoader.loadClass;java.util.TreeMap;org.dacapo.harness.DacapoClassLoader.sortURLs;38;jdk.internal.loader.ClassLoaders$AppClassLoader;BootstrapClassLoader
ClassLoader.loadClass;java.util.TreeSet;org.apache.lucene.codecs.CompetitiveImpactAccumulator.<init>;57;org.dacapo.harness.DacapoClassLoader;BootstrapClassLoader
ClassLoader.loadClass;java.util.Vector;org.dacapo.parser.ConfigFile.sizeClause;161;jdk.internal.loader.ClassLoaders$AppClassLoader;BootstrapClassLoader
ClassLoader.loadClass;java.util.WeakHashMap;org.apache.lucene.util.CloseableThreadLocal.<init>;52;org.dacapo.harness.DacapoClassLoader;BootstrapClassLoader
ClassLoader.loadClass;java.util.concurrent.CancellationException;org.apache.lucene.index.LogMergePolicy.findForcedMergesMaxNumSegments;254;org.dacapo.harness.DacapoClassLoader;BootstrapClassLoader
ClassLoader.loadClass;java.util.concurrent.CompletableFuture;org.apache.lucene.index.MergePolicy$OneMerge.<init>;191;org.dacapo.harness.DacapoClassLoader;BootstrapClassLoader
ClassLoader.loadClass;java.util.concurrent.ConcurrentHashMap;org.apache.lucene.store.FSDirectory.<init>;101;org.dacapo.harness.DacapoClassLoader;BootstrapClassLoader
ClassLoader.loadClass;java.util.concurrent.ConcurrentLinkedQueue;org.apache.lucene.index.IndexWriter$EventQueue.<init>;289;org.dacapo.harness.DacapoClassLoader;BootstrapClassLoader
ClassLoader.loadClass;java.util.concurrent.CopyOnWriteArraySet;org.apache.lucene.index.SegmentReader.<init>;350;org.dacapo.harness.DacapoClassLoader;BootstrapClassLoader
ClassLoader.loadClass;java.util.concurrent.ExecutionException;org.apache.lucene.index.LiveIndexWriterConfig.<init>;126;org.dacapo.harness.DacapoClassLoader;BootstrapClassLoader
ClassLoader.loadClass;java.util.concurrent.ExecutorService;java.lang.Class.getDeclaredMethods0;;jdk.internal.loader.ClassLoaders$PlatformClassLoader;BootstrapClassLoader
ClassLoader.loadClass;java.util.concurrent.Semaphore;org.apache.lucene.index.IndexWriter$EventQueue.<init>;288;org.dacapo.harness.DacapoClassLoader;BootstrapClassLoader
ClassLoader.loadClass;java.util.concurrent.TimeUnit;jdk.nio.zipfs.ZipUtils.dosToJavaTime;217;jdk.internal.loader.ClassLoaders$PlatformClassLoader;BootstrapClassLoader
ClassLoader.loadClass;java.util.concurrent.TimeUnit;org.apache.lucene.index.MergeRateLimiter.<clinit>;36;org.dacapo.harness.DacapoClassLoader;BootstrapClassLoader
ClassLoader.loadClass;java.util.concurrent.TimeoutException;org.apache.lucene.index.LogMergePolicy.findForcedMergesMaxNumSegments;254;org.dacapo.harness.DacapoClassLoader;BootstrapClassLoader
ClassLoader.loadClass;java.util.concurrent.atomic.AtomicBoolean;org.apache.lucene.index.IndexWriter.<init>;368;org.dacapo.harness.DacapoClassLoader;BootstrapClassLoader
ClassLoader.loadClass;java.util.concurrent.atomic.AtomicInteger;org.apache.lucene.util.CloseableThreadLocal.<init>;61;org.dacapo.harness.DacapoClassLoader;BootstrapClassLoader
ClassLoader.loadClass;java.util.concurrent.atomic.AtomicInteger;org.dacapo.harness.LatencyReporter.<clinit>;47;jdk.internal.loader.ClassLoaders$AppClassLoader;BootstrapClassLoader
ClassLoader.loadClass;java.util.concurrent.atomic.AtomicLong;org.apache.lucene.store.FSDirectory.<init>;107;org.dacapo.harness.DacapoClassLoader;BootstrapClassLoader
ClassLoader.loadClass;java.util.concurrent.atomic.AtomicReference;org.apache.lucene.util.SetOnce.<init>;53;org.dacapo.harness.DacapoClassLoader;BootstrapClassLoader
ClassLoader.loadClass;java.util.concurrent.locks.Condition;org.apache.lucene.index.MergePolicy$OneMergeProgress.wakeup;164;org.dacapo.harness.DacapoClassLoader;BootstrapClassLoader
ClassLoader.loadClass;java.util.concurrent.locks.Lock;jdk.nio.zipfs.ZipFileSystem.beginWrite;1186;jdk.internal.loader.ClassLoaders$PlatformClassLoader;BootstrapClassLoader
ClassLoader.loadClass;java.util.concurrent.locks.Lock;org.apache.lucene.index.ConcurrentApproximatePriorityQueue.<init>;63;org.dacapo.harness.DacapoClassLoader;BootstrapClassLoader
ClassLoader.loadClass;java.util.concurrent.locks.ReadWriteLock;jdk.nio.zipfs.ZipFileSystemProvider.getZipFileSystem;125;jdk.internal.loader.ClassLoaders$PlatformClassLoader;BootstrapClassLoader
ClassLoader.loadClass;java.util.concurrent.locks.ReentrantLock;org.apache.lucene.search.LRUQueryCache.<init>;135;org.dacapo.harness.DacapoClassLoader;BootstrapClassLoader
ClassLoader.loadClass;java.util.concurrent.locks.ReentrantReadWriteLock;jdk.nio.zipfs.ZipFileSystem.<init>;1209;jdk.internal.loader.ClassLoaders$PlatformClassLoader;BootstrapClassLoader
ClassLoader.loadClass;java.util.function.BiConsumer;org.apache.lucene.index.IndexFileDeleter.<init>;138;org.dacapo.harness.DacapoClassLoader;BootstrapClassLoader
ClassLoader.loadClass;java.util.function.BiPredicate;org.apache.lucene.store.MMapDirectory.<clinit>;105;org.dacapo.harness.DacapoClassLoader;BootstrapClassLoader
ClassLoader.loadClass;java.util.function.BinaryOperator;org.dacapo.harness.Benchmark.getDeps;386;jdk.internal.loader.ClassLoaders$AppClassLoader;BootstrapClassLoader
ClassLoader.loadClass;java.util.function.Consumer;org.apache.lucene.internal.tests.TestSecrets.<clinit>;34;org.dacapo.harness.DacapoClassLoader;BootstrapClassLoader
ClassLoader.loadClass;java.util.function.Function;jdk.nio.zipfs.ZipFileSystem.<init>;132;jdk.internal.loader.ClassLoaders$PlatformClassLoader;BootstrapClassLoader
ClassLoader.loadClass;java.util.function.Function;org.apache.lucene.store.MMapDirectory.checkMemorySegmentsSysprop;400;org.dacapo.harness.DacapoClassLoader;BootstrapClassLoader
ClassLoader.loadClass;java.util.function.Function;org.dacapo.harness.CommandLineArgs.extractBenchmarkSet;291;jdk.internal.loader.ClassLoaders$AppClassLoader;BootstrapClassLoader
ClassLoader.loadClass;java.util.function.IntFunction;org.apache.lucene.store.ByteBuffersDataOutput.<clinit>;45;org.dacapo.harness.DacapoClassLoader;BootstrapClassLoader
ClassLoader.loadClass;java.util.function.IntPredicate;org.apache.lucene.index.IndexWriter.carryOverHardDeletes;4459;org.dacapo.harness.DacapoClassLoader;BootstrapClassLoader
ClassLoader.loadClass;java.util.function.LongSupplier;org.apache.lucene.index.DocumentsWriterDeleteQueue.<init>;102;org.dacapo.harness.DacapoClassLoader;BootstrapClassLoader
ClassLoader.loadClass;java.util.function.Predicate;org.apache.lucene.search.IndexSearcher.<clinit>;99;org.dacapo.harness.DacapoClassLoader;BootstrapClassLoader
ClassLoader.loadClass;java.util.function.Predicate;org.dacapo.harness.CommandLineArgs.extractBenchmarkSet;292;jdk.internal.loader.ClassLoaders$AppClassLoader;BootstrapClassLoader
ClassLoader.loadClass;java.util.function.Supplier;org.apache.lucene.index.IndexWriter.<init>;1126;org.dacapo.harness.DacapoClassLoader;BootstrapClassLoader
ClassLoader.loadClass;java.util.function.ToIntFunction;org.apache.lucene.index.MergePolicy$OneMerge.<init>;231;org.dacapo.harness.DacapoClassLoader;BootstrapClassLoader
ClassLoader.loadClass;java.util.function.ToLongFunction;org.apache.lucene.codecs.lucene90.Lucene90CompoundReader.<init>;72;org.dacapo.harness.DacapoClassLoader;BootstrapClassLoader
ClassLoader.loadClass;java.util.jar.Attributes$Name;org.dacapo.harness.TestHarness.getManifestAttribute;288;jdk.internal.loader.ClassLoaders$AppClassLoader;BootstrapClassLoader
ClassLoader.loadClass;java.util.jar.Attributes;org.dacapo.harness.TestHarness.getManifestAttribute;288;jdk.internal.loader.ClassLoaders$AppClassLoader;BootstrapClassLoader
ClassLoader.loadClass;java.util.jar.Manifest;org.dacapo.harness.TestHarness.getManifestAttribute;287;jdk.internal.loader.ClassLoaders$AppClassLoader;BootstrapClassLoader
ClassLoader.loadClass;java.util.logging.Logger;org.apache.lucene.store.MMapDirectory.<clinit>;99;org.dacapo.harness.DacapoClassLoader;BootstrapClassLoader
ClassLoader.loadClass;java.util.regex.Matcher;org.apache.lucene.index.IndexFileDeleter.<init>;147;org.dacapo.harness.DacapoClassLoader;BootstrapClassLoader
ClassLoader.loadClass;java.util.regex.Pattern;org.apache.lucene.index.IndexFileNames.<clinit>;199;org.dacapo.harness.DacapoClassLoader;BootstrapClassLoader
ClassLoader.loadClass;java.util.regex.PatternSyntaxException;jdk.nio.zipfs.ZipFileSystem$Entry.readCEN;2798;jdk.internal.loader.ClassLoaders$PlatformClassLoader;BootstrapClassLoader
ClassLoader.loadClass;java.util.stream.BaseStream;org.apache.lucene.util.IOUtils.applyToAll;505;org.dacapo.harness.DacapoClassLoader;BootstrapClassLoader
ClassLoader.loadClass;java.util.stream.Collectors;org.dacapo.harness.CommandLineArgs.extractBenchmarkSet;295;jdk.internal.loader.ClassLoaders$AppClassLoader;BootstrapClassLoader
ClassLoader.loadClass;java.util.stream.IntStream;org.apache.lucene.util.UnicodeUtil.<clinit>;394;org.dacapo.harness.DacapoClassLoader;BootstrapClassLoader
ClassLoader.loadClass;java.util.stream.LongStream;org.apache.lucene.codecs.lucene90.Lucene90CompoundReader.<init>;74;org.dacapo.harness.DacapoClassLoader;BootstrapClassLoader
ClassLoader.loadClass;java.util.stream.Stream;org.apache.lucene.util.UnicodeUtil.<clinit>;413;org.dacapo.harness.DacapoClassLoader;BootstrapClassLoader
ClassLoader.loadClass;java.util.stream.Stream;org.dacapo.harness.CommandLineArgs.extractBenchmarkSet;292;jdk.internal.loader.ClassLoaders$AppClassLoader;BootstrapClassLoader
ClassLoader.loadClass;java.util.zip.CRC32;org.apache.lucene.store.OutputStreamIndexOutput.<init>;29;org.dacapo.harness.DacapoClassLoader;BootstrapClassLoader
ClassLoader.loadClass;java.util.zip.CheckedOutputStream;org.apache.lucene.store.FSDirectory.createOutput;220;org.dacapo.harness.DacapoClassLoader;BootstrapClassLoader
ClassLoader.loadClass;java.util.zip.Checksum;org.apache.lucene.store.FSDirectory.createOutput;220;org.dacapo.harness.DacapoClassLoader;BootstrapClassLoader
ClassLoader.loadClass;java.util.zip.DeflaterOutputStream;java.lang.ClassLoader.defineClass2;;jdk.internal.loader.ClassLoaders$PlatformClassLoader;BootstrapClassLoader
ClassLoader.loadClass;java.util.zip.InflaterInputStream;java.lang.ClassLoader.defineClass2;;jdk.internal.loader.ClassLoaders$PlatformClassLoader;BootstrapClassLoader
ClassLoader.loadClass;java.util.zip.ZipException;java.lang.Class.getDeclaredMethods0;;jdk.internal.loader.ClassLoaders$PlatformClassLoader;BootstrapClassLoader
ClassLoader.loadClass;java.util.zip.ZipInputStream;org.dacapo.harness.TestHarness.main;108;jdk.internal.loader.ClassLoaders$AppClassLoader;BootstrapClassLoader
ClassLoader.loadClass;javax.xml.bind.DatatypeConverter;org.dacapo.harness.Benchmark.getMD5;409;jdk.internal.loader.ClassLoaders$AppClassLoader;jdk.internal.loader.ClassLoaders$AppClassLoader
ClassLoader.loadClass;javax.xml.bind.DatatypeConverterImpl;javax.xml.bind.DatatypeConverter.initConverter;155;jdk.internal.loader.ClassLoaders$AppClassLoader;jdk.internal.loader.ClassLoaders$AppClassLoader
ClassLoader.loadClass;javax.xml.bind.DatatypeConverterInterface;org.dacapo.harness.Benchmark.getMD5;409;jdk.internal.loader.ClassLoaders$AppClassLoader;jdk.internal.loader.ClassLoaders$AppClassLoader
ClassLoader.loadClass;javax.xml.bind.JAXBPermission;org.dacapo.harness.Benchmark.getMD5;409;jdk.internal.loader.ClassLoaders$AppClassLoader;jdk.internal.loader.ClassLoaders$AppClassLoader
ClassLoader.loadClass;javax.xml.datatype.DatatypeConfigurationException;javax.xml.bind.DatatypeConverter.initConverter;155;jdk.internal.loader.ClassLoaders$AppClassLoader;BootstrapClassLoader
ClassLoader.loadClass;javax.xml.datatype.DatatypeFactory;javax.xml.bind.DatatypeConverterImpl.<clinit>;905;jdk.internal.loader.ClassLoaders$AppClassLoader;BootstrapClassLoader
ClassLoader.loadClass;jdk.internal.jrtfs.JrtFileSystemProvider;java.lang.Class.forName0;;jdk.internal.loader.ClassLoaders$AppClassLoader;BootstrapClassLoader
ClassLoader.loadClass;jdk.nio.zipfs.ZipCoder$UTF8;jdk.nio.zipfs.ZipFileSystem.<init>;175;jdk.internal.loader.ClassLoaders$PlatformClassLoader;jdk.internal.loader.ClassLoaders$PlatformClassLoader
ClassLoader.loadClass;jdk.nio.zipfs.ZipCoder;jdk.nio.zipfs.ZipFileSystem.<init>;175;jdk.internal.loader.ClassLoaders$PlatformClassLoader;jdk.internal.loader.ClassLoaders$PlatformClassLoader
ClassLoader.loadClass;jdk.nio.zipfs.ZipConstants;jdk.nio.zipfs.ZipFileSystem.findEND;1276;jdk.internal.loader.ClassLoaders$PlatformClassLoader;jdk.internal.loader.ClassLoaders$PlatformClassLoader
ClassLoader.loadClass;jdk.nio.zipfs.ZipDirectoryStream$1;jdk.nio.zipfs.ZipDirectoryStream.iterator;74;jdk.internal.loader.ClassLoaders$PlatformClassLoader;jdk.internal.loader.ClassLoaders$PlatformClassLoader
ClassLoader.loadClass;jdk.nio.zipfs.ZipDirectoryStream;jdk.nio.zipfs.ZipPath.newDirectoryStream;755;jdk.internal.loader.ClassLoaders$PlatformClassLoader;jdk.internal.loader.ClassLoaders$PlatformClassLoader
ClassLoader.loadClass;jdk.nio.zipfs.ZipFileAttributeView;jdk.nio.zipfs.ZipFileSystem.<init>;176;jdk.internal.loader.ClassLoaders$PlatformClassLoader;jdk.internal.loader.ClassLoaders$PlatformClassLoader
ClassLoader.loadClass;jdk.nio.zipfs.ZipFileAttributes;java.lang.ClassLoader.defineClass2;;jdk.internal.loader.ClassLoaders$PlatformClassLoader;jdk.internal.loader.ClassLoaders$PlatformClassLoader
ClassLoader.loadClass;jdk.nio.zipfs.ZipFileStore;jdk.nio.zipfs.ZipFileSystemProvider.getZipFileSystem;125;jdk.internal.loader.ClassLoaders$PlatformClassLoader;jdk.internal.loader.ClassLoaders$PlatformClassLoader
ClassLoader.loadClass;jdk.nio.zipfs.ZipFileSystem$1;jdk.nio.zipfs.ZipFileSystemProvider.getZipFileSystem;125;jdk.internal.loader.ClassLoaders$PlatformClassLoader;jdk.internal.loader.ClassLoaders$PlatformClassLoader
ClassLoader.loadClass;jdk.nio.zipfs.ZipFileSystem$2;jdk.nio.zipfs.ZipFileSystemProvider.getZipFileSystem;125;jdk.internal.loader.ClassLoaders$PlatformClassLoader;jdk.internal.loader.ClassLoaders$PlatformClassLoader
ClassLoader.loadClass;jdk.nio.zipfs.ZipFileSystem$DeflatingEntryOutputStream;jdk.nio.zipfs.ZipFileSystemProvider.getZipFileSystem;125;jdk.internal.loader.ClassLoaders$PlatformClassLoader;jdk.internal.loader.ClassLoaders$PlatformClassLoader
ClassLoader.loadClass;jdk.nio.zipfs.ZipFileSystem$END;jdk.nio.zipfs.ZipFileSystem.findEND;1279;jdk.internal.loader.ClassLoaders$PlatformClassLoader;jdk.internal.loader.ClassLoaders$PlatformClassLoader
ClassLoader.loadClass;jdk.nio.zipfs.ZipFileSystem$Entry;jdk.nio.zipfs.ZipFileSystemProvider.getZipFileSystem;125;jdk.internal.loader.ClassLoaders$PlatformClassLoader;jdk.internal.loader.ClassLoaders$PlatformClassLoader
ClassLoader.loadClass;jdk.nio.zipfs.ZipFileSystem$EntryInputStream;jdk.nio.zipfs.ZipFileSystemProvider.getZipFileSystem;125;jdk.internal.loader.ClassLoaders$PlatformClassLoader;jdk.internal.loader.ClassLoaders$PlatformClassLoader
ClassLoader.loadClass;jdk.nio.zipfs.ZipFileSystem$EntryOutputStream;jdk.nio.zipfs.ZipFileSystemProvider.getZipFileSystem;125;jdk.internal.loader.ClassLoaders$PlatformClassLoader;jdk.internal.loader.ClassLoaders$PlatformClassLoader
ClassLoader.loadClass;jdk.nio.zipfs.ZipFileSystem$EntryOutputStreamCRC32;jdk.nio.zipfs.ZipFileSystemProvider.getZipFileSystem;125;jdk.internal.loader.ClassLoaders$PlatformClassLoader;jdk.internal.loader.ClassLoaders$PlatformClassLoader
ClassLoader.loadClass;jdk.nio.zipfs.ZipFileSystem$EntryOutputStreamDef;jdk.nio.zipfs.ZipFileSystemProvider.getZipFileSystem;125;jdk.internal.loader.ClassLoaders$PlatformClassLoader;jdk.internal.loader.ClassLoaders$PlatformClassLoader
ClassLoader.loadClass;jdk.nio.zipfs.ZipFileSystem$FileRolloverOutputStream;jdk.nio.zipfs.ZipFileSystemProvider.getZipFileSystem;125;jdk.internal.loader.ClassLoaders$PlatformClassLoader;jdk.internal.loader.ClassLoaders$PlatformClassLoader
ClassLoader.loadClass;jdk.nio.zipfs.ZipFileSystem$IndexNode;jdk.nio.zipfs.ZipFileSystemProvider.getZipFileSystem;125;jdk.internal.loader.ClassLoaders$PlatformClassLoader;jdk.internal.loader.ClassLoaders$PlatformClassLoader
ClassLoader.loadClass;jdk.nio.zipfs.ZipFileSystem$ParentLookup;jdk.nio.zipfs.ZipFileSystem.makeParentDirs;1325;jdk.internal.loader.ClassLoaders$PlatformClassLoader;jdk.internal.loader.ClassLoaders$PlatformClassLoader
ClassLoader.loadClass;jdk.nio.zipfs.ZipFileSystem$PosixEntry;jdk.nio.zipfs.ZipFileSystemProvider.getZipFileSystem;125;jdk.internal.loader.ClassLoaders$PlatformClassLoader;jdk.internal.loader.ClassLoaders$PlatformClassLoader
ClassLoader.loadClass;jdk.nio.zipfs.ZipFileSystem;java.lang.Class.getDeclaredMethods0;;jdk.internal.loader.ClassLoaders$PlatformClassLoader;jdk.internal.loader.ClassLoaders$PlatformClassLoader
ClassLoader.loadClass;jdk.nio.zipfs.ZipPath;jdk.nio.zipfs.ZipFileSystem.<init>;176;jdk.internal.loader.ClassLoaders$PlatformClassLoader;jdk.internal.loader.ClassLoaders$PlatformClassLoader
ClassLoader.loadClass;jdk.nio.zipfs.ZipPosixFileAttributeView;jdk.nio.zipfs.ZipFileSystem.<init>;176;jdk.internal.loader.ClassLoaders$PlatformClassLoader;jdk.internal.loader.ClassLoaders$PlatformClassLoader
ClassLoader.loadClass;jdk.nio.zipfs.ZipUtils;jdk.nio.zipfs.ZipFileSystem$Entry.readCEN;2798;jdk.internal.loader.ClassLoaders$PlatformClassLoader;jdk.internal.loader.ClassLoaders$PlatformClassLoader
ClassLoader.loadClass;org.HdrHistogram.AbstractHistogram;java.lang.ClassLoader.defineClass1;;jdk.internal.loader.ClassLoaders$AppClassLoader;jdk.internal.loader.ClassLoaders$AppClassLoader
ClassLoader.loadClass;org.HdrHistogram.AbstractHistogramBase;java.lang.ClassLoader.defineClass1;;jdk.internal.loader.ClassLoaders$AppClassLoader;jdk.internal.loader.ClassLoaders$AppClassLoader
ClassLoader.loadClass;org.HdrHistogram.EncodableHistogram;org.dacapo.harness.Benchmark.run;272;jdk.internal.loader.ClassLoaders$AppClassLoader;jdk.internal.loader.ClassLoaders$AppClassLoader
ClassLoader.loadClass;org.HdrHistogram.Histogram;org.dacapo.harness.Benchmark.run;272;jdk.internal.loader.ClassLoaders$AppClassLoader;jdk.internal.loader.ClassLoaders$AppClassLoader
ClassLoader.loadClass;org.HdrHistogram.ValueRecorder;java.lang.ClassLoader.defineClass1;;jdk.internal.loader.ClassLoaders$AppClassLoader;jdk.internal.loader.ClassLoaders$AppClassLoader
ClassLoader.loadClass;org.apache.commons.cli.AmbiguousOptionException;org.dacapo.harness.CommandLineArgs.<clinit>;144;jdk.internal.loader.ClassLoaders$AppClassLoader;jdk.internal.loader.ClassLoaders$AppClassLoader
ClassLoader.loadClass;org.apache.commons.cli.CommandLine;org.apache.commons.cli.Parser.parse;148;jdk.internal.loader.ClassLoaders$AppClassLoader;jdk.internal.loader.ClassLoaders$AppClassLoader
ClassLoader.loadClass;org.apache.commons.cli.CommandLineParser;org.dacapo.harness.TestHarness.main;101;jdk.internal.loader.ClassLoaders$AppClassLoader;jdk.internal.loader.ClassLoaders$AppClassLoader
ClassLoader.loadClass;org.apache.commons.cli.MissingArgumentException;org.dacapo.harness.CommandLineArgs.<clinit>;144;jdk.internal.loader.ClassLoaders$AppClassLoader;jdk.internal.loader.ClassLoaders$AppClassLoader
ClassLoader.loadClass;org.apache.commons.cli.MissingOptionException;org.dacapo.harness.CommandLineArgs.<clinit>;144;jdk.internal.loader.ClassLoaders$AppClassLoader;jdk.internal.loader.ClassLoaders$AppClassLoader
ClassLoader.loadClass;org.apache.commons.cli.Option;org.dacapo.harness.CommandLineArgs.<clinit>;110;jdk.internal.loader.ClassLoaders$AppClassLoader;jdk.internal.loader.ClassLoaders$AppClassLoader
ClassLoader.loadClass;org.apache.commons.cli.OptionValidator;org.apache.commons.cli.Option.<init>;387;jdk.internal.loader.ClassLoaders$AppClassLoader;jdk.internal.loader.ClassLoaders$AppClassLoader
ClassLoader.loadClass;org.apache.commons.cli.Options;org.dacapo.harness.CommandLineArgs.<clinit>;145;jdk.internal.loader.ClassLoaders$AppClassLoader;jdk.internal.loader.ClassLoaders$AppClassLoader
ClassLoader.loadClass;org.apache.commons.cli.ParseException;org.dacapo.harness.TestHarness.main;101;jdk.internal.loader.ClassLoaders$AppClassLoader;jdk.internal.loader.ClassLoaders$AppClassLoader
ClassLoader.loadClass;org.apache.commons.cli.Parser;java.lang.ClassLoader.defineClass1;;jdk.internal.loader.ClassLoaders$AppClassLoader;jdk.internal.loader.ClassLoaders$AppClassLoader
ClassLoader.loadClass;org.apache.commons.cli.PosixParser;org.dacapo.harness.CommandLineArgs.<clinit>;144;jdk.internal.loader.ClassLoaders$AppClassLoader;jdk.internal.loader.ClassLoaders$AppClassLoader
ClassLoader.loadClass;org.apache.commons.cli.UnrecognizedOptionException;org.dacapo.harness.CommandLineArgs.<clinit>;144;jdk.internal.loader.ClassLoaders$AppClassLoader;jdk.internal.loader.ClassLoaders$AppClassLoader
ClassLoader.loadClass;org.apache.commons.cli.Util;org.apache.commons.cli.PosixParser.flatten;179;jdk.internal.loader.ClassLoaders$AppClassLoader;jdk.internal.loader.ClassLoaders$AppClassLoader
ClassLoader.loadClass;org.apache.lucene.analysis.Analyzer$1;org.apache.lucene.index.IndexWriterConfig.<init>;135;org.dacapo.harness.DacapoClassLoader;org.dacapo.harness.DacapoClassLoader
ClassLoader.loadClass;org.apache.lucene.analysis.Analyzer$2;org.apache.lucene.index.IndexWriterConfig.<init>;135;org.dacapo.harness.DacapoClassLoader;org.dacapo.harness.DacapoClassLoader
ClassLoader.loadClass;org.apache.lucene.analysis.Analyzer$ReuseStrategy;org.apache.lucene.index.IndexWriterConfig.<init>;135;org.dacapo.harness.DacapoClassLoader;org.dacapo.harness.DacapoClassLoader
ClassLoader.loadClass;org.apache.lucene.analysis.Analyzer$StringTokenStream;org.apache.lucene.index.IndexWriterConfig.<init>;135;org.dacapo.harness.DacapoClassLoader;org.dacapo.harness.DacapoClassLoader
ClassLoader.loadClass;org.apache.lucene.analysis.Analyzer$TokenStreamComponents;org.apache.lucene.analysis.standard.StandardAnalyzer.createComponents;90;org.dacapo.harness.DacapoClassLoader;org.dacapo.harness.DacapoClassLoader
ClassLoader.loadClass;org.apache.lucene.analysis.Analyzer;org.dacapo.luindex.Index.indexLineDoc;104;org.dacapo.harness.DacapoClassLoader;org.dacapo.harness.DacapoClassLoader
ClassLoader.loadClass;org.apache.lucene.analysis.CharArrayMap$1;org.apache.lucene.analysis.CharArraySet.<clinit>;39;org.dacapo.harness.DacapoClassLoader;org.dacapo.harness.DacapoClassLoader
ClassLoader.loadClass;org.apache.lucene.analysis.CharArrayMap$EmptyCharArrayMap;org.apache.lucene.analysis.CharArraySet.<clinit>;39;org.dacapo.harness.DacapoClassLoader;org.dacapo.harness.DacapoClassLoader
ClassLoader.loadClass;org.apache.lucene.analysis.CharArrayMap$UnmodifiableCharArrayMap;java.lang.ClassLoader.defineClass1;;org.dacapo.harness.DacapoClassLoader;org.dacapo.harness.DacapoClassLoader
ClassLoader.loadClass;org.apache.lucene.analysis.CharArrayMap;org.apache.lucene.analysis.CharArraySet.<clinit>;39;org.dacapo.harness.DacapoClassLoader;org.dacapo.harness.DacapoClassLoader
ClassLoader.loadClass;org.apache.lucene.analysis.CharArraySet;org.apache.lucene.analysis.standard.StandardAnalyzer.<init>;52;org.dacapo.harness.DacapoClassLoader;org.dacapo.harness.DacapoClassLoader
ClassLoader.loadClass;org.apache.lucene.analysis.CharFilter;org.apache.lucene.analysis.Tokenizer.correctOffset;80;org.dacapo.harness.DacapoClassLoader;org.dacapo.harness.DacapoClassLoader
ClassLoader.loadClass;org.apache.lucene.analysis.CharacterUtils;org.apache.lucene.analysis.LowerCaseFilter.incrementToken;38;org.dacapo.harness.DacapoClassLoader;org.dacapo.harness.DacapoClassLoader
ClassLoader.loadClass;org.apache.lucene.analysis.FilteringTokenFilter;java.lang.ClassLoader.defineClass1;;org.dacapo.harness.DacapoClassLoader;org.dacapo.harness.DacapoClassLoader
ClassLoader.loadClass;org.apache.lucene.analysis.LowerCaseFilter;org.apache.lucene.index.IndexWriterConfig.<init>;135;org.dacapo.harness.DacapoClassLoader;org.dacapo.harness.DacapoClassLoader
ClassLoader.loadClass;org.apache.lucene.analysis.ReusableStringReader;org.apache.lucene.index.IndexWriterConfig.<init>;135;org.dacapo.harness.DacapoClassLoader;org.dacapo.harness.DacapoClassLoader
ClassLoader.loadClass;org.apache.lucene.analysis.StopFilter;org.apache.lucene.index.IndexWriterConfig.<init>;135;org.dacapo.harness.DacapoClassLoader;org.dacapo.harness.DacapoClassLoader
ClassLoader.loadClass;org.apache.lucene.analysis.StopwordAnalyzerBase;java.lang.ClassLoader.defineClass1;;org.dacapo.harness.DacapoClassLoader;org.dacapo.harness.DacapoClassLoader
ClassLoader.loadClass;org.apache.lucene.analysis.TokenFilter;java.lang.ClassLoader.defineClass1;;org.dacapo.harness.DacapoClassLoader;org.dacapo.harness.DacapoClassLoader
ClassLoader.loadClass;org.apache.lucene.analysis.TokenStream;org.apache.lucene.index.IndexWriterConfig.<init>;135;org.dacapo.harness.DacapoClassLoader;org.dacapo.harness.DacapoClassLoader
ClassLoader.loadClass;org.apache.lucene.analysis.Tokenizer$1;org.apache.lucene.analysis.standard.StandardAnalyzer.createComponents;86;org.dacapo.harness.DacapoClassLoader;org.dacapo.harness.DacapoClassLoader
ClassLoader.loadClass;org.apache.lucene.analysis.Tokenizer;java.lang.ClassLoader.defineClass1;;org.dacapo.harness.DacapoClassLoader;org.dacapo.harness.DacapoClassLoader
ClassLoader.loadClass;org.apache.lucene.analysis.standard.StandardAnalyzer;org.dacapo.luindex.Index.indexLineDoc;104;org.dacapo.harness.DacapoClassLoader;org.dacapo.harness.DacapoClassLoader
ClassLoader.loadClass;org.apache.lucene.analysis.standard.StandardTokenizer;org.apache.lucene.index.IndexWriterConfig.<init>;135;org.dacapo.harness.DacapoClassLoader;org.dacapo.harness.DacapoClassLoader
ClassLoader.loadClass;org.apache.lucene.analysis.standard.StandardTokenizerImpl;org.apache.lucene.analysis.standard.StandardTokenizer.init;128;org.dacapo.harness.DacapoClassLoader;org.dacapo.harness.DacapoClassLoader
ClassLoader.loadClass;org.apache.lucene.analysis.tokenattributes.CharTermAttribute;java.lang.ClassLoader.defineClass1;;org.dacapo.harness.DacapoClassLoader;org.dacapo.harness.DacapoClassLoader
ClassLoader.loadClass;org.apache.lucene.analysis.tokenattributes.CharTermAttributeImpl;java.lang.ClassLoader.defineClass1;;org.dacapo.harness.DacapoClassLoader;org.dacapo.harness.DacapoClassLoader
ClassLoader.loadClass;org.apache.lucene.analysis.tokenattributes.OffsetAttribute;java.lang.ClassLoader.defineClass1;;org.dacapo.harness.DacapoClassLoader;org.dacapo.harness.DacapoClassLoader
ClassLoader.loadClass;org.apache.lucene.analysis.tokenattributes.PackedTokenAttributeImpl;org.apache.lucene.analysis.TokenStream.<clinit>;81;org.dacapo.harness.DacapoClassLoader;org.dacapo.harness.DacapoClassLoader
ClassLoader.loadClass;org.apache.lucene.analysis.tokenattributes.PayloadAttribute;org.apache.lucene.index.FieldInvertState.setAttributeSource;110;org.dacapo.harness.DacapoClassLoader;org.dacapo.harness.DacapoClassLoader
ClassLoader.loadClass;org.apache.lucene.analysis.tokenattributes.PositionIncrementAttribute;java.lang.ClassLoader.defineClass1;;org.dacapo.harness.DacapoClassLoader;org.dacapo.harness.DacapoClassLoader
ClassLoader.loadClass;org.apache.lucene.analysis.tokenattributes.PositionLengthAttribute;java.lang.ClassLoader.defineClass1;;org.dacapo.harness.DacapoClassLoader;org.dacapo.harness.DacapoClassLoader
ClassLoader.loadClass;org.apache.lucene.analysis.tokenattributes.TermFrequencyAttribute;java.lang.ClassLoader.defineClass1;;org.dacapo.harness.DacapoClassLoader;org.dacapo.harness.DacapoClassLoader
ClassLoader.loadClass;org.apache.lucene.analysis.tokenattributes.TermToBytesRefAttribute;java.lang.ClassLoader.defineClass1;;org.dacapo.harness.DacapoClassLoader;org.dacapo.harness.DacapoClassLoader
ClassLoader.loadClass;org.apache.lucene.analysis.tokenattributes.TypeAttribute;java.lang.ClassLoader.defineClass1;;org.dacapo.harness.DacapoClassLoader;org.dacapo.harness.DacapoClassLoader
ClassLoader.loadClass;org.apache.lucene.backward_codecs.compressing.CompressionMode$1;org.apache.lucene.backward_codecs.lucene50.Lucene50StoredFieldsFormat.<clinit>;169;org.dacapo.harness.DacapoClassLoader;org.dacapo.harness.DacapoClassLoader
ClassLoader.loadClass;org.apache.lucene.backward_codecs.compressing.CompressionMode$2;org.apache.lucene.backward_codecs.lucene50.Lucene50StoredFieldsFormat.<clinit>;169;org.dacapo.harness.DacapoClassLoader;org.dacapo.harness.DacapoClassLoader
ClassLoader.loadClass;org.apache.lucene.backward_codecs.compressing.CompressionMode$3;org.apache.lucene.backward_codecs.lucene50.Lucene50StoredFieldsFormat.<clinit>;169;org.dacapo.harness.DacapoClassLoader;org.dacapo.harness.DacapoClassLoader
ClassLoader.loadClass;org.apache.lucene.backward_codecs.compressing.CompressionMode$4;org.apache.lucene.backward_codecs.lucene50.Lucene50StoredFieldsFormat.<clinit>;169;org.dacapo.harness.DacapoClassLoader;org.dacapo.harness.DacapoClassLoader
ClassLoader.loadClass;org.apache.lucene.backward_codecs.compressing.CompressionMode$DeflateCompressor;org.apache.lucene.backward_codecs.compressing.CompressionMode.<clinit>;67;org.dacapo.harness.DacapoClassLoader;org.dacapo.harness.DacapoClassLoader
ClassLoader.loadClass;org.apache.lucene.backward_codecs.compressing.CompressionMode$DeflateDecompressor;org.apache.lucene.backward_codecs.compressing.CompressionMode.<clinit>;67;org.dacapo.harness.DacapoClassLoader;org.dacapo.harness.DacapoClassLoader
ClassLoader.loadClass;org.apache.lucene.backward_codecs.compressing.CompressionMode$LZ4FastCompressor;org.apache.lucene.backward_codecs.compressing.CompressionMode.<clinit>;43;org.dacapo.harness.DacapoClassLoader;org.dacapo.harness.DacapoClassLoader
ClassLoader.loadClass;org.apache.lucene.backward_codecs.compressing.CompressionMode$LZ4HighCompressor;org.apache.lucene.backward_codecs.compressing.CompressionMode.<clinit>;94;org.dacapo.harness.DacapoClassLoader;org.dacapo.harness.DacapoClassLoader
ClassLoader.loadClass;org.apache.lucene.backward_codecs.compressing.CompressionMode;org.apache.lucene.backward_codecs.lucene50.Lucene50TermVectorsFormat.<init>;156;org.dacapo.harness.DacapoClassLoader;org.dacapo.harness.DacapoClassLoader
ClassLoader.loadClass;org.apache.lucene.backward_codecs.compressing.Compressor;org.apache.lucene.backward_codecs.lucene50.Lucene50StoredFieldsFormat.<clinit>;169;org.dacapo.harness.DacapoClassLoader;org.dacapo.harness.DacapoClassLoader
ClassLoader.loadClass;org.apache.lucene.backward_codecs.compressing.Decompressor;org.apache.lucene.backward_codecs.lucene50.Lucene50TermVectorsFormat.<init>;156;org.dacapo.harness.DacapoClassLoader;org.dacapo.harness.DacapoClassLoader
ClassLoader.loadClass;org.apache.lucene.backward_codecs.lucene40.blocktree.Lucene40BlockTreeTermsReader;org.apache.lucene.backward_codecs.lucene84.Lucene84Codec.<init>;93;org.dacapo.harness.DacapoClassLoader;org.dacapo.harness.DacapoClassLoader
ClassLoader.loadClass;org.apache.lucene.backward_codecs.lucene50.Lucene50CompoundFormat;java.lang.Class.getDeclaredConstructors0;;org.dacapo.harness.DacapoClassLoader;org.dacapo.harness.DacapoClassLoader
ClassLoader.loadClass;org.apache.lucene.backward_codecs.lucene50.Lucene50CompoundReader;org.apache.lucene.backward_codecs.lucene80.Lucene80Codec.<init>;52;org.dacapo.harness.DacapoClassLoader;org.dacapo.harness.DacapoClassLoader
ClassLoader.loadClass;org.apache.lucene.backward_codecs.lucene50.Lucene50LiveDocsFormat;java.lang.Class.getDeclaredConstructors0;;org.dacapo.harness.DacapoClassLoader;org.dacapo.harness.DacapoClassLoader
ClassLoader.loadClass;org.apache.lucene.backward_codecs.lucene50.Lucene50PostingsFormat;java.lang.Class.forName0;;org.dacapo.harness.DacapoClassLoader;org.dacapo.harness.DacapoClassLoader
ClassLoader.loadClass;org.apache.lucene.backward_codecs.lucene50.Lucene50PostingsReader;java.lang.Class.getDeclaredConstructors0;;org.dacapo.harness.DacapoClassLoader;org.dacapo.harness.DacapoClassLoader
ClassLoader.loadClass;org.apache.lucene.backward_codecs.lucene50.Lucene50StoredFieldsFormat$1;org.apache.lucene.backward_codecs.lucene50.Lucene50TermVectorsFormat.<init>;156;org.dacapo.harness.DacapoClassLoader;org.dacapo.harness.DacapoClassLoader
ClassLoader.loadClass;org.apache.lucene.backward_codecs.lucene50.Lucene50StoredFieldsFormat$2;org.apache.lucene.backward_codecs.lucene50.Lucene50TermVectorsFormat.<init>;156;org.dacapo.harness.DacapoClassLoader;org.dacapo.harness.DacapoClassLoader
ClassLoader.loadClass;org.apache.lucene.backward_codecs.lucene50.Lucene50StoredFieldsFormat$LZ4FastCompressor;org.apache.lucene.backward_codecs.lucene50.Lucene50StoredFieldsFormat.<clinit>;169;org.dacapo.harness.DacapoClassLoader;org.dacapo.harness.DacapoClassLoader
ClassLoader.loadClass;org.apache.lucene.backward_codecs.lucene50.Lucene50StoredFieldsFormat$Mode;org.apache.lucene.backward_codecs.lucene50.Lucene50StoredFieldsFormat.<init>;131;org.dacapo.harness.DacapoClassLoader;org.dacapo.harness.DacapoClassLoader
ClassLoader.loadClass;org.apache.lucene.backward_codecs.lucene50.Lucene50StoredFieldsFormat;java.lang.Class.getDeclaredConstructors0;;org.dacapo.harness.DacapoClassLoader;org.dacapo.harness.DacapoClassLoader
ClassLoader.loadClass;org.apache.lucene.backward_codecs.lucene50.Lucene50TermVectorsFormat;java.lang.Class.getDeclaredConstructors0;;org.dacapo.harness.DacapoClassLoader;org.dacapo.harness.DacapoClassLoader
ClassLoader.loadClass;org.apache.lucene.backward_codecs.lucene50.compressing.Lucene50CompressingStoredFieldsFormat;org.apache.lucene.backward_codecs.lucene50.Lucene50TermVectorsFormat.<init>;156;org.dacapo.harness.DacapoClassLoader;org.dacapo.harness.DacapoClassLoader
ClassLoader.loadClass;org.apache.lucene.backward_codecs.lucene50.compressing.Lucene50CompressingTermVectorsFormat;java.lang.ClassLoader.defineClass1;;org.dacapo.harness.DacapoClassLoader;org.dacapo.harness.DacapoClassLoader
ClassLoader.loadClass;org.apache.lucene.backward_codecs.lucene50.compressing.Lucene50CompressingTermVectorsReader;org.apache.lucene.backward_codecs.lucene80.Lucene80Codec.<init>;48;org.dacapo.harness.DacapoClassLoader;org.dacapo.harness.DacapoClassLoader
ClassLoader.loadClass;org.apache.lucene.backward_codecs.lucene60.Lucene60FieldInfosFormat;java.lang.Class.getDeclaredConstructors0;;org.dacapo.harness.DacapoClassLoader;org.dacapo.harness.DacapoClassLoader
ClassLoader.loadClass;org.apache.lucene.backward_codecs.lucene60.Lucene60PointsFormat;java.lang.Class.getDeclaredConstructors0;;org.dacapo.harness.DacapoClassLoader;org.dacapo.harness.DacapoClassLoader
ClassLoader.loadClass;org.apache.lucene.backward_codecs.lucene70.Lucene70Codec$1;java.lang.Class.getDeclaredConstructors0;;org.dacapo.harness.DacapoClassLoader;org.dacapo.harness.DacapoClassLoader
ClassLoader.loadClass;org.apache.lucene.backward_codecs.lucene70.Lucene70Codec$2;java.lang.Class.getDeclaredConstructors0;;org.dacapo.harness.DacapoClassLoader;org.dacapo.harness.DacapoClassLoader
ClassLoader.loadClass;org.apache.lucene.backward_codecs.lucene70.Lucene70Codec;java.lang.Class.forName0;;org.dacapo.harness.DacapoClassLoader;org.dacapo.harness.DacapoClassLoader
ClassLoader.loadClass;org.apache.lucene.backward_codecs.lucene70.Lucene70DocValuesConsumer;java.lang.Class.getDeclaredConstructors0;;org.dacapo.harness.DacapoClassLoader;org.dacapo.harness.DacapoClassLoader
ClassLoader.loadClass;org.apache.lucene.backward_codecs.lucene70.Lucene70DocValuesFormat;java.lang.Class.forName0;;org.dacapo.harness.DacapoClassLoader;org.dacapo.harness.DacapoClassLoader
ClassLoader.loadClass;org.apache.lucene.backward_codecs.lucene70.Lucene70DocValuesProducer;java.lang.Class.getDeclaredConstructors0;;org.dacapo.harness.DacapoClassLoader;org.dacapo.harness.DacapoClassLoader
ClassLoader.loadClass;org.apache.lucene.backward_codecs.lucene70.Lucene70NormsFormat;java.lang.Class.getDeclaredConstructors0;;org.dacapo.harness.DacapoClassLoader;org.dacapo.harness.DacapoClassLoader
ClassLoader.loadClass;org.apache.lucene.backward_codecs.lucene70.Lucene70NormsProducer;org.apache.lucene.backward_codecs.lucene70.Lucene70Codec.<init>;134;org.dacapo.harness.DacapoClassLoader;org.dacapo.harness.DacapoClassLoader
ClassLoader.loadClass;org.apache.lucene.backward_codecs.lucene70.Lucene70SegmentInfoFormat;java.lang.Class.getDeclaredConstructors0;;org.dacapo.harness.DacapoClassLoader;org.dacapo.harness.DacapoClassLoader
ClassLoader.loadClass;org.apache.lucene.backward_codecs.lucene80.Lucene80Codec$1;java.lang.Class.getDeclaredConstructors0;;org.dacapo.harness.DacapoClassLoader;org.dacapo.harness.DacapoClassLoader
ClassLoader.loadClass;org.apache.lucene.backward_codecs.lucene80.Lucene80Codec$2;java.lang.Class.getDeclaredConstructors0;;org.dacapo.harness.DacapoClassLoader;org.dacapo.harness.DacapoClassLoader
ClassLoader.loadClass;org.apache.lucene.backward_codecs.lucene80.Lucene80Codec;java.lang.Class.forName0;;org.dacapo.harness.DacapoClassLoader;org.dacapo.harness.DacapoClassLoader
ClassLoader.loadClass;org.apache.lucene.backward_codecs.lucene80.Lucene80DocValuesConsumer;java.lang.Class.getDeclaredConstructors0;;org.dacapo.harness.DacapoClassLoader;org.dacapo.harness.DacapoClassLoader
ClassLoader.loadClass;org.apache.lucene.backward_codecs.lucene80.Lucene80DocValuesFormat$Mode;java.lang.Class.getDeclaredConstructors0;;org.dacapo.harness.DacapoClassLoader;org.dacapo.harness.DacapoClassLoader
ClassLoader.loadClass;org.apache.lucene.backward_codecs.lucene80.Lucene80DocValuesFormat;java.lang.Class.forName0;;org.dacapo.harness.DacapoClassLoader;org.dacapo.harness.DacapoClassLoader
ClassLoader.loadClass;org.apache.lucene.backward_codecs.lucene80.Lucene80DocValuesProducer;java.lang.Class.getDeclaredConstructors0;;org.dacapo.harness.DacapoClassLoader;org.dacapo.harness.DacapoClassLoader
ClassLoader.loadClass;org.apache.lucene.backward_codecs.lucene80.Lucene80NormsFormat;java.lang.Class.getDeclaredConstructors0;;org.dacapo.harness.DacapoClassLoader;org.dacapo.harness.DacapoClassLoader
ClassLoader.loadClass;org.apache.lucene.backward_codecs.lucene80.Lucene80NormsProducer;org.apache.lucene.backward_codecs.lucene80.Lucene80Codec.<init>;124;org.dacapo.harness.DacapoClassLoader;org.dacapo.harness.DacapoClassLoader
ClassLoader.loadClass;org.apache.lucene.backward_codecs.lucene84.Lucene84Codec$1;java.lang.Class.getDeclaredConstructors0;;org.dacapo.harness.DacapoClassLoader;org.dacapo.harness.DacapoClassLoader
ClassLoader.loadClass;org.apache.lucene.backward_codecs.lucene84.Lucene84Codec$2;java.lang.Class.getDeclaredConstructors0;;org.dacapo.harness.DacapoClassLoader;org.dacapo.harness.DacapoClassLoader
ClassLoader.loadClass;org.apache.lucene.backward_codecs.lucene84.Lucene84Codec;java.lang.Class.forName0;;org.dacapo.harness.DacapoClassLoader;org.dacapo.harness.DacapoClassLoader
ClassLoader.loadClass;org.apache.lucene.backward_codecs.lucene84.Lucene84PostingsFormat;java.lang.Class.getDeclaredConstructors0;;org.dacapo.harness.DacapoClassLoader;org.dacapo.harness.DacapoClassLoader
ClassLoader.loadClass;org.apache.lucene.backward_codecs.lucene84.Lucene84PostingsReader;org.apache.lucene.backward_codecs.lucene84.Lucene84Codec.<init>;93;org.dacapo.harness.DacapoClassLoader;org.dacapo.harness.DacapoClassLoader
ClassLoader.loadClass;org.apache.lucene.backward_codecs.lucene86.Lucene86Codec$1;java.lang.Class.getDeclaredConstructors0;;org.dacapo.harness.DacapoClassLoader;org.dacapo.harness.DacapoClassLoader
ClassLoader.loadClass;org.apache.lucene.backward_codecs.lucene86.Lucene86Codec$2;java.lang.Class.getDeclaredConstructors0;;org.dacapo.harness.DacapoClassLoader;org.dacapo.harness.DacapoClassLoader
ClassLoader.loadClass;org.apache.lucene.backward_codecs.lucene86.Lucene86Codec;java.lang.Class.forName0;;org.dacapo.harness.DacapoClassLoader;org.dacapo.harness.DacapoClassLoader
ClassLoader.loadClass;org.apache.lucene.backward_codecs.lucene86.Lucene86PointsFormat;java.lang.Class.getDeclaredConstructors0;;org.dacapo.harness.DacapoClassLoader;org.dacapo.harness.DacapoClassLoader
ClassLoader.loadClass;org.apache.lucene.backward_codecs.lucene86.Lucene86PointsReader;org.apache.lucene.backward_codecs.lucene86.Lucene86Codec.<init>;58;org.dacapo.harness.DacapoClassLoader;org.dacapo.harness.DacapoClassLoader
ClassLoader.loadClass;org.apache.lucene.backward_codecs.lucene86.Lucene86SegmentInfoFormat;java.lang.Class.getDeclaredConstructors0;;org.dacapo.harness.DacapoClassLoader;org.dacapo.harness.DacapoClassLoader
ClassLoader.loadClass;org.apache.lucene.backward_codecs.lucene87.DeflateWithPresetDictCompressionMode$DeflateWithPresetDictCompressor;org.apache.lucene.backward_codecs.lucene87.Lucene87StoredFieldsFormat.<clinit>;167;org.dacapo.harness.DacapoClassLoader;org.dacapo.harness.DacapoClassLoader
ClassLoader.loadClass;org.apache.lucene.backward_codecs.lucene87.DeflateWithPresetDictCompressionMode$DeflateWithPresetDictDecompressor;org.apache.lucene.backward_codecs.lucene87.Lucene87StoredFieldsFormat.<clinit>;167;org.dacapo.harness.DacapoClassLoader;org.dacapo.harness.DacapoClassLoader
ClassLoader.loadClass;org.apache.lucene.backward_codecs.lucene87.DeflateWithPresetDictCompressionMode;org.apache.lucene.backward_codecs.lucene87.Lucene87Codec.<init>;114;org.dacapo.harness.DacapoClassLoader;org.dacapo.harness.DacapoClassLoader
ClassLoader.loadClass;org.apache.lucene.backward_codecs.lucene87.LZ4WithPresetDictCompressionMode$LZ4WithPresetDictCompressor;org.apache.lucene.backward_codecs.lucene87.Lucene87StoredFieldsFormat.<clinit>;175;org.dacapo.harness.DacapoClassLoader;org.dacapo.harness.DacapoClassLoader
ClassLoader.loadClass;org.apache.lucene.backward_codecs.lucene87.LZ4WithPresetDictCompressionMode$LZ4WithPresetDictDecompressor;org.apache.lucene.backward_codecs.lucene87.Lucene87StoredFieldsFormat.<clinit>;175;org.dacapo.harness.DacapoClassLoader;org.dacapo.harness.DacapoClassLoader
ClassLoader.loadClass;org.apache.lucene.backward_codecs.lucene87.LZ4WithPresetDictCompressionMode;org.apache.lucene.backward_codecs.lucene87.Lucene87Codec.<init>;114;org.dacapo.harness.DacapoClassLoader;org.dacapo.harness.DacapoClassLoader
ClassLoader.loadClass;org.apache.lucene.backward_codecs.lucene87.Lucene87Codec$1;java.lang.Class.getDeclaredConstructors0;;org.dacapo.harness.DacapoClassLoader;org.dacapo.harness.DacapoClassLoader
ClassLoader.loadClass;org.apache.lucene.backward_codecs.lucene87.Lucene87Codec$2;java.lang.Class.getDeclaredConstructors0;;org.dacapo.harness.DacapoClassLoader;org.dacapo.harness.DacapoClassLoader
ClassLoader.loadClass;org.apache.lucene.backward_codecs.lucene87.Lucene87Codec$Mode;java.lang.Class.getDeclaredConstructors0;;org.dacapo.harness.DacapoClassLoader;org.dacapo.harness.DacapoClassLoader
ClassLoader.loadClass;org.apache.lucene.backward_codecs.lucene87.Lucene87Codec;java.lang.Class.forName0;;org.dacapo.harness.DacapoClassLoader;org.dacapo.harness.DacapoClassLoader
ClassLoader.loadClass;org.apache.lucene.backward_codecs.lucene87.Lucene87StoredFieldsFormat$Mode;org.apache.lucene.backward_codecs.lucene87.Lucene87Codec$Mode.<clinit>;59;org.dacapo.harness.DacapoClassLoader;org.dacapo.harness.DacapoClassLoader
ClassLoader.loadClass;org.apache.lucene.backward_codecs.lucene87.Lucene87StoredFieldsFormat;java.lang.Class.getDeclaredConstructors0;;org.dacapo.harness.DacapoClassLoader;org.dacapo.harness.DacapoClassLoader
ClassLoader.loadClass;org.apache.lucene.backward_codecs.lucene90.Lucene90Codec$1;java.lang.Class.getDeclaredConstructors0;;org.dacapo.harness.DacapoClassLoader;org.dacapo.harness.DacapoClassLoader
ClassLoader.loadClass;org.apache.lucene.backward_codecs.lucene90.Lucene90Codec$2;java.lang.Class.getDeclaredConstructors0;;org.dacapo.harness.DacapoClassLoader;org.dacapo.harness.DacapoClassLoader
ClassLoader.loadClass;org.apache.lucene.backward_codecs.lucene90.Lucene90Codec$3;java.lang.Class.getDeclaredConstructors0;;org.dacapo.harness.DacapoClassLoader;org.dacapo.harness.DacapoClassLoader
ClassLoader.loadClass;org.apache.lucene.backward_codecs.lucene90.Lucene90Codec$Mode;java.lang.Class.getDeclaredConstructors0;;org.dacapo.harness.DacapoClassLoader;org.dacapo.harness.DacapoClassLoader
ClassLoader.loadClass;org.apache.lucene.backward_codecs.lucene90.Lucene90Codec;java.lang.Class.forName0;;org.dacapo.harness.DacapoClassLoader;org.dacapo.harness.DacapoClassLoader
ClassLoader.loadClass;org.apache.lucene.backward_codecs.lucene90.Lucene90FieldInfosFormat;java.lang.Class.getDeclaredConstructors0;;org.dacapo.harness.DacapoClassLoader;org.dacapo.harness.DacapoClassLoader
ClassLoader.loadClass;org.apache.lucene.backward_codecs.lucene90.Lucene90HnswVectorsFormat;java.lang.Class.getDeclaredConstructors0;;org.dacapo.harness.DacapoClassLoader;org.dacapo.harness.DacapoClassLoader
ClassLoader.loadClass;org.apache.lucene.backward_codecs.lucene90.Lucene90HnswVectorsReader;org.apache.lucene.backward_codecs.lucene90.Lucene90Codec.<init>;122;org.dacapo.harness.DacapoClassLoader;org.dacapo.harness.DacapoClassLoader
ClassLoader.loadClass;org.apache.lucene.backward_codecs.lucene91.Lucene91Codec$1;java.lang.Class.getDeclaredConstructors0;;org.dacapo.harness.DacapoClassLoader;org.dacapo.harness.DacapoClassLoader
ClassLoader.loadClass;org.apache.lucene.backward_codecs.lucene91.Lucene91Codec$2;java.lang.Class.getDeclaredConstructors0;;org.dacapo.harness.DacapoClassLoader;org.dacapo.harness.DacapoClassLoader
ClassLoader.loadClass;org.apache.lucene.backward_codecs.lucene91.Lucene91Codec$3;java.lang.Class.getDeclaredConstructors0;;org.dacapo.harness.DacapoClassLoader;org.dacapo.harness.DacapoClassLoader
ClassLoader.loadClass;org.apache.lucene.backward_codecs.lucene91.Lucene91Codec$Mode;java.lang.Class.getDeclaredConstructors0;;org.dacapo.harness.DacapoClassLoader;org.dacapo.harness.DacapoClassLoader
ClassLoader.loadClass;org.apache.lucene.backward_codecs.lucene91.Lucene91Codec;java.lang.Class.forName0;;org.dacapo.harness.DacapoClassLoader;org.dacapo.harness.DacapoClassLoader
ClassLoader.loadClass;org.apache.lucene.backward_codecs.lucene91.Lucene91HnswVectorsFormat;java.lang.Class.getDeclaredConstructors0;;org.dacapo.harness.DacapoClassLoader;org.dacapo.harness.DacapoClassLoader
ClassLoader.loadClass;org.apache.lucene.backward_codecs.lucene91.Lucene91HnswVectorsReader;org.apache.lucene.backward_codecs.lucene91.Lucene91Codec.<init>;120;org.dacapo.harness.DacapoClassLoader;org.dacapo.harness.DacapoClassLoader
ClassLoader.loadClass;org.apache.lucene.backward_codecs.lucene92.Lucene92Codec$1;java.lang.Class.getDeclaredConstructors0;;org.dacapo.harness.DacapoClassLoader;org.dacapo.harness.DacapoClassLoader
ClassLoader.loadClass;org.apache.lucene.backward_codecs.lucene92.Lucene92Codec$2;java.lang.Class.getDeclaredConstructors0;;org.dacapo.harness.DacapoClassLoader;org.dacapo.harness.DacapoClassLoader
ClassLoader.loadClass;org.apache.lucene.backward_codecs.lucene92.Lucene92Codec$3;java.lang.Class.getDeclaredConstructors0;;org.dacapo.harness.DacapoClassLoader;org.dacapo.harness.DacapoClassLoader
ClassLoader.loadClass;org.apache.lucene.backward_codecs.lucene92.Lucene92Codec$Mode;java.lang.Class.getDeclaredConstructors0;;org.dacapo.harness.DacapoClassLoader;org.dacapo.harness.DacapoClassLoader
ClassLoader.loadClass;org.apache.lucene.backward_codecs.lucene92.Lucene92Codec;java.lang.Class.forName0;;org.dacapo.harness.DacapoClassLoader;org.dacapo.harness.DacapoClassLoader
ClassLoader.loadClass;org.apache.lucene.backward_codecs.lucene92.Lucene92HnswVectorsFormat;java.lang.Class.getDeclaredConstructors0;;org.dacapo.harness.DacapoClassLoader;org.dacapo.harness.DacapoClassLoader
ClassLoader.loadClass;org.apache.lucene.backward_codecs.lucene92.Lucene92HnswVectorsReader;org.apache.lucene.backward_codecs.lucene92.Lucene92Codec.<init>;123;org.dacapo.harness.DacapoClassLoader;org.dacapo.harness.DacapoClassLoader
ClassLoader.loadClass;org.apache.lucene.backward_codecs.lucene94.Lucene94Codec$1;java.lang.Class.getDeclaredConstructors0;;org.dacapo.harness.DacapoClassLoader;org.dacapo.harness.DacapoClassLoader
ClassLoader.loadClass;org.apache.lucene.backward_codecs.lucene94.Lucene94Codec$2;java.lang.Class.getDeclaredConstructors0;;org.dacapo.harness.DacapoClassLoader;org.dacapo.harness.DacapoClassLoader
ClassLoader.loadClass;org.apache.lucene.backward_codecs.lucene94.Lucene94Codec$3;java.lang.Class.getDeclaredConstructors0;;org.dacapo.harness.DacapoClassLoader;org.dacapo.harness.DacapoClassLoader
ClassLoader.loadClass;org.apache.lucene.backward_codecs.lucene94.Lucene94Codec$Mode;java.lang.Class.getDeclaredConstructors0;;org.dacapo.harness.DacapoClassLoader;org.dacapo.harness.DacapoClassLoader
ClassLoader.loadClass;org.apache.lucene.backward_codecs.lucene94.Lucene94Codec;java.lang.Class.forName0;;org.dacapo.harness.DacapoClassLoader;org.dacapo.harness.DacapoClassLoader
ClassLoader.loadClass;org.apache.lucene.backward_codecs.lucene94.Lucene94HnswVectorsFormat;java.lang.Class.getDeclaredConstructors0;;org.dacapo.harness.DacapoClassLoader;org.dacapo.harness.DacapoClassLoader
ClassLoader.loadClass;org.apache.lucene.backward_codecs.lucene94.Lucene94HnswVectorsReader;org.apache.lucene.backward_codecs.lucene94.Lucene94Codec.<init>;123;org.dacapo.harness.DacapoClassLoader;org.dacapo.harness.DacapoClassLoader
ClassLoader.loadClass;org.apache.lucene.codecs.BlockTermState;org.apache.lucene.codecs.lucene90.Lucene90PostingsFormat.fieldsConsumer;407;org.dacapo.harness.DacapoClassLoader;org.dacapo.harness.DacapoClassLoader
ClassLoader.loadClass;org.apache.lucene.codecs.Codec$Holder;org.apache.lucene.codecs.Codec.getDefault;141;org.dacapo.harness.DacapoClassLoader;org.dacapo.harness.DacapoClassLoader
ClassLoader.loadClass;org.apache.lucene.codecs.Codec;org.apache.lucene.index.LiveIndexWriterConfig.<init>;128;org.dacapo.harness.DacapoClassLoader;org.dacapo.harness.DacapoClassLoader
ClassLoader.loadClass;org.apache.lucene.codecs.CodecUtil;org.apache.lucene.codecs.lucene90.compressing.Lucene90CompressingStoredFieldsWriter.<init>;128;org.dacapo.harness.DacapoClassLoader;org.dacapo.harness.DacapoClassLoader
ClassLoader.loadClass;org.apache.lucene.codecs.CompetitiveImpactAccumulator$1;org.apache.lucene.codecs.CompetitiveImpactAccumulator.<init>;44;org.dacapo.harness.DacapoClassLoader;org.dacapo.harness.DacapoClassLoader
ClassLoader.loadClass;org.apache.lucene.codecs.CompetitiveImpactAccumulator;org.apache.lucene.codecs.lucene90.Lucene90PostingsWriter.<init>;97;org.dacapo.harness.DacapoClassLoader;org.dacapo.harness.DacapoClassLoader
ClassLoader.loadClass;org.apache.lucene.codecs.CompoundDirectory;java.lang.Class.forName0;;org.dacapo.harness.DacapoClassLoader;org.dacapo.harness.DacapoClassLoader
ClassLoader.loadClass;org.apache.lucene.codecs.CompoundFormat;java.lang.Class.getDeclaredConstructors0;;org.dacapo.harness.DacapoClassLoader;org.dacapo.harness.DacapoClassLoader
ClassLoader.loadClass;org.apache.lucene.codecs.DocValuesConsumer;org.apache.lucene.backward_codecs.lucene80.Lucene80Codec.<init>;62;org.dacapo.harness.DacapoClassLoader;org.dacapo.harness.DacapoClassLoader
ClassLoader.loadClass;org.apache.lucene.codecs.DocValuesFormat$Holder;org.apache.lucene.codecs.DocValuesFormat.forName;106;org.dacapo.harness.DacapoClassLoader;org.dacapo.harness.DacapoClassLoader
ClassLoader.loadClass;org.apache.lucene.codecs.DocValuesFormat;java.lang.Class.getDeclaredConstructors0;;org.dacapo.harness.DacapoClassLoader;org.dacapo.harness.DacapoClassLoader
ClassLoader.loadClass;org.apache.lucene.codecs.DocValuesProducer;java.lang.Class.forName0;;org.dacapo.harness.DacapoClassLoader;org.dacapo.harness.DacapoClassLoader
ClassLoader.loadClass;org.apache.lucene.codecs.FieldInfosFormat;java.lang.Class.getDeclaredConstructors0;;org.dacapo.harness.DacapoClassLoader;org.dacapo.harness.DacapoClassLoader
ClassLoader.loadClass;org.apache.lucene.codecs.FieldsConsumer;org.apache.lucene.backward_codecs.lucene80.Lucene80Codec.<init>;54;org.dacapo.harness.DacapoClassLoader;org.dacapo.harness.DacapoClassLoader
ClassLoader.loadClass;org.apache.lucene.codecs.FieldsProducer;org.apache.lucene.backward_codecs.lucene80.Lucene80Codec.<init>;54;org.dacapo.harness.DacapoClassLoader;org.dacapo.harness.DacapoClassLoader
ClassLoader.loadClass;org.apache.lucene.codecs.KnnVectorsFormat$1$1;org.apache.lucene.codecs.KnnVectorsFormat.<clinit>;83;org.dacapo.harness.DacapoClassLoader;org.dacapo.harness.DacapoClassLoader
ClassLoader.loadClass;org.apache.lucene.codecs.KnnVectorsFormat$1;org.apache.lucene.backward_codecs.lucene90.Lucene90Codec.<init>;96;org.dacapo.harness.DacapoClassLoader;org.dacapo.harness.DacapoClassLoader
ClassLoader.loadClass;org.apache.lucene.codecs.KnnVectorsFormat;java.lang.Class.getDeclaredConstructors0;;org.dacapo.harness.DacapoClassLoader;org.dacapo.harness.DacapoClassLoader
ClassLoader.loadClass;org.apache.lucene.codecs.KnnVectorsReader;org.apache.lucene.backward_codecs.lucene90.Lucene90Codec.<init>;96;org.dacapo.harness.DacapoClassLoader;org.dacapo.harness.DacapoClassLoader
ClassLoader.loadClass;org.apache.lucene.codecs.KnnVectorsWriter;org.apache.lucene.backward_codecs.lucene90.Lucene90Codec.<init>;96;org.dacapo.harness.DacapoClassLoader;org.dacapo.harness.DacapoClassLoader
ClassLoader.loadClass;org.apache.lucene.codecs.LiveDocsFormat;java.lang.Class.getDeclaredConstructors0;;org.dacapo.harness.DacapoClassLoader;org.dacapo.harness.DacapoClassLoader
ClassLoader.loadClass;org.apache.lucene.codecs.MultiLevelSkipListWriter;java.lang.ClassLoader.defineClass1;;org.dacapo.harness.DacapoClassLoader;org.dacapo.harness.DacapoClassLoader
ClassLoader.loadClass;org.apache.lucene.codecs.NormsConsumer$1$1;org.apache.lucene.codecs.NormsConsumer.mergeNormsField;106;org.dacapo.harness.DacapoClassLoader;org.dacapo.harness.DacapoClassLoader
ClassLoader.loadClass;org.apache.lucene.codecs.NormsConsumer$1;org.apache.lucene.codecs.lucene90.Lucene90NormsFormat.normsConsumer;90;org.dacapo.harness.DacapoClassLoader;org.dacapo.harness.DacapoClassLoader
ClassLoader.loadClass;org.apache.lucene.codecs.NormsConsumer$NumericDocValuesSub;org.apache.lucene.codecs.NormsConsumer$1.getNorms;128;org.dacapo.harness.DacapoClassLoader;org.dacapo.harness.DacapoClassLoader
ClassLoader.loadClass;org.apache.lucene.codecs.NormsConsumer;org.apache.lucene.backward_codecs.lucene90.Lucene90Codec.<init>;75;org.dacapo.harness.DacapoClassLoader;org.dacapo.harness.DacapoClassLoader
ClassLoader.loadClass;org.apache.lucene.codecs.NormsFormat;java.lang.Class.getDeclaredConstructors0;;org.dacapo.harness.DacapoClassLoader;org.dacapo.harness.DacapoClassLoader
ClassLoader.loadClass;org.apache.lucene.codecs.NormsProducer;org.apache.lucene.backward_codecs.lucene80.Lucene80Codec.<init>;124;org.dacapo.harness.DacapoClassLoader;org.dacapo.harness.DacapoClassLoader
ClassLoader.loadClass;org.apache.lucene.codecs.PointsFormat$1$1;org.apache.lucene.codecs.PointsFormat.<clinit>;47;org.dacapo.harness.DacapoClassLoader;org.dacapo.harness.DacapoClassLoader
ClassLoader.loadClass;org.apache.lucene.codecs.PointsFormat$1;org.apache.lucene.backward_codecs.lucene86.Lucene86Codec.<init>;58;org.dacapo.harness.DacapoClassLoader;org.dacapo.harness.DacapoClassLoader
ClassLoader.loadClass;org.apache.lucene.codecs.PointsFormat;java.lang.Class.getDeclaredConstructors0;;org.dacapo.harness.DacapoClassLoader;org.dacapo.harness.DacapoClassLoader
ClassLoader.loadClass;org.apache.lucene.codecs.PointsReader;org.apache.lucene.backward_codecs.lucene86.Lucene86Codec.<init>;58;org.dacapo.harness.DacapoClassLoader;org.dacapo.harness.DacapoClassLoader
ClassLoader.loadClass;org.apache.lucene.codecs.PostingsFormat$Holder;org.apache.lucene.codecs.PostingsFormat.forName;111;org.dacapo.harness.DacapoClassLoader;org.dacapo.harness.DacapoClassLoader
ClassLoader.loadClass;org.apache.lucene.codecs.PostingsFormat;java.lang.Class.getDeclaredConstructors0;;org.dacapo.harness.DacapoClassLoader;org.dacapo.harness.DacapoClassLoader
ClassLoader.loadClass;org.apache.lucene.codecs.PostingsReaderBase;org.apache.lucene.backward_codecs.lucene84.Lucene84Codec.<init>;93;org.dacapo.harness.DacapoClassLoader;org.dacapo.harness.DacapoClassLoader
ClassLoader.loadClass;org.apache.lucene.codecs.PostingsWriterBase;org.apache.lucene.backward_codecs.lucene90.Lucene90Codec.<init>;120;org.dacapo.harness.DacapoClassLoader;org.dacapo.harness.DacapoClassLoader
ClassLoader.loadClass;org.apache.lucene.codecs.PushPostingsWriterBase;java.lang.ClassLoader.defineClass1;;org.dacapo.harness.DacapoClassLoader;org.dacapo.harness.DacapoClassLoader
ClassLoader.loadClass;org.apache.lucene.codecs.SegmentInfoFormat;java.lang.Class.getDeclaredConstructors0;;org.dacapo.harness.DacapoClassLoader;org.dacapo.harness.DacapoClassLoader
ClassLoader.loadClass;org.apache.lucene.codecs.StoredFieldsFormat;java.lang.Class.getDeclaredConstructors0;;org.dacapo.harness.DacapoClassLoader;org.dacapo.harness.DacapoClassLoader
ClassLoader.loadClass;org.apache.lucene.codecs.StoredFieldsReader;java.lang.Class.forName0;;org.dacapo.harness.DacapoClassLoader;org.dacapo.harness.DacapoClassLoader
ClassLoader.loadClass;org.apache.lucene.codecs.StoredFieldsWriter$MergeVisitor;org.apache.lucene.codecs.lucene90.compressing.Lucene90CompressingStoredFieldsFormat.fieldsWriter;140;org.dacapo.harness.DacapoClassLoader;org.dacapo.harness.DacapoClassLoader
ClassLoader.loadClass;org.apache.lucene.codecs.StoredFieldsWriter;org.apache.lucene.codecs.lucene90.Lucene90StoredFieldsFormat.impl;160;org.dacapo.harness.DacapoClassLoader;org.dacapo.harness.DacapoClassLoader
ClassLoader.loadClass;org.apache.lucene.codecs.TermVectorsFormat;java.lang.Class.getDeclaredConstructors0;;org.dacapo.harness.DacapoClassLoader;org.dacapo.harness.DacapoClassLoader
ClassLoader.loadClass;org.apache.lucene.codecs.TermVectorsReader;java.lang.Class.forName0;;org.dacapo.harness.DacapoClassLoader;org.dacapo.harness.DacapoClassLoader
ClassLoader.loadClass;org.apache.lucene.codecs.TermVectorsWriter;org.apache.lucene.backward_codecs.lucene90.Lucene90Codec.<init>;70;org.dacapo.harness.DacapoClassLoader;org.dacapo.harness.DacapoClassLoader
ClassLoader.loadClass;org.apache.lucene.codecs.compressing.CompressionMode$1;org.apache.lucene.codecs.lucene90.Lucene90TermVectorsFormat.<init>;170;org.dacapo.harness.DacapoClassLoader;org.dacapo.harness.DacapoClassLoader
ClassLoader.loadClass;org.apache.lucene.codecs.compressing.CompressionMode$2;org.apache.lucene.codecs.lucene90.Lucene90TermVectorsFormat.<init>;170;org.dacapo.harness.DacapoClassLoader;org.dacapo.harness.DacapoClassLoader
ClassLoader.loadClass;org.apache.lucene.codecs.compressing.CompressionMode$3;org.apache.lucene.codecs.lucene90.Lucene90TermVectorsFormat.<init>;170;org.dacapo.harness.DacapoClassLoader;org.dacapo.harness.DacapoClassLoader
ClassLoader.loadClass;org.apache.lucene.codecs.compressing.CompressionMode$4;org.apache.lucene.codecs.lucene90.Lucene90TermVectorsFormat.<init>;170;org.dacapo.harness.DacapoClassLoader;org.dacapo.harness.DacapoClassLoader
ClassLoader.loadClass;org.apache.lucene.codecs.compressing.CompressionMode$DeflateCompressor;org.apache.lucene.codecs.compressing.CompressionMode.<clinit>;68;org.dacapo.harness.DacapoClassLoader;org.dacapo.harness.DacapoClassLoader
ClassLoader.loadClass;org.apache.lucene.codecs.compressing.CompressionMode$DeflateDecompressor;org.apache.lucene.codecs.compressing.CompressionMode.<clinit>;68;org.dacapo.harness.DacapoClassLoader;org.dacapo.harness.DacapoClassLoader
ClassLoader.loadClass;org.apache.lucene.codecs.compressing.CompressionMode$LZ4FastCompressor;org.apache.lucene.codecs.compressing.CompressionMode.<clinit>;44;org.dacapo.harness.DacapoClassLoader;org.dacapo.harness.DacapoClassLoader
ClassLoader.loadClass;org.apache.lucene.codecs.compressing.CompressionMode$LZ4HighCompressor;org.apache.lucene.codecs.compressing.CompressionMode.<clinit>;95;org.dacapo.harness.DacapoClassLoader;org.dacapo.harness.DacapoClassLoader
ClassLoader.loadClass;org.apache.lucene.codecs.compressing.CompressionMode;org.apache.lucene.codecs.lucene90.Lucene90TermVectorsFormat.<init>;170;org.dacapo.harness.DacapoClassLoader;org.dacapo.harness.DacapoClassLoader
ClassLoader.loadClass;org.apache.lucene.codecs.compressing.Compressor;org.apache.lucene.codecs.compressing.CompressionMode.<clinit>;44;org.dacapo.harness.DacapoClassLoader;org.dacapo.harness.DacapoClassLoader
ClassLoader.loadClass;org.apache.lucene.codecs.compressing.Decompressor;org.apache.lucene.codecs.lucene90.Lucene90TermVectorsFormat.<init>;170;org.dacapo.harness.DacapoClassLoader;org.dacapo.harness.DacapoClassLoader
ClassLoader.loadClass;org.apache.lucene.codecs.compressing.MatchingReaders;org.apache.lucene.codecs.lucene90.compressing.Lucene90CompressingStoredFieldsWriter.merge;590;org.dacapo.harness.DacapoClassLoader;org.dacapo.harness.DacapoClassLoader
ClassLoader.loadClass;org.apache.lucene.codecs.lucene90.DeflateWithPresetDictCompressionMode$DeflateWithPresetDictCompressor;org.apache.lucene.codecs.lucene90.Lucene90StoredFieldsFormat.<clinit>;178;org.dacapo.harness.DacapoClassLoader;org.dacapo.harness.DacapoClassLoader
ClassLoader.loadClass;org.apache.lucene.codecs.lucene90.DeflateWithPresetDictCompressionMode$DeflateWithPresetDictDecompressor;org.apache.lucene.codecs.lucene90.Lucene90StoredFieldsFormat.<clinit>;178;org.dacapo.harness.DacapoClassLoader;org.dacapo.harness.DacapoClassLoader
ClassLoader.loadClass;org.apache.lucene.codecs.lucene90.DeflateWithPresetDictCompressionMode;org.apache.lucene.backward_codecs.lucene90.Lucene90Codec.<init>;118;org.dacapo.harness.DacapoClassLoader;org.dacapo.harness.DacapoClassLoader
ClassLoader.loadClass;org.apache.lucene.codecs.lucene90.ForUtil;org.apache.lucene.codecs.lucene90.Lucene90PostingsWriter.<init>;113;org.dacapo.harness.DacapoClassLoader;org.dacapo.harness.DacapoClassLoader
ClassLoader.loadClass;org.apache.lucene.codecs.lucene90.LZ4WithPresetDictCompressionMode$LZ4WithPresetDictCompressor;org.apache.lucene.codecs.lucene90.Lucene90StoredFieldsFormat.<clinit>;185;org.dacapo.harness.DacapoClassLoader;org.dacapo.harness.DacapoClassLoader
ClassLoader.loadClass;org.apache.lucene.codecs.lucene90.LZ4WithPresetDictCompressionMode$LZ4WithPresetDictDecompressor;org.apache.lucene.codecs.lucene90.Lucene90StoredFieldsFormat.<clinit>;185;org.dacapo.harness.DacapoClassLoader;org.dacapo.harness.DacapoClassLoader
ClassLoader.loadClass;org.apache.lucene.codecs.lucene90.LZ4WithPresetDictCompressionMode;org.apache.lucene.backward_codecs.lucene90.Lucene90Codec.<init>;118;org.dacapo.harness.DacapoClassLoader;org.dacapo.harness.DacapoClassLoader
ClassLoader.loadClass;org.apache.lucene.codecs.lucene90.Lucene90CompoundFormat$SizedFile;org.apache.lucene.codecs.lucene90.Lucene90CompoundFormat.writeCompoundFile;135;org.dacapo.harness.DacapoClassLoader;org.dacapo.harness.DacapoClassLoader
ClassLoader.loadClass;org.apache.lucene.codecs.lucene90.Lucene90CompoundFormat$SizedFileQueue;org.apache.lucene.codecs.lucene90.Lucene90CompoundFormat.writeCompoundFile;133;org.dacapo.harness.DacapoClassLoader;org.dacapo.harness.DacapoClassLoader
ClassLoader.loadClass;org.apache.lucene.codecs.lucene90.Lucene90CompoundFormat;java.lang.Class.getDeclaredConstructors0;;org.dacapo.harness.DacapoClassLoader;org.dacapo.harness.DacapoClassLoader
ClassLoader.loadClass;org.apache.lucene.codecs.lucene90.Lucene90CompoundReader$FileEntry;org.apache.lucene.codecs.lucene90.Lucene90CompoundReader.readMapping;137;org.dacapo.harness.DacapoClassLoader;org.dacapo.harness.DacapoClassLoader
ClassLoader.loadClass;org.apache.lucene.codecs.lucene90.Lucene90CompoundReader;org.apache.lucene.backward_codecs.lucene90.Lucene90Codec.<init>;74;org.dacapo.harness.DacapoClassLoader;org.dacapo.harness.DacapoClassLoader
ClassLoader.loadClass;org.apache.lucene.codecs.lucene90.Lucene90DocValuesConsumer;java.lang.Class.getDeclaredConstructors0;;org.dacapo.harness.DacapoClassLoader;org.dacapo.harness.DacapoClassLoader
ClassLoader.loadClass;org.apache.lucene.codecs.lucene90.Lucene90DocValuesFormat;java.lang.Class.forName0;;org.dacapo.harness.DacapoClassLoader;org.dacapo.harness.DacapoClassLoader
ClassLoader.loadClass;org.apache.lucene.codecs.lucene90.Lucene90DocValuesProducer;java.lang.Class.getDeclaredConstructors0;;org.dacapo.harness.DacapoClassLoader;org.dacapo.harness.DacapoClassLoader
ClassLoader.loadClass;org.apache.lucene.codecs.lucene90.Lucene90LiveDocsFormat;java.lang.Class.getDeclaredConstructors0;;org.dacapo.harness.DacapoClassLoader;org.dacapo.harness.DacapoClassLoader
ClassLoader.loadClass;org.apache.lucene.codecs.lucene90.Lucene90NormsConsumer;org.apache.lucene.backward_codecs.lucene90.Lucene90Codec.<init>;75;org.dacapo.harness.DacapoClassLoader;org.dacapo.harness.DacapoClassLoader
ClassLoader.loadClass;org.apache.lucene.codecs.lucene90.Lucene90NormsFormat;java.lang.Class.getDeclaredConstructors0;;org.dacapo.harness.DacapoClassLoader;org.dacapo.harness.DacapoClassLoader
ClassLoader.loadClass;org.apache.lucene.codecs.lucene90.Lucene90NormsProducer$10;org.apache.lucene.codecs.lucene90.Lucene90NormsFormat.normsProducer;96;org.dacapo.harness.DacapoClassLoader;org.dacapo.harness.DacapoClassLoader
ClassLoader.loadClass;org.apache.lucene.codecs.lucene90.Lucene90NormsProducer$11;org.apache.lucene.codecs.lucene90.Lucene90NormsFormat.normsProducer;96;org.dacapo.harness.DacapoClassLoader;org.dacapo.harness.DacapoClassLoader
ClassLoader.loadClass;org.apache.lucene.codecs.lucene90.Lucene90NormsProducer$1;org.apache.lucene.codecs.lucene90.Lucene90NormsFormat.normsProducer;96;org.dacapo.harness.DacapoClassLoader;org.dacapo.harness.DacapoClassLoader
ClassLoader.loadClass;org.apache.lucene.codecs.lucene90.Lucene90NormsProducer$2;org.apache.lucene.codecs.lucene90.Lucene90NormsFormat.normsProducer;96;org.dacapo.harness.DacapoClassLoader;org.dacapo.harness.DacapoClassLoader
ClassLoader.loadClass;org.apache.lucene.codecs.lucene90.Lucene90NormsProducer$3;org.apache.lucene.codecs.lucene90.Lucene90NormsFormat.normsProducer;96;org.dacapo.harness.DacapoClassLoader;org.dacapo.harness.DacapoClassLoader
ClassLoader.loadClass;org.apache.lucene.codecs.lucene90.Lucene90NormsProducer$4;org.apache.lucene.codecs.lucene90.Lucene90NormsFormat.normsProducer;96;org.dacapo.harness.DacapoClassLoader;org.dacapo.harness.DacapoClassLoader
ClassLoader.loadClass;org.apache.lucene.codecs.lucene90.Lucene90NormsProducer$5;org.apache.lucene.codecs.lucene90.Lucene90NormsFormat.normsProducer;96;org.dacapo.harness.DacapoClassLoader;org.dacapo.harness.DacapoClassLoader
ClassLoader.loadClass;org.apache.lucene.codecs.lucene90.Lucene90NormsProducer$6;org.apache.lucene.codecs.lucene90.Lucene90NormsFormat.normsProducer;96;org.dacapo.harness.DacapoClassLoader;org.dacapo.harness.DacapoClassLoader
ClassLoader.loadClass;org.apache.lucene.codecs.lucene90.Lucene90NormsProducer$7;org.apache.lucene.codecs.lucene90.Lucene90NormsFormat.normsProducer;96;org.dacapo.harness.DacapoClassLoader;org.dacapo.harness.DacapoClassLoader
ClassLoader.loadClass;org.apache.lucene.codecs.lucene90.Lucene90NormsProducer$8;org.apache.lucene.codecs.lucene90.Lucene90NormsFormat.normsProducer;96;org.dacapo.harness.DacapoClassLoader;org.dacapo.harness.DacapoClassLoader
ClassLoader.loadClass;org.apache.lucene.codecs.lucene90.Lucene90NormsProducer$9;org.apache.lucene.codecs.lucene90.Lucene90NormsFormat.normsProducer;96;org.dacapo.harness.DacapoClassLoader;org.dacapo.harness.DacapoClassLoader
ClassLoader.loadClass;org.apache.lucene.codecs.lucene90.Lucene90NormsProducer$DenseNormsIterator;java.lang.ClassLoader.defineClass1;;org.dacapo.harness.DacapoClassLoader;org.dacapo.harness.DacapoClassLoader
ClassLoader.loadClass;org.apache.lucene.codecs.lucene90.Lucene90NormsProducer$NormsEntry;org.apache.lucene.codecs.lucene90.Lucene90NormsProducer.readFields;223;org.dacapo.harness.DacapoClassLoader;org.dacapo.harness.DacapoClassLoader
ClassLoader.loadClass;org.apache.lucene.codecs.lucene90.Lucene90NormsProducer$SparseNormsIterator;java.lang.ClassLoader.defineClass1;;org.dacapo.harness.DacapoClassLoader;org.dacapo.harness.DacapoClassLoader
ClassLoader.loadClass;org.apache.lucene.codecs.lucene90.Lucene90NormsProducer;org.apache.lucene.backward_codecs.lucene90.Lucene90Codec.<init>;75;org.dacapo.harness.DacapoClassLoader;org.dacapo.harness.DacapoClassLoader
ClassLoader.loadClass;org.apache.lucene.codecs.lucene90.Lucene90PointsFormat;java.lang.Class.getDeclaredConstructors0;;org.dacapo.harness.DacapoClassLoader;org.dacapo.harness.DacapoClassLoader
ClassLoader.loadClass;org.apache.lucene.codecs.lucene90.Lucene90PostingsFormat$IntBlockTermState;org.apache.lucene.codecs.lucene90.Lucene90PostingsFormat.fieldsConsumer;407;org.dacapo.harness.DacapoClassLoader;org.dacapo.harness.DacapoClassLoader
ClassLoader.loadClass;org.apache.lucene.codecs.lucene90.Lucene90PostingsFormat;java.lang.Class.getDeclaredConstructors0;;org.dacapo.harness.DacapoClassLoader;org.dacapo.harness.DacapoClassLoader
ClassLoader.loadClass;org.apache.lucene.codecs.lucene90.Lucene90PostingsReader$BlockDocsEnum;org.apache.lucene.codecs.lucene90.Lucene90PostingsReader.postings;258;org.dacapo.harness.DacapoClassLoader;org.dacapo.harness.DacapoClassLoader
ClassLoader.loadClass;org.apache.lucene.codecs.lucene90.Lucene90PostingsReader$BlockImpactsDocsEnum;org.apache.lucene.codecs.lucene90.Lucene90PostingsFormat.fieldsProducer;424;org.dacapo.harness.DacapoClassLoader;org.dacapo.harness.DacapoClassLoader
ClassLoader.loadClass;org.apache.lucene.codecs.lucene90.Lucene90PostingsReader$BlockImpactsEverythingEnum;org.apache.lucene.codecs.lucene90.Lucene90PostingsFormat.fieldsProducer;424;org.dacapo.harness.DacapoClassLoader;org.dacapo.harness.DacapoClassLoader
ClassLoader.loadClass;org.apache.lucene.codecs.lucene90.Lucene90PostingsReader$BlockImpactsPostingsEnum;org.apache.lucene.codecs.lucene90.Lucene90PostingsFormat.fieldsProducer;424;org.dacapo.harness.DacapoClassLoader;org.dacapo.harness.DacapoClassLoader
ClassLoader.loadClass;org.apache.lucene.codecs.lucene90.Lucene90PostingsReader$EverythingEnum;org.apache.lucene.codecs.lucene90.Lucene90PostingsFormat.fieldsProducer;424;org.dacapo.harness.DacapoClassLoader;org.dacapo.harness.DacapoClassLoader
ClassLoader.loadClass;org.apache.lucene.codecs.lucene90.Lucene90PostingsReader;org.apache.lucene.backward_codecs.lucene90.Lucene90Codec.<init>;120;org.dacapo.harness.DacapoClassLoader;org.dacapo.harness.DacapoClassLoader
ClassLoader.loadClass;org.apache.lucene.codecs.lucene90.Lucene90PostingsWriter;org.apache.lucene.backward_codecs.lucene90.Lucene90Codec.<init>;120;org.dacapo.harness.DacapoClassLoader;org.dacapo.harness.DacapoClassLoader
ClassLoader.loadClass;org.apache.lucene.codecs.lucene90.Lucene90SegmentInfoFormat;java.lang.Class.getDeclaredConstructors0;;org.dacapo.harness.DacapoClassLoader;org.dacapo.harness.DacapoClassLoader
ClassLoader.loadClass;org.apache.lucene.codecs.lucene90.Lucene90SkipWriter;org.apache.lucene.codecs.lucene90.Lucene90PostingsWriter.<init>;169;org.dacapo.harness.DacapoClassLoader;org.dacapo.harness.DacapoClassLoader
ClassLoader.loadClass;org.apache.lucene.codecs.lucene90.Lucene90StoredFieldsFormat$1;org.apache.lucene.codecs.lucene90.Lucene90StoredFieldsFormat.impl;158;org.dacapo.harness.DacapoClassLoader;org.dacapo.harness.DacapoClassLoader
ClassLoader.loadClass;org.apache.lucene.codecs.lucene90.Lucene90StoredFieldsFormat$Mode;org.apache.lucene.backward_codecs.lucene90.Lucene90Codec$Mode.<clinit>;59;org.dacapo.harness.DacapoClassLoader;org.dacapo.harness.DacapoClassLoader
ClassLoader.loadClass;org.apache.lucene.codecs.lucene90.Lucene90StoredFieldsFormat;java.lang.Class.getDeclaredConstructors0;;org.dacapo.harness.DacapoClassLoader;org.dacapo.harness.DacapoClassLoader
ClassLoader.loadClass;org.apache.lucene.codecs.lucene90.Lucene90TermVectorsFormat;java.lang.Class.getDeclaredConstructors0;;org.dacapo.harness.DacapoClassLoader;org.dacapo.harness.DacapoClassLoader
ClassLoader.loadClass;org.apache.lucene.codecs.lucene90.PForUtil;org.apache.lucene.codecs.lucene90.Lucene90PostingsWriter.<init>;113;org.dacapo.harness.DacapoClassLoader;org.dacapo.harness.DacapoClassLoader
ClassLoader.loadClass;org.apache.lucene.codecs.lucene90.blocktree.CompressionAlgorithm$1;org.apache.lucene.codecs.lucene90.blocktree.Lucene90BlockTreeTermsWriter$TermsWriter.writeBlock;921;org.dacapo.harness.DacapoClassLoader;org.dacapo.harness.DacapoClassLoader
ClassLoader.loadClass;org.apache.lucene.codecs.lucene90.blocktree.CompressionAlgorithm$2;org.apache.lucene.codecs.lucene90.blocktree.Lucene90BlockTreeTermsWriter$TermsWriter.writeBlock;921;org.dacapo.harness.DacapoClassLoader;org.dacapo.harness.DacapoClassLoader
ClassLoader.loadClass;org.apache.lucene.codecs.lucene90.blocktree.CompressionAlgorithm$3;org.apache.lucene.codecs.lucene90.blocktree.Lucene90BlockTreeTermsWriter$TermsWriter.writeBlock;921;org.dacapo.harness.DacapoClassLoader;org.dacapo.harness.DacapoClassLoader
ClassLoader.loadClass;org.apache.lucene.codecs.lucene90.blocktree.CompressionAlgorithm;org.apache.lucene.codecs.lucene90.blocktree.Lucene90BlockTreeTermsWriter$TermsWriter.writeBlock;921;org.dacapo.harness.DacapoClassLoader;org.dacapo.harness.DacapoClassLoader
ClassLoader.loadClass;org.apache.lucene.codecs.lucene90.blocktree.FieldReader;org.apache.lucene.codecs.lucene90.blocktree.Lucene90BlockTreeTermsReader.<init>;208;org.dacapo.harness.DacapoClassLoader;org.dacapo.harness.DacapoClassLoader
ClassLoader.loadClass;org.apache.lucene.codecs.lucene90.blocktree.IntersectTermsEnum;org.apache.lucene.codecs.lucene90.blocktree.Lucene90BlockTreeTermsReader.<init>;208;org.dacapo.harness.DacapoClassLoader;org.dacapo.harness.DacapoClassLoader
ClassLoader.loadClass;org.apache.lucene.codecs.lucene90.blocktree.Lucene90BlockTreeTermsReader;org.apache.lucene.backward_codecs.lucene90.Lucene90Codec.<init>;120;org.dacapo.harness.DacapoClassLoader;org.dacapo.harness.DacapoClassLoader
ClassLoader.loadClass;org.apache.lucene.codecs.lucene90.blocktree.Lucene90BlockTreeTermsWriter$PendingBlock;org.apache.lucene.codecs.lucene90.blocktree.Lucene90BlockTreeTermsWriter$TermsWriter.writeBlock;1004;org.dacapo.harness.DacapoClassLoader;org.dacapo.harness.DacapoClassLoader
ClassLoader.loadClass;org.apache.lucene.codecs.lucene90.blocktree.Lucene90BlockTreeTermsWriter$PendingEntry;java.lang.ClassLoader.defineClass1;;org.dacapo.harness.DacapoClassLoader;org.dacapo.harness.DacapoClassLoader
ClassLoader.loadClass;org.apache.lucene.codecs.lucene90.blocktree.Lucene90BlockTreeTermsWriter$PendingTerm;org.apache.lucene.codecs.lucene90.blocktree.Lucene90BlockTreeTermsWriter$TermsWriter.write;1033;org.dacapo.harness.DacapoClassLoader;org.dacapo.harness.DacapoClassLoader
ClassLoader.loadClass;org.apache.lucene.codecs.lucene90.blocktree.Lucene90BlockTreeTermsWriter$StatsWriter;org.apache.lucene.codecs.lucene90.blocktree.Lucene90BlockTreeTermsWriter$TermsWriter.writeBlock;808;org.dacapo.harness.DacapoClassLoader;org.dacapo.harness.DacapoClassLoader
ClassLoader.loadClass;org.apache.lucene.codecs.lucene90.blocktree.Lucene90BlockTreeTermsWriter$TermsWriter;org.apache.lucene.codecs.lucene90.blocktree.Lucene90BlockTreeTermsWriter.write;356;org.dacapo.harness.DacapoClassLoader;org.dacapo.harness.DacapoClassLoader
ClassLoader.loadClass;org.apache.lucene.codecs.lucene90.blocktree.Lucene90BlockTreeTermsWriter;org.apache.lucene.backward_codecs.lucene90.Lucene90Codec.<init>;120;org.dacapo.harness.DacapoClassLoader;org.dacapo.harness.DacapoClassLoader
ClassLoader.loadClass;org.apache.lucene.codecs.lucene90.blocktree.SegmentTermsEnum;org.apache.lucene.codecs.lucene90.blocktree.Lucene90BlockTreeTermsReader.<init>;208;org.dacapo.harness.DacapoClassLoader;org.dacapo.harness.DacapoClassLoader
ClassLoader.loadClass;org.apache.lucene.codecs.lucene90.blocktree.SegmentTermsEnumFrame;org.apache.lucene.codecs.lucene90.blocktree.SegmentTermsEnum.<init>;73;org.dacapo.harness.DacapoClassLoader;org.dacapo.harness.DacapoClassLoader
ClassLoader.loadClass;org.apache.lucene.codecs.lucene90.compressing.FieldsIndex;org.apache.lucene.codecs.lucene90.compressing.Lucene90CompressingStoredFieldsFormat.fieldsReader;133;org.dacapo.harness.DacapoClassLoader;org.dacapo.harness.DacapoClassLoader
ClassLoader.loadClass;org.apache.lucene.codecs.lucene90.compressing.FieldsIndexReader;org.apache.lucene.codecs.lucene90.compressing.Lucene90CompressingStoredFieldsFormat.fieldsReader;133;org.dacapo.harness.DacapoClassLoader;org.dacapo.harness.DacapoClassLoader
ClassLoader.loadClass;org.apache.lucene.codecs.lucene90.compressing.FieldsIndexWriter;org.apache.lucene.codecs.lucene90.compressing.Lucene90CompressingStoredFieldsWriter.<init>;141;org.dacapo.harness.DacapoClassLoader;org.dacapo.harness.DacapoClassLoader
ClassLoader.loadClass;org.apache.lucene.codecs.lucene90.compressing.Lucene90CompressingStoredFieldsFormat;org.apache.lucene.backward_codecs.lucene90.Lucene90Codec.<init>;118;org.dacapo.harness.DacapoClassLoader;org.dacapo.harness.DacapoClassLoader
ClassLoader.loadClass;org.apache.lucene.codecs.lucene90.compressing.Lucene90CompressingStoredFieldsReader$BlockState$1;org.apache.lucene.codecs.lucene90.compressing.Lucene90CompressingStoredFieldsReader.<init>;153;org.dacapo.harness.DacapoClassLoader;org.dacapo.harness.DacapoClassLoader
ClassLoader.loadClass;org.apache.lucene.codecs.lucene90.compressing.Lucene90CompressingStoredFieldsReader$BlockState;org.apache.lucene.codecs.lucene90.compressing.Lucene90CompressingStoredFieldsReader.<init>;153;org.dacapo.harness.DacapoClassLoader;org.dacapo.harness.DacapoClassLoader
ClassLoader.loadClass;org.apache.lucene.codecs.lucene90.compressing.Lucene90CompressingStoredFieldsReader;org.apache.lucene.codecs.lucene90.Lucene90StoredFieldsFormat.impl;160;org.dacapo.harness.DacapoClassLoader;org.dacapo.harness.DacapoClassLoader
ClassLoader.loadClass;org.apache.lucene.codecs.lucene90.compressing.Lucene90CompressingStoredFieldsWriter$CompressingStoredFieldsMergeSub;org.apache.lucene.codecs.lucene90.compressing.Lucene90CompressingStoredFieldsWriter.merge;601;org.dacapo.harness.DacapoClassLoader;org.dacapo.harness.DacapoClassLoader
ClassLoader.loadClass;org.apache.lucene.codecs.lucene90.compressing.Lucene90CompressingStoredFieldsWriter$MergeStrategy;org.apache.lucene.codecs.lucene90.compressing.Lucene90CompressingStoredFieldsWriter.getMergeStrategy;682;org.dacapo.harness.DacapoClassLoader;org.dacapo.harness.DacapoClassLoader
ClassLoader.loadClass;org.apache.lucene.codecs.lucene90.compressing.Lucene90CompressingStoredFieldsWriter;org.apache.lucene.codecs.lucene90.Lucene90StoredFieldsFormat.impl;160;org.dacapo.harness.DacapoClassLoader;org.dacapo.harness.DacapoClassLoader
ClassLoader.loadClass;org.apache.lucene.codecs.lucene90.compressing.Lucene90CompressingTermVectorsFormat;java.lang.ClassLoader.defineClass1;;org.dacapo.harness.DacapoClassLoader;org.dacapo.harness.DacapoClassLoader
ClassLoader.loadClass;org.apache.lucene.codecs.lucene90.compressing.Lucene90CompressingTermVectorsReader;org.apache.lucene.backward_codecs.lucene90.Lucene90Codec.<init>;70;org.dacapo.harness.DacapoClassLoader;org.dacapo.harness.DacapoClassLoader
ClassLoader.loadClass;org.apache.lucene.codecs.lucene90.compressing.Lucene90CompressingTermVectorsWriter;org.apache.lucene.backward_codecs.lucene90.Lucene90Codec.<init>;70;org.dacapo.harness.DacapoClassLoader;org.dacapo.harness.DacapoClassLoader
ClassLoader.loadClass;org.apache.lucene.codecs.lucene90.compressing.StoredFieldsInts;org.apache.lucene.codecs.lucene90.compressing.Lucene90CompressingStoredFieldsWriter.saveInts;199;org.dacapo.harness.DacapoClassLoader;org.dacapo.harness.DacapoClassLoader
ClassLoader.loadClass;org.apache.lucene.codecs.lucene94.Lucene94FieldInfosFormat$1;org.apache.lucene.codecs.lucene94.Lucene94FieldInfosFormat.indexOptionsByte;287;org.dacapo.harness.DacapoClassLoader;org.dacapo.harness.DacapoClassLoader
ClassLoader.loadClass;org.apache.lucene.codecs.lucene94.Lucene94FieldInfosFormat;java.lang.Class.getDeclaredConstructors0;;org.dacapo.harness.DacapoClassLoader;org.dacapo.harness.DacapoClassLoader
ClassLoader.loadClass;org.apache.lucene.codecs.lucene95.Lucene95Codec$1;java.lang.Class.getDeclaredConstructors0;;org.dacapo.harness.DacapoClassLoader;org.dacapo.harness.DacapoClassLoader
ClassLoader.loadClass;org.apache.lucene.codecs.lucene95.Lucene95Codec$2;java.lang.Class.getDeclaredConstructors0;;org.dacapo.harness.DacapoClassLoader;org.dacapo.harness.DacapoClassLoader
ClassLoader.loadClass;org.apache.lucene.codecs.lucene95.Lucene95Codec$3;java.lang.Class.getDeclaredConstructors0;;org.dacapo.harness.DacapoClassLoader;org.dacapo.harness.DacapoClassLoader
ClassLoader.loadClass;org.apache.lucene.codecs.lucene95.Lucene95Codec$Mode;java.lang.Class.getDeclaredConstructors0;;org.dacapo.harness.DacapoClassLoader;org.dacapo.harness.DacapoClassLoader
ClassLoader.loadClass;org.apache.lucene.codecs.lucene95.Lucene95Codec;java.lang.Class.forName0;;org.dacapo.harness.DacapoClassLoader;org.dacapo.harness.DacapoClassLoader
ClassLoader.loadClass;org.apache.lucene.codecs.lucene95.Lucene95HnswVectorsFormat;java.lang.Class.getDeclaredConstructors0;;org.dacapo.harness.DacapoClassLoader;org.dacapo.harness.DacapoClassLoader
ClassLoader.loadClass;org.apache.lucene.codecs.lucene95.Lucene95HnswVectorsReader;org.apache.lucene.codecs.lucene95.Lucene95Codec.<init>;123;org.dacapo.harness.DacapoClassLoader;org.dacapo.harness.DacapoClassLoader
ClassLoader.loadClass;org.apache.lucene.codecs.lucene95.Lucene95HnswVectorsWriter;org.apache.lucene.codecs.lucene95.Lucene95Codec.<init>;123;org.dacapo.harness.DacapoClassLoader;org.dacapo.harness.DacapoClassLoader
ClassLoader.loadClass;org.apache.lucene.codecs.perfield.PerFieldDocValuesFormat$FieldsReader;org.apache.lucene.backward_codecs.lucene80.Lucene80Codec.<init>;62;org.dacapo.harness.DacapoClassLoader;org.dacapo.harness.DacapoClassLoader
ClassLoader.loadClass;org.apache.lucene.codecs.perfield.PerFieldDocValuesFormat$FieldsWriter;org.apache.lucene.backward_codecs.lucene80.Lucene80Codec.<init>;62;org.dacapo.harness.DacapoClassLoader;org.dacapo.harness.DacapoClassLoader
ClassLoader.loadClass;org.apache.lucene.codecs.perfield.PerFieldDocValuesFormat;java.lang.ClassLoader.defineClass1;;org.dacapo.harness.DacapoClassLoader;org.dacapo.harness.DacapoClassLoader
ClassLoader.loadClass;org.apache.lucene.codecs.perfield.PerFieldKnnVectorsFormat$FieldsReader;org.apache.lucene.backward_codecs.lucene90.Lucene90Codec.<init>;96;org.dacapo.harness.DacapoClassLoader;org.dacapo.harness.DacapoClassLoader
ClassLoader.loadClass;org.apache.lucene.codecs.perfield.PerFieldKnnVectorsFormat$FieldsWriter;org.apache.lucene.backward_codecs.lucene90.Lucene90Codec.<init>;96;org.dacapo.harness.DacapoClassLoader;org.dacapo.harness.DacapoClassLoader
ClassLoader.loadClass;org.apache.lucene.codecs.perfield.PerFieldKnnVectorsFormat;java.lang.ClassLoader.defineClass1;;org.dacapo.harness.DacapoClassLoader;org.dacapo.harness.DacapoClassLoader
ClassLoader.loadClass;org.apache.lucene.codecs.perfield.PerFieldMergeState$FilterFieldInfos;org.apache.lucene.codecs.perfield.PerFieldPostingsFormat$FieldsWriter.merge;196;org.dacapo.harness.DacapoClassLoader;org.dacapo.harness.DacapoClassLoader
ClassLoader.loadClass;org.apache.lucene.codecs.perfield.PerFieldMergeState$FilterFieldsProducer;org.apache.lucene.codecs.perfield.PerFieldPostingsFormat$FieldsWriter.merge;196;org.dacapo.harness.DacapoClassLoader;org.dacapo.harness.DacapoClassLoader
ClassLoader.loadClass;org.apache.lucene.codecs.perfield.PerFieldMergeState;org.apache.lucene.codecs.perfield.PerFieldPostingsFormat$FieldsWriter.merge;196;org.dacapo.harness.DacapoClassLoader;org.dacapo.harness.DacapoClassLoader
ClassLoader.loadClass;org.apache.lucene.codecs.perfield.PerFieldPostingsFormat$FieldsGroup$Builder;org.apache.lucene.codecs.perfield.PerFieldPostingsFormat$FieldsWriter.buildFieldsGroupMapping;252;org.dacapo.harness.DacapoClassLoader;org.dacapo.harness.DacapoClassLoader
ClassLoader.loadClass;org.apache.lucene.codecs.perfield.PerFieldPostingsFormat$FieldsGroup;java.lang.Class.getDeclaringClass0;;org.dacapo.harness.DacapoClassLoader;org.dacapo.harness.DacapoClassLoader
ClassLoader.loadClass;org.apache.lucene.codecs.perfield.PerFieldPostingsFormat$FieldsReader;org.apache.lucene.backward_codecs.lucene80.Lucene80Codec.<init>;54;org.dacapo.harness.DacapoClassLoader;org.dacapo.harness.DacapoClassLoader
ClassLoader.loadClass;org.apache.lucene.codecs.perfield.PerFieldPostingsFormat$FieldsWriter$1;org.apache.lucene.codecs.perfield.PerFieldPostingsFormat.fieldsConsumer;387;org.dacapo.harness.DacapoClassLoader;org.dacapo.harness.DacapoClassLoader
ClassLoader.loadClass;org.apache.lucene.codecs.perfield.PerFieldPostingsFormat$FieldsWriter;org.apache.lucene.backward_codecs.lucene80.Lucene80Codec.<init>;54;org.dacapo.harness.DacapoClassLoader;org.dacapo.harness.DacapoClassLoader
ClassLoader.loadClass;org.apache.lucene.codecs.perfield.PerFieldPostingsFormat;java.lang.ClassLoader.defineClass1;;org.dacapo.harness.DacapoClassLoader;org.dacapo.harness.DacapoClassLoader
ClassLoader.loadClass;org.apache.lucene.document.Document;org.dacapo.luindex.Index.getLuceneDocFromLine;140;org.dacapo.harness.DacapoClassLoader;org.dacapo.harness.DacapoClassLoader
ClassLoader.loadClass;org.apache.lucene.document.DocumentStoredFieldVisitor;java.lang.Class.forName0;;org.dacapo.harness.DacapoClassLoader;org.dacapo.harness.DacapoClassLoader
ClassLoader.loadClass;org.apache.lucene.document.Field$BinaryTokenStream;org.dacapo.luindex.Index.getLuceneDocFromLine;155;org.dacapo.harness.DacapoClassLoader;org.dacapo.harness.DacapoClassLoader
ClassLoader.loadClass;org.apache.lucene.document.Field$StringTokenStream;org.dacapo.luindex.Index.getLuceneDocFromLine;155;org.dacapo.harness.DacapoClassLoader;org.dacapo.harness.DacapoClassLoader
ClassLoader.loadClass;org.apache.lucene.document.Field;org.dacapo.luindex.Index.getLuceneDocFromLine;155;org.dacapo.harness.DacapoClassLoader;org.dacapo.harness.DacapoClassLoader
ClassLoader.loadClass;org.apache.lucene.document.FieldType;org.dacapo.luindex.Index.getLuceneDocFromLine;141;org.dacapo.harness.DacapoClassLoader;org.dacapo.harness.DacapoClassLoader
ClassLoader.loadClass;org.apache.lucene.document.InvertableType;org.apache.lucene.index.IndexingChain$3.<clinit>;1121;org.dacapo.harness.DacapoClassLoader;org.dacapo.harness.DacapoClassLoader
ClassLoader.loadClass;org.apache.lucene.document.StoredValue$Type;org.apache.lucene.document.StoredValue.<init>;86;org.dacapo.harness.DacapoClassLoader;org.dacapo.harness.DacapoClassLoader
ClassLoader.loadClass;org.apache.lucene.document.StoredValue;org.apache.lucene.document.Field.storedValue;617;org.dacapo.harness.DacapoClassLoader;org.dacapo.harness.DacapoClassLoader
ClassLoader.loadClass;org.apache.lucene.index.ApproximatePriorityQueue;org.apache.lucene.index.ConcurrentApproximatePriorityQueue.<init>;65;org.dacapo.harness.DacapoClassLoader;org.dacapo.harness.DacapoClassLoader
ClassLoader.loadClass;org.apache.lucene.index.AutomatonTermsEnum;org.apache.lucene.index.FreqProxFields.terms;51;org.dacapo.harness.DacapoClassLoader;org.dacapo.harness.DacapoClassLoader
ClassLoader.loadClass;org.apache.lucene.index.BaseCompositeReader$1;org.apache.lucene.index.IndexWriter.<init>;959;org.dacapo.harness.DacapoClassLoader;org.dacapo.harness.DacapoClassLoader
ClassLoader.loadClass;org.apache.lucene.index.BaseCompositeReader$2;org.apache.lucene.index.IndexWriter.<init>;959;org.dacapo.harness.DacapoClassLoader;org.dacapo.harness.DacapoClassLoader
ClassLoader.loadClass;org.apache.lucene.index.BaseCompositeReader;java.lang.ClassLoader.defineClass1;;org.dacapo.harness.DacapoClassLoader;org.dacapo.harness.DacapoClassLoader
ClassLoader.loadClass;org.apache.lucene.index.BaseTermsEnum$1;org.apache.lucene.index.FreqProxFields$FreqProxTerms.iterator;68;org.dacapo.harness.DacapoClassLoader;org.dacapo.harness.DacapoClassLoader
ClassLoader.loadClass;org.apache.lucene.index.BaseTermsEnum;java.lang.ClassLoader.defineClass1;;org.dacapo.harness.DacapoClassLoader;org.dacapo.harness.DacapoClassLoader
ClassLoader.loadClass;org.apache.lucene.index.BinaryDocValuesFieldUpdates;java.lang.Class.forName0;;org.dacapo.harness.DacapoClassLoader;org.dacapo.harness.DacapoClassLoader
ClassLoader.loadClass;org.apache.lucene.index.BinaryDocValuesWriter;org.apache.lucene.index.DocumentsWriterPerThread.<init>;183;org.dacapo.harness.DacapoClassLoader;org.dacapo.harness.DacapoClassLoader
ClassLoader.loadClass;org.apache.lucene.index.BufferedUpdates;org.apache.lucene.index.DocumentsWriterDeleteQueue.<init>;108;org.dacapo.harness.DacapoClassLoader;org.dacapo.harness.DacapoClassLoader
ClassLoader.loadClass;org.apache.lucene.index.BufferedUpdatesStream$FinishedSegments;org.apache.lucene.index.BufferedUpdatesStream.<init>;63;org.dacapo.harness.DacapoClassLoader;org.dacapo.harness.DacapoClassLoader
ClassLoader.loadClass;org.apache.lucene.index.BufferedUpdatesStream;org.apache.lucene.index.IndexWriter.<init>;1122;org.dacapo.harness.DacapoClassLoader;org.dacapo.harness.DacapoClassLoader
ClassLoader.loadClass;org.apache.lucene.index.ByteSliceReader;org.apache.lucene.index.TermVectorsConsumer.<init>;47;org.dacapo.harness.DacapoClassLoader;org.dacapo.harness.DacapoClassLoader
ClassLoader.loadClass;org.apache.lucene.index.CachingMergeContext;org.apache.lucene.index.IndexWriter.updatePendingMerges;2332;org.dacapo.harness.DacapoClassLoader;org.dacapo.harness.DacapoClassLoader
ClassLoader.loadClass;org.apache.lucene.index.CodecReader$1;java.lang.Class.forName0;;org.dacapo.harness.DacapoClassLoader;org.dacapo.harness.DacapoClassLoader
ClassLoader.loadClass;org.apache.lucene.index.CodecReader;java.lang.ClassLoader.defineClass1;;org.dacapo.harness.DacapoClassLoader;org.dacapo.harness.DacapoClassLoader
ClassLoader.loadClass;org.apache.lucene.index.CompositeReader;java.lang.ClassLoader.defineClass1;;org.dacapo.harness.DacapoClassLoader;org.dacapo.harness.DacapoClassLoader
ClassLoader.loadClass;org.apache.lucene.index.CompositeReaderContext;org.apache.lucene.index.IndexWriter.<init>;959;org.dacapo.harness.DacapoClassLoader;org.dacapo.harness.DacapoClassLoader
ClassLoader.loadClass;org.apache.lucene.index.ConcurrentApproximatePriorityQueue;org.apache.lucene.index.DocumentsWriterPerThreadPool.<init>;47;org.dacapo.harness.DacapoClassLoader;org.dacapo.harness.DacapoClassLoader
ClassLoader.loadClass;org.apache.lucene.index.ConcurrentMergeScheduler$1;org.apache.lucene.index.LiveIndexWriterConfig.<init>;127;org.dacapo.harness.DacapoClassLoader;org.dacapo.harness.DacapoClassLoader
ClassLoader.loadClass;org.apache.lucene.index.ConcurrentMergeScheduler$2;org.apache.lucene.index.ConcurrentMergeScheduler.<clinit>;905;org.dacapo.harness.DacapoClassLoader;org.dacapo.harness.DacapoClassLoader
ClassLoader.loadClass;org.apache.lucene.index.ConcurrentMergeScheduler$MergeThread;org.apache.lucene.index.ConcurrentMergeScheduler.getMergeThread;645;org.dacapo.harness.DacapoClassLoader;org.dacapo.harness.DacapoClassLoader
ClassLoader.loadClass;org.apache.lucene.index.ConcurrentMergeScheduler;org.dacapo.luindex.Index.indexLineDoc;104;org.dacapo.harness.DacapoClassLoader;org.dacapo.harness.DacapoClassLoader
ClassLoader.loadClass;org.apache.lucene.index.CorruptIndexException;org.apache.lucene.backward_codecs.compressing.CompressionMode.<clinit>;122;org.dacapo.harness.DacapoClassLoader;org.dacapo.harness.DacapoClassLoader
ClassLoader.loadClass;org.apache.lucene.index.DirectoryReader;java.lang.Class.forName0;;org.dacapo.harness.DacapoClassLoader;org.dacapo.harness.DacapoClassLoader
ClassLoader.loadClass;org.apache.lucene.index.DocIDMerger$SequentialDocIDMerger;org.apache.lucene.codecs.lucene90.compressing.Lucene90CompressingStoredFieldsWriter.merge;605;org.dacapo.harness.DacapoClassLoader;org.dacapo.harness.DacapoClassLoader
ClassLoader.loadClass;org.apache.lucene.index.DocIDMerger$SortedDocIDMerger;org.apache.lucene.codecs.lucene90.compressing.Lucene90CompressingStoredFieldsWriter.merge;605;org.dacapo.harness.DacapoClassLoader;org.dacapo.harness.DacapoClassLoader
ClassLoader.loadClass;org.apache.lucene.index.DocIDMerger$Sub;java.lang.ClassLoader.defineClass1;;org.dacapo.harness.DacapoClassLoader;org.dacapo.harness.DacapoClassLoader
ClassLoader.loadClass;org.apache.lucene.index.DocIDMerger;org.apache.lucene.codecs.lucene90.compressing.Lucene90CompressingStoredFieldsWriter.merge;605;org.dacapo.harness.DacapoClassLoader;org.dacapo.harness.DacapoClassLoader
ClassLoader.loadClass;org.apache.lucene.index.DocValuesFieldUpdates;java.lang.Class.forName0;;org.dacapo.harness.DacapoClassLoader;org.dacapo.harness.DacapoClassLoader
ClassLoader.loadClass;org.apache.lucene.index.DocValuesIterator;java.lang.ClassLoader.defineClass1;;org.dacapo.harness.DacapoClassLoader;org.dacapo.harness.DacapoClassLoader
ClassLoader.loadClass;org.apache.lucene.index.DocValuesLeafReader;java.lang.ClassLoader.defineClass1;;org.dacapo.harness.DacapoClassLoader;org.dacapo.harness.DacapoClassLoader
ClassLoader.loadClass;org.apache.lucene.index.DocValuesType;org.apache.lucene.document.FieldType.<init>;43;org.dacapo.harness.DacapoClassLoader;org.dacapo.harness.DacapoClassLoader
ClassLoader.loadClass;org.apache.lucene.index.DocValuesWriter;org.apache.lucene.index.DocumentsWriterPerThread.<init>;183;org.dacapo.harness.DacapoClassLoader;org.dacapo.harness.DacapoClassLoader
ClassLoader.loadClass;org.apache.lucene.index.DocsWithFieldSet;org.apache.lucene.index.NormValuesWriter.<init>;38;org.dacapo.harness.DacapoClassLoader;org.dacapo.harness.DacapoClassLoader
ClassLoader.loadClass;org.apache.lucene.index.DocumentsWriter$FlushNotifications;java.lang.Class.forName0;;org.dacapo.harness.DacapoClassLoader;org.dacapo.harness.DacapoClassLoader
ClassLoader.loadClass;org.apache.lucene.index.DocumentsWriter;org.apache.lucene.index.IndexWriter.<init>;1123;org.dacapo.harness.DacapoClassLoader;org.dacapo.harness.DacapoClassLoader
ClassLoader.loadClass;org.apache.lucene.index.DocumentsWriterDeleteQueue$DeleteSlice;org.apache.lucene.index.DocumentsWriterDeleteQueue.<init>;120;org.dacapo.harness.DacapoClassLoader;org.dacapo.harness.DacapoClassLoader
ClassLoader.loadClass;org.apache.lucene.index.DocumentsWriterDeleteQueue$DocValuesUpdatesNode;org.apache.lucene.index.DocumentsWriter.<init>;120;org.dacapo.harness.DacapoClassLoader;org.dacapo.harness.DacapoClassLoader
ClassLoader.loadClass;org.apache.lucene.index.DocumentsWriterDeleteQueue$Node;org.apache.lucene.index.DocumentsWriter.<init>;120;org.dacapo.harness.DacapoClassLoader;org.dacapo.harness.DacapoClassLoader
ClassLoader.loadClass;org.apache.lucene.index.DocumentsWriterDeleteQueue$QueryArrayNode;org.apache.lucene.index.DocumentsWriter.<init>;120;org.dacapo.harness.DacapoClassLoader;org.dacapo.harness.DacapoClassLoader
ClassLoader.loadClass;org.apache.lucene.index.DocumentsWriterDeleteQueue$QueryNode;org.apache.lucene.index.DocumentsWriter.<init>;120;org.dacapo.harness.DacapoClassLoader;org.dacapo.harness.DacapoClassLoader
ClassLoader.loadClass;org.apache.lucene.index.DocumentsWriterDeleteQueue$TermArrayNode;org.apache.lucene.index.DocumentsWriter.<init>;120;org.dacapo.harness.DacapoClassLoader;org.dacapo.harness.DacapoClassLoader
ClassLoader.loadClass;org.apache.lucene.index.DocumentsWriterDeleteQueue$TermNode;org.apache.lucene.index.DocumentsWriter.<init>;120;org.dacapo.harness.DacapoClassLoader;org.dacapo.harness.DacapoClassLoader
ClassLoader.loadClass;org.apache.lucene.index.DocumentsWriterDeleteQueue;org.apache.lucene.index.DocumentsWriter.<init>;120;org.dacapo.harness.DacapoClassLoader;org.dacapo.harness.DacapoClassLoader
ClassLoader.loadClass;org.apache.lucene.index.DocumentsWriterFlushControl;org.apache.lucene.index.DocumentsWriter.<init>;137;org.dacapo.harness.DacapoClassLoader;org.dacapo.harness.DacapoClassLoader
ClassLoader.loadClass;org.apache.lucene.index.DocumentsWriterFlushQueue$FlushTicket;org.apache.lucene.index.DocumentsWriterFlushQueue.addFlushTicket;73;org.dacapo.harness.DacapoClassLoader;org.dacapo.harness.DacapoClassLoader
ClassLoader.loadClass;org.apache.lucene.index.DocumentsWriterFlushQueue;org.apache.lucene.index.DocumentsWriter.<init>;96;org.dacapo.harness.DacapoClassLoader;org.dacapo.harness.DacapoClassLoader
ClassLoader.loadClass;org.apache.lucene.index.DocumentsWriterPerThread$FlushedSegment;org.apache.lucene.index.DocumentsWriterPerThread.flush;465;org.dacapo.harness.DacapoClassLoader;org.dacapo.harness.DacapoClassLoader
ClassLoader.loadClass;org.apache.lucene.index.DocumentsWriterPerThread;org.apache.lucene.index.DocumentsWriter.<init>;121;org.dacapo.harness.DacapoClassLoader;org.dacapo.harness.DacapoClassLoader
ClassLoader.loadClass;org.apache.lucene.index.DocumentsWriterPerThreadPool;org.apache.lucene.index.DocumentsWriter.<init>;121;org.dacapo.harness.DacapoClassLoader;org.dacapo.harness.DacapoClassLoader
ClassLoader.loadClass;org.apache.lucene.index.DocumentsWriterStallControl;org.apache.lucene.index.DocumentsWriterFlushControl.<init>;75;org.dacapo.harness.DacapoClassLoader;org.dacapo.harness.DacapoClassLoader
ClassLoader.loadClass;org.apache.lucene.index.EmptyDocValuesProducer;java.lang.ClassLoader.defineClass1;;org.dacapo.harness.DacapoClassLoader;org.dacapo.harness.DacapoClassLoader
ClassLoader.loadClass;org.apache.lucene.index.FieldInfo;org.apache.lucene.index.IndexingChain.initializeFieldInfo;624;org.dacapo.harness.DacapoClassLoader;org.dacapo.harness.DacapoClassLoader
ClassLoader.loadClass;org.apache.lucene.index.FieldInfos$Builder;org.apache.lucene.index.DocumentsWriter.lambda$new$0;124;org.dacapo.harness.DacapoClassLoader;org.dacapo.harness.DacapoClassLoader
ClassLoader.loadClass;org.apache.lucene.index.FieldInfos$FieldDimensions;org.apache.lucene.index.FieldInfos$FieldNumbers.addOrGet;429;org.dacapo.harness.DacapoClassLoader;org.dacapo.harness.DacapoClassLoader
ClassLoader.loadClass;org.apache.lucene.index.FieldInfos$FieldNumbers;org.apache.lucene.index.IndexWriter.getFieldNumberMap;1258;org.dacapo.harness.DacapoClassLoader;org.dacapo.harness.DacapoClassLoader
ClassLoader.loadClass;org.apache.lucene.index.FieldInfos$FieldVectorProperties;org.apache.lucene.index.FieldInfos$FieldNumbers.addOrGet;435;org.dacapo.harness.DacapoClassLoader;org.dacapo.harness.DacapoClassLoader
ClassLoader.loadClass;org.apache.lucene.index.FieldInfos;org.apache.lucene.index.FieldInfos$FieldNumbers.<clinit>;350;org.dacapo.harness.DacapoClassLoader;org.dacapo.harness.DacapoClassLoader
ClassLoader.loadClass;org.apache.lucene.index.FieldInvertState;org.apache.lucene.index.IndexingChain$PerField.setInvertState;1069;org.dacapo.harness.DacapoClassLoader;org.dacapo.harness.DacapoClassLoader
ClassLoader.loadClass;org.apache.lucene.index.Fields;java.lang.ClassLoader.defineClass1;;org.dacapo.harness.DacapoClassLoader;org.dacapo.harness.DacapoClassLoader
ClassLoader.loadClass;org.apache.lucene.index.FilterCodecReader;java.lang.Class.forName0;;org.dacapo.harness.DacapoClassLoader;org.dacapo.harness.DacapoClassLoader
ClassLoader.loadClass;org.apache.lucene.index.FilterLeafReader$FilterFields;java.lang.ClassLoader.defineClass1;;org.dacapo.harness.DacapoClassLoader;org.dacapo.harness.DacapoClassLoader
ClassLoader.loadClass;org.apache.lucene.index.FilterLeafReader$FilterTerms;java.lang.ClassLoader.defineClass1;;org.dacapo.harness.DacapoClassLoader;org.dacapo.harness.DacapoClassLoader
ClassLoader.loadClass;org.apache.lucene.index.FilterLeafReader$FilterTermsEnum;java.lang.ClassLoader.defineClass1;;org.dacapo.harness.DacapoClassLoader;org.dacapo.harness.DacapoClassLoader
ClassLoader.loadClass;org.apache.lucene.index.FilterMergePolicy;java.lang.ClassLoader.defineClass1;;org.dacapo.harness.DacapoClassLoader;org.dacapo.harness.DacapoClassLoader
ClassLoader.loadClass;org.apache.lucene.index.FilteredTermsEnum;java.lang.ClassLoader.defineClass1;;org.dacapo.harness.DacapoClassLoader;org.dacapo.harness.DacapoClassLoader
ClassLoader.loadClass;org.apache.lucene.index.FlushByRamOrCountsPolicy;org.dacapo.luindex.Index.indexLineDoc;104;org.dacapo.harness.DacapoClassLoader;org.dacapo.harness.DacapoClassLoader
ClassLoader.loadClass;org.apache.lucene.index.FlushPolicy;org.dacapo.luindex.Index.indexLineDoc;104;org.dacapo.harness.DacapoClassLoader;org.dacapo.harness.DacapoClassLoader
ClassLoader.loadClass;org.apache.lucene.index.FreqProxFields$FreqProxDocsEnum;org.apache.lucene.index.FreqProxFields$FreqProxTerms.iterator;68;org.dacapo.harness.DacapoClassLoader;org.dacapo.harness.DacapoClassLoader
ClassLoader.loadClass;org.apache.lucene.index.FreqProxFields$FreqProxPostingsEnum;org.apache.lucene.index.FreqProxFields$FreqProxTerms.iterator;68;org.dacapo.harness.DacapoClassLoader;org.dacapo.harness.DacapoClassLoader
ClassLoader.loadClass;org.apache.lucene.index.FreqProxFields$FreqProxTerms;org.apache.lucene.index.FreqProxTermsWriter.flush;113;org.dacapo.harness.DacapoClassLoader;org.dacapo.harness.DacapoClassLoader
ClassLoader.loadClass;org.apache.lucene.index.FreqProxFields$FreqProxTermsEnum$1;org.apache.lucene.index.FreqProxFields$FreqProxTerms.iterator;68;org.dacapo.harness.DacapoClassLoader;org.dacapo.harness.DacapoClassLoader
ClassLoader.loadClass;org.apache.lucene.index.FreqProxFields$FreqProxTermsEnum;org.apache.lucene.index.FreqProxFields.terms;51;org.dacapo.harness.DacapoClassLoader;org.dacapo.harness.DacapoClassLoader
ClassLoader.loadClass;org.apache.lucene.index.FreqProxFields;org.apache.lucene.index.IndexingChain.<init>;134;org.dacapo.harness.DacapoClassLoader;org.dacapo.harness.DacapoClassLoader
ClassLoader.loadClass;org.apache.lucene.index.FreqProxTermsWriter$1;org.apache.lucene.index.IndexingChain.<init>;134;org.dacapo.harness.DacapoClassLoader;org.dacapo.harness.DacapoClassLoader
ClassLoader.loadClass;org.apache.lucene.index.FreqProxTermsWriter;org.apache.lucene.index.DocumentsWriterPerThread.<init>;183;org.dacapo.harness.DacapoClassLoader;org.dacapo.harness.DacapoClassLoader
ClassLoader.loadClass;org.apache.lucene.index.FreqProxTermsWriterPerField$FreqProxPostingsArray;org.apache.lucene.index.FreqProxTermsWriter.addField;141;org.dacapo.harness.DacapoClassLoader;org.dacapo.harness.DacapoClassLoader
ClassLoader.loadClass;org.apache.lucene.index.FreqProxTermsWriterPerField;org.apache.lucene.index.IndexingChain.<init>;134;org.dacapo.harness.DacapoClassLoader;org.dacapo.harness.DacapoClassLoader
ClassLoader.loadClass;org.apache.lucene.index.Impact;org.apache.lucene.codecs.CompetitiveImpactAccumulator.getCompetitiveFreqNormPairs;103;org.dacapo.harness.DacapoClassLoader;org.dacapo.harness.DacapoClassLoader
ClassLoader.loadClass;org.apache.lucene.index.ImpactsEnum;org.apache.lucene.codecs.lucene90.Lucene90PostingsFormat.fieldsProducer;424;org.dacapo.harness.DacapoClassLoader;org.dacapo.harness.DacapoClassLoader
ClassLoader.loadClass;org.apache.lucene.index.ImpactsSource;java.lang.ClassLoader.defineClass1;;org.dacapo.harness.DacapoClassLoader;org.dacapo.harness.DacapoClassLoader
ClassLoader.loadClass;org.apache.lucene.index.IndexCommit;java.lang.ClassLoader.defineClass1;;org.dacapo.harness.DacapoClassLoader;org.dacapo.harness.DacapoClassLoader
ClassLoader.loadClass;org.apache.lucene.index.IndexDeletionPolicy;org.dacapo.luindex.Index.indexLineDoc;104;org.dacapo.harness.DacapoClassLoader;org.dacapo.harness.DacapoClassLoader
ClassLoader.loadClass;org.apache.lucene.index.IndexFileDeleter$CommitPoint;org.apache.lucene.index.IndexFileDeleter.checkpoint;578;org.dacapo.harness.DacapoClassLoader;org.dacapo.harness.DacapoClassLoader
ClassLoader.loadClass;org.apache.lucene.index.IndexFileDeleter;org.apache.lucene.index.IndexWriter.<init>;1152;org.dacapo.harness.DacapoClassLoader;org.dacapo.harness.DacapoClassLoader
ClassLoader.loadClass;org.apache.lucene.index.IndexFileNames;org.apache.lucene.index.SegmentInfos.getSegmentsFileName;246;org.dacapo.harness.DacapoClassLoader;org.dacapo.harness.DacapoClassLoader
ClassLoader.loadClass;org.apache.lucene.index.IndexFormatTooNewException;org.apache.lucene.codecs.lucene90.compressing.Lucene90CompressingStoredFieldsWriter.<init>;128;org.dacapo.harness.DacapoClassLoader;org.dacapo.harness.DacapoClassLoader
ClassLoader.loadClass;org.apache.lucene.index.IndexFormatTooOldException;org.apache.lucene.index.IndexWriter.<init>;1003;org.dacapo.harness.DacapoClassLoader;org.dacapo.harness.DacapoClassLoader
ClassLoader.loadClass;org.apache.lucene.index.IndexNotFoundException;java.lang.Class.forName0;;org.dacapo.harness.DacapoClassLoader;org.dacapo.harness.DacapoClassLoader
ClassLoader.loadClass;org.apache.lucene.index.IndexOptions;org.apache.lucene.document.FieldType.<init>;41;org.dacapo.harness.DacapoClassLoader;org.dacapo.harness.DacapoClassLoader
ClassLoader.loadClass;org.apache.lucene.index.IndexReader$CacheHelper;java.lang.Class.forName0;;org.dacapo.harness.DacapoClassLoader;org.dacapo.harness.DacapoClassLoader
ClassLoader.loadClass;org.apache.lucene.index.IndexReader$CacheKey;org.apache.lucene.index.SegmentReader$1.<init>;361;org.dacapo.harness.DacapoClassLoader;org.dacapo.harness.DacapoClassLoader
ClassLoader.loadClass;org.apache.lucene.index.IndexReader$ClosedListener;org.apache.lucene.index.SegmentCoreReaders.notifyCoreClosedListeners;227;org.dacapo.harness.DacapoClassLoader;org.dacapo.harness.DacapoClassLoader
ClassLoader.loadClass;org.apache.lucene.index.IndexReader;java.lang.ClassLoader.defineClass1;;org.dacapo.harness.DacapoClassLoader;org.dacapo.harness.DacapoClassLoader
ClassLoader.loadClass;org.apache.lucene.index.IndexReaderContext;org.apache.lucene.search.LRUQueryCache.<init>;148;org.dacapo.harness.DacapoClassLoader;org.dacapo.harness.DacapoClassLoader
ClassLoader.loadClass;org.apache.lucene.index.IndexWriter$1;org.apache.lucene.index.IndexWriter.<init>;417;org.dacapo.harness.DacapoClassLoader;org.dacapo.harness.DacapoClassLoader
ClassLoader.loadClass;org.apache.lucene.index.IndexWriter$2;java.lang.Class.forName0;;org.dacapo.harness.DacapoClassLoader;org.dacapo.harness.DacapoClassLoader
ClassLoader.loadClass;org.apache.lucene.index.IndexWriter$4;org.apache.lucene.index.IndexWriter.<clinit>;6480;org.dacapo.harness.DacapoClassLoader;org.dacapo.harness.DacapoClassLoader
ClassLoader.loadClass;org.apache.lucene.index.IndexWriter$5;org.apache.lucene.index.IndexWriter.<clinit>;6520;org.dacapo.harness.DacapoClassLoader;org.dacapo.harness.DacapoClassLoader
ClassLoader.loadClass;org.apache.lucene.index.IndexWriter$6;org.apache.lucene.index.IndexWriter.updatePendingMerges;2352;org.dacapo.harness.DacapoClassLoader;org.dacapo.harness.DacapoClassLoader
ClassLoader.loadClass;org.apache.lucene.index.IndexWriter$AddIndexesMergeSource;org.apache.lucene.index.IndexWriter.<init>;279;org.dacapo.harness.DacapoClassLoader;org.dacapo.harness.DacapoClassLoader
ClassLoader.loadClass;org.apache.lucene.index.IndexWriter$Event;org.apache.lucene.index.IndexWriter$1.deleteUnusedFiles;421;org.dacapo.harness.DacapoClassLoader;org.dacapo.harness.DacapoClassLoader
ClassLoader.loadClass;org.apache.lucene.index.IndexWriter$EventQueue;org.apache.lucene.index.IndexWriter.<init>;277;org.dacapo.harness.DacapoClassLoader;org.dacapo.harness.DacapoClassLoader
ClassLoader.loadClass;org.apache.lucene.index.IndexWriter$IndexWriterMergeSource;org.apache.lucene.index.IndexWriter.<init>;278;org.dacapo.harness.DacapoClassLoader;org.dacapo.harness.DacapoClassLoader
ClassLoader.loadClass;org.apache.lucene.index.IndexWriter$Merges;org.apache.lucene.index.IndexWriter.<init>;381;org.dacapo.harness.DacapoClassLoader;org.dacapo.harness.DacapoClassLoader
ClassLoader.loadClass;org.apache.lucene.index.IndexWriter;org.apache.lucene.internal.tests.TestSecrets.<clinit>;50;org.dacapo.harness.DacapoClassLoader;org.dacapo.harness.DacapoClassLoader
ClassLoader.loadClass;org.apache.lucene.index.IndexWriterConfig$OpenMode;org.apache.lucene.index.LiveIndexWriterConfig.<init>;125;org.dacapo.harness.DacapoClassLoader;org.dacapo.harness.DacapoClassLoader
ClassLoader.loadClass;org.apache.lucene.index.IndexWriterConfig;org.dacapo.luindex.Index.indexLineDoc;104;org.dacapo.harness.DacapoClassLoader;org.dacapo.harness.DacapoClassLoader
ClassLoader.loadClass;org.apache.lucene.index.IndexWriterEventListener$1;org.apache.lucene.index.IndexWriterEventListener.<clinit>;26;org.dacapo.harness.DacapoClassLoader;org.dacapo.harness.DacapoClassLoader
ClassLoader.loadClass;org.apache.lucene.index.IndexWriterEventListener;org.apache.lucene.index.LiveIndexWriterConfig.<init>;138;org.dacapo.harness.DacapoClassLoader;org.dacapo.harness.DacapoClassLoader
ClassLoader.loadClass;org.apache.lucene.index.IndexableField;java.lang.Class.forName0;;org.dacapo.harness.DacapoClassLoader;org.dacapo.harness.DacapoClassLoader
ClassLoader.loadClass;org.apache.lucene.index.IndexableFieldType;java.lang.Class.forName0;;org.dacapo.harness.DacapoClassLoader;org.dacapo.harness.DacapoClassLoader
ClassLoader.loadClass;org.apache.lucene.index.IndexingChain$1;org.apache.lucene.index.DocumentsWriterPerThread.<init>;183;org.dacapo.harness.DacapoClassLoader;org.dacapo.harness.DacapoClassLoader
ClassLoader.loadClass;org.apache.lucene.index.IndexingChain$2;org.apache.lucene.index.DocumentsWriterPerThread.<init>;183;org.dacapo.harness.DacapoClassLoader;org.dacapo.harness.DacapoClassLoader
ClassLoader.loadClass;org.apache.lucene.index.IndexingChain$3;org.apache.lucene.index.IndexingChain.initializeFieldInfo;649;org.dacapo.harness.DacapoClassLoader;org.dacapo.harness.DacapoClassLoader
ClassLoader.loadClass;org.apache.lucene.index.IndexingChain$FieldSchema;org.apache.lucene.index.IndexingChain.getOrAddPerField;746;org.dacapo.harness.DacapoClassLoader;org.dacapo.harness.DacapoClassLoader
ClassLoader.loadClass;org.apache.lucene.index.IndexingChain$IntBlockAllocator;org.apache.lucene.index.DocumentsWriterPerThread.<init>;183;org.dacapo.harness.DacapoClassLoader;org.dacapo.harness.DacapoClassLoader
ClassLoader.loadClass;org.apache.lucene.index.IndexingChain$PerField;org.apache.lucene.index.IndexingChain.<init>;79;org.dacapo.harness.DacapoClassLoader;org.dacapo.harness.DacapoClassLoader
ClassLoader.loadClass;org.apache.lucene.index.IndexingChain;org.apache.lucene.index.DocumentsWriterPerThread.<init>;183;org.dacapo.harness.DacapoClassLoader;org.dacapo.harness.DacapoClassLoader
ClassLoader.loadClass;org.apache.lucene.index.KeepOnlyLastCommitDeletionPolicy;org.dacapo.luindex.Index.indexLineDoc;104;org.dacapo.harness.DacapoClassLoader;org.dacapo.harness.DacapoClassLoader
ClassLoader.loadClass;org.apache.lucene.index.LeafMetaData;org.apache.lucene.index.SegmentReader.<init>;86;org.dacapo.harness.DacapoClassLoader;org.dacapo.harness.DacapoClassLoader
ClassLoader.loadClass;org.apache.lucene.index.LeafReader;java.lang.ClassLoader.defineClass1;;org.dacapo.harness.DacapoClassLoader;org.dacapo.harness.DacapoClassLoader
ClassLoader.loadClass;org.apache.lucene.index.LeafReaderContext;org.apache.lucene.search.LRUQueryCache.<init>;148;org.dacapo.harness.DacapoClassLoader;org.dacapo.harness.DacapoClassLoader
ClassLoader.loadClass;org.apache.lucene.index.LiveIndexWriterConfig;java.lang.ClassLoader.defineClass1;;org.dacapo.harness.DacapoClassLoader;org.dacapo.harness.DacapoClassLoader
ClassLoader.loadClass;org.apache.lucene.index.LogByteSizeMergePolicy;java.lang.Class.forName0;;org.dacapo.harness.DacapoClassLoader;org.dacapo.harness.DacapoClassLoader
ClassLoader.loadClass;org.apache.lucene.index.LogMergePolicy$SegmentInfoAndLevel;org.apache.lucene.index.LogMergePolicy.findMerges;496;org.dacapo.harness.DacapoClassLoader;org.dacapo.harness.DacapoClassLoader
ClassLoader.loadClass;org.apache.lucene.index.LogMergePolicy;java.lang.ClassLoader.defineClass1;;org.dacapo.harness.DacapoClassLoader;org.dacapo.harness.DacapoClassLoader
ClassLoader.loadClass;org.apache.lucene.index.MappedMultiFields$MappedMultiTerms;org.apache.lucene.codecs.FieldsConsumer.merge;90;org.dacapo.harness.DacapoClassLoader;org.dacapo.harness.DacapoClassLoader
ClassLoader.loadClass;org.apache.lucene.index.MappedMultiFields$MappedMultiTermsEnum;org.apache.lucene.index.MappedMultiFields.terms;49;org.dacapo.harness.DacapoClassLoader;org.dacapo.harness.DacapoClassLoader
ClassLoader.loadClass;org.apache.lucene.index.MappedMultiFields;org.apache.lucene.codecs.lucene90.Lucene90PostingsFormat.<init>;395;org.dacapo.harness.DacapoClassLoader;org.dacapo.harness.DacapoClassLoader
ClassLoader.loadClass;org.apache.lucene.index.MappingMultiPostingsEnum$MappingPostingsSub;org.apache.lucene.index.MappingMultiPostingsEnum.<init>;58;org.dacapo.harness.DacapoClassLoader;org.dacapo.harness.DacapoClassLoader
ClassLoader.loadClass;org.apache.lucene.index.MappingMultiPostingsEnum;org.apache.lucene.index.MappedMultiFields$MappedMultiTerms.iterator;70;org.dacapo.harness.DacapoClassLoader;org.dacapo.harness.DacapoClassLoader
ClassLoader.loadClass;org.apache.lucene.index.MergePolicy$MergeAbortedException;java.lang.Class.forName0;;org.dacapo.harness.DacapoClassLoader;org.dacapo.harness.DacapoClassLoader
ClassLoader.loadClass;org.apache.lucene.index.MergePolicy$MergeContext;java.lang.ClassLoader.defineClass1;;org.dacapo.harness.DacapoClassLoader;org.dacapo.harness.DacapoClassLoader
ClassLoader.loadClass;org.apache.lucene.index.MergePolicy$MergeException;org.apache.lucene.index.LiveIndexWriterConfig.<init>;127;org.dacapo.harness.DacapoClassLoader;org.dacapo.harness.DacapoClassLoader
ClassLoader.loadClass;org.apache.lucene.index.MergePolicy$MergeReader;org.apache.lucene.index.IndexWriter.mergeMiddle;5093;org.dacapo.harness.DacapoClassLoader;org.dacapo.harness.DacapoClassLoader
ClassLoader.loadClass;org.apache.lucene.index.MergePolicy$MergeSpecification;org.apache.lucene.index.LogMergePolicy.findForcedMergesMaxNumSegments;254;org.dacapo.harness.DacapoClassLoader;org.dacapo.harness.DacapoClassLoader
ClassLoader.loadClass;org.apache.lucene.index.MergePolicy$OneMerge;java.lang.Class.forName0;;org.dacapo.harness.DacapoClassLoader;org.dacapo.harness.DacapoClassLoader
ClassLoader.loadClass;org.apache.lucene.index.MergePolicy$OneMergeProgress$PauseReason;org.apache.lucene.index.MergePolicy$OneMerge.<init>;232;org.dacapo.harness.DacapoClassLoader;org.dacapo.harness.DacapoClassLoader
ClassLoader.loadClass;org.apache.lucene.index.MergePolicy$OneMergeProgress;org.apache.lucene.index.MergePolicy$OneMerge.<init>;232;org.dacapo.harness.DacapoClassLoader;org.dacapo.harness.DacapoClassLoader
ClassLoader.loadClass;org.apache.lucene.index.MergePolicy;java.lang.Class.forName0;;org.dacapo.harness.DacapoClassLoader;org.dacapo.harness.DacapoClassLoader
ClassLoader.loadClass;org.apache.lucene.index.MergeRateLimiter;org.apache.lucene.index.LiveIndexWriterConfig.<init>;127;org.dacapo.harness.DacapoClassLoader;org.dacapo.harness.DacapoClassLoader
ClassLoader.loadClass;org.apache.lucene.index.MergeScheduler$MergeSource;java.lang.Class.forName0;;org.dacapo.harness.DacapoClassLoader;org.dacapo.harness.DacapoClassLoader
ClassLoader.loadClass;org.apache.lucene.index.MergeScheduler;org.dacapo.luindex.Index.indexLineDoc;104;org.dacapo.harness.DacapoClassLoader;org.dacapo.harness.DacapoClassLoader
ClassLoader.loadClass;org.apache.lucene.index.MergeState$1;org.apache.lucene.index.MergeState.buildDeletionDocMaps;179;org.dacapo.harness.DacapoClassLoader;org.dacapo.harness.DacapoClassLoader
ClassLoader.loadClass;org.apache.lucene.index.MergeState$DocMap;org.apache.lucene.index.MergeState.buildDeletionDocMaps;165;org.dacapo.harness.DacapoClassLoader;org.dacapo.harness.DacapoClassLoader
ClassLoader.loadClass;org.apache.lucene.index.MergeState;org.apache.lucene.index.SegmentMerger.<init>;65;org.dacapo.harness.DacapoClassLoader;org.dacapo.harness.DacapoClassLoader
ClassLoader.loadClass;org.apache.lucene.index.MergeTrigger;org.apache.lucene.index.IndexWriter.processEvents;5903;org.dacapo.harness.DacapoClassLoader;org.dacapo.harness.DacapoClassLoader
ClassLoader.loadClass;org.apache.lucene.index.MultiFields;org.apache.lucene.codecs.FieldsConsumer.merge;90;org.dacapo.harness.DacapoClassLoader;org.dacapo.harness.DacapoClassLoader
ClassLoader.loadClass;org.apache.lucene.index.MultiPostingsEnum$EnumWithSlice;org.apache.lucene.index.MultiTermsEnum.<init>;89;org.dacapo.harness.DacapoClassLoader;org.dacapo.harness.DacapoClassLoader
ClassLoader.loadClass;org.apache.lucene.index.MultiPostingsEnum;org.apache.lucene.index.MultiTerms.iterator;193;org.dacapo.harness.DacapoClassLoader;org.dacapo.harness.DacapoClassLoader
ClassLoader.loadClass;org.apache.lucene.index.MultiTerms;org.apache.lucene.codecs.FieldsConsumer.merge;90;org.dacapo.harness.DacapoClassLoader;org.dacapo.harness.DacapoClassLoader
ClassLoader.loadClass;org.apache.lucene.index.MultiTermsEnum$1;org.apache.lucene.index.MultiTermsEnum.<clinit>;35;org.dacapo.harness.DacapoClassLoader;org.dacapo.harness.DacapoClassLoader
ClassLoader.loadClass;org.apache.lucene.index.MultiTermsEnum$TermMergeQueue;org.apache.lucene.index.MultiTermsEnum.<init>;86;org.dacapo.harness.DacapoClassLoader;org.dacapo.harness.DacapoClassLoader
ClassLoader.loadClass;org.apache.lucene.index.MultiTermsEnum$TermsEnumIndex;org.apache.lucene.index.MultiTerms.iterator;188;org.dacapo.harness.DacapoClassLoader;org.dacapo.harness.DacapoClassLoader
ClassLoader.loadClass;org.apache.lucene.index.MultiTermsEnum$TermsEnumWithSlice;org.apache.lucene.index.MultiTermsEnum.<init>;87;org.dacapo.harness.DacapoClassLoader;org.dacapo.harness.DacapoClassLoader
ClassLoader.loadClass;org.apache.lucene.index.MultiTermsEnum;org.apache.lucene.index.MultiTerms.iterator;193;org.dacapo.harness.DacapoClassLoader;org.dacapo.harness.DacapoClassLoader
ClassLoader.loadClass;org.apache.lucene.index.NormValuesWriter$1;org.apache.lucene.index.IndexingChain$PerField.setInvertState;1077;org.dacapo.harness.DacapoClassLoader;org.dacapo.harness.DacapoClassLoader
ClassLoader.loadClass;org.apache.lucene.index.NormValuesWriter$BufferedNorms;org.apache.lucene.index.IndexingChain$PerField.setInvertState;1077;org.dacapo.harness.DacapoClassLoader;org.dacapo.harness.DacapoClassLoader
ClassLoader.loadClass;org.apache.lucene.index.NormValuesWriter;org.apache.lucene.index.IndexingChain$PerField.setInvertState;1077;org.dacapo.harness.DacapoClassLoader;org.dacapo.harness.DacapoClassLoader
ClassLoader.loadClass;org.apache.lucene.index.NumericDocValues;org.apache.lucene.index.IndexingChain$PerField.setInvertState;1077;org.dacapo.harness.DacapoClassLoader;org.dacapo.harness.DacapoClassLoader
ClassLoader.loadClass;org.apache.lucene.index.NumericDocValuesFieldUpdates;java.lang.Class.forName0;;org.dacapo.harness.DacapoClassLoader;org.dacapo.harness.DacapoClassLoader
ClassLoader.loadClass;org.apache.lucene.index.NumericDocValuesWriter$SortingNumericDocValues;org.apache.lucene.index.NormValuesWriter.flush;83;org.dacapo.harness.DacapoClassLoader;org.dacapo.harness.DacapoClassLoader
ClassLoader.loadClass;org.apache.lucene.index.NumericDocValuesWriter;org.apache.lucene.index.DocumentsWriterPerThread.<init>;183;org.dacapo.harness.DacapoClassLoader;org.dacapo.harness.DacapoClassLoader
ClassLoader.loadClass;org.apache.lucene.index.OneMergeWrappingMergePolicy;java.lang.Class.forName0;;org.dacapo.harness.DacapoClassLoader;org.dacapo.harness.DacapoClassLoader
ClassLoader.loadClass;org.apache.lucene.index.OrdTermState;java.lang.ClassLoader.defineClass1;;org.dacapo.harness.DacapoClassLoader;org.dacapo.harness.DacapoClassLoader
ClassLoader.loadClass;org.apache.lucene.index.ParallelPostingsArray;org.apache.lucene.index.FreqProxTermsWriter.addField;141;org.dacapo.harness.DacapoClassLoader;org.dacapo.harness.DacapoClassLoader
ClassLoader.loadClass;org.apache.lucene.index.PendingDeletes;org.apache.lucene.index.IndexWriter.<init>;1134;org.dacapo.harness.DacapoClassLoader;org.dacapo.harness.DacapoClassLoader
ClassLoader.loadClass;org.apache.lucene.index.PendingSoftDeletes;org.apache.lucene.index.IndexWriter.<init>;1134;org.dacapo.harness.DacapoClassLoader;org.dacapo.harness.DacapoClassLoader
ClassLoader.loadClass;org.apache.lucene.index.PostingsEnum;org.apache.lucene.index.FreqProxFields$FreqProxTerms.iterator;68;org.dacapo.harness.DacapoClassLoader;org.dacapo.harness.DacapoClassLoader
ClassLoader.loadClass;org.apache.lucene.index.ReaderPool;org.apache.lucene.index.IndexWriter.<init>;1134;org.dacapo.harness.DacapoClassLoader;org.dacapo.harness.DacapoClassLoader
ClassLoader.loadClass;org.apache.lucene.index.ReaderSlice;org.apache.lucene.codecs.FieldsConsumer.merge;84;org.dacapo.harness.DacapoClassLoader;org.dacapo.harness.DacapoClassLoader
ClassLoader.loadClass;org.apache.lucene.index.ReadersAndUpdates$1;org.apache.lucene.index.ReaderPool.get;408;org.dacapo.harness.DacapoClassLoader;org.dacapo.harness.DacapoClassLoader
ClassLoader.loadClass;org.apache.lucene.index.ReadersAndUpdates$2;org.apache.lucene.index.ReaderPool.get;408;org.dacapo.harness.DacapoClassLoader;org.dacapo.harness.DacapoClassLoader
ClassLoader.loadClass;org.apache.lucene.index.ReadersAndUpdates;org.apache.lucene.index.ReaderPool.get;408;org.dacapo.harness.DacapoClassLoader;org.dacapo.harness.DacapoClassLoader
ClassLoader.loadClass;org.apache.lucene.index.SegmentCommitInfo;org.apache.lucene.index.DocumentsWriterPerThread.flush;406;org.dacapo.harness.DacapoClassLoader;org.dacapo.harness.DacapoClassLoader
ClassLoader.loadClass;org.apache.lucene.index.SegmentCoreReaders$1;org.apache.lucene.index.SegmentReader.<init>;92;org.dacapo.harness.DacapoClassLoader;org.dacapo.harness.DacapoClassLoader
ClassLoader.loadClass;org.apache.lucene.index.SegmentCoreReaders$2;org.apache.lucene.index.SegmentReader.<init>;92;org.dacapo.harness.DacapoClassLoader;org.dacapo.harness.DacapoClassLoader
ClassLoader.loadClass;org.apache.lucene.index.SegmentCoreReaders$3;org.apache.lucene.index.SegmentCoreReaders.<init>;206;org.dacapo.harness.DacapoClassLoader;org.dacapo.harness.DacapoClassLoader
ClassLoader.loadClass;org.apache.lucene.index.SegmentCoreReaders;org.apache.lucene.index.SegmentReader.<init>;92;org.dacapo.harness.DacapoClassLoader;org.dacapo.harness.DacapoClassLoader
ClassLoader.loadClass;org.apache.lucene.index.SegmentDocValues$1;org.apache.lucene.index.SegmentReader.<init>;93;org.dacapo.harness.DacapoClassLoader;org.dacapo.harness.DacapoClassLoader
ClassLoader.loadClass;org.apache.lucene.index.SegmentDocValues;org.apache.lucene.index.SegmentReader.<init>;93;org.dacapo.harness.DacapoClassLoader;org.dacapo.harness.DacapoClassLoader
ClassLoader.loadClass;org.apache.lucene.index.SegmentDocValuesProducer;java.lang.Class.forName0;;org.dacapo.harness.DacapoClassLoader;org.dacapo.harness.DacapoClassLoader
ClassLoader.loadClass;org.apache.lucene.index.SegmentInfo;org.apache.lucene.index.DocumentsWriterPerThread.<init>;159;org.dacapo.harness.DacapoClassLoader;org.dacapo.harness.DacapoClassLoader
ClassLoader.loadClass;org.apache.lucene.index.SegmentInfos;org.apache.lucene.index.IndexWriter.<init>;1003;org.dacapo.harness.DacapoClassLoader;org.dacapo.harness.DacapoClassLoader
ClassLoader.loadClass;org.apache.lucene.index.SegmentMerger$Merger;org.apache.lucene.index.SegmentMerger.merge;110;org.dacapo.harness.DacapoClassLoader;org.dacapo.harness.DacapoClassLoader
ClassLoader.loadClass;org.apache.lucene.index.SegmentMerger$VoidMerger;org.apache.lucene.index.SegmentMerger.merge;134;org.dacapo.harness.DacapoClassLoader;org.dacapo.harness.DacapoClassLoader
ClassLoader.loadClass;org.apache.lucene.index.SegmentMerger;org.apache.lucene.index.IndexWriter.mergeMiddle;5148;org.dacapo.harness.DacapoClassLoader;org.dacapo.harness.DacapoClassLoader
ClassLoader.loadClass;org.apache.lucene.index.SegmentReadState;org.apache.lucene.index.IndexingChain.flush;250;org.dacapo.harness.DacapoClassLoader;org.dacapo.harness.DacapoClassLoader
ClassLoader.loadClass;org.apache.lucene.index.SegmentReader$1;org.apache.lucene.index.SegmentReader.<init>;359;org.dacapo.harness.DacapoClassLoader;org.dacapo.harness.DacapoClassLoader
ClassLoader.loadClass;org.apache.lucene.index.SegmentReader$2;org.apache.lucene.index.SegmentReader.<init>;384;org.dacapo.harness.DacapoClassLoader;org.dacapo.harness.DacapoClassLoader
ClassLoader.loadClass;org.apache.lucene.index.SegmentReader$3;org.apache.lucene.index.SegmentReader.<clinit>;437;org.dacapo.harness.DacapoClassLoader;org.dacapo.harness.DacapoClassLoader
ClassLoader.loadClass;org.apache.lucene.index.SegmentReader;org.apache.lucene.internal.tests.TestSecrets.<clinit>;49;org.dacapo.harness.DacapoClassLoader;org.dacapo.harness.DacapoClassLoader
ClassLoader.loadClass;org.apache.lucene.index.SegmentWriteState;org.apache.lucene.index.DocumentsWriterPerThread.flush;347;org.dacapo.harness.DacapoClassLoader;org.dacapo.harness.DacapoClassLoader
ClassLoader.loadClass;org.apache.lucene.index.SlowImpactsEnum;org.apache.lucene.codecs.lucene90.Lucene90PostingsFormat.fieldsProducer;424;org.dacapo.harness.DacapoClassLoader;org.dacapo.harness.DacapoClassLoader
ClassLoader.loadClass;org.apache.lucene.index.SortedDocValuesWriter;org.apache.lucene.index.DocumentsWriterPerThread.<init>;183;org.dacapo.harness.DacapoClassLoader;org.dacapo.harness.DacapoClassLoader
ClassLoader.loadClass;org.apache.lucene.index.SortedNumericDocValuesWriter;org.apache.lucene.index.DocumentsWriterPerThread.<init>;183;org.dacapo.harness.DacapoClassLoader;org.dacapo.harness.DacapoClassLoader
ClassLoader.loadClass;org.apache.lucene.index.SortedSetDocValuesWriter;org.apache.lucene.index.DocumentsWriterPerThread.<init>;183;org.dacapo.harness.DacapoClassLoader;org.dacapo.harness.DacapoClassLoader
ClassLoader.loadClass;org.apache.lucene.index.SortingStoredFieldsConsumer;org.apache.lucene.index.DocumentsWriterPerThread.<init>;183;org.dacapo.harness.DacapoClassLoader;org.dacapo.harness.DacapoClassLoader
ClassLoader.loadClass;org.apache.lucene.index.SortingTermVectorsConsumer;org.apache.lucene.index.DocumentsWriterPerThread.<init>;183;org.dacapo.harness.DacapoClassLoader;org.dacapo.harness.DacapoClassLoader
ClassLoader.loadClass;org.apache.lucene.index.StandardDirectoryReader;java.lang.Class.forName0;;org.dacapo.harness.DacapoClassLoader;org.dacapo.harness.DacapoClassLoader
ClassLoader.loadClass;org.apache.lucene.index.StoredFieldVisitor;java.lang.Class.forName0;;org.dacapo.harness.DacapoClassLoader;org.dacapo.harness.DacapoClassLoader
ClassLoader.loadClass;org.apache.lucene.index.StoredFields;java.lang.Class.forName0;;org.dacapo.harness.DacapoClassLoader;org.dacapo.harness.DacapoClassLoader
ClassLoader.loadClass;org.apache.lucene.index.StoredFieldsConsumer$1;org.apache.lucene.index.StoredFieldsConsumer.writeField;66;org.dacapo.harness.DacapoClassLoader;org.dacapo.harness.DacapoClassLoader
ClassLoader.loadClass;org.apache.lucene.index.StoredFieldsConsumer;org.apache.lucene.index.DocumentsWriterPerThread.<init>;183;org.dacapo.harness.DacapoClassLoader;org.dacapo.harness.DacapoClassLoader
ClassLoader.loadClass;org.apache.lucene.index.TermState;java.lang.ClassLoader.defineClass1;;org.dacapo.harness.DacapoClassLoader;org.dacapo.harness.DacapoClassLoader
ClassLoader.loadClass;org.apache.lucene.index.TermVectors;java.lang.Class.forName0;;org.dacapo.harness.DacapoClassLoader;org.dacapo.harness.DacapoClassLoader
ClassLoader.loadClass;org.apache.lucene.index.TermVectorsConsumer;org.apache.lucene.index.DocumentsWriterPerThread.<init>;183;org.dacapo.harness.DacapoClassLoader;org.dacapo.harness.DacapoClassLoader
ClassLoader.loadClass;org.apache.lucene.index.TermVectorsConsumerPerField$TermVectorsPostingsArray;org.apache.lucene.index.TermVectorsConsumer.addField;162;org.dacapo.harness.DacapoClassLoader;org.dacapo.harness.DacapoClassLoader
ClassLoader.loadClass;org.apache.lucene.index.TermVectorsConsumerPerField;org.apache.lucene.index.IndexingChain.<init>;116;org.dacapo.harness.DacapoClassLoader;org.dacapo.harness.DacapoClassLoader
ClassLoader.loadClass;org.apache.lucene.index.Terms$1;org.apache.lucene.index.FreqProxFields.terms;51;org.dacapo.harness.DacapoClassLoader;org.dacapo.harness.DacapoClassLoader
ClassLoader.loadClass;org.apache.lucene.index.Terms$2;org.apache.lucene.index.FreqProxFields.terms;51;org.dacapo.harness.DacapoClassLoader;org.dacapo.harness.DacapoClassLoader
ClassLoader.loadClass;org.apache.lucene.index.Terms;org.apache.lucene.index.FreqProxTermsWriter.flush;113;org.dacapo.harness.DacapoClassLoader;org.dacapo.harness.DacapoClassLoader
ClassLoader.loadClass;org.apache.lucene.index.TermsEnum$1;org.apache.lucene.index.FreqProxFields$FreqProxTerms.iterator;68;org.dacapo.harness.DacapoClassLoader;org.dacapo.harness.DacapoClassLoader
ClassLoader.loadClass;org.apache.lucene.index.TermsEnum;org.apache.lucene.index.FreqProxFields.terms;51;org.dacapo.harness.DacapoClassLoader;org.dacapo.harness.DacapoClassLoader
ClassLoader.loadClass;org.apache.lucene.index.TermsHash;java.lang.ClassLoader.defineClass1;;org.dacapo.harness.DacapoClassLoader;org.dacapo.harness.DacapoClassLoader
ClassLoader.loadClass;org.apache.lucene.index.TermsHashPerField$PostingsBytesStartArray;org.apache.lucene.index.FreqProxTermsWriter.addField;141;org.dacapo.harness.DacapoClassLoader;org.dacapo.harness.DacapoClassLoader
ClassLoader.loadClass;org.apache.lucene.index.TermsHashPerField;org.apache.lucene.index.IndexingChain.<init>;116;org.dacapo.harness.DacapoClassLoader;org.dacapo.harness.DacapoClassLoader
ClassLoader.loadClass;org.apache.lucene.index.TieredMergePolicy$1;org.apache.lucene.index.LiveIndexWriterConfig.<init>;133;org.dacapo.harness.DacapoClassLoader;org.dacapo.harness.DacapoClassLoader
ClassLoader.loadClass;org.apache.lucene.index.TieredMergePolicy$MergeScore;org.apache.lucene.index.LiveIndexWriterConfig.<init>;133;org.dacapo.harness.DacapoClassLoader;org.dacapo.harness.DacapoClassLoader
ClassLoader.loadClass;org.apache.lucene.index.TieredMergePolicy;org.dacapo.luindex.Index.indexLineDoc;104;org.dacapo.harness.DacapoClassLoader;org.dacapo.harness.DacapoClassLoader
ClassLoader.loadClass;org.apache.lucene.index.TwoPhaseCommit;java.lang.ClassLoader.defineClass1;;org.dacapo.harness.DacapoClassLoader;org.dacapo.harness.DacapoClassLoader
ClassLoader.loadClass;org.apache.lucene.index.VectorEncoding;org.apache.lucene.document.FieldType.<init>;48;org.dacapo.harness.DacapoClassLoader;org.dacapo.harness.DacapoClassLoader
ClassLoader.loadClass;org.apache.lucene.index.VectorSimilarityFunction$1;org.apache.lucene.document.FieldType.<init>;49;org.dacapo.harness.DacapoClassLoader;org.dacapo.harness.DacapoClassLoader
ClassLoader.loadClass;org.apache.lucene.index.VectorSimilarityFunction$2;org.apache.lucene.document.FieldType.<init>;49;org.dacapo.harness.DacapoClassLoader;org.dacapo.harness.DacapoClassLoader
ClassLoader.loadClass;org.apache.lucene.index.VectorSimilarityFunction$3;org.apache.lucene.document.FieldType.<init>;49;org.dacapo.harness.DacapoClassLoader;org.dacapo.harness.DacapoClassLoader
ClassLoader.loadClass;org.apache.lucene.index.VectorSimilarityFunction;org.apache.lucene.document.FieldType.<init>;49;org.dacapo.harness.DacapoClassLoader;org.dacapo.harness.DacapoClassLoader
ClassLoader.loadClass;org.apache.lucene.index.VectorValuesConsumer;org.apache.lucene.index.IndexingChain.<init>;110;org.dacapo.harness.DacapoClassLoader;org.dacapo.harness.DacapoClassLoader
ClassLoader.loadClass;org.apache.lucene.internal.tests.ConcurrentMergeSchedulerAccess;org.apache.lucene.index.LiveIndexWriterConfig.<init>;127;org.dacapo.harness.DacapoClassLoader;org.dacapo.harness.DacapoClassLoader
ClassLoader.loadClass;org.apache.lucene.internal.tests.IndexPackageAccess$FieldInfosBuilder;org.apache.lucene.index.IndexWriter.<clinit>;6520;org.dacapo.harness.DacapoClassLoader;org.dacapo.harness.DacapoClassLoader
ClassLoader.loadClass;org.apache.lucene.internal.tests.IndexPackageAccess;java.lang.Class.forName0;;org.dacapo.harness.DacapoClassLoader;org.dacapo.harness.DacapoClassLoader
ClassLoader.loadClass;org.apache.lucene.internal.tests.IndexWriterAccess;java.lang.Class.forName0;;org.dacapo.harness.DacapoClassLoader;org.dacapo.harness.DacapoClassLoader
ClassLoader.loadClass;org.apache.lucene.internal.tests.SegmentReaderAccess;java.lang.Class.forName0;;org.dacapo.harness.DacapoClassLoader;org.dacapo.harness.DacapoClassLoader
ClassLoader.loadClass;org.apache.lucene.internal.tests.TestSecrets;org.apache.lucene.index.ConcurrentMergeScheduler.<clinit>;905;org.dacapo.harness.DacapoClassLoader;org.dacapo.harness.DacapoClassLoader
ClassLoader.loadClass;org.apache.lucene.search.BulkScorer;org.apache.lucene.index.LiveIndexWriterConfig.<init>;126;org.dacapo.harness.DacapoClassLoader;org.dacapo.harness.DacapoClassLoader
ClassLoader.loadClass;org.apache.lucene.search.CollectionTerminatedException;org.apache.lucene.index.LiveIndexWriterConfig.<init>;126;org.dacapo.harness.DacapoClassLoader;org.dacapo.harness.DacapoClassLoader
ClassLoader.loadClass;org.apache.lucene.search.CollectorManager;org.apache.lucene.index.LiveIndexWriterConfig.<init>;126;org.dacapo.harness.DacapoClassLoader;org.dacapo.harness.DacapoClassLoader
ClassLoader.loadClass;org.apache.lucene.search.ConstantScoreQuery;org.apache.lucene.index.LiveIndexWriterConfig.<init>;126;org.dacapo.harness.DacapoClassLoader;org.dacapo.harness.DacapoClassLoader
ClassLoader.loadClass;org.apache.lucene.search.ConstantScoreWeight;java.lang.ClassLoader.defineClass1;;org.dacapo.harness.DacapoClassLoader;org.dacapo.harness.DacapoClassLoader
ClassLoader.loadClass;org.apache.lucene.search.DocIdSet$1;org.apache.lucene.index.NormValuesWriter.<init>;38;org.dacapo.harness.DacapoClassLoader;org.dacapo.harness.DacapoClassLoader
ClassLoader.loadClass;org.apache.lucene.search.DocIdSet$2;org.apache.lucene.index.NormValuesWriter.<init>;38;org.dacapo.harness.DacapoClassLoader;org.dacapo.harness.DacapoClassLoader
ClassLoader.loadClass;org.apache.lucene.search.DocIdSet;org.apache.lucene.search.IndexSearcher.<clinit>;99;org.dacapo.harness.DacapoClassLoader;org.dacapo.harness.DacapoClassLoader
ClassLoader.loadClass;org.apache.lucene.search.DocIdSetIterator$1;org.apache.lucene.index.NormValuesWriter$1.getNorms;92;org.dacapo.harness.DacapoClassLoader;org.dacapo.harness.DacapoClassLoader
ClassLoader.loadClass;org.apache.lucene.search.DocIdSetIterator$2;org.apache.lucene.index.NormValuesWriter$1.getNorms;92;org.dacapo.harness.DacapoClassLoader;org.dacapo.harness.DacapoClassLoader
ClassLoader.loadClass;org.apache.lucene.search.DocIdSetIterator$3;org.apache.lucene.index.NormValuesWriter$1.getNorms;92;org.dacapo.harness.DacapoClassLoader;org.dacapo.harness.DacapoClassLoader
ClassLoader.loadClass;org.apache.lucene.search.DocIdSetIterator;java.lang.ClassLoader.defineClass1;;org.dacapo.harness.DacapoClassLoader;org.dacapo.harness.DacapoClassLoader
ClassLoader.loadClass;org.apache.lucene.search.IndexSearcher$3;org.apache.lucene.index.LiveIndexWriterConfig.<init>;126;org.dacapo.harness.DacapoClassLoader;org.dacapo.harness.DacapoClassLoader
ClassLoader.loadClass;org.apache.lucene.search.IndexSearcher;org.apache.lucene.index.LiveIndexWriterConfig.<init>;126;org.dacapo.harness.DacapoClassLoader;org.dacapo.harness.DacapoClassLoader
ClassLoader.loadClass;org.apache.lucene.search.LRUQueryCache$CachingWrapperWeight;org.apache.lucene.search.IndexSearcher.<clinit>;99;org.dacapo.harness.DacapoClassLoader;org.dacapo.harness.DacapoClassLoader
ClassLoader.loadClass;org.apache.lucene.search.LRUQueryCache$MinSegmentSizePredicate;org.apache.lucene.search.LRUQueryCache.<init>;148;org.dacapo.harness.DacapoClassLoader;org.dacapo.harness.DacapoClassLoader
ClassLoader.loadClass;org.apache.lucene.search.LRUQueryCache;org.apache.lucene.search.IndexSearcher.<clinit>;99;org.dacapo.harness.DacapoClassLoader;org.dacapo.harness.DacapoClassLoader
ClassLoader.loadClass;org.apache.lucene.search.LeafCollector;org.apache.lucene.search.IndexSearcher.<clinit>;99;org.dacapo.harness.DacapoClassLoader;org.dacapo.harness.DacapoClassLoader
ClassLoader.loadClass;org.apache.lucene.search.Query;org.apache.lucene.index.LiveIndexWriterConfig.<init>;126;org.dacapo.harness.DacapoClassLoader;org.dacapo.harness.DacapoClassLoader
ClassLoader.loadClass;org.apache.lucene.search.QueryCache;org.apache.lucene.index.LiveIndexWriterConfig.<init>;126;org.dacapo.harness.DacapoClassLoader;org.dacapo.harness.DacapoClassLoader
ClassLoader.loadClass;org.apache.lucene.search.QueryCachingPolicy;org.apache.lucene.index.LiveIndexWriterConfig.<init>;126;org.dacapo.harness.DacapoClassLoader;org.dacapo.harness.DacapoClassLoader
ClassLoader.loadClass;org.apache.lucene.search.QueryVisitor;org.apache.lucene.index.LiveIndexWriterConfig.<init>;126;org.dacapo.harness.DacapoClassLoader;org.dacapo.harness.DacapoClassLoader
ClassLoader.loadClass;org.apache.lucene.search.QueueSizeBasedExecutor;org.apache.lucene.index.LiveIndexWriterConfig.<init>;126;org.dacapo.harness.DacapoClassLoader;org.dacapo.harness.DacapoClassLoader
ClassLoader.loadClass;org.apache.lucene.search.SegmentCacheable;java.lang.ClassLoader.defineClass1;;org.dacapo.harness.DacapoClassLoader;org.dacapo.harness.DacapoClassLoader
ClassLoader.loadClass;org.apache.lucene.search.SliceExecutor;org.apache.lucene.index.LiveIndexWriterConfig.<init>;126;org.dacapo.harness.DacapoClassLoader;org.dacapo.harness.DacapoClassLoader
ClassLoader.loadClass;org.apache.lucene.search.TimeLimitingBulkScorer$TimeExceededException;org.apache.lucene.index.LiveIndexWriterConfig.<init>;126;org.dacapo.harness.DacapoClassLoader;org.dacapo.harness.DacapoClassLoader
ClassLoader.loadClass;org.apache.lucene.search.TimeLimitingBulkScorer;org.apache.lucene.index.LiveIndexWriterConfig.<init>;126;org.dacapo.harness.DacapoClassLoader;org.dacapo.harness.DacapoClassLoader
ClassLoader.loadClass;org.apache.lucene.search.TopDocs;org.apache.lucene.index.LiveIndexWriterConfig.<init>;126;org.dacapo.harness.DacapoClassLoader;org.dacapo.harness.DacapoClassLoader
ClassLoader.loadClass;org.apache.lucene.search.TopFieldDocs;org.apache.lucene.index.LiveIndexWriterConfig.<init>;126;org.dacapo.harness.DacapoClassLoader;org.dacapo.harness.DacapoClassLoader
ClassLoader.loadClass;org.apache.lucene.search.UsageTrackingQueryCachingPolicy;org.apache.lucene.search.IndexSearcher.<clinit>;87;org.dacapo.harness.DacapoClassLoader;org.dacapo.harness.DacapoClassLoader
ClassLoader.loadClass;org.apache.lucene.search.Weight;org.apache.lucene.search.IndexSearcher.<clinit>;99;org.dacapo.harness.DacapoClassLoader;org.dacapo.harness.DacapoClassLoader
ClassLoader.loadClass;org.apache.lucene.search.similarities.BM25Similarity$BM25Scorer;org.apache.lucene.search.IndexSearcher.<clinit>;132;org.dacapo.harness.DacapoClassLoader;org.dacapo.harness.DacapoClassLoader
ClassLoader.loadClass;org.apache.lucene.search.similarities.BM25Similarity;org.apache.lucene.index.LiveIndexWriterConfig.<init>;126;org.dacapo.harness.DacapoClassLoader;org.dacapo.harness.DacapoClassLoader
ClassLoader.loadClass;org.apache.lucene.search.similarities.Similarity$SimScorer;org.apache.lucene.search.IndexSearcher.<clinit>;132;org.dacapo.harness.DacapoClassLoader;org.dacapo.harness.DacapoClassLoader
ClassLoader.loadClass;org.apache.lucene.search.similarities.Similarity;org.apache.lucene.index.LiveIndexWriterConfig.<init>;126;org.dacapo.harness.DacapoClassLoader;org.dacapo.harness.DacapoClassLoader
ClassLoader.loadClass;org.apache.lucene.store.AlreadyClosedException;org.apache.lucene.analysis.Analyzer.<clinit>;468;org.dacapo.harness.DacapoClassLoader;org.dacapo.harness.DacapoClassLoader
ClassLoader.loadClass;org.apache.lucene.store.BaseDirectory;java.lang.ClassLoader.defineClass1;;org.dacapo.harness.DacapoClassLoader;org.dacapo.harness.DacapoClassLoader
ClassLoader.loadClass;org.apache.lucene.store.BufferedChecksum;org.apache.lucene.store.BufferedChecksumIndexInput.<init>;34;org.dacapo.harness.DacapoClassLoader;org.dacapo.harness.DacapoClassLoader
ClassLoader.loadClass;org.apache.lucene.store.BufferedChecksumIndexInput;org.dacapo.luindex.Index.indexLineDoc;107;org.dacapo.harness.DacapoClassLoader;org.dacapo.harness.DacapoClassLoader
ClassLoader.loadClass;org.apache.lucene.store.ByteArrayDataInput;org.apache.lucene.codecs.lucene90.blocktree.FieldReader.<init>;84;org.dacapo.harness.DacapoClassLoader;org.dacapo.harness.DacapoClassLoader
ClassLoader.loadClass;org.apache.lucene.store.ByteArrayDataOutput;org.apache.lucene.codecs.lucene90.blocktree.Lucene90BlockTreeTermsWriter.write;356;org.dacapo.harness.DacapoClassLoader;org.dacapo.harness.DacapoClassLoader
ClassLoader.loadClass;org.apache.lucene.store.ByteBufferGuard$BufferCleaner;org.apache.lucene.store.MappedByteBufferIndexInputProvider.newBufferCleaner;194;org.dacapo.harness.DacapoClassLoader;org.dacapo.harness.DacapoClassLoader
ClassLoader.loadClass;org.apache.lucene.store.ByteBufferGuard;java.lang.Class.getDeclaringClass0;;org.dacapo.harness.DacapoClassLoader;org.dacapo.harness.DacapoClassLoader
ClassLoader.loadClass;org.apache.lucene.store.ByteBufferIndexInput$MultiBufferImpl;org.apache.lucene.store.MappedByteBufferIndexInputProvider.openInput;76;org.dacapo.harness.DacapoClassLoader;org.dacapo.harness.DacapoClassLoader
ClassLoader.loadClass;org.apache.lucene.store.ByteBufferIndexInput$SingleBufferImpl;org.apache.lucene.store.MappedByteBufferIndexInputProvider.openInput;76;org.dacapo.harness.DacapoClassLoader;org.dacapo.harness.DacapoClassLoader
ClassLoader.loadClass;org.apache.lucene.store.ByteBufferIndexInput;org.apache.lucene.store.MMapDirectory.lookupProvider;444;org.dacapo.harness.DacapoClassLoader;org.dacapo.harness.DacapoClassLoader
ClassLoader.loadClass;org.apache.lucene.store.ByteBuffersDataInput;org.apache.lucene.codecs.lucene90.LZ4WithPresetDictCompressionMode$LZ4WithPresetDictCompressor.<init>;158;org.dacapo.harness.DacapoClassLoader;org.dacapo.harness.DacapoClassLoader
ClassLoader.loadClass;org.apache.lucene.store.ByteBuffersDataOutput$ByteBufferRecycler;org.apache.lucene.store.ByteBuffersDataOutput.newResettableInstance;488;org.dacapo.harness.DacapoClassLoader;org.dacapo.harness.DacapoClassLoader
ClassLoader.loadClass;org.apache.lucene.store.ByteBuffersDataOutput;org.apache.lucene.codecs.lucene90.compressing.Lucene90CompressingStoredFieldsFormat.fieldsWriter;140;org.dacapo.harness.DacapoClassLoader;org.dacapo.harness.DacapoClassLoader
ClassLoader.loadClass;org.apache.lucene.store.ChecksumIndexInput;org.apache.lucene.backward_codecs.lucene80.Lucene80Codec.<init>;49;org.dacapo.harness.DacapoClassLoader;org.dacapo.harness.DacapoClassLoader
ClassLoader.loadClass;org.apache.lucene.store.DataInput;org.apache.lucene.backward_codecs.lucene80.Lucene80Codec.<init>;49;org.dacapo.harness.DacapoClassLoader;org.dacapo.harness.DacapoClassLoader
ClassLoader.loadClass;org.apache.lucene.store.DataOutput;org.apache.lucene.backward_codecs.lucene80.Lucene80Codec.<init>;49;org.dacapo.harness.DacapoClassLoader;org.dacapo.harness.DacapoClassLoader
ClassLoader.loadClass;org.apache.lucene.store.Directory;java.lang.Class.forName0;;org.dacapo.harness.DacapoClassLoader;org.dacapo.harness.DacapoClassLoader
ClassLoader.loadClass;org.apache.lucene.store.FSDirectory$FSIndexOutput$1;org.apache.lucene.store.FSDirectory.createOutput;220;org.dacapo.harness.DacapoClassLoader;org.dacapo.harness.DacapoClassLoader
ClassLoader.loadClass;org.apache.lucene.store.FSDirectory$FSIndexOutput;org.dacapo.luindex.Index.indexLineDoc;107;org.dacapo.harness.DacapoClassLoader;org.dacapo.harness.DacapoClassLoader
ClassLoader.loadClass;org.apache.lucene.store.FSDirectory;java.lang.Class.forName0;;org.dacapo.harness.DacapoClassLoader;org.dacapo.harness.DacapoClassLoader
ClassLoader.loadClass;org.apache.lucene.store.FSLockFactory;org.dacapo.luindex.Index.indexLineDoc;107;org.dacapo.harness.DacapoClassLoader;org.dacapo.harness.DacapoClassLoader
ClassLoader.loadClass;org.apache.lucene.store.FilterDirectory;java.lang.ClassLoader.defineClass1;;org.dacapo.harness.DacapoClassLoader;org.dacapo.harness.DacapoClassLoader
ClassLoader.loadClass;org.apache.lucene.store.FilterIndexOutput;java.lang.ClassLoader.defineClass1;;org.dacapo.harness.DacapoClassLoader;org.dacapo.harness.DacapoClassLoader
ClassLoader.loadClass;org.apache.lucene.store.FlushInfo;org.apache.lucene.index.DocumentsWriterPerThread.flush;352;org.dacapo.harness.DacapoClassLoader;org.dacapo.harness.DacapoClassLoader
ClassLoader.loadClass;org.apache.lucene.store.IOContext$Context;org.apache.lucene.store.IOContext.<clinit>;55;org.dacapo.harness.DacapoClassLoader;org.dacapo.harness.DacapoClassLoader
ClassLoader.loadClass;org.apache.lucene.store.IOContext;org.apache.lucene.store.MMapDirectory.<clinit>;105;org.dacapo.harness.DacapoClassLoader;org.dacapo.harness.DacapoClassLoader
ClassLoader.loadClass;org.apache.lucene.store.IndexInput;java.lang.ClassLoader.defineClass1;;org.dacapo.harness.DacapoClassLoader;org.dacapo.harness.DacapoClassLoader
ClassLoader.loadClass;org.apache.lucene.store.IndexOutput;org.apache.lucene.backward_codecs.lucene80.Lucene80Codec.<init>;49;org.dacapo.harness.DacapoClassLoader;org.dacapo.harness.DacapoClassLoader
ClassLoader.loadClass;org.apache.lucene.store.InputStreamDataInput;org.apache.lucene.util.fst.FSTCompiler.<init>;122;org.dacapo.harness.DacapoClassLoader;org.dacapo.harness.DacapoClassLoader
ClassLoader.loadClass;org.apache.lucene.store.Lock;org.apache.lucene.store.FSLockFactory.getDefault;32;org.dacapo.harness.DacapoClassLoader;org.dacapo.harness.DacapoClassLoader
ClassLoader.loadClass;org.apache.lucene.store.LockFactory;org.dacapo.luindex.Index.indexLineDoc;107;org.dacapo.harness.DacapoClassLoader;org.dacapo.harness.DacapoClassLoader
ClassLoader.loadClass;org.apache.lucene.store.LockObtainFailedException;org.apache.lucene.store.FSLockFactory.getDefault;32;org.dacapo.harness.DacapoClassLoader;org.dacapo.harness.DacapoClassLoader
ClassLoader.loadClass;org.apache.lucene.store.LockValidatingDirectoryWrapper;java.lang.Class.forName0;;org.dacapo.harness.DacapoClassLoader;org.dacapo.harness.DacapoClassLoader
ClassLoader.loadClass;org.apache.lucene.store.MMapDirectory$MMapIndexInputProvider;org.apache.lucene.store.FSDirectory.open;161;org.dacapo.harness.DacapoClassLoader;org.dacapo.harness.DacapoClassLoader
ClassLoader.loadClass;org.apache.lucene.store.MMapDirectory;org.dacapo.luindex.Index.indexLineDoc;107;org.dacapo.harness.DacapoClassLoader;org.dacapo.harness.DacapoClassLoader
ClassLoader.loadClass;org.apache.lucene.store.MappedByteBufferIndexInputProvider;org.apache.lucene.store.MMapDirectory.lookupProvider;444;org.dacapo.harness.DacapoClassLoader;org.dacapo.harness.DacapoClassLoader
ClassLoader.loadClass;org.apache.lucene.store.MergeInfo;org.apache.lucene.index.MergePolicy$OneMerge.getStoreMergeInfo;367;org.dacapo.harness.DacapoClassLoader;org.dacapo.harness.DacapoClassLoader
ClassLoader.loadClass;org.apache.lucene.store.NIOFSDirectory;org.dacapo.luindex.Index.indexLineDoc;107;org.dacapo.harness.DacapoClassLoader;org.dacapo.harness.DacapoClassLoader
ClassLoader.loadClass;org.apache.lucene.store.NativeFSLockFactory$NativeFSLock;org.apache.lucene.store.FSLockFactory.getDefault;32;org.dacapo.harness.DacapoClassLoader;org.dacapo.harness.DacapoClassLoader
ClassLoader.loadClass;org.apache.lucene.store.NativeFSLockFactory;org.apache.lucene.store.FSDirectory.open;156;org.dacapo.harness.DacapoClassLoader;org.dacapo.harness.DacapoClassLoader
ClassLoader.loadClass;org.apache.lucene.store.OutputStreamDataOutput;org.apache.lucene.util.fst.FSTCompiler.<init>;122;org.dacapo.harness.DacapoClassLoader;org.dacapo.harness.DacapoClassLoader
ClassLoader.loadClass;org.apache.lucene.store.OutputStreamIndexOutput$XBufferedOutputStream;org.apache.lucene.store.FSDirectory.createOutput;220;org.dacapo.harness.DacapoClassLoader;org.dacapo.harness.DacapoClassLoader
ClassLoader.loadClass;org.apache.lucene.store.OutputStreamIndexOutput;java.lang.ClassLoader.defineClass1;;org.dacapo.harness.DacapoClassLoader;org.dacapo.harness.DacapoClassLoader
ClassLoader.loadClass;org.apache.lucene.store.RandomAccessInput;java.lang.ClassLoader.defineClass1;;org.dacapo.harness.DacapoClassLoader;org.dacapo.harness.DacapoClassLoader
ClassLoader.loadClass;org.apache.lucene.store.RateLimitedIndexOutput;org.apache.lucene.index.ConcurrentMergeScheduler.wrapForMerge;272;org.dacapo.harness.DacapoClassLoader;org.dacapo.harness.DacapoClassLoader
ClassLoader.loadClass;org.apache.lucene.store.RateLimiter;org.apache.lucene.index.LiveIndexWriterConfig.<init>;127;org.dacapo.harness.DacapoClassLoader;org.dacapo.harness.DacapoClassLoader
ClassLoader.loadClass;org.apache.lucene.store.TrackingDirectoryWrapper;java.lang.Class.forName0;;org.dacapo.harness.DacapoClassLoader;org.dacapo.harness.DacapoClassLoader
ClassLoader.loadClass;org.apache.lucene.util.Accountable;java.lang.ClassLoader.defineClass1;;org.dacapo.harness.DacapoClassLoader;org.dacapo.harness.DacapoClassLoader
ClassLoader.loadClass;org.apache.lucene.util.ArrayTimSorter;org.apache.lucene.util.ArrayUtil.timSort;532;org.dacapo.harness.DacapoClassLoader;org.dacapo.harness.DacapoClassLoader
ClassLoader.loadClass;org.apache.lucene.util.ArrayUtil;org.apache.lucene.index.IndexWriter.<clinit>;249;org.dacapo.harness.DacapoClassLoader;org.dacapo.harness.DacapoClassLoader
ClassLoader.loadClass;org.apache.lucene.util.Attribute;java.lang.ClassLoader.defineClass1;;org.dacapo.harness.DacapoClassLoader;org.dacapo.harness.DacapoClassLoader
ClassLoader.loadClass;org.apache.lucene.util.AttributeFactory$1;org.apache.lucene.analysis.TokenStream.<clinit>;81;org.dacapo.harness.DacapoClassLoader;org.dacapo.harness.DacapoClassLoader
ClassLoader.loadClass;org.apache.lucene.util.AttributeFactory$DefaultAttributeFactory$1;org.apache.lucene.util.AttributeFactory.<clinit>;56;org.dacapo.harness.DacapoClassLoader;org.dacapo.harness.DacapoClassLoader
ClassLoader.loadClass;org.apache.lucene.util.AttributeFactory$DefaultAttributeFactory;org.apache.lucene.analysis.TokenStream.<clinit>;81;org.dacapo.harness.DacapoClassLoader;org.dacapo.harness.DacapoClassLoader
ClassLoader.loadClass;org.apache.lucene.util.AttributeFactory$StaticImplementationAttributeFactory;java.lang.ClassLoader.defineClass1;;org.dacapo.harness.DacapoClassLoader;org.dacapo.harness.DacapoClassLoader
ClassLoader.loadClass;org.apache.lucene.util.AttributeFactory;org.apache.lucene.analysis.TokenStream.<clinit>;81;org.dacapo.harness.DacapoClassLoader;org.dacapo.harness.DacapoClassLoader
ClassLoader.loadClass;org.apache.lucene.util.AttributeImpl;org.apache.lucene.util.AttributeFactory.<clinit>;49;org.dacapo.harness.DacapoClassLoader;org.dacapo.harness.DacapoClassLoader
ClassLoader.loadClass;org.apache.lucene.util.AttributeReflector;org.apache.lucene.document.Field.tokenStream;469;org.dacapo.harness.DacapoClassLoader;org.dacapo.harness.DacapoClassLoader
ClassLoader.loadClass;org.apache.lucene.util.AttributeSource$2;org.apache.lucene.document.Field.tokenStream;469;org.dacapo.harness.DacapoClassLoader;org.dacapo.harness.DacapoClassLoader
ClassLoader.loadClass;org.apache.lucene.util.AttributeSource$State;org.apache.lucene.util.AttributeSource.<init>;94;org.dacapo.harness.DacapoClassLoader;org.dacapo.harness.DacapoClassLoader
ClassLoader.loadClass;org.apache.lucene.util.AttributeSource;java.lang.ClassLoader.defineClass1;;org.dacapo.harness.DacapoClassLoader;org.dacapo.harness.DacapoClassLoader
ClassLoader.loadClass;org.apache.lucene.util.BitDocIdSet;org.apache.lucene.search.IndexSearcher.<clinit>;99;org.dacapo.harness.DacapoClassLoader;org.dacapo.harness.DacapoClassLoader
ClassLoader.loadClass;org.apache.lucene.util.BitSet;org.apache.lucene.search.IndexSearcher.<clinit>;99;org.dacapo.harness.DacapoClassLoader;org.dacapo.harness.DacapoClassLoader
ClassLoader.loadClass;org.apache.lucene.util.BitSetIterator;org.apache.lucene.index.NormValuesWriter.<init>;38;org.dacapo.harness.DacapoClassLoader;org.dacapo.harness.DacapoClassLoader
ClassLoader.loadClass;org.apache.lucene.util.BitUtil;org.apache.lucene.util.StringHelper.murmurhash3_x86_32;167;org.dacapo.harness.DacapoClassLoader;org.dacapo.harness.DacapoClassLoader
ClassLoader.loadClass;org.apache.lucene.util.Bits;java.lang.ClassLoader.defineClass1;;org.dacapo.harness.DacapoClassLoader;org.dacapo.harness.DacapoClassLoader
ClassLoader.loadClass;org.apache.lucene.util.ByteBlockPool$Allocator;org.apache.lucene.index.DocumentsWriterPerThread.<init>;183;org.dacapo.harness.DacapoClassLoader;org.dacapo.harness.DacapoClassLoader
ClassLoader.loadClass;org.apache.lucene.util.ByteBlockPool$DirectAllocator;org.apache.lucene.index.TermsHashPerField.<init>;81;org.dacapo.harness.DacapoClassLoader;org.dacapo.harness.DacapoClassLoader
ClassLoader.loadClass;org.apache.lucene.util.ByteBlockPool$DirectTrackingAllocator;org.apache.lucene.index.DocumentsWriterPerThread.<init>;183;org.dacapo.harness.DacapoClassLoader;org.dacapo.harness.DacapoClassLoader
ClassLoader.loadClass;org.apache.lucene.util.ByteBlockPool;org.apache.lucene.index.TermsHash.<init>;50;org.dacapo.harness.DacapoClassLoader;org.dacapo.harness.DacapoClassLoader
ClassLoader.loadClass;org.apache.lucene.util.BytesRef;org.apache.lucene.codecs.lucene90.blocktree.Lucene90BlockTreeTermsWriter.<clinit>;550;org.dacapo.harness.DacapoClassLoader;org.dacapo.harness.DacapoClassLoader
ClassLoader.loadClass;org.apache.lucene.util.BytesRefBuilder;org.apache.lucene.analysis.tokenattributes.CharTermAttributeImpl.<init>;39;org.dacapo.harness.DacapoClassLoader;org.dacapo.harness.DacapoClassLoader
ClassLoader.loadClass;org.apache.lucene.util.BytesRefHash$1;org.apache.lucene.util.BytesRefHash.sort;152;org.dacapo.harness.DacapoClassLoader;org.dacapo.harness.DacapoClassLoader
ClassLoader.loadClass;org.apache.lucene.util.BytesRefHash$BytesStartArray;org.apache.lucene.index.FreqProxTermsWriter.addField;141;org.dacapo.harness.DacapoClassLoader;org.dacapo.harness.DacapoClassLoader
ClassLoader.loadClass;org.apache.lucene.util.BytesRefHash$DirectBytesStartArray;org.apache.lucene.index.TermsHashPerField.<init>;81;org.dacapo.harness.DacapoClassLoader;org.dacapo.harness.DacapoClassLoader
ClassLoader.loadClass;org.apache.lucene.util.BytesRefHash$MaxBytesLengthExceededException;org.apache.lucene.index.IndexingChain.getOrAddPerField;747;org.dacapo.harness.DacapoClassLoader;org.dacapo.harness.DacapoClassLoader
ClassLoader.loadClass;org.apache.lucene.util.BytesRefHash;org.apache.lucene.index.TermsHashPerField.<init>;81;org.dacapo.harness.DacapoClassLoader;org.dacapo.harness.DacapoClassLoader
ClassLoader.loadClass;org.apache.lucene.util.BytesRefIterator;java.lang.ClassLoader.defineClass1;;org.dacapo.harness.DacapoClassLoader;org.dacapo.harness.DacapoClassLoader
ClassLoader.loadClass;org.apache.lucene.util.ClassLoaderUtils;org.apache.lucene.util.NamedSPILoader.<init>;49;org.dacapo.harness.DacapoClassLoader;org.dacapo.harness.DacapoClassLoader
ClassLoader.loadClass;org.apache.lucene.util.CloseableThreadLocal;org.apache.lucene.analysis.Analyzer.<init>;91;org.dacapo.harness.DacapoClassLoader;org.dacapo.harness.DacapoClassLoader
ClassLoader.loadClass;org.apache.lucene.util.CollectionUtil$ListIntroSorter;org.apache.lucene.util.CollectionUtil.introSort;156;org.dacapo.harness.DacapoClassLoader;org.dacapo.harness.DacapoClassLoader
ClassLoader.loadClass;org.apache.lucene.util.CollectionUtil;org.apache.lucene.index.IndexFileDeleter.<init>;213;org.dacapo.harness.DacapoClassLoader;org.dacapo.harness.DacapoClassLoader
ClassLoader.loadClass;org.apache.lucene.util.Constants;org.apache.lucene.util.RamUsageEstimator.<clinit>;120;org.dacapo.harness.DacapoClassLoader;org.dacapo.harness.DacapoClassLoader
ClassLoader.loadClass;org.apache.lucene.util.Counter$AtomicCounter;org.apache.lucene.index.BufferedUpdates.<init>;78;org.dacapo.harness.DacapoClassLoader;org.dacapo.harness.DacapoClassLoader
ClassLoader.loadClass;org.apache.lucene.util.Counter$SerialCounter;org.apache.lucene.index.BufferedUpdates.<init>;78;org.dacapo.harness.DacapoClassLoader;org.dacapo.harness.DacapoClassLoader
ClassLoader.loadClass;org.apache.lucene.util.Counter;org.apache.lucene.index.BufferedUpdates.<init>;78;org.dacapo.harness.DacapoClassLoader;org.dacapo.harness.DacapoClassLoader
ClassLoader.loadClass;org.apache.lucene.util.FileDeleter$MsgType;org.apache.lucene.index.IndexFileDeleter.<init>;138;org.dacapo.harness.DacapoClassLoader;org.dacapo.harness.DacapoClassLoader
ClassLoader.loadClass;org.apache.lucene.util.FileDeleter$RefCount;org.apache.lucene.util.FileDeleter.<clinit>;54;org.dacapo.harness.DacapoClassLoader;org.dacapo.harness.DacapoClassLoader
ClassLoader.loadClass;org.apache.lucene.util.FileDeleter;org.apache.lucene.index.IndexFileDeleter.<init>;138;org.dacapo.harness.DacapoClassLoader;org.dacapo.harness.DacapoClassLoader
ClassLoader.loadClass;org.apache.lucene.util.FixedBitSet;org.apache.lucene.search.IndexSearcher.<clinit>;99;org.dacapo.harness.DacapoClassLoader;org.dacapo.harness.DacapoClassLoader
ClassLoader.loadClass;org.apache.lucene.util.FrequencyTrackingRingBuffer$IntBag;java.lang.Class.getDeclaredFields0;;org.dacapo.harness.DacapoClassLoader;org.dacapo.harness.DacapoClassLoader
ClassLoader.loadClass;org.apache.lucene.util.FrequencyTrackingRingBuffer;org.apache.lucene.search.UsageTrackingQueryCachingPolicy.<init>;107;org.dacapo.harness.DacapoClassLoader;org.dacapo.harness.DacapoClassLoader
ClassLoader.loadClass;org.apache.lucene.util.IOConsumer;org.apache.lucene.index.DocumentsWriterPerThread.sealFlushedSegment;551;org.dacapo.harness.DacapoClassLoader;org.dacapo.harness.DacapoClassLoader
ClassLoader.loadClass;org.apache.lucene.util.IOFunction;org.apache.lucene.index.IndexWriter.mergeMiddle;5093;org.dacapo.harness.DacapoClassLoader;org.dacapo.harness.DacapoClassLoader
ClassLoader.loadClass;org.apache.lucene.util.IOSupplier;org.apache.lucene.index.ReadersAndUpdates.numDeletesToMerge;239;org.dacapo.harness.DacapoClassLoader;org.dacapo.harness.DacapoClassLoader
ClassLoader.loadClass;org.apache.lucene.util.IOUtils$IOConsumer;java.lang.ClassLoader.defineClass1;;org.dacapo.harness.DacapoClassLoader;org.dacapo.harness.DacapoClassLoader
ClassLoader.loadClass;org.apache.lucene.util.IOUtils$IOFunction;java.lang.ClassLoader.defineClass1;;org.dacapo.harness.DacapoClassLoader;org.dacapo.harness.DacapoClassLoader
ClassLoader.loadClass;org.apache.lucene.util.IOUtils;org.apache.lucene.index.IndexingChain.writeNorms;468;org.dacapo.harness.DacapoClassLoader;org.dacapo.harness.DacapoClassLoader
ClassLoader.loadClass;org.apache.lucene.util.InfoStream$NoOutput;org.apache.lucene.index.LiveIndexWriterConfig.<init>;132;org.dacapo.harness.DacapoClassLoader;org.dacapo.harness.DacapoClassLoader
ClassLoader.loadClass;org.apache.lucene.util.InfoStream;org.dacapo.luindex.Index.indexLineDoc;104;org.dacapo.harness.DacapoClassLoader;org.dacapo.harness.DacapoClassLoader
ClassLoader.loadClass;org.apache.lucene.util.IntBlockPool$Allocator;org.apache.lucene.index.DocumentsWriterPerThread.<init>;183;org.dacapo.harness.DacapoClassLoader;org.dacapo.harness.DacapoClassLoader
ClassLoader.loadClass;org.apache.lucene.util.IntBlockPool$DirectAllocator;org.apache.lucene.index.TermsHash.<init>;49;org.dacapo.harness.DacapoClassLoader;org.dacapo.harness.DacapoClassLoader
ClassLoader.loadClass;org.apache.lucene.util.IntBlockPool;org.apache.lucene.index.TermsHash.<init>;49;org.dacapo.harness.DacapoClassLoader;org.dacapo.harness.DacapoClassLoader
ClassLoader.loadClass;org.apache.lucene.util.IntroSorter;java.lang.ClassLoader.defineClass1;;org.dacapo.harness.DacapoClassLoader;org.dacapo.harness.DacapoClassLoader
ClassLoader.loadClass;org.apache.lucene.util.IntsRef;org.apache.lucene.util.IntsRefBuilder.<init>;30;org.dacapo.harness.DacapoClassLoader;org.dacapo.harness.DacapoClassLoader
ClassLoader.loadClass;org.apache.lucene.util.IntsRefBuilder;org.apache.lucene.codecs.lucene90.blocktree.Lucene90BlockTreeTermsWriter.<init>;548;org.dacapo.harness.DacapoClassLoader;org.dacapo.harness.DacapoClassLoader
ClassLoader.loadClass;org.apache.lucene.util.LongHeap;org.apache.lucene.codecs.lucene90.PForUtil.encode;63;org.dacapo.harness.DacapoClassLoader;org.dacapo.harness.DacapoClassLoader
ClassLoader.loadClass;org.apache.lucene.util.LongValues$1;org.apache.lucene.index.NormValuesWriter.<init>;39;org.dacapo.harness.DacapoClassLoader;org.dacapo.harness.DacapoClassLoader
ClassLoader.loadClass;org.apache.lucene.util.LongValues$2;org.apache.lucene.index.NormValuesWriter.<init>;39;org.dacapo.harness.DacapoClassLoader;org.dacapo.harness.DacapoClassLoader
ClassLoader.loadClass;org.apache.lucene.util.LongValues;java.lang.ClassLoader.defineClass1;;org.dacapo.harness.DacapoClassLoader;org.dacapo.harness.DacapoClassLoader
ClassLoader.loadClass;org.apache.lucene.util.LongsRef;org.apache.lucene.codecs.lucene90.compressing.Lucene90CompressingStoredFieldsReader$BlockState.<init>;400;org.dacapo.harness.DacapoClassLoader;org.dacapo.harness.DacapoClassLoader
ClassLoader.loadClass;org.apache.lucene.util.MSBRadixSorter$1;org.apache.lucene.util.BytesRefHash.sort;152;org.dacapo.harness.DacapoClassLoader;org.dacapo.harness.DacapoClassLoader
ClassLoader.loadClass;org.apache.lucene.util.MSBRadixSorter;java.lang.ClassLoader.defineClass1;;org.dacapo.harness.DacapoClassLoader;org.dacapo.harness.DacapoClassLoader
ClassLoader.loadClass;org.apache.lucene.util.MathUtil;org.apache.lucene.util.IntroSorter.sort;44;org.dacapo.harness.DacapoClassLoader;org.dacapo.harness.DacapoClassLoader
ClassLoader.loadClass;org.apache.lucene.util.MergedIterator$SubIterator;org.apache.lucene.util.MergedIterator.<init>;61;org.dacapo.harness.DacapoClassLoader;org.dacapo.harness.DacapoClassLoader
ClassLoader.loadClass;org.apache.lucene.util.MergedIterator$TermMergeQueue;org.apache.lucene.util.MergedIterator.<init>;60;org.dacapo.harness.DacapoClassLoader;org.dacapo.harness.DacapoClassLoader
ClassLoader.loadClass;org.apache.lucene.util.MergedIterator;org.apache.lucene.codecs.perfield.PerFieldPostingsFormat$FieldsWriter.lambda$merge$1;187;org.dacapo.harness.DacapoClassLoader;org.dacapo.harness.DacapoClassLoader
ClassLoader.loadClass;org.apache.lucene.util.NamedSPILoader$NamedSPI;java.lang.ClassLoader.defineClass1;;org.dacapo.harness.DacapoClassLoader;org.dacapo.harness.DacapoClassLoader
ClassLoader.loadClass;org.apache.lucene.util.NamedSPILoader;org.apache.lucene.codecs.Codec$Holder.<clinit>;45;org.dacapo.harness.DacapoClassLoader;org.dacapo.harness.DacapoClassLoader
ClassLoader.loadClass;org.apache.lucene.util.PrintStreamInfoStream;org.dacapo.luindex.Index.indexLineDoc;104;org.dacapo.harness.DacapoClassLoader;org.dacapo.harness.DacapoClassLoader
ClassLoader.loadClass;org.apache.lucene.util.PriorityQueue;java.lang.ClassLoader.defineClass1;;org.dacapo.harness.DacapoClassLoader;org.dacapo.harness.DacapoClassLoader
ClassLoader.loadClass;org.apache.lucene.util.RamUsageEstimator$RamUsageQueryVisitor;org.apache.lucene.util.FrequencyTrackingRingBuffer.<clinit>;34;org.dacapo.harness.DacapoClassLoader;org.dacapo.harness.DacapoClassLoader
ClassLoader.loadClass;org.apache.lucene.util.RamUsageEstimator;org.apache.lucene.util.FrequencyTrackingRingBuffer.<clinit>;34;org.dacapo.harness.DacapoClassLoader;org.dacapo.harness.DacapoClassLoader
ClassLoader.loadClass;org.apache.lucene.util.RefCount;org.apache.lucene.index.SegmentReader.<init>;93;org.dacapo.harness.DacapoClassLoader;org.dacapo.harness.DacapoClassLoader
ClassLoader.loadClass;org.apache.lucene.util.RoaringDocIdSet;org.apache.lucene.search.IndexSearcher.<clinit>;99;org.dacapo.harness.DacapoClassLoader;org.dacapo.harness.DacapoClassLoader
ClassLoader.loadClass;org.apache.lucene.util.SetOnce$AlreadySetException;org.apache.lucene.index.IndexWriterConfig.<init>;112;org.dacapo.harness.DacapoClassLoader;org.dacapo.harness.DacapoClassLoader
ClassLoader.loadClass;org.apache.lucene.util.SetOnce$Wrapper;org.apache.lucene.util.SetOnce.trySet;80;org.dacapo.harness.DacapoClassLoader;org.dacapo.harness.DacapoClassLoader
ClassLoader.loadClass;org.apache.lucene.util.SetOnce;org.apache.lucene.index.IndexWriterConfig.<init>;112;org.dacapo.harness.DacapoClassLoader;org.dacapo.harness.DacapoClassLoader
ClassLoader.loadClass;org.apache.lucene.util.SmallFloat;org.apache.lucene.search.similarities.BM25Similarity.<clinit>;127;org.dacapo.harness.DacapoClassLoader;org.dacapo.harness.DacapoClassLoader
ClassLoader.loadClass;org.apache.lucene.util.Sorter;java.lang.ClassLoader.defineClass1;;org.dacapo.harness.DacapoClassLoader;org.dacapo.harness.DacapoClassLoader
ClassLoader.loadClass;org.apache.lucene.util.SparseFixedBitSet;org.apache.lucene.codecs.lucene90.blocktree.Lucene90BlockTreeTermsWriter$TermsWriter.<init>;1010;org.dacapo.harness.DacapoClassLoader;org.dacapo.harness.DacapoClassLoader
ClassLoader.loadClass;org.apache.lucene.util.StringHelper;org.apache.lucene.index.DocumentsWriterPerThread.<init>;169;org.dacapo.harness.DacapoClassLoader;org.dacapo.harness.DacapoClassLoader
ClassLoader.loadClass;org.apache.lucene.util.StringMSBRadixSorter$1;org.apache.lucene.util.BytesRefHash.sort;152;org.dacapo.harness.DacapoClassLoader;org.dacapo.harness.DacapoClassLoader
ClassLoader.loadClass;org.apache.lucene.util.StringMSBRadixSorter;java.lang.ClassLoader.defineClass1;;org.dacapo.harness.DacapoClassLoader;org.dacapo.harness.DacapoClassLoader
ClassLoader.loadClass;org.apache.lucene.util.ThreadInterruptedException;org.apache.lucene.index.LiveIndexWriterConfig.<init>;126;org.dacapo.harness.DacapoClassLoader;org.dacapo.harness.DacapoClassLoader
ClassLoader.loadClass;org.apache.lucene.util.TimSorter;java.lang.ClassLoader.defineClass1;;org.dacapo.harness.DacapoClassLoader;org.dacapo.harness.DacapoClassLoader
ClassLoader.loadClass;org.apache.lucene.util.UnicodeUtil;org.apache.lucene.util.BytesRef.<init>;80;org.dacapo.harness.DacapoClassLoader;org.dacapo.harness.DacapoClassLoader
ClassLoader.loadClass;org.apache.lucene.util.Unwrappable;java.lang.ClassLoader.defineClass1;;org.dacapo.harness.DacapoClassLoader;org.dacapo.harness.DacapoClassLoader
ClassLoader.loadClass;org.apache.lucene.util.Version;org.apache.lucene.index.LiveIndexWriterConfig.<init>;57;org.dacapo.harness.DacapoClassLoader;org.dacapo.harness.DacapoClassLoader
ClassLoader.loadClass;org.apache.lucene.util.automaton.ByteRunAutomaton;org.apache.lucene.codecs.lucene90.blocktree.Lucene90BlockTreeTermsReader.<init>;208;org.dacapo.harness.DacapoClassLoader;org.dacapo.harness.DacapoClassLoader
ClassLoader.loadClass;org.apache.lucene.util.automaton.RunAutomaton;org.apache.lucene.codecs.lucene90.blocktree.Lucene90BlockTreeTermsReader.<init>;208;org.dacapo.harness.DacapoClassLoader;org.dacapo.harness.DacapoClassLoader
ClassLoader.loadClass;org.apache.lucene.util.compress.LZ4$FastCompressionHashTable;org.apache.lucene.codecs.lucene90.LZ4WithPresetDictCompressionMode.newCompressor;50;org.dacapo.harness.DacapoClassLoader;org.dacapo.harness.DacapoClassLoader
ClassLoader.loadClass;org.apache.lucene.util.compress.LZ4$HashTable;org.apache.lucene.codecs.lucene90.LZ4WithPresetDictCompressionMode.newCompressor;50;org.dacapo.harness.DacapoClassLoader;org.dacapo.harness.DacapoClassLoader
ClassLoader.loadClass;org.apache.lucene.util.compress.LZ4$HighCompressionHashTable;org.apache.lucene.codecs.lucene90.blocktree.Lucene90BlockTreeTermsWriter.write;356;org.dacapo.harness.DacapoClassLoader;org.dacapo.harness.DacapoClassLoader
ClassLoader.loadClass;org.apache.lucene.util.compress.LZ4$Table16;org.apache.lucene.codecs.lucene90.LZ4WithPresetDictCompressionMode$LZ4WithPresetDictCompressor.<init>;159;org.dacapo.harness.DacapoClassLoader;org.dacapo.harness.DacapoClassLoader
ClassLoader.loadClass;org.apache.lucene.util.compress.LZ4$Table32;org.apache.lucene.codecs.lucene90.LZ4WithPresetDictCompressionMode$LZ4WithPresetDictCompressor.<init>;159;org.dacapo.harness.DacapoClassLoader;org.dacapo.harness.DacapoClassLoader
ClassLoader.loadClass;org.apache.lucene.util.compress.LZ4$Table;org.apache.lucene.codecs.lucene90.LZ4WithPresetDictCompressionMode$LZ4WithPresetDictCompressor.<init>;159;org.dacapo.harness.DacapoClassLoader;org.dacapo.harness.DacapoClassLoader
ClassLoader.loadClass;org.apache.lucene.util.compress.LZ4;org.apache.lucene.util.compress.LZ4$FastCompressionHashTable.<clinit>;302;org.dacapo.harness.DacapoClassLoader;org.dacapo.harness.DacapoClassLoader
ClassLoader.loadClass;org.apache.lucene.util.compress.LowercaseAsciiCompression;org.apache.lucene.codecs.lucene90.blocktree.Lucene90BlockTreeTermsWriter$TermsWriter.writeBlock;950;org.dacapo.harness.DacapoClassLoader;org.dacapo.harness.DacapoClassLoader
ClassLoader.loadClass;org.apache.lucene.util.fst.BitTableUtil;org.apache.lucene.util.fst.FST$Arc$BitTable.nextBitSet;393;org.dacapo.harness.DacapoClassLoader;org.dacapo.harness.DacapoClassLoader
ClassLoader.loadClass;org.apache.lucene.util.fst.ByteSequenceOutputs;org.apache.lucene.codecs.lucene90.blocktree.Lucene90BlockTreeTermsWriter$TermsWriter.writeBlock;1004;org.dacapo.harness.DacapoClassLoader;org.dacapo.harness.DacapoClassLoader
ClassLoader.loadClass;org.apache.lucene.util.fst.BytesRefFSTEnum$InputOutput;org.apache.lucene.util.fst.BytesRefFSTEnum.<init>;30;org.dacapo.harness.DacapoClassLoader;org.dacapo.harness.DacapoClassLoader
ClassLoader.loadClass;org.apache.lucene.util.fst.BytesRefFSTEnum;org.apache.lucene.codecs.lucene90.blocktree.Lucene90BlockTreeTermsWriter$PendingBlock.append;535;org.dacapo.harness.DacapoClassLoader;org.dacapo.harness.DacapoClassLoader
ClassLoader.loadClass;org.apache.lucene.util.fst.BytesStore$1;org.apache.lucene.util.fst.FST.<init>;427;org.dacapo.harness.DacapoClassLoader;org.dacapo.harness.DacapoClassLoader
ClassLoader.loadClass;org.apache.lucene.util.fst.BytesStore$2;org.apache.lucene.util.fst.FST.<init>;427;org.dacapo.harness.DacapoClassLoader;org.dacapo.harness.DacapoClassLoader
ClassLoader.loadClass;org.apache.lucene.util.fst.BytesStore;org.apache.lucene.util.fst.FSTCompiler.<init>;122;org.dacapo.harness.DacapoClassLoader;org.dacapo.harness.DacapoClassLoader
ClassLoader.loadClass;org.apache.lucene.util.fst.FST$Arc$BitTable;org.apache.lucene.util.fst.FST.readNextRealArc;1324;org.dacapo.harness.DacapoClassLoader;org.dacapo.harness.DacapoClassLoader
ClassLoader.loadClass;org.apache.lucene.util.fst.FST$Arc;org.apache.lucene.util.fst.NodeHash.<init>;30;org.dacapo.harness.DacapoClassLoader;org.dacapo.harness.DacapoClassLoader
ClassLoader.loadClass;org.apache.lucene.util.fst.FST$BytesReader;org.apache.lucene.util.fst.FSTCompiler.<init>;122;org.dacapo.harness.DacapoClassLoader;org.dacapo.harness.DacapoClassLoader
ClassLoader.loadClass;org.apache.lucene.util.fst.FST$INPUT_TYPE;org.apache.lucene.codecs.lucene90.blocktree.Lucene90BlockTreeTermsWriter$PendingBlock.compileIndex;494;org.dacapo.harness.DacapoClassLoader;org.dacapo.harness.DacapoClassLoader
ClassLoader.loadClass;org.apache.lucene.util.fst.FST;org.apache.lucene.util.fst.FSTCompiler.<init>;122;org.dacapo.harness.DacapoClassLoader;org.dacapo.harness.DacapoClassLoader
ClassLoader.loadClass;org.apache.lucene.util.fst.FSTCompiler$Arc;org.apache.lucene.util.fst.FSTCompiler$UnCompiledNode.<init>;679;org.dacapo.harness.DacapoClassLoader;org.dacapo.harness.DacapoClassLoader
ClassLoader.loadClass;org.apache.lucene.util.fst.FSTCompiler$Builder;org.apache.lucene.codecs.lucene90.blocktree.Lucene90BlockTreeTermsWriter$PendingBlock.compileIndex;494;org.dacapo.harness.DacapoClassLoader;org.dacapo.harness.DacapoClassLoader
ClassLoader.loadClass;org.apache.lucene.util.fst.FSTCompiler$CompiledNode;org.apache.lucene.util.fst.FSTCompiler.compileNode;335;org.dacapo.harness.DacapoClassLoader;org.dacapo.harness.DacapoClassLoader
ClassLoader.loadClass;org.apache.lucene.util.fst.FSTCompiler$FixedLengthArcsBuffer;org.apache.lucene.util.fst.FSTCompiler.<init>;84;org.dacapo.harness.DacapoClassLoader;org.dacapo.harness.DacapoClassLoader
ClassLoader.loadClass;org.apache.lucene.util.fst.FSTCompiler$Node;org.apache.lucene.util.fst.FSTCompiler$Builder.build;272;org.dacapo.harness.DacapoClassLoader;org.dacapo.harness.DacapoClassLoader
ClassLoader.loadClass;org.apache.lucene.util.fst.FSTCompiler$UnCompiledNode;org.apache.lucene.util.fst.FSTCompiler.<init>;133;org.dacapo.harness.DacapoClassLoader;org.dacapo.harness.DacapoClassLoader
ClassLoader.loadClass;org.apache.lucene.util.fst.FSTCompiler;org.apache.lucene.util.fst.FSTCompiler$Builder.build;272;org.dacapo.harness.DacapoClassLoader;org.dacapo.harness.DacapoClassLoader
ClassLoader.loadClass;org.apache.lucene.util.fst.FSTEnum;java.lang.ClassLoader.defineClass1;;org.dacapo.harness.DacapoClassLoader;org.dacapo.harness.DacapoClassLoader
ClassLoader.loadClass;org.apache.lucene.util.fst.FSTStore;org.apache.lucene.util.fst.FSTCompiler.<init>;122;org.dacapo.harness.DacapoClassLoader;org.dacapo.harness.DacapoClassLoader
ClassLoader.loadClass;org.apache.lucene.util.fst.ForwardBytesReader;org.apache.lucene.util.fst.FST.<init>;427;org.dacapo.harness.DacapoClassLoader;org.dacapo.harness.DacapoClassLoader
ClassLoader.loadClass;org.apache.lucene.util.fst.NodeHash;org.apache.lucene.util.fst.FSTCompiler.<init>;126;org.dacapo.harness.DacapoClassLoader;org.dacapo.harness.DacapoClassLoader
ClassLoader.loadClass;org.apache.lucene.util.fst.OffHeapFSTStore;org.apache.lucene.codecs.lucene90.blocktree.FieldReader.<init>;90;org.dacapo.harness.DacapoClassLoader;org.dacapo.harness.DacapoClassLoader
ClassLoader.loadClass;org.apache.lucene.util.fst.Outputs;org.apache.lucene.codecs.lucene90.blocktree.Lucene90BlockTreeTermsWriter$TermsWriter.writeBlock;1004;org.dacapo.harness.DacapoClassLoader;org.dacapo.harness.DacapoClassLoader
ClassLoader.loadClass;org.apache.lucene.util.fst.ReverseBytesReader;org.apache.lucene.util.fst.FST.<init>;427;org.dacapo.harness.DacapoClassLoader;org.dacapo.harness.DacapoClassLoader
ClassLoader.loadClass;org.apache.lucene.util.fst.ReverseRandomAccessReader;org.apache.lucene.codecs.lucene90.blocktree.FieldReader.<init>;90;org.dacapo.harness.DacapoClassLoader;org.dacapo.harness.DacapoClassLoader
ClassLoader.loadClass;org.apache.lucene.util.fst.Util;org.apache.lucene.codecs.lucene90.blocktree.Lucene90BlockTreeTermsWriter$PendingBlock.compileIndex;504;org.dacapo.harness.DacapoClassLoader;org.dacapo.harness.DacapoClassLoader
ClassLoader.loadClass;org.apache.lucene.util.packed.AbstractPagedMutable;java.lang.ClassLoader.defineClass1;;org.dacapo.harness.DacapoClassLoader;org.dacapo.harness.DacapoClassLoader
ClassLoader.loadClass;org.apache.lucene.util.packed.BulkOperation$1;org.apache.lucene.util.packed.BulkOperation.of;129;org.dacapo.harness.DacapoClassLoader;org.dacapo.harness.DacapoClassLoader
ClassLoader.loadClass;org.apache.lucene.util.packed.BulkOperation;org.apache.lucene.util.packed.Packed64.set;155;org.dacapo.harness.DacapoClassLoader;org.dacapo.harness.DacapoClassLoader
ClassLoader.loadClass;org.apache.lucene.util.packed.BulkOperationPacked10;org.apache.lucene.util.packed.BulkOperation.<clinit>;23;org.dacapo.harness.DacapoClassLoader;org.dacapo.harness.DacapoClassLoader
ClassLoader.loadClass;org.apache.lucene.util.packed.BulkOperationPacked11;org.apache.lucene.util.packed.BulkOperation.<clinit>;23;org.dacapo.harness.DacapoClassLoader;org.dacapo.harness.DacapoClassLoader
ClassLoader.loadClass;org.apache.lucene.util.packed.BulkOperationPacked12;org.apache.lucene.util.packed.BulkOperation.<clinit>;23;org.dacapo.harness.DacapoClassLoader;org.dacapo.harness.DacapoClassLoader
ClassLoader.loadClass;org.apache.lucene.util.packed.BulkOperationPacked13;org.apache.lucene.util.packed.BulkOperation.<clinit>;23;org.dacapo.harness.DacapoClassLoader;org.dacapo.harness.DacapoClassLoader
ClassLoader.loadClass;org.apache.lucene.util.packed.BulkOperationPacked14;org.apache.lucene.util.packed.BulkOperation.<clinit>;23;org.dacapo.harness.DacapoClassLoader;org.dacapo.harness.DacapoClassLoader
ClassLoader.loadClass;org.apache.lucene.util.packed.BulkOperationPacked15;org.apache.lucene.util.packed.BulkOperation.<clinit>;23;org.dacapo.harness.DacapoClassLoader;org.dacapo.harness.DacapoClassLoader
ClassLoader.loadClass;org.apache.lucene.util.packed.BulkOperationPacked16;org.apache.lucene.util.packed.BulkOperation.<clinit>;23;org.dacapo.harness.DacapoClassLoader;org.dacapo.harness.DacapoClassLoader
ClassLoader.loadClass;org.apache.lucene.util.packed.BulkOperationPacked17;org.apache.lucene.util.packed.BulkOperation.<clinit>;23;org.dacapo.harness.DacapoClassLoader;org.dacapo.harness.DacapoClassLoader
ClassLoader.loadClass;org.apache.lucene.util.packed.BulkOperationPacked18;org.apache.lucene.util.packed.BulkOperation.<clinit>;23;org.dacapo.harness.DacapoClassLoader;org.dacapo.harness.DacapoClassLoader
ClassLoader.loadClass;org.apache.lucene.util.packed.BulkOperationPacked19;org.apache.lucene.util.packed.BulkOperation.<clinit>;23;org.dacapo.harness.DacapoClassLoader;org.dacapo.harness.DacapoClassLoader
ClassLoader.loadClass;org.apache.lucene.util.packed.BulkOperationPacked1;org.apache.lucene.util.packed.BulkOperation.<clinit>;23;org.dacapo.harness.DacapoClassLoader;org.dacapo.harness.DacapoClassLoader
ClassLoader.loadClass;org.apache.lucene.util.packed.BulkOperationPacked20;org.apache.lucene.util.packed.BulkOperation.<clinit>;23;org.dacapo.harness.DacapoClassLoader;org.dacapo.harness.DacapoClassLoader
ClassLoader.loadClass;org.apache.lucene.util.packed.BulkOperationPacked21;org.apache.lucene.util.packed.BulkOperation.<clinit>;23;org.dacapo.harness.DacapoClassLoader;org.dacapo.harness.DacapoClassLoader
ClassLoader.loadClass;org.apache.lucene.util.packed.BulkOperationPacked22;org.apache.lucene.util.packed.BulkOperation.<clinit>;23;org.dacapo.harness.DacapoClassLoader;org.dacapo.harness.DacapoClassLoader
ClassLoader.loadClass;org.apache.lucene.util.packed.BulkOperationPacked23;org.apache.lucene.util.packed.BulkOperation.<clinit>;23;org.dacapo.harness.DacapoClassLoader;org.dacapo.harness.DacapoClassLoader
ClassLoader.loadClass;org.apache.lucene.util.packed.BulkOperationPacked24;org.apache.lucene.util.packed.BulkOperation.<clinit>;23;org.dacapo.harness.DacapoClassLoader;org.dacapo.harness.DacapoClassLoader
ClassLoader.loadClass;org.apache.lucene.util.packed.BulkOperationPacked2;org.apache.lucene.util.packed.BulkOperation.<clinit>;23;org.dacapo.harness.DacapoClassLoader;org.dacapo.harness.DacapoClassLoader
ClassLoader.loadClass;org.apache.lucene.util.packed.BulkOperationPacked3;org.apache.lucene.util.packed.BulkOperation.<clinit>;23;org.dacapo.harness.DacapoClassLoader;org.dacapo.harness.DacapoClassLoader
ClassLoader.loadClass;org.apache.lucene.util.packed.BulkOperationPacked4;org.apache.lucene.util.packed.BulkOperation.<clinit>;23;org.dacapo.harness.DacapoClassLoader;org.dacapo.harness.DacapoClassLoader
ClassLoader.loadClass;org.apache.lucene.util.packed.BulkOperationPacked5;org.apache.lucene.util.packed.BulkOperation.<clinit>;23;org.dacapo.harness.DacapoClassLoader;org.dacapo.harness.DacapoClassLoader
ClassLoader.loadClass;org.apache.lucene.util.packed.BulkOperationPacked6;org.apache.lucene.util.packed.BulkOperation.<clinit>;23;org.dacapo.harness.DacapoClassLoader;org.dacapo.harness.DacapoClassLoader
ClassLoader.loadClass;org.apache.lucene.util.packed.BulkOperationPacked7;org.apache.lucene.util.packed.BulkOperation.<clinit>;23;org.dacapo.harness.DacapoClassLoader;org.dacapo.harness.DacapoClassLoader
ClassLoader.loadClass;org.apache.lucene.util.packed.BulkOperationPacked8;org.apache.lucene.util.packed.BulkOperation.<clinit>;23;org.dacapo.harness.DacapoClassLoader;org.dacapo.harness.DacapoClassLoader
ClassLoader.loadClass;org.apache.lucene.util.packed.BulkOperationPacked9;org.apache.lucene.util.packed.BulkOperation.<clinit>;23;org.dacapo.harness.DacapoClassLoader;org.dacapo.harness.DacapoClassLoader
ClassLoader.loadClass;org.apache.lucene.util.packed.BulkOperationPacked;java.lang.ClassLoader.defineClass1;;org.dacapo.harness.DacapoClassLoader;org.dacapo.harness.DacapoClassLoader
ClassLoader.loadClass;org.apache.lucene.util.packed.BulkOperationPackedSingleBlock;org.apache.lucene.util.packed.BulkOperation.<clinit>;92;org.dacapo.harness.DacapoClassLoader;org.dacapo.harness.DacapoClassLoader
ClassLoader.loadClass;org.apache.lucene.util.packed.DeltaPackedLongValues$Builder;org.apache.lucene.index.NormValuesWriter.<init>;39;org.dacapo.harness.DacapoClassLoader;org.dacapo.harness.DacapoClassLoader
ClassLoader.loadClass;org.apache.lucene.util.packed.DeltaPackedLongValues;org.apache.lucene.util.packed.PackedLongValues.deltaPackedBuilder;57;org.dacapo.harness.DacapoClassLoader;org.dacapo.harness.DacapoClassLoader
ClassLoader.loadClass;org.apache.lucene.util.packed.DirectMonotonicReader$Meta;org.apache.lucene.util.packed.DirectMonotonicReader.loadMeta;82;org.dacapo.harness.DacapoClassLoader;org.dacapo.harness.DacapoClassLoader
ClassLoader.loadClass;org.apache.lucene.util.packed.DirectMonotonicReader;org.apache.lucene.codecs.lucene90.compressing.FieldsIndexReader.<init>;61;org.dacapo.harness.DacapoClassLoader;org.dacapo.harness.DacapoClassLoader
ClassLoader.loadClass;org.apache.lucene.util.packed.DirectMonotonicWriter;org.apache.lucene.codecs.lucene90.compressing.FieldsIndexWriter.finish;129;org.dacapo.harness.DacapoClassLoader;org.dacapo.harness.DacapoClassLoader
ClassLoader.loadClass;org.apache.lucene.util.packed.DirectReader$1;org.apache.lucene.util.packed.DirectMonotonicReader.getInstance;112;org.dacapo.harness.DacapoClassLoader;org.dacapo.harness.DacapoClassLoader
ClassLoader.loadClass;org.apache.lucene.util.packed.DirectReader$DirectPackedReader12;org.apache.lucene.util.packed.DirectMonotonicReader.getInstance;112;org.dacapo.harness.DacapoClassLoader;org.dacapo.harness.DacapoClassLoader
ClassLoader.loadClass;org.apache.lucene.util.packed.DirectReader$DirectPackedReader16;org.apache.lucene.util.packed.DirectMonotonicReader.getInstance;112;org.dacapo.harness.DacapoClassLoader;org.dacapo.harness.DacapoClassLoader
ClassLoader.loadClass;org.apache.lucene.util.packed.DirectReader$DirectPackedReader1;org.apache.lucene.util.packed.DirectMonotonicReader.getInstance;112;org.dacapo.harness.DacapoClassLoader;org.dacapo.harness.DacapoClassLoader
ClassLoader.loadClass;org.apache.lucene.util.packed.DirectReader$DirectPackedReader20;org.apache.lucene.util.packed.DirectMonotonicReader.getInstance;112;org.dacapo.harness.DacapoClassLoader;org.dacapo.harness.DacapoClassLoader
ClassLoader.loadClass;org.apache.lucene.util.packed.DirectReader$DirectPackedReader24;org.apache.lucene.util.packed.DirectMonotonicReader.getInstance;112;org.dacapo.harness.DacapoClassLoader;org.dacapo.harness.DacapoClassLoader
ClassLoader.loadClass;org.apache.lucene.util.packed.DirectReader$DirectPackedReader28;org.apache.lucene.util.packed.DirectMonotonicReader.getInstance;112;org.dacapo.harness.DacapoClassLoader;org.dacapo.harness.DacapoClassLoader
ClassLoader.loadClass;org.apache.lucene.util.packed.DirectReader$DirectPackedReader2;org.apache.lucene.util.packed.DirectMonotonicReader.getInstance;112;org.dacapo.harness.DacapoClassLoader;org.dacapo.harness.DacapoClassLoader
ClassLoader.loadClass;org.apache.lucene.util.packed.DirectReader$DirectPackedReader32;org.apache.lucene.util.packed.DirectMonotonicReader.getInstance;112;org.dacapo.harness.DacapoClassLoader;org.dacapo.harness.DacapoClassLoader
ClassLoader.loadClass;org.apache.lucene.util.packed.DirectReader$DirectPackedReader40;org.apache.lucene.util.packed.DirectMonotonicReader.getInstance;112;org.dacapo.harness.DacapoClassLoader;org.dacapo.harness.DacapoClassLoader
ClassLoader.loadClass;org.apache.lucene.util.packed.DirectReader$DirectPackedReader48;org.apache.lucene.util.packed.DirectMonotonicReader.getInstance;112;org.dacapo.harness.DacapoClassLoader;org.dacapo.harness.DacapoClassLoader
ClassLoader.loadClass;org.apache.lucene.util.packed.DirectReader$DirectPackedReader4;org.apache.lucene.util.packed.DirectMonotonicReader.getInstance;112;org.dacapo.harness.DacapoClassLoader;org.dacapo.harness.DacapoClassLoader
ClassLoader.loadClass;org.apache.lucene.util.packed.DirectReader$DirectPackedReader56;org.apache.lucene.util.packed.DirectMonotonicReader.getInstance;112;org.dacapo.harness.DacapoClassLoader;org.dacapo.harness.DacapoClassLoader
ClassLoader.loadClass;org.apache.lucene.util.packed.DirectReader$DirectPackedReader64;org.apache.lucene.util.packed.DirectMonotonicReader.getInstance;112;org.dacapo.harness.DacapoClassLoader;org.dacapo.harness.DacapoClassLoader
ClassLoader.loadClass;org.apache.lucene.util.packed.DirectReader$DirectPackedReader8;org.apache.lucene.util.packed.DirectMonotonicReader.getInstance;112;org.dacapo.harness.DacapoClassLoader;org.dacapo.harness.DacapoClassLoader
ClassLoader.loadClass;org.apache.lucene.util.packed.DirectReader;org.apache.lucene.util.packed.DirectMonotonicReader.getInstance;112;org.dacapo.harness.DacapoClassLoader;org.dacapo.harness.DacapoClassLoader
ClassLoader.loadClass;org.apache.lucene.util.packed.DirectWriter;org.apache.lucene.util.packed.DirectMonotonicWriter.flush;107;org.dacapo.harness.DacapoClassLoader;org.dacapo.harness.DacapoClassLoader
ClassLoader.loadClass;org.apache.lucene.util.packed.GrowableWriter;org.apache.lucene.util.fst.NodeHash.<init>;34;org.dacapo.harness.DacapoClassLoader;org.dacapo.harness.DacapoClassLoader
ClassLoader.loadClass;org.apache.lucene.util.packed.MonotonicLongValues$Builder;org.apache.lucene.index.NormValuesWriter.<init>;39;org.dacapo.harness.DacapoClassLoader;org.dacapo.harness.DacapoClassLoader
ClassLoader.loadClass;org.apache.lucene.util.packed.Packed64;org.apache.lucene.codecs.lucene90.compressing.Lucene90CompressingStoredFieldsWriter.<clinit>;73;org.dacapo.harness.DacapoClassLoader;org.dacapo.harness.DacapoClassLoader
ClassLoader.loadClass;org.apache.lucene.util.packed.Packed64SingleBlock;org.apache.lucene.codecs.lucene90.compressing.Lucene90CompressingStoredFieldsWriter.<clinit>;73;org.dacapo.harness.DacapoClassLoader;org.dacapo.harness.DacapoClassLoader
ClassLoader.loadClass;org.apache.lucene.util.packed.PackedInts$1;org.apache.lucene.util.packed.PackedInts.getMutable;717;org.dacapo.harness.DacapoClassLoader;org.dacapo.harness.DacapoClassLoader
ClassLoader.loadClass;org.apache.lucene.util.packed.PackedInts$Decoder;org.apache.lucene.codecs.lucene90.compressing.Lucene90CompressingStoredFieldsWriter.<clinit>;73;org.dacapo.harness.DacapoClassLoader;org.dacapo.harness.DacapoClassLoader
ClassLoader.loadClass;org.apache.lucene.util.packed.PackedInts$Encoder;org.apache.lucene.codecs.lucene90.compressing.Lucene90CompressingStoredFieldsWriter.<clinit>;73;org.dacapo.harness.DacapoClassLoader;org.dacapo.harness.DacapoClassLoader
ClassLoader.loadClass;org.apache.lucene.util.packed.PackedInts$Format$1;org.apache.lucene.util.packed.PackedInts.fastestFormatAndBits;230;org.dacapo.harness.DacapoClassLoader;org.dacapo.harness.DacapoClassLoader
ClassLoader.loadClass;org.apache.lucene.util.packed.PackedInts$Format$2;org.apache.lucene.util.packed.PackedInts.fastestFormatAndBits;230;org.dacapo.harness.DacapoClassLoader;org.dacapo.harness.DacapoClassLoader
ClassLoader.loadClass;org.apache.lucene.util.packed.PackedInts$Format;org.apache.lucene.util.packed.PackedInts.fastestFormatAndBits;230;org.dacapo.harness.DacapoClassLoader;org.dacapo.harness.DacapoClassLoader
ClassLoader.loadClass;org.apache.lucene.util.packed.PackedInts$FormatAndBits;org.apache.lucene.util.packed.PackedInts.fastestFormatAndBits;230;org.dacapo.harness.DacapoClassLoader;org.dacapo.harness.DacapoClassLoader
ClassLoader.loadClass;org.apache.lucene.util.packed.PackedInts$Mutable;org.apache.lucene.codecs.lucene90.compressing.Lucene90CompressingStoredFieldsWriter.<clinit>;73;org.dacapo.harness.DacapoClassLoader;org.dacapo.harness.DacapoClassLoader
ClassLoader.loadClass;org.apache.lucene.util.packed.PackedInts$MutableImpl;java.lang.ClassLoader.defineClass1;;org.dacapo.harness.DacapoClassLoader;org.dacapo.harness.DacapoClassLoader
ClassLoader.loadClass;org.apache.lucene.util.packed.PackedInts$NullReader;org.apache.lucene.util.packed.PackedLongValues$Builder.pack;279;org.dacapo.harness.DacapoClassLoader;org.dacapo.harness.DacapoClassLoader
ClassLoader.loadClass;org.apache.lucene.util.packed.PackedInts$Reader;java.lang.ClassLoader.defineClass1;;org.dacapo.harness.DacapoClassLoader;org.dacapo.harness.DacapoClassLoader
ClassLoader.loadClass;org.apache.lucene.util.packed.PackedInts$ReaderIterator;org.apache.lucene.codecs.lucene90.compressing.Lucene90CompressingStoredFieldsWriter.<clinit>;73;org.dacapo.harness.DacapoClassLoader;org.dacapo.harness.DacapoClassLoader
ClassLoader.loadClass;org.apache.lucene.util.packed.PackedInts$Writer;org.apache.lucene.codecs.lucene90.compressing.Lucene90CompressingStoredFieldsWriter.<clinit>;73;org.dacapo.harness.DacapoClassLoader;org.dacapo.harness.DacapoClassLoader
ClassLoader.loadClass;org.apache.lucene.util.packed.PackedInts;org.apache.lucene.codecs.lucene90.compressing.Lucene90CompressingStoredFieldsWriter.<clinit>;73;org.dacapo.harness.DacapoClassLoader;org.dacapo.harness.DacapoClassLoader
ClassLoader.loadClass;org.apache.lucene.util.packed.PackedLongValues$Builder;org.apache.lucene.index.NormValuesWriter.<init>;39;org.dacapo.harness.DacapoClassLoader;org.dacapo.harness.DacapoClassLoader
ClassLoader.loadClass;org.apache.lucene.util.packed.PackedLongValues$Iterator;org.apache.lucene.util.packed.PackedLongValues.iterator;130;org.dacapo.harness.DacapoClassLoader;org.dacapo.harness.DacapoClassLoader
ClassLoader.loadClass;org.apache.lucene.util.packed.PackedLongValues;org.apache.lucene.index.NormValuesWriter.<init>;39;org.dacapo.harness.DacapoClassLoader;org.dacapo.harness.DacapoClassLoader
ClassLoader.loadClass;org.apache.lucene.util.packed.PackedWriter;org.apache.lucene.codecs.lucene90.compressing.Lucene90CompressingStoredFieldsWriter.<clinit>;73;org.dacapo.harness.DacapoClassLoader;org.dacapo.harness.DacapoClassLoader
ClassLoader.loadClass;org.apache.lucene.util.packed.PagedGrowableWriter;org.apache.lucene.util.fst.NodeHash.<init>;34;org.dacapo.harness.DacapoClassLoader;org.dacapo.harness.DacapoClassLoader
ClassLoader.loadClass;org.dacapo.harness.Benchmark;org.dacapo.harness.TestHarness.main;108;jdk.internal.loader.ClassLoaders$AppClassLoader;jdk.internal.loader.ClassLoaders$AppClassLoader
ClassLoader.loadClass;org.dacapo.harness.Callback$1;org.dacapo.harness.Callback.init;80;jdk.internal.loader.ClassLoaders$AppClassLoader;jdk.internal.loader.ClassLoaders$AppClassLoader
ClassLoader.loadClass;org.dacapo.harness.Callback$Mode;org.dacapo.harness.Callback.init;83;jdk.internal.loader.ClassLoaders$AppClassLoader;jdk.internal.loader.ClassLoaders$AppClassLoader
ClassLoader.loadClass;org.dacapo.harness.Callback;org.dacapo.harness.CommandLineArgs.defineCallback;460;jdk.internal.loader.ClassLoaders$AppClassLoader;jdk.internal.loader.ClassLoaders$AppClassLoader
ClassLoader.loadClass;org.dacapo.harness.CommandLineArgs$Methodology;org.dacapo.harness.CommandLineArgs.getMethodology;311;jdk.internal.loader.ClassLoaders$AppClassLoader;jdk.internal.loader.ClassLoaders$AppClassLoader
ClassLoader.loadClass;org.dacapo.harness.CommandLineArgs;org.dacapo.harness.TestHarness.main;101;jdk.internal.loader.ClassLoaders$AppClassLoader;jdk.internal.loader.ClassLoaders$AppClassLoader
ClassLoader.loadClass;org.dacapo.harness.DacapoClassLoader;org.dacapo.harness.TestHarness.main;108;jdk.internal.loader.ClassLoaders$AppClassLoader;jdk.internal.loader.ClassLoaders$AppClassLoader
ClassLoader.loadClass;org.dacapo.harness.DacapoException;org.dacapo.harness.TestHarness.main;108;jdk.internal.loader.ClassLoaders$AppClassLoader;jdk.internal.loader.ClassLoaders$AppClassLoader
ClassLoader.loadClass;org.dacapo.harness.Data;org.dacapo.harness.TestHarness.main;105;jdk.internal.loader.ClassLoaders$AppClassLoader;jdk.internal.loader.ClassLoaders$AppClassLoader
ClassLoader.loadClass;org.dacapo.harness.Digest;org.dacapo.harness.FileDigest.getText;84;jdk.internal.loader.ClassLoaders$AppClassLoader;jdk.internal.loader.ClassLoaders$AppClassLoader
ClassLoader.loadClass;org.dacapo.harness.FileDigest;org.dacapo.harness.Benchmark.validate;640;jdk.internal.loader.ClassLoaders$AppClassLoader;jdk.internal.loader.ClassLoaders$AppClassLoader
ClassLoader.loadClass;org.dacapo.harness.LatencyReporter;org.dacapo.harness.Benchmark.run;272;jdk.internal.loader.ClassLoaders$AppClassLoader;jdk.internal.loader.ClassLoaders$AppClassLoader
ClassLoader.loadClass;org.dacapo.harness.Luindex;java.lang.Class.forName0;;jdk.internal.loader.ClassLoaders$AppClassLoader;jdk.internal.loader.ClassLoaders$AppClassLoader
ClassLoader.loadClass;org.dacapo.harness.TeeOutputStream;org.dacapo.harness.Benchmark.initialize;316;jdk.internal.loader.ClassLoaders$AppClassLoader;jdk.internal.loader.ClassLoaders$AppClassLoader
ClassLoader.loadClass;org.dacapo.harness.TeePrintStream;org.dacapo.harness.TestHarness.main;108;jdk.internal.loader.ClassLoaders$AppClassLoader;jdk.internal.loader.ClassLoaders$AppClassLoader
ClassLoader.loadClass;org.dacapo.harness.TestHarness;Harness.main;35;java.net.FactoryURLClassLoader;jdk.internal.loader.ClassLoaders$AppClassLoader
ClassLoader.loadClass;org.dacapo.luindex.Index;java.lang.Class.forName0;;org.dacapo.harness.DacapoClassLoader;org.dacapo.harness.DacapoClassLoader
ClassLoader.loadClass;org.dacapo.parser.Config$1;org.dacapo.parser.Config.getThreadCount;736;jdk.internal.loader.ClassLoaders$AppClassLoader;jdk.internal.loader.ClassLoaders$AppClassLoader
ClassLoader.loadClass;org.dacapo.parser.Config$OutputFile;org.dacapo.parser.Config$Size.addOutputFile;133;jdk.internal.loader.ClassLoaders$AppClassLoader;jdk.internal.loader.ClassLoaders$AppClassLoader
ClassLoader.loadClass;org.dacapo.parser.Config$Size;org.dacapo.parser.Config.addSize;327;jdk.internal.loader.ClassLoaders$AppClassLoader;jdk.internal.loader.ClassLoaders$AppClassLoader
ClassLoader.loadClass;org.dacapo.parser.Config$ThreadModel;org.dacapo.parser.ConfigFile.threadModel;377;jdk.internal.loader.ClassLoaders$AppClassLoader;jdk.internal.loader.ClassLoaders$AppClassLoader
ClassLoader.loadClass;org.dacapo.parser.Config;org.dacapo.harness.TestHarness.main;110;jdk.internal.loader.ClassLoaders$AppClassLoader;jdk.internal.loader.ClassLoaders$AppClassLoader
ClassLoader.loadClass;org.dacapo.parser.ConfigFile;org.dacapo.parser.Config.parse;213;jdk.internal.loader.ClassLoaders$AppClassLoader;jdk.internal.loader.ClassLoaders$AppClassLoader
ClassLoader.loadClass;org.dacapo.parser.ConfigFileConstants;java.lang.ClassLoader.defineClass1;;jdk.internal.loader.ClassLoaders$AppClassLoader;jdk.internal.loader.ClassLoaders$AppClassLoader
ClassLoader.loadClass;org.dacapo.parser.ConfigFileTokenManager;org.dacapo.parser.ConfigFile.<init>;531;jdk.internal.loader.ClassLoaders$AppClassLoader;jdk.internal.loader.ClassLoaders$AppClassLoader
ClassLoader.loadClass;org.dacapo.parser.ParseException;org.dacapo.harness.TestHarness.main;110;jdk.internal.loader.ClassLoaders$AppClassLoader;jdk.internal.loader.ClassLoaders$AppClassLoader
ClassLoader.loadClass;org.dacapo.parser.SimpleCharStream;org.dacapo.parser.ConfigFile.<init>;530;jdk.internal.loader.ClassLoaders$AppClassLoader;jdk.internal.loader.ClassLoaders$AppClassLoader
ClassLoader.loadClass;org.dacapo.parser.Token;org.dacapo.parser.ConfigFile.<init>;532;jdk.internal.loader.ClassLoaders$AppClassLoader;jdk.internal.loader.ClassLoaders$AppClassLoader
ClassLoader.loadClass;org.dacapo.parser.TokenMgrError;org.dacapo.parser.ConfigFile.<init>;531;jdk.internal.loader.ClassLoaders$AppClassLoader;jdk.internal.loader.ClassLoaders$AppClassLoader
ClassLoader.loadClass;sun.misc.Unsafe;java.lang.Class.forName0;;org.dacapo.harness.DacapoClassLoader;BootstrapClassLoader
ClassLoader.loadClass;sun.util.locale.provider.LocaleDataMetaInfo;java.lang.ClassLoader.defineClass2;;jdk.internal.loader.ClassLoaders$PlatformClassLoader;BootstrapClassLoader
ClassLoader.loadClass;sun.util.locale.provider.LocaleProviderAdapter$Type;java.lang.Class.getDeclaredMethods0;;jdk.internal.loader.ClassLoaders$PlatformClassLoader;BootstrapClassLoader
