ClassLoader.loadClass;Harness;java.lang.Class.forName0;;jdk.internal.loader.ClassLoaders$AppClassLoader;jdk.internal.loader.ClassLoaders$AppClassLoader
ClassLoader.loadClass;com.sun.management.HotSpotDiagnosticMXBean;java.lang.Class.forName0;;org.dacapo.harness.DacapoClassLoader;BootstrapClassLoader
ClassLoader.loadClass;com.sun.org.apache.xerces.internal.jaxp.datatype.DatatypeFactoryImpl;java.lang.Class.forName0;;java.net.FactoryURLClassLoader;BootstrapClassLoader
ClassLoader.loadClass;java.io.BufferedInputStream;org.apache.lucene.codecs.lucene90.blocktree.FieldReader.<init>;90;org.dacapo.harness.DacapoClassLoader;BootstrapClassLoader
ClassLoader.loadClass;java.io.BufferedInputStream;org.dacapo.harness.TestHarness.main;108;jdk.internal.loader.ClassLoaders$AppClassLoader;BootstrapClassLoader
ClassLoader.loadClass;java.io.BufferedOutputStream;jdk.nio.zipfs.ZipFileSystemProvider.getZipFileSystem;125;jdk.internal.loader.ClassLoaders$PlatformClassLoader;BootstrapClassLoader
ClassLoader.loadClass;java.io.BufferedOutputStream;org.apache.lucene.codecs.lucene90.blocktree.FieldReader.<init>;90;org.dacapo.harness.DacapoClassLoader;BootstrapClassLoader
ClassLoader.loadClass;java.io.BufferedReader;org.dacapo.harness.Benchmark.getDeps;358;jdk.internal.loader.ClassLoaders$AppClassLoader;BootstrapClassLoader
ClassLoader.loadClass;java.io.BufferedReader;org.dacapo.lusearch.Search$QueryProcessor.<init>;221;org.dacapo.harness.DacapoClassLoader;BootstrapClassLoader
ClassLoader.loadClass;java.io.BufferedWriter;org.dacapo.harness.TestHarness.main;108;jdk.internal.loader.ClassLoaders$AppClassLoader;BootstrapClassLoader
ClassLoader.loadClass;java.io.BufferedWriter;org.dacapo.lusearch.Search$QueryThread.run;185;org.dacapo.harness.DacapoClassLoader;BootstrapClassLoader
ClassLoader.loadClass;java.io.ByteArrayInputStream;jdk.nio.zipfs.ZipFileSystemProvider.getZipFileSystem;125;jdk.internal.loader.ClassLoaders$PlatformClassLoader;BootstrapClassLoader
ClassLoader.loadClass;java.io.Closeable;java.lang.ClassLoader.defineClass1;;org.dacapo.harness.DacapoClassLoader;BootstrapClassLoader
ClassLoader.loadClass;java.io.EOFException;org.apache.lucene.index.SegmentInfos$FindSegmentsFile.run;802;org.dacapo.harness.DacapoClassLoader;BootstrapClassLoader
ClassLoader.loadClass;java.io.File;org.dacapo.lusearch.Search$QueryProcessor.<init>;220;org.dacapo.harness.DacapoClassLoader;BootstrapClassLoader
ClassLoader.loadClass;java.io.FileInputStream;java.lang.Class.getDeclaredMethods0;;jdk.internal.loader.ClassLoaders$AppClassLoader;BootstrapClassLoader
ClassLoader.loadClass;java.io.FileNotFoundException;java.lang.Class.getDeclaredMethods0;;jdk.internal.loader.ClassLoaders$AppClassLoader;BootstrapClassLoader
ClassLoader.loadClass;java.io.FileNotFoundException;org.dacapo.lusearch.Search.main;123;org.dacapo.harness.DacapoClassLoader;BootstrapClassLoader
ClassLoader.loadClass;java.io.FileOutputStream;org.dacapo.harness.TestHarness.main;108;jdk.internal.loader.ClassLoaders$AppClassLoader;BootstrapClassLoader
ClassLoader.loadClass;java.io.FileReader;org.dacapo.harness.TestHarness.main;105;jdk.internal.loader.ClassLoaders$AppClassLoader;BootstrapClassLoader
ClassLoader.loadClass;java.io.FileReader;org.dacapo.lusearch.Search$QueryThread.run;185;org.dacapo.harness.DacapoClassLoader;BootstrapClassLoader
ClassLoader.loadClass;java.io.FileWriter;org.dacapo.harness.TestHarness.main;105;jdk.internal.loader.ClassLoaders$AppClassLoader;BootstrapClassLoader
ClassLoader.loadClass;java.io.FileWriter;org.dacapo.lusearch.Search$QueryThread.run;185;org.dacapo.harness.DacapoClassLoader;BootstrapClassLoader
ClassLoader.loadClass;java.io.FilterOutputStream;java.lang.ClassLoader.defineClass1;;jdk.internal.loader.ClassLoaders$AppClassLoader;BootstrapClassLoader
ClassLoader.loadClass;java.io.FilterOutputStream;java.lang.ClassLoader.defineClass2;;jdk.internal.loader.ClassLoaders$PlatformClassLoader;BootstrapClassLoader
ClassLoader.loadClass;java.io.IOException;java.lang.Class.getDeclaredMethods0;;jdk.internal.loader.ClassLoaders$PlatformClassLoader;BootstrapClassLoader
ClassLoader.loadClass;java.io.IOException;org.dacapo.lusearch.Search.main;123;org.dacapo.harness.DacapoClassLoader;BootstrapClassLoader
ClassLoader.loadClass;java.io.InputStream;java.lang.Class.getDeclaredMethods0;;jdk.internal.loader.ClassLoaders$AppClassLoader;BootstrapClassLoader
ClassLoader.loadClass;java.io.InputStream;java.lang.Class.getDeclaredMethods0;;jdk.internal.loader.ClassLoaders$PlatformClassLoader;BootstrapClassLoader
ClassLoader.loadClass;java.io.InputStream;org.apache.lucene.codecs.lucene90.blocktree.FieldReader.<init>;90;org.dacapo.harness.DacapoClassLoader;BootstrapClassLoader
ClassLoader.loadClass;java.io.InputStreamReader;org.apache.lucene.index.StandardDirectoryReader.doClose;481;org.dacapo.harness.DacapoClassLoader;BootstrapClassLoader
ClassLoader.loadClass;java.io.InputStreamReader;org.dacapo.harness.TestHarness.main;101;jdk.internal.loader.ClassLoaders$AppClassLoader;BootstrapClassLoader
ClassLoader.loadClass;java.io.OutputStream;java.lang.Class.getDeclaredMethods0;;jdk.internal.loader.ClassLoaders$PlatformClassLoader;BootstrapClassLoader
ClassLoader.loadClass;java.io.OutputStream;org.apache.lucene.codecs.lucene90.blocktree.FieldReader.<init>;90;org.dacapo.harness.DacapoClassLoader;BootstrapClassLoader
ClassLoader.loadClass;java.io.OutputStream;org.dacapo.harness.TestHarness.main;108;jdk.internal.loader.ClassLoaders$AppClassLoader;BootstrapClassLoader
ClassLoader.loadClass;java.io.PrintStream;org.dacapo.harness.TestHarness.main;108;jdk.internal.loader.ClassLoaders$AppClassLoader;BootstrapClassLoader
ClassLoader.loadClass;java.io.PrintStream;org.dacapo.lusearch.Search$QueryProcessor.run;268;org.dacapo.harness.DacapoClassLoader;BootstrapClassLoader
ClassLoader.loadClass;java.io.PrintWriter;org.dacapo.lusearch.Search$QueryProcessor.<init>;222;org.dacapo.harness.DacapoClassLoader;BootstrapClassLoader
ClassLoader.loadClass;java.io.Reader;org.dacapo.harness.TestHarness.main;101;jdk.internal.loader.ClassLoaders$AppClassLoader;BootstrapClassLoader
ClassLoader.loadClass;java.io.Reader;org.dacapo.lusearch.Search$QueryThread.run;185;org.dacapo.harness.DacapoClassLoader;BootstrapClassLoader
ClassLoader.loadClass;java.io.Serializable;java.lang.ClassLoader.defineClass1;;jdk.internal.loader.ClassLoaders$AppClassLoader;BootstrapClassLoader
ClassLoader.loadClass;java.io.Serializable;java.lang.ClassLoader.defineClass1;;org.dacapo.harness.DacapoClassLoader;BootstrapClassLoader
ClassLoader.loadClass;java.io.StringReader;org.dacapo.lusearch.Search$QueryProcessor.run;229;org.dacapo.harness.DacapoClassLoader;BootstrapClassLoader
ClassLoader.loadClass;java.io.UncheckedIOException;org.apache.lucene.index.StandardDirectoryReader.open;67;org.dacapo.harness.DacapoClassLoader;BootstrapClassLoader
ClassLoader.loadClass;java.io.UnsupportedEncodingException;org.dacapo.parser.Config.parse;213;jdk.internal.loader.ClassLoaders$AppClassLoader;BootstrapClassLoader
ClassLoader.loadClass;java.io.Writer;org.dacapo.harness.TestHarness.main;105;jdk.internal.loader.ClassLoaders$AppClassLoader;BootstrapClassLoader
ClassLoader.loadClass;java.io.Writer;org.dacapo.lusearch.Search$QueryThread.run;185;org.dacapo.harness.DacapoClassLoader;BootstrapClassLoader
ClassLoader.loadClass;java.lang.Appendable;java.lang.ClassLoader.defineClass1;;org.dacapo.harness.DacapoClassLoader;BootstrapClassLoader
ClassLoader.loadClass;java.lang.Appendable;jdk.nio.zipfs.ZipFileSystem.getFileAttributes;550;jdk.internal.loader.ClassLoaders$PlatformClassLoader;BootstrapClassLoader
ClassLoader.loadClass;java.lang.ArrayIndexOutOfBoundsException;org.apache.lucene.store.MappedByteBufferIndexInputProvider.openInput;76;org.dacapo.harness.DacapoClassLoader;BootstrapClassLoader
ClassLoader.loadClass;java.lang.AssertionError;jdk.nio.zipfs.ZipFileSystem.<init>;1646;jdk.internal.loader.ClassLoaders$PlatformClassLoader;BootstrapClassLoader
ClassLoader.loadClass;java.lang.AssertionError;org.apache.lucene.store.FSDirectory.open;161;org.dacapo.harness.DacapoClassLoader;BootstrapClassLoader
ClassLoader.loadClass;java.lang.AssertionError;org.dacapo.harness.TestHarness.main;101;jdk.internal.loader.ClassLoaders$AppClassLoader;BootstrapClassLoader
ClassLoader.loadClass;java.lang.Boolean;jdk.nio.zipfs.ZipFileSystem.lambda$static$0;87;jdk.internal.loader.ClassLoaders$PlatformClassLoader;BootstrapClassLoader
ClassLoader.loadClass;java.lang.Boolean;org.apache.lucene.store.MMapDirectory.checkMemorySegmentsSysprop;400;org.dacapo.harness.DacapoClassLoader;BootstrapClassLoader
ClassLoader.loadClass;java.lang.Boolean;org.dacapo.harness.Benchmark.getDeps;386;jdk.internal.loader.ClassLoaders$AppClassLoader;BootstrapClassLoader
ClassLoader.loadClass;java.lang.Byte;jdk.nio.zipfs.ZipConstants.SH;184;jdk.internal.loader.ClassLoaders$PlatformClassLoader;BootstrapClassLoader
ClassLoader.loadClass;java.lang.Byte;org.apache.lucene.util.RamUsageEstimator.<clinit>;99;org.dacapo.harness.DacapoClassLoader;BootstrapClassLoader
ClassLoader.loadClass;java.lang.CharSequence;java.lang.Class.getDeclaredMethods0;;jdk.internal.loader.ClassLoaders$AppClassLoader;BootstrapClassLoader
ClassLoader.loadClass;java.lang.CharSequence;jdk.nio.zipfs.ZipFileSystemProvider.getZipFileSystem;125;jdk.internal.loader.ClassLoaders$PlatformClassLoader;BootstrapClassLoader
ClassLoader.loadClass;java.lang.CharSequence;org.apache.lucene.store.FSDirectory.open;161;org.dacapo.harness.DacapoClassLoader;BootstrapClassLoader
ClassLoader.loadClass;java.lang.Character;org.apache.commons.cli.OptionValidator.isValidChar;33;jdk.internal.loader.ClassLoaders$AppClassLoader;BootstrapClassLoader
ClassLoader.loadClass;java.lang.Character;org.apache.lucene.util.RamUsageEstimator.<clinit>;100;org.dacapo.harness.DacapoClassLoader;BootstrapClassLoader
ClassLoader.loadClass;java.lang.Class;java.lang.Class.getDeclaredMethods0;;jdk.internal.loader.ClassLoaders$PlatformClassLoader;BootstrapClassLoader
ClassLoader.loadClass;java.lang.Class;org.apache.lucene.store.MMapDirectory.<clinit>;97;org.dacapo.harness.DacapoClassLoader;BootstrapClassLoader
ClassLoader.loadClass;java.lang.ClassLoader;java.lang.Class.getDeclaredMethods0;;jdk.internal.loader.ClassLoaders$AppClassLoader;BootstrapClassLoader
ClassLoader.loadClass;java.lang.ClassNotFoundException;java.lang.Class.getDeclaredMethods0;;jdk.internal.loader.ClassLoaders$AppClassLoader;BootstrapClassLoader
ClassLoader.loadClass;java.lang.ClassNotFoundException;org.apache.lucene.store.FSDirectory.open;161;org.dacapo.harness.DacapoClassLoader;BootstrapClassLoader
ClassLoader.loadClass;java.lang.ClassValue;org.apache.lucene.search.Query.<clinit>;51;org.dacapo.harness.DacapoClassLoader;BootstrapClassLoader
ClassLoader.loadClass;java.lang.CloneNotSupportedException;org.apache.lucene.index.SegmentInfos$FindSegmentsFile.run;802;org.dacapo.harness.DacapoClassLoader;BootstrapClassLoader
ClassLoader.loadClass;java.lang.CloneNotSupportedException;org.dacapo.harness.CommandLineArgs.makeOption;482;jdk.internal.loader.ClassLoaders$AppClassLoader;BootstrapClassLoader
ClassLoader.loadClass;java.lang.Cloneable;java.lang.ClassLoader.defineClass1;;jdk.internal.loader.ClassLoaders$AppClassLoader;BootstrapClassLoader
ClassLoader.loadClass;java.lang.Cloneable;java.lang.ClassLoader.defineClass1;;org.dacapo.harness.DacapoClassLoader;BootstrapClassLoader
ClassLoader.loadClass;java.lang.Comparable;java.lang.ClassLoader.defineClass1;;org.dacapo.harness.DacapoClassLoader;BootstrapClassLoader
ClassLoader.loadClass;java.lang.Double;org.apache.lucene.util.RamUsageEstimator.<clinit>;104;org.dacapo.harness.DacapoClassLoader;BootstrapClassLoader
ClassLoader.loadClass;java.lang.Enum;java.lang.ClassLoader.defineClass1;;jdk.internal.loader.ClassLoaders$AppClassLoader;BootstrapClassLoader
ClassLoader.loadClass;java.lang.Enum;java.lang.ClassLoader.defineClass1;;org.dacapo.harness.DacapoClassLoader;BootstrapClassLoader
ClassLoader.loadClass;java.lang.Error;org.apache.lucene.store.FSDirectory.open;161;org.dacapo.harness.DacapoClassLoader;BootstrapClassLoader
ClassLoader.loadClass;java.lang.Error;org.dacapo.parser.Config.parse;213;jdk.internal.loader.ClassLoaders$AppClassLoader;BootstrapClassLoader
ClassLoader.loadClass;java.lang.Exception;java.lang.Class.forName0;;org.dacapo.harness.DacapoClassLoader;BootstrapClassLoader
ClassLoader.loadClass;java.lang.Exception;java.lang.Class.getDeclaredMethods0;;jdk.internal.loader.ClassLoaders$AppClassLoader;BootstrapClassLoader
ClassLoader.loadClass;java.lang.Exception;jdk.nio.zipfs.ZipFileSystemProvider.getZipFileSystem;125;jdk.internal.loader.ClassLoaders$PlatformClassLoader;BootstrapClassLoader
ClassLoader.loadClass;java.lang.Float;org.apache.lucene.util.RamUsageEstimator.<clinit>;103;org.dacapo.harness.DacapoClassLoader;BootstrapClassLoader
ClassLoader.loadClass;java.lang.IllegalAccessException;java.lang.Class.getDeclaredMethods0;;jdk.internal.loader.ClassLoaders$AppClassLoader;BootstrapClassLoader
ClassLoader.loadClass;java.lang.IllegalAccessException;org.apache.lucene.store.FSDirectory.open;161;org.dacapo.harness.DacapoClassLoader;BootstrapClassLoader
ClassLoader.loadClass;java.lang.IllegalArgumentException;java.lang.Class.getDeclaredMethods0;;jdk.internal.loader.ClassLoaders$PlatformClassLoader;BootstrapClassLoader
ClassLoader.loadClass;java.lang.IllegalArgumentException;org.apache.commons.cli.Option.<init>;387;jdk.internal.loader.ClassLoaders$AppClassLoader;BootstrapClassLoader
ClassLoader.loadClass;java.lang.IllegalArgumentException;org.apache.lucene.store.FSDirectory.open;161;org.dacapo.harness.DacapoClassLoader;BootstrapClassLoader
ClassLoader.loadClass;java.lang.IllegalStateException;java.lang.ClassLoader.defineClass1;;org.dacapo.harness.DacapoClassLoader;BootstrapClassLoader
ClassLoader.loadClass;java.lang.IllegalStateException;jdk.nio.zipfs.ZipPath.newDirectoryStream;755;jdk.internal.loader.ClassLoaders$PlatformClassLoader;BootstrapClassLoader
ClassLoader.loadClass;java.lang.IndexOutOfBoundsException;org.apache.lucene.store.MappedByteBufferIndexInputProvider.openInput;76;org.dacapo.harness.DacapoClassLoader;BootstrapClassLoader
ClassLoader.loadClass;java.lang.InstantiationException;java.lang.Class.getDeclaredMethods0;;jdk.internal.loader.ClassLoaders$AppClassLoader;BootstrapClassLoader
ClassLoader.loadClass;java.lang.Integer;org.dacapo.harness.CommandLineArgs.getIterations;331;jdk.internal.loader.ClassLoaders$AppClassLoader;BootstrapClassLoader
ClassLoader.loadClass;java.lang.Integer;org.dacapo.lusearch.Search.main;110;org.dacapo.harness.DacapoClassLoader;BootstrapClassLoader
ClassLoader.loadClass;java.lang.InterruptedException;java.lang.Class.forName0;;org.dacapo.harness.DacapoClassLoader;BootstrapClassLoader
ClassLoader.loadClass;java.lang.Iterable;java.lang.ClassLoader.defineClass1;;org.dacapo.harness.DacapoClassLoader;BootstrapClassLoader
ClassLoader.loadClass;java.lang.Iterable;jdk.nio.zipfs.ZipFileSystemProvider.getZipFileSystem;125;jdk.internal.loader.ClassLoaders$PlatformClassLoader;BootstrapClassLoader
ClassLoader.loadClass;java.lang.Iterable;org.dacapo.harness.TestHarness.main;101;jdk.internal.loader.ClassLoaders$AppClassLoader;BootstrapClassLoader
ClassLoader.loadClass;java.lang.LinkageError;org.apache.lucene.store.FSDirectory.open;161;org.dacapo.harness.DacapoClassLoader;BootstrapClassLoader
ClassLoader.loadClass;java.lang.Long;org.apache.lucene.store.MMapDirectory.<init>;241;org.dacapo.harness.DacapoClassLoader;BootstrapClassLoader
ClassLoader.loadClass;java.lang.Math;org.apache.lucene.util.fst.BytesStore.copyBytes;165;org.dacapo.harness.DacapoClassLoader;BootstrapClassLoader
ClassLoader.loadClass;java.lang.NoSuchFieldError;org.apache.lucene.codecs.lucene90.Lucene90StoredFieldsFormat.impl;158;org.dacapo.harness.DacapoClassLoader;BootstrapClassLoader
ClassLoader.loadClass;java.lang.NoSuchFieldError;org.dacapo.parser.Config.getThreadCount;736;jdk.internal.loader.ClassLoaders$AppClassLoader;BootstrapClassLoader
ClassLoader.loadClass;java.lang.NoSuchMethodException;java.lang.Class.getDeclaredMethods0;;jdk.internal.loader.ClassLoaders$AppClassLoader;BootstrapClassLoader
ClassLoader.loadClass;java.lang.NoSuchMethodException;org.apache.lucene.store.FSDirectory.open;161;org.dacapo.harness.DacapoClassLoader;BootstrapClassLoader
ClassLoader.loadClass;java.lang.NullPointerException;java.lang.Class.getDeclaredMethods0;;jdk.internal.loader.ClassLoaders$PlatformClassLoader;BootstrapClassLoader
ClassLoader.loadClass;java.lang.NullPointerException;org.dacapo.lusearch.Search.main;123;org.dacapo.harness.DacapoClassLoader;BootstrapClassLoader
ClassLoader.loadClass;java.lang.Number;org.apache.lucene.search.IndexSearcher.<clinit>;132;org.dacapo.harness.DacapoClassLoader;BootstrapClassLoader
ClassLoader.loadClass;java.lang.NumberFormatException;jdk.nio.zipfs.ZipFileSystemProvider.getZipFileSystem;125;jdk.internal.loader.ClassLoaders$PlatformClassLoader;BootstrapClassLoader
ClassLoader.loadClass;java.lang.NumberFormatException;org.apache.lucene.index.StandardDirectoryReader.open;67;org.dacapo.harness.DacapoClassLoader;BootstrapClassLoader
ClassLoader.loadClass;java.lang.NumberFormatException;org.dacapo.harness.TestHarness.main;108;jdk.internal.loader.ClassLoaders$AppClassLoader;BootstrapClassLoader
ClassLoader.loadClass;java.lang.Object;java.lang.Class.getDeclaredMethods0;;jdk.internal.loader.ClassLoaders$PlatformClassLoader;BootstrapClassLoader
ClassLoader.loadClass;java.lang.Object;java.lang.ClassLoader.defineClass1;;org.dacapo.harness.DacapoClassLoader;BootstrapClassLoader
ClassLoader.loadClass;java.lang.ReflectiveOperationException;org.apache.lucene.store.FSDirectory.open;161;org.dacapo.harness.DacapoClassLoader;BootstrapClassLoader
ClassLoader.loadClass;java.lang.Runtime$Version;org.apache.lucene.util.Constants.<clinit>;34;org.dacapo.harness.DacapoClassLoader;BootstrapClassLoader
ClassLoader.loadClass;java.lang.Runtime;org.apache.lucene.util.Constants.<clinit>;34;org.dacapo.harness.DacapoClassLoader;BootstrapClassLoader
ClassLoader.loadClass;java.lang.RuntimeException;java.lang.Class.getDeclaredMethods0;;jdk.internal.loader.ClassLoaders$AppClassLoader;BootstrapClassLoader
ClassLoader.loadClass;java.lang.RuntimeException;org.apache.lucene.store.FSDirectory.open;161;org.dacapo.harness.DacapoClassLoader;BootstrapClassLoader
ClassLoader.loadClass;java.lang.SecurityException;org.apache.lucene.store.FSDirectory.open;161;org.dacapo.harness.DacapoClassLoader;BootstrapClassLoader
ClassLoader.loadClass;java.lang.Short;org.apache.lucene.util.RamUsageEstimator.<clinit>;101;org.dacapo.harness.DacapoClassLoader;BootstrapClassLoader
ClassLoader.loadClass;java.lang.String;java.lang.Class.getDeclaredMethods0;;jdk.internal.loader.ClassLoaders$PlatformClassLoader;BootstrapClassLoader
ClassLoader.loadClass;java.lang.String;java.lang.Class.getDeclaredMethods0;;org.dacapo.harness.DacapoClassLoader;BootstrapClassLoader
ClassLoader.loadClass;java.lang.StringBuffer;org.dacapo.harness.Digest.toString;44;jdk.internal.loader.ClassLoaders$AppClassLoader;BootstrapClassLoader
ClassLoader.loadClass;java.lang.StringBuilder;org.apache.lucene.index.IndexFileNames.fileNameFromGeneration;65;org.dacapo.harness.DacapoClassLoader;BootstrapClassLoader
ClassLoader.loadClass;java.lang.StringBuilder;org.dacapo.harness.Data.<clinit>;39;jdk.internal.loader.ClassLoaders$AppClassLoader;BootstrapClassLoader
ClassLoader.loadClass;java.lang.System;Harness.makeHarnessClassLoader;51;jdk.internal.loader.ClassLoaders$AppClassLoader;BootstrapClassLoader
ClassLoader.loadClass;java.lang.System;jdk.nio.zipfs.ZipFileSystem.lambda$static$0;87;jdk.internal.loader.ClassLoaders$PlatformClassLoader;BootstrapClassLoader
ClassLoader.loadClass;java.lang.System;org.apache.lucene.util.Constants.<clinit>;24;org.dacapo.harness.DacapoClassLoader;BootstrapClassLoader
ClassLoader.loadClass;java.lang.Thread;org.apache.lucene.store.ByteBufferGuard.invalidateAndUnmap;73;org.dacapo.harness.DacapoClassLoader;BootstrapClassLoader
ClassLoader.loadClass;java.lang.ThreadLocal;jdk.nio.zipfs.ZipFileSystem$IndexNode.<clinit>;2593;jdk.internal.loader.ClassLoaders$PlatformClassLoader;BootstrapClassLoader
ClassLoader.loadClass;java.lang.ThreadLocal;org.apache.lucene.util.CloseableThreadLocal.<init>;48;org.dacapo.harness.DacapoClassLoader;BootstrapClassLoader
ClassLoader.loadClass;java.lang.Throwable;java.lang.Class.forName0;;org.dacapo.harness.DacapoClassLoader;BootstrapClassLoader
ClassLoader.loadClass;java.lang.Throwable;java.lang.Class.getDeclaredMethods0;;jdk.internal.loader.ClassLoaders$PlatformClassLoader;BootstrapClassLoader
ClassLoader.loadClass;java.lang.UnsupportedOperationException;java.lang.Class.getDeclaredMethods0;;jdk.internal.loader.ClassLoaders$PlatformClassLoader;BootstrapClassLoader
ClassLoader.loadClass;java.lang.UnsupportedOperationException;org.apache.lucene.store.FSDirectory.open;156;org.dacapo.harness.DacapoClassLoader;BootstrapClassLoader
ClassLoader.loadClass;java.lang.UnsupportedOperationException;org.dacapo.harness.CommandLineArgs.makeOption;482;jdk.internal.loader.ClassLoaders$AppClassLoader;BootstrapClassLoader
ClassLoader.loadClass;java.lang.VirtualMachineError;org.apache.lucene.index.SegmentInfos.parseSegmentInfos;499;org.dacapo.harness.DacapoClassLoader;BootstrapClassLoader
ClassLoader.loadClass;java.lang.Void;org.apache.lucene.store.MappedByteBufferIndexInputProvider.unmapHackImpl;165;org.dacapo.harness.DacapoClassLoader;BootstrapClassLoader
ClassLoader.loadClass;java.lang.invoke.LambdaMetafactory;jdk.nio.zipfs.ZipFileSystem.<clinit>;86;jdk.internal.loader.ClassLoaders$PlatformClassLoader;BootstrapClassLoader
ClassLoader.loadClass;java.lang.invoke.LambdaMetafactory;org.apache.lucene.store.MMapDirectory.<clinit>;105;org.dacapo.harness.DacapoClassLoader;BootstrapClassLoader
ClassLoader.loadClass;java.lang.invoke.LambdaMetafactory;org.dacapo.harness.CommandLineArgs.extractBenchmarkSet;291;jdk.internal.loader.ClassLoaders$AppClassLoader;BootstrapClassLoader
ClassLoader.loadClass;java.lang.invoke.MethodHandle;org.apache.lucene.store.MappedByteBufferIndexInputProvider.unmapHackImpl;172;org.dacapo.harness.DacapoClassLoader;BootstrapClassLoader
ClassLoader.loadClass;java.lang.invoke.MethodHandles$Lookup;org.apache.lucene.store.MappedByteBufferIndexInputProvider.unmapHackImpl;162;org.dacapo.harness.DacapoClassLoader;BootstrapClassLoader
ClassLoader.loadClass;java.lang.invoke.MethodHandles;org.apache.lucene.store.MMapDirectory.lookupProvider;418;org.dacapo.harness.DacapoClassLoader;BootstrapClassLoader
ClassLoader.loadClass;java.lang.invoke.MethodType;org.apache.lucene.store.MappedByteBufferIndexInputProvider.unmapHackImpl;167;org.dacapo.harness.DacapoClassLoader;BootstrapClassLoader
ClassLoader.loadClass;java.lang.invoke.StringConcatFactory;org.dacapo.lusearch.Search.main;64;org.dacapo.harness.DacapoClassLoader;BootstrapClassLoader
ClassLoader.loadClass;java.lang.invoke.VarHandle;org.apache.lucene.store.ByteBufferGuard.invalidateAndUnmap;71;org.dacapo.harness.DacapoClassLoader;BootstrapClassLoader
ClassLoader.loadClass;java.lang.management.ManagementFactory;java.lang.Class.forName0;;org.dacapo.harness.DacapoClassLoader;BootstrapClassLoader
ClassLoader.loadClass;java.lang.ref.WeakReference;org.apache.lucene.util.CloseableThreadLocal.set;85;org.dacapo.harness.DacapoClassLoader;BootstrapClassLoader
ClassLoader.loadClass;java.lang.reflect.Array;org.apache.lucene.util.ArrayUtil.growExact;225;org.dacapo.harness.DacapoClassLoader;BootstrapClassLoader
ClassLoader.loadClass;java.lang.reflect.Constructor;org.dacapo.harness.TestHarness.runBenchmark;218;jdk.internal.loader.ClassLoaders$AppClassLoader;BootstrapClassLoader
ClassLoader.loadClass;java.lang.reflect.Field;org.apache.lucene.store.MappedByteBufferIndexInputProvider.unmapHackImpl;170;org.dacapo.harness.DacapoClassLoader;BootstrapClassLoader
ClassLoader.loadClass;java.lang.reflect.InvocationTargetException;java.lang.Class.getDeclaredMethods0;;jdk.internal.loader.ClassLoaders$AppClassLoader;BootstrapClassLoader
ClassLoader.loadClass;java.lang.reflect.Method;Harness.main;39;jdk.internal.loader.ClassLoaders$AppClassLoader;BootstrapClassLoader
ClassLoader.loadClass;java.lang.reflect.Method;org.apache.lucene.util.RamUsageEstimator.<clinit>;133;org.dacapo.harness.DacapoClassLoader;BootstrapClassLoader
ClassLoader.loadClass;java.lang.reflect.Modifier;org.apache.lucene.util.RamUsageEstimator.shallowSizeOfInstance;604;org.dacapo.harness.DacapoClassLoader;BootstrapClassLoader
ClassLoader.loadClass;java.lang.reflect.UndeclaredThrowableException;org.apache.lucene.util.AttributeFactory.<clinit>;56;org.dacapo.harness.DacapoClassLoader;BootstrapClassLoader
ClassLoader.loadClass;java.net.URI;java.lang.Class.getDeclaredMethods0;;jdk.internal.loader.ClassLoaders$PlatformClassLoader;BootstrapClassLoader
ClassLoader.loadClass;java.net.URISyntaxException;java.lang.Class.getDeclaredMethods0;;jdk.internal.loader.ClassLoaders$PlatformClassLoader;BootstrapClassLoader
ClassLoader.loadClass;java.net.URLClassLoader;java.lang.Class.getDeclaredMethods0;;jdk.internal.loader.ClassLoaders$AppClassLoader;BootstrapClassLoader
ClassLoader.loadClass;java.nio.BufferUnderflowException;org.apache.lucene.store.MappedByteBufferIndexInputProvider.openInput;76;org.dacapo.harness.DacapoClassLoader;BootstrapClassLoader
ClassLoader.loadClass;java.nio.ByteBuffer;jdk.nio.zipfs.ZipFileSystem.readFullyAt;1233;jdk.internal.loader.ClassLoaders$PlatformClassLoader;BootstrapClassLoader
ClassLoader.loadClass;java.nio.ByteBuffer;org.apache.lucene.store.MappedByteBufferIndexInputProvider.unmapHackImpl;165;org.dacapo.harness.DacapoClassLoader;BootstrapClassLoader
ClassLoader.loadClass;java.nio.ByteOrder;org.apache.lucene.store.MappedByteBufferIndexInputProvider.map;122;org.dacapo.harness.DacapoClassLoader;BootstrapClassLoader
ClassLoader.loadClass;java.nio.CharBuffer;org.apache.lucene.index.Term.toString;118;org.dacapo.harness.DacapoClassLoader;BootstrapClassLoader
ClassLoader.loadClass;java.nio.FloatBuffer;org.apache.lucene.store.ByteBufferIndexInput.<clinit>;38;org.dacapo.harness.DacapoClassLoader;BootstrapClassLoader
ClassLoader.loadClass;java.nio.IntBuffer;org.apache.lucene.store.ByteBufferIndexInput.<clinit>;40;org.dacapo.harness.DacapoClassLoader;BootstrapClassLoader
ClassLoader.loadClass;java.nio.LongBuffer;org.apache.lucene.store.ByteBufferIndexInput.<clinit>;39;org.dacapo.harness.DacapoClassLoader;BootstrapClassLoader
ClassLoader.loadClass;java.nio.MappedByteBuffer;org.apache.lucene.store.MappedByteBufferIndexInputProvider.map;122;org.dacapo.harness.DacapoClassLoader;BootstrapClassLoader
ClassLoader.loadClass;java.nio.channels.AsynchronousFileChannel;java.lang.Class.getDeclaredMethods0;;jdk.internal.loader.ClassLoaders$PlatformClassLoader;BootstrapClassLoader
ClassLoader.loadClass;java.nio.channels.FileChannel$MapMode;org.apache.lucene.store.MappedByteBufferIndexInputProvider.map;121;org.dacapo.harness.DacapoClassLoader;BootstrapClassLoader
ClassLoader.loadClass;java.nio.channels.FileChannel;java.lang.Class.getDeclaredMethods0;;jdk.internal.loader.ClassLoaders$PlatformClassLoader;BootstrapClassLoader
ClassLoader.loadClass;java.nio.channels.FileChannel;org.apache.lucene.store.MappedByteBufferIndexInputProvider.openInput;74;org.dacapo.harness.DacapoClassLoader;BootstrapClassLoader
ClassLoader.loadClass;java.nio.channels.SeekableByteChannel;java.lang.Class.getDeclaredMethods0;;jdk.internal.loader.ClassLoaders$PlatformClassLoader;BootstrapClassLoader
ClassLoader.loadClass;java.nio.charset.CharacterCodingException;org.apache.lucene.util.QueryBuilder.analyzeTerm;382;org.dacapo.harness.DacapoClassLoader;BootstrapClassLoader
ClassLoader.loadClass;java.nio.charset.Charset;jdk.nio.zipfs.ZipCoder.get;72;jdk.internal.loader.ClassLoaders$PlatformClassLoader;BootstrapClassLoader
ClassLoader.loadClass;java.nio.charset.Charset;org.apache.lucene.index.Term.toString;112;org.dacapo.harness.DacapoClassLoader;BootstrapClassLoader
ClassLoader.loadClass;java.nio.charset.CharsetDecoder;org.apache.lucene.index.Term.toString;113;org.dacapo.harness.DacapoClassLoader;BootstrapClassLoader
ClassLoader.loadClass;java.nio.charset.CodingErrorAction;org.apache.lucene.index.Term.toString;112;org.dacapo.harness.DacapoClassLoader;BootstrapClassLoader
ClassLoader.loadClass;java.nio.charset.StandardCharsets;jdk.nio.zipfs.ZipCoder$UTF8.<init>;49;jdk.internal.loader.ClassLoaders$PlatformClassLoader;BootstrapClassLoader
ClassLoader.loadClass;java.nio.charset.StandardCharsets;org.apache.lucene.store.DataInput.readString;280;org.dacapo.harness.DacapoClassLoader;BootstrapClassLoader
ClassLoader.loadClass;java.nio.file.AccessDeniedException;jdk.nio.zipfs.ZipFileSystem.<init>;176;jdk.internal.loader.ClassLoaders$PlatformClassLoader;BootstrapClassLoader
ClassLoader.loadClass;java.nio.file.AccessMode;java.lang.Class.getDeclaredMethods0;;jdk.internal.loader.ClassLoaders$PlatformClassLoader;BootstrapClassLoader
ClassLoader.loadClass;java.nio.file.ClosedDirectoryStreamException;jdk.nio.zipfs.ZipPath.newDirectoryStream;755;jdk.internal.loader.ClassLoaders$PlatformClassLoader;BootstrapClassLoader
ClassLoader.loadClass;java.nio.file.ClosedFileSystemException;jdk.nio.zipfs.ZipFileSystemProvider.getZipFileSystem;125;jdk.internal.loader.ClassLoaders$PlatformClassLoader;BootstrapClassLoader
ClassLoader.loadClass;java.nio.file.CopyOption;java.lang.Class.getDeclaredMethods0;;jdk.internal.loader.ClassLoaders$PlatformClassLoader;BootstrapClassLoader
ClassLoader.loadClass;java.nio.file.DirectoryIteratorException;jdk.nio.zipfs.ZipPath.newDirectoryStream;755;jdk.internal.loader.ClassLoaders$PlatformClassLoader;BootstrapClassLoader
ClassLoader.loadClass;java.nio.file.DirectoryNotEmptyException;jdk.nio.zipfs.ZipFileSystemProvider.getZipFileSystem;125;jdk.internal.loader.ClassLoaders$PlatformClassLoader;BootstrapClassLoader
ClassLoader.loadClass;java.nio.file.DirectoryStream$Filter;java.lang.Class.getDeclaredMethods0;;jdk.internal.loader.ClassLoaders$PlatformClassLoader;BootstrapClassLoader
ClassLoader.loadClass;java.nio.file.DirectoryStream;java.lang.Class.getDeclaredMethods0;;jdk.internal.loader.ClassLoaders$PlatformClassLoader;BootstrapClassLoader
ClassLoader.loadClass;java.nio.file.DirectoryStream;org.apache.lucene.store.FSDirectory.listAll;181;org.dacapo.harness.DacapoClassLoader;BootstrapClassLoader
ClassLoader.loadClass;java.nio.file.FileAlreadyExistsException;jdk.nio.zipfs.ZipFileSystemProvider.getZipFileSystem;125;jdk.internal.loader.ClassLoaders$PlatformClassLoader;BootstrapClassLoader
ClassLoader.loadClass;java.nio.file.FileAlreadyExistsException;org.dacapo.lusearch.Search.main;123;org.dacapo.harness.DacapoClassLoader;BootstrapClassLoader
ClassLoader.loadClass;java.nio.file.FileStore;java.lang.Class.getDeclaredMethods0;;jdk.internal.loader.ClassLoaders$PlatformClassLoader;BootstrapClassLoader
ClassLoader.loadClass;java.nio.file.FileSystem;java.lang.Class.getDeclaredMethods0;;jdk.internal.loader.ClassLoaders$PlatformClassLoader;BootstrapClassLoader
ClassLoader.loadClass;java.nio.file.FileSystem;org.dacapo.harness.CommandLineArgs.extractBenchmarkSet;286;jdk.internal.loader.ClassLoaders$AppClassLoader;BootstrapClassLoader
ClassLoader.loadClass;java.nio.file.FileSystemAlreadyExistsException;java.lang.Class.getDeclaredMethods0;;jdk.internal.loader.ClassLoaders$PlatformClassLoader;BootstrapClassLoader
ClassLoader.loadClass;java.nio.file.FileSystemException;jdk.nio.zipfs.ZipFileSystemProvider.getZipFileSystem;125;jdk.internal.loader.ClassLoaders$PlatformClassLoader;BootstrapClassLoader
ClassLoader.loadClass;java.nio.file.FileSystemNotFoundException;java.lang.Class.getDeclaredMethods0;;jdk.internal.loader.ClassLoaders$PlatformClassLoader;BootstrapClassLoader
ClassLoader.loadClass;java.nio.file.FileSystems;org.dacapo.harness.CommandLineArgs.extractBenchmarkSet;285;jdk.internal.loader.ClassLoaders$AppClassLoader;BootstrapClassLoader
ClassLoader.loadClass;java.nio.file.FileVisitOption;org.dacapo.harness.CommandLineArgs.extractBenchmarkSet;291;jdk.internal.loader.ClassLoaders$AppClassLoader;BootstrapClassLoader
ClassLoader.loadClass;java.nio.file.FileVisitor;org.apache.lucene.index.StandardDirectoryReader.doClose;481;org.dacapo.harness.DacapoClassLoader;BootstrapClassLoader
ClassLoader.loadClass;java.nio.file.Files;jdk.nio.zipfs.ZipFileSystemProvider.ensureFile;85;jdk.internal.loader.ClassLoaders$PlatformClassLoader;BootstrapClassLoader
ClassLoader.loadClass;java.nio.file.Files;org.apache.lucene.store.FSDirectory.<init>;127;org.dacapo.harness.DacapoClassLoader;BootstrapClassLoader
ClassLoader.loadClass;java.nio.file.Files;org.dacapo.harness.CommandLineArgs.extractBenchmarkSet;291;jdk.internal.loader.ClassLoaders$AppClassLoader;BootstrapClassLoader
ClassLoader.loadClass;java.nio.file.InvalidPathException;jdk.nio.zipfs.ZipFileSystem.<init>;176;jdk.internal.loader.ClassLoaders$PlatformClassLoader;BootstrapClassLoader
ClassLoader.loadClass;java.nio.file.LinkOption;java.lang.Class.getDeclaredMethods0;;jdk.internal.loader.ClassLoaders$PlatformClassLoader;BootstrapClassLoader
ClassLoader.loadClass;java.nio.file.LinkOption;org.apache.lucene.store.FSDirectory.<init>;127;org.dacapo.harness.DacapoClassLoader;BootstrapClassLoader
ClassLoader.loadClass;java.nio.file.NoSuchFileException;jdk.nio.zipfs.ZipFileSystemProvider.getZipFileSystem;125;jdk.internal.loader.ClassLoaders$PlatformClassLoader;BootstrapClassLoader
ClassLoader.loadClass;java.nio.file.NoSuchFileException;org.dacapo.lusearch.Search.main;123;org.dacapo.harness.DacapoClassLoader;BootstrapClassLoader
ClassLoader.loadClass;java.nio.file.NotDirectoryException;jdk.nio.zipfs.ZipFileSystemProvider.getZipFileSystem;125;jdk.internal.loader.ClassLoaders$PlatformClassLoader;BootstrapClassLoader
ClassLoader.loadClass;java.nio.file.OpenOption;java.lang.Class.getDeclaredMethods0;;jdk.internal.loader.ClassLoaders$PlatformClassLoader;BootstrapClassLoader
ClassLoader.loadClass;java.nio.file.OpenOption;org.apache.lucene.store.MappedByteBufferIndexInputProvider.openInput;74;org.dacapo.harness.DacapoClassLoader;BootstrapClassLoader
ClassLoader.loadClass;java.nio.file.OpenOption;org.dacapo.harness.Benchmark.getMD5;403;jdk.internal.loader.ClassLoaders$AppClassLoader;BootstrapClassLoader
ClassLoader.loadClass;java.nio.file.Path;java.lang.Class.getDeclaredMethods0;;jdk.internal.loader.ClassLoaders$PlatformClassLoader;BootstrapClassLoader
ClassLoader.loadClass;java.nio.file.Path;org.apache.lucene.store.FSDirectory.<init>;130;org.dacapo.harness.DacapoClassLoader;BootstrapClassLoader
ClassLoader.loadClass;java.nio.file.Path;org.dacapo.harness.CommandLineArgs.extractBenchmarkSet;291;jdk.internal.loader.ClassLoaders$AppClassLoader;BootstrapClassLoader
ClassLoader.loadClass;java.nio.file.Paths;jdk.nio.zipfs.ZipFileSystemProvider.uriToPath;76;jdk.internal.loader.ClassLoaders$PlatformClassLoader;BootstrapClassLoader
ClassLoader.loadClass;java.nio.file.Paths;org.dacapo.harness.Data.<clinit>;36;jdk.internal.loader.ClassLoaders$AppClassLoader;BootstrapClassLoader
ClassLoader.loadClass;java.nio.file.Paths;org.dacapo.lusearch.Search.main;123;org.dacapo.harness.DacapoClassLoader;BootstrapClassLoader
ClassLoader.loadClass;java.nio.file.ProviderMismatchException;java.lang.Class.getDeclaredMethods0;;jdk.internal.loader.ClassLoaders$PlatformClassLoader;BootstrapClassLoader
ClassLoader.loadClass;java.nio.file.ReadOnlyFileSystemException;jdk.nio.zipfs.ZipFileSystemProvider.getZipFileSystem;125;jdk.internal.loader.ClassLoaders$PlatformClassLoader;BootstrapClassLoader
ClassLoader.loadClass;java.nio.file.StandardOpenOption;jdk.nio.zipfs.ZipFileSystem.<init>;177;jdk.internal.loader.ClassLoaders$PlatformClassLoader;BootstrapClassLoader
ClassLoader.loadClass;java.nio.file.StandardOpenOption;org.apache.lucene.store.MappedByteBufferIndexInputProvider.openInput;74;org.dacapo.harness.DacapoClassLoader;BootstrapClassLoader
ClassLoader.loadClass;java.nio.file.attribute.BasicFileAttributeView;java.lang.ClassLoader.defineClass2;;jdk.internal.loader.ClassLoaders$PlatformClassLoader;BootstrapClassLoader
ClassLoader.loadClass;java.nio.file.attribute.BasicFileAttributes;java.lang.Class.getDeclaredMethods0;;jdk.internal.loader.ClassLoaders$PlatformClassLoader;BootstrapClassLoader
ClassLoader.loadClass;java.nio.file.attribute.FileAttribute;java.lang.Class.getDeclaredMethods0;;jdk.internal.loader.ClassLoaders$PlatformClassLoader;BootstrapClassLoader
ClassLoader.loadClass;java.nio.file.attribute.FileAttributeView;java.lang.Class.getDeclaredMethods0;;jdk.internal.loader.ClassLoaders$PlatformClassLoader;BootstrapClassLoader
ClassLoader.loadClass;java.nio.file.attribute.PosixFileAttributeView;java.lang.ClassLoader.defineClass2;;jdk.internal.loader.ClassLoaders$PlatformClassLoader;BootstrapClassLoader
ClassLoader.loadClass;java.nio.file.attribute.PosixFileAttributes;java.lang.ClassLoader.defineClass2;;jdk.internal.loader.ClassLoaders$PlatformClassLoader;BootstrapClassLoader
ClassLoader.loadClass;java.nio.file.attribute.PosixFilePermissions;jdk.nio.zipfs.ZipFileSystem.<clinit>;101;jdk.internal.loader.ClassLoaders$PlatformClassLoader;BootstrapClassLoader
ClassLoader.loadClass;java.nio.file.spi.FileSystemProvider;java.lang.ClassLoader.defineClass2;;jdk.internal.loader.ClassLoaders$PlatformClassLoader;BootstrapClassLoader
ClassLoader.loadClass;java.security.AccessControlException;org.apache.lucene.util.ArrayUtil.<clinit>;31;org.dacapo.harness.DacapoClassLoader;BootstrapClassLoader
ClassLoader.loadClass;java.security.AccessController;jdk.nio.zipfs.ZipFileSystem.<clinit>;86;jdk.internal.loader.ClassLoaders$PlatformClassLoader;BootstrapClassLoader
ClassLoader.loadClass;java.security.AccessController;org.apache.lucene.store.MMapDirectory.doPrivileged;395;org.dacapo.harness.DacapoClassLoader;BootstrapClassLoader
ClassLoader.loadClass;java.security.BasicPermission;java.lang.ClassLoader.defineClass1;;jdk.internal.loader.ClassLoaders$AppClassLoader;BootstrapClassLoader
ClassLoader.loadClass;java.security.CodeSource;org.dacapo.harness.TestHarness.getManifestAttribute;284;jdk.internal.loader.ClassLoaders$AppClassLoader;BootstrapClassLoader
ClassLoader.loadClass;java.security.MessageDigest;org.dacapo.harness.Benchmark.getMD5;401;jdk.internal.loader.ClassLoaders$AppClassLoader;BootstrapClassLoader
ClassLoader.loadClass;java.security.NoSuchAlgorithmException;org.dacapo.harness.FileDigest.getText;84;jdk.internal.loader.ClassLoaders$AppClassLoader;BootstrapClassLoader
ClassLoader.loadClass;java.security.Permission;org.dacapo.harness.Benchmark.getMD5;409;jdk.internal.loader.ClassLoaders$AppClassLoader;BootstrapClassLoader
ClassLoader.loadClass;java.security.PrivilegedAction;jdk.nio.zipfs.ZipFileSystem.<clinit>;86;jdk.internal.loader.ClassLoaders$PlatformClassLoader;BootstrapClassLoader
ClassLoader.loadClass;java.security.PrivilegedAction;org.apache.lucene.store.MMapDirectory.<clinit>;448;org.dacapo.harness.DacapoClassLoader;BootstrapClassLoader
ClassLoader.loadClass;java.security.PrivilegedActionException;java.lang.Class.getDeclaredMethods0;;jdk.internal.loader.ClassLoaders$PlatformClassLoader;BootstrapClassLoader
ClassLoader.loadClass;java.security.ProtectionDomain;org.dacapo.harness.TestHarness.getManifestAttribute;284;jdk.internal.loader.ClassLoaders$AppClassLoader;BootstrapClassLoader
ClassLoader.loadClass;java.text.ParseException;org.apache.lucene.index.StandardDirectoryReader.open;67;org.dacapo.harness.DacapoClassLoader;BootstrapClassLoader
ClassLoader.loadClass;java.time.DateTimeException;jdk.nio.zipfs.ZipFileSystem$Entry.readCEN;2798;jdk.internal.loader.ClassLoaders$PlatformClassLoader;BootstrapClassLoader
ClassLoader.loadClass;java.time.LocalDateTime;jdk.nio.zipfs.ZipUtils.dosToJavaTime;216;jdk.internal.loader.ClassLoaders$PlatformClassLoader;BootstrapClassLoader
ClassLoader.loadClass;java.time.ZoneId;jdk.nio.zipfs.ZipUtils.dosToJavaTime;218;jdk.internal.loader.ClassLoaders$PlatformClassLoader;BootstrapClassLoader
ClassLoader.loadClass;java.time.zone.ZoneRules;jdk.nio.zipfs.ZipUtils.dosToJavaTime;218;jdk.internal.loader.ClassLoaders$PlatformClassLoader;BootstrapClassLoader
ClassLoader.loadClass;java.util.AbstractList;java.lang.ClassLoader.defineClass1;;org.dacapo.harness.DacapoClassLoader;BootstrapClassLoader
ClassLoader.loadClass;java.util.AbstractMap;java.lang.ClassLoader.defineClass1;;org.dacapo.harness.DacapoClassLoader;BootstrapClassLoader
ClassLoader.loadClass;java.util.AbstractSet;java.lang.ClassLoader.defineClass1;;org.dacapo.harness.DacapoClassLoader;BootstrapClassLoader
ClassLoader.loadClass;java.util.ArrayList;jdk.nio.zipfs.ZipFileSystem.<init>;2390;jdk.internal.loader.ClassLoaders$PlatformClassLoader;BootstrapClassLoader
ClassLoader.loadClass;java.util.ArrayList;org.apache.commons.cli.Option.<init>;328;jdk.internal.loader.ClassLoaders$AppClassLoader;BootstrapClassLoader
ClassLoader.loadClass;java.util.ArrayList;org.apache.lucene.store.FSDirectory.listAll;178;org.dacapo.harness.DacapoClassLoader;BootstrapClassLoader
ClassLoader.loadClass;java.util.Arrays;jdk.nio.zipfs.ZipFileSystem$IndexNode.name;2606;jdk.internal.loader.ClassLoaders$PlatformClassLoader;BootstrapClassLoader
ClassLoader.loadClass;java.util.Arrays;org.apache.commons.cli.PosixParser.flatten;124;jdk.internal.loader.ClassLoaders$AppClassLoader;BootstrapClassLoader
ClassLoader.loadClass;java.util.Arrays;org.apache.lucene.store.FSDirectory.listAll;192;org.dacapo.harness.DacapoClassLoader;BootstrapClassLoader
ClassLoader.loadClass;java.util.Calendar;javax.xml.bind.DatatypeConverter.initConverter;155;jdk.internal.loader.ClassLoaders$AppClassLoader;BootstrapClassLoader
ClassLoader.loadClass;java.util.Collection;jdk.nio.zipfs.ZipFileSystemProvider.getZipFileSystem;125;jdk.internal.loader.ClassLoaders$PlatformClassLoader;BootstrapClassLoader
ClassLoader.loadClass;java.util.Collection;org.dacapo.harness.TestHarness.main;101;jdk.internal.loader.ClassLoaders$AppClassLoader;BootstrapClassLoader
ClassLoader.loadClass;java.util.Collection;org.dacapo.lusearch.Search.main;123;org.dacapo.harness.DacapoClassLoader;BootstrapClassLoader
ClassLoader.loadClass;java.util.Collections;jdk.nio.zipfs.ZipFileSystem.<init>;1133;jdk.internal.loader.ClassLoaders$PlatformClassLoader;BootstrapClassLoader
ClassLoader.loadClass;java.util.Collections;org.apache.commons.cli.Options.getRequiredOptions;269;jdk.internal.loader.ClassLoaders$AppClassLoader;BootstrapClassLoader
ClassLoader.loadClass;java.util.Collections;org.apache.lucene.store.NativeFSLockFactory.<clinit>;68;org.dacapo.harness.DacapoClassLoader;BootstrapClassLoader
ClassLoader.loadClass;java.util.Comparator;org.apache.lucene.search.TopDocs.<clinit>;33;org.dacapo.harness.DacapoClassLoader;BootstrapClassLoader
ClassLoader.loadClass;java.util.ConcurrentModificationException;org.apache.lucene.search.IndexSearcher.<clinit>;99;org.dacapo.harness.DacapoClassLoader;BootstrapClassLoader
ClassLoader.loadClass;java.util.Deque;org.apache.lucene.index.SegmentInfos.parseSegmentInfos;499;org.dacapo.harness.DacapoClassLoader;BootstrapClassLoader
ClassLoader.loadClass;java.util.GregorianCalendar;javax.xml.bind.DatatypeConverter.initConverter;155;jdk.internal.loader.ClassLoaders$AppClassLoader;BootstrapClassLoader
ClassLoader.loadClass;java.util.HashMap;jdk.nio.zipfs.ZipFileSystemProvider.<init>;55;jdk.internal.loader.ClassLoaders$PlatformClassLoader;BootstrapClassLoader
ClassLoader.loadClass;java.util.HashMap;org.apache.lucene.index.SegmentCommitInfo.<init>;72;org.dacapo.harness.DacapoClassLoader;BootstrapClassLoader
ClassLoader.loadClass;java.util.HashMap;org.dacapo.parser.Config.<init>;255;jdk.internal.loader.ClassLoaders$AppClassLoader;BootstrapClassLoader
ClassLoader.loadClass;java.util.HashSet;jdk.nio.zipfs.ZipFileSystem.<init>;1132;jdk.internal.loader.ClassLoaders$PlatformClassLoader;BootstrapClassLoader
ClassLoader.loadClass;java.util.HashSet;org.apache.commons.cli.Options.getOptionGroups;251;jdk.internal.loader.ClassLoaders$AppClassLoader;BootstrapClassLoader
ClassLoader.loadClass;java.util.HashSet;org.apache.lucene.store.NativeFSLockFactory.<clinit>;68;org.dacapo.harness.DacapoClassLoader;BootstrapClassLoader
ClassLoader.loadClass;java.util.IdentityHashMap;org.apache.lucene.util.RamUsageEstimator.<clinit>;97;org.dacapo.harness.DacapoClassLoader;BootstrapClassLoader
ClassLoader.loadClass;java.util.Iterator;jdk.nio.zipfs.ZipFileSystem.<init>;176;jdk.internal.loader.ClassLoaders$PlatformClassLoader;BootstrapClassLoader
ClassLoader.loadClass;java.util.Iterator;org.apache.commons.cli.Parser.parse;136;jdk.internal.loader.ClassLoaders$AppClassLoader;BootstrapClassLoader
ClassLoader.loadClass;java.util.Iterator;org.apache.lucene.store.FSDirectory.listAll;181;org.dacapo.harness.DacapoClassLoader;BootstrapClassLoader
ClassLoader.loadClass;java.util.LinkedHashMap;jdk.nio.zipfs.ZipFileSystem.initCEN;1557;jdk.internal.loader.ClassLoaders$PlatformClassLoader;BootstrapClassLoader
ClassLoader.loadClass;java.util.LinkedHashMap;org.apache.commons.cli.Options.<init>;44;jdk.internal.loader.ClassLoaders$AppClassLoader;BootstrapClassLoader
ClassLoader.loadClass;java.util.LinkedHashMap;org.apache.lucene.util.NamedSPILoader.reload;67;org.dacapo.harness.DacapoClassLoader;BootstrapClassLoader
ClassLoader.loadClass;java.util.LinkedHashSet;org.apache.lucene.index.SegmentCoreReaders.<init>;91;org.dacapo.harness.DacapoClassLoader;BootstrapClassLoader
ClassLoader.loadClass;java.util.LinkedList;org.apache.commons.cli.CommandLine.<init>;81;jdk.internal.loader.ClassLoaders$AppClassLoader;BootstrapClassLoader
ClassLoader.loadClass;java.util.List;jdk.nio.zipfs.ZipFileSystemProvider.getZipFileSystem;125;jdk.internal.loader.ClassLoaders$PlatformClassLoader;BootstrapClassLoader
ClassLoader.loadClass;java.util.List;org.dacapo.harness.TestHarness.main;101;jdk.internal.loader.ClassLoaders$AppClassLoader;BootstrapClassLoader
ClassLoader.loadClass;java.util.List;org.dacapo.lusearch.Search.main;123;org.dacapo.harness.DacapoClassLoader;BootstrapClassLoader
ClassLoader.loadClass;java.util.ListIterator;org.apache.commons.cli.Parser.parse;161;jdk.internal.loader.ClassLoaders$AppClassLoader;BootstrapClassLoader
ClassLoader.loadClass;java.util.Locale;org.apache.lucene.index.SegmentInfo.checkFileNames;311;org.dacapo.harness.DacapoClassLoader;BootstrapClassLoader
ClassLoader.loadClass;java.util.Locale;org.dacapo.harness.TestHarness.main;80;jdk.internal.loader.ClassLoaders$AppClassLoader;BootstrapClassLoader
ClassLoader.loadClass;java.util.Map;java.lang.Class.getDeclaredMethods0;;jdk.internal.loader.ClassLoaders$PlatformClassLoader;BootstrapClassLoader
ClassLoader.loadClass;java.util.Map;org.dacapo.harness.CommandLineArgs.<clinit>;145;jdk.internal.loader.ClassLoaders$AppClassLoader;BootstrapClassLoader
ClassLoader.loadClass;java.util.Map;org.dacapo.lusearch.Search.main;123;org.dacapo.harness.DacapoClassLoader;BootstrapClassLoader
ClassLoader.loadClass;java.util.NoSuchElementException;jdk.nio.zipfs.ZipDirectoryStream.iterator;74;jdk.internal.loader.ClassLoaders$PlatformClassLoader;BootstrapClassLoader
ClassLoader.loadClass;java.util.Objects;jdk.nio.zipfs.ZipFileSystem.getInode;1892;jdk.internal.loader.ClassLoaders$PlatformClassLoader;BootstrapClassLoader
ClassLoader.loadClass;java.util.Objects;org.apache.lucene.util.NamedSPILoader.reload;66;org.dacapo.harness.DacapoClassLoader;BootstrapClassLoader
ClassLoader.loadClass;java.util.Optional;org.apache.lucene.store.MMapDirectory.checkMemorySegmentsSysprop;400;org.dacapo.harness.DacapoClassLoader;BootstrapClassLoader
ClassLoader.loadClass;java.util.Properties;org.dacapo.harness.Data.getLocation;58;jdk.internal.loader.ClassLoaders$AppClassLoader;BootstrapClassLoader
ClassLoader.loadClass;java.util.RandomAccess;java.lang.ClassLoader.defineClass1;;org.dacapo.harness.DacapoClassLoader;BootstrapClassLoader
ClassLoader.loadClass;java.util.ServiceLoader;org.apache.lucene.util.NamedSPILoader.reload;68;org.dacapo.harness.DacapoClassLoader;BootstrapClassLoader
ClassLoader.loadClass;java.util.Set;java.lang.Class.getDeclaredMethods0;;jdk.internal.loader.ClassLoaders$PlatformClassLoader;BootstrapClassLoader
ClassLoader.loadClass;java.util.Set;org.apache.lucene.store.FSLockFactory.getDefault;32;org.dacapo.harness.DacapoClassLoader;BootstrapClassLoader
ClassLoader.loadClass;java.util.Set;org.dacapo.harness.TestHarness.main;108;jdk.internal.loader.ClassLoaders$AppClassLoader;BootstrapClassLoader
ClassLoader.loadClass;java.util.TimeZone;org.apache.lucene.queryparser.classic.QueryParserBase.<init>;94;org.dacapo.harness.DacapoClassLoader;BootstrapClassLoader
ClassLoader.loadClass;java.util.TreeMap;org.apache.lucene.store.DataInput.readMapOfStrings;314;org.dacapo.harness.DacapoClassLoader;BootstrapClassLoader
ClassLoader.loadClass;java.util.TreeMap;org.dacapo.harness.DacapoClassLoader.sortURLs;38;jdk.internal.loader.ClassLoaders$AppClassLoader;BootstrapClassLoader
ClassLoader.loadClass;java.util.Vector;org.dacapo.parser.ConfigFile.sizeClause;161;jdk.internal.loader.ClassLoaders$AppClassLoader;BootstrapClassLoader
ClassLoader.loadClass;java.util.WeakHashMap;org.apache.lucene.index.IndexReader.<init>;156;org.dacapo.harness.DacapoClassLoader;BootstrapClassLoader
ClassLoader.loadClass;java.util.concurrent.ConcurrentHashMap;org.apache.lucene.store.FSDirectory.<init>;101;org.dacapo.harness.DacapoClassLoader;BootstrapClassLoader
ClassLoader.loadClass;java.util.concurrent.CopyOnWriteArraySet;org.apache.lucene.index.SegmentReader.<init>;350;org.dacapo.harness.DacapoClassLoader;BootstrapClassLoader
ClassLoader.loadClass;java.util.concurrent.ExecutionException;org.dacapo.lusearch.Search.main;124;org.dacapo.harness.DacapoClassLoader;BootstrapClassLoader
ClassLoader.loadClass;java.util.concurrent.ExecutorService;java.lang.Class.getDeclaredMethods0;;jdk.internal.loader.ClassLoaders$PlatformClassLoader;BootstrapClassLoader
ClassLoader.loadClass;java.util.concurrent.TimeUnit;jdk.nio.zipfs.ZipUtils.dosToJavaTime;217;jdk.internal.loader.ClassLoaders$PlatformClassLoader;BootstrapClassLoader
ClassLoader.loadClass;java.util.concurrent.atomic.AtomicInteger;org.apache.lucene.store.FSDirectory.<init>;104;org.dacapo.harness.DacapoClassLoader;BootstrapClassLoader
ClassLoader.loadClass;java.util.concurrent.atomic.AtomicInteger;org.dacapo.harness.LatencyReporter.<clinit>;47;jdk.internal.loader.ClassLoaders$AppClassLoader;BootstrapClassLoader
ClassLoader.loadClass;java.util.concurrent.atomic.AtomicLong;org.apache.lucene.store.FSDirectory.<init>;107;org.dacapo.harness.DacapoClassLoader;BootstrapClassLoader
ClassLoader.loadClass;java.util.concurrent.locks.Lock;jdk.nio.zipfs.ZipFileSystem.beginWrite;1186;jdk.internal.loader.ClassLoaders$PlatformClassLoader;BootstrapClassLoader
ClassLoader.loadClass;java.util.concurrent.locks.ReadWriteLock;jdk.nio.zipfs.ZipFileSystemProvider.getZipFileSystem;125;jdk.internal.loader.ClassLoaders$PlatformClassLoader;BootstrapClassLoader
ClassLoader.loadClass;java.util.concurrent.locks.ReentrantLock;org.apache.lucene.search.LRUQueryCache.<init>;135;org.dacapo.harness.DacapoClassLoader;BootstrapClassLoader
ClassLoader.loadClass;java.util.concurrent.locks.ReentrantReadWriteLock;jdk.nio.zipfs.ZipFileSystem.<init>;1209;jdk.internal.loader.ClassLoaders$PlatformClassLoader;BootstrapClassLoader
ClassLoader.loadClass;java.util.function.BiPredicate;org.apache.lucene.store.MMapDirectory.<clinit>;105;org.dacapo.harness.DacapoClassLoader;BootstrapClassLoader
ClassLoader.loadClass;java.util.function.BinaryOperator;org.dacapo.harness.Benchmark.getDeps;386;jdk.internal.loader.ClassLoaders$AppClassLoader;BootstrapClassLoader
ClassLoader.loadClass;java.util.function.Consumer;org.apache.lucene.internal.tests.TestSecrets.<clinit>;34;org.dacapo.harness.DacapoClassLoader;BootstrapClassLoader
ClassLoader.loadClass;java.util.function.Function;jdk.nio.zipfs.ZipFileSystem.<init>;132;jdk.internal.loader.ClassLoaders$PlatformClassLoader;BootstrapClassLoader
ClassLoader.loadClass;java.util.function.Function;org.apache.lucene.store.MMapDirectory.checkMemorySegmentsSysprop;400;org.dacapo.harness.DacapoClassLoader;BootstrapClassLoader
ClassLoader.loadClass;java.util.function.Function;org.dacapo.harness.CommandLineArgs.extractBenchmarkSet;291;jdk.internal.loader.ClassLoaders$AppClassLoader;BootstrapClassLoader
ClassLoader.loadClass;java.util.function.Predicate;org.apache.lucene.search.IndexSearcher.<clinit>;99;org.dacapo.harness.DacapoClassLoader;BootstrapClassLoader
ClassLoader.loadClass;java.util.function.Predicate;org.dacapo.harness.CommandLineArgs.extractBenchmarkSet;292;jdk.internal.loader.ClassLoaders$AppClassLoader;BootstrapClassLoader
ClassLoader.loadClass;java.util.function.Supplier;org.apache.lucene.search.HitQueue.<init>;63;org.dacapo.harness.DacapoClassLoader;BootstrapClassLoader
ClassLoader.loadClass;java.util.function.ToIntFunction;org.apache.lucene.search.TopDocs.<clinit>;32;org.dacapo.harness.DacapoClassLoader;BootstrapClassLoader
ClassLoader.loadClass;java.util.jar.Attributes$Name;org.dacapo.harness.TestHarness.getManifestAttribute;288;jdk.internal.loader.ClassLoaders$AppClassLoader;BootstrapClassLoader
ClassLoader.loadClass;java.util.jar.Attributes;org.dacapo.harness.TestHarness.getManifestAttribute;288;jdk.internal.loader.ClassLoaders$AppClassLoader;BootstrapClassLoader
ClassLoader.loadClass;java.util.jar.Manifest;org.dacapo.harness.TestHarness.getManifestAttribute;287;jdk.internal.loader.ClassLoaders$AppClassLoader;BootstrapClassLoader
ClassLoader.loadClass;java.util.logging.Logger;org.apache.lucene.store.MMapDirectory.<clinit>;99;org.dacapo.harness.DacapoClassLoader;BootstrapClassLoader
ClassLoader.loadClass;java.util.regex.Matcher;org.apache.lucene.index.SegmentInfo.checkFileNames;303;org.dacapo.harness.DacapoClassLoader;BootstrapClassLoader
ClassLoader.loadClass;java.util.regex.Pattern;org.apache.lucene.index.IndexFileNames.<clinit>;199;org.dacapo.harness.DacapoClassLoader;BootstrapClassLoader
ClassLoader.loadClass;java.util.regex.PatternSyntaxException;jdk.nio.zipfs.ZipFileSystem$Entry.readCEN;2798;jdk.internal.loader.ClassLoaders$PlatformClassLoader;BootstrapClassLoader
ClassLoader.loadClass;java.util.stream.BaseStream;org.apache.lucene.util.IOUtils.applyToAll;505;org.dacapo.harness.DacapoClassLoader;BootstrapClassLoader
ClassLoader.loadClass;java.util.stream.Collectors;org.dacapo.harness.CommandLineArgs.extractBenchmarkSet;295;jdk.internal.loader.ClassLoaders$AppClassLoader;BootstrapClassLoader
ClassLoader.loadClass;java.util.stream.IntStream;org.apache.lucene.util.UnicodeUtil.<clinit>;394;org.dacapo.harness.DacapoClassLoader;BootstrapClassLoader
ClassLoader.loadClass;java.util.stream.Stream;org.apache.lucene.util.UnicodeUtil.<clinit>;413;org.dacapo.harness.DacapoClassLoader;BootstrapClassLoader
ClassLoader.loadClass;java.util.stream.Stream;org.dacapo.harness.CommandLineArgs.extractBenchmarkSet;292;jdk.internal.loader.ClassLoaders$AppClassLoader;BootstrapClassLoader
ClassLoader.loadClass;java.util.zip.CRC32;org.apache.lucene.store.BufferedChecksumIndexInput.<init>;34;org.dacapo.harness.DacapoClassLoader;BootstrapClassLoader
ClassLoader.loadClass;java.util.zip.Checksum;org.apache.lucene.store.Directory.openChecksumInput;156;org.dacapo.harness.DacapoClassLoader;BootstrapClassLoader
ClassLoader.loadClass;java.util.zip.DeflaterOutputStream;java.lang.ClassLoader.defineClass2;;jdk.internal.loader.ClassLoaders$PlatformClassLoader;BootstrapClassLoader
ClassLoader.loadClass;java.util.zip.InflaterInputStream;java.lang.ClassLoader.defineClass2;;jdk.internal.loader.ClassLoaders$PlatformClassLoader;BootstrapClassLoader
ClassLoader.loadClass;java.util.zip.ZipException;java.lang.Class.getDeclaredMethods0;;jdk.internal.loader.ClassLoaders$PlatformClassLoader;BootstrapClassLoader
ClassLoader.loadClass;java.util.zip.ZipInputStream;org.dacapo.harness.TestHarness.main;108;jdk.internal.loader.ClassLoaders$AppClassLoader;BootstrapClassLoader
ClassLoader.loadClass;javax.xml.bind.DatatypeConverter;org.dacapo.harness.Benchmark.getMD5;409;jdk.internal.loader.ClassLoaders$AppClassLoader;jdk.internal.loader.ClassLoaders$AppClassLoader
ClassLoader.loadClass;javax.xml.bind.DatatypeConverterImpl;javax.xml.bind.DatatypeConverter.initConverter;155;jdk.internal.loader.ClassLoaders$AppClassLoader;jdk.internal.loader.ClassLoaders$AppClassLoader
ClassLoader.loadClass;javax.xml.bind.DatatypeConverterInterface;org.dacapo.harness.Benchmark.getMD5;409;jdk.internal.loader.ClassLoaders$AppClassLoader;jdk.internal.loader.ClassLoaders$AppClassLoader
ClassLoader.loadClass;javax.xml.bind.JAXBPermission;org.dacapo.harness.Benchmark.getMD5;409;jdk.internal.loader.ClassLoaders$AppClassLoader;jdk.internal.loader.ClassLoaders$AppClassLoader
ClassLoader.loadClass;javax.xml.datatype.DatatypeConfigurationException;javax.xml.bind.DatatypeConverter.initConverter;155;jdk.internal.loader.ClassLoaders$AppClassLoader;BootstrapClassLoader
ClassLoader.loadClass;javax.xml.datatype.DatatypeFactory;javax.xml.bind.DatatypeConverterImpl.<clinit>;905;jdk.internal.loader.ClassLoaders$AppClassLoader;BootstrapClassLoader
ClassLoader.loadClass;jdk.internal.jrtfs.JrtFileSystemProvider;java.lang.Class.forName0;;jdk.internal.loader.ClassLoaders$AppClassLoader;BootstrapClassLoader
ClassLoader.loadClass;jdk.nio.zipfs.ZipCoder$UTF8;jdk.nio.zipfs.ZipFileSystem.<init>;175;jdk.internal.loader.ClassLoaders$PlatformClassLoader;jdk.internal.loader.ClassLoaders$PlatformClassLoader
ClassLoader.loadClass;jdk.nio.zipfs.ZipCoder;jdk.nio.zipfs.ZipFileSystem.<init>;175;jdk.internal.loader.ClassLoaders$PlatformClassLoader;jdk.internal.loader.ClassLoaders$PlatformClassLoader
ClassLoader.loadClass;jdk.nio.zipfs.ZipConstants;jdk.nio.zipfs.ZipFileSystem.findEND;1276;jdk.internal.loader.ClassLoaders$PlatformClassLoader;jdk.internal.loader.ClassLoaders$PlatformClassLoader
ClassLoader.loadClass;jdk.nio.zipfs.ZipDirectoryStream$1;jdk.nio.zipfs.ZipDirectoryStream.iterator;74;jdk.internal.loader.ClassLoaders$PlatformClassLoader;jdk.internal.loader.ClassLoaders$PlatformClassLoader
ClassLoader.loadClass;jdk.nio.zipfs.ZipDirectoryStream;jdk.nio.zipfs.ZipPath.newDirectoryStream;755;jdk.internal.loader.ClassLoaders$PlatformClassLoader;jdk.internal.loader.ClassLoaders$PlatformClassLoader
ClassLoader.loadClass;jdk.nio.zipfs.ZipFileAttributeView;jdk.nio.zipfs.ZipFileSystem.<init>;176;jdk.internal.loader.ClassLoaders$PlatformClassLoader;jdk.internal.loader.ClassLoaders$PlatformClassLoader
ClassLoader.loadClass;jdk.nio.zipfs.ZipFileAttributes;java.lang.ClassLoader.defineClass2;;jdk.internal.loader.ClassLoaders$PlatformClassLoader;jdk.internal.loader.ClassLoaders$PlatformClassLoader
ClassLoader.loadClass;jdk.nio.zipfs.ZipFileStore;jdk.nio.zipfs.ZipFileSystemProvider.getZipFileSystem;125;jdk.internal.loader.ClassLoaders$PlatformClassLoader;jdk.internal.loader.ClassLoaders$PlatformClassLoader
ClassLoader.loadClass;jdk.nio.zipfs.ZipFileSystem$1;jdk.nio.zipfs.ZipFileSystemProvider.getZipFileSystem;125;jdk.internal.loader.ClassLoaders$PlatformClassLoader;jdk.internal.loader.ClassLoaders$PlatformClassLoader
ClassLoader.loadClass;jdk.nio.zipfs.ZipFileSystem$2;jdk.nio.zipfs.ZipFileSystemProvider.getZipFileSystem;125;jdk.internal.loader.ClassLoaders$PlatformClassLoader;jdk.internal.loader.ClassLoaders$PlatformClassLoader
ClassLoader.loadClass;jdk.nio.zipfs.ZipFileSystem$DeflatingEntryOutputStream;jdk.nio.zipfs.ZipFileSystemProvider.getZipFileSystem;125;jdk.internal.loader.ClassLoaders$PlatformClassLoader;jdk.internal.loader.ClassLoaders$PlatformClassLoader
ClassLoader.loadClass;jdk.nio.zipfs.ZipFileSystem$END;jdk.nio.zipfs.ZipFileSystem.findEND;1279;jdk.internal.loader.ClassLoaders$PlatformClassLoader;jdk.internal.loader.ClassLoaders$PlatformClassLoader
ClassLoader.loadClass;jdk.nio.zipfs.ZipFileSystem$Entry;jdk.nio.zipfs.ZipFileSystemProvider.getZipFileSystem;125;jdk.internal.loader.ClassLoaders$PlatformClassLoader;jdk.internal.loader.ClassLoaders$PlatformClassLoader
ClassLoader.loadClass;jdk.nio.zipfs.ZipFileSystem$EntryInputStream;jdk.nio.zipfs.ZipFileSystemProvider.getZipFileSystem;125;jdk.internal.loader.ClassLoaders$PlatformClassLoader;jdk.internal.loader.ClassLoaders$PlatformClassLoader
ClassLoader.loadClass;jdk.nio.zipfs.ZipFileSystem$EntryOutputStream;jdk.nio.zipfs.ZipFileSystemProvider.getZipFileSystem;125;jdk.internal.loader.ClassLoaders$PlatformClassLoader;jdk.internal.loader.ClassLoaders$PlatformClassLoader
ClassLoader.loadClass;jdk.nio.zipfs.ZipFileSystem$EntryOutputStreamCRC32;jdk.nio.zipfs.ZipFileSystemProvider.getZipFileSystem;125;jdk.internal.loader.ClassLoaders$PlatformClassLoader;jdk.internal.loader.ClassLoaders$PlatformClassLoader
ClassLoader.loadClass;jdk.nio.zipfs.ZipFileSystem$EntryOutputStreamDef;jdk.nio.zipfs.ZipFileSystemProvider.getZipFileSystem;125;jdk.internal.loader.ClassLoaders$PlatformClassLoader;jdk.internal.loader.ClassLoaders$PlatformClassLoader
ClassLoader.loadClass;jdk.nio.zipfs.ZipFileSystem$FileRolloverOutputStream;jdk.nio.zipfs.ZipFileSystemProvider.getZipFileSystem;125;jdk.internal.loader.ClassLoaders$PlatformClassLoader;jdk.internal.loader.ClassLoaders$PlatformClassLoader
ClassLoader.loadClass;jdk.nio.zipfs.ZipFileSystem$IndexNode;jdk.nio.zipfs.ZipFileSystemProvider.getZipFileSystem;125;jdk.internal.loader.ClassLoaders$PlatformClassLoader;jdk.internal.loader.ClassLoaders$PlatformClassLoader
ClassLoader.loadClass;jdk.nio.zipfs.ZipFileSystem$ParentLookup;jdk.nio.zipfs.ZipFileSystem.makeParentDirs;1325;jdk.internal.loader.ClassLoaders$PlatformClassLoader;jdk.internal.loader.ClassLoaders$PlatformClassLoader
ClassLoader.loadClass;jdk.nio.zipfs.ZipFileSystem$PosixEntry;jdk.nio.zipfs.ZipFileSystemProvider.getZipFileSystem;125;jdk.internal.loader.ClassLoaders$PlatformClassLoader;jdk.internal.loader.ClassLoaders$PlatformClassLoader
ClassLoader.loadClass;jdk.nio.zipfs.ZipFileSystem;java.lang.Class.getDeclaredMethods0;;jdk.internal.loader.ClassLoaders$PlatformClassLoader;jdk.internal.loader.ClassLoaders$PlatformClassLoader
ClassLoader.loadClass;jdk.nio.zipfs.ZipPath;jdk.nio.zipfs.ZipFileSystem.<init>;176;jdk.internal.loader.ClassLoaders$PlatformClassLoader;jdk.internal.loader.ClassLoaders$PlatformClassLoader
ClassLoader.loadClass;jdk.nio.zipfs.ZipPosixFileAttributeView;jdk.nio.zipfs.ZipFileSystem.<init>;176;jdk.internal.loader.ClassLoaders$PlatformClassLoader;jdk.internal.loader.ClassLoaders$PlatformClassLoader
ClassLoader.loadClass;jdk.nio.zipfs.ZipUtils;jdk.nio.zipfs.ZipFileSystem$Entry.readCEN;2798;jdk.internal.loader.ClassLoaders$PlatformClassLoader;jdk.internal.loader.ClassLoaders$PlatformClassLoader
ClassLoader.loadClass;org.HdrHistogram.AbstractHistogram;java.lang.ClassLoader.defineClass1;;jdk.internal.loader.ClassLoaders$AppClassLoader;jdk.internal.loader.ClassLoaders$AppClassLoader
ClassLoader.loadClass;org.HdrHistogram.AbstractHistogramBase;java.lang.ClassLoader.defineClass1;;jdk.internal.loader.ClassLoaders$AppClassLoader;jdk.internal.loader.ClassLoaders$AppClassLoader
ClassLoader.loadClass;org.HdrHistogram.EncodableHistogram;org.dacapo.lusearch.Search.main;119;jdk.internal.loader.ClassLoaders$AppClassLoader;jdk.internal.loader.ClassLoaders$AppClassLoader
ClassLoader.loadClass;org.HdrHistogram.Histogram;org.dacapo.lusearch.Search.main;119;jdk.internal.loader.ClassLoaders$AppClassLoader;jdk.internal.loader.ClassLoaders$AppClassLoader
ClassLoader.loadClass;org.HdrHistogram.ValueRecorder;java.lang.ClassLoader.defineClass1;;jdk.internal.loader.ClassLoaders$AppClassLoader;jdk.internal.loader.ClassLoaders$AppClassLoader
ClassLoader.loadClass;org.apache.commons.cli.AmbiguousOptionException;org.dacapo.harness.CommandLineArgs.<clinit>;144;jdk.internal.loader.ClassLoaders$AppClassLoader;jdk.internal.loader.ClassLoaders$AppClassLoader
ClassLoader.loadClass;org.apache.commons.cli.CommandLine;org.apache.commons.cli.Parser.parse;148;jdk.internal.loader.ClassLoaders$AppClassLoader;jdk.internal.loader.ClassLoaders$AppClassLoader
ClassLoader.loadClass;org.apache.commons.cli.CommandLineParser;org.dacapo.harness.TestHarness.main;101;jdk.internal.loader.ClassLoaders$AppClassLoader;jdk.internal.loader.ClassLoaders$AppClassLoader
ClassLoader.loadClass;org.apache.commons.cli.MissingArgumentException;org.dacapo.harness.CommandLineArgs.<clinit>;144;jdk.internal.loader.ClassLoaders$AppClassLoader;jdk.internal.loader.ClassLoaders$AppClassLoader
ClassLoader.loadClass;org.apache.commons.cli.MissingOptionException;org.dacapo.harness.CommandLineArgs.<clinit>;144;jdk.internal.loader.ClassLoaders$AppClassLoader;jdk.internal.loader.ClassLoaders$AppClassLoader
ClassLoader.loadClass;org.apache.commons.cli.Option;org.dacapo.harness.CommandLineArgs.<clinit>;110;jdk.internal.loader.ClassLoaders$AppClassLoader;jdk.internal.loader.ClassLoaders$AppClassLoader
ClassLoader.loadClass;org.apache.commons.cli.OptionValidator;org.apache.commons.cli.Option.<init>;387;jdk.internal.loader.ClassLoaders$AppClassLoader;jdk.internal.loader.ClassLoaders$AppClassLoader
ClassLoader.loadClass;org.apache.commons.cli.Options;org.dacapo.harness.CommandLineArgs.<clinit>;145;jdk.internal.loader.ClassLoaders$AppClassLoader;jdk.internal.loader.ClassLoaders$AppClassLoader
ClassLoader.loadClass;org.apache.commons.cli.ParseException;org.dacapo.harness.TestHarness.main;101;jdk.internal.loader.ClassLoaders$AppClassLoader;jdk.internal.loader.ClassLoaders$AppClassLoader
ClassLoader.loadClass;org.apache.commons.cli.Parser;java.lang.ClassLoader.defineClass1;;jdk.internal.loader.ClassLoaders$AppClassLoader;jdk.internal.loader.ClassLoaders$AppClassLoader
ClassLoader.loadClass;org.apache.commons.cli.PosixParser;org.dacapo.harness.CommandLineArgs.<clinit>;144;jdk.internal.loader.ClassLoaders$AppClassLoader;jdk.internal.loader.ClassLoaders$AppClassLoader
ClassLoader.loadClass;org.apache.commons.cli.UnrecognizedOptionException;org.dacapo.harness.CommandLineArgs.<clinit>;144;jdk.internal.loader.ClassLoaders$AppClassLoader;jdk.internal.loader.ClassLoaders$AppClassLoader
ClassLoader.loadClass;org.apache.commons.cli.Util;org.apache.commons.cli.PosixParser.flatten;179;jdk.internal.loader.ClassLoaders$AppClassLoader;jdk.internal.loader.ClassLoaders$AppClassLoader
ClassLoader.loadClass;org.apache.lucene.analysis.Analyzer$1;org.dacapo.lusearch.Search$QueryProcessor.run;229;org.dacapo.harness.DacapoClassLoader;org.dacapo.harness.DacapoClassLoader
ClassLoader.loadClass;org.apache.lucene.analysis.Analyzer$2;org.dacapo.lusearch.Search$QueryProcessor.run;229;org.dacapo.harness.DacapoClassLoader;org.dacapo.harness.DacapoClassLoader
ClassLoader.loadClass;org.apache.lucene.analysis.Analyzer$ReuseStrategy;org.dacapo.lusearch.Search$QueryProcessor.run;229;org.dacapo.harness.DacapoClassLoader;org.dacapo.harness.DacapoClassLoader
ClassLoader.loadClass;org.apache.lucene.analysis.Analyzer$StringTokenStream;org.dacapo.lusearch.Search$QueryProcessor.run;229;org.dacapo.harness.DacapoClassLoader;org.dacapo.harness.DacapoClassLoader
ClassLoader.loadClass;org.apache.lucene.analysis.Analyzer$TokenStreamComponents;org.apache.lucene.analysis.standard.StandardAnalyzer.createComponents;90;org.dacapo.harness.DacapoClassLoader;org.dacapo.harness.DacapoClassLoader
ClassLoader.loadClass;org.apache.lucene.analysis.Analyzer;org.dacapo.lusearch.Search$QueryThread.run;185;org.dacapo.harness.DacapoClassLoader;org.dacapo.harness.DacapoClassLoader
ClassLoader.loadClass;org.apache.lucene.analysis.CachingTokenFilter;org.dacapo.lusearch.Search$QueryProcessor.run;230;org.dacapo.harness.DacapoClassLoader;org.dacapo.harness.DacapoClassLoader
ClassLoader.loadClass;org.apache.lucene.analysis.CharArrayMap$1;org.apache.lucene.analysis.CharArraySet.<clinit>;39;org.dacapo.harness.DacapoClassLoader;org.dacapo.harness.DacapoClassLoader
ClassLoader.loadClass;org.apache.lucene.analysis.CharArrayMap$EmptyCharArrayMap;org.apache.lucene.analysis.CharArraySet.<clinit>;39;org.dacapo.harness.DacapoClassLoader;org.dacapo.harness.DacapoClassLoader
ClassLoader.loadClass;org.apache.lucene.analysis.CharArrayMap$UnmodifiableCharArrayMap;java.lang.ClassLoader.defineClass1;;org.dacapo.harness.DacapoClassLoader;org.dacapo.harness.DacapoClassLoader
ClassLoader.loadClass;org.apache.lucene.analysis.CharArrayMap;org.apache.lucene.analysis.CharArraySet.<clinit>;39;org.dacapo.harness.DacapoClassLoader;org.dacapo.harness.DacapoClassLoader
ClassLoader.loadClass;org.apache.lucene.analysis.CharArraySet;org.apache.lucene.analysis.standard.StandardAnalyzer.<init>;52;org.dacapo.harness.DacapoClassLoader;org.dacapo.harness.DacapoClassLoader
ClassLoader.loadClass;org.apache.lucene.analysis.CharFilter;org.apache.lucene.analysis.Tokenizer.correctOffset;80;org.dacapo.harness.DacapoClassLoader;org.dacapo.harness.DacapoClassLoader
ClassLoader.loadClass;org.apache.lucene.analysis.CharacterUtils;org.apache.lucene.analysis.LowerCaseFilter.incrementToken;38;org.dacapo.harness.DacapoClassLoader;org.dacapo.harness.DacapoClassLoader
ClassLoader.loadClass;org.apache.lucene.analysis.FilteringTokenFilter;java.lang.ClassLoader.defineClass1;;org.dacapo.harness.DacapoClassLoader;org.dacapo.harness.DacapoClassLoader
ClassLoader.loadClass;org.apache.lucene.analysis.LowerCaseFilter;org.dacapo.lusearch.Search$QueryProcessor.run;229;org.dacapo.harness.DacapoClassLoader;org.dacapo.harness.DacapoClassLoader
ClassLoader.loadClass;org.apache.lucene.analysis.ReusableStringReader;org.dacapo.lusearch.Search$QueryProcessor.run;229;org.dacapo.harness.DacapoClassLoader;org.dacapo.harness.DacapoClassLoader
ClassLoader.loadClass;org.apache.lucene.analysis.StopFilter;org.dacapo.lusearch.Search$QueryProcessor.run;229;org.dacapo.harness.DacapoClassLoader;org.dacapo.harness.DacapoClassLoader
ClassLoader.loadClass;org.apache.lucene.analysis.StopwordAnalyzerBase;java.lang.ClassLoader.defineClass1;;org.dacapo.harness.DacapoClassLoader;org.dacapo.harness.DacapoClassLoader
ClassLoader.loadClass;org.apache.lucene.analysis.TokenFilter;java.lang.ClassLoader.defineClass1;;org.dacapo.harness.DacapoClassLoader;org.dacapo.harness.DacapoClassLoader
ClassLoader.loadClass;org.apache.lucene.analysis.TokenStream;org.dacapo.lusearch.Search$QueryProcessor.run;229;org.dacapo.harness.DacapoClassLoader;org.dacapo.harness.DacapoClassLoader
ClassLoader.loadClass;org.apache.lucene.analysis.Tokenizer$1;org.apache.lucene.analysis.standard.StandardAnalyzer.createComponents;86;org.dacapo.harness.DacapoClassLoader;org.dacapo.harness.DacapoClassLoader
ClassLoader.loadClass;org.apache.lucene.analysis.Tokenizer;java.lang.ClassLoader.defineClass1;;org.dacapo.harness.DacapoClassLoader;org.dacapo.harness.DacapoClassLoader
ClassLoader.loadClass;org.apache.lucene.analysis.standard.StandardAnalyzer;org.dacapo.lusearch.Search$QueryThread.run;185;org.dacapo.harness.DacapoClassLoader;org.dacapo.harness.DacapoClassLoader
ClassLoader.loadClass;org.apache.lucene.analysis.standard.StandardTokenizer;org.dacapo.lusearch.Search$QueryProcessor.run;229;org.dacapo.harness.DacapoClassLoader;org.dacapo.harness.DacapoClassLoader
ClassLoader.loadClass;org.apache.lucene.analysis.standard.StandardTokenizerImpl;org.apache.lucene.analysis.standard.StandardTokenizer.init;128;org.dacapo.harness.DacapoClassLoader;org.dacapo.harness.DacapoClassLoader
ClassLoader.loadClass;org.apache.lucene.analysis.tokenattributes.CharTermAttribute;java.lang.ClassLoader.defineClass1;;org.dacapo.harness.DacapoClassLoader;org.dacapo.harness.DacapoClassLoader
ClassLoader.loadClass;org.apache.lucene.analysis.tokenattributes.CharTermAttributeImpl;java.lang.ClassLoader.defineClass1;;org.dacapo.harness.DacapoClassLoader;org.dacapo.harness.DacapoClassLoader
ClassLoader.loadClass;org.apache.lucene.analysis.tokenattributes.OffsetAttribute;java.lang.ClassLoader.defineClass1;;org.dacapo.harness.DacapoClassLoader;org.dacapo.harness.DacapoClassLoader
ClassLoader.loadClass;org.apache.lucene.analysis.tokenattributes.PackedTokenAttributeImpl;org.apache.lucene.analysis.TokenStream.<clinit>;81;org.dacapo.harness.DacapoClassLoader;org.dacapo.harness.DacapoClassLoader
ClassLoader.loadClass;org.apache.lucene.analysis.tokenattributes.PositionIncrementAttribute;java.lang.ClassLoader.defineClass1;;org.dacapo.harness.DacapoClassLoader;org.dacapo.harness.DacapoClassLoader
ClassLoader.loadClass;org.apache.lucene.analysis.tokenattributes.PositionLengthAttribute;java.lang.ClassLoader.defineClass1;;org.dacapo.harness.DacapoClassLoader;org.dacapo.harness.DacapoClassLoader
ClassLoader.loadClass;org.apache.lucene.analysis.tokenattributes.TermFrequencyAttribute;java.lang.ClassLoader.defineClass1;;org.dacapo.harness.DacapoClassLoader;org.dacapo.harness.DacapoClassLoader
ClassLoader.loadClass;org.apache.lucene.analysis.tokenattributes.TermToBytesRefAttribute;java.lang.ClassLoader.defineClass1;;org.dacapo.harness.DacapoClassLoader;org.dacapo.harness.DacapoClassLoader
ClassLoader.loadClass;org.apache.lucene.analysis.tokenattributes.TypeAttribute;java.lang.ClassLoader.defineClass1;;org.dacapo.harness.DacapoClassLoader;org.dacapo.harness.DacapoClassLoader
ClassLoader.loadClass;org.apache.lucene.backward_codecs.compressing.CompressionMode$1;org.apache.lucene.backward_codecs.lucene50.Lucene50StoredFieldsFormat.<clinit>;169;org.dacapo.harness.DacapoClassLoader;org.dacapo.harness.DacapoClassLoader
ClassLoader.loadClass;org.apache.lucene.backward_codecs.compressing.CompressionMode$2;org.apache.lucene.backward_codecs.lucene50.Lucene50StoredFieldsFormat.<clinit>;169;org.dacapo.harness.DacapoClassLoader;org.dacapo.harness.DacapoClassLoader
ClassLoader.loadClass;org.apache.lucene.backward_codecs.compressing.CompressionMode$3;org.apache.lucene.backward_codecs.lucene50.Lucene50StoredFieldsFormat.<clinit>;169;org.dacapo.harness.DacapoClassLoader;org.dacapo.harness.DacapoClassLoader
ClassLoader.loadClass;org.apache.lucene.backward_codecs.compressing.CompressionMode$4;org.apache.lucene.backward_codecs.lucene50.Lucene50StoredFieldsFormat.<clinit>;169;org.dacapo.harness.DacapoClassLoader;org.dacapo.harness.DacapoClassLoader
ClassLoader.loadClass;org.apache.lucene.backward_codecs.compressing.CompressionMode$DeflateCompressor;org.apache.lucene.backward_codecs.compressing.CompressionMode.<clinit>;67;org.dacapo.harness.DacapoClassLoader;org.dacapo.harness.DacapoClassLoader
ClassLoader.loadClass;org.apache.lucene.backward_codecs.compressing.CompressionMode$DeflateDecompressor;org.apache.lucene.backward_codecs.compressing.CompressionMode.<clinit>;67;org.dacapo.harness.DacapoClassLoader;org.dacapo.harness.DacapoClassLoader
ClassLoader.loadClass;org.apache.lucene.backward_codecs.compressing.CompressionMode$LZ4FastCompressor;org.apache.lucene.backward_codecs.compressing.CompressionMode.<clinit>;43;org.dacapo.harness.DacapoClassLoader;org.dacapo.harness.DacapoClassLoader
ClassLoader.loadClass;org.apache.lucene.backward_codecs.compressing.CompressionMode$LZ4HighCompressor;org.apache.lucene.backward_codecs.compressing.CompressionMode.<clinit>;94;org.dacapo.harness.DacapoClassLoader;org.dacapo.harness.DacapoClassLoader
ClassLoader.loadClass;org.apache.lucene.backward_codecs.compressing.CompressionMode;org.apache.lucene.backward_codecs.lucene50.Lucene50TermVectorsFormat.<init>;156;org.dacapo.harness.DacapoClassLoader;org.dacapo.harness.DacapoClassLoader
ClassLoader.loadClass;org.apache.lucene.backward_codecs.compressing.Compressor;org.apache.lucene.backward_codecs.lucene50.Lucene50StoredFieldsFormat.<clinit>;169;org.dacapo.harness.DacapoClassLoader;org.dacapo.harness.DacapoClassLoader
ClassLoader.loadClass;org.apache.lucene.backward_codecs.compressing.Decompressor;org.apache.lucene.backward_codecs.lucene50.Lucene50TermVectorsFormat.<init>;156;org.dacapo.harness.DacapoClassLoader;org.dacapo.harness.DacapoClassLoader
ClassLoader.loadClass;org.apache.lucene.backward_codecs.lucene40.blocktree.Lucene40BlockTreeTermsReader;org.apache.lucene.backward_codecs.lucene84.Lucene84Codec.<init>;93;org.dacapo.harness.DacapoClassLoader;org.dacapo.harness.DacapoClassLoader
ClassLoader.loadClass;org.apache.lucene.backward_codecs.lucene50.Lucene50CompoundFormat;java.lang.Class.getDeclaredConstructors0;;org.dacapo.harness.DacapoClassLoader;org.dacapo.harness.DacapoClassLoader
ClassLoader.loadClass;org.apache.lucene.backward_codecs.lucene50.Lucene50CompoundReader;org.apache.lucene.backward_codecs.lucene80.Lucene80Codec.<init>;52;org.dacapo.harness.DacapoClassLoader;org.dacapo.harness.DacapoClassLoader
ClassLoader.loadClass;org.apache.lucene.backward_codecs.lucene50.Lucene50LiveDocsFormat;java.lang.Class.getDeclaredConstructors0;;org.dacapo.harness.DacapoClassLoader;org.dacapo.harness.DacapoClassLoader
ClassLoader.loadClass;org.apache.lucene.backward_codecs.lucene50.Lucene50PostingsFormat;java.lang.Class.forName0;;org.dacapo.harness.DacapoClassLoader;org.dacapo.harness.DacapoClassLoader
ClassLoader.loadClass;org.apache.lucene.backward_codecs.lucene50.Lucene50PostingsReader;java.lang.Class.getDeclaredConstructors0;;org.dacapo.harness.DacapoClassLoader;org.dacapo.harness.DacapoClassLoader
ClassLoader.loadClass;org.apache.lucene.backward_codecs.lucene50.Lucene50StoredFieldsFormat$1;org.apache.lucene.backward_codecs.lucene50.Lucene50TermVectorsFormat.<init>;156;org.dacapo.harness.DacapoClassLoader;org.dacapo.harness.DacapoClassLoader
ClassLoader.loadClass;org.apache.lucene.backward_codecs.lucene50.Lucene50StoredFieldsFormat$2;org.apache.lucene.backward_codecs.lucene50.Lucene50TermVectorsFormat.<init>;156;org.dacapo.harness.DacapoClassLoader;org.dacapo.harness.DacapoClassLoader
ClassLoader.loadClass;org.apache.lucene.backward_codecs.lucene50.Lucene50StoredFieldsFormat$LZ4FastCompressor;org.apache.lucene.backward_codecs.lucene50.Lucene50StoredFieldsFormat.<clinit>;169;org.dacapo.harness.DacapoClassLoader;org.dacapo.harness.DacapoClassLoader
ClassLoader.loadClass;org.apache.lucene.backward_codecs.lucene50.Lucene50StoredFieldsFormat$Mode;org.apache.lucene.backward_codecs.lucene50.Lucene50StoredFieldsFormat.<init>;131;org.dacapo.harness.DacapoClassLoader;org.dacapo.harness.DacapoClassLoader
ClassLoader.loadClass;org.apache.lucene.backward_codecs.lucene50.Lucene50StoredFieldsFormat;java.lang.Class.getDeclaredConstructors0;;org.dacapo.harness.DacapoClassLoader;org.dacapo.harness.DacapoClassLoader
ClassLoader.loadClass;org.apache.lucene.backward_codecs.lucene50.Lucene50TermVectorsFormat;java.lang.Class.getDeclaredConstructors0;;org.dacapo.harness.DacapoClassLoader;org.dacapo.harness.DacapoClassLoader
ClassLoader.loadClass;org.apache.lucene.backward_codecs.lucene50.compressing.Lucene50CompressingStoredFieldsFormat;org.apache.lucene.backward_codecs.lucene50.Lucene50TermVectorsFormat.<init>;156;org.dacapo.harness.DacapoClassLoader;org.dacapo.harness.DacapoClassLoader
ClassLoader.loadClass;org.apache.lucene.backward_codecs.lucene50.compressing.Lucene50CompressingTermVectorsFormat;java.lang.ClassLoader.defineClass1;;org.dacapo.harness.DacapoClassLoader;org.dacapo.harness.DacapoClassLoader
ClassLoader.loadClass;org.apache.lucene.backward_codecs.lucene50.compressing.Lucene50CompressingTermVectorsReader;org.apache.lucene.backward_codecs.lucene80.Lucene80Codec.<init>;48;org.dacapo.harness.DacapoClassLoader;org.dacapo.harness.DacapoClassLoader
ClassLoader.loadClass;org.apache.lucene.backward_codecs.lucene60.Lucene60FieldInfosFormat;java.lang.Class.getDeclaredConstructors0;;org.dacapo.harness.DacapoClassLoader;org.dacapo.harness.DacapoClassLoader
ClassLoader.loadClass;org.apache.lucene.backward_codecs.lucene60.Lucene60PointsFormat;java.lang.Class.getDeclaredConstructors0;;org.dacapo.harness.DacapoClassLoader;org.dacapo.harness.DacapoClassLoader
ClassLoader.loadClass;org.apache.lucene.backward_codecs.lucene70.Lucene70Codec$1;java.lang.Class.getDeclaredConstructors0;;org.dacapo.harness.DacapoClassLoader;org.dacapo.harness.DacapoClassLoader
ClassLoader.loadClass;org.apache.lucene.backward_codecs.lucene70.Lucene70Codec$2;java.lang.Class.getDeclaredConstructors0;;org.dacapo.harness.DacapoClassLoader;org.dacapo.harness.DacapoClassLoader
ClassLoader.loadClass;org.apache.lucene.backward_codecs.lucene70.Lucene70Codec;java.lang.Class.forName0;;org.dacapo.harness.DacapoClassLoader;org.dacapo.harness.DacapoClassLoader
ClassLoader.loadClass;org.apache.lucene.backward_codecs.lucene70.Lucene70DocValuesConsumer;java.lang.Class.getDeclaredConstructors0;;org.dacapo.harness.DacapoClassLoader;org.dacapo.harness.DacapoClassLoader
ClassLoader.loadClass;org.apache.lucene.backward_codecs.lucene70.Lucene70DocValuesFormat;java.lang.Class.forName0;;org.dacapo.harness.DacapoClassLoader;org.dacapo.harness.DacapoClassLoader
ClassLoader.loadClass;org.apache.lucene.backward_codecs.lucene70.Lucene70DocValuesProducer;java.lang.Class.getDeclaredConstructors0;;org.dacapo.harness.DacapoClassLoader;org.dacapo.harness.DacapoClassLoader
ClassLoader.loadClass;org.apache.lucene.backward_codecs.lucene70.Lucene70NormsFormat;java.lang.Class.getDeclaredConstructors0;;org.dacapo.harness.DacapoClassLoader;org.dacapo.harness.DacapoClassLoader
ClassLoader.loadClass;org.apache.lucene.backward_codecs.lucene70.Lucene70NormsProducer;org.apache.lucene.backward_codecs.lucene70.Lucene70Codec.<init>;134;org.dacapo.harness.DacapoClassLoader;org.dacapo.harness.DacapoClassLoader
ClassLoader.loadClass;org.apache.lucene.backward_codecs.lucene70.Lucene70SegmentInfoFormat;java.lang.Class.getDeclaredConstructors0;;org.dacapo.harness.DacapoClassLoader;org.dacapo.harness.DacapoClassLoader
ClassLoader.loadClass;org.apache.lucene.backward_codecs.lucene80.Lucene80Codec$1;java.lang.Class.getDeclaredConstructors0;;org.dacapo.harness.DacapoClassLoader;org.dacapo.harness.DacapoClassLoader
ClassLoader.loadClass;org.apache.lucene.backward_codecs.lucene80.Lucene80Codec$2;java.lang.Class.getDeclaredConstructors0;;org.dacapo.harness.DacapoClassLoader;org.dacapo.harness.DacapoClassLoader
ClassLoader.loadClass;org.apache.lucene.backward_codecs.lucene80.Lucene80Codec;java.lang.Class.forName0;;org.dacapo.harness.DacapoClassLoader;org.dacapo.harness.DacapoClassLoader
ClassLoader.loadClass;org.apache.lucene.backward_codecs.lucene80.Lucene80DocValuesConsumer;java.lang.Class.getDeclaredConstructors0;;org.dacapo.harness.DacapoClassLoader;org.dacapo.harness.DacapoClassLoader
ClassLoader.loadClass;org.apache.lucene.backward_codecs.lucene80.Lucene80DocValuesFormat$Mode;java.lang.Class.getDeclaredConstructors0;;org.dacapo.harness.DacapoClassLoader;org.dacapo.harness.DacapoClassLoader
ClassLoader.loadClass;org.apache.lucene.backward_codecs.lucene80.Lucene80DocValuesFormat;java.lang.Class.forName0;;org.dacapo.harness.DacapoClassLoader;org.dacapo.harness.DacapoClassLoader
ClassLoader.loadClass;org.apache.lucene.backward_codecs.lucene80.Lucene80DocValuesProducer;java.lang.Class.getDeclaredConstructors0;;org.dacapo.harness.DacapoClassLoader;org.dacapo.harness.DacapoClassLoader
ClassLoader.loadClass;org.apache.lucene.backward_codecs.lucene80.Lucene80NormsFormat;java.lang.Class.getDeclaredConstructors0;;org.dacapo.harness.DacapoClassLoader;org.dacapo.harness.DacapoClassLoader
ClassLoader.loadClass;org.apache.lucene.backward_codecs.lucene80.Lucene80NormsProducer;org.apache.lucene.backward_codecs.lucene80.Lucene80Codec.<init>;124;org.dacapo.harness.DacapoClassLoader;org.dacapo.harness.DacapoClassLoader
ClassLoader.loadClass;org.apache.lucene.backward_codecs.lucene84.Lucene84Codec$1;java.lang.Class.getDeclaredConstructors0;;org.dacapo.harness.DacapoClassLoader;org.dacapo.harness.DacapoClassLoader
ClassLoader.loadClass;org.apache.lucene.backward_codecs.lucene84.Lucene84Codec$2;java.lang.Class.getDeclaredConstructors0;;org.dacapo.harness.DacapoClassLoader;org.dacapo.harness.DacapoClassLoader
ClassLoader.loadClass;org.apache.lucene.backward_codecs.lucene84.Lucene84Codec;java.lang.Class.forName0;;org.dacapo.harness.DacapoClassLoader;org.dacapo.harness.DacapoClassLoader
ClassLoader.loadClass;org.apache.lucene.backward_codecs.lucene84.Lucene84PostingsFormat;java.lang.Class.getDeclaredConstructors0;;org.dacapo.harness.DacapoClassLoader;org.dacapo.harness.DacapoClassLoader
ClassLoader.loadClass;org.apache.lucene.backward_codecs.lucene84.Lucene84PostingsReader;org.apache.lucene.backward_codecs.lucene84.Lucene84Codec.<init>;93;org.dacapo.harness.DacapoClassLoader;org.dacapo.harness.DacapoClassLoader
ClassLoader.loadClass;org.apache.lucene.backward_codecs.lucene86.Lucene86Codec$1;java.lang.Class.getDeclaredConstructors0;;org.dacapo.harness.DacapoClassLoader;org.dacapo.harness.DacapoClassLoader
ClassLoader.loadClass;org.apache.lucene.backward_codecs.lucene86.Lucene86Codec$2;java.lang.Class.getDeclaredConstructors0;;org.dacapo.harness.DacapoClassLoader;org.dacapo.harness.DacapoClassLoader
ClassLoader.loadClass;org.apache.lucene.backward_codecs.lucene86.Lucene86Codec;java.lang.Class.forName0;;org.dacapo.harness.DacapoClassLoader;org.dacapo.harness.DacapoClassLoader
ClassLoader.loadClass;org.apache.lucene.backward_codecs.lucene86.Lucene86PointsFormat;java.lang.Class.getDeclaredConstructors0;;org.dacapo.harness.DacapoClassLoader;org.dacapo.harness.DacapoClassLoader
ClassLoader.loadClass;org.apache.lucene.backward_codecs.lucene86.Lucene86PointsReader;org.apache.lucene.backward_codecs.lucene86.Lucene86Codec.<init>;58;org.dacapo.harness.DacapoClassLoader;org.dacapo.harness.DacapoClassLoader
ClassLoader.loadClass;org.apache.lucene.backward_codecs.lucene86.Lucene86SegmentInfoFormat;java.lang.Class.getDeclaredConstructors0;;org.dacapo.harness.DacapoClassLoader;org.dacapo.harness.DacapoClassLoader
ClassLoader.loadClass;org.apache.lucene.backward_codecs.lucene87.DeflateWithPresetDictCompressionMode$DeflateWithPresetDictCompressor;org.apache.lucene.backward_codecs.lucene87.Lucene87StoredFieldsFormat.<clinit>;167;org.dacapo.harness.DacapoClassLoader;org.dacapo.harness.DacapoClassLoader
ClassLoader.loadClass;org.apache.lucene.backward_codecs.lucene87.DeflateWithPresetDictCompressionMode$DeflateWithPresetDictDecompressor;org.apache.lucene.backward_codecs.lucene87.Lucene87StoredFieldsFormat.<clinit>;167;org.dacapo.harness.DacapoClassLoader;org.dacapo.harness.DacapoClassLoader
ClassLoader.loadClass;org.apache.lucene.backward_codecs.lucene87.DeflateWithPresetDictCompressionMode;org.apache.lucene.backward_codecs.lucene87.Lucene87Codec.<init>;114;org.dacapo.harness.DacapoClassLoader;org.dacapo.harness.DacapoClassLoader
ClassLoader.loadClass;org.apache.lucene.backward_codecs.lucene87.LZ4WithPresetDictCompressionMode$LZ4WithPresetDictCompressor;org.apache.lucene.backward_codecs.lucene87.Lucene87StoredFieldsFormat.<clinit>;175;org.dacapo.harness.DacapoClassLoader;org.dacapo.harness.DacapoClassLoader
ClassLoader.loadClass;org.apache.lucene.backward_codecs.lucene87.LZ4WithPresetDictCompressionMode$LZ4WithPresetDictDecompressor;org.apache.lucene.backward_codecs.lucene87.Lucene87StoredFieldsFormat.<clinit>;175;org.dacapo.harness.DacapoClassLoader;org.dacapo.harness.DacapoClassLoader
ClassLoader.loadClass;org.apache.lucene.backward_codecs.lucene87.LZ4WithPresetDictCompressionMode;org.apache.lucene.backward_codecs.lucene87.Lucene87Codec.<init>;114;org.dacapo.harness.DacapoClassLoader;org.dacapo.harness.DacapoClassLoader
ClassLoader.loadClass;org.apache.lucene.backward_codecs.lucene87.Lucene87Codec$1;java.lang.Class.getDeclaredConstructors0;;org.dacapo.harness.DacapoClassLoader;org.dacapo.harness.DacapoClassLoader
ClassLoader.loadClass;org.apache.lucene.backward_codecs.lucene87.Lucene87Codec$2;java.lang.Class.getDeclaredConstructors0;;org.dacapo.harness.DacapoClassLoader;org.dacapo.harness.DacapoClassLoader
ClassLoader.loadClass;org.apache.lucene.backward_codecs.lucene87.Lucene87Codec$Mode;java.lang.Class.getDeclaredConstructors0;;org.dacapo.harness.DacapoClassLoader;org.dacapo.harness.DacapoClassLoader
ClassLoader.loadClass;org.apache.lucene.backward_codecs.lucene87.Lucene87Codec;java.lang.Class.forName0;;org.dacapo.harness.DacapoClassLoader;org.dacapo.harness.DacapoClassLoader
ClassLoader.loadClass;org.apache.lucene.backward_codecs.lucene87.Lucene87StoredFieldsFormat$Mode;org.apache.lucene.backward_codecs.lucene87.Lucene87Codec$Mode.<clinit>;59;org.dacapo.harness.DacapoClassLoader;org.dacapo.harness.DacapoClassLoader
ClassLoader.loadClass;org.apache.lucene.backward_codecs.lucene87.Lucene87StoredFieldsFormat;java.lang.Class.getDeclaredConstructors0;;org.dacapo.harness.DacapoClassLoader;org.dacapo.harness.DacapoClassLoader
ClassLoader.loadClass;org.apache.lucene.backward_codecs.lucene90.Lucene90Codec$1;java.lang.Class.getDeclaredConstructors0;;org.dacapo.harness.DacapoClassLoader;org.dacapo.harness.DacapoClassLoader
ClassLoader.loadClass;org.apache.lucene.backward_codecs.lucene90.Lucene90Codec$2;java.lang.Class.getDeclaredConstructors0;;org.dacapo.harness.DacapoClassLoader;org.dacapo.harness.DacapoClassLoader
ClassLoader.loadClass;org.apache.lucene.backward_codecs.lucene90.Lucene90Codec$3;java.lang.Class.getDeclaredConstructors0;;org.dacapo.harness.DacapoClassLoader;org.dacapo.harness.DacapoClassLoader
ClassLoader.loadClass;org.apache.lucene.backward_codecs.lucene90.Lucene90Codec$Mode;java.lang.Class.getDeclaredConstructors0;;org.dacapo.harness.DacapoClassLoader;org.dacapo.harness.DacapoClassLoader
ClassLoader.loadClass;org.apache.lucene.backward_codecs.lucene90.Lucene90Codec;java.lang.Class.forName0;;org.dacapo.harness.DacapoClassLoader;org.dacapo.harness.DacapoClassLoader
ClassLoader.loadClass;org.apache.lucene.backward_codecs.lucene90.Lucene90FieldInfosFormat;java.lang.Class.getDeclaredConstructors0;;org.dacapo.harness.DacapoClassLoader;org.dacapo.harness.DacapoClassLoader
ClassLoader.loadClass;org.apache.lucene.backward_codecs.lucene90.Lucene90HnswVectorsFormat;java.lang.Class.getDeclaredConstructors0;;org.dacapo.harness.DacapoClassLoader;org.dacapo.harness.DacapoClassLoader
ClassLoader.loadClass;org.apache.lucene.backward_codecs.lucene90.Lucene90HnswVectorsReader;org.apache.lucene.backward_codecs.lucene90.Lucene90Codec.<init>;122;org.dacapo.harness.DacapoClassLoader;org.dacapo.harness.DacapoClassLoader
ClassLoader.loadClass;org.apache.lucene.backward_codecs.lucene91.Lucene91Codec$1;java.lang.Class.getDeclaredConstructors0;;org.dacapo.harness.DacapoClassLoader;org.dacapo.harness.DacapoClassLoader
ClassLoader.loadClass;org.apache.lucene.backward_codecs.lucene91.Lucene91Codec$2;java.lang.Class.getDeclaredConstructors0;;org.dacapo.harness.DacapoClassLoader;org.dacapo.harness.DacapoClassLoader
ClassLoader.loadClass;org.apache.lucene.backward_codecs.lucene91.Lucene91Codec$3;java.lang.Class.getDeclaredConstructors0;;org.dacapo.harness.DacapoClassLoader;org.dacapo.harness.DacapoClassLoader
ClassLoader.loadClass;org.apache.lucene.backward_codecs.lucene91.Lucene91Codec$Mode;java.lang.Class.getDeclaredConstructors0;;org.dacapo.harness.DacapoClassLoader;org.dacapo.harness.DacapoClassLoader
ClassLoader.loadClass;org.apache.lucene.backward_codecs.lucene91.Lucene91Codec;java.lang.Class.forName0;;org.dacapo.harness.DacapoClassLoader;org.dacapo.harness.DacapoClassLoader
ClassLoader.loadClass;org.apache.lucene.backward_codecs.lucene91.Lucene91HnswVectorsFormat;java.lang.Class.getDeclaredConstructors0;;org.dacapo.harness.DacapoClassLoader;org.dacapo.harness.DacapoClassLoader
ClassLoader.loadClass;org.apache.lucene.backward_codecs.lucene91.Lucene91HnswVectorsReader;org.apache.lucene.backward_codecs.lucene91.Lucene91Codec.<init>;120;org.dacapo.harness.DacapoClassLoader;org.dacapo.harness.DacapoClassLoader
ClassLoader.loadClass;org.apache.lucene.backward_codecs.lucene92.Lucene92Codec$1;java.lang.Class.getDeclaredConstructors0;;org.dacapo.harness.DacapoClassLoader;org.dacapo.harness.DacapoClassLoader
ClassLoader.loadClass;org.apache.lucene.backward_codecs.lucene92.Lucene92Codec$2;java.lang.Class.getDeclaredConstructors0;;org.dacapo.harness.DacapoClassLoader;org.dacapo.harness.DacapoClassLoader
ClassLoader.loadClass;org.apache.lucene.backward_codecs.lucene92.Lucene92Codec$3;java.lang.Class.getDeclaredConstructors0;;org.dacapo.harness.DacapoClassLoader;org.dacapo.harness.DacapoClassLoader
ClassLoader.loadClass;org.apache.lucene.backward_codecs.lucene92.Lucene92Codec$Mode;java.lang.Class.getDeclaredConstructors0;;org.dacapo.harness.DacapoClassLoader;org.dacapo.harness.DacapoClassLoader
ClassLoader.loadClass;org.apache.lucene.backward_codecs.lucene92.Lucene92Codec;java.lang.Class.forName0;;org.dacapo.harness.DacapoClassLoader;org.dacapo.harness.DacapoClassLoader
ClassLoader.loadClass;org.apache.lucene.backward_codecs.lucene92.Lucene92HnswVectorsFormat;java.lang.Class.getDeclaredConstructors0;;org.dacapo.harness.DacapoClassLoader;org.dacapo.harness.DacapoClassLoader
ClassLoader.loadClass;org.apache.lucene.backward_codecs.lucene92.Lucene92HnswVectorsReader;org.apache.lucene.backward_codecs.lucene92.Lucene92Codec.<init>;123;org.dacapo.harness.DacapoClassLoader;org.dacapo.harness.DacapoClassLoader
ClassLoader.loadClass;org.apache.lucene.backward_codecs.lucene94.Lucene94Codec$1;java.lang.Class.getDeclaredConstructors0;;org.dacapo.harness.DacapoClassLoader;org.dacapo.harness.DacapoClassLoader
ClassLoader.loadClass;org.apache.lucene.backward_codecs.lucene94.Lucene94Codec$2;java.lang.Class.getDeclaredConstructors0;;org.dacapo.harness.DacapoClassLoader;org.dacapo.harness.DacapoClassLoader
ClassLoader.loadClass;org.apache.lucene.backward_codecs.lucene94.Lucene94Codec$3;java.lang.Class.getDeclaredConstructors0;;org.dacapo.harness.DacapoClassLoader;org.dacapo.harness.DacapoClassLoader
ClassLoader.loadClass;org.apache.lucene.backward_codecs.lucene94.Lucene94Codec$Mode;java.lang.Class.getDeclaredConstructors0;;org.dacapo.harness.DacapoClassLoader;org.dacapo.harness.DacapoClassLoader
ClassLoader.loadClass;org.apache.lucene.backward_codecs.lucene94.Lucene94Codec;java.lang.Class.forName0;;org.dacapo.harness.DacapoClassLoader;org.dacapo.harness.DacapoClassLoader
ClassLoader.loadClass;org.apache.lucene.backward_codecs.lucene94.Lucene94HnswVectorsFormat;java.lang.Class.getDeclaredConstructors0;;org.dacapo.harness.DacapoClassLoader;org.dacapo.harness.DacapoClassLoader
ClassLoader.loadClass;org.apache.lucene.backward_codecs.lucene94.Lucene94HnswVectorsReader;org.apache.lucene.backward_codecs.lucene94.Lucene94Codec.<init>;123;org.dacapo.harness.DacapoClassLoader;org.dacapo.harness.DacapoClassLoader
ClassLoader.loadClass;org.apache.lucene.codecs.BlockTermState;org.apache.lucene.codecs.lucene90.Lucene90PostingsFormat.fieldsProducer;424;org.dacapo.harness.DacapoClassLoader;org.dacapo.harness.DacapoClassLoader
ClassLoader.loadClass;org.apache.lucene.codecs.Codec$Holder;org.apache.lucene.codecs.Codec.forName;118;org.dacapo.harness.DacapoClassLoader;org.dacapo.harness.DacapoClassLoader
ClassLoader.loadClass;org.apache.lucene.codecs.Codec;org.apache.lucene.index.SegmentInfos.readCodec;512;org.dacapo.harness.DacapoClassLoader;org.dacapo.harness.DacapoClassLoader
ClassLoader.loadClass;org.apache.lucene.codecs.CodecUtil;org.apache.lucene.index.SegmentInfos.readCommit;323;org.dacapo.harness.DacapoClassLoader;org.dacapo.harness.DacapoClassLoader
ClassLoader.loadClass;org.apache.lucene.codecs.CompoundDirectory;org.apache.lucene.backward_codecs.lucene80.Lucene80Codec.<init>;52;org.dacapo.harness.DacapoClassLoader;org.dacapo.harness.DacapoClassLoader
ClassLoader.loadClass;org.apache.lucene.codecs.CompoundFormat;java.lang.Class.getDeclaredConstructors0;;org.dacapo.harness.DacapoClassLoader;org.dacapo.harness.DacapoClassLoader
ClassLoader.loadClass;org.apache.lucene.codecs.DocValuesConsumer;org.apache.lucene.backward_codecs.lucene80.Lucene80Codec.<init>;62;org.dacapo.harness.DacapoClassLoader;org.dacapo.harness.DacapoClassLoader
ClassLoader.loadClass;org.apache.lucene.codecs.DocValuesFormat$Holder;org.apache.lucene.codecs.DocValuesFormat.forName;106;org.dacapo.harness.DacapoClassLoader;org.dacapo.harness.DacapoClassLoader
ClassLoader.loadClass;org.apache.lucene.codecs.DocValuesFormat;java.lang.Class.getDeclaredConstructors0;;org.dacapo.harness.DacapoClassLoader;org.dacapo.harness.DacapoClassLoader
ClassLoader.loadClass;org.apache.lucene.codecs.DocValuesProducer;org.apache.lucene.backward_codecs.lucene80.Lucene80Codec.<init>;62;org.dacapo.harness.DacapoClassLoader;org.dacapo.harness.DacapoClassLoader
ClassLoader.loadClass;org.apache.lucene.codecs.FieldInfosFormat;java.lang.Class.getDeclaredConstructors0;;org.dacapo.harness.DacapoClassLoader;org.dacapo.harness.DacapoClassLoader
ClassLoader.loadClass;org.apache.lucene.codecs.FieldsConsumer;org.apache.lucene.backward_codecs.lucene80.Lucene80Codec.<init>;54;org.dacapo.harness.DacapoClassLoader;org.dacapo.harness.DacapoClassLoader
ClassLoader.loadClass;org.apache.lucene.codecs.FieldsProducer;org.apache.lucene.backward_codecs.lucene80.Lucene80Codec.<init>;54;org.dacapo.harness.DacapoClassLoader;org.dacapo.harness.DacapoClassLoader
ClassLoader.loadClass;org.apache.lucene.codecs.KnnVectorsFormat$1$1;org.apache.lucene.codecs.KnnVectorsFormat.<clinit>;83;org.dacapo.harness.DacapoClassLoader;org.dacapo.harness.DacapoClassLoader
ClassLoader.loadClass;org.apache.lucene.codecs.KnnVectorsFormat$1;org.apache.lucene.backward_codecs.lucene90.Lucene90Codec.<init>;96;org.dacapo.harness.DacapoClassLoader;org.dacapo.harness.DacapoClassLoader
ClassLoader.loadClass;org.apache.lucene.codecs.KnnVectorsFormat;java.lang.Class.getDeclaredConstructors0;;org.dacapo.harness.DacapoClassLoader;org.dacapo.harness.DacapoClassLoader
ClassLoader.loadClass;org.apache.lucene.codecs.KnnVectorsReader;org.apache.lucene.backward_codecs.lucene90.Lucene90Codec.<init>;96;org.dacapo.harness.DacapoClassLoader;org.dacapo.harness.DacapoClassLoader
ClassLoader.loadClass;org.apache.lucene.codecs.KnnVectorsWriter;org.apache.lucene.backward_codecs.lucene90.Lucene90Codec.<init>;96;org.dacapo.harness.DacapoClassLoader;org.dacapo.harness.DacapoClassLoader
ClassLoader.loadClass;org.apache.lucene.codecs.LiveDocsFormat;java.lang.Class.getDeclaredConstructors0;;org.dacapo.harness.DacapoClassLoader;org.dacapo.harness.DacapoClassLoader
ClassLoader.loadClass;org.apache.lucene.codecs.MultiLevelSkipListReader;java.lang.ClassLoader.defineClass1;;org.dacapo.harness.DacapoClassLoader;org.dacapo.harness.DacapoClassLoader
ClassLoader.loadClass;org.apache.lucene.codecs.NormsConsumer;org.apache.lucene.backward_codecs.lucene90.Lucene90Codec.<init>;75;org.dacapo.harness.DacapoClassLoader;org.dacapo.harness.DacapoClassLoader
ClassLoader.loadClass;org.apache.lucene.codecs.NormsFormat;java.lang.Class.getDeclaredConstructors0;;org.dacapo.harness.DacapoClassLoader;org.dacapo.harness.DacapoClassLoader
ClassLoader.loadClass;org.apache.lucene.codecs.NormsProducer;org.apache.lucene.backward_codecs.lucene80.Lucene80Codec.<init>;124;org.dacapo.harness.DacapoClassLoader;org.dacapo.harness.DacapoClassLoader
ClassLoader.loadClass;org.apache.lucene.codecs.PointsFormat$1$1;org.apache.lucene.codecs.PointsFormat.<clinit>;47;org.dacapo.harness.DacapoClassLoader;org.dacapo.harness.DacapoClassLoader
ClassLoader.loadClass;org.apache.lucene.codecs.PointsFormat$1;org.apache.lucene.backward_codecs.lucene86.Lucene86Codec.<init>;58;org.dacapo.harness.DacapoClassLoader;org.dacapo.harness.DacapoClassLoader
ClassLoader.loadClass;org.apache.lucene.codecs.PointsFormat;java.lang.Class.getDeclaredConstructors0;;org.dacapo.harness.DacapoClassLoader;org.dacapo.harness.DacapoClassLoader
ClassLoader.loadClass;org.apache.lucene.codecs.PointsReader;org.apache.lucene.backward_codecs.lucene86.Lucene86Codec.<init>;58;org.dacapo.harness.DacapoClassLoader;org.dacapo.harness.DacapoClassLoader
ClassLoader.loadClass;org.apache.lucene.codecs.PostingsFormat$Holder;org.apache.lucene.codecs.PostingsFormat.forName;111;org.dacapo.harness.DacapoClassLoader;org.dacapo.harness.DacapoClassLoader
ClassLoader.loadClass;org.apache.lucene.codecs.PostingsFormat;java.lang.Class.getDeclaredConstructors0;;org.dacapo.harness.DacapoClassLoader;org.dacapo.harness.DacapoClassLoader
ClassLoader.loadClass;org.apache.lucene.codecs.PostingsReaderBase;org.apache.lucene.backward_codecs.lucene84.Lucene84Codec.<init>;93;org.dacapo.harness.DacapoClassLoader;org.dacapo.harness.DacapoClassLoader
ClassLoader.loadClass;org.apache.lucene.codecs.PostingsWriterBase;org.apache.lucene.backward_codecs.lucene90.Lucene90Codec.<init>;120;org.dacapo.harness.DacapoClassLoader;org.dacapo.harness.DacapoClassLoader
ClassLoader.loadClass;org.apache.lucene.codecs.PushPostingsWriterBase;java.lang.ClassLoader.defineClass1;;org.dacapo.harness.DacapoClassLoader;org.dacapo.harness.DacapoClassLoader
ClassLoader.loadClass;org.apache.lucene.codecs.SegmentInfoFormat;java.lang.Class.getDeclaredConstructors0;;org.dacapo.harness.DacapoClassLoader;org.dacapo.harness.DacapoClassLoader
ClassLoader.loadClass;org.apache.lucene.codecs.StoredFieldsFormat;java.lang.Class.getDeclaredConstructors0;;org.dacapo.harness.DacapoClassLoader;org.dacapo.harness.DacapoClassLoader
ClassLoader.loadClass;org.apache.lucene.codecs.StoredFieldsReader;java.lang.Class.forName0;;org.dacapo.harness.DacapoClassLoader;org.dacapo.harness.DacapoClassLoader
ClassLoader.loadClass;org.apache.lucene.codecs.StoredFieldsWriter$MergeVisitor;org.apache.lucene.codecs.lucene90.compressing.Lucene90CompressingStoredFieldsReader.document;634;org.dacapo.harness.DacapoClassLoader;org.dacapo.harness.DacapoClassLoader
ClassLoader.loadClass;org.apache.lucene.codecs.StoredFieldsWriter;org.apache.lucene.codecs.lucene90.Lucene90StoredFieldsFormat.impl;160;org.dacapo.harness.DacapoClassLoader;org.dacapo.harness.DacapoClassLoader
ClassLoader.loadClass;org.apache.lucene.codecs.TermVectorsFormat;java.lang.Class.getDeclaredConstructors0;;org.dacapo.harness.DacapoClassLoader;org.dacapo.harness.DacapoClassLoader
ClassLoader.loadClass;org.apache.lucene.codecs.TermVectorsReader;org.apache.lucene.backward_codecs.lucene80.Lucene80Codec.<init>;48;org.dacapo.harness.DacapoClassLoader;org.dacapo.harness.DacapoClassLoader
ClassLoader.loadClass;org.apache.lucene.codecs.TermVectorsWriter;org.apache.lucene.backward_codecs.lucene90.Lucene90Codec.<init>;70;org.dacapo.harness.DacapoClassLoader;org.dacapo.harness.DacapoClassLoader
ClassLoader.loadClass;org.apache.lucene.codecs.compressing.CompressionMode$1;org.apache.lucene.codecs.lucene90.Lucene90TermVectorsFormat.<init>;170;org.dacapo.harness.DacapoClassLoader;org.dacapo.harness.DacapoClassLoader
ClassLoader.loadClass;org.apache.lucene.codecs.compressing.CompressionMode$2;org.apache.lucene.codecs.lucene90.Lucene90TermVectorsFormat.<init>;170;org.dacapo.harness.DacapoClassLoader;org.dacapo.harness.DacapoClassLoader
ClassLoader.loadClass;org.apache.lucene.codecs.compressing.CompressionMode$3;org.apache.lucene.codecs.lucene90.Lucene90TermVectorsFormat.<init>;170;org.dacapo.harness.DacapoClassLoader;org.dacapo.harness.DacapoClassLoader
ClassLoader.loadClass;org.apache.lucene.codecs.compressing.CompressionMode$4;org.apache.lucene.codecs.lucene90.Lucene90TermVectorsFormat.<init>;170;org.dacapo.harness.DacapoClassLoader;org.dacapo.harness.DacapoClassLoader
ClassLoader.loadClass;org.apache.lucene.codecs.compressing.CompressionMode$DeflateCompressor;org.apache.lucene.codecs.compressing.CompressionMode.<clinit>;68;org.dacapo.harness.DacapoClassLoader;org.dacapo.harness.DacapoClassLoader
ClassLoader.loadClass;org.apache.lucene.codecs.compressing.CompressionMode$DeflateDecompressor;org.apache.lucene.codecs.compressing.CompressionMode.<clinit>;68;org.dacapo.harness.DacapoClassLoader;org.dacapo.harness.DacapoClassLoader
ClassLoader.loadClass;org.apache.lucene.codecs.compressing.CompressionMode$LZ4FastCompressor;org.apache.lucene.codecs.compressing.CompressionMode.<clinit>;44;org.dacapo.harness.DacapoClassLoader;org.dacapo.harness.DacapoClassLoader
ClassLoader.loadClass;org.apache.lucene.codecs.compressing.CompressionMode$LZ4HighCompressor;org.apache.lucene.codecs.compressing.CompressionMode.<clinit>;95;org.dacapo.harness.DacapoClassLoader;org.dacapo.harness.DacapoClassLoader
ClassLoader.loadClass;org.apache.lucene.codecs.compressing.CompressionMode;org.apache.lucene.codecs.lucene90.Lucene90TermVectorsFormat.<init>;170;org.dacapo.harness.DacapoClassLoader;org.dacapo.harness.DacapoClassLoader
ClassLoader.loadClass;org.apache.lucene.codecs.compressing.Compressor;org.apache.lucene.codecs.compressing.CompressionMode.<clinit>;44;org.dacapo.harness.DacapoClassLoader;org.dacapo.harness.DacapoClassLoader
ClassLoader.loadClass;org.apache.lucene.codecs.compressing.Decompressor;org.apache.lucene.codecs.lucene90.Lucene90TermVectorsFormat.<init>;170;org.dacapo.harness.DacapoClassLoader;org.dacapo.harness.DacapoClassLoader
ClassLoader.loadClass;org.apache.lucene.codecs.lucene90.DeflateWithPresetDictCompressionMode$DeflateWithPresetDictCompressor;org.apache.lucene.codecs.lucene90.Lucene90StoredFieldsFormat.<clinit>;178;org.dacapo.harness.DacapoClassLoader;org.dacapo.harness.DacapoClassLoader
ClassLoader.loadClass;org.apache.lucene.codecs.lucene90.DeflateWithPresetDictCompressionMode$DeflateWithPresetDictDecompressor;org.apache.lucene.codecs.lucene90.Lucene90StoredFieldsFormat.<clinit>;178;org.dacapo.harness.DacapoClassLoader;org.dacapo.harness.DacapoClassLoader
ClassLoader.loadClass;org.apache.lucene.codecs.lucene90.DeflateWithPresetDictCompressionMode;org.apache.lucene.backward_codecs.lucene90.Lucene90Codec.<init>;118;org.dacapo.harness.DacapoClassLoader;org.dacapo.harness.DacapoClassLoader
ClassLoader.loadClass;org.apache.lucene.codecs.lucene90.ForUtil;org.apache.lucene.codecs.lucene90.Lucene90PostingsReader$BlockDocsEnum.<init>;309;org.dacapo.harness.DacapoClassLoader;org.dacapo.harness.DacapoClassLoader
ClassLoader.loadClass;org.apache.lucene.codecs.lucene90.LZ4WithPresetDictCompressionMode$LZ4WithPresetDictCompressor;org.apache.lucene.codecs.lucene90.Lucene90StoredFieldsFormat.<clinit>;185;org.dacapo.harness.DacapoClassLoader;org.dacapo.harness.DacapoClassLoader
ClassLoader.loadClass;org.apache.lucene.codecs.lucene90.LZ4WithPresetDictCompressionMode$LZ4WithPresetDictDecompressor;org.apache.lucene.codecs.lucene90.Lucene90StoredFieldsFormat.<clinit>;185;org.dacapo.harness.DacapoClassLoader;org.dacapo.harness.DacapoClassLoader
ClassLoader.loadClass;org.apache.lucene.codecs.lucene90.LZ4WithPresetDictCompressionMode;org.apache.lucene.backward_codecs.lucene90.Lucene90Codec.<init>;118;org.dacapo.harness.DacapoClassLoader;org.dacapo.harness.DacapoClassLoader
ClassLoader.loadClass;org.apache.lucene.codecs.lucene90.Lucene90CompoundFormat;java.lang.Class.getDeclaredConstructors0;;org.dacapo.harness.DacapoClassLoader;org.dacapo.harness.DacapoClassLoader
ClassLoader.loadClass;org.apache.lucene.codecs.lucene90.Lucene90CompoundReader;org.apache.lucene.backward_codecs.lucene90.Lucene90Codec.<init>;74;org.dacapo.harness.DacapoClassLoader;org.dacapo.harness.DacapoClassLoader
ClassLoader.loadClass;org.apache.lucene.codecs.lucene90.Lucene90DocValuesConsumer;java.lang.Class.getDeclaredConstructors0;;org.dacapo.harness.DacapoClassLoader;org.dacapo.harness.DacapoClassLoader
ClassLoader.loadClass;org.apache.lucene.codecs.lucene90.Lucene90DocValuesFormat;java.lang.Class.forName0;;org.dacapo.harness.DacapoClassLoader;org.dacapo.harness.DacapoClassLoader
ClassLoader.loadClass;org.apache.lucene.codecs.lucene90.Lucene90DocValuesProducer;java.lang.Class.getDeclaredConstructors0;;org.dacapo.harness.DacapoClassLoader;org.dacapo.harness.DacapoClassLoader
ClassLoader.loadClass;org.apache.lucene.codecs.lucene90.Lucene90LiveDocsFormat;java.lang.Class.getDeclaredConstructors0;;org.dacapo.harness.DacapoClassLoader;org.dacapo.harness.DacapoClassLoader
ClassLoader.loadClass;org.apache.lucene.codecs.lucene90.Lucene90NormsConsumer;org.apache.lucene.backward_codecs.lucene90.Lucene90Codec.<init>;75;org.dacapo.harness.DacapoClassLoader;org.dacapo.harness.DacapoClassLoader
ClassLoader.loadClass;org.apache.lucene.codecs.lucene90.Lucene90NormsFormat;java.lang.Class.getDeclaredConstructors0;;org.dacapo.harness.DacapoClassLoader;org.dacapo.harness.DacapoClassLoader
ClassLoader.loadClass;org.apache.lucene.codecs.lucene90.Lucene90NormsProducer$10;org.apache.lucene.codecs.lucene90.Lucene90NormsFormat.normsProducer;96;org.dacapo.harness.DacapoClassLoader;org.dacapo.harness.DacapoClassLoader
ClassLoader.loadClass;org.apache.lucene.codecs.lucene90.Lucene90NormsProducer$11;org.apache.lucene.codecs.lucene90.Lucene90NormsFormat.normsProducer;96;org.dacapo.harness.DacapoClassLoader;org.dacapo.harness.DacapoClassLoader
ClassLoader.loadClass;org.apache.lucene.codecs.lucene90.Lucene90NormsProducer$1;org.apache.lucene.codecs.lucene90.Lucene90NormsFormat.normsProducer;96;org.dacapo.harness.DacapoClassLoader;org.dacapo.harness.DacapoClassLoader
ClassLoader.loadClass;org.apache.lucene.codecs.lucene90.Lucene90NormsProducer$2;org.apache.lucene.codecs.lucene90.Lucene90NormsFormat.normsProducer;96;org.dacapo.harness.DacapoClassLoader;org.dacapo.harness.DacapoClassLoader
ClassLoader.loadClass;org.apache.lucene.codecs.lucene90.Lucene90NormsProducer$3;org.apache.lucene.codecs.lucene90.Lucene90NormsFormat.normsProducer;96;org.dacapo.harness.DacapoClassLoader;org.dacapo.harness.DacapoClassLoader
ClassLoader.loadClass;org.apache.lucene.codecs.lucene90.Lucene90NormsProducer$4;org.apache.lucene.codecs.lucene90.Lucene90NormsFormat.normsProducer;96;org.dacapo.harness.DacapoClassLoader;org.dacapo.harness.DacapoClassLoader
ClassLoader.loadClass;org.apache.lucene.codecs.lucene90.Lucene90NormsProducer$5;org.apache.lucene.codecs.lucene90.Lucene90NormsFormat.normsProducer;96;org.dacapo.harness.DacapoClassLoader;org.dacapo.harness.DacapoClassLoader
ClassLoader.loadClass;org.apache.lucene.codecs.lucene90.Lucene90NormsProducer$6;org.apache.lucene.codecs.lucene90.Lucene90NormsFormat.normsProducer;96;org.dacapo.harness.DacapoClassLoader;org.dacapo.harness.DacapoClassLoader
ClassLoader.loadClass;org.apache.lucene.codecs.lucene90.Lucene90NormsProducer$7;org.apache.lucene.codecs.lucene90.Lucene90NormsFormat.normsProducer;96;org.dacapo.harness.DacapoClassLoader;org.dacapo.harness.DacapoClassLoader
ClassLoader.loadClass;org.apache.lucene.codecs.lucene90.Lucene90NormsProducer$8;org.apache.lucene.codecs.lucene90.Lucene90NormsFormat.normsProducer;96;org.dacapo.harness.DacapoClassLoader;org.dacapo.harness.DacapoClassLoader
ClassLoader.loadClass;org.apache.lucene.codecs.lucene90.Lucene90NormsProducer$9;org.apache.lucene.codecs.lucene90.Lucene90NormsFormat.normsProducer;96;org.dacapo.harness.DacapoClassLoader;org.dacapo.harness.DacapoClassLoader
ClassLoader.loadClass;org.apache.lucene.codecs.lucene90.Lucene90NormsProducer$DenseNormsIterator;java.lang.ClassLoader.defineClass1;;org.dacapo.harness.DacapoClassLoader;org.dacapo.harness.DacapoClassLoader
ClassLoader.loadClass;org.apache.lucene.codecs.lucene90.Lucene90NormsProducer$NormsEntry;org.apache.lucene.codecs.lucene90.Lucene90NormsProducer.readFields;223;org.dacapo.harness.DacapoClassLoader;org.dacapo.harness.DacapoClassLoader
ClassLoader.loadClass;org.apache.lucene.codecs.lucene90.Lucene90NormsProducer$SparseNormsIterator;java.lang.ClassLoader.defineClass1;;org.dacapo.harness.DacapoClassLoader;org.dacapo.harness.DacapoClassLoader
ClassLoader.loadClass;org.apache.lucene.codecs.lucene90.Lucene90NormsProducer;org.apache.lucene.backward_codecs.lucene90.Lucene90Codec.<init>;75;org.dacapo.harness.DacapoClassLoader;org.dacapo.harness.DacapoClassLoader
ClassLoader.loadClass;org.apache.lucene.codecs.lucene90.Lucene90PointsFormat;java.lang.Class.getDeclaredConstructors0;;org.dacapo.harness.DacapoClassLoader;org.dacapo.harness.DacapoClassLoader
ClassLoader.loadClass;org.apache.lucene.codecs.lucene90.Lucene90PostingsFormat$IntBlockTermState;org.apache.lucene.codecs.lucene90.Lucene90PostingsFormat.fieldsProducer;424;org.dacapo.harness.DacapoClassLoader;org.dacapo.harness.DacapoClassLoader
ClassLoader.loadClass;org.apache.lucene.codecs.lucene90.Lucene90PostingsFormat;java.lang.Class.getDeclaredConstructors0;;org.dacapo.harness.DacapoClassLoader;org.dacapo.harness.DacapoClassLoader
ClassLoader.loadClass;org.apache.lucene.codecs.lucene90.Lucene90PostingsReader$BlockDocsEnum;org.apache.lucene.codecs.lucene90.Lucene90PostingsReader.postings;258;org.dacapo.harness.DacapoClassLoader;org.dacapo.harness.DacapoClassLoader
ClassLoader.loadClass;org.apache.lucene.codecs.lucene90.Lucene90PostingsReader$BlockImpactsDocsEnum;org.apache.lucene.codecs.lucene90.Lucene90PostingsFormat.fieldsProducer;424;org.dacapo.harness.DacapoClassLoader;org.dacapo.harness.DacapoClassLoader
ClassLoader.loadClass;org.apache.lucene.codecs.lucene90.Lucene90PostingsReader$BlockImpactsEverythingEnum;org.apache.lucene.codecs.lucene90.Lucene90PostingsFormat.fieldsProducer;424;org.dacapo.harness.DacapoClassLoader;org.dacapo.harness.DacapoClassLoader
ClassLoader.loadClass;org.apache.lucene.codecs.lucene90.Lucene90PostingsReader$BlockImpactsPostingsEnum;org.apache.lucene.codecs.lucene90.Lucene90PostingsFormat.fieldsProducer;424;org.dacapo.harness.DacapoClassLoader;org.dacapo.harness.DacapoClassLoader
ClassLoader.loadClass;org.apache.lucene.codecs.lucene90.Lucene90PostingsReader$EverythingEnum;org.apache.lucene.codecs.lucene90.Lucene90PostingsFormat.fieldsProducer;424;org.dacapo.harness.DacapoClassLoader;org.dacapo.harness.DacapoClassLoader
ClassLoader.loadClass;org.apache.lucene.codecs.lucene90.Lucene90PostingsReader;org.apache.lucene.backward_codecs.lucene90.Lucene90Codec.<init>;120;org.dacapo.harness.DacapoClassLoader;org.dacapo.harness.DacapoClassLoader
ClassLoader.loadClass;org.apache.lucene.codecs.lucene90.Lucene90PostingsWriter;org.apache.lucene.backward_codecs.lucene90.Lucene90Codec.<init>;120;org.dacapo.harness.DacapoClassLoader;org.dacapo.harness.DacapoClassLoader
ClassLoader.loadClass;org.apache.lucene.codecs.lucene90.Lucene90ScoreSkipReader$1;org.apache.lucene.codecs.lucene90.Lucene90PostingsReader$BlockImpactsDocsEnum.<init>;1099;org.dacapo.harness.DacapoClassLoader;org.dacapo.harness.DacapoClassLoader
ClassLoader.loadClass;org.apache.lucene.codecs.lucene90.Lucene90ScoreSkipReader$MutableImpactList;org.apache.lucene.codecs.lucene90.Lucene90ScoreSkipReader.<init>;49;org.dacapo.harness.DacapoClassLoader;org.dacapo.harness.DacapoClassLoader
ClassLoader.loadClass;org.apache.lucene.codecs.lucene90.Lucene90ScoreSkipReader;org.apache.lucene.codecs.lucene90.Lucene90PostingsReader$BlockImpactsDocsEnum.<init>;1099;org.dacapo.harness.DacapoClassLoader;org.dacapo.harness.DacapoClassLoader
ClassLoader.loadClass;org.apache.lucene.codecs.lucene90.Lucene90SegmentInfoFormat;java.lang.Class.getDeclaredConstructors0;;org.dacapo.harness.DacapoClassLoader;org.dacapo.harness.DacapoClassLoader
ClassLoader.loadClass;org.apache.lucene.codecs.lucene90.Lucene90SkipReader;java.lang.ClassLoader.defineClass1;;org.dacapo.harness.DacapoClassLoader;org.dacapo.harness.DacapoClassLoader
ClassLoader.loadClass;org.apache.lucene.codecs.lucene90.Lucene90StoredFieldsFormat$1;org.apache.lucene.codecs.lucene90.Lucene90StoredFieldsFormat.impl;158;org.dacapo.harness.DacapoClassLoader;org.dacapo.harness.DacapoClassLoader
ClassLoader.loadClass;org.apache.lucene.codecs.lucene90.Lucene90StoredFieldsFormat$Mode;org.apache.lucene.backward_codecs.lucene90.Lucene90Codec$Mode.<clinit>;59;org.dacapo.harness.DacapoClassLoader;org.dacapo.harness.DacapoClassLoader
ClassLoader.loadClass;org.apache.lucene.codecs.lucene90.Lucene90StoredFieldsFormat;java.lang.Class.getDeclaredConstructors0;;org.dacapo.harness.DacapoClassLoader;org.dacapo.harness.DacapoClassLoader
ClassLoader.loadClass;org.apache.lucene.codecs.lucene90.Lucene90TermVectorsFormat;java.lang.Class.getDeclaredConstructors0;;org.dacapo.harness.DacapoClassLoader;org.dacapo.harness.DacapoClassLoader
ClassLoader.loadClass;org.apache.lucene.codecs.lucene90.PForUtil;org.apache.lucene.codecs.lucene90.Lucene90PostingsReader$BlockDocsEnum.<init>;309;org.dacapo.harness.DacapoClassLoader;org.dacapo.harness.DacapoClassLoader
ClassLoader.loadClass;org.apache.lucene.codecs.lucene90.blocktree.CompressionAlgorithm$1;org.apache.lucene.codecs.lucene90.blocktree.SegmentTermsEnumFrame.<init>;536;org.dacapo.harness.DacapoClassLoader;org.dacapo.harness.DacapoClassLoader
ClassLoader.loadClass;org.apache.lucene.codecs.lucene90.blocktree.CompressionAlgorithm$2;org.apache.lucene.codecs.lucene90.blocktree.SegmentTermsEnumFrame.<init>;536;org.dacapo.harness.DacapoClassLoader;org.dacapo.harness.DacapoClassLoader
ClassLoader.loadClass;org.apache.lucene.codecs.lucene90.blocktree.CompressionAlgorithm$3;org.apache.lucene.codecs.lucene90.blocktree.SegmentTermsEnumFrame.<init>;536;org.dacapo.harness.DacapoClassLoader;org.dacapo.harness.DacapoClassLoader
ClassLoader.loadClass;org.apache.lucene.codecs.lucene90.blocktree.CompressionAlgorithm;org.apache.lucene.codecs.lucene90.blocktree.SegmentTermsEnumFrame.<init>;536;org.dacapo.harness.DacapoClassLoader;org.dacapo.harness.DacapoClassLoader
ClassLoader.loadClass;org.apache.lucene.codecs.lucene90.blocktree.FieldReader;org.apache.lucene.codecs.lucene90.blocktree.Lucene90BlockTreeTermsReader.<init>;208;org.dacapo.harness.DacapoClassLoader;org.dacapo.harness.DacapoClassLoader
ClassLoader.loadClass;org.apache.lucene.codecs.lucene90.blocktree.IntersectTermsEnum;org.apache.lucene.codecs.lucene90.blocktree.Lucene90BlockTreeTermsReader.<init>;208;org.dacapo.harness.DacapoClassLoader;org.dacapo.harness.DacapoClassLoader
ClassLoader.loadClass;org.apache.lucene.codecs.lucene90.blocktree.Lucene90BlockTreeTermsReader;org.apache.lucene.backward_codecs.lucene90.Lucene90Codec.<init>;120;org.dacapo.harness.DacapoClassLoader;org.dacapo.harness.DacapoClassLoader
ClassLoader.loadClass;org.apache.lucene.codecs.lucene90.blocktree.Lucene90BlockTreeTermsWriter;org.apache.lucene.backward_codecs.lucene90.Lucene90Codec.<init>;120;org.dacapo.harness.DacapoClassLoader;org.dacapo.harness.DacapoClassLoader
ClassLoader.loadClass;org.apache.lucene.codecs.lucene90.blocktree.SegmentTermsEnum;org.apache.lucene.codecs.lucene90.blocktree.Lucene90BlockTreeTermsReader.<init>;208;org.dacapo.harness.DacapoClassLoader;org.dacapo.harness.DacapoClassLoader
ClassLoader.loadClass;org.apache.lucene.codecs.lucene90.blocktree.SegmentTermsEnumFrame;org.apache.lucene.codecs.lucene90.blocktree.SegmentTermsEnum.<init>;73;org.dacapo.harness.DacapoClassLoader;org.dacapo.harness.DacapoClassLoader
ClassLoader.loadClass;org.apache.lucene.codecs.lucene90.compressing.FieldsIndex;org.apache.lucene.codecs.lucene90.compressing.Lucene90CompressingStoredFieldsFormat.fieldsReader;133;org.dacapo.harness.DacapoClassLoader;org.dacapo.harness.DacapoClassLoader
ClassLoader.loadClass;org.apache.lucene.codecs.lucene90.compressing.FieldsIndexReader;org.apache.lucene.codecs.lucene90.compressing.Lucene90CompressingStoredFieldsFormat.fieldsReader;133;org.dacapo.harness.DacapoClassLoader;org.dacapo.harness.DacapoClassLoader
ClassLoader.loadClass;org.apache.lucene.codecs.lucene90.compressing.Lucene90CompressingStoredFieldsFormat;org.apache.lucene.backward_codecs.lucene90.Lucene90Codec.<init>;118;org.dacapo.harness.DacapoClassLoader;org.dacapo.harness.DacapoClassLoader
ClassLoader.loadClass;org.apache.lucene.codecs.lucene90.compressing.Lucene90CompressingStoredFieldsReader$1;org.apache.lucene.codecs.lucene90.compressing.Lucene90CompressingStoredFieldsReader.document;640;org.dacapo.harness.DacapoClassLoader;org.dacapo.harness.DacapoClassLoader
ClassLoader.loadClass;org.apache.lucene.codecs.lucene90.compressing.Lucene90CompressingStoredFieldsReader$BlockState$1;org.apache.lucene.codecs.lucene90.compressing.Lucene90CompressingStoredFieldsReader.<init>;153;org.dacapo.harness.DacapoClassLoader;org.dacapo.harness.DacapoClassLoader
ClassLoader.loadClass;org.apache.lucene.codecs.lucene90.compressing.Lucene90CompressingStoredFieldsReader$BlockState;org.apache.lucene.codecs.lucene90.compressing.Lucene90CompressingStoredFieldsReader.<init>;153;org.dacapo.harness.DacapoClassLoader;org.dacapo.harness.DacapoClassLoader
ClassLoader.loadClass;org.apache.lucene.codecs.lucene90.compressing.Lucene90CompressingStoredFieldsReader$SerializedDocument;org.apache.lucene.codecs.lucene90.compressing.Lucene90CompressingStoredFieldsReader$BlockState.document;602;org.dacapo.harness.DacapoClassLoader;org.dacapo.harness.DacapoClassLoader
ClassLoader.loadClass;org.apache.lucene.codecs.lucene90.compressing.Lucene90CompressingStoredFieldsReader;org.apache.lucene.codecs.lucene90.Lucene90StoredFieldsFormat.impl;160;org.dacapo.harness.DacapoClassLoader;org.dacapo.harness.DacapoClassLoader
ClassLoader.loadClass;org.apache.lucene.codecs.lucene90.compressing.Lucene90CompressingStoredFieldsWriter;org.apache.lucene.codecs.lucene90.Lucene90StoredFieldsFormat.impl;160;org.dacapo.harness.DacapoClassLoader;org.dacapo.harness.DacapoClassLoader
ClassLoader.loadClass;org.apache.lucene.codecs.lucene90.compressing.Lucene90CompressingTermVectorsFormat;java.lang.ClassLoader.defineClass1;;org.dacapo.harness.DacapoClassLoader;org.dacapo.harness.DacapoClassLoader
ClassLoader.loadClass;org.apache.lucene.codecs.lucene90.compressing.Lucene90CompressingTermVectorsReader;org.apache.lucene.backward_codecs.lucene90.Lucene90Codec.<init>;70;org.dacapo.harness.DacapoClassLoader;org.dacapo.harness.DacapoClassLoader
ClassLoader.loadClass;org.apache.lucene.codecs.lucene90.compressing.Lucene90CompressingTermVectorsWriter;org.apache.lucene.backward_codecs.lucene90.Lucene90Codec.<init>;70;org.dacapo.harness.DacapoClassLoader;org.dacapo.harness.DacapoClassLoader
ClassLoader.loadClass;org.apache.lucene.codecs.lucene90.compressing.StoredFieldsInts;org.apache.lucene.codecs.lucene90.compressing.Lucene90CompressingStoredFieldsReader$BlockState.doReset;467;org.dacapo.harness.DacapoClassLoader;org.dacapo.harness.DacapoClassLoader
ClassLoader.loadClass;org.apache.lucene.codecs.lucene94.Lucene94FieldInfosFormat;java.lang.Class.getDeclaredConstructors0;;org.dacapo.harness.DacapoClassLoader;org.dacapo.harness.DacapoClassLoader
ClassLoader.loadClass;org.apache.lucene.codecs.lucene95.Lucene95Codec$1;java.lang.Class.getDeclaredConstructors0;;org.dacapo.harness.DacapoClassLoader;org.dacapo.harness.DacapoClassLoader
ClassLoader.loadClass;org.apache.lucene.codecs.lucene95.Lucene95Codec$2;java.lang.Class.getDeclaredConstructors0;;org.dacapo.harness.DacapoClassLoader;org.dacapo.harness.DacapoClassLoader
ClassLoader.loadClass;org.apache.lucene.codecs.lucene95.Lucene95Codec$3;java.lang.Class.getDeclaredConstructors0;;org.dacapo.harness.DacapoClassLoader;org.dacapo.harness.DacapoClassLoader
ClassLoader.loadClass;org.apache.lucene.codecs.lucene95.Lucene95Codec$Mode;java.lang.Class.getDeclaredConstructors0;;org.dacapo.harness.DacapoClassLoader;org.dacapo.harness.DacapoClassLoader
ClassLoader.loadClass;org.apache.lucene.codecs.lucene95.Lucene95Codec;java.lang.Class.forName0;;org.dacapo.harness.DacapoClassLoader;org.dacapo.harness.DacapoClassLoader
ClassLoader.loadClass;org.apache.lucene.codecs.lucene95.Lucene95HnswVectorsFormat;java.lang.Class.getDeclaredConstructors0;;org.dacapo.harness.DacapoClassLoader;org.dacapo.harness.DacapoClassLoader
ClassLoader.loadClass;org.apache.lucene.codecs.lucene95.Lucene95HnswVectorsReader;org.apache.lucene.codecs.lucene95.Lucene95Codec.<init>;123;org.dacapo.harness.DacapoClassLoader;org.dacapo.harness.DacapoClassLoader
ClassLoader.loadClass;org.apache.lucene.codecs.lucene95.Lucene95HnswVectorsWriter;org.apache.lucene.codecs.lucene95.Lucene95Codec.<init>;123;org.dacapo.harness.DacapoClassLoader;org.dacapo.harness.DacapoClassLoader
ClassLoader.loadClass;org.apache.lucene.codecs.perfield.PerFieldDocValuesFormat$FieldsReader;org.apache.lucene.backward_codecs.lucene80.Lucene80Codec.<init>;62;org.dacapo.harness.DacapoClassLoader;org.dacapo.harness.DacapoClassLoader
ClassLoader.loadClass;org.apache.lucene.codecs.perfield.PerFieldDocValuesFormat$FieldsWriter;org.apache.lucene.backward_codecs.lucene80.Lucene80Codec.<init>;62;org.dacapo.harness.DacapoClassLoader;org.dacapo.harness.DacapoClassLoader
ClassLoader.loadClass;org.apache.lucene.codecs.perfield.PerFieldDocValuesFormat;java.lang.ClassLoader.defineClass1;;org.dacapo.harness.DacapoClassLoader;org.dacapo.harness.DacapoClassLoader
ClassLoader.loadClass;org.apache.lucene.codecs.perfield.PerFieldKnnVectorsFormat$FieldsReader;org.apache.lucene.backward_codecs.lucene90.Lucene90Codec.<init>;96;org.dacapo.harness.DacapoClassLoader;org.dacapo.harness.DacapoClassLoader
ClassLoader.loadClass;org.apache.lucene.codecs.perfield.PerFieldKnnVectorsFormat$FieldsWriter;org.apache.lucene.backward_codecs.lucene90.Lucene90Codec.<init>;96;org.dacapo.harness.DacapoClassLoader;org.dacapo.harness.DacapoClassLoader
ClassLoader.loadClass;org.apache.lucene.codecs.perfield.PerFieldKnnVectorsFormat;java.lang.ClassLoader.defineClass1;;org.dacapo.harness.DacapoClassLoader;org.dacapo.harness.DacapoClassLoader
ClassLoader.loadClass;org.apache.lucene.codecs.perfield.PerFieldPostingsFormat$FieldsReader;org.apache.lucene.backward_codecs.lucene80.Lucene80Codec.<init>;54;org.dacapo.harness.DacapoClassLoader;org.dacapo.harness.DacapoClassLoader
ClassLoader.loadClass;org.apache.lucene.codecs.perfield.PerFieldPostingsFormat$FieldsWriter;org.apache.lucene.backward_codecs.lucene80.Lucene80Codec.<init>;54;org.dacapo.harness.DacapoClassLoader;org.dacapo.harness.DacapoClassLoader
ClassLoader.loadClass;org.apache.lucene.codecs.perfield.PerFieldPostingsFormat;java.lang.ClassLoader.defineClass1;;org.dacapo.harness.DacapoClassLoader;org.dacapo.harness.DacapoClassLoader
ClassLoader.loadClass;org.apache.lucene.document.Document;org.apache.lucene.document.DocumentStoredFieldVisitor.<init>;39;org.dacapo.harness.DacapoClassLoader;org.dacapo.harness.DacapoClassLoader
ClassLoader.loadClass;org.apache.lucene.document.DocumentStoredFieldVisitor;org.dacapo.lusearch.Search.main;123;org.dacapo.harness.DacapoClassLoader;org.dacapo.harness.DacapoClassLoader
ClassLoader.loadClass;org.apache.lucene.document.Field$BinaryTokenStream;org.apache.lucene.document.DocumentStoredFieldVisitor.stringField;68;org.dacapo.harness.DacapoClassLoader;org.dacapo.harness.DacapoClassLoader
ClassLoader.loadClass;org.apache.lucene.document.Field$StringTokenStream;org.apache.lucene.document.DocumentStoredFieldVisitor.stringField;68;org.dacapo.harness.DacapoClassLoader;org.dacapo.harness.DacapoClassLoader
ClassLoader.loadClass;org.apache.lucene.document.Field;java.lang.ClassLoader.defineClass1;;org.dacapo.harness.DacapoClassLoader;org.dacapo.harness.DacapoClassLoader
ClassLoader.loadClass;org.apache.lucene.document.FieldType;org.apache.lucene.document.DocumentStoredFieldVisitor.stringField;68;org.dacapo.harness.DacapoClassLoader;org.dacapo.harness.DacapoClassLoader
ClassLoader.loadClass;org.apache.lucene.document.StoredField;org.apache.lucene.document.DocumentStoredFieldVisitor.stringField;72;org.dacapo.harness.DacapoClassLoader;org.dacapo.harness.DacapoClassLoader
ClassLoader.loadClass;org.apache.lucene.document.TextField;org.apache.lucene.document.DocumentStoredFieldVisitor.stringField;68;org.dacapo.harness.DacapoClassLoader;org.dacapo.harness.DacapoClassLoader
ClassLoader.loadClass;org.apache.lucene.index.AutomatonTermsEnum;org.apache.lucene.codecs.lucene90.blocktree.Lucene90BlockTreeTermsReader.<init>;208;org.dacapo.harness.DacapoClassLoader;org.dacapo.harness.DacapoClassLoader
ClassLoader.loadClass;org.apache.lucene.index.BaseCompositeReader$1;org.dacapo.lusearch.Search.main;123;org.dacapo.harness.DacapoClassLoader;org.dacapo.harness.DacapoClassLoader
ClassLoader.loadClass;org.apache.lucene.index.BaseCompositeReader$2;org.dacapo.lusearch.Search.main;123;org.dacapo.harness.DacapoClassLoader;org.dacapo.harness.DacapoClassLoader
ClassLoader.loadClass;org.apache.lucene.index.BaseCompositeReader;java.lang.ClassLoader.defineClass1;;org.dacapo.harness.DacapoClassLoader;org.dacapo.harness.DacapoClassLoader
ClassLoader.loadClass;org.apache.lucene.index.BaseTermsEnum$1;org.apache.lucene.codecs.lucene90.blocktree.FieldReader.iterator;153;org.dacapo.harness.DacapoClassLoader;org.dacapo.harness.DacapoClassLoader
ClassLoader.loadClass;org.apache.lucene.index.BaseTermsEnum;java.lang.ClassLoader.defineClass1;;org.dacapo.harness.DacapoClassLoader;org.dacapo.harness.DacapoClassLoader
ClassLoader.loadClass;org.apache.lucene.index.BinaryDocValuesFieldUpdates;org.apache.lucene.index.SegmentInfos.parseSegmentInfos;499;org.dacapo.harness.DacapoClassLoader;org.dacapo.harness.DacapoClassLoader
ClassLoader.loadClass;org.apache.lucene.index.CodecReader$1;java.lang.Class.forName0;;org.dacapo.harness.DacapoClassLoader;org.dacapo.harness.DacapoClassLoader
ClassLoader.loadClass;org.apache.lucene.index.CodecReader;java.lang.ClassLoader.defineClass1;;org.dacapo.harness.DacapoClassLoader;org.dacapo.harness.DacapoClassLoader
ClassLoader.loadClass;org.apache.lucene.index.CompositeReader;java.lang.ClassLoader.defineClass1;;org.dacapo.harness.DacapoClassLoader;org.dacapo.harness.DacapoClassLoader
ClassLoader.loadClass;org.apache.lucene.index.CompositeReaderContext$Builder;org.apache.lucene.index.CompositeReaderContext.create;31;org.dacapo.harness.DacapoClassLoader;org.dacapo.harness.DacapoClassLoader
ClassLoader.loadClass;org.apache.lucene.index.CompositeReaderContext;org.dacapo.lusearch.Search.main;123;org.dacapo.harness.DacapoClassLoader;org.dacapo.harness.DacapoClassLoader
ClassLoader.loadClass;org.apache.lucene.index.ConcurrentMergeScheduler$1;java.lang.Class.forName0;;org.dacapo.harness.DacapoClassLoader;org.dacapo.harness.DacapoClassLoader
ClassLoader.loadClass;org.apache.lucene.index.ConcurrentMergeScheduler$2;org.apache.lucene.index.ConcurrentMergeScheduler.<clinit>;905;org.dacapo.harness.DacapoClassLoader;org.dacapo.harness.DacapoClassLoader
ClassLoader.loadClass;org.apache.lucene.index.ConcurrentMergeScheduler;org.apache.lucene.internal.tests.TestSecrets.<clinit>;48;org.dacapo.harness.DacapoClassLoader;org.dacapo.harness.DacapoClassLoader
ClassLoader.loadClass;org.apache.lucene.index.CorruptIndexException;org.dacapo.lusearch.Search.main;123;org.dacapo.harness.DacapoClassLoader;org.dacapo.harness.DacapoClassLoader
ClassLoader.loadClass;org.apache.lucene.index.DirectoryReader;java.lang.Class.forName0;;org.dacapo.harness.DacapoClassLoader;org.dacapo.harness.DacapoClassLoader
ClassLoader.loadClass;org.apache.lucene.index.DocValuesFieldUpdates;org.apache.lucene.index.SegmentInfos.parseSegmentInfos;499;org.dacapo.harness.DacapoClassLoader;org.dacapo.harness.DacapoClassLoader
ClassLoader.loadClass;org.apache.lucene.index.DocValuesIterator;java.lang.ClassLoader.defineClass1;;org.dacapo.harness.DacapoClassLoader;org.dacapo.harness.DacapoClassLoader
ClassLoader.loadClass;org.apache.lucene.index.DocValuesType;org.apache.lucene.codecs.lucene94.Lucene94FieldInfosFormat.getDocValuesType;249;org.dacapo.harness.DacapoClassLoader;org.dacapo.harness.DacapoClassLoader
ClassLoader.loadClass;org.apache.lucene.index.DocumentsWriter$FlushNotifications;org.apache.lucene.index.SegmentInfos.parseSegmentInfos;499;org.dacapo.harness.DacapoClassLoader;org.dacapo.harness.DacapoClassLoader
ClassLoader.loadClass;org.apache.lucene.index.FieldInfo;org.apache.lucene.codecs.lucene94.Lucene94FieldInfosFormat.read;143;org.dacapo.harness.DacapoClassLoader;org.dacapo.harness.DacapoClassLoader
ClassLoader.loadClass;org.apache.lucene.index.FieldInfos;org.apache.lucene.codecs.lucene94.Lucene94FieldInfosFormat.read;215;org.dacapo.harness.DacapoClassLoader;org.dacapo.harness.DacapoClassLoader
ClassLoader.loadClass;org.apache.lucene.index.Fields;java.lang.ClassLoader.defineClass1;;org.dacapo.harness.DacapoClassLoader;org.dacapo.harness.DacapoClassLoader
ClassLoader.loadClass;org.apache.lucene.index.FilterCodecReader;org.apache.lucene.index.SegmentInfos.parseSegmentInfos;499;org.dacapo.harness.DacapoClassLoader;org.dacapo.harness.DacapoClassLoader
ClassLoader.loadClass;org.apache.lucene.index.FilterLeafReader$FilterFields;java.lang.ClassLoader.defineClass1;;org.dacapo.harness.DacapoClassLoader;org.dacapo.harness.DacapoClassLoader
ClassLoader.loadClass;org.apache.lucene.index.FilterMergePolicy;java.lang.ClassLoader.defineClass1;;org.dacapo.harness.DacapoClassLoader;org.dacapo.harness.DacapoClassLoader
ClassLoader.loadClass;org.apache.lucene.index.FilteredTermsEnum;java.lang.ClassLoader.defineClass1;;org.dacapo.harness.DacapoClassLoader;org.dacapo.harness.DacapoClassLoader
ClassLoader.loadClass;org.apache.lucene.index.Impact;org.apache.lucene.index.SlowImpactsEnum$1.<init>;34;org.dacapo.harness.DacapoClassLoader;org.dacapo.harness.DacapoClassLoader
ClassLoader.loadClass;org.apache.lucene.index.Impacts;org.apache.lucene.codecs.lucene90.Lucene90PostingsReader.impacts;280;org.dacapo.harness.DacapoClassLoader;org.dacapo.harness.DacapoClassLoader
ClassLoader.loadClass;org.apache.lucene.index.ImpactsEnum;org.apache.lucene.codecs.lucene90.Lucene90PostingsFormat.fieldsProducer;424;org.dacapo.harness.DacapoClassLoader;org.dacapo.harness.DacapoClassLoader
ClassLoader.loadClass;org.apache.lucene.index.ImpactsSource;java.lang.ClassLoader.defineClass1;;org.dacapo.harness.DacapoClassLoader;org.dacapo.harness.DacapoClassLoader
ClassLoader.loadClass;org.apache.lucene.index.IndexCommit;org.apache.lucene.index.DirectoryReader.open;60;org.dacapo.harness.DacapoClassLoader;org.dacapo.harness.DacapoClassLoader
ClassLoader.loadClass;org.apache.lucene.index.IndexFileNames;org.apache.lucene.index.SegmentInfos$FindSegmentsFile.run;813;org.dacapo.harness.DacapoClassLoader;org.dacapo.harness.DacapoClassLoader
ClassLoader.loadClass;org.apache.lucene.index.IndexFormatTooNewException;org.apache.lucene.index.SegmentInfos.readCommit;323;org.dacapo.harness.DacapoClassLoader;org.dacapo.harness.DacapoClassLoader
ClassLoader.loadClass;org.apache.lucene.index.IndexFormatTooOldException;org.apache.lucene.index.SegmentInfos$FindSegmentsFile.run;802;org.dacapo.harness.DacapoClassLoader;org.dacapo.harness.DacapoClassLoader
ClassLoader.loadClass;org.apache.lucene.index.IndexNotFoundException;org.apache.lucene.index.StandardDirectoryReader.open;77;org.dacapo.harness.DacapoClassLoader;org.dacapo.harness.DacapoClassLoader
ClassLoader.loadClass;org.apache.lucene.index.IndexOptions;org.apache.lucene.codecs.lucene94.Lucene94FieldInfosFormat.getIndexOptions;309;org.dacapo.harness.DacapoClassLoader;org.dacapo.harness.DacapoClassLoader
ClassLoader.loadClass;org.apache.lucene.index.IndexReader$CacheHelper;org.apache.lucene.index.DirectoryReader.open;60;org.dacapo.harness.DacapoClassLoader;org.dacapo.harness.DacapoClassLoader
ClassLoader.loadClass;org.apache.lucene.index.IndexReader$CacheKey;org.apache.lucene.index.SegmentReader$1.<init>;361;org.dacapo.harness.DacapoClassLoader;org.dacapo.harness.DacapoClassLoader
ClassLoader.loadClass;org.apache.lucene.index.IndexReader$ClosedListener;org.apache.lucene.index.SegmentCoreReaders.notifyCoreClosedListeners;227;org.dacapo.harness.DacapoClassLoader;org.dacapo.harness.DacapoClassLoader
ClassLoader.loadClass;org.apache.lucene.index.IndexReader;java.lang.Class.forName0;;org.dacapo.harness.DacapoClassLoader;org.dacapo.harness.DacapoClassLoader
ClassLoader.loadClass;org.apache.lucene.index.IndexReaderContext;org.dacapo.lusearch.Search.main;123;org.dacapo.harness.DacapoClassLoader;org.dacapo.harness.DacapoClassLoader
ClassLoader.loadClass;org.apache.lucene.index.IndexWriter$2;org.apache.lucene.index.SegmentInfos.parseSegmentInfos;499;org.dacapo.harness.DacapoClassLoader;org.dacapo.harness.DacapoClassLoader
ClassLoader.loadClass;org.apache.lucene.index.IndexWriter$4;org.apache.lucene.index.IndexWriter.<clinit>;6480;org.dacapo.harness.DacapoClassLoader;org.dacapo.harness.DacapoClassLoader
ClassLoader.loadClass;org.apache.lucene.index.IndexWriter$5;org.apache.lucene.index.IndexWriter.<clinit>;6520;org.dacapo.harness.DacapoClassLoader;org.dacapo.harness.DacapoClassLoader
ClassLoader.loadClass;org.apache.lucene.index.IndexWriter;org.apache.lucene.index.SegmentInfos.parseSegmentInfos;499;org.dacapo.harness.DacapoClassLoader;org.dacapo.harness.DacapoClassLoader
ClassLoader.loadClass;org.apache.lucene.index.IndexWriterConfig;org.apache.lucene.index.SegmentInfos.parseSegmentInfos;499;org.dacapo.harness.DacapoClassLoader;org.dacapo.harness.DacapoClassLoader
ClassLoader.loadClass;org.apache.lucene.index.IndexableField;org.apache.lucene.index.IndexReader.document;410;org.dacapo.harness.DacapoClassLoader;org.dacapo.harness.DacapoClassLoader
ClassLoader.loadClass;org.apache.lucene.index.IndexableFieldType;org.apache.lucene.index.IndexReader.document;410;org.dacapo.harness.DacapoClassLoader;org.dacapo.harness.DacapoClassLoader
ClassLoader.loadClass;org.apache.lucene.index.LeafMetaData;org.apache.lucene.index.SegmentReader.<init>;86;org.dacapo.harness.DacapoClassLoader;org.dacapo.harness.DacapoClassLoader
ClassLoader.loadClass;org.apache.lucene.index.LeafReader;org.dacapo.lusearch.Search.main;123;org.dacapo.harness.DacapoClassLoader;org.dacapo.harness.DacapoClassLoader
ClassLoader.loadClass;org.apache.lucene.index.LeafReaderContext;java.lang.Class.forName0;;org.dacapo.harness.DacapoClassLoader;org.dacapo.harness.DacapoClassLoader
ClassLoader.loadClass;org.apache.lucene.index.LiveIndexWriterConfig;org.apache.lucene.index.SegmentInfos.parseSegmentInfos;499;org.dacapo.harness.DacapoClassLoader;org.dacapo.harness.DacapoClassLoader
ClassLoader.loadClass;org.apache.lucene.index.MappedMultiFields;org.apache.lucene.codecs.lucene90.Lucene90PostingsFormat.<init>;395;org.dacapo.harness.DacapoClassLoader;org.dacapo.harness.DacapoClassLoader
ClassLoader.loadClass;org.apache.lucene.index.MergePolicy$MergeAbortedException;org.apache.lucene.index.SegmentInfos.parseSegmentInfos;499;org.dacapo.harness.DacapoClassLoader;org.dacapo.harness.DacapoClassLoader
ClassLoader.loadClass;org.apache.lucene.index.MergePolicy$MergeContext;java.lang.ClassLoader.defineClass1;;org.dacapo.harness.DacapoClassLoader;org.dacapo.harness.DacapoClassLoader
ClassLoader.loadClass;org.apache.lucene.index.MergePolicy$MergeException;org.apache.lucene.index.SegmentInfos.parseSegmentInfos;499;org.dacapo.harness.DacapoClassLoader;org.dacapo.harness.DacapoClassLoader
ClassLoader.loadClass;org.apache.lucene.index.MergePolicy$OneMerge;org.apache.lucene.index.SegmentInfos.parseSegmentInfos;499;org.dacapo.harness.DacapoClassLoader;org.dacapo.harness.DacapoClassLoader
ClassLoader.loadClass;org.apache.lucene.index.MergePolicy;org.apache.lucene.index.SegmentInfos.parseSegmentInfos;499;org.dacapo.harness.DacapoClassLoader;org.dacapo.harness.DacapoClassLoader
ClassLoader.loadClass;org.apache.lucene.index.MergeRateLimiter;java.lang.Class.forName0;;org.dacapo.harness.DacapoClassLoader;org.dacapo.harness.DacapoClassLoader
ClassLoader.loadClass;org.apache.lucene.index.MergeScheduler$MergeSource;org.apache.lucene.index.SegmentInfos.parseSegmentInfos;499;org.dacapo.harness.DacapoClassLoader;org.dacapo.harness.DacapoClassLoader
ClassLoader.loadClass;org.apache.lucene.index.MergeScheduler;java.lang.ClassLoader.defineClass1;;org.dacapo.harness.DacapoClassLoader;org.dacapo.harness.DacapoClassLoader
ClassLoader.loadClass;org.apache.lucene.index.NumericDocValues;org.apache.lucene.codecs.lucene90.Lucene90NormsFormat.normsProducer;96;org.dacapo.harness.DacapoClassLoader;org.dacapo.harness.DacapoClassLoader
ClassLoader.loadClass;org.apache.lucene.index.NumericDocValuesFieldUpdates;org.apache.lucene.index.SegmentInfos.parseSegmentInfos;499;org.dacapo.harness.DacapoClassLoader;org.dacapo.harness.DacapoClassLoader
ClassLoader.loadClass;org.apache.lucene.index.OneMergeWrappingMergePolicy;org.apache.lucene.index.SegmentInfos.parseSegmentInfos;499;org.dacapo.harness.DacapoClassLoader;org.dacapo.harness.DacapoClassLoader
ClassLoader.loadClass;org.apache.lucene.index.OrdTermState;java.lang.ClassLoader.defineClass1;;org.dacapo.harness.DacapoClassLoader;org.dacapo.harness.DacapoClassLoader
ClassLoader.loadClass;org.apache.lucene.index.PostingsEnum;org.apache.lucene.codecs.lucene90.Lucene90PostingsFormat.fieldsProducer;424;org.dacapo.harness.DacapoClassLoader;org.dacapo.harness.DacapoClassLoader
ClassLoader.loadClass;org.apache.lucene.index.ReaderUtil;org.apache.lucene.index.BaseCompositeReader.readerIndex;262;org.dacapo.harness.DacapoClassLoader;org.dacapo.harness.DacapoClassLoader
ClassLoader.loadClass;org.apache.lucene.index.SegmentCommitInfo;org.apache.lucene.index.SegmentInfos.parseSegmentInfos;446;org.dacapo.harness.DacapoClassLoader;org.dacapo.harness.DacapoClassLoader
ClassLoader.loadClass;org.apache.lucene.index.SegmentCoreReaders$1;org.apache.lucene.index.SegmentReader.<init>;92;org.dacapo.harness.DacapoClassLoader;org.dacapo.harness.DacapoClassLoader
ClassLoader.loadClass;org.apache.lucene.index.SegmentCoreReaders$2;org.apache.lucene.index.SegmentReader.<init>;92;org.dacapo.harness.DacapoClassLoader;org.dacapo.harness.DacapoClassLoader
ClassLoader.loadClass;org.apache.lucene.index.SegmentCoreReaders$3;org.apache.lucene.index.SegmentCoreReaders.<init>;206;org.dacapo.harness.DacapoClassLoader;org.dacapo.harness.DacapoClassLoader
ClassLoader.loadClass;org.apache.lucene.index.SegmentCoreReaders;org.apache.lucene.index.SegmentReader.<init>;92;org.dacapo.harness.DacapoClassLoader;org.dacapo.harness.DacapoClassLoader
ClassLoader.loadClass;org.apache.lucene.index.SegmentDocValues$1;org.apache.lucene.index.SegmentReader.<init>;93;org.dacapo.harness.DacapoClassLoader;org.dacapo.harness.DacapoClassLoader
ClassLoader.loadClass;org.apache.lucene.index.SegmentDocValues;org.apache.lucene.index.SegmentReader.<init>;93;org.dacapo.harness.DacapoClassLoader;org.dacapo.harness.DacapoClassLoader
ClassLoader.loadClass;org.apache.lucene.index.SegmentDocValuesProducer;java.lang.Class.forName0;;org.dacapo.harness.DacapoClassLoader;org.dacapo.harness.DacapoClassLoader
ClassLoader.loadClass;org.apache.lucene.index.SegmentInfo;org.apache.lucene.codecs.lucene90.Lucene90SegmentInfoFormat.parseSegmentInfo;159;org.dacapo.harness.DacapoClassLoader;org.dacapo.harness.DacapoClassLoader
ClassLoader.loadClass;org.apache.lucene.index.SegmentInfos$FindSegmentsFile;java.lang.ClassLoader.defineClass1;;org.dacapo.harness.DacapoClassLoader;org.dacapo.harness.DacapoClassLoader
ClassLoader.loadClass;org.apache.lucene.index.SegmentInfos;org.apache.lucene.index.SegmentInfos$FindSegmentsFile.run;802;org.dacapo.harness.DacapoClassLoader;org.dacapo.harness.DacapoClassLoader
ClassLoader.loadClass;org.apache.lucene.index.SegmentReadState;org.apache.lucene.index.SegmentCoreReaders.<init>;113;org.dacapo.harness.DacapoClassLoader;org.dacapo.harness.DacapoClassLoader
ClassLoader.loadClass;org.apache.lucene.index.SegmentReader$1;org.apache.lucene.index.SegmentReader.<init>;359;org.dacapo.harness.DacapoClassLoader;org.dacapo.harness.DacapoClassLoader
ClassLoader.loadClass;org.apache.lucene.index.SegmentReader$2;org.apache.lucene.index.SegmentReader.<init>;384;org.dacapo.harness.DacapoClassLoader;org.dacapo.harness.DacapoClassLoader
ClassLoader.loadClass;org.apache.lucene.index.SegmentReader$3;org.apache.lucene.index.SegmentReader.<clinit>;437;org.dacapo.harness.DacapoClassLoader;org.dacapo.harness.DacapoClassLoader
ClassLoader.loadClass;org.apache.lucene.index.SegmentReader;org.apache.lucene.index.DirectoryReader.open;60;org.dacapo.harness.DacapoClassLoader;org.dacapo.harness.DacapoClassLoader
ClassLoader.loadClass;org.apache.lucene.index.SlowImpactsEnum$1;org.apache.lucene.codecs.lucene90.Lucene90PostingsReader.impacts;280;org.dacapo.harness.DacapoClassLoader;org.dacapo.harness.DacapoClassLoader
ClassLoader.loadClass;org.apache.lucene.index.SlowImpactsEnum;org.apache.lucene.codecs.lucene90.Lucene90PostingsFormat.fieldsProducer;424;org.dacapo.harness.DacapoClassLoader;org.dacapo.harness.DacapoClassLoader
ClassLoader.loadClass;org.apache.lucene.index.StandardDirectoryReader$1;org.apache.lucene.index.StandardDirectoryReader.open;77;org.dacapo.harness.DacapoClassLoader;org.dacapo.harness.DacapoClassLoader
ClassLoader.loadClass;org.apache.lucene.index.StandardDirectoryReader$3;org.apache.lucene.index.StandardDirectoryReader.<init>;566;org.dacapo.harness.DacapoClassLoader;org.dacapo.harness.DacapoClassLoader
ClassLoader.loadClass;org.apache.lucene.index.StandardDirectoryReader$ReaderCommit;org.apache.lucene.index.DirectoryReader.open;60;org.dacapo.harness.DacapoClassLoader;org.dacapo.harness.DacapoClassLoader
ClassLoader.loadClass;org.apache.lucene.index.StandardDirectoryReader;org.apache.lucene.index.DirectoryReader.open;60;org.dacapo.harness.DacapoClassLoader;org.dacapo.harness.DacapoClassLoader
ClassLoader.loadClass;org.apache.lucene.index.StoredFieldVisitor$Status;org.apache.lucene.codecs.lucene90.compressing.Lucene90CompressingStoredFieldsReader$1.<clinit>;640;org.dacapo.harness.DacapoClassLoader;org.dacapo.harness.DacapoClassLoader
ClassLoader.loadClass;org.apache.lucene.index.StoredFieldVisitor;org.dacapo.lusearch.Search.main;123;org.dacapo.harness.DacapoClassLoader;org.dacapo.harness.DacapoClassLoader
ClassLoader.loadClass;org.apache.lucene.index.StoredFields;org.dacapo.lusearch.Search.main;123;org.dacapo.harness.DacapoClassLoader;org.dacapo.harness.DacapoClassLoader
ClassLoader.loadClass;org.apache.lucene.index.Term;org.apache.lucene.util.QueryBuilder.analyzeTerm;382;org.dacapo.harness.DacapoClassLoader;org.dacapo.harness.DacapoClassLoader
ClassLoader.loadClass;org.apache.lucene.index.TermState;java.lang.ClassLoader.defineClass1;;org.dacapo.harness.DacapoClassLoader;org.dacapo.harness.DacapoClassLoader
ClassLoader.loadClass;org.apache.lucene.index.TermStates$1;org.apache.lucene.search.TermQuery.createWeight;227;org.dacapo.harness.DacapoClassLoader;org.dacapo.harness.DacapoClassLoader
ClassLoader.loadClass;org.apache.lucene.index.TermStates;java.lang.Class.getDeclaredMethods0;;org.dacapo.harness.DacapoClassLoader;org.dacapo.harness.DacapoClassLoader
ClassLoader.loadClass;org.apache.lucene.index.TermVectors;org.dacapo.lusearch.Search.main;123;org.dacapo.harness.DacapoClassLoader;org.dacapo.harness.DacapoClassLoader
ClassLoader.loadClass;org.apache.lucene.index.Terms$1;org.apache.lucene.codecs.lucene90.blocktree.Lucene90BlockTreeTermsReader.<init>;208;org.dacapo.harness.DacapoClassLoader;org.dacapo.harness.DacapoClassLoader
ClassLoader.loadClass;org.apache.lucene.index.Terms$2;org.apache.lucene.codecs.lucene90.blocktree.Lucene90BlockTreeTermsReader.<init>;208;org.dacapo.harness.DacapoClassLoader;org.dacapo.harness.DacapoClassLoader
ClassLoader.loadClass;org.apache.lucene.index.Terms;java.lang.ClassLoader.defineClass1;;org.dacapo.harness.DacapoClassLoader;org.dacapo.harness.DacapoClassLoader
ClassLoader.loadClass;org.apache.lucene.index.TermsEnum$1;org.apache.lucene.codecs.lucene90.blocktree.FieldReader.iterator;153;org.dacapo.harness.DacapoClassLoader;org.dacapo.harness.DacapoClassLoader
ClassLoader.loadClass;org.apache.lucene.index.TermsEnum$SeekStatus;org.apache.lucene.codecs.lucene90.blocktree.SegmentTermsEnumFrame.scanToTermNonLeaf;745;org.dacapo.harness.DacapoClassLoader;org.dacapo.harness.DacapoClassLoader
ClassLoader.loadClass;org.apache.lucene.index.TermsEnum;org.apache.lucene.codecs.lucene90.blocktree.Lucene90BlockTreeTermsReader.<init>;208;org.dacapo.harness.DacapoClassLoader;org.dacapo.harness.DacapoClassLoader
ClassLoader.loadClass;org.apache.lucene.index.TwoPhaseCommit;java.lang.ClassLoader.defineClass1;;org.dacapo.harness.DacapoClassLoader;org.dacapo.harness.DacapoClassLoader
ClassLoader.loadClass;org.apache.lucene.index.VectorEncoding;org.apache.lucene.codecs.lucene94.Lucene94FieldInfosFormat.getVectorEncoding;266;org.dacapo.harness.DacapoClassLoader;org.dacapo.harness.DacapoClassLoader
ClassLoader.loadClass;org.apache.lucene.index.VectorSimilarityFunction$1;org.apache.lucene.codecs.lucene94.Lucene94FieldInfosFormat.getDistFunc;273;org.dacapo.harness.DacapoClassLoader;org.dacapo.harness.DacapoClassLoader
ClassLoader.loadClass;org.apache.lucene.index.VectorSimilarityFunction$2;org.apache.lucene.codecs.lucene94.Lucene94FieldInfosFormat.getDistFunc;273;org.dacapo.harness.DacapoClassLoader;org.dacapo.harness.DacapoClassLoader
ClassLoader.loadClass;org.apache.lucene.index.VectorSimilarityFunction$3;org.apache.lucene.codecs.lucene94.Lucene94FieldInfosFormat.getDistFunc;273;org.dacapo.harness.DacapoClassLoader;org.dacapo.harness.DacapoClassLoader
ClassLoader.loadClass;org.apache.lucene.index.VectorSimilarityFunction;org.apache.lucene.codecs.lucene94.Lucene94FieldInfosFormat.getDistFunc;273;org.dacapo.harness.DacapoClassLoader;org.dacapo.harness.DacapoClassLoader
ClassLoader.loadClass;org.apache.lucene.internal.tests.ConcurrentMergeSchedulerAccess;java.lang.Class.forName0;;org.dacapo.harness.DacapoClassLoader;org.dacapo.harness.DacapoClassLoader
ClassLoader.loadClass;org.apache.lucene.internal.tests.IndexPackageAccess$FieldInfosBuilder;org.apache.lucene.index.IndexWriter.<clinit>;6520;org.dacapo.harness.DacapoClassLoader;org.dacapo.harness.DacapoClassLoader
ClassLoader.loadClass;org.apache.lucene.internal.tests.IndexPackageAccess;org.apache.lucene.index.SegmentInfos.parseSegmentInfos;499;org.dacapo.harness.DacapoClassLoader;org.dacapo.harness.DacapoClassLoader
ClassLoader.loadClass;org.apache.lucene.internal.tests.IndexWriterAccess;org.apache.lucene.index.SegmentInfos.parseSegmentInfos;499;org.dacapo.harness.DacapoClassLoader;org.dacapo.harness.DacapoClassLoader
ClassLoader.loadClass;org.apache.lucene.internal.tests.SegmentReaderAccess;java.lang.Class.forName0;;org.dacapo.harness.DacapoClassLoader;org.dacapo.harness.DacapoClassLoader
ClassLoader.loadClass;org.apache.lucene.internal.tests.TestSecrets;org.apache.lucene.index.IndexWriter.<clinit>;6480;org.dacapo.harness.DacapoClassLoader;org.dacapo.harness.DacapoClassLoader
ClassLoader.loadClass;org.apache.lucene.queryparser.charstream.CharStream;org.dacapo.lusearch.Search$QueryProcessor.run;230;org.dacapo.harness.DacapoClassLoader;org.dacapo.harness.DacapoClassLoader
ClassLoader.loadClass;org.apache.lucene.queryparser.charstream.FastCharStream;org.apache.lucene.queryparser.classic.QueryParser.<init>;98;org.dacapo.harness.DacapoClassLoader;org.dacapo.harness.DacapoClassLoader
ClassLoader.loadClass;org.apache.lucene.queryparser.classic.ParseException;org.dacapo.lusearch.Search$QueryProcessor.run;230;org.dacapo.harness.DacapoClassLoader;org.dacapo.harness.DacapoClassLoader
ClassLoader.loadClass;org.apache.lucene.queryparser.classic.QueryParser$JJCalls;org.apache.lucene.queryparser.classic.QueryParser.<init>;801;org.dacapo.harness.DacapoClassLoader;org.dacapo.harness.DacapoClassLoader
ClassLoader.loadClass;org.apache.lucene.queryparser.classic.QueryParser$LookaheadSuccess;org.dacapo.lusearch.Search$QueryProcessor.run;230;org.dacapo.harness.DacapoClassLoader;org.dacapo.harness.DacapoClassLoader
ClassLoader.loadClass;org.apache.lucene.queryparser.classic.QueryParser$Operator;org.apache.lucene.queryparser.classic.QueryParserBase.<clinit>;78;org.dacapo.harness.DacapoClassLoader;org.dacapo.harness.DacapoClassLoader
ClassLoader.loadClass;org.apache.lucene.queryparser.classic.QueryParser;org.dacapo.lusearch.Search$QueryProcessor.run;230;org.dacapo.harness.DacapoClassLoader;org.dacapo.harness.DacapoClassLoader
ClassLoader.loadClass;org.apache.lucene.queryparser.classic.QueryParserBase;java.lang.ClassLoader.defineClass1;;org.dacapo.harness.DacapoClassLoader;org.dacapo.harness.DacapoClassLoader
ClassLoader.loadClass;org.apache.lucene.queryparser.classic.QueryParserConstants;java.lang.ClassLoader.defineClass1;;org.dacapo.harness.DacapoClassLoader;org.dacapo.harness.DacapoClassLoader
ClassLoader.loadClass;org.apache.lucene.queryparser.classic.QueryParserTokenManager;org.apache.lucene.queryparser.classic.QueryParser.<init>;807;org.dacapo.harness.DacapoClassLoader;org.dacapo.harness.DacapoClassLoader
ClassLoader.loadClass;org.apache.lucene.queryparser.classic.Token;org.apache.lucene.queryparser.classic.QueryParser.<init>;808;org.dacapo.harness.DacapoClassLoader;org.dacapo.harness.DacapoClassLoader
ClassLoader.loadClass;org.apache.lucene.queryparser.classic.TokenMgrError;org.dacapo.lusearch.Search$QueryProcessor.run;230;org.dacapo.harness.DacapoClassLoader;org.dacapo.harness.DacapoClassLoader
ClassLoader.loadClass;org.apache.lucene.queryparser.flexible.standard.CommonQueryParserConfiguration;java.lang.ClassLoader.defineClass1;;org.dacapo.harness.DacapoClassLoader;org.dacapo.harness.DacapoClassLoader
ClassLoader.loadClass;org.apache.lucene.search.AbstractMultiTermQueryConstantScoreWrapper;java.lang.ClassLoader.defineClass1;;org.dacapo.harness.DacapoClassLoader;org.dacapo.harness.DacapoClassLoader
ClassLoader.loadClass;org.apache.lucene.search.AutomatonQuery;java.lang.ClassLoader.defineClass1;;org.dacapo.harness.DacapoClassLoader;org.dacapo.harness.DacapoClassLoader
ClassLoader.loadClass;org.apache.lucene.search.BooleanClause$Occur$1;org.apache.lucene.queryparser.classic.QueryParserBase.newFieldQuery;467;org.dacapo.harness.DacapoClassLoader;org.dacapo.harness.DacapoClassLoader
ClassLoader.loadClass;org.apache.lucene.search.BooleanClause$Occur$2;org.apache.lucene.queryparser.classic.QueryParserBase.newFieldQuery;467;org.dacapo.harness.DacapoClassLoader;org.dacapo.harness.DacapoClassLoader
ClassLoader.loadClass;org.apache.lucene.search.BooleanClause$Occur$3;org.apache.lucene.queryparser.classic.QueryParserBase.newFieldQuery;467;org.dacapo.harness.DacapoClassLoader;org.dacapo.harness.DacapoClassLoader
ClassLoader.loadClass;org.apache.lucene.search.BooleanClause$Occur$4;org.apache.lucene.queryparser.classic.QueryParserBase.newFieldQuery;467;org.dacapo.harness.DacapoClassLoader;org.dacapo.harness.DacapoClassLoader
ClassLoader.loadClass;org.apache.lucene.search.BooleanClause$Occur;org.apache.lucene.queryparser.classic.QueryParserBase.newFieldQuery;467;org.dacapo.harness.DacapoClassLoader;org.dacapo.harness.DacapoClassLoader
ClassLoader.loadClass;org.apache.lucene.search.BooleanClause;org.apache.lucene.search.BooleanClause$Occur.<clinit>;28;org.dacapo.harness.DacapoClassLoader;org.dacapo.harness.DacapoClassLoader
ClassLoader.loadClass;org.apache.lucene.search.BooleanQuery;org.dacapo.lusearch.Search$QueryProcessor.run;230;org.dacapo.harness.DacapoClassLoader;org.dacapo.harness.DacapoClassLoader
ClassLoader.loadClass;org.apache.lucene.search.BoostAttribute;org.apache.lucene.util.QueryBuilder.analyzeTerm;375;org.dacapo.harness.DacapoClassLoader;org.dacapo.harness.DacapoClassLoader
ClassLoader.loadClass;org.apache.lucene.search.BoostAttributeImpl;java.lang.Class.forName0;;org.dacapo.harness.DacapoClassLoader;org.dacapo.harness.DacapoClassLoader
ClassLoader.loadClass;org.apache.lucene.search.BoostQuery;org.dacapo.lusearch.Search$QueryProcessor.run;230;org.dacapo.harness.DacapoClassLoader;org.dacapo.harness.DacapoClassLoader
ClassLoader.loadClass;org.apache.lucene.search.BulkScorer;org.dacapo.lusearch.Search.main;124;org.dacapo.harness.DacapoClassLoader;org.dacapo.harness.DacapoClassLoader
ClassLoader.loadClass;org.apache.lucene.search.CollectionStatistics;org.apache.lucene.search.IndexSearcher.collectionStatistics;993;org.dacapo.harness.DacapoClassLoader;org.dacapo.harness.DacapoClassLoader
ClassLoader.loadClass;org.apache.lucene.search.CollectionTerminatedException;org.dacapo.lusearch.Search.main;124;org.dacapo.harness.DacapoClassLoader;org.dacapo.harness.DacapoClassLoader
ClassLoader.loadClass;org.apache.lucene.search.Collector;org.dacapo.lusearch.Search$QueryThread.run;185;org.dacapo.harness.DacapoClassLoader;org.dacapo.harness.DacapoClassLoader
ClassLoader.loadClass;org.apache.lucene.search.CollectorManager;org.dacapo.lusearch.Search.main;124;org.dacapo.harness.DacapoClassLoader;org.dacapo.harness.DacapoClassLoader
ClassLoader.loadClass;org.apache.lucene.search.ConstantScoreQuery;org.dacapo.lusearch.Search.main;124;org.dacapo.harness.DacapoClassLoader;org.dacapo.harness.DacapoClassLoader
ClassLoader.loadClass;org.apache.lucene.search.ConstantScoreWeight;java.lang.ClassLoader.defineClass1;;org.dacapo.harness.DacapoClassLoader;org.dacapo.harness.DacapoClassLoader
ClassLoader.loadClass;org.apache.lucene.search.DocIdSet;org.apache.lucene.search.IndexSearcher.<clinit>;99;org.dacapo.harness.DacapoClassLoader;org.dacapo.harness.DacapoClassLoader
ClassLoader.loadClass;org.apache.lucene.search.DocIdSetIterator$1;org.apache.lucene.codecs.lucene90.Lucene90NormsProducer.getNorms;386;org.dacapo.harness.DacapoClassLoader;org.dacapo.harness.DacapoClassLoader
ClassLoader.loadClass;org.apache.lucene.search.DocIdSetIterator$2;org.apache.lucene.codecs.lucene90.Lucene90NormsProducer.getNorms;386;org.dacapo.harness.DacapoClassLoader;org.dacapo.harness.DacapoClassLoader
ClassLoader.loadClass;org.apache.lucene.search.DocIdSetIterator$3;org.apache.lucene.codecs.lucene90.Lucene90NormsProducer.getNorms;386;org.dacapo.harness.DacapoClassLoader;org.dacapo.harness.DacapoClassLoader
ClassLoader.loadClass;org.apache.lucene.search.DocIdSetIterator;java.lang.ClassLoader.defineClass1;;org.dacapo.harness.DacapoClassLoader;org.dacapo.harness.DacapoClassLoader
ClassLoader.loadClass;org.apache.lucene.search.DocValuesRewriteMethod$MultiTermQueryDocValuesWrapper;org.apache.lucene.search.MultiTermQuery.<clinit>;121;org.dacapo.harness.DacapoClassLoader;org.dacapo.harness.DacapoClassLoader
ClassLoader.loadClass;org.apache.lucene.search.DocValuesRewriteMethod;org.apache.lucene.queryparser.classic.QueryParserBase.<init>;85;org.dacapo.harness.DacapoClassLoader;org.dacapo.harness.DacapoClassLoader
ClassLoader.loadClass;org.apache.lucene.search.Explanation;org.apache.lucene.search.similarities.BM25Similarity.idfExplain;169;org.dacapo.harness.DacapoClassLoader;org.dacapo.harness.DacapoClassLoader
ClassLoader.loadClass;org.apache.lucene.search.FuzzyQuery;org.dacapo.lusearch.Search$QueryProcessor.run;230;org.dacapo.harness.DacapoClassLoader;org.dacapo.harness.DacapoClassLoader
ClassLoader.loadClass;org.apache.lucene.search.HitQueue;org.apache.lucene.search.IndexSearcher$1.newCollector;508;org.dacapo.harness.DacapoClassLoader;org.dacapo.harness.DacapoClassLoader
ClassLoader.loadClass;org.apache.lucene.search.HitsThresholdChecker$1;org.apache.lucene.search.IndexSearcher$1.<init>;500;org.dacapo.harness.DacapoClassLoader;org.dacapo.harness.DacapoClassLoader
ClassLoader.loadClass;org.apache.lucene.search.HitsThresholdChecker$GlobalHitsThresholdChecker;org.apache.lucene.search.IndexSearcher$1.<init>;500;org.dacapo.harness.DacapoClassLoader;org.dacapo.harness.DacapoClassLoader
ClassLoader.loadClass;org.apache.lucene.search.HitsThresholdChecker$LocalHitsThresholdChecker;org.apache.lucene.search.IndexSearcher$1.<init>;500;org.dacapo.harness.DacapoClassLoader;org.dacapo.harness.DacapoClassLoader
ClassLoader.loadClass;org.apache.lucene.search.HitsThresholdChecker;org.apache.lucene.search.IndexSearcher$1.<init>;500;org.dacapo.harness.DacapoClassLoader;org.dacapo.harness.DacapoClassLoader
ClassLoader.loadClass;org.apache.lucene.search.ImpactsDISI;org.apache.lucene.search.TermQuery$TermWeight.scorer;114;org.dacapo.harness.DacapoClassLoader;org.dacapo.harness.DacapoClassLoader
ClassLoader.loadClass;org.apache.lucene.search.IndexSearcher$1;org.apache.lucene.search.IndexSearcher.searchAfter;495;org.dacapo.harness.DacapoClassLoader;org.dacapo.harness.DacapoClassLoader
ClassLoader.loadClass;org.apache.lucene.search.IndexSearcher$3;org.dacapo.lusearch.Search.main;124;org.dacapo.harness.DacapoClassLoader;org.dacapo.harness.DacapoClassLoader
ClassLoader.loadClass;org.apache.lucene.search.IndexSearcher$TooManyClauses;org.dacapo.lusearch.Search$QueryProcessor.run;230;org.dacapo.harness.DacapoClassLoader;org.dacapo.harness.DacapoClassLoader
ClassLoader.loadClass;org.apache.lucene.search.IndexSearcher$TooManyNestedClauses;org.apache.lucene.search.IndexSearcher.getNumClausesCheckVisitor;823;org.dacapo.harness.DacapoClassLoader;org.dacapo.harness.DacapoClassLoader
ClassLoader.loadClass;org.apache.lucene.search.IndexSearcher;org.dacapo.lusearch.Search.main;124;org.dacapo.harness.DacapoClassLoader;org.dacapo.harness.DacapoClassLoader
ClassLoader.loadClass;org.apache.lucene.search.LRUQueryCache$CachingWrapperWeight;org.apache.lucene.search.IndexSearcher.<clinit>;99;org.dacapo.harness.DacapoClassLoader;org.dacapo.harness.DacapoClassLoader
ClassLoader.loadClass;org.apache.lucene.search.LRUQueryCache$MinSegmentSizePredicate;org.apache.lucene.search.LRUQueryCache.<init>;148;org.dacapo.harness.DacapoClassLoader;org.dacapo.harness.DacapoClassLoader
ClassLoader.loadClass;org.apache.lucene.search.LRUQueryCache;org.apache.lucene.search.IndexSearcher.<clinit>;99;org.dacapo.harness.DacapoClassLoader;org.dacapo.harness.DacapoClassLoader
ClassLoader.loadClass;org.apache.lucene.search.LeafCollector;org.apache.lucene.search.IndexSearcher.<clinit>;99;org.dacapo.harness.DacapoClassLoader;org.dacapo.harness.DacapoClassLoader
ClassLoader.loadClass;org.apache.lucene.search.LeafSimScorer;org.apache.lucene.search.TermQuery$TermWeight.scorer;111;org.dacapo.harness.DacapoClassLoader;org.dacapo.harness.DacapoClassLoader
ClassLoader.loadClass;org.apache.lucene.search.MatchAllDocsQuery;org.dacapo.lusearch.Search$QueryProcessor.run;230;org.dacapo.harness.DacapoClassLoader;org.dacapo.harness.DacapoClassLoader
ClassLoader.loadClass;org.apache.lucene.search.MatchesIterator;org.apache.lucene.search.TermQuery.createWeight;233;org.dacapo.harness.DacapoClassLoader;org.dacapo.harness.DacapoClassLoader
ClassLoader.loadClass;org.apache.lucene.search.MaxScoreAccumulator;org.apache.lucene.search.TopScoreDocCollector.<init>;293;org.dacapo.harness.DacapoClassLoader;org.dacapo.harness.DacapoClassLoader
ClassLoader.loadClass;org.apache.lucene.search.MaxScoreCache;org.apache.lucene.search.ImpactsDISI.<init>;51;org.dacapo.harness.DacapoClassLoader;org.dacapo.harness.DacapoClassLoader
ClassLoader.loadClass;org.apache.lucene.search.MultiPhraseQuery;org.dacapo.lusearch.Search$QueryProcessor.run;230;org.dacapo.harness.DacapoClassLoader;org.dacapo.harness.DacapoClassLoader
ClassLoader.loadClass;org.apache.lucene.search.MultiTermQuery$1;org.apache.lucene.queryparser.classic.QueryParserBase.<init>;85;org.dacapo.harness.DacapoClassLoader;org.dacapo.harness.DacapoClassLoader
ClassLoader.loadClass;org.apache.lucene.search.MultiTermQuery$2;org.apache.lucene.queryparser.classic.QueryParserBase.<init>;85;org.dacapo.harness.DacapoClassLoader;org.dacapo.harness.DacapoClassLoader
ClassLoader.loadClass;org.apache.lucene.search.MultiTermQuery$RewriteMethod;org.apache.lucene.queryparser.classic.QueryParserBase.<init>;85;org.dacapo.harness.DacapoClassLoader;org.dacapo.harness.DacapoClassLoader
ClassLoader.loadClass;org.apache.lucene.search.MultiTermQuery;java.lang.ClassLoader.defineClass1;;org.dacapo.harness.DacapoClassLoader;org.dacapo.harness.DacapoClassLoader
ClassLoader.loadClass;org.apache.lucene.search.MultiTermQueryConstantScoreBlendedWrapper;org.apache.lucene.search.MultiTermQuery.<clinit>;85;org.dacapo.harness.DacapoClassLoader;org.dacapo.harness.DacapoClassLoader
ClassLoader.loadClass;org.apache.lucene.search.MultiTermQueryConstantScoreWrapper;org.apache.lucene.search.MultiTermQuery.<clinit>;102;org.dacapo.harness.DacapoClassLoader;org.dacapo.harness.DacapoClassLoader
ClassLoader.loadClass;org.apache.lucene.search.PhraseQuery;org.dacapo.lusearch.Search$QueryProcessor.run;230;org.dacapo.harness.DacapoClassLoader;org.dacapo.harness.DacapoClassLoader
ClassLoader.loadClass;org.apache.lucene.search.PrefixQuery;org.dacapo.lusearch.Search$QueryProcessor.run;230;org.dacapo.harness.DacapoClassLoader;org.dacapo.harness.DacapoClassLoader
ClassLoader.loadClass;org.apache.lucene.search.Query;org.dacapo.lusearch.Search.main;124;org.dacapo.harness.DacapoClassLoader;org.dacapo.harness.DacapoClassLoader
ClassLoader.loadClass;org.apache.lucene.search.QueryCache;org.dacapo.lusearch.Search.main;124;org.dacapo.harness.DacapoClassLoader;org.dacapo.harness.DacapoClassLoader
ClassLoader.loadClass;org.apache.lucene.search.QueryCachingPolicy;org.dacapo.lusearch.Search.main;124;org.dacapo.harness.DacapoClassLoader;org.dacapo.harness.DacapoClassLoader
ClassLoader.loadClass;org.apache.lucene.search.QueryVisitor$1;org.apache.lucene.search.IndexSearcher.getNumClausesCheckVisitor;823;org.dacapo.harness.DacapoClassLoader;org.dacapo.harness.DacapoClassLoader
ClassLoader.loadClass;org.apache.lucene.search.QueryVisitor$2;org.apache.lucene.search.IndexSearcher.getNumClausesCheckVisitor;823;org.dacapo.harness.DacapoClassLoader;org.dacapo.harness.DacapoClassLoader
ClassLoader.loadClass;org.apache.lucene.search.QueryVisitor;org.apache.lucene.util.ArrayUtil.<clinit>;31;org.dacapo.harness.DacapoClassLoader;org.dacapo.harness.DacapoClassLoader
ClassLoader.loadClass;org.apache.lucene.search.QueueSizeBasedExecutor;org.dacapo.lusearch.Search.main;124;org.dacapo.harness.DacapoClassLoader;org.dacapo.harness.DacapoClassLoader
ClassLoader.loadClass;org.apache.lucene.search.RegexpQuery;org.dacapo.lusearch.Search$QueryProcessor.run;230;org.dacapo.harness.DacapoClassLoader;org.dacapo.harness.DacapoClassLoader
ClassLoader.loadClass;org.apache.lucene.search.Scorable;java.lang.ClassLoader.defineClass1;;org.dacapo.harness.DacapoClassLoader;org.dacapo.harness.DacapoClassLoader
ClassLoader.loadClass;org.apache.lucene.search.ScoreDoc;org.apache.lucene.search.TopDocs.<clinit>;32;org.dacapo.harness.DacapoClassLoader;org.dacapo.harness.DacapoClassLoader
ClassLoader.loadClass;org.apache.lucene.search.ScoreMode;java.lang.Class.getDeclaredMethods0;;org.dacapo.harness.DacapoClassLoader;org.dacapo.harness.DacapoClassLoader
ClassLoader.loadClass;org.apache.lucene.search.Scorer;org.apache.lucene.search.TermQuery.createWeight;233;org.dacapo.harness.DacapoClassLoader;org.dacapo.harness.DacapoClassLoader
ClassLoader.loadClass;org.apache.lucene.search.ScorerSupplier;org.apache.lucene.search.TermQuery.createWeight;233;org.dacapo.harness.DacapoClassLoader;org.dacapo.harness.DacapoClassLoader
ClassLoader.loadClass;org.apache.lucene.search.ScoringRewrite$1;org.apache.lucene.search.MultiTermQuery.<clinit>;132;org.dacapo.harness.DacapoClassLoader;org.dacapo.harness.DacapoClassLoader
ClassLoader.loadClass;org.apache.lucene.search.ScoringRewrite$2;org.apache.lucene.search.MultiTermQuery.<clinit>;132;org.dacapo.harness.DacapoClassLoader;org.dacapo.harness.DacapoClassLoader
ClassLoader.loadClass;org.apache.lucene.search.ScoringRewrite$ParallelArraysTermCollector;org.apache.lucene.search.MultiTermQuery.<clinit>;132;org.dacapo.harness.DacapoClassLoader;org.dacapo.harness.DacapoClassLoader
ClassLoader.loadClass;org.apache.lucene.search.ScoringRewrite;org.apache.lucene.queryparser.classic.QueryParserBase.<init>;85;org.dacapo.harness.DacapoClassLoader;org.dacapo.harness.DacapoClassLoader
ClassLoader.loadClass;org.apache.lucene.search.SegmentCacheable;java.lang.ClassLoader.defineClass1;;org.dacapo.harness.DacapoClassLoader;org.dacapo.harness.DacapoClassLoader
ClassLoader.loadClass;org.apache.lucene.search.SliceExecutor;org.dacapo.lusearch.Search.main;124;org.dacapo.harness.DacapoClassLoader;org.dacapo.harness.DacapoClassLoader
ClassLoader.loadClass;org.apache.lucene.search.Sort;org.apache.lucene.search.TopDocs.mergeAux;282;org.dacapo.harness.DacapoClassLoader;org.dacapo.harness.DacapoClassLoader
ClassLoader.loadClass;org.apache.lucene.search.SynonymQuery;org.dacapo.lusearch.Search$QueryProcessor.run;230;org.dacapo.harness.DacapoClassLoader;org.dacapo.harness.DacapoClassLoader
ClassLoader.loadClass;org.apache.lucene.search.TermCollectingRewrite$TermCollector;org.apache.lucene.search.MultiTermQuery.<clinit>;132;org.dacapo.harness.DacapoClassLoader;org.dacapo.harness.DacapoClassLoader
ClassLoader.loadClass;org.apache.lucene.search.TermCollectingRewrite;java.lang.ClassLoader.defineClass1;;org.dacapo.harness.DacapoClassLoader;org.dacapo.harness.DacapoClassLoader
ClassLoader.loadClass;org.apache.lucene.search.TermQuery$TermWeight;org.apache.lucene.util.QueryBuilder.newTermQuery;640;org.dacapo.harness.DacapoClassLoader;org.dacapo.harness.DacapoClassLoader
ClassLoader.loadClass;org.apache.lucene.search.TermQuery;org.dacapo.lusearch.Search$QueryProcessor.run;230;org.dacapo.harness.DacapoClassLoader;org.dacapo.harness.DacapoClassLoader
ClassLoader.loadClass;org.apache.lucene.search.TermRangeQuery;org.dacapo.lusearch.Search$QueryProcessor.run;230;org.dacapo.harness.DacapoClassLoader;org.dacapo.harness.DacapoClassLoader
ClassLoader.loadClass;org.apache.lucene.search.TermScorer;org.apache.lucene.search.TermQuery.createWeight;233;org.dacapo.harness.DacapoClassLoader;org.dacapo.harness.DacapoClassLoader
ClassLoader.loadClass;org.apache.lucene.search.TermStatistics;org.apache.lucene.search.IndexSearcher.termStatistics;967;org.dacapo.harness.DacapoClassLoader;org.dacapo.harness.DacapoClassLoader
ClassLoader.loadClass;org.apache.lucene.search.TimeLimitingBulkScorer$TimeExceededException;org.dacapo.lusearch.Search.main;124;org.dacapo.harness.DacapoClassLoader;org.dacapo.harness.DacapoClassLoader
ClassLoader.loadClass;org.apache.lucene.search.TimeLimitingBulkScorer;org.dacapo.lusearch.Search.main;124;org.dacapo.harness.DacapoClassLoader;org.dacapo.harness.DacapoClassLoader
ClassLoader.loadClass;org.apache.lucene.search.TopDocs$MergeSortQueue;org.apache.lucene.search.TopDocsCollector.<clinit>;38;org.dacapo.harness.DacapoClassLoader;org.dacapo.harness.DacapoClassLoader
ClassLoader.loadClass;org.apache.lucene.search.TopDocs$ScoreMergeSortQueue;org.apache.lucene.search.TopDocsCollector.<clinit>;38;org.dacapo.harness.DacapoClassLoader;org.dacapo.harness.DacapoClassLoader
ClassLoader.loadClass;org.apache.lucene.search.TopDocs$ShardRef;org.apache.lucene.search.TopDocs.mergeAux;303;org.dacapo.harness.DacapoClassLoader;org.dacapo.harness.DacapoClassLoader
ClassLoader.loadClass;org.apache.lucene.search.TopDocs;org.dacapo.lusearch.Search.main;124;org.dacapo.harness.DacapoClassLoader;org.dacapo.harness.DacapoClassLoader
ClassLoader.loadClass;org.apache.lucene.search.TopDocsCollector;org.dacapo.lusearch.Search$QueryThread.run;185;org.dacapo.harness.DacapoClassLoader;org.dacapo.harness.DacapoClassLoader
ClassLoader.loadClass;org.apache.lucene.search.TopFieldDocs;org.dacapo.lusearch.Search.main;124;org.dacapo.harness.DacapoClassLoader;org.dacapo.harness.DacapoClassLoader
ClassLoader.loadClass;org.apache.lucene.search.TopScoreDocCollector$PagingTopScoreDocCollector;org.apache.lucene.search.IndexSearcher$1.newCollector;508;org.dacapo.harness.DacapoClassLoader;org.dacapo.harness.DacapoClassLoader
ClassLoader.loadClass;org.apache.lucene.search.TopScoreDocCollector$ScorerLeafCollector;java.lang.ClassLoader.defineClass1;;org.dacapo.harness.DacapoClassLoader;org.dacapo.harness.DacapoClassLoader
ClassLoader.loadClass;org.apache.lucene.search.TopScoreDocCollector$SimpleTopScoreDocCollector$1;org.apache.lucene.search.TopScoreDocCollector$SimpleTopScoreDocCollector.getLeafCollector;60;org.dacapo.harness.DacapoClassLoader;org.dacapo.harness.DacapoClassLoader
ClassLoader.loadClass;org.apache.lucene.search.TopScoreDocCollector$SimpleTopScoreDocCollector;org.apache.lucene.search.IndexSearcher$1.newCollector;508;org.dacapo.harness.DacapoClassLoader;org.dacapo.harness.DacapoClassLoader
ClassLoader.loadClass;org.apache.lucene.search.TopScoreDocCollector;org.dacapo.lusearch.Search$QueryThread.run;185;org.dacapo.harness.DacapoClassLoader;org.dacapo.harness.DacapoClassLoader
ClassLoader.loadClass;org.apache.lucene.search.TotalHits$Relation;org.apache.lucene.search.TopDocsCollector.<clinit>;38;org.dacapo.harness.DacapoClassLoader;org.dacapo.harness.DacapoClassLoader
ClassLoader.loadClass;org.apache.lucene.search.TotalHits;org.apache.lucene.search.TopDocsCollector.<clinit>;38;org.dacapo.harness.DacapoClassLoader;org.dacapo.harness.DacapoClassLoader
ClassLoader.loadClass;org.apache.lucene.search.TwoPhaseIterator;org.apache.lucene.search.Weight$DefaultBulkScorer.scoreAll;300;org.dacapo.harness.DacapoClassLoader;org.dacapo.harness.DacapoClassLoader
ClassLoader.loadClass;org.apache.lucene.search.UsageTrackingQueryCachingPolicy;org.apache.lucene.search.IndexSearcher.<clinit>;87;org.dacapo.harness.DacapoClassLoader;org.dacapo.harness.DacapoClassLoader
ClassLoader.loadClass;org.apache.lucene.search.Weight$1;org.apache.lucene.search.TermQuery.createWeight;233;org.dacapo.harness.DacapoClassLoader;org.dacapo.harness.DacapoClassLoader
ClassLoader.loadClass;org.apache.lucene.search.Weight$DefaultBulkScorer;org.apache.lucene.search.TermQuery.createWeight;233;org.dacapo.harness.DacapoClassLoader;org.dacapo.harness.DacapoClassLoader
ClassLoader.loadClass;org.apache.lucene.search.Weight$StartDISIWrapper;org.apache.lucene.search.Weight.bulkScorer;174;org.dacapo.harness.DacapoClassLoader;org.dacapo.harness.DacapoClassLoader
ClassLoader.loadClass;org.apache.lucene.search.Weight;org.apache.lucene.search.IndexSearcher.<clinit>;99;org.dacapo.harness.DacapoClassLoader;org.dacapo.harness.DacapoClassLoader
ClassLoader.loadClass;org.apache.lucene.search.WildcardQuery;org.dacapo.lusearch.Search$QueryProcessor.run;230;org.dacapo.harness.DacapoClassLoader;org.dacapo.harness.DacapoClassLoader
ClassLoader.loadClass;org.apache.lucene.search.similarities.BM25Similarity$BM25Scorer;org.apache.lucene.search.IndexSearcher.<clinit>;132;org.dacapo.harness.DacapoClassLoader;org.dacapo.harness.DacapoClassLoader
ClassLoader.loadClass;org.apache.lucene.search.similarities.BM25Similarity;org.dacapo.lusearch.Search.main;124;org.dacapo.harness.DacapoClassLoader;org.dacapo.harness.DacapoClassLoader
ClassLoader.loadClass;org.apache.lucene.search.similarities.Similarity$SimScorer;org.apache.lucene.search.IndexSearcher.<clinit>;132;org.dacapo.harness.DacapoClassLoader;org.dacapo.harness.DacapoClassLoader
ClassLoader.loadClass;org.apache.lucene.search.similarities.Similarity;org.dacapo.lusearch.Search.main;124;org.dacapo.harness.DacapoClassLoader;org.dacapo.harness.DacapoClassLoader
ClassLoader.loadClass;org.apache.lucene.store.AlreadyClosedException;org.dacapo.lusearch.Search.main;123;org.dacapo.harness.DacapoClassLoader;org.dacapo.harness.DacapoClassLoader
ClassLoader.loadClass;org.apache.lucene.store.BaseDirectory;java.lang.ClassLoader.defineClass1;;org.dacapo.harness.DacapoClassLoader;org.dacapo.harness.DacapoClassLoader
ClassLoader.loadClass;org.apache.lucene.store.BufferedChecksum;org.apache.lucene.store.BufferedChecksumIndexInput.<init>;34;org.dacapo.harness.DacapoClassLoader;org.dacapo.harness.DacapoClassLoader
ClassLoader.loadClass;org.apache.lucene.store.BufferedChecksumIndexInput;org.dacapo.lusearch.Search.main;123;org.dacapo.harness.DacapoClassLoader;org.dacapo.harness.DacapoClassLoader
ClassLoader.loadClass;org.apache.lucene.store.ByteArrayDataInput;org.apache.lucene.codecs.lucene90.blocktree.FieldReader.<init>;84;org.dacapo.harness.DacapoClassLoader;org.dacapo.harness.DacapoClassLoader
ClassLoader.loadClass;org.apache.lucene.store.ByteBufferGuard$BufferCleaner;org.apache.lucene.store.MappedByteBufferIndexInputProvider.newBufferCleaner;194;org.dacapo.harness.DacapoClassLoader;org.dacapo.harness.DacapoClassLoader
ClassLoader.loadClass;org.apache.lucene.store.ByteBufferGuard;java.lang.Class.getDeclaringClass0;;org.dacapo.harness.DacapoClassLoader;org.dacapo.harness.DacapoClassLoader
ClassLoader.loadClass;org.apache.lucene.store.ByteBufferIndexInput$MultiBufferImpl;org.apache.lucene.store.MappedByteBufferIndexInputProvider.openInput;76;org.dacapo.harness.DacapoClassLoader;org.dacapo.harness.DacapoClassLoader
ClassLoader.loadClass;org.apache.lucene.store.ByteBufferIndexInput$SingleBufferImpl;org.apache.lucene.store.MappedByteBufferIndexInputProvider.openInput;76;org.dacapo.harness.DacapoClassLoader;org.dacapo.harness.DacapoClassLoader
ClassLoader.loadClass;org.apache.lucene.store.ByteBufferIndexInput;org.apache.lucene.store.MMapDirectory.lookupProvider;444;org.dacapo.harness.DacapoClassLoader;org.dacapo.harness.DacapoClassLoader
ClassLoader.loadClass;org.apache.lucene.store.ByteBuffersDataOutput;org.apache.lucene.codecs.lucene90.blocktree.FieldReader.<init>;90;org.dacapo.harness.DacapoClassLoader;org.dacapo.harness.DacapoClassLoader
ClassLoader.loadClass;org.apache.lucene.store.ChecksumIndexInput;org.dacapo.lusearch.Search.main;123;org.dacapo.harness.DacapoClassLoader;org.dacapo.harness.DacapoClassLoader
ClassLoader.loadClass;org.apache.lucene.store.DataInput;org.dacapo.lusearch.Search.main;123;org.dacapo.harness.DacapoClassLoader;org.dacapo.harness.DacapoClassLoader
ClassLoader.loadClass;org.apache.lucene.store.DataOutput;java.lang.ClassLoader.defineClass1;;org.dacapo.harness.DacapoClassLoader;org.dacapo.harness.DacapoClassLoader
ClassLoader.loadClass;org.apache.lucene.store.Directory;java.lang.Class.forName0;;org.dacapo.harness.DacapoClassLoader;org.dacapo.harness.DacapoClassLoader
ClassLoader.loadClass;org.apache.lucene.store.FSDirectory$FSIndexOutput;org.dacapo.lusearch.Search.main;123;org.dacapo.harness.DacapoClassLoader;org.dacapo.harness.DacapoClassLoader
ClassLoader.loadClass;org.apache.lucene.store.FSDirectory;java.lang.Class.forName0;;org.dacapo.harness.DacapoClassLoader;org.dacapo.harness.DacapoClassLoader
ClassLoader.loadClass;org.apache.lucene.store.FSLockFactory;org.dacapo.lusearch.Search.main;123;org.dacapo.harness.DacapoClassLoader;org.dacapo.harness.DacapoClassLoader
ClassLoader.loadClass;org.apache.lucene.store.FilterDirectory;java.lang.ClassLoader.defineClass1;;org.dacapo.harness.DacapoClassLoader;org.dacapo.harness.DacapoClassLoader
ClassLoader.loadClass;org.apache.lucene.store.IOContext$Context;org.apache.lucene.store.IOContext.<clinit>;55;org.dacapo.harness.DacapoClassLoader;org.dacapo.harness.DacapoClassLoader
ClassLoader.loadClass;org.apache.lucene.store.IOContext;org.apache.lucene.store.MMapDirectory.<clinit>;105;org.dacapo.harness.DacapoClassLoader;org.dacapo.harness.DacapoClassLoader
ClassLoader.loadClass;org.apache.lucene.store.IndexInput;org.dacapo.lusearch.Search.main;123;org.dacapo.harness.DacapoClassLoader;org.dacapo.harness.DacapoClassLoader
ClassLoader.loadClass;org.apache.lucene.store.IndexOutput;org.dacapo.lusearch.Search.main;123;org.dacapo.harness.DacapoClassLoader;org.dacapo.harness.DacapoClassLoader
ClassLoader.loadClass;org.apache.lucene.store.InputStreamDataInput;org.apache.lucene.codecs.lucene90.blocktree.FieldReader.<init>;90;org.dacapo.harness.DacapoClassLoader;org.dacapo.harness.DacapoClassLoader
ClassLoader.loadClass;org.apache.lucene.store.Lock;org.apache.lucene.store.FSLockFactory.getDefault;32;org.dacapo.harness.DacapoClassLoader;org.dacapo.harness.DacapoClassLoader
ClassLoader.loadClass;org.apache.lucene.store.LockFactory;org.dacapo.lusearch.Search.main;123;org.dacapo.harness.DacapoClassLoader;org.dacapo.harness.DacapoClassLoader
ClassLoader.loadClass;org.apache.lucene.store.LockObtainFailedException;org.apache.lucene.store.FSLockFactory.getDefault;32;org.dacapo.harness.DacapoClassLoader;org.dacapo.harness.DacapoClassLoader
ClassLoader.loadClass;org.apache.lucene.store.LockValidatingDirectoryWrapper;org.apache.lucene.index.SegmentInfos.parseSegmentInfos;499;org.dacapo.harness.DacapoClassLoader;org.dacapo.harness.DacapoClassLoader
ClassLoader.loadClass;org.apache.lucene.store.MMapDirectory$MMapIndexInputProvider;org.apache.lucene.store.FSDirectory.open;161;org.dacapo.harness.DacapoClassLoader;org.dacapo.harness.DacapoClassLoader
ClassLoader.loadClass;org.apache.lucene.store.MMapDirectory;org.dacapo.lusearch.Search.main;123;org.dacapo.harness.DacapoClassLoader;org.dacapo.harness.DacapoClassLoader
ClassLoader.loadClass;org.apache.lucene.store.MappedByteBufferIndexInputProvider;org.apache.lucene.store.MMapDirectory.lookupProvider;444;org.dacapo.harness.DacapoClassLoader;org.dacapo.harness.DacapoClassLoader
ClassLoader.loadClass;org.apache.lucene.store.NIOFSDirectory;org.dacapo.lusearch.Search.main;123;org.dacapo.harness.DacapoClassLoader;org.dacapo.harness.DacapoClassLoader
ClassLoader.loadClass;org.apache.lucene.store.NativeFSLockFactory$NativeFSLock;org.apache.lucene.store.FSLockFactory.getDefault;32;org.dacapo.harness.DacapoClassLoader;org.dacapo.harness.DacapoClassLoader
ClassLoader.loadClass;org.apache.lucene.store.NativeFSLockFactory;org.apache.lucene.store.FSDirectory.open;156;org.dacapo.harness.DacapoClassLoader;org.dacapo.harness.DacapoClassLoader
ClassLoader.loadClass;org.apache.lucene.store.OutputStreamDataOutput;org.apache.lucene.codecs.lucene90.blocktree.FieldReader.<init>;90;org.dacapo.harness.DacapoClassLoader;org.dacapo.harness.DacapoClassLoader
ClassLoader.loadClass;org.apache.lucene.store.OutputStreamIndexOutput;java.lang.ClassLoader.defineClass1;;org.dacapo.harness.DacapoClassLoader;org.dacapo.harness.DacapoClassLoader
ClassLoader.loadClass;org.apache.lucene.store.RandomAccessInput;java.lang.ClassLoader.defineClass1;;org.dacapo.harness.DacapoClassLoader;org.dacapo.harness.DacapoClassLoader
ClassLoader.loadClass;org.apache.lucene.store.RateLimiter;java.lang.Class.forName0;;org.dacapo.harness.DacapoClassLoader;org.dacapo.harness.DacapoClassLoader
ClassLoader.loadClass;org.apache.lucene.store.TrackingDirectoryWrapper;org.apache.lucene.index.SegmentInfos.parseSegmentInfos;499;org.dacapo.harness.DacapoClassLoader;org.dacapo.harness.DacapoClassLoader
ClassLoader.loadClass;org.apache.lucene.util.Accountable;java.lang.ClassLoader.defineClass1;;org.dacapo.harness.DacapoClassLoader;org.dacapo.harness.DacapoClassLoader
ClassLoader.loadClass;org.apache.lucene.util.ArrayUtil;org.apache.lucene.index.IndexWriter.<clinit>;249;org.dacapo.harness.DacapoClassLoader;org.dacapo.harness.DacapoClassLoader
ClassLoader.loadClass;org.apache.lucene.util.Attribute;java.lang.ClassLoader.defineClass1;;org.dacapo.harness.DacapoClassLoader;org.dacapo.harness.DacapoClassLoader
ClassLoader.loadClass;org.apache.lucene.util.AttributeFactory$1;org.apache.lucene.analysis.TokenStream.<clinit>;81;org.dacapo.harness.DacapoClassLoader;org.dacapo.harness.DacapoClassLoader
ClassLoader.loadClass;org.apache.lucene.util.AttributeFactory$DefaultAttributeFactory$1;org.apache.lucene.util.AttributeFactory.<clinit>;56;org.dacapo.harness.DacapoClassLoader;org.dacapo.harness.DacapoClassLoader
ClassLoader.loadClass;org.apache.lucene.util.AttributeFactory$DefaultAttributeFactory;org.apache.lucene.analysis.TokenStream.<clinit>;81;org.dacapo.harness.DacapoClassLoader;org.dacapo.harness.DacapoClassLoader
ClassLoader.loadClass;org.apache.lucene.util.AttributeFactory$StaticImplementationAttributeFactory;java.lang.ClassLoader.defineClass1;;org.dacapo.harness.DacapoClassLoader;org.dacapo.harness.DacapoClassLoader
ClassLoader.loadClass;org.apache.lucene.util.AttributeFactory;org.apache.lucene.analysis.TokenStream.<clinit>;81;org.dacapo.harness.DacapoClassLoader;org.dacapo.harness.DacapoClassLoader
ClassLoader.loadClass;org.apache.lucene.util.AttributeImpl;org.apache.lucene.util.AttributeFactory.<clinit>;49;org.dacapo.harness.DacapoClassLoader;org.dacapo.harness.DacapoClassLoader
ClassLoader.loadClass;org.apache.lucene.util.AttributeReflector;org.apache.lucene.analysis.standard.StandardAnalyzer.createComponents;86;org.dacapo.harness.DacapoClassLoader;org.dacapo.harness.DacapoClassLoader
ClassLoader.loadClass;org.apache.lucene.util.AttributeSource$2;org.apache.lucene.analysis.standard.StandardAnalyzer.createComponents;86;org.dacapo.harness.DacapoClassLoader;org.dacapo.harness.DacapoClassLoader
ClassLoader.loadClass;org.apache.lucene.util.AttributeSource$State;org.apache.lucene.util.AttributeSource.<init>;94;org.dacapo.harness.DacapoClassLoader;org.dacapo.harness.DacapoClassLoader
ClassLoader.loadClass;org.apache.lucene.util.AttributeSource;java.lang.ClassLoader.defineClass1;;org.dacapo.harness.DacapoClassLoader;org.dacapo.harness.DacapoClassLoader
ClassLoader.loadClass;org.apache.lucene.util.BitDocIdSet;org.apache.lucene.search.IndexSearcher.<clinit>;99;org.dacapo.harness.DacapoClassLoader;org.dacapo.harness.DacapoClassLoader
ClassLoader.loadClass;org.apache.lucene.util.BitSet;org.apache.lucene.search.IndexSearcher.<clinit>;99;org.dacapo.harness.DacapoClassLoader;org.dacapo.harness.DacapoClassLoader
ClassLoader.loadClass;org.apache.lucene.util.BitUtil;org.apache.lucene.codecs.lucene90.Lucene90PostingsReader.decodeTerm;219;org.dacapo.harness.DacapoClassLoader;org.dacapo.harness.DacapoClassLoader
ClassLoader.loadClass;org.apache.lucene.util.Bits;org.apache.lucene.index.SegmentInfos.parseSegmentInfos;499;org.dacapo.harness.DacapoClassLoader;org.dacapo.harness.DacapoClassLoader
ClassLoader.loadClass;org.apache.lucene.util.BytesRef;org.apache.lucene.codecs.lucene90.blocktree.Lucene90BlockTreeTermsWriter.<clinit>;550;org.dacapo.harness.DacapoClassLoader;org.dacapo.harness.DacapoClassLoader
ClassLoader.loadClass;org.apache.lucene.util.BytesRefBuilder;org.apache.lucene.analysis.tokenattributes.CharTermAttributeImpl.<init>;39;org.dacapo.harness.DacapoClassLoader;org.dacapo.harness.DacapoClassLoader
ClassLoader.loadClass;org.apache.lucene.util.BytesRefIterator;java.lang.ClassLoader.defineClass1;;org.dacapo.harness.DacapoClassLoader;org.dacapo.harness.DacapoClassLoader
ClassLoader.loadClass;org.apache.lucene.util.ClassLoaderUtils;org.apache.lucene.util.NamedSPILoader.<init>;49;org.dacapo.harness.DacapoClassLoader;org.dacapo.harness.DacapoClassLoader
ClassLoader.loadClass;org.apache.lucene.util.CloseableThreadLocal;org.apache.lucene.index.SegmentReader.<init>;92;org.dacapo.harness.DacapoClassLoader;org.dacapo.harness.DacapoClassLoader
ClassLoader.loadClass;org.apache.lucene.util.CollectionUtil;org.apache.lucene.codecs.lucene90.blocktree.Lucene90BlockTreeTermsReader.<init>;169;org.dacapo.harness.DacapoClassLoader;org.dacapo.harness.DacapoClassLoader
ClassLoader.loadClass;org.apache.lucene.util.Constants;org.apache.lucene.store.FSDirectory.open;161;org.dacapo.harness.DacapoClassLoader;org.dacapo.harness.DacapoClassLoader
ClassLoader.loadClass;org.apache.lucene.util.FixedBitSet;org.apache.lucene.search.IndexSearcher.<clinit>;99;org.dacapo.harness.DacapoClassLoader;org.dacapo.harness.DacapoClassLoader
ClassLoader.loadClass;org.apache.lucene.util.FrequencyTrackingRingBuffer$IntBag;java.lang.Class.getDeclaredFields0;;org.dacapo.harness.DacapoClassLoader;org.dacapo.harness.DacapoClassLoader
ClassLoader.loadClass;org.apache.lucene.util.FrequencyTrackingRingBuffer;org.apache.lucene.search.UsageTrackingQueryCachingPolicy.<init>;107;org.dacapo.harness.DacapoClassLoader;org.dacapo.harness.DacapoClassLoader
ClassLoader.loadClass;org.apache.lucene.util.IOUtils$IOConsumer;org.apache.lucene.index.StandardDirectoryReader.doClose;481;org.dacapo.harness.DacapoClassLoader;org.dacapo.harness.DacapoClassLoader
ClassLoader.loadClass;org.apache.lucene.util.IOUtils;java.lang.Class.getDeclaringClass0;;org.dacapo.harness.DacapoClassLoader;org.dacapo.harness.DacapoClassLoader
ClassLoader.loadClass;org.apache.lucene.util.LongValues$1;org.apache.lucene.codecs.lucene90.compressing.FieldsIndexReader.<init>;61;org.dacapo.harness.DacapoClassLoader;org.dacapo.harness.DacapoClassLoader
ClassLoader.loadClass;org.apache.lucene.util.LongValues$2;org.apache.lucene.codecs.lucene90.compressing.FieldsIndexReader.<init>;61;org.dacapo.harness.DacapoClassLoader;org.dacapo.harness.DacapoClassLoader
ClassLoader.loadClass;org.apache.lucene.util.LongValues;java.lang.ClassLoader.defineClass1;;org.dacapo.harness.DacapoClassLoader;org.dacapo.harness.DacapoClassLoader
ClassLoader.loadClass;org.apache.lucene.util.LongsRef;org.apache.lucene.codecs.lucene90.compressing.Lucene90CompressingStoredFieldsReader$BlockState.<init>;400;org.dacapo.harness.DacapoClassLoader;org.dacapo.harness.DacapoClassLoader
ClassLoader.loadClass;org.apache.lucene.util.MathUtil;org.apache.lucene.codecs.MultiLevelSkipListReader.loadSkipLevels;204;org.dacapo.harness.DacapoClassLoader;org.dacapo.harness.DacapoClassLoader
ClassLoader.loadClass;org.apache.lucene.util.NamedSPILoader$NamedSPI;java.lang.ClassLoader.defineClass1;;org.dacapo.harness.DacapoClassLoader;org.dacapo.harness.DacapoClassLoader
ClassLoader.loadClass;org.apache.lucene.util.NamedSPILoader;org.apache.lucene.codecs.Codec$Holder.<clinit>;45;org.dacapo.harness.DacapoClassLoader;org.dacapo.harness.DacapoClassLoader
ClassLoader.loadClass;org.apache.lucene.util.PriorityQueue;org.apache.lucene.search.IndexSearcher$1.newCollector;508;org.dacapo.harness.DacapoClassLoader;org.dacapo.harness.DacapoClassLoader
ClassLoader.loadClass;org.apache.lucene.util.QueryBuilder;java.lang.ClassLoader.defineClass1;;org.dacapo.harness.DacapoClassLoader;org.dacapo.harness.DacapoClassLoader
ClassLoader.loadClass;org.apache.lucene.util.RamUsageEstimator$RamUsageQueryVisitor;org.apache.lucene.util.ArrayUtil.<clinit>;31;org.dacapo.harness.DacapoClassLoader;org.dacapo.harness.DacapoClassLoader
ClassLoader.loadClass;org.apache.lucene.util.RamUsageEstimator;org.apache.lucene.util.ArrayUtil.<clinit>;31;org.dacapo.harness.DacapoClassLoader;org.dacapo.harness.DacapoClassLoader
ClassLoader.loadClass;org.apache.lucene.util.RefCount;org.apache.lucene.index.SegmentReader.<init>;93;org.dacapo.harness.DacapoClassLoader;org.dacapo.harness.DacapoClassLoader
ClassLoader.loadClass;org.apache.lucene.util.RoaringDocIdSet;org.apache.lucene.search.IndexSearcher.<clinit>;99;org.dacapo.harness.DacapoClassLoader;org.dacapo.harness.DacapoClassLoader
ClassLoader.loadClass;org.apache.lucene.util.SmallFloat;org.apache.lucene.search.similarities.BM25Similarity.<clinit>;127;org.dacapo.harness.DacapoClassLoader;org.dacapo.harness.DacapoClassLoader
ClassLoader.loadClass;org.apache.lucene.util.ThreadInterruptedException;org.apache.lucene.index.SegmentInfos.parseSegmentInfos;499;org.dacapo.harness.DacapoClassLoader;org.dacapo.harness.DacapoClassLoader
ClassLoader.loadClass;org.apache.lucene.util.UnicodeUtil;org.apache.lucene.util.BytesRefBuilder.copyChars;140;org.dacapo.harness.DacapoClassLoader;org.dacapo.harness.DacapoClassLoader
ClassLoader.loadClass;org.apache.lucene.util.Unwrappable;java.lang.ClassLoader.defineClass1;;org.dacapo.harness.DacapoClassLoader;org.dacapo.harness.DacapoClassLoader
ClassLoader.loadClass;org.apache.lucene.util.Version;org.apache.lucene.index.StandardDirectoryReader.open;67;org.dacapo.harness.DacapoClassLoader;org.dacapo.harness.DacapoClassLoader
ClassLoader.loadClass;org.apache.lucene.util.VirtualMethod$1;org.apache.lucene.search.Query.<clinit>;51;org.dacapo.harness.DacapoClassLoader;org.dacapo.harness.DacapoClassLoader
ClassLoader.loadClass;org.apache.lucene.util.VirtualMethod;org.apache.lucene.search.Query.<clinit>;51;org.dacapo.harness.DacapoClassLoader;org.dacapo.harness.DacapoClassLoader
ClassLoader.loadClass;org.apache.lucene.util.automaton.ByteRunAutomaton;org.apache.lucene.codecs.lucene90.blocktree.Lucene90BlockTreeTermsReader.<init>;208;org.dacapo.harness.DacapoClassLoader;org.dacapo.harness.DacapoClassLoader
ClassLoader.loadClass;org.apache.lucene.util.automaton.RunAutomaton;org.apache.lucene.codecs.lucene90.blocktree.Lucene90BlockTreeTermsReader.<init>;208;org.dacapo.harness.DacapoClassLoader;org.dacapo.harness.DacapoClassLoader
ClassLoader.loadClass;org.apache.lucene.util.compress.LZ4;org.apache.lucene.codecs.lucene90.blocktree.CompressionAlgorithm$3.read;45;org.dacapo.harness.DacapoClassLoader;org.dacapo.harness.DacapoClassLoader
ClassLoader.loadClass;org.apache.lucene.util.compress.LowercaseAsciiCompression;org.apache.lucene.codecs.lucene90.blocktree.CompressionAlgorithm$2.read;37;org.dacapo.harness.DacapoClassLoader;org.dacapo.harness.DacapoClassLoader
ClassLoader.loadClass;org.apache.lucene.util.fst.BitTableUtil;org.apache.lucene.util.fst.FST$Arc$BitTable.isBitSet;369;org.dacapo.harness.DacapoClassLoader;org.dacapo.harness.DacapoClassLoader
ClassLoader.loadClass;org.apache.lucene.util.fst.ByteSequenceOutputs;org.apache.lucene.codecs.lucene90.Lucene90PostingsFormat.fieldsProducer;427;org.dacapo.harness.DacapoClassLoader;org.dacapo.harness.DacapoClassLoader
ClassLoader.loadClass;org.apache.lucene.util.fst.BytesStore$1;org.apache.lucene.util.fst.FST.<init>;458;org.dacapo.harness.DacapoClassLoader;org.dacapo.harness.DacapoClassLoader
ClassLoader.loadClass;org.apache.lucene.util.fst.BytesStore$2;org.apache.lucene.util.fst.FST.<init>;458;org.dacapo.harness.DacapoClassLoader;org.dacapo.harness.DacapoClassLoader
ClassLoader.loadClass;org.apache.lucene.util.fst.BytesStore;org.apache.lucene.codecs.lucene90.blocktree.FieldReader.<init>;90;org.dacapo.harness.DacapoClassLoader;org.dacapo.harness.DacapoClassLoader
ClassLoader.loadClass;org.apache.lucene.util.fst.FST$Arc$BitTable;org.apache.lucene.util.fst.FST.findTargetArc;1455;org.dacapo.harness.DacapoClassLoader;org.dacapo.harness.DacapoClassLoader
ClassLoader.loadClass;org.apache.lucene.util.fst.FST$Arc;org.apache.lucene.codecs.lucene90.blocktree.SegmentTermsEnum.<init>;64;org.dacapo.harness.DacapoClassLoader;org.dacapo.harness.DacapoClassLoader
ClassLoader.loadClass;org.apache.lucene.util.fst.FST$BytesReader;org.apache.lucene.codecs.lucene90.blocktree.FieldReader.<init>;90;org.dacapo.harness.DacapoClassLoader;org.dacapo.harness.DacapoClassLoader
ClassLoader.loadClass;org.apache.lucene.util.fst.FST$INPUT_TYPE;java.lang.Class.getDeclaredFields0;;org.dacapo.harness.DacapoClassLoader;org.dacapo.harness.DacapoClassLoader
ClassLoader.loadClass;org.apache.lucene.util.fst.FST;org.apache.lucene.codecs.lucene90.blocktree.FieldReader.<init>;90;org.dacapo.harness.DacapoClassLoader;org.dacapo.harness.DacapoClassLoader
ClassLoader.loadClass;org.apache.lucene.util.fst.FSTStore;org.apache.lucene.codecs.lucene90.blocktree.Lucene90BlockTreeTermsReader.<init>;208;org.dacapo.harness.DacapoClassLoader;org.dacapo.harness.DacapoClassLoader
ClassLoader.loadClass;org.apache.lucene.util.fst.ForwardBytesReader;org.apache.lucene.util.fst.FST.<init>;458;org.dacapo.harness.DacapoClassLoader;org.dacapo.harness.DacapoClassLoader
ClassLoader.loadClass;org.apache.lucene.util.fst.OffHeapFSTStore;org.apache.lucene.codecs.lucene90.blocktree.FieldReader.<init>;90;org.dacapo.harness.DacapoClassLoader;org.dacapo.harness.DacapoClassLoader
ClassLoader.loadClass;org.apache.lucene.util.fst.Outputs;org.apache.lucene.codecs.lucene90.Lucene90PostingsFormat.fieldsProducer;427;org.dacapo.harness.DacapoClassLoader;org.dacapo.harness.DacapoClassLoader
ClassLoader.loadClass;org.apache.lucene.util.fst.ReverseBytesReader;org.apache.lucene.util.fst.FST.<init>;458;org.dacapo.harness.DacapoClassLoader;org.dacapo.harness.DacapoClassLoader
ClassLoader.loadClass;org.apache.lucene.util.fst.ReverseRandomAccessReader;org.apache.lucene.codecs.lucene90.blocktree.FieldReader.<init>;90;org.dacapo.harness.DacapoClassLoader;org.dacapo.harness.DacapoClassLoader
ClassLoader.loadClass;org.apache.lucene.util.packed.DirectMonotonicReader$Meta;org.apache.lucene.util.packed.DirectMonotonicReader.loadMeta;82;org.dacapo.harness.DacapoClassLoader;org.dacapo.harness.DacapoClassLoader
ClassLoader.loadClass;org.apache.lucene.util.packed.DirectMonotonicReader;org.apache.lucene.codecs.lucene90.compressing.FieldsIndexReader.<init>;61;org.dacapo.harness.DacapoClassLoader;org.dacapo.harness.DacapoClassLoader
ClassLoader.loadClass;org.apache.lucene.util.packed.DirectReader$1;org.apache.lucene.util.packed.DirectMonotonicReader.getInstance;112;org.dacapo.harness.DacapoClassLoader;org.dacapo.harness.DacapoClassLoader
ClassLoader.loadClass;org.apache.lucene.util.packed.DirectReader$DirectPackedReader12;org.apache.lucene.util.packed.DirectMonotonicReader.getInstance;112;org.dacapo.harness.DacapoClassLoader;org.dacapo.harness.DacapoClassLoader
ClassLoader.loadClass;org.apache.lucene.util.packed.DirectReader$DirectPackedReader16;org.apache.lucene.util.packed.DirectMonotonicReader.getInstance;112;org.dacapo.harness.DacapoClassLoader;org.dacapo.harness.DacapoClassLoader
ClassLoader.loadClass;org.apache.lucene.util.packed.DirectReader$DirectPackedReader1;org.apache.lucene.util.packed.DirectMonotonicReader.getInstance;112;org.dacapo.harness.DacapoClassLoader;org.dacapo.harness.DacapoClassLoader
ClassLoader.loadClass;org.apache.lucene.util.packed.DirectReader$DirectPackedReader20;org.apache.lucene.util.packed.DirectMonotonicReader.getInstance;112;org.dacapo.harness.DacapoClassLoader;org.dacapo.harness.DacapoClassLoader
ClassLoader.loadClass;org.apache.lucene.util.packed.DirectReader$DirectPackedReader24;org.apache.lucene.util.packed.DirectMonotonicReader.getInstance;112;org.dacapo.harness.DacapoClassLoader;org.dacapo.harness.DacapoClassLoader
ClassLoader.loadClass;org.apache.lucene.util.packed.DirectReader$DirectPackedReader28;org.apache.lucene.util.packed.DirectMonotonicReader.getInstance;112;org.dacapo.harness.DacapoClassLoader;org.dacapo.harness.DacapoClassLoader
ClassLoader.loadClass;org.apache.lucene.util.packed.DirectReader$DirectPackedReader2;org.apache.lucene.util.packed.DirectMonotonicReader.getInstance;112;org.dacapo.harness.DacapoClassLoader;org.dacapo.harness.DacapoClassLoader
ClassLoader.loadClass;org.apache.lucene.util.packed.DirectReader$DirectPackedReader32;org.apache.lucene.util.packed.DirectMonotonicReader.getInstance;112;org.dacapo.harness.DacapoClassLoader;org.dacapo.harness.DacapoClassLoader
ClassLoader.loadClass;org.apache.lucene.util.packed.DirectReader$DirectPackedReader40;org.apache.lucene.util.packed.DirectMonotonicReader.getInstance;112;org.dacapo.harness.DacapoClassLoader;org.dacapo.harness.DacapoClassLoader
ClassLoader.loadClass;org.apache.lucene.util.packed.DirectReader$DirectPackedReader48;org.apache.lucene.util.packed.DirectMonotonicReader.getInstance;112;org.dacapo.harness.DacapoClassLoader;org.dacapo.harness.DacapoClassLoader
ClassLoader.loadClass;org.apache.lucene.util.packed.DirectReader$DirectPackedReader4;org.apache.lucene.util.packed.DirectMonotonicReader.getInstance;112;org.dacapo.harness.DacapoClassLoader;org.dacapo.harness.DacapoClassLoader
ClassLoader.loadClass;org.apache.lucene.util.packed.DirectReader$DirectPackedReader56;org.apache.lucene.util.packed.DirectMonotonicReader.getInstance;112;org.dacapo.harness.DacapoClassLoader;org.dacapo.harness.DacapoClassLoader
ClassLoader.loadClass;org.apache.lucene.util.packed.DirectReader$DirectPackedReader64;org.apache.lucene.util.packed.DirectMonotonicReader.getInstance;112;org.dacapo.harness.DacapoClassLoader;org.dacapo.harness.DacapoClassLoader
ClassLoader.loadClass;org.apache.lucene.util.packed.DirectReader$DirectPackedReader8;org.apache.lucene.util.packed.DirectMonotonicReader.getInstance;112;org.dacapo.harness.DacapoClassLoader;org.dacapo.harness.DacapoClassLoader
ClassLoader.loadClass;org.apache.lucene.util.packed.DirectReader;org.apache.lucene.util.packed.DirectMonotonicReader.getInstance;112;org.dacapo.harness.DacapoClassLoader;org.dacapo.harness.DacapoClassLoader
ClassLoader.loadClass;org.apache.lucene.util.packed.Packed64;org.apache.lucene.codecs.lucene90.compressing.Lucene90CompressingStoredFieldsWriter.<clinit>;73;org.dacapo.harness.DacapoClassLoader;org.dacapo.harness.DacapoClassLoader
ClassLoader.loadClass;org.apache.lucene.util.packed.Packed64SingleBlock;org.apache.lucene.codecs.lucene90.compressing.Lucene90CompressingStoredFieldsWriter.<clinit>;73;org.dacapo.harness.DacapoClassLoader;org.dacapo.harness.DacapoClassLoader
ClassLoader.loadClass;org.apache.lucene.util.packed.PackedInts$Decoder;org.apache.lucene.codecs.lucene90.compressing.Lucene90CompressingStoredFieldsWriter.<clinit>;73;org.dacapo.harness.DacapoClassLoader;org.dacapo.harness.DacapoClassLoader
ClassLoader.loadClass;org.apache.lucene.util.packed.PackedInts$Encoder;org.apache.lucene.codecs.lucene90.compressing.Lucene90CompressingStoredFieldsWriter.<clinit>;73;org.dacapo.harness.DacapoClassLoader;org.dacapo.harness.DacapoClassLoader
ClassLoader.loadClass;org.apache.lucene.util.packed.PackedInts$Mutable;org.apache.lucene.codecs.lucene90.compressing.Lucene90CompressingStoredFieldsWriter.<clinit>;73;org.dacapo.harness.DacapoClassLoader;org.dacapo.harness.DacapoClassLoader
ClassLoader.loadClass;org.apache.lucene.util.packed.PackedInts$MutableImpl;java.lang.ClassLoader.defineClass1;;org.dacapo.harness.DacapoClassLoader;org.dacapo.harness.DacapoClassLoader
ClassLoader.loadClass;org.apache.lucene.util.packed.PackedInts$Reader;java.lang.ClassLoader.defineClass1;;org.dacapo.harness.DacapoClassLoader;org.dacapo.harness.DacapoClassLoader
ClassLoader.loadClass;org.apache.lucene.util.packed.PackedInts$ReaderIterator;org.apache.lucene.codecs.lucene90.compressing.Lucene90CompressingStoredFieldsWriter.<clinit>;73;org.dacapo.harness.DacapoClassLoader;org.dacapo.harness.DacapoClassLoader
ClassLoader.loadClass;org.apache.lucene.util.packed.PackedInts$Writer;org.apache.lucene.codecs.lucene90.compressing.Lucene90CompressingStoredFieldsWriter.<clinit>;73;org.dacapo.harness.DacapoClassLoader;org.dacapo.harness.DacapoClassLoader
ClassLoader.loadClass;org.apache.lucene.util.packed.PackedInts;org.apache.lucene.codecs.lucene90.compressing.Lucene90CompressingStoredFieldsWriter.<clinit>;73;org.dacapo.harness.DacapoClassLoader;org.dacapo.harness.DacapoClassLoader
ClassLoader.loadClass;org.apache.lucene.util.packed.PackedWriter;org.apache.lucene.codecs.lucene90.compressing.Lucene90CompressingStoredFieldsWriter.<clinit>;73;org.dacapo.harness.DacapoClassLoader;org.dacapo.harness.DacapoClassLoader
ClassLoader.loadClass;org.dacapo.harness.Benchmark;org.dacapo.harness.TestHarness.main;108;jdk.internal.loader.ClassLoaders$AppClassLoader;jdk.internal.loader.ClassLoaders$AppClassLoader
ClassLoader.loadClass;org.dacapo.harness.Callback$1;org.dacapo.harness.Callback.init;80;jdk.internal.loader.ClassLoaders$AppClassLoader;jdk.internal.loader.ClassLoaders$AppClassLoader
ClassLoader.loadClass;org.dacapo.harness.Callback$Mode;org.dacapo.harness.Callback.init;83;jdk.internal.loader.ClassLoaders$AppClassLoader;jdk.internal.loader.ClassLoaders$AppClassLoader
ClassLoader.loadClass;org.dacapo.harness.Callback;org.dacapo.harness.CommandLineArgs.defineCallback;460;jdk.internal.loader.ClassLoaders$AppClassLoader;jdk.internal.loader.ClassLoaders$AppClassLoader
ClassLoader.loadClass;org.dacapo.harness.CommandLineArgs$Methodology;org.dacapo.harness.CommandLineArgs.getMethodology;311;jdk.internal.loader.ClassLoaders$AppClassLoader;jdk.internal.loader.ClassLoaders$AppClassLoader
ClassLoader.loadClass;org.dacapo.harness.CommandLineArgs;org.dacapo.harness.TestHarness.main;101;jdk.internal.loader.ClassLoaders$AppClassLoader;jdk.internal.loader.ClassLoaders$AppClassLoader
ClassLoader.loadClass;org.dacapo.harness.DacapoClassLoader;org.dacapo.harness.TestHarness.main;108;jdk.internal.loader.ClassLoaders$AppClassLoader;jdk.internal.loader.ClassLoaders$AppClassLoader
ClassLoader.loadClass;org.dacapo.harness.DacapoException;org.dacapo.harness.TestHarness.main;108;jdk.internal.loader.ClassLoaders$AppClassLoader;jdk.internal.loader.ClassLoaders$AppClassLoader
ClassLoader.loadClass;org.dacapo.harness.Data;org.dacapo.harness.TestHarness.main;105;jdk.internal.loader.ClassLoaders$AppClassLoader;jdk.internal.loader.ClassLoaders$AppClassLoader
ClassLoader.loadClass;org.dacapo.harness.Digest;org.dacapo.harness.FileDigest.getText;84;jdk.internal.loader.ClassLoaders$AppClassLoader;jdk.internal.loader.ClassLoaders$AppClassLoader
ClassLoader.loadClass;org.dacapo.harness.FileDigest;org.dacapo.harness.Benchmark.validate;640;jdk.internal.loader.ClassLoaders$AppClassLoader;jdk.internal.loader.ClassLoaders$AppClassLoader
ClassLoader.loadClass;org.dacapo.harness.LatencyReporter;org.dacapo.lusearch.Search.main;119;org.dacapo.harness.DacapoClassLoader;jdk.internal.loader.ClassLoaders$AppClassLoader
ClassLoader.loadClass;org.dacapo.harness.Lusearch;java.lang.Class.forName0;;jdk.internal.loader.ClassLoaders$AppClassLoader;jdk.internal.loader.ClassLoaders$AppClassLoader
ClassLoader.loadClass;org.dacapo.harness.TeeOutputStream;org.dacapo.harness.Benchmark.initialize;316;jdk.internal.loader.ClassLoaders$AppClassLoader;jdk.internal.loader.ClassLoaders$AppClassLoader
ClassLoader.loadClass;org.dacapo.harness.TeePrintStream;org.dacapo.harness.TestHarness.main;108;jdk.internal.loader.ClassLoaders$AppClassLoader;jdk.internal.loader.ClassLoaders$AppClassLoader
ClassLoader.loadClass;org.dacapo.harness.TestHarness;Harness.main;35;java.net.FactoryURLClassLoader;jdk.internal.loader.ClassLoaders$AppClassLoader
ClassLoader.loadClass;org.dacapo.lusearch.Search$QueryProcessor;org.dacapo.lusearch.Search$QueryThread.run;185;org.dacapo.harness.DacapoClassLoader;org.dacapo.harness.DacapoClassLoader
ClassLoader.loadClass;org.dacapo.lusearch.Search$QueryThread;org.dacapo.lusearch.Search.main;127;org.dacapo.harness.DacapoClassLoader;org.dacapo.harness.DacapoClassLoader
ClassLoader.loadClass;org.dacapo.lusearch.Search;java.lang.Class.forName0;;org.dacapo.harness.DacapoClassLoader;org.dacapo.harness.DacapoClassLoader
ClassLoader.loadClass;org.dacapo.parser.Config$1;org.dacapo.parser.Config.getThreadCount;736;jdk.internal.loader.ClassLoaders$AppClassLoader;jdk.internal.loader.ClassLoaders$AppClassLoader
ClassLoader.loadClass;org.dacapo.parser.Config$OutputFile;org.dacapo.parser.Config$Size.addOutputFile;133;jdk.internal.loader.ClassLoaders$AppClassLoader;jdk.internal.loader.ClassLoaders$AppClassLoader
ClassLoader.loadClass;org.dacapo.parser.Config$Size;org.dacapo.parser.Config.addSize;327;jdk.internal.loader.ClassLoaders$AppClassLoader;jdk.internal.loader.ClassLoaders$AppClassLoader
ClassLoader.loadClass;org.dacapo.parser.Config$ThreadModel;org.dacapo.parser.ConfigFile.threadModel;387;jdk.internal.loader.ClassLoaders$AppClassLoader;jdk.internal.loader.ClassLoaders$AppClassLoader
ClassLoader.loadClass;org.dacapo.parser.Config;org.dacapo.harness.TestHarness.main;110;jdk.internal.loader.ClassLoaders$AppClassLoader;jdk.internal.loader.ClassLoaders$AppClassLoader
ClassLoader.loadClass;org.dacapo.parser.ConfigFile;org.dacapo.parser.Config.parse;213;jdk.internal.loader.ClassLoaders$AppClassLoader;jdk.internal.loader.ClassLoaders$AppClassLoader
ClassLoader.loadClass;org.dacapo.parser.ConfigFileConstants;java.lang.ClassLoader.defineClass1;;jdk.internal.loader.ClassLoaders$AppClassLoader;jdk.internal.loader.ClassLoaders$AppClassLoader
ClassLoader.loadClass;org.dacapo.parser.ConfigFileTokenManager;org.dacapo.parser.ConfigFile.<init>;531;jdk.internal.loader.ClassLoaders$AppClassLoader;jdk.internal.loader.ClassLoaders$AppClassLoader
ClassLoader.loadClass;org.dacapo.parser.ParseException;org.dacapo.harness.TestHarness.main;110;jdk.internal.loader.ClassLoaders$AppClassLoader;jdk.internal.loader.ClassLoaders$AppClassLoader
ClassLoader.loadClass;org.dacapo.parser.SimpleCharStream;org.dacapo.parser.ConfigFile.<init>;530;jdk.internal.loader.ClassLoaders$AppClassLoader;jdk.internal.loader.ClassLoaders$AppClassLoader
ClassLoader.loadClass;org.dacapo.parser.Token;org.dacapo.parser.ConfigFile.<init>;532;jdk.internal.loader.ClassLoaders$AppClassLoader;jdk.internal.loader.ClassLoaders$AppClassLoader
ClassLoader.loadClass;org.dacapo.parser.TokenMgrError;org.dacapo.parser.ConfigFile.<init>;531;jdk.internal.loader.ClassLoaders$AppClassLoader;jdk.internal.loader.ClassLoaders$AppClassLoader
ClassLoader.loadClass;sun.misc.Unsafe;java.lang.Class.forName0;;org.dacapo.harness.DacapoClassLoader;BootstrapClassLoader
