ClassLoader.loadClass;Harness;java.lang.Class.forName0;;jdk.internal.loader.ClassLoaders$AppClassLoader;jdk.internal.loader.ClassLoaders$AppClassLoader
ClassLoader.loadClass;com.beust.jcommander.DefaultUsageFormatter;com.beust.jcommander.JCommander.<init>;116;org.dacapo.harness.DacapoClassLoader;org.dacapo.harness.DacapoClassLoader
ClassLoader.loadClass;com.beust.jcommander.DynamicParameter;com.beust.jcommander.Parameterized.parseArg;108;org.dacapo.harness.DacapoClassLoader;org.dacapo.harness.DacapoClassLoader
ClassLoader.loadClass;com.beust.jcommander.FuzzyMap$IKey;com.google.zxing.client.j2se.CommandLineRunner.main;52;org.dacapo.harness.DacapoClassLoader;org.dacapo.harness.DacapoClassLoader
ClassLoader.loadClass;com.beust.jcommander.FuzzyMap;com.beust.jcommander.JCommander.findProgramName;1494;org.dacapo.harness.DacapoClassLoader;org.dacapo.harness.DacapoClassLoader
ClassLoader.loadClass;com.beust.jcommander.IParameterValidator2;com.beust.jcommander.ParameterDescription.validateParameter;378;org.dacapo.harness.DacapoClassLoader;org.dacapo.harness.DacapoClassLoader
ClassLoader.loadClass;com.beust.jcommander.IParameterValidator;java.lang.ClassLoader.defineClass1;;org.dacapo.harness.DacapoClassLoader;org.dacapo.harness.DacapoClassLoader
ClassLoader.loadClass;com.beust.jcommander.IParameterizedParser;com.google.zxing.client.j2se.CommandLineRunner.main;52;org.dacapo.harness.DacapoClassLoader;org.dacapo.harness.DacapoClassLoader
ClassLoader.loadClass;com.beust.jcommander.IStringConverter;com.google.zxing.client.j2se.CommandLineRunner.main;52;org.dacapo.harness.DacapoClassLoader;org.dacapo.harness.DacapoClassLoader
ClassLoader.loadClass;com.beust.jcommander.IStringConverterFactory;com.google.zxing.client.j2se.CommandLineRunner.main;52;org.dacapo.harness.DacapoClassLoader;org.dacapo.harness.DacapoClassLoader
ClassLoader.loadClass;com.beust.jcommander.IStringConverterInstanceFactory;com.google.zxing.client.j2se.CommandLineRunner.main;52;org.dacapo.harness.DacapoClassLoader;org.dacapo.harness.DacapoClassLoader
ClassLoader.loadClass;com.beust.jcommander.IUsageFormatter;com.google.zxing.client.j2se.CommandLineRunner.main;52;org.dacapo.harness.DacapoClassLoader;org.dacapo.harness.DacapoClassLoader
ClassLoader.loadClass;com.beust.jcommander.IValueValidator;java.lang.ClassLoader.defineClass1;;org.dacapo.harness.DacapoClassLoader;org.dacapo.harness.DacapoClassLoader
ClassLoader.loadClass;com.beust.jcommander.IVariableArity;com.google.zxing.client.j2se.CommandLineRunner.main;52;org.dacapo.harness.DacapoClassLoader;org.dacapo.harness.DacapoClassLoader
ClassLoader.loadClass;com.beust.jcommander.JCommander$1;com.beust.jcommander.JCommander.addConverterFactory;1262;org.dacapo.harness.DacapoClassLoader;org.dacapo.harness.DacapoClassLoader
ClassLoader.loadClass;com.beust.jcommander.JCommander$DefaultVariableArity;com.beust.jcommander.JCommander.<init>;847;org.dacapo.harness.DacapoClassLoader;org.dacapo.harness.DacapoClassLoader
ClassLoader.loadClass;com.beust.jcommander.JCommander$MainParameter;com.beust.jcommander.JCommander.addDescription;623;org.dacapo.harness.DacapoClassLoader;org.dacapo.harness.DacapoClassLoader
ClassLoader.loadClass;com.beust.jcommander.JCommander$Options$1;com.beust.jcommander.JCommander$Options.<init>;178;org.dacapo.harness.DacapoClassLoader;org.dacapo.harness.DacapoClassLoader
ClassLoader.loadClass;com.beust.jcommander.JCommander$Options;com.beust.jcommander.JCommander.<init>;223;org.dacapo.harness.DacapoClassLoader;org.dacapo.harness.DacapoClassLoader
ClassLoader.loadClass;com.beust.jcommander.JCommander$ProgramName;com.beust.jcommander.JCommander.setProgramName;1022;org.dacapo.harness.DacapoClassLoader;org.dacapo.harness.DacapoClassLoader
ClassLoader.loadClass;com.beust.jcommander.JCommander;com.google.zxing.client.j2se.CommandLineRunner.main;52;org.dacapo.harness.DacapoClassLoader;org.dacapo.harness.DacapoClassLoader
ClassLoader.loadClass;com.beust.jcommander.MissingCommandException;com.google.zxing.client.j2se.CommandLineRunner.main;52;org.dacapo.harness.DacapoClassLoader;org.dacapo.harness.DacapoClassLoader
ClassLoader.loadClass;com.beust.jcommander.Parameter;com.beust.jcommander.Parameterized.parseArg;106;org.dacapo.harness.DacapoClassLoader;org.dacapo.harness.DacapoClassLoader
ClassLoader.loadClass;com.beust.jcommander.ParameterDescription;com.beust.jcommander.JCommander.addDescription;630;org.dacapo.harness.DacapoClassLoader;org.dacapo.harness.DacapoClassLoader
ClassLoader.loadClass;com.beust.jcommander.ParameterException;com.google.zxing.client.j2se.CommandLineRunner.main;52;org.dacapo.harness.DacapoClassLoader;org.dacapo.harness.DacapoClassLoader
ClassLoader.loadClass;com.beust.jcommander.Parameterized;com.beust.jcommander.parser.DefaultParameterizedParser.parseArg;23;org.dacapo.harness.DacapoClassLoader;org.dacapo.harness.DacapoClassLoader
ClassLoader.loadClass;com.beust.jcommander.Parameters;com.beust.jcommander.ParameterDescription.findResourceBundle;76;org.dacapo.harness.DacapoClassLoader;org.dacapo.harness.DacapoClassLoader
ClassLoader.loadClass;com.beust.jcommander.ParametersDelegate;com.beust.jcommander.Parameterized.parseArg;107;org.dacapo.harness.DacapoClassLoader;org.dacapo.harness.DacapoClassLoader
ClassLoader.loadClass;com.beust.jcommander.ResourceBundle;com.beust.jcommander.ParameterDescription.findResourceBundle;80;org.dacapo.harness.DacapoClassLoader;org.dacapo.harness.DacapoClassLoader
ClassLoader.loadClass;com.beust.jcommander.StringKey;com.beust.jcommander.JCommander.addDescription;633;org.dacapo.harness.DacapoClassLoader;org.dacapo.harness.DacapoClassLoader
ClassLoader.loadClass;com.beust.jcommander.Strings;com.beust.jcommander.JCommander.parse;358;org.dacapo.harness.DacapoClassLoader;org.dacapo.harness.DacapoClassLoader
ClassLoader.loadClass;com.beust.jcommander.WrappedParameter;com.beust.jcommander.Parameterized.parseArg;110;org.dacapo.harness.DacapoClassLoader;org.dacapo.harness.DacapoClassLoader
ClassLoader.loadClass;com.beust.jcommander.converters.BaseConverter;java.lang.ClassLoader.defineClass1;;org.dacapo.harness.DacapoClassLoader;org.dacapo.harness.DacapoClassLoader
ClassLoader.loadClass;com.beust.jcommander.converters.BigDecimalConverter;com.beust.jcommander.internal.DefaultConverterFactory.<clinit>;65;org.dacapo.harness.DacapoClassLoader;org.dacapo.harness.DacapoClassLoader
ClassLoader.loadClass;com.beust.jcommander.converters.BooleanConverter;com.beust.jcommander.internal.DefaultConverterFactory.<clinit>;62;org.dacapo.harness.DacapoClassLoader;org.dacapo.harness.DacapoClassLoader
ClassLoader.loadClass;com.beust.jcommander.converters.CommaParameterSplitter;java.lang.Class.forName0;;org.dacapo.harness.DacapoClassLoader;org.dacapo.harness.DacapoClassLoader
ClassLoader.loadClass;com.beust.jcommander.converters.DoubleConverter;com.beust.jcommander.internal.DefaultConverterFactory.<clinit>;60;org.dacapo.harness.DacapoClassLoader;org.dacapo.harness.DacapoClassLoader
ClassLoader.loadClass;com.beust.jcommander.converters.FileConverter;com.beust.jcommander.internal.DefaultConverterFactory.<clinit>;64;org.dacapo.harness.DacapoClassLoader;org.dacapo.harness.DacapoClassLoader
ClassLoader.loadClass;com.beust.jcommander.converters.FloatConverter;com.beust.jcommander.internal.DefaultConverterFactory.<clinit>;58;org.dacapo.harness.DacapoClassLoader;org.dacapo.harness.DacapoClassLoader
ClassLoader.loadClass;com.beust.jcommander.converters.IParameterSplitter;java.lang.ClassLoader.defineClass1;;org.dacapo.harness.DacapoClassLoader;org.dacapo.harness.DacapoClassLoader
ClassLoader.loadClass;com.beust.jcommander.converters.ISO8601DateConverter;com.beust.jcommander.internal.DefaultConverterFactory.<clinit>;66;org.dacapo.harness.DacapoClassLoader;org.dacapo.harness.DacapoClassLoader
ClassLoader.loadClass;com.beust.jcommander.converters.IntegerConverter;com.beust.jcommander.internal.DefaultConverterFactory.<clinit>;54;org.dacapo.harness.DacapoClassLoader;org.dacapo.harness.DacapoClassLoader
ClassLoader.loadClass;com.beust.jcommander.converters.LongConverter;com.beust.jcommander.internal.DefaultConverterFactory.<clinit>;56;org.dacapo.harness.DacapoClassLoader;org.dacapo.harness.DacapoClassLoader
ClassLoader.loadClass;com.beust.jcommander.converters.NoConverter;java.lang.Class.forName0;;org.dacapo.harness.DacapoClassLoader;org.dacapo.harness.DacapoClassLoader
ClassLoader.loadClass;com.beust.jcommander.converters.PathConverter;com.beust.jcommander.internal.DefaultConverterFactory.<clinit>;71;org.dacapo.harness.DacapoClassLoader;org.dacapo.harness.DacapoClassLoader
ClassLoader.loadClass;com.beust.jcommander.converters.StringConverter;com.beust.jcommander.internal.DefaultConverterFactory.<clinit>;53;org.dacapo.harness.DacapoClassLoader;org.dacapo.harness.DacapoClassLoader
ClassLoader.loadClass;com.beust.jcommander.converters.URIConverter;com.beust.jcommander.internal.DefaultConverterFactory.<clinit>;67;org.dacapo.harness.DacapoClassLoader;org.dacapo.harness.DacapoClassLoader
ClassLoader.loadClass;com.beust.jcommander.converters.URLConverter;com.beust.jcommander.internal.DefaultConverterFactory.<clinit>;68;org.dacapo.harness.DacapoClassLoader;org.dacapo.harness.DacapoClassLoader
ClassLoader.loadClass;com.beust.jcommander.internal.Console;com.google.zxing.client.j2se.CommandLineRunner.main;52;org.dacapo.harness.DacapoClassLoader;org.dacapo.harness.DacapoClassLoader
ClassLoader.loadClass;com.beust.jcommander.internal.DefaultConverterFactory;com.beust.jcommander.JCommander.<init>;215;org.dacapo.harness.DacapoClassLoader;org.dacapo.harness.DacapoClassLoader
ClassLoader.loadClass;com.beust.jcommander.internal.Lists;com.beust.jcommander.JCommander.<init>;61;org.dacapo.harness.DacapoClassLoader;org.dacapo.harness.DacapoClassLoader
ClassLoader.loadClass;com.beust.jcommander.internal.Maps;com.beust.jcommander.JCommander.<init>;128;org.dacapo.harness.DacapoClassLoader;org.dacapo.harness.DacapoClassLoader
ClassLoader.loadClass;com.beust.jcommander.internal.Sets;com.beust.jcommander.Parameterized.describeClassTree;84;org.dacapo.harness.DacapoClassLoader;org.dacapo.harness.DacapoClassLoader
ClassLoader.loadClass;com.beust.jcommander.parser.DefaultParameterizedParser;com.beust.jcommander.JCommander.<init>;51;org.dacapo.harness.DacapoClassLoader;org.dacapo.harness.DacapoClassLoader
ClassLoader.loadClass;com.beust.jcommander.validators.NoValidator;java.lang.Class.forName0;;org.dacapo.harness.DacapoClassLoader;org.dacapo.harness.DacapoClassLoader
ClassLoader.loadClass;com.beust.jcommander.validators.NoValueValidator;java.lang.Class.forName0;;org.dacapo.harness.DacapoClassLoader;org.dacapo.harness.DacapoClassLoader
ClassLoader.loadClass;com.beust.jcommander.validators.PositiveInteger;java.lang.Class.forName0;;org.dacapo.harness.DacapoClassLoader;org.dacapo.harness.DacapoClassLoader
ClassLoader.loadClass;com.github.jaiimageio.impl.common.BogusColorSpace;com.github.jaiimageio.impl.plugins.wbmp.WBMPImageReaderSpi.onRegistration;96;org.dacapo.harness.DacapoClassLoader;org.dacapo.harness.DacapoClassLoader
ClassLoader.loadClass;com.github.jaiimageio.impl.common.ImageUtil;com.github.jaiimageio.impl.plugins.wbmp.WBMPImageReaderSpi.onRegistration;96;org.dacapo.harness.DacapoClassLoader;org.dacapo.harness.DacapoClassLoader
ClassLoader.loadClass;com.github.jaiimageio.impl.common.PackageUtil;com.github.jaiimageio.impl.plugins.wbmp.WBMPImageReaderSpi.<init>;70;org.dacapo.harness.DacapoClassLoader;org.dacapo.harness.DacapoClassLoader
ClassLoader.loadClass;com.github.jaiimageio.impl.plugins.bmp.BMPConstants;java.lang.ClassLoader.defineClass1;;org.dacapo.harness.DacapoClassLoader;org.dacapo.harness.DacapoClassLoader
ClassLoader.loadClass;com.github.jaiimageio.impl.plugins.bmp.BMPImageReader;java.lang.Class.getDeclaredConstructors0;;org.dacapo.harness.DacapoClassLoader;org.dacapo.harness.DacapoClassLoader
ClassLoader.loadClass;com.github.jaiimageio.impl.plugins.bmp.BMPImageReaderSpi;java.lang.Class.forName0;;org.dacapo.harness.DacapoClassLoader;org.dacapo.harness.DacapoClassLoader
ClassLoader.loadClass;com.github.jaiimageio.impl.plugins.bmp.BMPImageWriter;java.lang.Class.getDeclaredConstructors0;;org.dacapo.harness.DacapoClassLoader;org.dacapo.harness.DacapoClassLoader
ClassLoader.loadClass;com.github.jaiimageio.impl.plugins.bmp.BMPImageWriterSpi;java.lang.Class.forName0;;org.dacapo.harness.DacapoClassLoader;org.dacapo.harness.DacapoClassLoader
ClassLoader.loadClass;com.github.jaiimageio.impl.plugins.gif.GIFImageWriter;java.lang.Class.getDeclaredConstructors0;;org.dacapo.harness.DacapoClassLoader;org.dacapo.harness.DacapoClassLoader
ClassLoader.loadClass;com.github.jaiimageio.impl.plugins.gif.GIFImageWriterSpi;java.lang.Class.forName0;;org.dacapo.harness.DacapoClassLoader;org.dacapo.harness.DacapoClassLoader
ClassLoader.loadClass;com.github.jaiimageio.impl.plugins.pcx.PCXConstants;java.lang.ClassLoader.defineClass1;;org.dacapo.harness.DacapoClassLoader;org.dacapo.harness.DacapoClassLoader
ClassLoader.loadClass;com.github.jaiimageio.impl.plugins.pcx.PCXImageReader;java.lang.Class.getDeclaredConstructors0;;org.dacapo.harness.DacapoClassLoader;org.dacapo.harness.DacapoClassLoader
ClassLoader.loadClass;com.github.jaiimageio.impl.plugins.pcx.PCXImageReaderSpi;java.lang.Class.forName0;;org.dacapo.harness.DacapoClassLoader;org.dacapo.harness.DacapoClassLoader
ClassLoader.loadClass;com.github.jaiimageio.impl.plugins.pcx.PCXImageWriter;java.lang.Class.getDeclaredConstructors0;;org.dacapo.harness.DacapoClassLoader;org.dacapo.harness.DacapoClassLoader
ClassLoader.loadClass;com.github.jaiimageio.impl.plugins.pcx.PCXImageWriterSpi;java.lang.Class.forName0;;org.dacapo.harness.DacapoClassLoader;org.dacapo.harness.DacapoClassLoader
ClassLoader.loadClass;com.github.jaiimageio.impl.plugins.pnm.PNMImageReader;java.lang.Class.getDeclaredConstructors0;;org.dacapo.harness.DacapoClassLoader;org.dacapo.harness.DacapoClassLoader
ClassLoader.loadClass;com.github.jaiimageio.impl.plugins.pnm.PNMImageReaderSpi;java.lang.Class.forName0;;org.dacapo.harness.DacapoClassLoader;org.dacapo.harness.DacapoClassLoader
ClassLoader.loadClass;com.github.jaiimageio.impl.plugins.pnm.PNMImageWriter;java.lang.Class.getDeclaredConstructors0;;org.dacapo.harness.DacapoClassLoader;org.dacapo.harness.DacapoClassLoader
ClassLoader.loadClass;com.github.jaiimageio.impl.plugins.pnm.PNMImageWriterSpi;java.lang.Class.forName0;;org.dacapo.harness.DacapoClassLoader;org.dacapo.harness.DacapoClassLoader
ClassLoader.loadClass;com.github.jaiimageio.impl.plugins.raw.RawImageReader;java.lang.Class.getDeclaredConstructors0;;org.dacapo.harness.DacapoClassLoader;org.dacapo.harness.DacapoClassLoader
ClassLoader.loadClass;com.github.jaiimageio.impl.plugins.raw.RawImageReaderSpi;java.lang.Class.forName0;;org.dacapo.harness.DacapoClassLoader;org.dacapo.harness.DacapoClassLoader
ClassLoader.loadClass;com.github.jaiimageio.impl.plugins.raw.RawImageWriter;java.lang.Class.getDeclaredConstructors0;;org.dacapo.harness.DacapoClassLoader;org.dacapo.harness.DacapoClassLoader
ClassLoader.loadClass;com.github.jaiimageio.impl.plugins.raw.RawImageWriterSpi;java.lang.Class.forName0;;org.dacapo.harness.DacapoClassLoader;org.dacapo.harness.DacapoClassLoader
ClassLoader.loadClass;com.github.jaiimageio.impl.plugins.tiff.TIFFImageReader;java.lang.Class.getDeclaredConstructors0;;org.dacapo.harness.DacapoClassLoader;org.dacapo.harness.DacapoClassLoader
ClassLoader.loadClass;com.github.jaiimageio.impl.plugins.tiff.TIFFImageReaderSpi;java.lang.Class.forName0;;org.dacapo.harness.DacapoClassLoader;org.dacapo.harness.DacapoClassLoader
ClassLoader.loadClass;com.github.jaiimageio.impl.plugins.tiff.TIFFImageWriter;java.lang.Class.getDeclaredConstructors0;;org.dacapo.harness.DacapoClassLoader;org.dacapo.harness.DacapoClassLoader
ClassLoader.loadClass;com.github.jaiimageio.impl.plugins.tiff.TIFFImageWriterSpi;java.lang.Class.forName0;;org.dacapo.harness.DacapoClassLoader;org.dacapo.harness.DacapoClassLoader
ClassLoader.loadClass;com.github.jaiimageio.impl.plugins.wbmp.WBMPImageReader;java.lang.Class.getDeclaredConstructors0;;org.dacapo.harness.DacapoClassLoader;org.dacapo.harness.DacapoClassLoader
ClassLoader.loadClass;com.github.jaiimageio.impl.plugins.wbmp.WBMPImageReaderSpi;java.lang.Class.forName0;;org.dacapo.harness.DacapoClassLoader;org.dacapo.harness.DacapoClassLoader
ClassLoader.loadClass;com.github.jaiimageio.impl.plugins.wbmp.WBMPImageWriter;java.lang.Class.getDeclaredConstructors0;;org.dacapo.harness.DacapoClassLoader;org.dacapo.harness.DacapoClassLoader
ClassLoader.loadClass;com.github.jaiimageio.impl.plugins.wbmp.WBMPImageWriterSpi;java.lang.Class.forName0;;org.dacapo.harness.DacapoClassLoader;org.dacapo.harness.DacapoClassLoader
ClassLoader.loadClass;com.github.jaiimageio.impl.stream.ChannelImageInputStreamSpi;java.lang.Class.forName0;;org.dacapo.harness.DacapoClassLoader;org.dacapo.harness.DacapoClassLoader
ClassLoader.loadClass;com.github.jaiimageio.impl.stream.ChannelImageOutputStreamSpi;java.lang.Class.forName0;;org.dacapo.harness.DacapoClassLoader;org.dacapo.harness.DacapoClassLoader
ClassLoader.loadClass;com.github.jaiimageio.stream.RawImageInputStream;com.github.jaiimageio.impl.plugins.raw.RawImageReaderSpi.canDecodeInput;98;org.dacapo.harness.DacapoClassLoader;org.dacapo.harness.DacapoClassLoader
ClassLoader.loadClass;com.google.zxing.BarcodeFormat;com.google.zxing.client.j2se.DecoderConfig.buildHints;91;org.dacapo.harness.DacapoClassLoader;org.dacapo.harness.DacapoClassLoader
ClassLoader.loadClass;com.google.zxing.Binarizer;com.google.zxing.client.j2se.CommandLineRunner.main;93;org.dacapo.harness.DacapoClassLoader;org.dacapo.harness.DacapoClassLoader
ClassLoader.loadClass;com.google.zxing.BinaryBitmap;com.google.zxing.client.j2se.DecodeWorker.decode;136;org.dacapo.harness.DacapoClassLoader;org.dacapo.harness.DacapoClassLoader
ClassLoader.loadClass;com.google.zxing.ChecksumException;com.google.zxing.qrcode.QRCodeReader.<init>;48;org.dacapo.harness.DacapoClassLoader;org.dacapo.harness.DacapoClassLoader
ClassLoader.loadClass;com.google.zxing.DecodeHintType;com.google.zxing.client.j2se.DecoderConfig.buildHints;115;org.dacapo.harness.DacapoClassLoader;org.dacapo.harness.DacapoClassLoader
ClassLoader.loadClass;com.google.zxing.FormatException;com.google.zxing.qrcode.QRCodeReader.<init>;48;org.dacapo.harness.DacapoClassLoader;org.dacapo.harness.DacapoClassLoader
ClassLoader.loadClass;com.google.zxing.InvertedLuminanceSource;com.google.zxing.client.j2se.DecodeWorker.decode;129;org.dacapo.harness.DacapoClassLoader;org.dacapo.harness.DacapoClassLoader
ClassLoader.loadClass;com.google.zxing.LuminanceSource;com.google.zxing.client.j2se.CommandLineRunner.main;93;org.dacapo.harness.DacapoClassLoader;org.dacapo.harness.DacapoClassLoader
ClassLoader.loadClass;com.google.zxing.MultiFormatReader;com.google.zxing.client.j2se.DecodeWorker.decode;141;org.dacapo.harness.DacapoClassLoader;org.dacapo.harness.DacapoClassLoader
ClassLoader.loadClass;com.google.zxing.NotFoundException;com.google.zxing.client.j2se.CommandLineRunner.main;93;org.dacapo.harness.DacapoClassLoader;org.dacapo.harness.DacapoClassLoader
ClassLoader.loadClass;com.google.zxing.Reader;com.google.zxing.client.j2se.CommandLineRunner.main;93;org.dacapo.harness.DacapoClassLoader;org.dacapo.harness.DacapoClassLoader
ClassLoader.loadClass;com.google.zxing.ReaderException;java.lang.ClassLoader.defineClass1;;org.dacapo.harness.DacapoClassLoader;org.dacapo.harness.DacapoClassLoader
ClassLoader.loadClass;com.google.zxing.Result;com.google.zxing.client.j2se.DecodeWorker.decode;148;org.dacapo.harness.DacapoClassLoader;org.dacapo.harness.DacapoClassLoader
ClassLoader.loadClass;com.google.zxing.ResultMetadataType;com.google.zxing.oned.CodaBarReader.decodeRow;164;org.dacapo.harness.DacapoClassLoader;org.dacapo.harness.DacapoClassLoader
ClassLoader.loadClass;com.google.zxing.ResultPoint;com.google.zxing.qrcode.QRCodeReader.<clinit>;46;org.dacapo.harness.DacapoClassLoader;org.dacapo.harness.DacapoClassLoader
ClassLoader.loadClass;com.google.zxing.ResultPointCallback;com.google.zxing.DecodeHintType.<clinit>;89;org.dacapo.harness.DacapoClassLoader;org.dacapo.harness.DacapoClassLoader
ClassLoader.loadClass;com.google.zxing.aztec.AztecDetectorResult;com.google.zxing.aztec.detector.Detector.detect;97;org.dacapo.harness.DacapoClassLoader;org.dacapo.harness.DacapoClassLoader
ClassLoader.loadClass;com.google.zxing.aztec.AztecReader;com.google.zxing.MultiFormatReader.setHints;129;org.dacapo.harness.DacapoClassLoader;org.dacapo.harness.DacapoClassLoader
ClassLoader.loadClass;com.google.zxing.aztec.decoder.Decoder$1;com.google.zxing.aztec.decoder.Decoder.getCharacter;249;org.dacapo.harness.DacapoClassLoader;org.dacapo.harness.DacapoClassLoader
ClassLoader.loadClass;com.google.zxing.aztec.decoder.Decoder$CorrectedBitsResult;com.google.zxing.aztec.decoder.Decoder.correctBits;351;org.dacapo.harness.DacapoClassLoader;org.dacapo.harness.DacapoClassLoader
ClassLoader.loadClass;com.google.zxing.aztec.decoder.Decoder$Table;com.google.zxing.aztec.decoder.Decoder.getEncodedData;106;org.dacapo.harness.DacapoClassLoader;org.dacapo.harness.DacapoClassLoader
ClassLoader.loadClass;com.google.zxing.aztec.decoder.Decoder;com.google.zxing.aztec.AztecReader.decode;69;org.dacapo.harness.DacapoClassLoader;org.dacapo.harness.DacapoClassLoader
ClassLoader.loadClass;com.google.zxing.aztec.detector.Detector$CorrectedParameter;com.google.zxing.aztec.detector.Detector.getCorrectedParameterData;232;org.dacapo.harness.DacapoClassLoader;org.dacapo.harness.DacapoClassLoader
ClassLoader.loadClass;com.google.zxing.aztec.detector.Detector$Point;com.google.zxing.aztec.detector.Detector.getMatrixCenter;358;org.dacapo.harness.DacapoClassLoader;org.dacapo.harness.DacapoClassLoader
ClassLoader.loadClass;com.google.zxing.aztec.detector.Detector;com.google.zxing.aztec.AztecReader.decode;61;org.dacapo.harness.DacapoClassLoader;org.dacapo.harness.DacapoClassLoader
ClassLoader.loadClass;com.google.zxing.client.j2se.BufferedImageLuminanceSource;com.google.zxing.client.j2se.CommandLineRunner.main;93;org.dacapo.harness.DacapoClassLoader;org.dacapo.harness.DacapoClassLoader
ClassLoader.loadClass;com.google.zxing.client.j2se.CommandLineRunner;java.lang.Class.forName0;;org.dacapo.harness.DacapoClassLoader;org.dacapo.harness.DacapoClassLoader
ClassLoader.loadClass;com.google.zxing.client.j2se.DecodeWorker;com.google.zxing.client.j2se.CommandLineRunner.main;93;org.dacapo.harness.DacapoClassLoader;org.dacapo.harness.DacapoClassLoader
ClassLoader.loadClass;com.google.zxing.client.j2se.DecoderConfig;com.google.zxing.client.j2se.CommandLineRunner.main;51;org.dacapo.harness.DacapoClassLoader;org.dacapo.harness.DacapoClassLoader
ClassLoader.loadClass;com.google.zxing.client.j2se.ImageReader;com.google.zxing.client.j2se.DecodeWorker.decode;125;org.dacapo.harness.DacapoClassLoader;org.dacapo.harness.DacapoClassLoader
ClassLoader.loadClass;com.google.zxing.common.BitArray;com.google.zxing.common.BitMatrix.rotate180;316;org.dacapo.harness.DacapoClassLoader;org.dacapo.harness.DacapoClassLoader
ClassLoader.loadClass;com.google.zxing.common.BitMatrix;com.google.zxing.common.HybridBinarizer.getBlackMatrix;81;org.dacapo.harness.DacapoClassLoader;org.dacapo.harness.DacapoClassLoader
ClassLoader.loadClass;com.google.zxing.common.BitSource;com.google.zxing.qrcode.decoder.DecodedBitStreamParser.decode;56;org.dacapo.harness.DacapoClassLoader;org.dacapo.harness.DacapoClassLoader
ClassLoader.loadClass;com.google.zxing.common.DecoderResult;com.google.zxing.qrcode.decoder.DecodedBitStreamParser.decode;163;org.dacapo.harness.DacapoClassLoader;org.dacapo.harness.DacapoClassLoader
ClassLoader.loadClass;com.google.zxing.common.DefaultGridSampler;com.google.zxing.datamatrix.detector.Detector.sampleGrid;315;org.dacapo.harness.DacapoClassLoader;org.dacapo.harness.DacapoClassLoader
ClassLoader.loadClass;com.google.zxing.common.DetectorResult;com.google.zxing.datamatrix.detector.Detector.detect;87;org.dacapo.harness.DacapoClassLoader;org.dacapo.harness.DacapoClassLoader
ClassLoader.loadClass;com.google.zxing.common.ECIStringBuilder;com.google.zxing.pdf417.decoder.DecodedBitStreamParser.decode;101;org.dacapo.harness.DacapoClassLoader;org.dacapo.harness.DacapoClassLoader
ClassLoader.loadClass;com.google.zxing.common.GlobalHistogramBinarizer;java.lang.ClassLoader.defineClass1;;org.dacapo.harness.DacapoClassLoader;org.dacapo.harness.DacapoClassLoader
ClassLoader.loadClass;com.google.zxing.common.GridSampler;com.google.zxing.datamatrix.detector.Detector.sampleGrid;315;org.dacapo.harness.DacapoClassLoader;org.dacapo.harness.DacapoClassLoader
ClassLoader.loadClass;com.google.zxing.common.HybridBinarizer;com.google.zxing.client.j2se.CommandLineRunner.main;93;org.dacapo.harness.DacapoClassLoader;org.dacapo.harness.DacapoClassLoader
ClassLoader.loadClass;com.google.zxing.common.PerspectiveTransform;com.google.zxing.common.DefaultGridSampler.sampleGrid;39;org.dacapo.harness.DacapoClassLoader;org.dacapo.harness.DacapoClassLoader
ClassLoader.loadClass;com.google.zxing.common.StringUtils;com.google.zxing.qrcode.decoder.DecodedBitStreamParser.decodeByteSegment;264;org.dacapo.harness.DacapoClassLoader;org.dacapo.harness.DacapoClassLoader
ClassLoader.loadClass;com.google.zxing.common.detector.MathUtils;com.google.zxing.common.detector.WhiteRectangleDetector.getBlackPointOnSegment;236;org.dacapo.harness.DacapoClassLoader;org.dacapo.harness.DacapoClassLoader
ClassLoader.loadClass;com.google.zxing.common.detector.WhiteRectangleDetector;com.google.zxing.datamatrix.detector.Detector.<init>;39;org.dacapo.harness.DacapoClassLoader;org.dacapo.harness.DacapoClassLoader
ClassLoader.loadClass;com.google.zxing.common.reedsolomon.GenericGF;com.google.zxing.qrcode.decoder.Decoder.<init>;41;org.dacapo.harness.DacapoClassLoader;org.dacapo.harness.DacapoClassLoader
ClassLoader.loadClass;com.google.zxing.common.reedsolomon.GenericGFPoly;com.google.zxing.common.reedsolomon.GenericGF.<init>;81;org.dacapo.harness.DacapoClassLoader;org.dacapo.harness.DacapoClassLoader
ClassLoader.loadClass;com.google.zxing.common.reedsolomon.ReedSolomonDecoder;com.google.zxing.qrcode.decoder.Decoder.<init>;41;org.dacapo.harness.DacapoClassLoader;org.dacapo.harness.DacapoClassLoader
ClassLoader.loadClass;com.google.zxing.common.reedsolomon.ReedSolomonException;com.google.zxing.qrcode.QRCodeReader.<init>;48;org.dacapo.harness.DacapoClassLoader;org.dacapo.harness.DacapoClassLoader
ClassLoader.loadClass;com.google.zxing.datamatrix.DataMatrixReader;com.google.zxing.MultiFormatReader.setHints;126;org.dacapo.harness.DacapoClassLoader;org.dacapo.harness.DacapoClassLoader
ClassLoader.loadClass;com.google.zxing.datamatrix.decoder.BitMatrixParser;com.google.zxing.datamatrix.decoder.Decoder.decode;66;org.dacapo.harness.DacapoClassLoader;org.dacapo.harness.DacapoClassLoader
ClassLoader.loadClass;com.google.zxing.datamatrix.decoder.DataBlock;com.google.zxing.datamatrix.decoder.Decoder.decode;72;org.dacapo.harness.DacapoClassLoader;org.dacapo.harness.DacapoClassLoader
ClassLoader.loadClass;com.google.zxing.datamatrix.decoder.DecodedBitStreamParser$1;com.google.zxing.datamatrix.decoder.DecodedBitStreamParser.decode;103;org.dacapo.harness.DacapoClassLoader;org.dacapo.harness.DacapoClassLoader
ClassLoader.loadClass;com.google.zxing.datamatrix.decoder.DecodedBitStreamParser$Mode;com.google.zxing.datamatrix.decoder.DecodedBitStreamParser.decode;94;org.dacapo.harness.DacapoClassLoader;org.dacapo.harness.DacapoClassLoader
ClassLoader.loadClass;com.google.zxing.datamatrix.decoder.DecodedBitStreamParser;com.google.zxing.datamatrix.decoder.Decoder.decode;96;org.dacapo.harness.DacapoClassLoader;org.dacapo.harness.DacapoClassLoader
ClassLoader.loadClass;com.google.zxing.datamatrix.decoder.Decoder;com.google.zxing.datamatrix.DataMatrixReader.<init>;47;org.dacapo.harness.DacapoClassLoader;org.dacapo.harness.DacapoClassLoader
ClassLoader.loadClass;com.google.zxing.datamatrix.decoder.Version$ECB;com.google.zxing.datamatrix.decoder.Version.buildVersions;173;org.dacapo.harness.DacapoClassLoader;org.dacapo.harness.DacapoClassLoader
ClassLoader.loadClass;com.google.zxing.datamatrix.decoder.Version$ECBlocks;com.google.zxing.datamatrix.decoder.Version.buildVersions;173;org.dacapo.harness.DacapoClassLoader;org.dacapo.harness.DacapoClassLoader
ClassLoader.loadClass;com.google.zxing.datamatrix.decoder.Version;com.google.zxing.datamatrix.decoder.BitMatrixParser.readVersion;64;org.dacapo.harness.DacapoClassLoader;org.dacapo.harness.DacapoClassLoader
ClassLoader.loadClass;com.google.zxing.datamatrix.detector.Detector;com.google.zxing.datamatrix.DataMatrixReader.decode;72;org.dacapo.harness.DacapoClassLoader;org.dacapo.harness.DacapoClassLoader
ClassLoader.loadClass;com.google.zxing.maxicode.MaxiCodeReader;com.google.zxing.MultiFormatReader.setHints;135;org.dacapo.harness.DacapoClassLoader;org.dacapo.harness.DacapoClassLoader
ClassLoader.loadClass;com.google.zxing.maxicode.decoder.BitMatrixParser;com.google.zxing.maxicode.decoder.Decoder.decode;54;org.dacapo.harness.DacapoClassLoader;org.dacapo.harness.DacapoClassLoader
ClassLoader.loadClass;com.google.zxing.maxicode.decoder.DecodedBitStreamParser;com.google.zxing.maxicode.decoder.Decoder.decode;80;org.dacapo.harness.DacapoClassLoader;org.dacapo.harness.DacapoClassLoader
ClassLoader.loadClass;com.google.zxing.maxicode.decoder.Decoder;com.google.zxing.maxicode.MaxiCodeReader.<init>;44;org.dacapo.harness.DacapoClassLoader;org.dacapo.harness.DacapoClassLoader
ClassLoader.loadClass;com.google.zxing.multi.MultipleBarcodeReader;com.google.zxing.client.j2se.CommandLineRunner.main;93;org.dacapo.harness.DacapoClassLoader;org.dacapo.harness.DacapoClassLoader
ClassLoader.loadClass;com.google.zxing.oned.CodaBarReader;com.google.zxing.oned.MultiFormatOneDReader.<init>;70;org.dacapo.harness.DacapoClassLoader;org.dacapo.harness.DacapoClassLoader
ClassLoader.loadClass;com.google.zxing.oned.Code128Reader;com.google.zxing.oned.MultiFormatOneDReader.<init>;64;org.dacapo.harness.DacapoClassLoader;org.dacapo.harness.DacapoClassLoader
ClassLoader.loadClass;com.google.zxing.oned.Code39Reader;com.google.zxing.oned.MultiFormatOneDReader.<init>;58;org.dacapo.harness.DacapoClassLoader;org.dacapo.harness.DacapoClassLoader
ClassLoader.loadClass;com.google.zxing.oned.Code93Reader;com.google.zxing.oned.MultiFormatOneDReader.<init>;61;org.dacapo.harness.DacapoClassLoader;org.dacapo.harness.DacapoClassLoader
ClassLoader.loadClass;com.google.zxing.oned.EAN13Reader;com.google.zxing.oned.MultiFormatUPCEANReader.<init>;51;org.dacapo.harness.DacapoClassLoader;org.dacapo.harness.DacapoClassLoader
ClassLoader.loadClass;com.google.zxing.oned.EAN8Reader;com.google.zxing.oned.MultiFormatUPCEANReader.<init>;56;org.dacapo.harness.DacapoClassLoader;org.dacapo.harness.DacapoClassLoader
ClassLoader.loadClass;com.google.zxing.oned.EANManufacturerOrgSupport;com.google.zxing.oned.UPCEANReader.<init>;104;org.dacapo.harness.DacapoClassLoader;org.dacapo.harness.DacapoClassLoader
ClassLoader.loadClass;com.google.zxing.oned.ITFReader;com.google.zxing.oned.MultiFormatOneDReader.<init>;67;org.dacapo.harness.DacapoClassLoader;org.dacapo.harness.DacapoClassLoader
ClassLoader.loadClass;com.google.zxing.oned.MultiFormatOneDReader;com.google.zxing.MultiFormatReader.setHints;139;org.dacapo.harness.DacapoClassLoader;org.dacapo.harness.DacapoClassLoader
ClassLoader.loadClass;com.google.zxing.oned.MultiFormatUPCEANReader;com.google.zxing.oned.MultiFormatOneDReader.<init>;55;org.dacapo.harness.DacapoClassLoader;org.dacapo.harness.DacapoClassLoader
ClassLoader.loadClass;com.google.zxing.oned.OneDReader;java.lang.ClassLoader.defineClass1;;org.dacapo.harness.DacapoClassLoader;org.dacapo.harness.DacapoClassLoader
ClassLoader.loadClass;com.google.zxing.oned.UPCEANExtension2Support;com.google.zxing.oned.UPCEANExtensionSupport.<init>;28;org.dacapo.harness.DacapoClassLoader;org.dacapo.harness.DacapoClassLoader
ClassLoader.loadClass;com.google.zxing.oned.UPCEANExtension5Support;com.google.zxing.oned.UPCEANExtensionSupport.<init>;29;org.dacapo.harness.DacapoClassLoader;org.dacapo.harness.DacapoClassLoader
ClassLoader.loadClass;com.google.zxing.oned.UPCEANExtensionSupport;com.google.zxing.oned.UPCEANReader.<init>;103;org.dacapo.harness.DacapoClassLoader;org.dacapo.harness.DacapoClassLoader
ClassLoader.loadClass;com.google.zxing.oned.UPCEANReader;com.google.zxing.oned.MultiFormatUPCEANReader.<clinit>;40;org.dacapo.harness.DacapoClassLoader;org.dacapo.harness.DacapoClassLoader
ClassLoader.loadClass;com.google.zxing.oned.UPCEReader;com.google.zxing.oned.MultiFormatUPCEANReader.<init>;59;org.dacapo.harness.DacapoClassLoader;org.dacapo.harness.DacapoClassLoader
ClassLoader.loadClass;com.google.zxing.oned.rss.AbstractRSSReader;java.lang.ClassLoader.defineClass1;;org.dacapo.harness.DacapoClassLoader;org.dacapo.harness.DacapoClassLoader
ClassLoader.loadClass;com.google.zxing.oned.rss.DataCharacter;com.google.zxing.oned.rss.expanded.RSSExpandedReader.decodeDataCharacter;666;org.dacapo.harness.DacapoClassLoader;org.dacapo.harness.DacapoClassLoader
ClassLoader.loadClass;com.google.zxing.oned.rss.FinderPattern;com.google.zxing.oned.rss.RSS14Reader.parseFoundFinderPattern;346;org.dacapo.harness.DacapoClassLoader;org.dacapo.harness.DacapoClassLoader
ClassLoader.loadClass;com.google.zxing.oned.rss.Pair;com.google.zxing.oned.rss.RSS14Reader.decodePair;177;org.dacapo.harness.DacapoClassLoader;org.dacapo.harness.DacapoClassLoader
ClassLoader.loadClass;com.google.zxing.oned.rss.RSS14Reader;com.google.zxing.oned.MultiFormatOneDReader.<init>;73;org.dacapo.harness.DacapoClassLoader;org.dacapo.harness.DacapoClassLoader
ClassLoader.loadClass;com.google.zxing.oned.rss.RSSUtils;com.google.zxing.oned.rss.expanded.RSSExpandedReader.decodeDataCharacter;660;org.dacapo.harness.DacapoClassLoader;org.dacapo.harness.DacapoClassLoader
ClassLoader.loadClass;com.google.zxing.oned.rss.expanded.BitArrayBuilder;com.google.zxing.oned.rss.expanded.RSSExpandedReader.constructResult;352;org.dacapo.harness.DacapoClassLoader;org.dacapo.harness.DacapoClassLoader
ClassLoader.loadClass;com.google.zxing.oned.rss.expanded.ExpandedPair;com.google.zxing.oned.rss.expanded.RSSExpandedReader.retrieveNextPair;449;org.dacapo.harness.DacapoClassLoader;org.dacapo.harness.DacapoClassLoader
ClassLoader.loadClass;com.google.zxing.oned.rss.expanded.ExpandedRow;com.google.zxing.oned.rss.expanded.RSSExpandedReader.storeRow;295;org.dacapo.harness.DacapoClassLoader;org.dacapo.harness.DacapoClassLoader
ClassLoader.loadClass;com.google.zxing.oned.rss.expanded.RSSExpandedReader;com.google.zxing.oned.MultiFormatOneDReader.<init>;76;org.dacapo.harness.DacapoClassLoader;org.dacapo.harness.DacapoClassLoader
ClassLoader.loadClass;com.google.zxing.oned.rss.expanded.decoders.AI013103decoder;com.google.zxing.oned.rss.expanded.RSSExpandedReader.constructResult;354;org.dacapo.harness.DacapoClassLoader;org.dacapo.harness.DacapoClassLoader
ClassLoader.loadClass;com.google.zxing.oned.rss.expanded.decoders.AI01320xDecoder;com.google.zxing.oned.rss.expanded.RSSExpandedReader.constructResult;354;org.dacapo.harness.DacapoClassLoader;org.dacapo.harness.DacapoClassLoader
ClassLoader.loadClass;com.google.zxing.oned.rss.expanded.decoders.AI01392xDecoder;com.google.zxing.oned.rss.expanded.RSSExpandedReader.constructResult;354;org.dacapo.harness.DacapoClassLoader;org.dacapo.harness.DacapoClassLoader
ClassLoader.loadClass;com.google.zxing.oned.rss.expanded.decoders.AI01393xDecoder;com.google.zxing.oned.rss.expanded.RSSExpandedReader.constructResult;354;org.dacapo.harness.DacapoClassLoader;org.dacapo.harness.DacapoClassLoader
ClassLoader.loadClass;com.google.zxing.oned.rss.expanded.decoders.AI013x0x1xDecoder;com.google.zxing.oned.rss.expanded.RSSExpandedReader.constructResult;354;org.dacapo.harness.DacapoClassLoader;org.dacapo.harness.DacapoClassLoader
ClassLoader.loadClass;com.google.zxing.oned.rss.expanded.decoders.AI013x0xDecoder;java.lang.ClassLoader.defineClass1;;org.dacapo.harness.DacapoClassLoader;org.dacapo.harness.DacapoClassLoader
ClassLoader.loadClass;com.google.zxing.oned.rss.expanded.decoders.AI01AndOtherAIs;com.google.zxing.oned.rss.expanded.RSSExpandedReader.constructResult;354;org.dacapo.harness.DacapoClassLoader;org.dacapo.harness.DacapoClassLoader
ClassLoader.loadClass;com.google.zxing.oned.rss.expanded.decoders.AI01decoder;java.lang.ClassLoader.defineClass1;;org.dacapo.harness.DacapoClassLoader;org.dacapo.harness.DacapoClassLoader
ClassLoader.loadClass;com.google.zxing.oned.rss.expanded.decoders.AI01weightDecoder;java.lang.ClassLoader.defineClass1;;org.dacapo.harness.DacapoClassLoader;org.dacapo.harness.DacapoClassLoader
ClassLoader.loadClass;com.google.zxing.oned.rss.expanded.decoders.AbstractExpandedDecoder;com.google.zxing.oned.rss.expanded.RSSExpandedReader.constructResult;354;org.dacapo.harness.DacapoClassLoader;org.dacapo.harness.DacapoClassLoader
ClassLoader.loadClass;com.google.zxing.oned.rss.expanded.decoders.AnyAIDecoder;com.google.zxing.oned.rss.expanded.RSSExpandedReader.constructResult;354;org.dacapo.harness.DacapoClassLoader;org.dacapo.harness.DacapoClassLoader
ClassLoader.loadClass;com.google.zxing.oned.rss.expanded.decoders.BlockParsedResult;com.google.zxing.oned.rss.expanded.decoders.GeneralAppIdDecoder.parseNumericBlock;188;org.dacapo.harness.DacapoClassLoader;org.dacapo.harness.DacapoClassLoader
ClassLoader.loadClass;com.google.zxing.oned.rss.expanded.decoders.CurrentParsingState$State;com.google.zxing.oned.rss.expanded.decoders.CurrentParsingState.<init>;45;org.dacapo.harness.DacapoClassLoader;org.dacapo.harness.DacapoClassLoader
ClassLoader.loadClass;com.google.zxing.oned.rss.expanded.decoders.CurrentParsingState;com.google.zxing.oned.rss.expanded.decoders.GeneralAppIdDecoder.<init>;40;org.dacapo.harness.DacapoClassLoader;org.dacapo.harness.DacapoClassLoader
ClassLoader.loadClass;com.google.zxing.oned.rss.expanded.decoders.DecodedChar;com.google.zxing.oned.rss.expanded.decoders.GeneralAppIdDecoder.decodeAlphanumeric;398;org.dacapo.harness.DacapoClassLoader;org.dacapo.harness.DacapoClassLoader
ClassLoader.loadClass;com.google.zxing.oned.rss.expanded.decoders.DecodedInformation;com.google.zxing.oned.rss.expanded.decoders.GeneralAppIdDecoder.parseNumericBlock;169;org.dacapo.harness.DacapoClassLoader;org.dacapo.harness.DacapoClassLoader
ClassLoader.loadClass;com.google.zxing.oned.rss.expanded.decoders.DecodedNumeric;com.google.zxing.oned.rss.expanded.decoders.GeneralAppIdDecoder.decodeNumeric;100;org.dacapo.harness.DacapoClassLoader;org.dacapo.harness.DacapoClassLoader
ClassLoader.loadClass;com.google.zxing.oned.rss.expanded.decoders.DecodedObject;java.lang.ClassLoader.defineClass1;;org.dacapo.harness.DacapoClassLoader;org.dacapo.harness.DacapoClassLoader
ClassLoader.loadClass;com.google.zxing.oned.rss.expanded.decoders.FieldParser$DataLength;com.google.zxing.oned.rss.expanded.decoders.FieldParser.<clinit>;42;org.dacapo.harness.DacapoClassLoader;org.dacapo.harness.DacapoClassLoader
ClassLoader.loadClass;com.google.zxing.oned.rss.expanded.decoders.FieldParser;com.google.zxing.oned.rss.expanded.decoders.GeneralAppIdDecoder.decodeAllCodes;52;org.dacapo.harness.DacapoClassLoader;org.dacapo.harness.DacapoClassLoader
ClassLoader.loadClass;com.google.zxing.oned.rss.expanded.decoders.GeneralAppIdDecoder;com.google.zxing.oned.rss.expanded.decoders.AbstractExpandedDecoder.<init>;44;org.dacapo.harness.DacapoClassLoader;org.dacapo.harness.DacapoClassLoader
ClassLoader.loadClass;com.google.zxing.pdf417.PDF417Common;com.google.zxing.pdf417.decoder.PDF417CodewordDecoder.<clinit>;28;org.dacapo.harness.DacapoClassLoader;org.dacapo.harness.DacapoClassLoader
ClassLoader.loadClass;com.google.zxing.pdf417.PDF417Reader;com.google.zxing.MultiFormatReader.setHints;132;org.dacapo.harness.DacapoClassLoader;org.dacapo.harness.DacapoClassLoader
ClassLoader.loadClass;com.google.zxing.pdf417.PDF417ResultMetadata;com.google.zxing.pdf417.decoder.DecodedBitStreamParser.decode;103;org.dacapo.harness.DacapoClassLoader;org.dacapo.harness.DacapoClassLoader
ClassLoader.loadClass;com.google.zxing.pdf417.decoder.BarcodeMetadata;com.google.zxing.pdf417.decoder.DetectionResultRowIndicatorColumn.getBarcodeMetadata;208;org.dacapo.harness.DacapoClassLoader;org.dacapo.harness.DacapoClassLoader
ClassLoader.loadClass;com.google.zxing.pdf417.decoder.BarcodeValue;com.google.zxing.pdf417.decoder.DetectionResultRowIndicatorColumn.getBarcodeMetadata;169;org.dacapo.harness.DacapoClassLoader;org.dacapo.harness.DacapoClassLoader
ClassLoader.loadClass;com.google.zxing.pdf417.decoder.BoundingBox;com.google.zxing.pdf417.decoder.PDF417ScanningDecoder.decode;60;org.dacapo.harness.DacapoClassLoader;org.dacapo.harness.DacapoClassLoader
ClassLoader.loadClass;com.google.zxing.pdf417.decoder.Codeword;com.google.zxing.pdf417.decoder.DetectionResultColumn.<init>;33;org.dacapo.harness.DacapoClassLoader;org.dacapo.harness.DacapoClassLoader
ClassLoader.loadClass;com.google.zxing.pdf417.decoder.DecodedBitStreamParser$1;com.google.zxing.pdf417.decoder.DecodedBitStreamParser.decodeTextCompaction;388;org.dacapo.harness.DacapoClassLoader;org.dacapo.harness.DacapoClassLoader
ClassLoader.loadClass;com.google.zxing.pdf417.decoder.DecodedBitStreamParser$Mode;com.google.zxing.pdf417.decoder.DecodedBitStreamParser.textCompaction;303;org.dacapo.harness.DacapoClassLoader;org.dacapo.harness.DacapoClassLoader
ClassLoader.loadClass;com.google.zxing.pdf417.decoder.DecodedBitStreamParser;com.google.zxing.pdf417.decoder.PDF417ScanningDecoder.decodeCodewords;537;org.dacapo.harness.DacapoClassLoader;org.dacapo.harness.DacapoClassLoader
ClassLoader.loadClass;com.google.zxing.pdf417.decoder.DetectionResult;com.google.zxing.pdf417.decoder.PDF417ScanningDecoder.merge;140;org.dacapo.harness.DacapoClassLoader;org.dacapo.harness.DacapoClassLoader
ClassLoader.loadClass;com.google.zxing.pdf417.decoder.DetectionResultColumn;com.google.zxing.pdf417.PDF417Reader.decode;89;org.dacapo.harness.DacapoClassLoader;org.dacapo.harness.DacapoClassLoader
ClassLoader.loadClass;com.google.zxing.pdf417.decoder.DetectionResultRowIndicatorColumn;com.google.zxing.pdf417.PDF417Reader.decode;89;org.dacapo.harness.DacapoClassLoader;org.dacapo.harness.DacapoClassLoader
ClassLoader.loadClass;com.google.zxing.pdf417.decoder.PDF417CodewordDecoder;com.google.zxing.pdf417.decoder.PDF417ScanningDecoder.detectCodeword;457;org.dacapo.harness.DacapoClassLoader;org.dacapo.harness.DacapoClassLoader
ClassLoader.loadClass;com.google.zxing.pdf417.decoder.PDF417ScanningDecoder;com.google.zxing.pdf417.PDF417Reader.decode;89;org.dacapo.harness.DacapoClassLoader;org.dacapo.harness.DacapoClassLoader
ClassLoader.loadClass;com.google.zxing.pdf417.decoder.ec.ErrorCorrection;com.google.zxing.pdf417.decoder.PDF417ScanningDecoder.<clinit>;43;org.dacapo.harness.DacapoClassLoader;org.dacapo.harness.DacapoClassLoader
ClassLoader.loadClass;com.google.zxing.pdf417.decoder.ec.ModulusGF;com.google.zxing.pdf417.decoder.ec.ErrorCorrection.<init>;35;org.dacapo.harness.DacapoClassLoader;org.dacapo.harness.DacapoClassLoader
ClassLoader.loadClass;com.google.zxing.pdf417.decoder.ec.ModulusPoly;com.google.zxing.pdf417.decoder.ec.ModulusGF.<init>;50;org.dacapo.harness.DacapoClassLoader;org.dacapo.harness.DacapoClassLoader
ClassLoader.loadClass;com.google.zxing.pdf417.detector.Detector;com.google.zxing.pdf417.PDF417Reader.decode;87;org.dacapo.harness.DacapoClassLoader;org.dacapo.harness.DacapoClassLoader
ClassLoader.loadClass;com.google.zxing.pdf417.detector.PDF417DetectorResult;com.google.zxing.pdf417.detector.Detector.detect;90;org.dacapo.harness.DacapoClassLoader;org.dacapo.harness.DacapoClassLoader
ClassLoader.loadClass;com.google.zxing.qrcode.QRCodeReader;com.google.zxing.MultiFormatReader.setHints;123;org.dacapo.harness.DacapoClassLoader;org.dacapo.harness.DacapoClassLoader
ClassLoader.loadClass;com.google.zxing.qrcode.decoder.BitMatrixParser;com.google.zxing.qrcode.decoder.Decoder.decode;80;org.dacapo.harness.DacapoClassLoader;org.dacapo.harness.DacapoClassLoader
ClassLoader.loadClass;com.google.zxing.qrcode.decoder.DataBlock;com.google.zxing.qrcode.decoder.Decoder.decode;138;org.dacapo.harness.DacapoClassLoader;org.dacapo.harness.DacapoClassLoader
ClassLoader.loadClass;com.google.zxing.qrcode.decoder.DataMask$1;com.google.zxing.qrcode.decoder.BitMatrixParser.readCodewords;160;org.dacapo.harness.DacapoClassLoader;org.dacapo.harness.DacapoClassLoader
ClassLoader.loadClass;com.google.zxing.qrcode.decoder.DataMask$2;com.google.zxing.qrcode.decoder.BitMatrixParser.readCodewords;160;org.dacapo.harness.DacapoClassLoader;org.dacapo.harness.DacapoClassLoader
ClassLoader.loadClass;com.google.zxing.qrcode.decoder.DataMask$3;com.google.zxing.qrcode.decoder.BitMatrixParser.readCodewords;160;org.dacapo.harness.DacapoClassLoader;org.dacapo.harness.DacapoClassLoader
ClassLoader.loadClass;com.google.zxing.qrcode.decoder.DataMask$4;com.google.zxing.qrcode.decoder.BitMatrixParser.readCodewords;160;org.dacapo.harness.DacapoClassLoader;org.dacapo.harness.DacapoClassLoader
ClassLoader.loadClass;com.google.zxing.qrcode.decoder.DataMask$5;com.google.zxing.qrcode.decoder.BitMatrixParser.readCodewords;160;org.dacapo.harness.DacapoClassLoader;org.dacapo.harness.DacapoClassLoader
ClassLoader.loadClass;com.google.zxing.qrcode.decoder.DataMask$6;com.google.zxing.qrcode.decoder.BitMatrixParser.readCodewords;160;org.dacapo.harness.DacapoClassLoader;org.dacapo.harness.DacapoClassLoader
ClassLoader.loadClass;com.google.zxing.qrcode.decoder.DataMask$7;com.google.zxing.qrcode.decoder.BitMatrixParser.readCodewords;160;org.dacapo.harness.DacapoClassLoader;org.dacapo.harness.DacapoClassLoader
ClassLoader.loadClass;com.google.zxing.qrcode.decoder.DataMask$8;com.google.zxing.qrcode.decoder.BitMatrixParser.readCodewords;160;org.dacapo.harness.DacapoClassLoader;org.dacapo.harness.DacapoClassLoader
ClassLoader.loadClass;com.google.zxing.qrcode.decoder.DataMask;com.google.zxing.qrcode.decoder.BitMatrixParser.readCodewords;160;org.dacapo.harness.DacapoClassLoader;org.dacapo.harness.DacapoClassLoader
ClassLoader.loadClass;com.google.zxing.qrcode.decoder.DecodedBitStreamParser$1;com.google.zxing.qrcode.decoder.DecodedBitStreamParser.decode;77;org.dacapo.harness.DacapoClassLoader;org.dacapo.harness.DacapoClassLoader
ClassLoader.loadClass;com.google.zxing.qrcode.decoder.DecodedBitStreamParser;com.google.zxing.qrcode.decoder.Decoder.decode;160;org.dacapo.harness.DacapoClassLoader;org.dacapo.harness.DacapoClassLoader
ClassLoader.loadClass;com.google.zxing.qrcode.decoder.Decoder;com.google.zxing.qrcode.QRCodeReader.<init>;48;org.dacapo.harness.DacapoClassLoader;org.dacapo.harness.DacapoClassLoader
ClassLoader.loadClass;com.google.zxing.qrcode.decoder.ErrorCorrectionLevel;com.google.zxing.qrcode.decoder.FormatInformation.<init>;74;org.dacapo.harness.DacapoClassLoader;org.dacapo.harness.DacapoClassLoader
ClassLoader.loadClass;com.google.zxing.qrcode.decoder.FormatInformation;com.google.zxing.qrcode.decoder.BitMatrixParser.readFormatInformation;82;org.dacapo.harness.DacapoClassLoader;org.dacapo.harness.DacapoClassLoader
ClassLoader.loadClass;com.google.zxing.qrcode.decoder.Mode;com.google.zxing.qrcode.decoder.DecodedBitStreamParser.decode;75;org.dacapo.harness.DacapoClassLoader;org.dacapo.harness.DacapoClassLoader
ClassLoader.loadClass;com.google.zxing.qrcode.decoder.Version$ECB;com.google.zxing.qrcode.decoder.Version.buildVersions;245;org.dacapo.harness.DacapoClassLoader;org.dacapo.harness.DacapoClassLoader
ClassLoader.loadClass;com.google.zxing.qrcode.decoder.Version$ECBlocks;com.google.zxing.qrcode.decoder.Version.buildVersions;245;org.dacapo.harness.DacapoClassLoader;org.dacapo.harness.DacapoClassLoader
ClassLoader.loadClass;com.google.zxing.qrcode.decoder.Version;com.google.zxing.qrcode.detector.Detector.processFinderPatternInfo;98;org.dacapo.harness.DacapoClassLoader;org.dacapo.harness.DacapoClassLoader
ClassLoader.loadClass;com.google.zxing.qrcode.detector.AlignmentPattern;com.google.zxing.qrcode.QRCodeReader.decode;77;org.dacapo.harness.DacapoClassLoader;org.dacapo.harness.DacapoClassLoader
ClassLoader.loadClass;com.google.zxing.qrcode.detector.AlignmentPatternFinder;com.google.zxing.qrcode.detector.Detector.findAlignmentInRegion;393;org.dacapo.harness.DacapoClassLoader;org.dacapo.harness.DacapoClassLoader
ClassLoader.loadClass;com.google.zxing.qrcode.detector.Detector;com.google.zxing.qrcode.QRCodeReader.decode;77;org.dacapo.harness.DacapoClassLoader;org.dacapo.harness.DacapoClassLoader
ClassLoader.loadClass;com.google.zxing.qrcode.detector.FinderPattern;com.google.zxing.qrcode.QRCodeReader.decode;77;org.dacapo.harness.DacapoClassLoader;org.dacapo.harness.DacapoClassLoader
ClassLoader.loadClass;com.google.zxing.qrcode.detector.FinderPatternFinder$EstimatedModuleComparator;com.google.zxing.qrcode.detector.FinderPatternFinder.<clinit>;45;org.dacapo.harness.DacapoClassLoader;org.dacapo.harness.DacapoClassLoader
ClassLoader.loadClass;com.google.zxing.qrcode.detector.FinderPatternFinder;com.google.zxing.qrcode.detector.Detector.detect;80;org.dacapo.harness.DacapoClassLoader;org.dacapo.harness.DacapoClassLoader
ClassLoader.loadClass;com.google.zxing.qrcode.detector.FinderPatternInfo;com.google.zxing.qrcode.detector.FinderPatternFinder.find;101;org.dacapo.harness.DacapoClassLoader;org.dacapo.harness.DacapoClassLoader
ClassLoader.loadClass;com.sun.org.apache.xerces.internal.jaxp.datatype.DatatypeFactoryImpl;java.lang.Class.forName0;;java.net.FactoryURLClassLoader;BootstrapClassLoader
ClassLoader.loadClass;java.awt.Graphics2D;com.google.zxing.client.j2se.BufferedImageLuminanceSource.rotateCounterClockwise;149;org.dacapo.harness.DacapoClassLoader;BootstrapClassLoader
ClassLoader.loadClass;java.awt.Image;com.google.zxing.client.j2se.DecodeWorker.decode;129;org.dacapo.harness.DacapoClassLoader;BootstrapClassLoader
ClassLoader.loadClass;java.awt.color.ColorSpace;com.github.jaiimageio.impl.plugins.wbmp.WBMPImageReaderSpi.onRegistration;96;org.dacapo.harness.DacapoClassLoader;BootstrapClassLoader
ClassLoader.loadClass;java.awt.geom.AffineTransform;com.google.zxing.client.j2se.BufferedImageLuminanceSource.rotateCounterClockwise;142;org.dacapo.harness.DacapoClassLoader;BootstrapClassLoader
ClassLoader.loadClass;java.awt.image.BufferedImage;com.google.zxing.client.j2se.DecodeWorker.decode;129;org.dacapo.harness.DacapoClassLoader;BootstrapClassLoader
ClassLoader.loadClass;java.awt.image.ColorModel;com.github.jaiimageio.impl.plugins.wbmp.WBMPImageReaderSpi.onRegistration;96;org.dacapo.harness.DacapoClassLoader;BootstrapClassLoader
ClassLoader.loadClass;java.awt.image.ComponentColorModel;com.github.jaiimageio.impl.plugins.wbmp.WBMPImageReaderSpi.onRegistration;96;org.dacapo.harness.DacapoClassLoader;BootstrapClassLoader
ClassLoader.loadClass;java.awt.image.DirectColorModel;com.github.jaiimageio.impl.plugins.wbmp.WBMPImageReaderSpi.onRegistration;96;org.dacapo.harness.DacapoClassLoader;BootstrapClassLoader
ClassLoader.loadClass;java.awt.image.IndexColorModel;com.github.jaiimageio.impl.plugins.wbmp.WBMPImageReaderSpi.onRegistration;96;org.dacapo.harness.DacapoClassLoader;BootstrapClassLoader
ClassLoader.loadClass;java.awt.image.RenderedImage;com.google.zxing.client.j2se.CommandLineRunner.main;93;org.dacapo.harness.DacapoClassLoader;BootstrapClassLoader
ClassLoader.loadClass;java.awt.image.WritableRaster;com.google.zxing.client.j2se.BufferedImageLuminanceSource.<init>;83;org.dacapo.harness.DacapoClassLoader;BootstrapClassLoader
ClassLoader.loadClass;java.io.BufferedInputStream;org.dacapo.harness.TestHarness.main;108;jdk.internal.loader.ClassLoaders$AppClassLoader;BootstrapClassLoader
ClassLoader.loadClass;java.io.BufferedOutputStream;jdk.nio.zipfs.ZipFileSystemProvider.getZipFileSystem;125;jdk.internal.loader.ClassLoaders$PlatformClassLoader;BootstrapClassLoader
ClassLoader.loadClass;java.io.BufferedReader;org.dacapo.harness.Benchmark.getDeps;358;jdk.internal.loader.ClassLoaders$AppClassLoader;BootstrapClassLoader
ClassLoader.loadClass;java.io.BufferedWriter;org.dacapo.harness.TestHarness.main;108;jdk.internal.loader.ClassLoaders$AppClassLoader;BootstrapClassLoader
ClassLoader.loadClass;java.io.ByteArrayInputStream;com.google.zxing.client.j2se.DecodeWorker.decode;125;org.dacapo.harness.DacapoClassLoader;BootstrapClassLoader
ClassLoader.loadClass;java.io.ByteArrayInputStream;jdk.nio.zipfs.ZipFileSystemProvider.getZipFileSystem;125;jdk.internal.loader.ClassLoaders$PlatformClassLoader;BootstrapClassLoader
ClassLoader.loadClass;java.io.ByteArrayOutputStream;com.google.zxing.aztec.decoder.Decoder.getEncodedData;115;org.dacapo.harness.DacapoClassLoader;BootstrapClassLoader
ClassLoader.loadClass;java.io.File;com.beust.jcommander.internal.DefaultConverterFactory.<clinit>;64;org.dacapo.harness.DacapoClassLoader;BootstrapClassLoader
ClassLoader.loadClass;java.io.FileInputStream;java.lang.Class.getDeclaredMethods0;;jdk.internal.loader.ClassLoaders$AppClassLoader;BootstrapClassLoader
ClassLoader.loadClass;java.io.FileNotFoundException;java.lang.Class.getDeclaredMethods0;;jdk.internal.loader.ClassLoaders$AppClassLoader;BootstrapClassLoader
ClassLoader.loadClass;java.io.FileOutputStream;org.dacapo.harness.TestHarness.main;108;jdk.internal.loader.ClassLoaders$AppClassLoader;BootstrapClassLoader
ClassLoader.loadClass;java.io.FileReader;org.dacapo.harness.TestHarness.main;105;jdk.internal.loader.ClassLoaders$AppClassLoader;BootstrapClassLoader
ClassLoader.loadClass;java.io.FileWriter;org.dacapo.harness.TestHarness.main;105;jdk.internal.loader.ClassLoaders$AppClassLoader;BootstrapClassLoader
ClassLoader.loadClass;java.io.FilterOutputStream;java.lang.ClassLoader.defineClass1;;jdk.internal.loader.ClassLoaders$AppClassLoader;BootstrapClassLoader
ClassLoader.loadClass;java.io.FilterOutputStream;java.lang.ClassLoader.defineClass2;;jdk.internal.loader.ClassLoaders$PlatformClassLoader;BootstrapClassLoader
ClassLoader.loadClass;java.io.IOException;com.google.zxing.client.j2se.CommandLineRunner.main;52;org.dacapo.harness.DacapoClassLoader;BootstrapClassLoader
ClassLoader.loadClass;java.io.IOException;java.lang.Class.getDeclaredMethods0;;jdk.internal.loader.ClassLoaders$PlatformClassLoader;BootstrapClassLoader
ClassLoader.loadClass;java.io.InputStream;com.google.zxing.client.j2se.DecodeWorker.decode;125;org.dacapo.harness.DacapoClassLoader;BootstrapClassLoader
ClassLoader.loadClass;java.io.InputStream;java.lang.Class.getDeclaredMethods0;;jdk.internal.loader.ClassLoaders$AppClassLoader;BootstrapClassLoader
ClassLoader.loadClass;java.io.InputStream;java.lang.Class.getDeclaredMethods0;;jdk.internal.loader.ClassLoaders$PlatformClassLoader;BootstrapClassLoader
ClassLoader.loadClass;java.io.InputStreamReader;org.dacapo.harness.TestHarness.main;101;jdk.internal.loader.ClassLoaders$AppClassLoader;BootstrapClassLoader
ClassLoader.loadClass;java.io.OutputStream;java.lang.Class.getDeclaredMethods0;;jdk.internal.loader.ClassLoaders$PlatformClassLoader;BootstrapClassLoader
ClassLoader.loadClass;java.io.OutputStream;org.dacapo.harness.TestHarness.main;108;jdk.internal.loader.ClassLoaders$AppClassLoader;BootstrapClassLoader
ClassLoader.loadClass;java.io.PrintStream;com.google.zxing.client.j2se.CommandLineRunner.main;104;org.dacapo.harness.DacapoClassLoader;BootstrapClassLoader
ClassLoader.loadClass;java.io.PrintStream;org.dacapo.harness.TestHarness.main;108;jdk.internal.loader.ClassLoaders$AppClassLoader;BootstrapClassLoader
ClassLoader.loadClass;java.io.Reader;org.dacapo.harness.TestHarness.main;101;jdk.internal.loader.ClassLoaders$AppClassLoader;BootstrapClassLoader
ClassLoader.loadClass;java.io.Serializable;java.lang.ClassLoader.defineClass1;;jdk.internal.loader.ClassLoaders$AppClassLoader;BootstrapClassLoader
ClassLoader.loadClass;java.io.Serializable;java.lang.ClassLoader.defineClass1;;org.dacapo.harness.DacapoClassLoader;BootstrapClassLoader
ClassLoader.loadClass;java.io.UnsupportedEncodingException;com.google.zxing.aztec.AztecReader.decode;69;org.dacapo.harness.DacapoClassLoader;BootstrapClassLoader
ClassLoader.loadClass;java.io.UnsupportedEncodingException;org.dacapo.parser.Config.parse;213;jdk.internal.loader.ClassLoaders$AppClassLoader;BootstrapClassLoader
ClassLoader.loadClass;java.io.Writer;org.dacapo.harness.TestHarness.main;105;jdk.internal.loader.ClassLoaders$AppClassLoader;BootstrapClassLoader
ClassLoader.loadClass;java.lang.Appendable;jdk.nio.zipfs.ZipFileSystem.getFileAttributes;550;jdk.internal.loader.ClassLoaders$PlatformClassLoader;BootstrapClassLoader
ClassLoader.loadClass;java.lang.ArithmeticException;com.google.zxing.qrcode.decoder.Decoder.<init>;41;org.dacapo.harness.DacapoClassLoader;BootstrapClassLoader
ClassLoader.loadClass;java.lang.ArrayIndexOutOfBoundsException;com.google.zxing.common.GridSampler.<clinit>;36;org.dacapo.harness.DacapoClassLoader;BootstrapClassLoader
ClassLoader.loadClass;java.lang.AssertionError;com.beust.jcommander.JCommander.addDescription;630;org.dacapo.harness.DacapoClassLoader;BootstrapClassLoader
ClassLoader.loadClass;java.lang.AssertionError;jdk.nio.zipfs.ZipFileSystem.<init>;1646;jdk.internal.loader.ClassLoaders$PlatformClassLoader;BootstrapClassLoader
ClassLoader.loadClass;java.lang.AssertionError;org.dacapo.harness.TestHarness.main;101;jdk.internal.loader.ClassLoaders$AppClassLoader;BootstrapClassLoader
ClassLoader.loadClass;java.lang.Boolean;com.beust.jcommander.internal.DefaultConverterFactory.<clinit>;62;org.dacapo.harness.DacapoClassLoader;BootstrapClassLoader
ClassLoader.loadClass;java.lang.Boolean;jdk.nio.zipfs.ZipFileSystem.lambda$static$0;87;jdk.internal.loader.ClassLoaders$PlatformClassLoader;BootstrapClassLoader
ClassLoader.loadClass;java.lang.Boolean;org.dacapo.harness.Benchmark.getDeps;386;jdk.internal.loader.ClassLoaders$AppClassLoader;BootstrapClassLoader
ClassLoader.loadClass;java.lang.Byte;com.google.zxing.oned.Code128Reader.decodeRow;248;org.dacapo.harness.DacapoClassLoader;BootstrapClassLoader
ClassLoader.loadClass;java.lang.Byte;jdk.nio.zipfs.ZipConstants.SH;184;jdk.internal.loader.ClassLoaders$PlatformClassLoader;BootstrapClassLoader
ClassLoader.loadClass;java.lang.CharSequence;com.beust.jcommander.JCommander.<init>;116;org.dacapo.harness.DacapoClassLoader;BootstrapClassLoader
ClassLoader.loadClass;java.lang.CharSequence;java.lang.Class.getDeclaredMethods0;;jdk.internal.loader.ClassLoaders$AppClassLoader;BootstrapClassLoader
ClassLoader.loadClass;java.lang.CharSequence;jdk.nio.zipfs.ZipFileSystemProvider.getZipFileSystem;125;jdk.internal.loader.ClassLoaders$PlatformClassLoader;BootstrapClassLoader
ClassLoader.loadClass;java.lang.Character;com.google.zxing.oned.UPCEANReader.checkStandardUPCEANChecksum;274;org.dacapo.harness.DacapoClassLoader;BootstrapClassLoader
ClassLoader.loadClass;java.lang.Character;org.apache.commons.cli.OptionValidator.isValidChar;33;jdk.internal.loader.ClassLoaders$AppClassLoader;BootstrapClassLoader
ClassLoader.loadClass;java.lang.Class;com.beust.jcommander.JCommander.addObject;317;org.dacapo.harness.DacapoClassLoader;BootstrapClassLoader
ClassLoader.loadClass;java.lang.Class;java.lang.Class.getDeclaredMethods0;;jdk.internal.loader.ClassLoaders$PlatformClassLoader;BootstrapClassLoader
ClassLoader.loadClass;java.lang.ClassLoader;java.lang.Class.getDeclaredMethods0;;jdk.internal.loader.ClassLoaders$AppClassLoader;BootstrapClassLoader
ClassLoader.loadClass;java.lang.ClassNotFoundException;java.lang.Class.getDeclaredConstructors0;;org.dacapo.harness.DacapoClassLoader;BootstrapClassLoader
ClassLoader.loadClass;java.lang.ClassNotFoundException;java.lang.Class.getDeclaredMethods0;;jdk.internal.loader.ClassLoaders$AppClassLoader;BootstrapClassLoader
ClassLoader.loadClass;java.lang.CloneNotSupportedException;org.dacapo.harness.CommandLineArgs.makeOption;482;jdk.internal.loader.ClassLoaders$AppClassLoader;BootstrapClassLoader
ClassLoader.loadClass;java.lang.Cloneable;java.lang.ClassLoader.defineClass1;;jdk.internal.loader.ClassLoaders$AppClassLoader;BootstrapClassLoader
ClassLoader.loadClass;java.lang.Cloneable;java.lang.ClassLoader.defineClass1;;org.dacapo.harness.DacapoClassLoader;BootstrapClassLoader
ClassLoader.loadClass;java.lang.Double;com.beust.jcommander.internal.DefaultConverterFactory.<clinit>;60;org.dacapo.harness.DacapoClassLoader;BootstrapClassLoader
ClassLoader.loadClass;java.lang.Enum;com.beust.jcommander.ParameterDescription.init;131;org.dacapo.harness.DacapoClassLoader;BootstrapClassLoader
ClassLoader.loadClass;java.lang.Enum;java.lang.ClassLoader.defineClass1;;jdk.internal.loader.ClassLoaders$AppClassLoader;BootstrapClassLoader
ClassLoader.loadClass;java.lang.Error;java.lang.Class.forName0;;org.dacapo.harness.DacapoClassLoader;BootstrapClassLoader
ClassLoader.loadClass;java.lang.Error;org.dacapo.parser.Config.parse;213;jdk.internal.loader.ClassLoaders$AppClassLoader;BootstrapClassLoader
ClassLoader.loadClass;java.lang.Exception;java.lang.Class.getDeclaredMethods0;;jdk.internal.loader.ClassLoaders$AppClassLoader;BootstrapClassLoader
ClassLoader.loadClass;java.lang.Exception;java.lang.Class.getDeclaredMethods0;;org.dacapo.harness.DacapoClassLoader;BootstrapClassLoader
ClassLoader.loadClass;java.lang.Exception;jdk.nio.zipfs.ZipFileSystemProvider.getZipFileSystem;125;jdk.internal.loader.ClassLoaders$PlatformClassLoader;BootstrapClassLoader
ClassLoader.loadClass;java.lang.Float;com.beust.jcommander.internal.DefaultConverterFactory.<clinit>;58;org.dacapo.harness.DacapoClassLoader;BootstrapClassLoader
ClassLoader.loadClass;java.lang.IllegalAccessException;com.google.zxing.client.j2se.CommandLineRunner.main;52;org.dacapo.harness.DacapoClassLoader;BootstrapClassLoader
ClassLoader.loadClass;java.lang.IllegalAccessException;java.lang.Class.getDeclaredMethods0;;jdk.internal.loader.ClassLoaders$AppClassLoader;BootstrapClassLoader
ClassLoader.loadClass;java.lang.IllegalAccessException;java.lang.Class.getDeclaredMethods0;;jdk.internal.loader.ClassLoaders$PlatformClassLoader;BootstrapClassLoader
ClassLoader.loadClass;java.lang.IllegalArgumentException;com.google.zxing.client.j2se.CommandLineRunner.main;52;org.dacapo.harness.DacapoClassLoader;BootstrapClassLoader
ClassLoader.loadClass;java.lang.IllegalArgumentException;java.lang.Class.getDeclaredMethods0;;jdk.internal.loader.ClassLoaders$PlatformClassLoader;BootstrapClassLoader
ClassLoader.loadClass;java.lang.IllegalArgumentException;org.apache.commons.cli.Option.<init>;387;jdk.internal.loader.ClassLoaders$AppClassLoader;BootstrapClassLoader
ClassLoader.loadClass;java.lang.IllegalStateException;com.google.zxing.client.j2se.CommandLineRunner.main;52;org.dacapo.harness.DacapoClassLoader;BootstrapClassLoader
ClassLoader.loadClass;java.lang.IllegalStateException;jdk.nio.zipfs.ZipPath.newDirectoryStream;755;jdk.internal.loader.ClassLoaders$PlatformClassLoader;BootstrapClassLoader
ClassLoader.loadClass;java.lang.InstantiationException;com.google.zxing.client.j2se.CommandLineRunner.main;52;org.dacapo.harness.DacapoClassLoader;BootstrapClassLoader
ClassLoader.loadClass;java.lang.InstantiationException;java.lang.Class.getDeclaredMethods0;;jdk.internal.loader.ClassLoaders$AppClassLoader;BootstrapClassLoader
ClassLoader.loadClass;java.lang.InstantiationException;java.lang.Class.getDeclaredMethods0;;jdk.internal.loader.ClassLoaders$PlatformClassLoader;BootstrapClassLoader
ClassLoader.loadClass;java.lang.Integer;com.beust.jcommander.internal.DefaultConverterFactory.<clinit>;54;org.dacapo.harness.DacapoClassLoader;BootstrapClassLoader
ClassLoader.loadClass;java.lang.Integer;org.dacapo.harness.CommandLineArgs.getIterations;331;jdk.internal.loader.ClassLoaders$AppClassLoader;BootstrapClassLoader
ClassLoader.loadClass;java.lang.InternalError;java.lang.Class.getDeclaredMethods0;;jdk.internal.loader.ClassLoaders$PlatformClassLoader;BootstrapClassLoader
ClassLoader.loadClass;java.lang.Iterable;java.lang.Class.forName0;;org.dacapo.harness.DacapoClassLoader;BootstrapClassLoader
ClassLoader.loadClass;java.lang.Iterable;jdk.nio.zipfs.ZipFileSystemProvider.getZipFileSystem;125;jdk.internal.loader.ClassLoaders$PlatformClassLoader;BootstrapClassLoader
ClassLoader.loadClass;java.lang.Iterable;org.dacapo.harness.TestHarness.main;101;jdk.internal.loader.ClassLoaders$AppClassLoader;BootstrapClassLoader
ClassLoader.loadClass;java.lang.Long;com.beust.jcommander.internal.DefaultConverterFactory.<clinit>;56;org.dacapo.harness.DacapoClassLoader;BootstrapClassLoader
ClassLoader.loadClass;java.lang.Math;com.google.zxing.client.j2se.CommandLineRunner.main;87;org.dacapo.harness.DacapoClassLoader;BootstrapClassLoader
ClassLoader.loadClass;java.lang.NoClassDefFoundError;com.beust.jcommander.JCommander.<init>;215;org.dacapo.harness.DacapoClassLoader;BootstrapClassLoader
ClassLoader.loadClass;java.lang.NoSuchFieldError;com.google.zxing.qrcode.decoder.DecodedBitStreamParser.decode;77;org.dacapo.harness.DacapoClassLoader;BootstrapClassLoader
ClassLoader.loadClass;java.lang.NoSuchFieldError;org.dacapo.parser.Config.getThreadCount;736;jdk.internal.loader.ClassLoaders$AppClassLoader;BootstrapClassLoader
ClassLoader.loadClass;java.lang.NoSuchFieldException;com.beust.jcommander.parser.DefaultParameterizedParser.parseArg;23;org.dacapo.harness.DacapoClassLoader;BootstrapClassLoader
ClassLoader.loadClass;java.lang.NoSuchMethodError;java.lang.Class.getDeclaredConstructors0;;org.dacapo.harness.DacapoClassLoader;BootstrapClassLoader
ClassLoader.loadClass;java.lang.NoSuchMethodException;com.beust.jcommander.parser.DefaultParameterizedParser.parseArg;23;org.dacapo.harness.DacapoClassLoader;BootstrapClassLoader
ClassLoader.loadClass;java.lang.NoSuchMethodException;java.lang.Class.getDeclaredMethods0;;jdk.internal.loader.ClassLoaders$AppClassLoader;BootstrapClassLoader
ClassLoader.loadClass;java.lang.NullPointerException;com.google.zxing.client.j2se.CommandLineRunner.main;52;org.dacapo.harness.DacapoClassLoader;BootstrapClassLoader
ClassLoader.loadClass;java.lang.NullPointerException;java.lang.Class.getDeclaredMethods0;;jdk.internal.loader.ClassLoaders$PlatformClassLoader;BootstrapClassLoader
ClassLoader.loadClass;java.lang.NumberFormatException;com.google.zxing.pdf417.decoder.PDF417ScanningDecoder.decodeCodewords;537;org.dacapo.harness.DacapoClassLoader;BootstrapClassLoader
ClassLoader.loadClass;java.lang.NumberFormatException;jdk.nio.zipfs.ZipFileSystemProvider.getZipFileSystem;125;jdk.internal.loader.ClassLoaders$PlatformClassLoader;BootstrapClassLoader
ClassLoader.loadClass;java.lang.NumberFormatException;org.dacapo.harness.TestHarness.main;108;jdk.internal.loader.ClassLoaders$AppClassLoader;BootstrapClassLoader
ClassLoader.loadClass;java.lang.Object;java.lang.Class.getDeclaredMethods0;;jdk.internal.loader.ClassLoaders$PlatformClassLoader;BootstrapClassLoader
ClassLoader.loadClass;java.lang.Object;java.lang.ClassLoader.defineClass1;;org.dacapo.harness.DacapoClassLoader;BootstrapClassLoader
ClassLoader.loadClass;java.lang.Package;com.github.jaiimageio.impl.common.PackageUtil.<clinit>;91;org.dacapo.harness.DacapoClassLoader;BootstrapClassLoader
ClassLoader.loadClass;java.lang.ReflectiveOperationException;com.google.zxing.client.j2se.CommandLineRunner.main;52;org.dacapo.harness.DacapoClassLoader;BootstrapClassLoader
ClassLoader.loadClass;java.lang.ReflectiveOperationException;java.lang.Class.getDeclaredMethods0;;jdk.internal.loader.ClassLoaders$PlatformClassLoader;BootstrapClassLoader
ClassLoader.loadClass;java.lang.RuntimeException;java.lang.Class.getDeclaredMethods0;;jdk.internal.loader.ClassLoaders$AppClassLoader;BootstrapClassLoader
ClassLoader.loadClass;java.lang.RuntimeException;java.lang.ClassLoader.defineClass1;;org.dacapo.harness.DacapoClassLoader;BootstrapClassLoader
ClassLoader.loadClass;java.lang.SecurityException;com.beust.jcommander.parser.DefaultParameterizedParser.parseArg;23;org.dacapo.harness.DacapoClassLoader;BootstrapClassLoader
ClassLoader.loadClass;java.lang.StackTraceElement;com.google.zxing.ReaderException.<clinit>;31;org.dacapo.harness.DacapoClassLoader;BootstrapClassLoader
ClassLoader.loadClass;java.lang.String;java.lang.Class.getDeclaredMethods0;;jdk.internal.loader.ClassLoaders$PlatformClassLoader;BootstrapClassLoader
ClassLoader.loadClass;java.lang.String;java.lang.Class.getDeclaredMethods0;;org.dacapo.harness.DacapoClassLoader;BootstrapClassLoader
ClassLoader.loadClass;java.lang.StringBuffer;org.dacapo.harness.Digest.toString;44;jdk.internal.loader.ClassLoaders$AppClassLoader;BootstrapClassLoader
ClassLoader.loadClass;java.lang.StringBuilder;com.beust.jcommander.JCommander.addDescription;636;org.dacapo.harness.DacapoClassLoader;BootstrapClassLoader
ClassLoader.loadClass;java.lang.StringBuilder;org.dacapo.harness.Data.<clinit>;39;jdk.internal.loader.ClassLoaders$AppClassLoader;BootstrapClassLoader
ClassLoader.loadClass;java.lang.System;Harness.makeHarnessClassLoader;51;jdk.internal.loader.ClassLoaders$AppClassLoader;BootstrapClassLoader
ClassLoader.loadClass;java.lang.System;com.beust.jcommander.JCommander.p;1245;org.dacapo.harness.DacapoClassLoader;BootstrapClassLoader
ClassLoader.loadClass;java.lang.System;jdk.nio.zipfs.ZipFileSystem.lambda$static$0;87;jdk.internal.loader.ClassLoaders$PlatformClassLoader;BootstrapClassLoader
ClassLoader.loadClass;java.lang.Thread;com.google.zxing.MultiFormatReader.decodeInternal;172;org.dacapo.harness.DacapoClassLoader;BootstrapClassLoader
ClassLoader.loadClass;java.lang.ThreadLocal;jdk.nio.zipfs.ZipFileSystem$IndexNode.<clinit>;2593;jdk.internal.loader.ClassLoaders$PlatformClassLoader;BootstrapClassLoader
ClassLoader.loadClass;java.lang.Throwable;java.lang.Class.forName0;;org.dacapo.harness.DacapoClassLoader;BootstrapClassLoader
ClassLoader.loadClass;java.lang.Throwable;java.lang.Class.getDeclaredMethods0;;jdk.internal.loader.ClassLoaders$PlatformClassLoader;BootstrapClassLoader
ClassLoader.loadClass;java.lang.UnsupportedOperationException;com.google.zxing.client.j2se.DecodeWorker.decode;129;org.dacapo.harness.DacapoClassLoader;BootstrapClassLoader
ClassLoader.loadClass;java.lang.UnsupportedOperationException;java.lang.Class.getDeclaredMethods0;;jdk.internal.loader.ClassLoaders$PlatformClassLoader;BootstrapClassLoader
ClassLoader.loadClass;java.lang.UnsupportedOperationException;org.dacapo.harness.CommandLineArgs.makeOption;482;jdk.internal.loader.ClassLoaders$AppClassLoader;BootstrapClassLoader
ClassLoader.loadClass;java.lang.Void;com.google.zxing.DecodeHintType.<clinit>;41;org.dacapo.harness.DacapoClassLoader;BootstrapClassLoader
ClassLoader.loadClass;java.lang.annotation.Annotation;java.lang.ClassLoader.defineClass1;;org.dacapo.harness.DacapoClassLoader;BootstrapClassLoader
ClassLoader.loadClass;java.lang.annotation.Retention;java.lang.Class.forName0;;org.dacapo.harness.DacapoClassLoader;BootstrapClassLoader
ClassLoader.loadClass;java.lang.annotation.RetentionPolicy;java.lang.Class.forName0;;org.dacapo.harness.DacapoClassLoader;BootstrapClassLoader
ClassLoader.loadClass;java.lang.annotation.Target;java.lang.Class.forName0;;org.dacapo.harness.DacapoClassLoader;BootstrapClassLoader
ClassLoader.loadClass;java.lang.invoke.LambdaMetafactory;jdk.nio.zipfs.ZipFileSystem.<clinit>;86;jdk.internal.loader.ClassLoaders$PlatformClassLoader;BootstrapClassLoader
ClassLoader.loadClass;java.lang.invoke.LambdaMetafactory;org.dacapo.harness.CommandLineArgs.extractBenchmarkSet;291;jdk.internal.loader.ClassLoaders$AppClassLoader;BootstrapClassLoader
ClassLoader.loadClass;java.lang.reflect.Constructor;com.beust.jcommander.JCommander.instantiateConverter;1360;org.dacapo.harness.DacapoClassLoader;BootstrapClassLoader
ClassLoader.loadClass;java.lang.reflect.Constructor;org.dacapo.harness.TestHarness.runBenchmark;218;jdk.internal.loader.ClassLoaders$AppClassLoader;BootstrapClassLoader
ClassLoader.loadClass;java.lang.reflect.Field;com.beust.jcommander.Parameterized.parseArg;106;org.dacapo.harness.DacapoClassLoader;BootstrapClassLoader
ClassLoader.loadClass;java.lang.reflect.InvocationHandler;java.lang.Class.getDeclaredConstructors0;;org.dacapo.harness.DacapoClassLoader;BootstrapClassLoader
ClassLoader.loadClass;java.lang.reflect.InvocationTargetException;com.google.zxing.client.j2se.CommandLineRunner.main;52;org.dacapo.harness.DacapoClassLoader;BootstrapClassLoader
ClassLoader.loadClass;java.lang.reflect.InvocationTargetException;java.lang.Class.getDeclaredMethods0;;jdk.internal.loader.ClassLoaders$AppClassLoader;BootstrapClassLoader
ClassLoader.loadClass;java.lang.reflect.Method;Harness.main;39;jdk.internal.loader.ClassLoaders$AppClassLoader;BootstrapClassLoader
ClassLoader.loadClass;java.lang.reflect.Method;com.beust.jcommander.Parameterized.parseArg;123;org.dacapo.harness.DacapoClassLoader;BootstrapClassLoader
ClassLoader.loadClass;java.lang.reflect.Modifier;com.beust.jcommander.Parameterized.setFieldAccessible;249;org.dacapo.harness.DacapoClassLoader;BootstrapClassLoader
ClassLoader.loadClass;java.lang.reflect.ParameterizedType;com.beust.jcommander.JCommander.parseValues;774;org.dacapo.harness.DacapoClassLoader;BootstrapClassLoader
ClassLoader.loadClass;java.lang.reflect.Proxy;java.lang.ClassLoader.defineClass1;;org.dacapo.harness.DacapoClassLoader;BootstrapClassLoader
ClassLoader.loadClass;java.lang.reflect.UndeclaredThrowableException;java.lang.Class.getDeclaredConstructors0;;org.dacapo.harness.DacapoClassLoader;BootstrapClassLoader
ClassLoader.loadClass;java.math.BigDecimal;com.beust.jcommander.internal.DefaultConverterFactory.<clinit>;65;org.dacapo.harness.DacapoClassLoader;BootstrapClassLoader
ClassLoader.loadClass;java.math.BigInteger;com.google.zxing.pdf417.decoder.DecodedBitStreamParser.<clinit>;86;org.dacapo.harness.DacapoClassLoader;BootstrapClassLoader
ClassLoader.loadClass;java.net.URI;com.beust.jcommander.internal.DefaultConverterFactory.<clinit>;67;org.dacapo.harness.DacapoClassLoader;BootstrapClassLoader
ClassLoader.loadClass;java.net.URI;java.lang.Class.getDeclaredMethods0;;jdk.internal.loader.ClassLoaders$PlatformClassLoader;BootstrapClassLoader
ClassLoader.loadClass;java.net.URISyntaxException;java.lang.Class.forName0;;org.dacapo.harness.DacapoClassLoader;BootstrapClassLoader
ClassLoader.loadClass;java.net.URISyntaxException;java.lang.Class.getDeclaredMethods0;;jdk.internal.loader.ClassLoaders$PlatformClassLoader;BootstrapClassLoader
ClassLoader.loadClass;java.net.URL;com.beust.jcommander.internal.DefaultConverterFactory.<clinit>;68;org.dacapo.harness.DacapoClassLoader;BootstrapClassLoader
ClassLoader.loadClass;java.net.URLClassLoader;java.lang.Class.getDeclaredMethods0;;jdk.internal.loader.ClassLoaders$AppClassLoader;BootstrapClassLoader
ClassLoader.loadClass;java.nio.ByteBuffer;jdk.nio.zipfs.ZipFileSystem.readFullyAt;1233;jdk.internal.loader.ClassLoaders$PlatformClassLoader;BootstrapClassLoader
ClassLoader.loadClass;java.nio.channels.AsynchronousFileChannel;java.lang.Class.getDeclaredMethods0;;jdk.internal.loader.ClassLoaders$PlatformClassLoader;BootstrapClassLoader
ClassLoader.loadClass;java.nio.channels.FileChannel;java.lang.Class.getDeclaredMethods0;;jdk.internal.loader.ClassLoaders$PlatformClassLoader;BootstrapClassLoader
ClassLoader.loadClass;java.nio.channels.NonReadableChannelException;java.lang.Class.getDeclaredConstructors0;;org.dacapo.harness.DacapoClassLoader;BootstrapClassLoader
ClassLoader.loadClass;java.nio.channels.ReadableByteChannel;com.github.jaiimageio.impl.stream.ChannelImageInputStreamSpi.<init>;66;org.dacapo.harness.DacapoClassLoader;BootstrapClassLoader
ClassLoader.loadClass;java.nio.channels.SeekableByteChannel;java.lang.Class.getDeclaredMethods0;;jdk.internal.loader.ClassLoaders$PlatformClassLoader;BootstrapClassLoader
ClassLoader.loadClass;java.nio.channels.WritableByteChannel;com.github.jaiimageio.impl.stream.ChannelImageOutputStreamSpi.<init>;67;org.dacapo.harness.DacapoClassLoader;BootstrapClassLoader
ClassLoader.loadClass;java.nio.charset.Charset;com.beust.jcommander.JCommander$Options.<init>;206;org.dacapo.harness.DacapoClassLoader;BootstrapClassLoader
ClassLoader.loadClass;java.nio.charset.Charset;jdk.nio.zipfs.ZipCoder.get;72;jdk.internal.loader.ClassLoaders$PlatformClassLoader;BootstrapClassLoader
ClassLoader.loadClass;java.nio.charset.StandardCharsets;com.google.zxing.common.StringUtils.guessCharset;224;org.dacapo.harness.DacapoClassLoader;BootstrapClassLoader
ClassLoader.loadClass;java.nio.charset.StandardCharsets;jdk.nio.zipfs.ZipCoder$UTF8.<init>;49;jdk.internal.loader.ClassLoaders$PlatformClassLoader;BootstrapClassLoader
ClassLoader.loadClass;java.nio.charset.UnsupportedCharsetException;com.google.zxing.qrcode.decoder.DecodedBitStreamParser.decodeByteSegment;264;org.dacapo.harness.DacapoClassLoader;BootstrapClassLoader
ClassLoader.loadClass;java.nio.file.AccessDeniedException;jdk.nio.zipfs.ZipFileSystem.<init>;176;jdk.internal.loader.ClassLoaders$PlatformClassLoader;BootstrapClassLoader
ClassLoader.loadClass;java.nio.file.AccessMode;java.lang.Class.getDeclaredMethods0;;jdk.internal.loader.ClassLoaders$PlatformClassLoader;BootstrapClassLoader
ClassLoader.loadClass;java.nio.file.ClosedDirectoryStreamException;jdk.nio.zipfs.ZipPath.newDirectoryStream;755;jdk.internal.loader.ClassLoaders$PlatformClassLoader;BootstrapClassLoader
ClassLoader.loadClass;java.nio.file.ClosedFileSystemException;jdk.nio.zipfs.ZipFileSystemProvider.getZipFileSystem;125;jdk.internal.loader.ClassLoaders$PlatformClassLoader;BootstrapClassLoader
ClassLoader.loadClass;java.nio.file.CopyOption;java.lang.Class.getDeclaredMethods0;;jdk.internal.loader.ClassLoaders$PlatformClassLoader;BootstrapClassLoader
ClassLoader.loadClass;java.nio.file.DirectoryIteratorException;jdk.nio.zipfs.ZipPath.newDirectoryStream;755;jdk.internal.loader.ClassLoaders$PlatformClassLoader;BootstrapClassLoader
ClassLoader.loadClass;java.nio.file.DirectoryNotEmptyException;jdk.nio.zipfs.ZipFileSystemProvider.getZipFileSystem;125;jdk.internal.loader.ClassLoaders$PlatformClassLoader;BootstrapClassLoader
ClassLoader.loadClass;java.nio.file.DirectoryStream$Filter;java.lang.Class.getDeclaredMethods0;;jdk.internal.loader.ClassLoaders$PlatformClassLoader;BootstrapClassLoader
ClassLoader.loadClass;java.nio.file.DirectoryStream;com.google.zxing.client.j2se.CommandLineRunner.expand;116;org.dacapo.harness.DacapoClassLoader;BootstrapClassLoader
ClassLoader.loadClass;java.nio.file.DirectoryStream;java.lang.Class.getDeclaredMethods0;;jdk.internal.loader.ClassLoaders$PlatformClassLoader;BootstrapClassLoader
ClassLoader.loadClass;java.nio.file.FileAlreadyExistsException;jdk.nio.zipfs.ZipFileSystemProvider.getZipFileSystem;125;jdk.internal.loader.ClassLoaders$PlatformClassLoader;BootstrapClassLoader
ClassLoader.loadClass;java.nio.file.FileStore;java.lang.Class.getDeclaredMethods0;;jdk.internal.loader.ClassLoaders$PlatformClassLoader;BootstrapClassLoader
ClassLoader.loadClass;java.nio.file.FileSystem;java.lang.Class.getDeclaredMethods0;;jdk.internal.loader.ClassLoaders$PlatformClassLoader;BootstrapClassLoader
ClassLoader.loadClass;java.nio.file.FileSystem;org.dacapo.harness.CommandLineArgs.extractBenchmarkSet;286;jdk.internal.loader.ClassLoaders$AppClassLoader;BootstrapClassLoader
ClassLoader.loadClass;java.nio.file.FileSystemAlreadyExistsException;java.lang.Class.getDeclaredMethods0;;jdk.internal.loader.ClassLoaders$PlatformClassLoader;BootstrapClassLoader
ClassLoader.loadClass;java.nio.file.FileSystemException;jdk.nio.zipfs.ZipFileSystemProvider.getZipFileSystem;125;jdk.internal.loader.ClassLoaders$PlatformClassLoader;BootstrapClassLoader
ClassLoader.loadClass;java.nio.file.FileSystemNotFoundException;java.lang.Class.getDeclaredMethods0;;jdk.internal.loader.ClassLoaders$PlatformClassLoader;BootstrapClassLoader
ClassLoader.loadClass;java.nio.file.FileSystems;org.dacapo.harness.CommandLineArgs.extractBenchmarkSet;285;jdk.internal.loader.ClassLoaders$AppClassLoader;BootstrapClassLoader
ClassLoader.loadClass;java.nio.file.FileVisitOption;org.dacapo.harness.CommandLineArgs.extractBenchmarkSet;291;jdk.internal.loader.ClassLoaders$AppClassLoader;BootstrapClassLoader
ClassLoader.loadClass;java.nio.file.Files;com.google.zxing.client.j2se.CommandLineRunner.isExpandable;157;org.dacapo.harness.DacapoClassLoader;BootstrapClassLoader
ClassLoader.loadClass;java.nio.file.Files;jdk.nio.zipfs.ZipFileSystemProvider.ensureFile;85;jdk.internal.loader.ClassLoaders$PlatformClassLoader;BootstrapClassLoader
ClassLoader.loadClass;java.nio.file.Files;org.dacapo.harness.CommandLineArgs.extractBenchmarkSet;291;jdk.internal.loader.ClassLoaders$AppClassLoader;BootstrapClassLoader
ClassLoader.loadClass;java.nio.file.InvalidPathException;jdk.nio.zipfs.ZipFileSystem.<init>;176;jdk.internal.loader.ClassLoaders$PlatformClassLoader;BootstrapClassLoader
ClassLoader.loadClass;java.nio.file.LinkOption;com.google.zxing.client.j2se.CommandLineRunner.isExpandable;157;org.dacapo.harness.DacapoClassLoader;BootstrapClassLoader
ClassLoader.loadClass;java.nio.file.LinkOption;java.lang.Class.getDeclaredMethods0;;jdk.internal.loader.ClassLoaders$PlatformClassLoader;BootstrapClassLoader
ClassLoader.loadClass;java.nio.file.NoSuchFileException;jdk.nio.zipfs.ZipFileSystemProvider.getZipFileSystem;125;jdk.internal.loader.ClassLoaders$PlatformClassLoader;BootstrapClassLoader
ClassLoader.loadClass;java.nio.file.NotDirectoryException;jdk.nio.zipfs.ZipFileSystemProvider.getZipFileSystem;125;jdk.internal.loader.ClassLoaders$PlatformClassLoader;BootstrapClassLoader
ClassLoader.loadClass;java.nio.file.OpenOption;java.lang.Class.getDeclaredMethods0;;jdk.internal.loader.ClassLoaders$PlatformClassLoader;BootstrapClassLoader
ClassLoader.loadClass;java.nio.file.OpenOption;org.dacapo.harness.Benchmark.getMD5;403;jdk.internal.loader.ClassLoaders$AppClassLoader;BootstrapClassLoader
ClassLoader.loadClass;java.nio.file.Path;com.beust.jcommander.internal.DefaultConverterFactory.<clinit>;71;org.dacapo.harness.DacapoClassLoader;BootstrapClassLoader
ClassLoader.loadClass;java.nio.file.Path;java.lang.Class.getDeclaredMethods0;;jdk.internal.loader.ClassLoaders$PlatformClassLoader;BootstrapClassLoader
ClassLoader.loadClass;java.nio.file.Path;org.dacapo.harness.CommandLineArgs.extractBenchmarkSet;291;jdk.internal.loader.ClassLoaders$AppClassLoader;BootstrapClassLoader
ClassLoader.loadClass;java.nio.file.Paths;com.google.zxing.client.j2se.CommandLineRunner.expand;130;org.dacapo.harness.DacapoClassLoader;BootstrapClassLoader
ClassLoader.loadClass;java.nio.file.Paths;jdk.nio.zipfs.ZipFileSystemProvider.uriToPath;76;jdk.internal.loader.ClassLoaders$PlatformClassLoader;BootstrapClassLoader
ClassLoader.loadClass;java.nio.file.Paths;org.dacapo.harness.Data.<clinit>;36;jdk.internal.loader.ClassLoaders$AppClassLoader;BootstrapClassLoader
ClassLoader.loadClass;java.nio.file.ProviderMismatchException;java.lang.Class.getDeclaredMethods0;;jdk.internal.loader.ClassLoaders$PlatformClassLoader;BootstrapClassLoader
ClassLoader.loadClass;java.nio.file.ReadOnlyFileSystemException;jdk.nio.zipfs.ZipFileSystemProvider.getZipFileSystem;125;jdk.internal.loader.ClassLoaders$PlatformClassLoader;BootstrapClassLoader
ClassLoader.loadClass;java.nio.file.StandardOpenOption;jdk.nio.zipfs.ZipFileSystem.<init>;177;jdk.internal.loader.ClassLoaders$PlatformClassLoader;BootstrapClassLoader
ClassLoader.loadClass;java.nio.file.attribute.BasicFileAttributeView;java.lang.ClassLoader.defineClass2;;jdk.internal.loader.ClassLoaders$PlatformClassLoader;BootstrapClassLoader
ClassLoader.loadClass;java.nio.file.attribute.BasicFileAttributes;java.lang.Class.getDeclaredMethods0;;jdk.internal.loader.ClassLoaders$PlatformClassLoader;BootstrapClassLoader
ClassLoader.loadClass;java.nio.file.attribute.FileAttribute;java.lang.Class.getDeclaredMethods0;;jdk.internal.loader.ClassLoaders$PlatformClassLoader;BootstrapClassLoader
ClassLoader.loadClass;java.nio.file.attribute.FileAttributeView;java.lang.Class.getDeclaredMethods0;;jdk.internal.loader.ClassLoaders$PlatformClassLoader;BootstrapClassLoader
ClassLoader.loadClass;java.nio.file.attribute.PosixFileAttributeView;java.lang.ClassLoader.defineClass2;;jdk.internal.loader.ClassLoaders$PlatformClassLoader;BootstrapClassLoader
ClassLoader.loadClass;java.nio.file.attribute.PosixFileAttributes;java.lang.ClassLoader.defineClass2;;jdk.internal.loader.ClassLoaders$PlatformClassLoader;BootstrapClassLoader
ClassLoader.loadClass;java.nio.file.attribute.PosixFilePermissions;jdk.nio.zipfs.ZipFileSystem.<clinit>;101;jdk.internal.loader.ClassLoaders$PlatformClassLoader;BootstrapClassLoader
ClassLoader.loadClass;java.nio.file.spi.FileSystemProvider;java.lang.ClassLoader.defineClass2;;jdk.internal.loader.ClassLoaders$PlatformClassLoader;BootstrapClassLoader
ClassLoader.loadClass;java.security.AccessController;jdk.nio.zipfs.ZipFileSystem.<clinit>;86;jdk.internal.loader.ClassLoaders$PlatformClassLoader;BootstrapClassLoader
ClassLoader.loadClass;java.security.BasicPermission;java.lang.ClassLoader.defineClass1;;jdk.internal.loader.ClassLoaders$AppClassLoader;BootstrapClassLoader
ClassLoader.loadClass;java.security.CodeSource;org.dacapo.harness.TestHarness.getManifestAttribute;284;jdk.internal.loader.ClassLoaders$AppClassLoader;BootstrapClassLoader
ClassLoader.loadClass;java.security.MessageDigest;org.dacapo.harness.Benchmark.getMD5;401;jdk.internal.loader.ClassLoaders$AppClassLoader;BootstrapClassLoader
ClassLoader.loadClass;java.security.NoSuchAlgorithmException;org.dacapo.harness.FileDigest.getText;84;jdk.internal.loader.ClassLoaders$AppClassLoader;BootstrapClassLoader
ClassLoader.loadClass;java.security.Permission;org.dacapo.harness.Benchmark.getMD5;409;jdk.internal.loader.ClassLoaders$AppClassLoader;BootstrapClassLoader
ClassLoader.loadClass;java.security.PrivilegedAction;com.github.jaiimageio.impl.plugins.wbmp.WBMPImageReaderSpi.<init>;70;org.dacapo.harness.DacapoClassLoader;BootstrapClassLoader
ClassLoader.loadClass;java.security.PrivilegedAction;jdk.nio.zipfs.ZipFileSystem.<clinit>;86;jdk.internal.loader.ClassLoaders$PlatformClassLoader;BootstrapClassLoader
ClassLoader.loadClass;java.security.PrivilegedActionException;java.lang.Class.getDeclaredMethods0;;jdk.internal.loader.ClassLoaders$PlatformClassLoader;BootstrapClassLoader
ClassLoader.loadClass;java.security.ProtectionDomain;org.dacapo.harness.TestHarness.getManifestAttribute;284;jdk.internal.loader.ClassLoaders$AppClassLoader;BootstrapClassLoader
ClassLoader.loadClass;java.text.DecimalFormat;com.google.zxing.maxicode.decoder.Decoder.decode;80;org.dacapo.harness.DacapoClassLoader;BootstrapClassLoader
ClassLoader.loadClass;java.text.NumberFormat;com.google.zxing.maxicode.decoder.Decoder.decode;80;org.dacapo.harness.DacapoClassLoader;BootstrapClassLoader
ClassLoader.loadClass;java.time.DateTimeException;jdk.nio.zipfs.ZipFileSystem$Entry.readCEN;2798;jdk.internal.loader.ClassLoaders$PlatformClassLoader;BootstrapClassLoader
ClassLoader.loadClass;java.time.LocalDateTime;jdk.nio.zipfs.ZipUtils.dosToJavaTime;216;jdk.internal.loader.ClassLoaders$PlatformClassLoader;BootstrapClassLoader
ClassLoader.loadClass;java.time.ZoneId;jdk.nio.zipfs.ZipUtils.dosToJavaTime;218;jdk.internal.loader.ClassLoaders$PlatformClassLoader;BootstrapClassLoader
ClassLoader.loadClass;java.time.zone.ZoneRules;jdk.nio.zipfs.ZipUtils.dosToJavaTime;218;jdk.internal.loader.ClassLoaders$PlatformClassLoader;BootstrapClassLoader
ClassLoader.loadClass;java.util.ArrayList;com.beust.jcommander.internal.Lists.newArrayList;30;org.dacapo.harness.DacapoClassLoader;BootstrapClassLoader
ClassLoader.loadClass;java.util.ArrayList;jdk.nio.zipfs.ZipFileSystem.<init>;2390;jdk.internal.loader.ClassLoaders$PlatformClassLoader;BootstrapClassLoader
ClassLoader.loadClass;java.util.ArrayList;org.apache.commons.cli.Option.<init>;328;jdk.internal.loader.ClassLoaders$AppClassLoader;BootstrapClassLoader
ClassLoader.loadClass;java.util.Arrays;com.beust.jcommander.JCommander.expandDynamicArg;486;org.dacapo.harness.DacapoClassLoader;BootstrapClassLoader
ClassLoader.loadClass;java.util.Arrays;jdk.nio.zipfs.ZipFileSystem$IndexNode.name;2606;jdk.internal.loader.ClassLoaders$PlatformClassLoader;BootstrapClassLoader
ClassLoader.loadClass;java.util.Arrays;org.apache.commons.cli.PosixParser.flatten;124;jdk.internal.loader.ClassLoaders$AppClassLoader;BootstrapClassLoader
ClassLoader.loadClass;java.util.Calendar;javax.xml.bind.DatatypeConverter.initConverter;155;jdk.internal.loader.ClassLoaders$AppClassLoader;BootstrapClassLoader
ClassLoader.loadClass;java.util.Collection;java.lang.Class.forName0;;org.dacapo.harness.DacapoClassLoader;BootstrapClassLoader
ClassLoader.loadClass;java.util.Collection;jdk.nio.zipfs.ZipFileSystemProvider.getZipFileSystem;125;jdk.internal.loader.ClassLoaders$PlatformClassLoader;BootstrapClassLoader
ClassLoader.loadClass;java.util.Collection;org.dacapo.harness.TestHarness.main;101;jdk.internal.loader.ClassLoaders$AppClassLoader;BootstrapClassLoader
ClassLoader.loadClass;java.util.Collections;com.google.zxing.client.j2se.DecoderConfig.buildHints;123;org.dacapo.harness.DacapoClassLoader;BootstrapClassLoader
ClassLoader.loadClass;java.util.Collections;jdk.nio.zipfs.ZipFileSystem.<init>;1133;jdk.internal.loader.ClassLoaders$PlatformClassLoader;BootstrapClassLoader
ClassLoader.loadClass;java.util.Collections;org.apache.commons.cli.Options.getRequiredOptions;269;jdk.internal.loader.ClassLoaders$AppClassLoader;BootstrapClassLoader
ClassLoader.loadClass;java.util.Comparator;com.beust.jcommander.JCommander.<init>;223;org.dacapo.harness.DacapoClassLoader;BootstrapClassLoader
ClassLoader.loadClass;java.util.Date;com.beust.jcommander.internal.DefaultConverterFactory.<clinit>;66;org.dacapo.harness.DacapoClassLoader;BootstrapClassLoader
ClassLoader.loadClass;java.util.EnumMap;com.google.zxing.client.j2se.DecoderConfig.buildHints;115;org.dacapo.harness.DacapoClassLoader;BootstrapClassLoader
ClassLoader.loadClass;java.util.GregorianCalendar;javax.xml.bind.DatatypeConverter.initConverter;155;jdk.internal.loader.ClassLoaders$AppClassLoader;BootstrapClassLoader
ClassLoader.loadClass;java.util.HashMap;com.beust.jcommander.internal.Maps.newHashMap;28;org.dacapo.harness.DacapoClassLoader;BootstrapClassLoader
ClassLoader.loadClass;java.util.HashMap;jdk.nio.zipfs.ZipFileSystemProvider.<init>;55;jdk.internal.loader.ClassLoaders$PlatformClassLoader;BootstrapClassLoader
ClassLoader.loadClass;java.util.HashMap;org.dacapo.parser.Config.<init>;255;jdk.internal.loader.ClassLoaders$AppClassLoader;BootstrapClassLoader
ClassLoader.loadClass;java.util.HashSet;com.google.zxing.datamatrix.decoder.DecodedBitStreamParser.decode;96;org.dacapo.harness.DacapoClassLoader;BootstrapClassLoader
ClassLoader.loadClass;java.util.HashSet;jdk.nio.zipfs.ZipFileSystem.<init>;1132;jdk.internal.loader.ClassLoaders$PlatformClassLoader;BootstrapClassLoader
ClassLoader.loadClass;java.util.HashSet;org.apache.commons.cli.Options.getOptionGroups;251;jdk.internal.loader.ClassLoaders$AppClassLoader;BootstrapClassLoader
ClassLoader.loadClass;java.util.Iterator;com.beust.jcommander.JCommander.createDescriptions;600;org.dacapo.harness.DacapoClassLoader;BootstrapClassLoader
ClassLoader.loadClass;java.util.Iterator;jdk.nio.zipfs.ZipFileSystem.<init>;176;jdk.internal.loader.ClassLoaders$PlatformClassLoader;BootstrapClassLoader
ClassLoader.loadClass;java.util.Iterator;org.apache.commons.cli.Parser.parse;136;jdk.internal.loader.ClassLoaders$AppClassLoader;BootstrapClassLoader
ClassLoader.loadClass;java.util.LinkedHashMap;com.beust.jcommander.internal.Maps.newLinkedHashMap;32;org.dacapo.harness.DacapoClassLoader;BootstrapClassLoader
ClassLoader.loadClass;java.util.LinkedHashMap;jdk.nio.zipfs.ZipFileSystem.initCEN;1557;jdk.internal.loader.ClassLoaders$PlatformClassLoader;BootstrapClassLoader
ClassLoader.loadClass;java.util.LinkedHashMap;org.apache.commons.cli.Options.<init>;44;jdk.internal.loader.ClassLoaders$AppClassLoader;BootstrapClassLoader
ClassLoader.loadClass;java.util.LinkedHashSet;com.beust.jcommander.internal.Sets.newLinkedHashSet;32;org.dacapo.harness.DacapoClassLoader;BootstrapClassLoader
ClassLoader.loadClass;java.util.LinkedList;org.apache.commons.cli.CommandLine.<init>;81;jdk.internal.loader.ClassLoaders$AppClassLoader;BootstrapClassLoader
ClassLoader.loadClass;java.util.List;java.lang.Class.forName0;;org.dacapo.harness.DacapoClassLoader;BootstrapClassLoader
ClassLoader.loadClass;java.util.List;jdk.nio.zipfs.ZipFileSystemProvider.getZipFileSystem;125;jdk.internal.loader.ClassLoaders$PlatformClassLoader;BootstrapClassLoader
ClassLoader.loadClass;java.util.List;org.dacapo.harness.TestHarness.main;101;jdk.internal.loader.ClassLoaders$AppClassLoader;BootstrapClassLoader
ClassLoader.loadClass;java.util.ListIterator;org.apache.commons.cli.Parser.parse;161;jdk.internal.loader.ClassLoaders$AppClassLoader;BootstrapClassLoader
ClassLoader.loadClass;java.util.ListResourceBundle;java.lang.ClassLoader.defineClass2;;jdk.internal.loader.ClassLoaders$PlatformClassLoader;BootstrapClassLoader
ClassLoader.loadClass;java.util.Locale;java.lang.Class.getDeclaredMethods0;;jdk.internal.loader.ClassLoaders$PlatformClassLoader;BootstrapClassLoader
ClassLoader.loadClass;java.util.Locale;org.dacapo.harness.TestHarness.main;80;jdk.internal.loader.ClassLoaders$AppClassLoader;BootstrapClassLoader
ClassLoader.loadClass;java.util.Map$Entry;com.beust.jcommander.JCommander.getPrefixDescriptionFor;530;org.dacapo.harness.DacapoClassLoader;BootstrapClassLoader
ClassLoader.loadClass;java.util.Map;com.google.zxing.client.j2se.CommandLineRunner.main;51;org.dacapo.harness.DacapoClassLoader;BootstrapClassLoader
ClassLoader.loadClass;java.util.Map;java.lang.Class.getDeclaredMethods0;;jdk.internal.loader.ClassLoaders$PlatformClassLoader;BootstrapClassLoader
ClassLoader.loadClass;java.util.Map;org.dacapo.harness.CommandLineArgs.<clinit>;145;jdk.internal.loader.ClassLoaders$AppClassLoader;BootstrapClassLoader
ClassLoader.loadClass;java.util.NoSuchElementException;jdk.nio.zipfs.ZipDirectoryStream.iterator;74;jdk.internal.loader.ClassLoaders$PlatformClassLoader;BootstrapClassLoader
ClassLoader.loadClass;java.util.Objects;com.google.zxing.oned.rss.expanded.ExpandedPair.equals;80;org.dacapo.harness.DacapoClassLoader;BootstrapClassLoader
ClassLoader.loadClass;java.util.Objects;jdk.nio.zipfs.ZipFileSystem.getInode;1892;jdk.internal.loader.ClassLoaders$PlatformClassLoader;BootstrapClassLoader
ClassLoader.loadClass;java.util.Properties;org.dacapo.harness.Data.getLocation;58;jdk.internal.loader.ClassLoaders$AppClassLoader;BootstrapClassLoader
ClassLoader.loadClass;java.util.Queue;java.lang.Class.forName0;;org.dacapo.harness.DacapoClassLoader;BootstrapClassLoader
ClassLoader.loadClass;java.util.ResourceBundle;java.lang.Class.getDeclaredMethods0;;jdk.internal.loader.ClassLoaders$PlatformClassLoader;BootstrapClassLoader
ClassLoader.loadClass;java.util.Set;com.beust.jcommander.Parameterized.describeClassTree;84;org.dacapo.harness.DacapoClassLoader;BootstrapClassLoader
ClassLoader.loadClass;java.util.Set;java.lang.Class.getDeclaredMethods0;;jdk.internal.loader.ClassLoaders$PlatformClassLoader;BootstrapClassLoader
ClassLoader.loadClass;java.util.Set;org.dacapo.harness.TestHarness.main;108;jdk.internal.loader.ClassLoaders$AppClassLoader;BootstrapClassLoader
ClassLoader.loadClass;java.util.TreeMap;org.dacapo.harness.DacapoClassLoader.sortURLs;38;jdk.internal.loader.ClassLoaders$AppClassLoader;BootstrapClassLoader
ClassLoader.loadClass;java.util.Vector;org.dacapo.parser.ConfigFile.sizeClause;161;jdk.internal.loader.ClassLoaders$AppClassLoader;BootstrapClassLoader
ClassLoader.loadClass;java.util.concurrent.Callable;java.lang.Class.forName0;;org.dacapo.harness.DacapoClassLoader;BootstrapClassLoader
ClassLoader.loadClass;java.util.concurrent.ConcurrentLinkedQueue;com.google.zxing.client.j2se.CommandLineRunner.main;85;org.dacapo.harness.DacapoClassLoader;BootstrapClassLoader
ClassLoader.loadClass;java.util.concurrent.CopyOnWriteArrayList;com.beust.jcommander.JCommander$Options.<init>;205;org.dacapo.harness.DacapoClassLoader;BootstrapClassLoader
ClassLoader.loadClass;java.util.concurrent.ExecutorService;com.google.zxing.client.j2se.CommandLineRunner.main;93;org.dacapo.harness.DacapoClassLoader;BootstrapClassLoader
ClassLoader.loadClass;java.util.concurrent.ExecutorService;java.lang.Class.getDeclaredMethods0;;jdk.internal.loader.ClassLoaders$PlatformClassLoader;BootstrapClassLoader
ClassLoader.loadClass;java.util.concurrent.Executors;com.google.zxing.client.j2se.CommandLineRunner.main;90;org.dacapo.harness.DacapoClassLoader;BootstrapClassLoader
ClassLoader.loadClass;java.util.concurrent.Future;com.google.zxing.client.j2se.CommandLineRunner.main;96;org.dacapo.harness.DacapoClassLoader;BootstrapClassLoader
ClassLoader.loadClass;java.util.concurrent.TimeUnit;jdk.nio.zipfs.ZipUtils.dosToJavaTime;217;jdk.internal.loader.ClassLoaders$PlatformClassLoader;BootstrapClassLoader
ClassLoader.loadClass;java.util.concurrent.atomic.AtomicInteger;org.dacapo.harness.LatencyReporter.<clinit>;47;jdk.internal.loader.ClassLoaders$AppClassLoader;BootstrapClassLoader
ClassLoader.loadClass;java.util.concurrent.locks.Lock;jdk.nio.zipfs.ZipFileSystem.beginWrite;1186;jdk.internal.loader.ClassLoaders$PlatformClassLoader;BootstrapClassLoader
ClassLoader.loadClass;java.util.concurrent.locks.ReadWriteLock;jdk.nio.zipfs.ZipFileSystemProvider.getZipFileSystem;125;jdk.internal.loader.ClassLoaders$PlatformClassLoader;BootstrapClassLoader
ClassLoader.loadClass;java.util.concurrent.locks.ReentrantReadWriteLock;jdk.nio.zipfs.ZipFileSystem.<init>;1209;jdk.internal.loader.ClassLoaders$PlatformClassLoader;BootstrapClassLoader
ClassLoader.loadClass;java.util.function.BinaryOperator;org.dacapo.harness.Benchmark.getDeps;386;jdk.internal.loader.ClassLoaders$AppClassLoader;BootstrapClassLoader
ClassLoader.loadClass;java.util.function.Function;jdk.nio.zipfs.ZipFileSystem.<init>;132;jdk.internal.loader.ClassLoaders$PlatformClassLoader;BootstrapClassLoader
ClassLoader.loadClass;java.util.function.Function;org.dacapo.harness.CommandLineArgs.extractBenchmarkSet;291;jdk.internal.loader.ClassLoaders$AppClassLoader;BootstrapClassLoader
ClassLoader.loadClass;java.util.function.Predicate;org.dacapo.harness.CommandLineArgs.extractBenchmarkSet;292;jdk.internal.loader.ClassLoaders$AppClassLoader;BootstrapClassLoader
ClassLoader.loadClass;java.util.jar.Attributes$Name;org.dacapo.harness.TestHarness.getManifestAttribute;288;jdk.internal.loader.ClassLoaders$AppClassLoader;BootstrapClassLoader
ClassLoader.loadClass;java.util.jar.Attributes;org.dacapo.harness.TestHarness.getManifestAttribute;288;jdk.internal.loader.ClassLoaders$AppClassLoader;BootstrapClassLoader
ClassLoader.loadClass;java.util.jar.Manifest;org.dacapo.harness.TestHarness.getManifestAttribute;287;jdk.internal.loader.ClassLoaders$AppClassLoader;BootstrapClassLoader
ClassLoader.loadClass;java.util.regex.PatternSyntaxException;jdk.nio.zipfs.ZipFileSystem$Entry.readCEN;2798;jdk.internal.loader.ClassLoaders$PlatformClassLoader;BootstrapClassLoader
ClassLoader.loadClass;java.util.stream.Collectors;org.dacapo.harness.CommandLineArgs.extractBenchmarkSet;295;jdk.internal.loader.ClassLoaders$AppClassLoader;BootstrapClassLoader
ClassLoader.loadClass;java.util.stream.Stream;org.dacapo.harness.CommandLineArgs.extractBenchmarkSet;292;jdk.internal.loader.ClassLoaders$AppClassLoader;BootstrapClassLoader
ClassLoader.loadClass;java.util.zip.DeflaterOutputStream;java.lang.ClassLoader.defineClass2;;jdk.internal.loader.ClassLoaders$PlatformClassLoader;BootstrapClassLoader
ClassLoader.loadClass;java.util.zip.InflaterInputStream;java.lang.ClassLoader.defineClass2;;jdk.internal.loader.ClassLoaders$PlatformClassLoader;BootstrapClassLoader
ClassLoader.loadClass;java.util.zip.ZipException;java.lang.Class.getDeclaredMethods0;;jdk.internal.loader.ClassLoaders$PlatformClassLoader;BootstrapClassLoader
ClassLoader.loadClass;java.util.zip.ZipInputStream;org.dacapo.harness.TestHarness.main;108;jdk.internal.loader.ClassLoaders$AppClassLoader;BootstrapClassLoader
ClassLoader.loadClass;javax.imageio.IIOException;com.github.jaiimageio.impl.plugins.wbmp.WBMPImageReaderSpi.onRegistration;96;org.dacapo.harness.DacapoClassLoader;BootstrapClassLoader
ClassLoader.loadClass;javax.imageio.ImageIO;com.google.zxing.client.j2se.ImageReader.readImage;44;org.dacapo.harness.DacapoClassLoader;BootstrapClassLoader
ClassLoader.loadClass;javax.imageio.ImageReader;java.lang.Class.getDeclaredConstructors0;;org.dacapo.harness.DacapoClassLoader;BootstrapClassLoader
ClassLoader.loadClass;javax.imageio.ImageWriter;java.lang.Class.getDeclaredConstructors0;;org.dacapo.harness.DacapoClassLoader;BootstrapClassLoader
ClassLoader.loadClass;javax.imageio.spi.ImageInputStreamSpi;java.lang.ClassLoader.defineClass1;;org.dacapo.harness.DacapoClassLoader;BootstrapClassLoader
ClassLoader.loadClass;javax.imageio.spi.ImageOutputStreamSpi;java.lang.ClassLoader.defineClass1;;org.dacapo.harness.DacapoClassLoader;BootstrapClassLoader
ClassLoader.loadClass;javax.imageio.spi.ImageReaderSpi;java.lang.ClassLoader.defineClass1;;org.dacapo.harness.DacapoClassLoader;BootstrapClassLoader
ClassLoader.loadClass;javax.imageio.spi.ImageReaderWriterSpi;java.lang.Class.getDeclaredConstructors0;;org.dacapo.harness.DacapoClassLoader;BootstrapClassLoader
ClassLoader.loadClass;javax.imageio.spi.ImageWriterSpi;java.lang.ClassLoader.defineClass1;;org.dacapo.harness.DacapoClassLoader;BootstrapClassLoader
ClassLoader.loadClass;javax.imageio.stream.ImageInputStream;java.lang.Class.getDeclaredConstructors0;;org.dacapo.harness.DacapoClassLoader;BootstrapClassLoader
ClassLoader.loadClass;javax.imageio.stream.ImageOutputStream;java.lang.Class.getDeclaredConstructors0;;org.dacapo.harness.DacapoClassLoader;BootstrapClassLoader
ClassLoader.loadClass;javax.xml.bind.DatatypeConverter;org.dacapo.harness.Benchmark.getMD5;409;jdk.internal.loader.ClassLoaders$AppClassLoader;jdk.internal.loader.ClassLoaders$AppClassLoader
ClassLoader.loadClass;javax.xml.bind.DatatypeConverterImpl;javax.xml.bind.DatatypeConverter.initConverter;155;jdk.internal.loader.ClassLoaders$AppClassLoader;jdk.internal.loader.ClassLoaders$AppClassLoader
ClassLoader.loadClass;javax.xml.bind.DatatypeConverterInterface;org.dacapo.harness.Benchmark.getMD5;409;jdk.internal.loader.ClassLoaders$AppClassLoader;jdk.internal.loader.ClassLoaders$AppClassLoader
ClassLoader.loadClass;javax.xml.bind.JAXBPermission;org.dacapo.harness.Benchmark.getMD5;409;jdk.internal.loader.ClassLoaders$AppClassLoader;jdk.internal.loader.ClassLoaders$AppClassLoader
ClassLoader.loadClass;javax.xml.datatype.DatatypeConfigurationException;javax.xml.bind.DatatypeConverter.initConverter;155;jdk.internal.loader.ClassLoaders$AppClassLoader;BootstrapClassLoader
ClassLoader.loadClass;javax.xml.datatype.DatatypeFactory;javax.xml.bind.DatatypeConverterImpl.<clinit>;905;jdk.internal.loader.ClassLoaders$AppClassLoader;BootstrapClassLoader
ClassLoader.loadClass;jdk.internal.jrtfs.JrtFileSystemProvider;java.lang.Class.forName0;;jdk.internal.loader.ClassLoaders$AppClassLoader;BootstrapClassLoader
ClassLoader.loadClass;jdk.nio.zipfs.ZipCoder$UTF8;jdk.nio.zipfs.ZipFileSystem.<init>;175;jdk.internal.loader.ClassLoaders$PlatformClassLoader;jdk.internal.loader.ClassLoaders$PlatformClassLoader
ClassLoader.loadClass;jdk.nio.zipfs.ZipCoder;jdk.nio.zipfs.ZipFileSystem.<init>;175;jdk.internal.loader.ClassLoaders$PlatformClassLoader;jdk.internal.loader.ClassLoaders$PlatformClassLoader
ClassLoader.loadClass;jdk.nio.zipfs.ZipConstants;jdk.nio.zipfs.ZipFileSystem.findEND;1276;jdk.internal.loader.ClassLoaders$PlatformClassLoader;jdk.internal.loader.ClassLoaders$PlatformClassLoader
ClassLoader.loadClass;jdk.nio.zipfs.ZipDirectoryStream$1;jdk.nio.zipfs.ZipDirectoryStream.iterator;74;jdk.internal.loader.ClassLoaders$PlatformClassLoader;jdk.internal.loader.ClassLoaders$PlatformClassLoader
ClassLoader.loadClass;jdk.nio.zipfs.ZipDirectoryStream;jdk.nio.zipfs.ZipPath.newDirectoryStream;755;jdk.internal.loader.ClassLoaders$PlatformClassLoader;jdk.internal.loader.ClassLoaders$PlatformClassLoader
ClassLoader.loadClass;jdk.nio.zipfs.ZipFileAttributeView;jdk.nio.zipfs.ZipFileSystem.<init>;176;jdk.internal.loader.ClassLoaders$PlatformClassLoader;jdk.internal.loader.ClassLoaders$PlatformClassLoader
ClassLoader.loadClass;jdk.nio.zipfs.ZipFileAttributes;java.lang.ClassLoader.defineClass2;;jdk.internal.loader.ClassLoaders$PlatformClassLoader;jdk.internal.loader.ClassLoaders$PlatformClassLoader
ClassLoader.loadClass;jdk.nio.zipfs.ZipFileStore;jdk.nio.zipfs.ZipFileSystemProvider.getZipFileSystem;125;jdk.internal.loader.ClassLoaders$PlatformClassLoader;jdk.internal.loader.ClassLoaders$PlatformClassLoader
ClassLoader.loadClass;jdk.nio.zipfs.ZipFileSystem$1;jdk.nio.zipfs.ZipFileSystemProvider.getZipFileSystem;125;jdk.internal.loader.ClassLoaders$PlatformClassLoader;jdk.internal.loader.ClassLoaders$PlatformClassLoader
ClassLoader.loadClass;jdk.nio.zipfs.ZipFileSystem$2;jdk.nio.zipfs.ZipFileSystemProvider.getZipFileSystem;125;jdk.internal.loader.ClassLoaders$PlatformClassLoader;jdk.internal.loader.ClassLoaders$PlatformClassLoader
ClassLoader.loadClass;jdk.nio.zipfs.ZipFileSystem$DeflatingEntryOutputStream;jdk.nio.zipfs.ZipFileSystemProvider.getZipFileSystem;125;jdk.internal.loader.ClassLoaders$PlatformClassLoader;jdk.internal.loader.ClassLoaders$PlatformClassLoader
ClassLoader.loadClass;jdk.nio.zipfs.ZipFileSystem$END;jdk.nio.zipfs.ZipFileSystem.findEND;1279;jdk.internal.loader.ClassLoaders$PlatformClassLoader;jdk.internal.loader.ClassLoaders$PlatformClassLoader
ClassLoader.loadClass;jdk.nio.zipfs.ZipFileSystem$Entry;jdk.nio.zipfs.ZipFileSystemProvider.getZipFileSystem;125;jdk.internal.loader.ClassLoaders$PlatformClassLoader;jdk.internal.loader.ClassLoaders$PlatformClassLoader
ClassLoader.loadClass;jdk.nio.zipfs.ZipFileSystem$EntryInputStream;jdk.nio.zipfs.ZipFileSystemProvider.getZipFileSystem;125;jdk.internal.loader.ClassLoaders$PlatformClassLoader;jdk.internal.loader.ClassLoaders$PlatformClassLoader
ClassLoader.loadClass;jdk.nio.zipfs.ZipFileSystem$EntryOutputStream;jdk.nio.zipfs.ZipFileSystemProvider.getZipFileSystem;125;jdk.internal.loader.ClassLoaders$PlatformClassLoader;jdk.internal.loader.ClassLoaders$PlatformClassLoader
ClassLoader.loadClass;jdk.nio.zipfs.ZipFileSystem$EntryOutputStreamCRC32;jdk.nio.zipfs.ZipFileSystemProvider.getZipFileSystem;125;jdk.internal.loader.ClassLoaders$PlatformClassLoader;jdk.internal.loader.ClassLoaders$PlatformClassLoader
ClassLoader.loadClass;jdk.nio.zipfs.ZipFileSystem$EntryOutputStreamDef;jdk.nio.zipfs.ZipFileSystemProvider.getZipFileSystem;125;jdk.internal.loader.ClassLoaders$PlatformClassLoader;jdk.internal.loader.ClassLoaders$PlatformClassLoader
ClassLoader.loadClass;jdk.nio.zipfs.ZipFileSystem$FileRolloverOutputStream;jdk.nio.zipfs.ZipFileSystemProvider.getZipFileSystem;125;jdk.internal.loader.ClassLoaders$PlatformClassLoader;jdk.internal.loader.ClassLoaders$PlatformClassLoader
ClassLoader.loadClass;jdk.nio.zipfs.ZipFileSystem$IndexNode;jdk.nio.zipfs.ZipFileSystemProvider.getZipFileSystem;125;jdk.internal.loader.ClassLoaders$PlatformClassLoader;jdk.internal.loader.ClassLoaders$PlatformClassLoader
ClassLoader.loadClass;jdk.nio.zipfs.ZipFileSystem$ParentLookup;jdk.nio.zipfs.ZipFileSystem.makeParentDirs;1325;jdk.internal.loader.ClassLoaders$PlatformClassLoader;jdk.internal.loader.ClassLoaders$PlatformClassLoader
ClassLoader.loadClass;jdk.nio.zipfs.ZipFileSystem$PosixEntry;jdk.nio.zipfs.ZipFileSystemProvider.getZipFileSystem;125;jdk.internal.loader.ClassLoaders$PlatformClassLoader;jdk.internal.loader.ClassLoaders$PlatformClassLoader
ClassLoader.loadClass;jdk.nio.zipfs.ZipFileSystem;java.lang.Class.getDeclaredMethods0;;jdk.internal.loader.ClassLoaders$PlatformClassLoader;jdk.internal.loader.ClassLoaders$PlatformClassLoader
ClassLoader.loadClass;jdk.nio.zipfs.ZipPath;jdk.nio.zipfs.ZipFileSystem.<init>;176;jdk.internal.loader.ClassLoaders$PlatformClassLoader;jdk.internal.loader.ClassLoaders$PlatformClassLoader
ClassLoader.loadClass;jdk.nio.zipfs.ZipPosixFileAttributeView;jdk.nio.zipfs.ZipFileSystem.<init>;176;jdk.internal.loader.ClassLoaders$PlatformClassLoader;jdk.internal.loader.ClassLoaders$PlatformClassLoader
ClassLoader.loadClass;jdk.nio.zipfs.ZipUtils;jdk.nio.zipfs.ZipFileSystem$Entry.readCEN;2798;jdk.internal.loader.ClassLoaders$PlatformClassLoader;jdk.internal.loader.ClassLoaders$PlatformClassLoader
ClassLoader.loadClass;org.HdrHistogram.AbstractHistogram;java.lang.ClassLoader.defineClass1;;jdk.internal.loader.ClassLoaders$AppClassLoader;jdk.internal.loader.ClassLoaders$AppClassLoader
ClassLoader.loadClass;org.HdrHistogram.AbstractHistogramBase;java.lang.ClassLoader.defineClass1;;jdk.internal.loader.ClassLoaders$AppClassLoader;jdk.internal.loader.ClassLoaders$AppClassLoader
ClassLoader.loadClass;org.HdrHistogram.EncodableHistogram;org.dacapo.harness.Benchmark.run;272;jdk.internal.loader.ClassLoaders$AppClassLoader;jdk.internal.loader.ClassLoaders$AppClassLoader
ClassLoader.loadClass;org.HdrHistogram.Histogram;org.dacapo.harness.Benchmark.run;272;jdk.internal.loader.ClassLoaders$AppClassLoader;jdk.internal.loader.ClassLoaders$AppClassLoader
ClassLoader.loadClass;org.HdrHistogram.ValueRecorder;java.lang.ClassLoader.defineClass1;;jdk.internal.loader.ClassLoaders$AppClassLoader;jdk.internal.loader.ClassLoaders$AppClassLoader
ClassLoader.loadClass;org.apache.commons.cli.AmbiguousOptionException;org.dacapo.harness.CommandLineArgs.<clinit>;144;jdk.internal.loader.ClassLoaders$AppClassLoader;jdk.internal.loader.ClassLoaders$AppClassLoader
ClassLoader.loadClass;org.apache.commons.cli.CommandLine;org.apache.commons.cli.Parser.parse;148;jdk.internal.loader.ClassLoaders$AppClassLoader;jdk.internal.loader.ClassLoaders$AppClassLoader
ClassLoader.loadClass;org.apache.commons.cli.CommandLineParser;org.dacapo.harness.TestHarness.main;101;jdk.internal.loader.ClassLoaders$AppClassLoader;jdk.internal.loader.ClassLoaders$AppClassLoader
ClassLoader.loadClass;org.apache.commons.cli.MissingArgumentException;org.dacapo.harness.CommandLineArgs.<clinit>;144;jdk.internal.loader.ClassLoaders$AppClassLoader;jdk.internal.loader.ClassLoaders$AppClassLoader
ClassLoader.loadClass;org.apache.commons.cli.MissingOptionException;org.dacapo.harness.CommandLineArgs.<clinit>;144;jdk.internal.loader.ClassLoaders$AppClassLoader;jdk.internal.loader.ClassLoaders$AppClassLoader
ClassLoader.loadClass;org.apache.commons.cli.Option;org.dacapo.harness.CommandLineArgs.<clinit>;110;jdk.internal.loader.ClassLoaders$AppClassLoader;jdk.internal.loader.ClassLoaders$AppClassLoader
ClassLoader.loadClass;org.apache.commons.cli.OptionValidator;org.apache.commons.cli.Option.<init>;387;jdk.internal.loader.ClassLoaders$AppClassLoader;jdk.internal.loader.ClassLoaders$AppClassLoader
ClassLoader.loadClass;org.apache.commons.cli.Options;org.dacapo.harness.CommandLineArgs.<clinit>;145;jdk.internal.loader.ClassLoaders$AppClassLoader;jdk.internal.loader.ClassLoaders$AppClassLoader
ClassLoader.loadClass;org.apache.commons.cli.ParseException;org.dacapo.harness.TestHarness.main;101;jdk.internal.loader.ClassLoaders$AppClassLoader;jdk.internal.loader.ClassLoaders$AppClassLoader
ClassLoader.loadClass;org.apache.commons.cli.Parser;java.lang.ClassLoader.defineClass1;;jdk.internal.loader.ClassLoaders$AppClassLoader;jdk.internal.loader.ClassLoaders$AppClassLoader
ClassLoader.loadClass;org.apache.commons.cli.PosixParser;org.dacapo.harness.CommandLineArgs.<clinit>;144;jdk.internal.loader.ClassLoaders$AppClassLoader;jdk.internal.loader.ClassLoaders$AppClassLoader
ClassLoader.loadClass;org.apache.commons.cli.UnrecognizedOptionException;org.dacapo.harness.CommandLineArgs.<clinit>;144;jdk.internal.loader.ClassLoaders$AppClassLoader;jdk.internal.loader.ClassLoaders$AppClassLoader
ClassLoader.loadClass;org.apache.commons.cli.Util;org.apache.commons.cli.PosixParser.flatten;179;jdk.internal.loader.ClassLoaders$AppClassLoader;jdk.internal.loader.ClassLoaders$AppClassLoader
ClassLoader.loadClass;org.dacapo.harness.Benchmark;org.dacapo.harness.TestHarness.main;108;jdk.internal.loader.ClassLoaders$AppClassLoader;jdk.internal.loader.ClassLoaders$AppClassLoader
ClassLoader.loadClass;org.dacapo.harness.Callback$1;org.dacapo.harness.Callback.init;80;jdk.internal.loader.ClassLoaders$AppClassLoader;jdk.internal.loader.ClassLoaders$AppClassLoader
ClassLoader.loadClass;org.dacapo.harness.Callback$Mode;org.dacapo.harness.Callback.init;83;jdk.internal.loader.ClassLoaders$AppClassLoader;jdk.internal.loader.ClassLoaders$AppClassLoader
ClassLoader.loadClass;org.dacapo.harness.Callback;org.dacapo.harness.CommandLineArgs.defineCallback;460;jdk.internal.loader.ClassLoaders$AppClassLoader;jdk.internal.loader.ClassLoaders$AppClassLoader
ClassLoader.loadClass;org.dacapo.harness.CommandLineArgs$Methodology;org.dacapo.harness.CommandLineArgs.getMethodology;311;jdk.internal.loader.ClassLoaders$AppClassLoader;jdk.internal.loader.ClassLoaders$AppClassLoader
ClassLoader.loadClass;org.dacapo.harness.CommandLineArgs;org.dacapo.harness.TestHarness.main;101;jdk.internal.loader.ClassLoaders$AppClassLoader;jdk.internal.loader.ClassLoaders$AppClassLoader
ClassLoader.loadClass;org.dacapo.harness.DacapoClassLoader;org.dacapo.harness.TestHarness.main;108;jdk.internal.loader.ClassLoaders$AppClassLoader;jdk.internal.loader.ClassLoaders$AppClassLoader
ClassLoader.loadClass;org.dacapo.harness.DacapoException;org.dacapo.harness.TestHarness.main;108;jdk.internal.loader.ClassLoaders$AppClassLoader;jdk.internal.loader.ClassLoaders$AppClassLoader
ClassLoader.loadClass;org.dacapo.harness.Data;org.dacapo.harness.TestHarness.main;105;jdk.internal.loader.ClassLoaders$AppClassLoader;jdk.internal.loader.ClassLoaders$AppClassLoader
ClassLoader.loadClass;org.dacapo.harness.Digest;org.dacapo.harness.FileDigest.getText;84;jdk.internal.loader.ClassLoaders$AppClassLoader;jdk.internal.loader.ClassLoaders$AppClassLoader
ClassLoader.loadClass;org.dacapo.harness.FileDigest;org.dacapo.harness.Benchmark.validate;640;jdk.internal.loader.ClassLoaders$AppClassLoader;jdk.internal.loader.ClassLoaders$AppClassLoader
ClassLoader.loadClass;org.dacapo.harness.LatencyReporter;org.dacapo.harness.Benchmark.run;272;jdk.internal.loader.ClassLoaders$AppClassLoader;jdk.internal.loader.ClassLoaders$AppClassLoader
ClassLoader.loadClass;org.dacapo.harness.TeeOutputStream;org.dacapo.harness.Benchmark.initialize;316;jdk.internal.loader.ClassLoaders$AppClassLoader;jdk.internal.loader.ClassLoaders$AppClassLoader
ClassLoader.loadClass;org.dacapo.harness.TeePrintStream;org.dacapo.harness.TestHarness.main;108;jdk.internal.loader.ClassLoaders$AppClassLoader;jdk.internal.loader.ClassLoaders$AppClassLoader
ClassLoader.loadClass;org.dacapo.harness.TestHarness;Harness.main;35;java.net.FactoryURLClassLoader;jdk.internal.loader.ClassLoaders$AppClassLoader
ClassLoader.loadClass;org.dacapo.harness.Zxing;java.lang.Class.forName0;;jdk.internal.loader.ClassLoaders$AppClassLoader;jdk.internal.loader.ClassLoaders$AppClassLoader
ClassLoader.loadClass;org.dacapo.parser.Config$1;org.dacapo.parser.Config.getThreadCount;736;jdk.internal.loader.ClassLoaders$AppClassLoader;jdk.internal.loader.ClassLoaders$AppClassLoader
ClassLoader.loadClass;org.dacapo.parser.Config$OutputFile;org.dacapo.parser.Config$Size.addOutputFile;133;jdk.internal.loader.ClassLoaders$AppClassLoader;jdk.internal.loader.ClassLoaders$AppClassLoader
ClassLoader.loadClass;org.dacapo.parser.Config$Size;org.dacapo.parser.Config.addSize;327;jdk.internal.loader.ClassLoaders$AppClassLoader;jdk.internal.loader.ClassLoaders$AppClassLoader
ClassLoader.loadClass;org.dacapo.parser.Config$ThreadModel;org.dacapo.parser.ConfigFile.threadModel;387;jdk.internal.loader.ClassLoaders$AppClassLoader;jdk.internal.loader.ClassLoaders$AppClassLoader
ClassLoader.loadClass;org.dacapo.parser.Config;org.dacapo.harness.TestHarness.main;110;jdk.internal.loader.ClassLoaders$AppClassLoader;jdk.internal.loader.ClassLoaders$AppClassLoader
ClassLoader.loadClass;org.dacapo.parser.ConfigFile;org.dacapo.parser.Config.parse;213;jdk.internal.loader.ClassLoaders$AppClassLoader;jdk.internal.loader.ClassLoaders$AppClassLoader
ClassLoader.loadClass;org.dacapo.parser.ConfigFileConstants;java.lang.ClassLoader.defineClass1;;jdk.internal.loader.ClassLoaders$AppClassLoader;jdk.internal.loader.ClassLoaders$AppClassLoader
ClassLoader.loadClass;org.dacapo.parser.ConfigFileTokenManager;org.dacapo.parser.ConfigFile.<init>;531;jdk.internal.loader.ClassLoaders$AppClassLoader;jdk.internal.loader.ClassLoaders$AppClassLoader
ClassLoader.loadClass;org.dacapo.parser.ParseException;org.dacapo.harness.TestHarness.main;110;jdk.internal.loader.ClassLoaders$AppClassLoader;jdk.internal.loader.ClassLoaders$AppClassLoader
ClassLoader.loadClass;org.dacapo.parser.SimpleCharStream;org.dacapo.parser.ConfigFile.<init>;530;jdk.internal.loader.ClassLoaders$AppClassLoader;jdk.internal.loader.ClassLoaders$AppClassLoader
ClassLoader.loadClass;org.dacapo.parser.Token;org.dacapo.parser.ConfigFile.<init>;532;jdk.internal.loader.ClassLoaders$AppClassLoader;jdk.internal.loader.ClassLoaders$AppClassLoader
ClassLoader.loadClass;org.dacapo.parser.TokenMgrError;org.dacapo.parser.ConfigFile.<init>;531;jdk.internal.loader.ClassLoaders$AppClassLoader;jdk.internal.loader.ClassLoaders$AppClassLoader
ClassLoader.loadClass;sun.util.locale.provider.LocaleDataMetaInfo;java.lang.ClassLoader.defineClass2;;jdk.internal.loader.ClassLoaders$PlatformClassLoader;BootstrapClassLoader
ClassLoader.loadClass;sun.util.locale.provider.LocaleProviderAdapter$Type;java.lang.Class.getDeclaredMethods0;;jdk.internal.loader.ClassLoaders$PlatformClassLoader;BootstrapClassLoader
ClassLoader.loadClass;sun.util.resources.LocaleData$CommonResourceBundleProvider;java.lang.ClassLoader.defineClass2;;jdk.internal.loader.ClassLoaders$PlatformClassLoader;BootstrapClassLoader
